2026-06-11T20:05:48.332014031Z [INFO] eToro-Momentum-LS.TradingNode: =================================================================
2026-06-11T20:05:48.332021124Z [INFO] eToro-Momentum-LS.TradingNode:  NAUTILUS TRADER - Automated Algorithmic Trading Platform
2026-06-11T20:05:48.332021806Z [INFO] eToro-Momentum-LS.TradingNode:  by Nautech Systems Pty Ltd.
2026-06-11T20:05:48.332022156Z [INFO] eToro-Momentum-LS.TradingNode:  Copyright (C) 2015-2026. All rights reserved.
2026-06-11T20:05:48.332022397Z [INFO] eToro-Momentum-LS.TradingNode: =================================================================
2026-06-11T20:05:48.332022797Z [INFO] eToro-Momentum-LS.TradingNode: 
2026-06-11T20:05:48.332023118Z [INFO] eToro-Momentum-LS.TradingNode: ⠀⠀⠀⠀⠀⠀⠀⠀⠀⠀⠀⠀⠀⣠⣴⣶⡟⠀⠀⠀⠀⠀⠀⠀⠀⠀⠀⠀⠀⠀⠀
2026-06-11T20:05:48.332023499Z [INFO] eToro-Momentum-LS.TradingNode: ⠀⠀⠀⠀⠀⠀⠀⠀⠀⠀⠀⣰⣾⣿⣿⣿⠀⢸⣿⣿⣿⣿⣶⣶⣤⣀⠀⠀⠀⠀⠀
2026-06-11T20:05:48.332023809Z [INFO] eToro-Momentum-LS.TradingNode: ⠀⠀⠀⠀⠀⠀⢀⣴⡇⢀⣾⣿⣿⣿⣿⣿⠀⣾⣿⣿⣿⣿⣿⣿⣿⠿⠓⠀⠀⠀⠀
2026-06-11T20:05:48.332024160Z [INFO] eToro-Momentum-LS.TradingNode: ⠀⠀⠀⠀⠀⣰⣿⣿⡀⢸⣿⣿⣿⣿⣿⣿⠀⣿⣿⣿⣿⣿⣿⠟⠁⣠⣄⠀⠀⠀⠀
2026-06-11T20:05:48.332024591Z [INFO] eToro-Momentum-LS.TradingNode: ⠀⠀⠀⠀⢠⣿⣿⣿⣇⠀⢿⣿⣿⣿⣿⣿⠀⢻⣿⣿⣿⡿⢃⣠⣾⣿⣿⣧⡀⠀⠀
2026-06-11T20:05:48.332024881Z [INFO] eToro-Momentum-LS.TradingNode: ⠀⠀⠀⠠⣾⣿⣿⣿⣿⣿⣧⠈⠋⢀⣴⣧⠀⣿⡏⢠⡀⢸⣿⣿⣿⣿⣿⣿⣿⡇⠀
2026-06-11T20:05:48.332025492Z [INFO] eToro-Momentum-LS.TradingNode: ⠀⠀⠀⣀⠙⢿⣿⣿⣿⣿⣿⠇⢠⣿⣿⣿⡄⠹⠃⠼⠃⠈⠉⠛⠛⠛⠛⠛⠻⠇⠀
2026-06-11T20:05:48.332025873Z [INFO] eToro-Momentum-LS.TradingNode: ⠀⠀⢸⡟⢠⣤⠉⠛⠿⢿⣿⠀⢸⣿⡿⠋⣠⣤⣄⠀⣾⣿⣿⣶⣶⣶⣦⡄⠀⠀⠀
2026-06-11T20:05:48.332026374Z [INFO] eToro-Momentum-LS.TradingNode: ⠀⠀⠸⠀⣾⠏⣸⣷⠂⣠⣤⠀⠘⢁⣴⣾⣿⣿⣿⡆⠘⣿⣿⣿⣿⣿⣿⠀⠀⠀⠀
2026-06-11T20:05:48.332026594Z [INFO] eToro-Momentum-LS.TradingNode: ⠀⠀⠀⠀⠛⠀⣿⡟⠀⢻⣿⡄⠸⣿⣿⣿⣿⣿⣿⣿⡀⠘⣿⣿⣿⣿⠟⠀⠀⠀⠀
2026-06-11T20:05:48.332026995Z [INFO] eToro-Momentum-LS.TradingNode: ⠀⠀⠀⠀⠀⠀⣿⠇⠀⠀⢻⡿⠀⠈⠻⣿⣿⣿⣿⣿⡇⠀⢹⣿⠿⠋⠀⠀⠀⠀⠀
2026-06-11T20:05:48.332027216Z [INFO] eToro-Momentum-LS.TradingNode: ⠀⠀⠀⠀⠀⠀⠋⠀⠀⠀⡘⠁⠀⠀⠀⠀⠀⠀⠀⠀⠀⠀⠈⠁⠀⠀⠀⠀⠀⠀⠀
2026-06-11T20:05:48.332027536Z [INFO] eToro-Momentum-LS.TradingNode: 
2026-06-11T20:05:48.332027717Z [INFO] eToro-Momentum-LS.TradingNode: =================================================================
2026-06-11T20:05:48.332028147Z [INFO] eToro-Momentum-LS.TradingNode:  SYSTEM SPECIFICATION
2026-06-11T20:05:48.332028378Z [INFO] eToro-Momentum-LS.TradingNode: =================================================================
2026-06-11T20:05:48.332029099Z [INFO] eToro-Momentum-LS.TradingNode: CPU architecture: AMD Ryzen AI 9 HX 370 w/ Radeon 890M
2026-06-11T20:05:48.332029841Z [INFO] eToro-Momentum-LS.TradingNode: CPU(s): 24 @ 5138 MHz
2026-06-11T20:05:48.332030682Z [INFO] eToro-Momentum-LS.TradingNode: OS: kernel-6.17.0-35-generic Linux (Ubuntu 24.04)
2026-06-11T20:05:48.332086597Z [INFO] eToro-Momentum-LS.TradingNode: =================================================================
2026-06-11T20:05:48.332086857Z [INFO] eToro-Momentum-LS.TradingNode:  MEMORY USAGE
2026-06-11T20:05:48.332087087Z [INFO] eToro-Momentum-LS.TradingNode: =================================================================
2026-06-11T20:05:48.332092638Z [INFO] eToro-Momentum-LS.TradingNode: RAM-Total: 28.99 GiB
2026-06-11T20:05:48.332093590Z [INFO] eToro-Momentum-LS.TradingNode: RAM-Used: 2.68 GiB (9.25%)
2026-06-11T20:05:48.332094321Z [INFO] eToro-Momentum-LS.TradingNode: RAM-Avail: 26.31 GiB (90.75%)
2026-06-11T20:05:48.332095283Z [INFO] eToro-Momentum-LS.TradingNode: Swap-Total: 8.00 GiB
2026-06-11T20:05:48.332095854Z [INFO] eToro-Momentum-LS.TradingNode: Swap-Used: 2.91 GiB (36.36%)
2026-06-11T20:05:48.332096505Z [INFO] eToro-Momentum-LS.TradingNode: Swap-Avail: 5.09 GiB (63.64%)
2026-06-11T20:05:48.332100733Z [INFO] eToro-Momentum-LS.TradingNode: =================================================================
2026-06-11T20:05:48.332101194Z [INFO] eToro-Momentum-LS.TradingNode:  IDENTIFIERS
2026-06-11T20:05:48.332101404Z [INFO] eToro-Momentum-LS.TradingNode: =================================================================
2026-06-11T20:05:48.332102436Z [INFO] eToro-Momentum-LS.TradingNode: trader_id: eToro-Momentum-LS
2026-06-11T20:05:48.332102927Z [INFO] eToro-Momentum-LS.TradingNode: machine_id: user-AI-Series
2026-06-11T20:05:48.332104370Z [INFO] eToro-Momentum-LS.TradingNode: instance_id: 9345df2d-863f-4408-a848-5d9ee0825952
2026-06-11T20:05:48.332104901Z [INFO] eToro-Momentum-LS.TradingNode: PID: 56423
2026-06-11T20:05:48.332105552Z [INFO] eToro-Momentum-LS.TradingNode: =================================================================
2026-06-11T20:05:48.332105782Z [INFO] eToro-Momentum-LS.TradingNode:  VERSIONING
2026-06-11T20:05:48.332106023Z [INFO] eToro-Momentum-LS.TradingNode: =================================================================
2026-06-11T20:05:48.332343807Z [INFO] eToro-Momentum-LS.TradingNode: nautilus_trader: 1.227.0
2026-06-11T20:05:48.332350399Z [INFO] eToro-Momentum-LS.TradingNode: python: 3.12.3
2026-06-11T20:05:48.332354437Z [INFO] eToro-Momentum-LS.TradingNode: numpy: 2.4.6
2026-06-11T20:05:48.332358053Z [INFO] eToro-Momentum-LS.TradingNode: pandas: 2.3.3
2026-06-11T20:05:48.332360648Z [INFO] eToro-Momentum-LS.TradingNode: msgspec: 0.21.1
2026-06-11T20:05:48.332363393Z [INFO] eToro-Momentum-LS.TradingNode: pyarrow: 24.0.0
2026-06-11T20:05:48.332366549Z [INFO] eToro-Momentum-LS.TradingNode: pytz: 2026.2
2026-06-11T20:05:48.332368884Z [INFO] eToro-Momentum-LS.TradingNode: uvloop: 0.22.1
2026-06-11T20:05:48.332369154Z [INFO] eToro-Momentum-LS.TradingNode: =================================================================
2026-06-11T20:05:48.332390945Z [INFO] eToro-Momentum-LS.TradingNode: Building system kernel
2026-06-11T20:05:48.332604463Z [DEBUG] eToro-Momentum-LS.TradingNode: Event loop signal handling setup for (<Signals.SIGTERM: 15>, <Signals.SIGINT: 2>, <Signals.SIGABRT: 6>)
2026-06-11T20:05:48.332631544Z [INFO] eToro-Momentum-LS.MessageBus: config.database=None
2026-06-11T20:05:48.332633087Z [INFO] eToro-Momentum-LS.MessageBus: config.encoding='msgpack'
2026-06-11T20:05:48.332634580Z [INFO] eToro-Momentum-LS.MessageBus: config.timestamps_as_iso8601=False
2026-06-11T20:05:48.332635231Z [INFO] eToro-Momentum-LS.MessageBus: config.buffer_interval_ms=None
2026-06-11T20:05:48.332635882Z [INFO] eToro-Momentum-LS.MessageBus: config.autotrim_mins=None
2026-06-11T20:05:48.332636814Z [INFO] eToro-Momentum-LS.MessageBus: config.use_trader_prefix=True
2026-06-11T20:05:48.332637715Z [INFO] eToro-Momentum-LS.MessageBus: config.use_trader_id=True
2026-06-11T20:05:48.332638827Z [INFO] eToro-Momentum-LS.MessageBus: config.use_instance_id=False
2026-06-11T20:05:48.332639799Z [INFO] eToro-Momentum-LS.MessageBus: config.streams_prefix='stream'
2026-06-11T20:05:48.332640551Z [INFO] eToro-Momentum-LS.MessageBus: config.types_filter=None
2026-06-11T20:05:48.332683351Z [DEBUG] eToro-Momentum-LS.MessageBus: Added Subscription(topic=commands.system.shutdown, handler=<bound method NautilusKernel._on_shutdown_system of <nautilus_trader.system.kernel.NautilusKernel object at 0x71dd663ac560>>, priority=0)
2026-06-11T20:05:48.332853198Z [INFO] eToro-Momentum-LS.Cache: READY
2026-06-11T20:05:48.334344852Z [DEBUG] eToro-Momentum-LS.MessageBus: Added endpoint 'Portfolio.update_account' <bound method Portfolio.update_account of <nautilus_trader.portfolio.portfolio.Portfolio object at 0x71dd68498d40>>
2026-06-11T20:05:48.334352076Z [DEBUG] eToro-Momentum-LS.MessageBus: Added endpoint 'Portfolio.update_order' <bound method Portfolio.update_order of <nautilus_trader.portfolio.portfolio.Portfolio object at 0x71dd68498d40>>
2026-06-11T20:05:48.334354380Z [DEBUG] eToro-Momentum-LS.MessageBus: Added endpoint 'Portfolio.update_position' <bound method Portfolio.update_position of <nautilus_trader.portfolio.portfolio.Portfolio object at 0x71dd68498d40>>
2026-06-11T20:05:48.334369418Z [DEBUG] eToro-Momentum-LS.MessageBus: Added Subscription(topic=events.order.*, handler=<bound method Portfolio.on_order_event of <nautilus_trader.portfolio.portfolio.Portfolio object at 0x71dd68498d40>>, priority=10)
2026-06-11T20:05:48.334374708Z [DEBUG] eToro-Momentum-LS.MessageBus: Added Subscription(topic=events.position.*, handler=<bound method Portfolio.on_position_event of <nautilus_trader.portfolio.portfolio.Portfolio object at 0x71dd68498d40>>, priority=10)
2026-06-11T20:05:48.334379487Z [DEBUG] eToro-Momentum-LS.MessageBus: Added Subscription(topic=data.quotes.*, handler=<bound method Portfolio.update_quote_tick of <nautilus_trader.portfolio.portfolio.Portfolio object at 0x71dd68498d40>>, priority=10)
2026-06-11T20:05:48.334384547Z [DEBUG] eToro-Momentum-LS.MessageBus: Added Subscription(topic=data.bars.*EXTERNAL, handler=<bound method Portfolio.update_bar of <nautilus_trader.portfolio.portfolio.Portfolio object at 0x71dd68498d40>>, priority=10)
2026-06-11T20:05:48.334746602Z [INFO] eToro-Momentum-LS.DataEngine: READY
2026-06-11T20:05:48.335160535Z [DEBUG] eToro-Momentum-LS.MessageBus: Added endpoint 'DataEngine.execute' <bound method LiveDataEngine.execute of LiveDataEngine(DataEngine)>
2026-06-11T20:05:48.335162469Z [DEBUG] eToro-Momentum-LS.MessageBus: Added endpoint 'DataEngine.process' <bound method LiveDataEngine.process of LiveDataEngine(DataEngine)>
2026-06-11T20:05:48.335164513Z [DEBUG] eToro-Momentum-LS.MessageBus: Added endpoint 'DataEngine.request' <bound method LiveDataEngine.request of LiveDataEngine(DataEngine)>
2026-06-11T20:05:48.335166526Z [DEBUG] eToro-Momentum-LS.MessageBus: Added endpoint 'DataEngine.response' <bound method LiveDataEngine.response of LiveDataEngine(DataEngine)>
2026-06-11T20:05:48.335168761Z [DEBUG] eToro-Momentum-LS.MessageBus: Added endpoint 'DataEngine.process_historical' <bound method DataEngine.process_historical of LiveDataEngine(DataEngine)>
2026-06-11T20:05:48.335223893Z [INFO] eToro-Momentum-LS.DataEngine: config.graceful_shutdown_on_exception=False
2026-06-11T20:05:48.335262185Z [INFO] eToro-Momentum-LS.RiskEngine: READY
2026-06-11T20:05:48.336512800Z [INFO] eToro-Momentum-LS.RiskEngine: TradingState is ACTIVE
2026-06-11T20:05:48.336716560Z [INFO] eToro-Momentum-LS.Throttler-ORDER_SUBMIT_THROTTLER: READY
2026-06-11T20:05:48.336748159Z [INFO] eToro-Momentum-LS.RiskEngine: Set MAX_ORDER_SUBMIT_RATE: 100/00:00:01
2026-06-11T20:05:48.336768327Z [INFO] eToro-Momentum-LS.Throttler-ORDER_MODIFY_THROTTLER: READY
2026-06-11T20:05:48.336776271Z [INFO] eToro-Momentum-LS.RiskEngine: Set MAX_ORDER_MODIFY_RATE: 100/00:00:01
2026-06-11T20:05:48.336783365Z [DEBUG] eToro-Momentum-LS.MessageBus: Added endpoint 'RiskEngine.execute' <bound method LiveRiskEngine.execute of LiveRiskEngine(RiskEngine)>
2026-06-11T20:05:48.336786400Z [DEBUG] eToro-Momentum-LS.MessageBus: Added endpoint 'RiskEngine.process' <bound method LiveRiskEngine.process of LiveRiskEngine(RiskEngine)>
2026-06-11T20:05:48.336793594Z [DEBUG] eToro-Momentum-LS.MessageBus: Added Subscription(topic=events.order.*, handler=<bound method RiskEngine._handle_event of LiveRiskEngine(RiskEngine)>, priority=10)
2026-06-11T20:05:48.336798753Z [DEBUG] eToro-Momentum-LS.MessageBus: Added Subscription(topic=events.position.*, handler=<bound method RiskEngine._handle_event of LiveRiskEngine(RiskEngine)>, priority=10)
2026-06-11T20:05:48.336820234Z [INFO] eToro-Momentum-LS.RiskEngine: config.graceful_shutdown_on_exception=False
2026-06-11T20:05:48.336879584Z [INFO] eToro-Momentum-LS.ExecEngine: READY
2026-06-11T20:05:48.336925440Z [INFO] eToro-Momentum-LS.ExecEngine: config.snapshot_orders=False
2026-06-11T20:05:48.336927143Z [INFO] eToro-Momentum-LS.ExecEngine: config.snapshot_positions=False
2026-06-11T20:05:48.336928405Z [INFO] eToro-Momentum-LS.ExecEngine: config.snapshot_positions_interval_secs=None
2026-06-11T20:05:48.336928956Z [INFO] eToro-Momentum-LS.ExecEngine: config.allow_overfills=False
2026-06-11T20:05:48.336931652Z [DEBUG] eToro-Momentum-LS.MessageBus: Added endpoint 'ExecEngine.execute' <bound method LiveExecutionEngine.execute of LiveExecutionEngine(ExecEngine)>
2026-06-11T20:05:48.336933375Z [DEBUG] eToro-Momentum-LS.MessageBus: Added endpoint 'ExecEngine.process' <bound method LiveExecutionEngine.process of LiveExecutionEngine(ExecEngine)>
2026-06-11T20:05:48.336987626Z [INFO] eToro-Momentum-LS.ExecEngine: config.reconciliation=True
2026-06-11T20:05:48.336989940Z [INFO] eToro-Momentum-LS.ExecEngine: config.reconciliation_lookback_mins=None
2026-06-11T20:05:48.336991022Z [INFO] eToro-Momentum-LS.ExecEngine: config.reconciliation_instrument_ids=None
2026-06-11T20:05:48.336991824Z [INFO] eToro-Momentum-LS.ExecEngine: config.filter_unclaimed_external_orders=False
2026-06-11T20:05:48.336992375Z [INFO] eToro-Momentum-LS.ExecEngine: config.filter_position_reports=False
2026-06-11T20:05:48.336992976Z [INFO] eToro-Momentum-LS.ExecEngine: config.filtered_client_order_ids=None
2026-06-11T20:05:48.336993948Z [INFO] eToro-Momentum-LS.ExecEngine: config.inflight_check_interval_ms=2000
2026-06-11T20:05:48.336994489Z [INFO] eToro-Momentum-LS.ExecEngine: config.inflight_check_threshold_ms=5000
2026-06-11T20:05:48.336995220Z [INFO] eToro-Momentum-LS.ExecEngine: config.inflight_check_retries=5
2026-06-11T20:05:48.336996072Z [INFO] eToro-Momentum-LS.ExecEngine: config.own_books_audit_interval_secs=None
2026-06-11T20:05:48.336996623Z [INFO] eToro-Momentum-LS.ExecEngine: config.open_check_interval_secs=None
2026-06-11T20:05:48.336997164Z [INFO] eToro-Momentum-LS.ExecEngine: config.open_check_open_only=True
2026-06-11T20:05:48.336998086Z [INFO] eToro-Momentum-LS.ExecEngine: config.open_check_lookback_mins=60
2026-06-11T20:05:48.336998957Z [INFO] eToro-Momentum-LS.ExecEngine: config.open_check_threshold_ms=5000
2026-06-11T20:05:48.336999638Z [INFO] eToro-Momentum-LS.ExecEngine: config.open_check_missing_retries=5
2026-06-11T20:05:48.337000490Z [INFO] eToro-Momentum-LS.ExecEngine: config.max_single_order_queries_per_cycle=10
2026-06-11T20:05:48.337001201Z [INFO] eToro-Momentum-LS.ExecEngine: config.single_order_query_delay_ms=100
2026-06-11T20:05:48.337001913Z [INFO] eToro-Momentum-LS.ExecEngine: config.position_check_interval_secs=None
2026-06-11T20:05:48.337002584Z [INFO] eToro-Momentum-LS.ExecEngine: config.position_check_lookback_mins=60
2026-06-11T20:05:48.337003295Z [INFO] eToro-Momentum-LS.ExecEngine: config.position_check_threshold_ms=5000
2026-06-11T20:05:48.337003906Z [INFO] eToro-Momentum-LS.ExecEngine: config.position_check_retries=3
2026-06-11T20:05:48.337007844Z [INFO] eToro-Momentum-LS.ExecEngine: config.reconciliation_startup_delay_secs=10.0
2026-06-11T20:05:48.337008735Z [INFO] eToro-Momentum-LS.ExecEngine: config.purge_closed_orders_interval_mins=None
2026-06-11T20:05:48.337009417Z [INFO] eToro-Momentum-LS.ExecEngine: config.purge_closed_orders_buffer_mins=None
2026-06-11T20:05:48.337009968Z [INFO] eToro-Momentum-LS.ExecEngine: config.purge_closed_positions_interval_mins=None
2026-06-11T20:05:48.337011270Z [INFO] eToro-Momentum-LS.ExecEngine: config.purge_closed_positions_buffer_mins=None
2026-06-11T20:05:48.337011961Z [INFO] eToro-Momentum-LS.ExecEngine: config.purge_account_events_interval_mins=None
2026-06-11T20:05:48.337012492Z [INFO] eToro-Momentum-LS.ExecEngine: config.purge_account_events_lookback_mins=None
2026-06-11T20:05:48.337013114Z [INFO] eToro-Momentum-LS.ExecEngine: config.purge_from_database=False
2026-06-11T20:05:48.337013775Z [INFO] eToro-Momentum-LS.ExecEngine: config.graceful_shutdown_on_exception=False
2026-06-11T20:05:48.337024605Z [DEBUG] eToro-Momentum-LS.MessageBus: Added endpoint 'ExecEngine.reconcile_execution_report' <bound method LiveExecutionEngine.reconcile_execution_report of LiveExecutionEngine(ExecEngine)>
2026-06-11T20:05:48.337026659Z [DEBUG] eToro-Momentum-LS.MessageBus: Added endpoint 'ExecEngine.reconcile_execution_mass_status' <bound method LiveExecutionEngine.reconcile_execution_mass_status of LiveExecutionEngine(ExecEngine)>
2026-06-11T20:05:48.337288247Z [DEBUG] eToro-Momentum-LS.Cache: Clearing index
2026-06-11T20:05:48.337291423Z [DEBUG] eToro-Momentum-LS.Cache: Cleared index
2026-06-11T20:05:48.337294960Z [DEBUG] eToro-Momentum-LS.ExecEngine: clear_index took 0ms
2026-06-11T20:05:48.337535088Z [DEBUG] eToro-Momentum-LS.Cache: Loading general cache from database
2026-06-11T20:05:48.337541490Z [INFO] eToro-Momentum-LS.Cache: Cached 0 general objects from database
2026-06-11T20:05:48.337543464Z [DEBUG] eToro-Momentum-LS.ExecEngine: cache_general took 0ms
2026-06-11T20:05:48.337547090Z [DEBUG] eToro-Momentum-LS.Cache: Loading currencies from database
2026-06-11T20:05:48.337548924Z [INFO] eToro-Momentum-LS.Cache: Cached 0 currencies from database
2026-06-11T20:05:48.337550697Z [DEBUG] eToro-Momentum-LS.ExecEngine: cache_currencies took 0ms
2026-06-11T20:05:48.337551709Z [DEBUG] eToro-Momentum-LS.Cache: Loading instruments from database
2026-06-11T20:05:48.337552581Z [INFO] eToro-Momentum-LS.Cache: Cached 0 instruments from database
2026-06-11T20:05:48.337553923Z [DEBUG] eToro-Momentum-LS.ExecEngine: cache_instruments took 0ms
2026-06-11T20:05:48.337555416Z [DEBUG] eToro-Momentum-LS.Cache: Loading accounts from database
2026-06-11T20:05:48.337556919Z [INFO] eToro-Momentum-LS.Cache: Cached 0 accounts from database
2026-06-11T20:05:48.337558382Z [DEBUG] eToro-Momentum-LS.ExecEngine: cache_accounts took 0ms
2026-06-11T20:05:48.337559574Z [DEBUG] eToro-Momentum-LS.Cache: Loading orders from database
2026-06-11T20:05:48.337560786Z [INFO] eToro-Momentum-LS.Cache: Cached 0 orders from database
2026-06-11T20:05:48.337562219Z [DEBUG] eToro-Momentum-LS.ExecEngine: cache_orders took 0ms
2026-06-11T20:05:48.337565635Z [DEBUG] eToro-Momentum-LS.Cache: Loading order lists
2026-06-11T20:05:48.337567128Z [INFO] eToro-Momentum-LS.Cache: Cached 0 order lists from database
2026-06-11T20:05:48.337568601Z [DEBUG] eToro-Momentum-LS.ExecEngine: cache_order_lists took 0ms
2026-06-11T20:05:48.337570023Z [DEBUG] eToro-Momentum-LS.Cache: Loading positions from database
2026-06-11T20:05:48.337570915Z [INFO] eToro-Momentum-LS.Cache: Cached 0 positions from database
2026-06-11T20:05:48.337572097Z [DEBUG] eToro-Momentum-LS.ExecEngine: cache_positions took 0ms
2026-06-11T20:05:48.337575744Z [DEBUG] eToro-Momentum-LS.Cache: Building index
2026-06-11T20:05:48.337583418Z [DEBUG] eToro-Momentum-LS.Cache: Index built in 0.000s
2026-06-11T20:05:48.337584781Z [DEBUG] eToro-Momentum-LS.ExecEngine: build_index took 0ms
2026-06-11T20:05:48.337588227Z [INFO] eToro-Momentum-LS.Cache: Checking data integrity
2026-06-11T20:05:48.337598547Z [INFO] eToro-Momentum-LS.Cache: Integrity check passed in 6μs
2026-06-11T20:05:48.337603315Z [DEBUG] eToro-Momentum-LS.ExecEngine: check_integrity took 0ms
2026-06-11T20:05:48.337701128Z [DEBUG] eToro-Momentum-LS.ExecEngine: _set_position_id_counts took 0ms
2026-06-11T20:05:48.337704154Z [INFO] eToro-Momentum-LS.ExecEngine: Loaded cache in 0ms
2026-06-11T20:05:48.337896473Z [INFO] eToro-Momentum-LS.OrderEmulator: READY
2026-06-11T20:05:48.337941938Z [DEBUG] eToro-Momentum-LS.MessageBus: Added endpoint 'OrderEmulator.execute' <bound method OrderEmulator.execute of OrderEmulator(OrderEmulator)>
2026-06-11T20:05:48.337963057Z [INFO] eToro-Momentum-LS.eToro-Momentum-LS: READY
2026-06-11T20:05:48.337990608Z [INFO] eToro-Momentum-LS.TradingNode: Initialized in 10ms
2026-06-11T20:05:48.338008652Z [INFO] eToro-Momentum-LS.TradingNode: has_cache_backing=False
2026-06-11T20:05:48.338010506Z [INFO] eToro-Momentum-LS.TradingNode: has_msgbus_backing=False
2026-06-11T20:05:48.345854680Z [INFO] eToro-Momentum-LS.MLS_FlashCrashReversalStrategy_SMTC.ETORO_0: READY
2026-06-11T20:05:48.346028464Z [DEBUG] eToro-Momentum-LS.MessageBus: Added Subscription(topic=events.order.MLS_FlashCrashReversalStrategy_SMTC.ETORO_0-000, handler=<bound method Strategy.handle_event of FlashCrashReversalStrategy(MLS_FlashCrashReversalStrategy_SMTC.ETORO_0-000)>, priority=0)
2026-06-11T20:05:48.346035227Z [DEBUG] eToro-Momentum-LS.MessageBus: Added Subscription(topic=events.position.MLS_FlashCrashReversalStrategy_SMTC.ETORO_0-000, handler=<bound method Strategy.handle_event of FlashCrashReversalStrategy(MLS_FlashCrashReversalStrategy_SMTC.ETORO_0-000)>, priority=0)
2026-06-11T20:05:48.346163126Z [INFO] eToro-Momentum-LS.ExecEngine: Registered OMS.UNSPECIFIED for Strategy MLS_FlashCrashReversalStrategy_SMTC.ETORO_0-000
2026-06-11T20:05:48.346175729Z [INFO] eToro-Momentum-LS.eToro-Momentum-LS: Registered Strategy MLS_FlashCrashReversalStrategy_SMTC.ETORO_0-000
2026-06-11T20:05:48.346793843Z [INFO] eToro-Momentum-LS.MLS_FlashCrashReversalStrategy_SMTC.ETORO_1: READY
2026-06-11T20:05:48.346865066Z [DEBUG] eToro-Momentum-LS.MessageBus: Added Subscription(topic=events.order.MLS_FlashCrashReversalStrategy_SMTC.ETORO_1-001, handler=<bound method Strategy.handle_event of FlashCrashReversalStrategy(MLS_FlashCrashReversalStrategy_SMTC.ETORO_1-001)>, priority=0)
2026-06-11T20:05:48.346871067Z [DEBUG] eToro-Momentum-LS.MessageBus: Added Subscription(topic=events.position.MLS_FlashCrashReversalStrategy_SMTC.ETORO_1-001, handler=<bound method Strategy.handle_event of FlashCrashReversalStrategy(MLS_FlashCrashReversalStrategy_SMTC.ETORO_1-001)>, priority=0)
2026-06-11T20:05:48.346878421Z [INFO] eToro-Momentum-LS.ExecEngine: Registered OMS.UNSPECIFIED for Strategy MLS_FlashCrashReversalStrategy_SMTC.ETORO_1-001
2026-06-11T20:05:48.346883801Z [INFO] eToro-Momentum-LS.eToro-Momentum-LS: Registered Strategy MLS_FlashCrashReversalStrategy_SMTC.ETORO_1-001
2026-06-11T20:05:48.347240197Z [INFO] eToro-Momentum-LS.MLS_FlashCrashReversalStrategy_SMTC.ETORO_2: READY
2026-06-11T20:05:48.347290921Z [DEBUG] eToro-Momentum-LS.MessageBus: Added Subscription(topic=events.order.MLS_FlashCrashReversalStrategy_SMTC.ETORO_2-002, handler=<bound method Strategy.handle_event of FlashCrashReversalStrategy(MLS_FlashCrashReversalStrategy_SMTC.ETORO_2-002)>, priority=0)
2026-06-11T20:05:48.347295881Z [DEBUG] eToro-Momentum-LS.MessageBus: Added Subscription(topic=events.position.MLS_FlashCrashReversalStrategy_SMTC.ETORO_2-002, handler=<bound method Strategy.handle_event of FlashCrashReversalStrategy(MLS_FlashCrashReversalStrategy_SMTC.ETORO_2-002)>, priority=0)
2026-06-11T20:05:48.347299838Z [INFO] eToro-Momentum-LS.ExecEngine: Registered OMS.UNSPECIFIED for Strategy MLS_FlashCrashReversalStrategy_SMTC.ETORO_2-002
2026-06-11T20:05:48.347305208Z [INFO] eToro-Momentum-LS.eToro-Momentum-LS: Registered Strategy MLS_FlashCrashReversalStrategy_SMTC.ETORO_2-002
2026-06-11T20:05:48.347467982Z [INFO] eToro-Momentum-LS.MLS_FlashCrashReversalStrategy_SMTC.ETORO_3: READY
2026-06-11T20:05:48.347499000Z [DEBUG] eToro-Momentum-LS.MessageBus: Added Subscription(topic=events.order.MLS_FlashCrashReversalStrategy_SMTC.ETORO_3-003, handler=<bound method Strategy.handle_event of FlashCrashReversalStrategy(MLS_FlashCrashReversalStrategy_SMTC.ETORO_3-003)>, priority=0)
2026-06-11T20:05:48.347505572Z [DEBUG] eToro-Momentum-LS.MessageBus: Added Subscription(topic=events.position.MLS_FlashCrashReversalStrategy_SMTC.ETORO_3-003, handler=<bound method Strategy.handle_event of FlashCrashReversalStrategy(MLS_FlashCrashReversalStrategy_SMTC.ETORO_3-003)>, priority=0)
2026-06-11T20:05:48.347508798Z [INFO] eToro-Momentum-LS.ExecEngine: Registered OMS.UNSPECIFIED for Strategy MLS_FlashCrashReversalStrategy_SMTC.ETORO_3-003
2026-06-11T20:05:48.347510521Z [INFO] eToro-Momentum-LS.eToro-Momentum-LS: Registered Strategy MLS_FlashCrashReversalStrategy_SMTC.ETORO_3-003
2026-06-11T20:05:48.347631607Z [INFO] eToro-Momentum-LS.MLS_FlashCrashReversalStrategy_SMTC.ETORO_4: READY
2026-06-11T20:05:48.347655863Z [DEBUG] eToro-Momentum-LS.MessageBus: Added Subscription(topic=events.order.MLS_FlashCrashReversalStrategy_SMTC.ETORO_4-004, handler=<bound method Strategy.handle_event of FlashCrashReversalStrategy(MLS_FlashCrashReversalStrategy_SMTC.ETORO_4-004)>, priority=0)
2026-06-11T20:05:48.347660271Z [DEBUG] eToro-Momentum-LS.MessageBus: Added Subscription(topic=events.position.MLS_FlashCrashReversalStrategy_SMTC.ETORO_4-004, handler=<bound method Strategy.handle_event of FlashCrashReversalStrategy(MLS_FlashCrashReversalStrategy_SMTC.ETORO_4-004)>, priority=0)
2026-06-11T20:05:48.347662695Z [INFO] eToro-Momentum-LS.ExecEngine: Registered OMS.UNSPECIFIED for Strategy MLS_FlashCrashReversalStrategy_SMTC.ETORO_4-004
2026-06-11T20:05:48.347664388Z [INFO] eToro-Momentum-LS.eToro-Momentum-LS: Registered Strategy MLS_FlashCrashReversalStrategy_SMTC.ETORO_4-004
2026-06-11T20:05:48.347762291Z [INFO] eToro-Momentum-LS.MLS_FlashCrashReversalStrategy_SMTC.ETORO_5: READY
2026-06-11T20:05:48.347781527Z [DEBUG] eToro-Momentum-LS.MessageBus: Added Subscription(topic=events.order.MLS_FlashCrashReversalStrategy_SMTC.ETORO_5-005, handler=<bound method Strategy.handle_event of FlashCrashReversalStrategy(MLS_FlashCrashReversalStrategy_SMTC.ETORO_5-005)>, priority=0)
2026-06-11T20:05:48.347785795Z [DEBUG] eToro-Momentum-LS.MessageBus: Added Subscription(topic=events.position.MLS_FlashCrashReversalStrategy_SMTC.ETORO_5-005, handler=<bound method Strategy.handle_event of FlashCrashReversalStrategy(MLS_FlashCrashReversalStrategy_SMTC.ETORO_5-005)>, priority=0)
2026-06-11T20:05:48.347788250Z [INFO] eToro-Momentum-LS.ExecEngine: Registered OMS.UNSPECIFIED for Strategy MLS_FlashCrashReversalStrategy_SMTC.ETORO_5-005
2026-06-11T20:05:48.347789913Z [INFO] eToro-Momentum-LS.eToro-Momentum-LS: Registered Strategy MLS_FlashCrashReversalStrategy_SMTC.ETORO_5-005
2026-06-11T20:05:48.347885862Z [INFO] eToro-Momentum-LS.MLS_FlashCrashReversalStrategy_SMTC.ETORO_6: READY
2026-06-11T20:05:48.347919204Z [DEBUG] eToro-Momentum-LS.MessageBus: Added Subscription(topic=events.order.MLS_FlashCrashReversalStrategy_SMTC.ETORO_6-006, handler=<bound method Strategy.handle_event of FlashCrashReversalStrategy(MLS_FlashCrashReversalStrategy_SMTC.ETORO_6-006)>, priority=0)
2026-06-11T20:05:48.347925917Z [DEBUG] eToro-Momentum-LS.MessageBus: Added Subscription(topic=events.position.MLS_FlashCrashReversalStrategy_SMTC.ETORO_6-006, handler=<bound method Strategy.handle_event of FlashCrashReversalStrategy(MLS_FlashCrashReversalStrategy_SMTC.ETORO_6-006)>, priority=0)
2026-06-11T20:05:48.347928742Z [INFO] eToro-Momentum-LS.ExecEngine: Registered OMS.UNSPECIFIED for Strategy MLS_FlashCrashReversalStrategy_SMTC.ETORO_6-006
2026-06-11T20:05:48.347930986Z [INFO] eToro-Momentum-LS.eToro-Momentum-LS: Registered Strategy MLS_FlashCrashReversalStrategy_SMTC.ETORO_6-006
2026-06-11T20:05:48.348033297Z [INFO] eToro-Momentum-LS.MLS_FlashCrashReversalStrategy_SEI.US.ETORO_7: READY
2026-06-11T20:05:48.348056931Z [DEBUG] eToro-Momentum-LS.MessageBus: Added Subscription(topic=events.order.MLS_FlashCrashReversalStrategy_SEI.US.ETORO_7-007, handler=<bound method Strategy.handle_event of FlashCrashReversalStrategy(MLS_FlashCrashReversalStrategy_SEI.US.ETORO_7-007)>, priority=0)
2026-06-11T20:05:48.348062582Z [DEBUG] eToro-Momentum-LS.MessageBus: Added Subscription(topic=events.position.MLS_FlashCrashReversalStrategy_SEI.US.ETORO_7-007, handler=<bound method Strategy.handle_event of FlashCrashReversalStrategy(MLS_FlashCrashReversalStrategy_SEI.US.ETORO_7-007)>, priority=0)
2026-06-11T20:05:48.348065107Z [INFO] eToro-Momentum-LS.ExecEngine: Registered OMS.UNSPECIFIED for Strategy MLS_FlashCrashReversalStrategy_SEI.US.ETORO_7-007
2026-06-11T20:05:48.348067050Z [INFO] eToro-Momentum-LS.eToro-Momentum-LS: Registered Strategy MLS_FlashCrashReversalStrategy_SEI.US.ETORO_7-007
2026-06-11T20:05:48.348152520Z [INFO] eToro-Momentum-LS.MLS_FlashCrashReversalStrategy_SEI.US.ETORO_8: READY
2026-06-11T20:05:48.348173779Z [DEBUG] eToro-Momentum-LS.MessageBus: Added Subscription(topic=events.order.MLS_FlashCrashReversalStrategy_SEI.US.ETORO_8-008, handler=<bound method Strategy.handle_event of FlashCrashReversalStrategy(MLS_FlashCrashReversalStrategy_SEI.US.ETORO_8-008)>, priority=0)
2026-06-11T20:05:48.348180572Z [DEBUG] eToro-Momentum-LS.MessageBus: Added Subscription(topic=events.position.MLS_FlashCrashReversalStrategy_SEI.US.ETORO_8-008, handler=<bound method Strategy.handle_event of FlashCrashReversalStrategy(MLS_FlashCrashReversalStrategy_SEI.US.ETORO_8-008)>, priority=0)
2026-06-11T20:05:48.348182386Z [INFO] eToro-Momentum-LS.ExecEngine: Registered OMS.UNSPECIFIED for Strategy MLS_FlashCrashReversalStrategy_SEI.US.ETORO_8-008
2026-06-11T20:05:48.348183558Z [INFO] eToro-Momentum-LS.eToro-Momentum-LS: Registered Strategy MLS_FlashCrashReversalStrategy_SEI.US.ETORO_8-008
2026-06-11T20:05:48.348263567Z [INFO] eToro-Momentum-LS.MLS_FlashCrashReversalStrategy_SEI.US.ETORO_9: READY
2026-06-11T20:05:48.348286490Z [DEBUG] eToro-Momentum-LS.MessageBus: Added Subscription(topic=events.order.MLS_FlashCrashReversalStrategy_SEI.US.ETORO_9-009, handler=<bound method Strategy.handle_event of FlashCrashReversalStrategy(MLS_FlashCrashReversalStrategy_SEI.US.ETORO_9-009)>, priority=0)
2026-06-11T20:05:48.348291249Z [DEBUG] eToro-Momentum-LS.MessageBus: Added Subscription(topic=events.position.MLS_FlashCrashReversalStrategy_SEI.US.ETORO_9-009, handler=<bound method Strategy.handle_event of FlashCrashReversalStrategy(MLS_FlashCrashReversalStrategy_SEI.US.ETORO_9-009)>, priority=0)
2026-06-11T20:05:48.348294254Z [INFO] eToro-Momentum-LS.ExecEngine: Registered OMS.UNSPECIFIED for Strategy MLS_FlashCrashReversalStrategy_SEI.US.ETORO_9-009
2026-06-11T20:05:48.348295787Z [INFO] eToro-Momentum-LS.eToro-Momentum-LS: Registered Strategy MLS_FlashCrashReversalStrategy_SEI.US.ETORO_9-009
2026-06-11T20:05:48.348389522Z [INFO] eToro-Momentum-LS.MLS_FlashCrashReversalStrategy_SEI.US.ETORO_10: READY
2026-06-11T20:05:48.348468089Z [DEBUG] eToro-Momentum-LS.MessageBus: Added Subscription(topic=events.order.MLS_FlashCrashReversalStrategy_SEI.US.ETORO_10-010, handler=<bound method Strategy.handle_event of FlashCrashReversalStrategy(MLS_FlashCrashReversalStrategy_SEI.US.ETORO_10-010)>, priority=0)
2026-06-11T20:05:48.348472617Z [DEBUG] eToro-Momentum-LS.MessageBus: Added Subscription(topic=events.position.MLS_FlashCrashReversalStrategy_SEI.US.ETORO_10-010, handler=<bound method Strategy.handle_event of FlashCrashReversalStrategy(MLS_FlashCrashReversalStrategy_SEI.US.ETORO_10-010)>, priority=0)
2026-06-11T20:05:48.348475292Z [INFO] eToro-Momentum-LS.ExecEngine: Registered OMS.UNSPECIFIED for Strategy MLS_FlashCrashReversalStrategy_SEI.US.ETORO_10-010
2026-06-11T20:05:48.348476895Z [INFO] eToro-Momentum-LS.eToro-Momentum-LS: Registered Strategy MLS_FlashCrashReversalStrategy_SEI.US.ETORO_10-010
2026-06-11T20:05:48.348568216Z [INFO] eToro-Momentum-LS.MLS_FlashCrashReversalStrategy_SEI.US.ETORO_11: READY
2026-06-11T20:05:48.348596899Z [DEBUG] eToro-Momentum-LS.MessageBus: Added Subscription(topic=events.order.MLS_FlashCrashReversalStrategy_SEI.US.ETORO_11-011, handler=<bound method Strategy.handle_event of FlashCrashReversalStrategy(MLS_FlashCrashReversalStrategy_SEI.US.ETORO_11-011)>, priority=0)
2026-06-11T20:05:48.348603051Z [DEBUG] eToro-Momentum-LS.MessageBus: Added Subscription(topic=events.position.MLS_FlashCrashReversalStrategy_SEI.US.ETORO_11-011, handler=<bound method Strategy.handle_event of FlashCrashReversalStrategy(MLS_FlashCrashReversalStrategy_SEI.US.ETORO_11-011)>, priority=0)
2026-06-11T20:05:48.348607149Z [INFO] eToro-Momentum-LS.ExecEngine: Registered OMS.UNSPECIFIED for Strategy MLS_FlashCrashReversalStrategy_SEI.US.ETORO_11-011
2026-06-11T20:05:48.348609673Z [INFO] eToro-Momentum-LS.eToro-Momentum-LS: Registered Strategy MLS_FlashCrashReversalStrategy_SEI.US.ETORO_11-011
2026-06-11T20:05:48.348699751Z [INFO] eToro-Momentum-LS.MLS_FlashCrashReversalStrategy_SEI.US.ETORO_12: READY
2026-06-11T20:05:48.348725319Z [DEBUG] eToro-Momentum-LS.MessageBus: Added Subscription(topic=events.order.MLS_FlashCrashReversalStrategy_SEI.US.ETORO_12-012, handler=<bound method Strategy.handle_event of FlashCrashReversalStrategy(MLS_FlashCrashReversalStrategy_SEI.US.ETORO_12-012)>, priority=0)
2026-06-11T20:05:48.348731982Z [DEBUG] eToro-Momentum-LS.MessageBus: Added Subscription(topic=events.position.MLS_FlashCrashReversalStrategy_SEI.US.ETORO_12-012, handler=<bound method Strategy.handle_event of FlashCrashReversalStrategy(MLS_FlashCrashReversalStrategy_SEI.US.ETORO_12-012)>, priority=0)
2026-06-11T20:05:48.348734807Z [INFO] eToro-Momentum-LS.ExecEngine: Registered OMS.UNSPECIFIED for Strategy MLS_FlashCrashReversalStrategy_SEI.US.ETORO_12-012
2026-06-11T20:05:48.348736620Z [INFO] eToro-Momentum-LS.eToro-Momentum-LS: Registered Strategy MLS_FlashCrashReversalStrategy_SEI.US.ETORO_12-012
2026-06-11T20:05:48.348837188Z [INFO] eToro-Momentum-LS.MLS_FlashCrashReversalStrategy_SEI.US.ETORO_13: READY
2026-06-11T20:05:48.348865811Z [DEBUG] eToro-Momentum-LS.MessageBus: Added Subscription(topic=events.order.MLS_FlashCrashReversalStrategy_SEI.US.ETORO_13-013, handler=<bound method Strategy.handle_event of FlashCrashReversalStrategy(MLS_FlashCrashReversalStrategy_SEI.US.ETORO_13-013)>, priority=0)
2026-06-11T20:05:48.348872925Z [DEBUG] eToro-Momentum-LS.MessageBus: Added Subscription(topic=events.position.MLS_FlashCrashReversalStrategy_SEI.US.ETORO_13-013, handler=<bound method Strategy.handle_event of FlashCrashReversalStrategy(MLS_FlashCrashReversalStrategy_SEI.US.ETORO_13-013)>, priority=0)
2026-06-11T20:05:48.348877163Z [INFO] eToro-Momentum-LS.ExecEngine: Registered OMS.UNSPECIFIED for Strategy MLS_FlashCrashReversalStrategy_SEI.US.ETORO_13-013
2026-06-11T20:05:48.348880419Z [INFO] eToro-Momentum-LS.eToro-Momentum-LS: Registered Strategy MLS_FlashCrashReversalStrategy_SEI.US.ETORO_13-013
2026-06-11T20:05:48.348970637Z [INFO] eToro-Momentum-LS.MLS_FlashCrashReversalStrategy_SEI.US.ETORO_14: READY
2026-06-11T20:05:48.348999481Z [DEBUG] eToro-Momentum-LS.MessageBus: Added Subscription(topic=events.order.MLS_FlashCrashReversalStrategy_SEI.US.ETORO_14-014, handler=<bound method Strategy.handle_event of FlashCrashReversalStrategy(MLS_FlashCrashReversalStrategy_SEI.US.ETORO_14-014)>, priority=0)
2026-06-11T20:05:48.349005382Z [DEBUG] eToro-Momentum-LS.MessageBus: Added Subscription(topic=events.position.MLS_FlashCrashReversalStrategy_SEI.US.ETORO_14-014, handler=<bound method Strategy.handle_event of FlashCrashReversalStrategy(MLS_FlashCrashReversalStrategy_SEI.US.ETORO_14-014)>, priority=0)
2026-06-11T20:05:48.349008468Z [INFO] eToro-Momentum-LS.ExecEngine: Registered OMS.UNSPECIFIED for Strategy MLS_FlashCrashReversalStrategy_SEI.US.ETORO_14-014
2026-06-11T20:05:48.349011023Z [INFO] eToro-Momentum-LS.eToro-Momentum-LS: Registered Strategy MLS_FlashCrashReversalStrategy_SEI.US.ETORO_14-014
2026-06-11T20:05:48.349096743Z [INFO] eToro-Momentum-LS.MLS_FlashCrashReversalStrategy_SEI.US.ETORO_15: READY
2026-06-11T20:05:48.349119725Z [DEBUG] eToro-Momentum-LS.MessageBus: Added Subscription(topic=events.order.MLS_FlashCrashReversalStrategy_SEI.US.ETORO_15-015, handler=<bound method Strategy.handle_event of FlashCrashReversalStrategy(MLS_FlashCrashReversalStrategy_SEI.US.ETORO_15-015)>, priority=0)
2026-06-11T20:05:48.349126698Z [DEBUG] eToro-Momentum-LS.MessageBus: Added Subscription(topic=events.position.MLS_FlashCrashReversalStrategy_SEI.US.ETORO_15-015, handler=<bound method Strategy.handle_event of FlashCrashReversalStrategy(MLS_FlashCrashReversalStrategy_SEI.US.ETORO_15-015)>, priority=0)
2026-06-11T20:05:48.349129674Z [INFO] eToro-Momentum-LS.ExecEngine: Registered OMS.UNSPECIFIED for Strategy MLS_FlashCrashReversalStrategy_SEI.US.ETORO_15-015
2026-06-11T20:05:48.349132369Z [INFO] eToro-Momentum-LS.eToro-Momentum-LS: Registered Strategy MLS_FlashCrashReversalStrategy_SEI.US.ETORO_15-015
2026-06-11T20:05:48.349218590Z [INFO] eToro-Momentum-LS.MLS_FlashCrashReversalStrategy_SEI.US.ETORO_16: READY
2026-06-11T20:05:48.349245721Z [DEBUG] eToro-Momentum-LS.MessageBus: Added Subscription(topic=events.order.MLS_FlashCrashReversalStrategy_SEI.US.ETORO_16-016, handler=<bound method Strategy.handle_event of FlashCrashReversalStrategy(MLS_FlashCrashReversalStrategy_SEI.US.ETORO_16-016)>, priority=0)
2026-06-11T20:05:48.349254657Z [DEBUG] eToro-Momentum-LS.MessageBus: Added Subscription(topic=events.position.MLS_FlashCrashReversalStrategy_SEI.US.ETORO_16-016, handler=<bound method Strategy.handle_event of FlashCrashReversalStrategy(MLS_FlashCrashReversalStrategy_SEI.US.ETORO_16-016)>, priority=0)
2026-06-11T20:05:48.349257302Z [INFO] eToro-Momentum-LS.ExecEngine: Registered OMS.UNSPECIFIED for Strategy MLS_FlashCrashReversalStrategy_SEI.US.ETORO_16-016
2026-06-11T20:05:48.349258555Z [INFO] eToro-Momentum-LS.eToro-Momentum-LS: Registered Strategy MLS_FlashCrashReversalStrategy_SEI.US.ETORO_16-016
2026-06-11T20:05:48.349336640Z [INFO] eToro-Momentum-LS.MLS_FlashCrashReversalStrategy_SEI.US.ETORO_17: READY
2026-06-11T20:05:48.349356928Z [DEBUG] eToro-Momentum-LS.MessageBus: Added Subscription(topic=events.order.MLS_FlashCrashReversalStrategy_SEI.US.ETORO_17-017, handler=<bound method Strategy.handle_event of FlashCrashReversalStrategy(MLS_FlashCrashReversalStrategy_SEI.US.ETORO_17-017)>, priority=0)
2026-06-11T20:05:48.349365725Z [DEBUG] eToro-Momentum-LS.MessageBus: Added Subscription(topic=events.position.MLS_FlashCrashReversalStrategy_SEI.US.ETORO_17-017, handler=<bound method Strategy.handle_event of FlashCrashReversalStrategy(MLS_FlashCrashReversalStrategy_SEI.US.ETORO_17-017)>, priority=0)
2026-06-11T20:05:48.349367668Z [INFO] eToro-Momentum-LS.ExecEngine: Registered OMS.UNSPECIFIED for Strategy MLS_FlashCrashReversalStrategy_SEI.US.ETORO_17-017
2026-06-11T20:05:48.349368780Z [INFO] eToro-Momentum-LS.eToro-Momentum-LS: Registered Strategy MLS_FlashCrashReversalStrategy_SEI.US.ETORO_17-017
2026-06-11T20:05:48.349451956Z [INFO] eToro-Momentum-LS.MLS_FlashCrashReversalStrategy_SEI.US.ETORO_18: READY
2026-06-11T20:05:48.349473075Z [DEBUG] eToro-Momentum-LS.MessageBus: Added Subscription(topic=events.order.MLS_FlashCrashReversalStrategy_SEI.US.ETORO_18-018, handler=<bound method Strategy.handle_event of FlashCrashReversalStrategy(MLS_FlashCrashReversalStrategy_SEI.US.ETORO_18-018)>, priority=0)
2026-06-11T20:05:48.349477694Z [DEBUG] eToro-Momentum-LS.MessageBus: Added Subscription(topic=events.position.MLS_FlashCrashReversalStrategy_SEI.US.ETORO_18-018, handler=<bound method Strategy.handle_event of FlashCrashReversalStrategy(MLS_FlashCrashReversalStrategy_SEI.US.ETORO_18-018)>, priority=0)
2026-06-11T20:05:48.349479307Z [INFO] eToro-Momentum-LS.ExecEngine: Registered OMS.UNSPECIFIED for Strategy MLS_FlashCrashReversalStrategy_SEI.US.ETORO_18-018
2026-06-11T20:05:48.349480629Z [INFO] eToro-Momentum-LS.eToro-Momentum-LS: Registered Strategy MLS_FlashCrashReversalStrategy_SEI.US.ETORO_18-018
2026-06-11T20:05:48.349580305Z [INFO] eToro-Momentum-LS.MLS_FlashCrashReversalStrategy_SEI.US.ETORO_19: READY
2026-06-11T20:05:48.349612996Z [DEBUG] eToro-Momentum-LS.MessageBus: Added Subscription(topic=events.order.MLS_FlashCrashReversalStrategy_SEI.US.ETORO_19-019, handler=<bound method Strategy.handle_event of FlashCrashReversalStrategy(MLS_FlashCrashReversalStrategy_SEI.US.ETORO_19-019)>, priority=0)
2026-06-11T20:05:48.349618116Z [DEBUG] eToro-Momentum-LS.MessageBus: Added Subscription(topic=events.position.MLS_FlashCrashReversalStrategy_SEI.US.ETORO_19-019, handler=<bound method Strategy.handle_event of FlashCrashReversalStrategy(MLS_FlashCrashReversalStrategy_SEI.US.ETORO_19-019)>, priority=0)
2026-06-11T20:05:48.349620440Z [INFO] eToro-Momentum-LS.ExecEngine: Registered OMS.UNSPECIFIED for Strategy MLS_FlashCrashReversalStrategy_SEI.US.ETORO_19-019
2026-06-11T20:05:48.349621713Z [INFO] eToro-Momentum-LS.eToro-Momentum-LS: Registered Strategy MLS_FlashCrashReversalStrategy_SEI.US.ETORO_19-019
2026-06-11T20:05:48.349776421Z [INFO] eToro-Momentum-LS.MLS_FlashCrashReversalStrategy_SEI.US.ETORO_20: READY
2026-06-11T20:05:48.349804103Z [DEBUG] eToro-Momentum-LS.MessageBus: Added Subscription(topic=events.order.MLS_FlashCrashReversalStrategy_SEI.US.ETORO_20-020, handler=<bound method Strategy.handle_event of FlashCrashReversalStrategy(MLS_FlashCrashReversalStrategy_SEI.US.ETORO_20-020)>, priority=0)
2026-06-11T20:05:48.349809112Z [DEBUG] eToro-Momentum-LS.MessageBus: Added Subscription(topic=events.position.MLS_FlashCrashReversalStrategy_SEI.US.ETORO_20-020, handler=<bound method Strategy.handle_event of FlashCrashReversalStrategy(MLS_FlashCrashReversalStrategy_SEI.US.ETORO_20-020)>, priority=0)
2026-06-11T20:05:48.349811166Z [INFO] eToro-Momentum-LS.ExecEngine: Registered OMS.UNSPECIFIED for Strategy MLS_FlashCrashReversalStrategy_SEI.US.ETORO_20-020
2026-06-11T20:05:48.349812699Z [INFO] eToro-Momentum-LS.eToro-Momentum-LS: Registered Strategy MLS_FlashCrashReversalStrategy_SEI.US.ETORO_20-020
2026-06-11T20:05:48.349896315Z [INFO] eToro-Momentum-LS.MLS_FlashCrashReversalStrategy_SEI.US.ETORO_21: READY
2026-06-11T20:05:48.349931972Z [DEBUG] eToro-Momentum-LS.MessageBus: Added Subscription(topic=events.order.MLS_FlashCrashReversalStrategy_SEI.US.ETORO_21-021, handler=<bound method Strategy.handle_event of FlashCrashReversalStrategy(MLS_FlashCrashReversalStrategy_SEI.US.ETORO_21-021)>, priority=0)
2026-06-11T20:05:48.349939175Z [DEBUG] eToro-Momentum-LS.MessageBus: Added Subscription(topic=events.position.MLS_FlashCrashReversalStrategy_SEI.US.ETORO_21-021, handler=<bound method Strategy.handle_event of FlashCrashReversalStrategy(MLS_FlashCrashReversalStrategy_SEI.US.ETORO_21-021)>, priority=0)
2026-06-11T20:05:48.349943764Z [INFO] eToro-Momentum-LS.ExecEngine: Registered OMS.UNSPECIFIED for Strategy MLS_FlashCrashReversalStrategy_SEI.US.ETORO_21-021
2026-06-11T20:05:48.349946519Z [INFO] eToro-Momentum-LS.eToro-Momentum-LS: Registered Strategy MLS_FlashCrashReversalStrategy_SEI.US.ETORO_21-021
2026-06-11T20:05:48.350036587Z [INFO] eToro-Momentum-LS.MLS_FlashCrashReversalStrategy_SEI.US.ETORO_22: READY
2026-06-11T20:05:48.350065882Z [DEBUG] eToro-Momentum-LS.MessageBus: Added Subscription(topic=events.order.MLS_FlashCrashReversalStrategy_SEI.US.ETORO_22-022, handler=<bound method Strategy.handle_event of FlashCrashReversalStrategy(MLS_FlashCrashReversalStrategy_SEI.US.ETORO_22-022)>, priority=0)
2026-06-11T20:05:48.350070901Z [DEBUG] eToro-Momentum-LS.MessageBus: Added Subscription(topic=events.position.MLS_FlashCrashReversalStrategy_SEI.US.ETORO_22-022, handler=<bound method Strategy.handle_event of FlashCrashReversalStrategy(MLS_FlashCrashReversalStrategy_SEI.US.ETORO_22-022)>, priority=0)
2026-06-11T20:05:48.350072915Z [INFO] eToro-Momentum-LS.ExecEngine: Registered OMS.UNSPECIFIED for Strategy MLS_FlashCrashReversalStrategy_SEI.US.ETORO_22-022
2026-06-11T20:05:48.350074197Z [INFO] eToro-Momentum-LS.eToro-Momentum-LS: Registered Strategy MLS_FlashCrashReversalStrategy_SEI.US.ETORO_22-022
2026-06-11T20:05:48.350164887Z [INFO] eToro-Momentum-LS.MLS_FlashCrashReversalStrategy_SEI.US.ETORO_23: READY
2026-06-11T20:05:48.350187940Z [DEBUG] eToro-Momentum-LS.MessageBus: Added Subscription(topic=events.order.MLS_FlashCrashReversalStrategy_SEI.US.ETORO_23-023, handler=<bound method Strategy.handle_event of FlashCrashReversalStrategy(MLS_FlashCrashReversalStrategy_SEI.US.ETORO_23-023)>, priority=0)
2026-06-11T20:05:48.350194622Z [DEBUG] eToro-Momentum-LS.MessageBus: Added Subscription(topic=events.position.MLS_FlashCrashReversalStrategy_SEI.US.ETORO_23-023, handler=<bound method Strategy.handle_event of FlashCrashReversalStrategy(MLS_FlashCrashReversalStrategy_SEI.US.ETORO_23-023)>, priority=0)
2026-06-11T20:05:48.350199692Z [INFO] eToro-Momentum-LS.ExecEngine: Registered OMS.UNSPECIFIED for Strategy MLS_FlashCrashReversalStrategy_SEI.US.ETORO_23-023
2026-06-11T20:05:48.350201425Z [INFO] eToro-Momentum-LS.eToro-Momentum-LS: Registered Strategy MLS_FlashCrashReversalStrategy_SEI.US.ETORO_23-023
2026-06-11T20:05:48.350279300Z [INFO] eToro-Momentum-LS.MLS_FlashCrashReversalStrategy_SEI.US.ETORO_24: READY
2026-06-11T20:05:48.350313735Z [DEBUG] eToro-Momentum-LS.MessageBus: Added Subscription(topic=events.order.MLS_FlashCrashReversalStrategy_SEI.US.ETORO_24-024, handler=<bound method Strategy.handle_event of FlashCrashReversalStrategy(MLS_FlashCrashReversalStrategy_SEI.US.ETORO_24-024)>, priority=0)
2026-06-11T20:05:48.350318694Z [DEBUG] eToro-Momentum-LS.MessageBus: Added Subscription(topic=events.position.MLS_FlashCrashReversalStrategy_SEI.US.ETORO_24-024, handler=<bound method Strategy.handle_event of FlashCrashReversalStrategy(MLS_FlashCrashReversalStrategy_SEI.US.ETORO_24-024)>, priority=0)
2026-06-11T20:05:48.350320698Z [INFO] eToro-Momentum-LS.ExecEngine: Registered OMS.UNSPECIFIED for Strategy MLS_FlashCrashReversalStrategy_SEI.US.ETORO_24-024
2026-06-11T20:05:48.350321870Z [INFO] eToro-Momentum-LS.eToro-Momentum-LS: Registered Strategy MLS_FlashCrashReversalStrategy_SEI.US.ETORO_24-024
2026-06-11T20:05:48.350410155Z [INFO] eToro-Momentum-LS.MLS_FlashCrashReversalStrategy_SEI.US.ETORO_25: READY
2026-06-11T20:05:48.350430392Z [DEBUG] eToro-Momentum-LS.MessageBus: Added Subscription(topic=events.order.MLS_FlashCrashReversalStrategy_SEI.US.ETORO_25-025, handler=<bound method Strategy.handle_event of FlashCrashReversalStrategy(MLS_FlashCrashReversalStrategy_SEI.US.ETORO_25-025)>, priority=0)
2026-06-11T20:05:48.350435342Z [DEBUG] eToro-Momentum-LS.MessageBus: Added Subscription(topic=events.position.MLS_FlashCrashReversalStrategy_SEI.US.ETORO_25-025, handler=<bound method Strategy.handle_event of FlashCrashReversalStrategy(MLS_FlashCrashReversalStrategy_SEI.US.ETORO_25-025)>, priority=0)
2026-06-11T20:05:48.350438327Z [INFO] eToro-Momentum-LS.ExecEngine: Registered OMS.UNSPECIFIED for Strategy MLS_FlashCrashReversalStrategy_SEI.US.ETORO_25-025
2026-06-11T20:05:48.350439620Z [INFO] eToro-Momentum-LS.eToro-Momentum-LS: Registered Strategy MLS_FlashCrashReversalStrategy_SEI.US.ETORO_25-025
2026-06-11T20:05:48.350543654Z [INFO] eToro-Momentum-LS.MLS_FlashCrashReversalStrategy_SEI.US.ETORO_26: READY
2026-06-11T20:05:48.350570855Z [DEBUG] eToro-Momentum-LS.MessageBus: Added Subscription(topic=events.order.MLS_FlashCrashReversalStrategy_SEI.US.ETORO_26-026, handler=<bound method Strategy.handle_event of FlashCrashReversalStrategy(MLS_FlashCrashReversalStrategy_SEI.US.ETORO_26-026)>, priority=0)
2026-06-11T20:05:48.350575964Z [DEBUG] eToro-Momentum-LS.MessageBus: Added Subscription(topic=events.position.MLS_FlashCrashReversalStrategy_SEI.US.ETORO_26-026, handler=<bound method Strategy.handle_event of FlashCrashReversalStrategy(MLS_FlashCrashReversalStrategy_SEI.US.ETORO_26-026)>, priority=0)
2026-06-11T20:05:48.350577798Z [INFO] eToro-Momentum-LS.ExecEngine: Registered OMS.UNSPECIFIED for Strategy MLS_FlashCrashReversalStrategy_SEI.US.ETORO_26-026
2026-06-11T20:05:48.350579300Z [INFO] eToro-Momentum-LS.eToro-Momentum-LS: Registered Strategy MLS_FlashCrashReversalStrategy_SEI.US.ETORO_26-026
2026-06-11T20:05:48.350663908Z [INFO] eToro-Momentum-LS.MLS_FlashCrashReversalStrategy_SEI.US.ETORO_27: READY
2026-06-11T20:05:48.350698403Z [DEBUG] eToro-Momentum-LS.MessageBus: Added Subscription(topic=events.order.MLS_FlashCrashReversalStrategy_SEI.US.ETORO_27-027, handler=<bound method Strategy.handle_event of FlashCrashReversalStrategy(MLS_FlashCrashReversalStrategy_SEI.US.ETORO_27-027)>, priority=0)
2026-06-11T20:05:48.350705907Z [DEBUG] eToro-Momentum-LS.MessageBus: Added Subscription(topic=events.position.MLS_FlashCrashReversalStrategy_SEI.US.ETORO_27-027, handler=<bound method Strategy.handle_event of FlashCrashReversalStrategy(MLS_FlashCrashReversalStrategy_SEI.US.ETORO_27-027)>, priority=0)
2026-06-11T20:05:48.350709874Z [INFO] eToro-Momentum-LS.ExecEngine: Registered OMS.UNSPECIFIED for Strategy MLS_FlashCrashReversalStrategy_SEI.US.ETORO_27-027
2026-06-11T20:05:48.350712098Z [INFO] eToro-Momentum-LS.eToro-Momentum-LS: Registered Strategy MLS_FlashCrashReversalStrategy_SEI.US.ETORO_27-027
2026-06-11T20:05:48.350837643Z [INFO] eToro-Momentum-LS.MLS_FlashCrashReversalStrategy_SEI.US.ETORO_28: READY
2026-06-11T20:05:48.350866667Z [DEBUG] eToro-Momentum-LS.MessageBus: Added Subscription(topic=events.order.MLS_FlashCrashReversalStrategy_SEI.US.ETORO_28-028, handler=<bound method Strategy.handle_event of FlashCrashReversalStrategy(MLS_FlashCrashReversalStrategy_SEI.US.ETORO_28-028)>, priority=0)
2026-06-11T20:05:48.350872828Z [DEBUG] eToro-Momentum-LS.MessageBus: Added Subscription(topic=events.position.MLS_FlashCrashReversalStrategy_SEI.US.ETORO_28-028, handler=<bound method Strategy.handle_event of FlashCrashReversalStrategy(MLS_FlashCrashReversalStrategy_SEI.US.ETORO_28-028)>, priority=0)
2026-06-11T20:05:48.350876225Z [INFO] eToro-Momentum-LS.ExecEngine: Registered OMS.UNSPECIFIED for Strategy MLS_FlashCrashReversalStrategy_SEI.US.ETORO_28-028
2026-06-11T20:05:48.350878108Z [INFO] eToro-Momentum-LS.eToro-Momentum-LS: Registered Strategy MLS_FlashCrashReversalStrategy_SEI.US.ETORO_28-028
2026-06-11T20:05:48.350995668Z [INFO] eToro-Momentum-LS.MLS_FlashCrashReversalStrategy_SEI.US.ETORO_29: READY
2026-06-11T20:05:48.351067732Z [DEBUG] eToro-Momentum-LS.MessageBus: Added Subscription(topic=events.order.MLS_FlashCrashReversalStrategy_SEI.US.ETORO_29-029, handler=<bound method Strategy.handle_event of FlashCrashReversalStrategy(MLS_FlashCrashReversalStrategy_SEI.US.ETORO_29-029)>, priority=0)
2026-06-11T20:05:48.351073092Z [DEBUG] eToro-Momentum-LS.MessageBus: Added Subscription(topic=events.position.MLS_FlashCrashReversalStrategy_SEI.US.ETORO_29-029, handler=<bound method Strategy.handle_event of FlashCrashReversalStrategy(MLS_FlashCrashReversalStrategy_SEI.US.ETORO_29-029)>, priority=0)
2026-06-11T20:05:48.351077030Z [INFO] eToro-Momentum-LS.ExecEngine: Registered OMS.UNSPECIFIED for Strategy MLS_FlashCrashReversalStrategy_SEI.US.ETORO_29-029
2026-06-11T20:05:48.351079123Z [INFO] eToro-Momentum-LS.eToro-Momentum-LS: Registered Strategy MLS_FlashCrashReversalStrategy_SEI.US.ETORO_29-029
2026-06-11T20:05:48.351176766Z [INFO] eToro-Momentum-LS.MLS_FlashCrashReversalStrategy_SEI.US.ETORO_30: READY
2026-06-11T20:05:48.351243540Z [DEBUG] eToro-Momentum-LS.MessageBus: Added Subscription(topic=events.order.MLS_FlashCrashReversalStrategy_SEI.US.ETORO_30-030, handler=<bound method Strategy.handle_event of FlashCrashReversalStrategy(MLS_FlashCrashReversalStrategy_SEI.US.ETORO_30-030)>, priority=0)
2026-06-11T20:05:48.351252828Z [DEBUG] eToro-Momentum-LS.MessageBus: Added Subscription(topic=events.position.MLS_FlashCrashReversalStrategy_SEI.US.ETORO_30-030, handler=<bound method Strategy.handle_event of FlashCrashReversalStrategy(MLS_FlashCrashReversalStrategy_SEI.US.ETORO_30-030)>, priority=0)
2026-06-11T20:05:48.351258198Z [INFO] eToro-Momentum-LS.ExecEngine: Registered OMS.UNSPECIFIED for Strategy MLS_FlashCrashReversalStrategy_SEI.US.ETORO_30-030
2026-06-11T20:05:48.351262045Z [INFO] eToro-Momentum-LS.eToro-Momentum-LS: Registered Strategy MLS_FlashCrashReversalStrategy_SEI.US.ETORO_30-030
2026-06-11T20:05:48.351393620Z [INFO] eToro-Momentum-LS.MLS_FlashCrashReversalStrategy_SEI.US.ETORO_31: READY
2026-06-11T20:05:48.351425430Z [DEBUG] eToro-Momentum-LS.MessageBus: Added Subscription(topic=events.order.MLS_FlashCrashReversalStrategy_SEI.US.ETORO_31-031, handler=<bound method Strategy.handle_event of FlashCrashReversalStrategy(MLS_FlashCrashReversalStrategy_SEI.US.ETORO_31-031)>, priority=0)
2026-06-11T20:05:48.351431451Z [DEBUG] eToro-Momentum-LS.MessageBus: Added Subscription(topic=events.position.MLS_FlashCrashReversalStrategy_SEI.US.ETORO_31-031, handler=<bound method Strategy.handle_event of FlashCrashReversalStrategy(MLS_FlashCrashReversalStrategy_SEI.US.ETORO_31-031)>, priority=0)
2026-06-11T20:05:48.351435809Z [INFO] eToro-Momentum-LS.ExecEngine: Registered OMS.UNSPECIFIED for Strategy MLS_FlashCrashReversalStrategy_SEI.US.ETORO_31-031
2026-06-11T20:05:48.351437883Z [INFO] eToro-Momentum-LS.eToro-Momentum-LS: Registered Strategy MLS_FlashCrashReversalStrategy_SEI.US.ETORO_31-031
2026-06-11T20:05:48.351545023Z [INFO] eToro-Momentum-LS.MLS_FlashCrashReversalStrategy_SEI.US.ETORO_32: READY
2026-06-11T20:05:48.351574248Z [DEBUG] eToro-Momentum-LS.MessageBus: Added Subscription(topic=events.order.MLS_FlashCrashReversalStrategy_SEI.US.ETORO_32-032, handler=<bound method Strategy.handle_event of FlashCrashReversalStrategy(MLS_FlashCrashReversalStrategy_SEI.US.ETORO_32-032)>, priority=0)
2026-06-11T20:05:48.351580048Z [DEBUG] eToro-Momentum-LS.MessageBus: Added Subscription(topic=events.position.MLS_FlashCrashReversalStrategy_SEI.US.ETORO_32-032, handler=<bound method Strategy.handle_event of FlashCrashReversalStrategy(MLS_FlashCrashReversalStrategy_SEI.US.ETORO_32-032)>, priority=0)
2026-06-11T20:05:48.351584517Z [INFO] eToro-Momentum-LS.ExecEngine: Registered OMS.UNSPECIFIED for Strategy MLS_FlashCrashReversalStrategy_SEI.US.ETORO_32-032
2026-06-11T20:05:48.351585980Z [INFO] eToro-Momentum-LS.eToro-Momentum-LS: Registered Strategy MLS_FlashCrashReversalStrategy_SEI.US.ETORO_32-032
2026-06-11T20:05:48.351671149Z [INFO] eToro-Momentum-LS.MLS_FlashCrashReversalStrategy_SEI.US.ETORO_33: READY
2026-06-11T20:05:48.351703118Z [DEBUG] eToro-Momentum-LS.MessageBus: Added Subscription(topic=events.order.MLS_FlashCrashReversalStrategy_SEI.US.ETORO_33-033, handler=<bound method Strategy.handle_event of FlashCrashReversalStrategy(MLS_FlashCrashReversalStrategy_SEI.US.ETORO_33-033)>, priority=0)
2026-06-11T20:05:48.351708418Z [DEBUG] eToro-Momentum-LS.MessageBus: Added Subscription(topic=events.position.MLS_FlashCrashReversalStrategy_SEI.US.ETORO_33-033, handler=<bound method Strategy.handle_event of FlashCrashReversalStrategy(MLS_FlashCrashReversalStrategy_SEI.US.ETORO_33-033)>, priority=0)
2026-06-11T20:05:48.351710843Z [INFO] eToro-Momentum-LS.ExecEngine: Registered OMS.UNSPECIFIED for Strategy MLS_FlashCrashReversalStrategy_SEI.US.ETORO_33-033
2026-06-11T20:05:48.351713087Z [INFO] eToro-Momentum-LS.eToro-Momentum-LS: Registered Strategy MLS_FlashCrashReversalStrategy_SEI.US.ETORO_33-033
2026-06-11T20:05:48.351794950Z [INFO] eToro-Momentum-LS.MLS_FlashCrashReversalStrategy_SEI.US.ETORO_34: READY
2026-06-11T20:05:48.351815157Z [DEBUG] eToro-Momentum-LS.MessageBus: Added Subscription(topic=events.order.MLS_FlashCrashReversalStrategy_SEI.US.ETORO_34-034, handler=<bound method Strategy.handle_event of FlashCrashReversalStrategy(MLS_FlashCrashReversalStrategy_SEI.US.ETORO_34-034)>, priority=0)
2026-06-11T20:05:48.351824054Z [DEBUG] eToro-Momentum-LS.MessageBus: Added Subscription(topic=events.position.MLS_FlashCrashReversalStrategy_SEI.US.ETORO_34-034, handler=<bound method Strategy.handle_event of FlashCrashReversalStrategy(MLS_FlashCrashReversalStrategy_SEI.US.ETORO_34-034)>, priority=0)
2026-06-11T20:05:48.351828222Z [INFO] eToro-Momentum-LS.ExecEngine: Registered OMS.UNSPECIFIED for Strategy MLS_FlashCrashReversalStrategy_SEI.US.ETORO_34-034
2026-06-11T20:05:48.351829825Z [INFO] eToro-Momentum-LS.eToro-Momentum-LS: Registered Strategy MLS_FlashCrashReversalStrategy_SEI.US.ETORO_34-034
2026-06-11T20:05:48.351903041Z [INFO] eToro-Momentum-LS.MLS_FlashCrashReversalStrategy_SEI.US.ETORO_35: READY
2026-06-11T20:05:48.351943006Z [DEBUG] eToro-Momentum-LS.MessageBus: Added Subscription(topic=events.order.MLS_FlashCrashReversalStrategy_SEI.US.ETORO_35-035, handler=<bound method Strategy.handle_event of FlashCrashReversalStrategy(MLS_FlashCrashReversalStrategy_SEI.US.ETORO_35-035)>, priority=0)
2026-06-11T20:05:48.351948226Z [DEBUG] eToro-Momentum-LS.MessageBus: Added Subscription(topic=events.position.MLS_FlashCrashReversalStrategy_SEI.US.ETORO_35-035, handler=<bound method Strategy.handle_event of FlashCrashReversalStrategy(MLS_FlashCrashReversalStrategy_SEI.US.ETORO_35-035)>, priority=0)
2026-06-11T20:05:48.351950310Z [INFO] eToro-Momentum-LS.ExecEngine: Registered OMS.UNSPECIFIED for Strategy MLS_FlashCrashReversalStrategy_SEI.US.ETORO_35-035
2026-06-11T20:05:48.351952814Z [INFO] eToro-Momentum-LS.eToro-Momentum-LS: Registered Strategy MLS_FlashCrashReversalStrategy_SEI.US.ETORO_35-035
2026-06-11T20:05:48.352033265Z [INFO] eToro-Momentum-LS.MLS_FlashCrashReversalStrategy_SEI.US.ETORO_36: READY
2026-06-11T20:05:48.352060195Z [DEBUG] eToro-Momentum-LS.MessageBus: Added Subscription(topic=events.order.MLS_FlashCrashReversalStrategy_SEI.US.ETORO_36-036, handler=<bound method Strategy.handle_event of FlashCrashReversalStrategy(MLS_FlashCrashReversalStrategy_SEI.US.ETORO_36-036)>, priority=0)
2026-06-11T20:05:48.352065755Z [DEBUG] eToro-Momentum-LS.MessageBus: Added Subscription(topic=events.position.MLS_FlashCrashReversalStrategy_SEI.US.ETORO_36-036, handler=<bound method Strategy.handle_event of FlashCrashReversalStrategy(MLS_FlashCrashReversalStrategy_SEI.US.ETORO_36-036)>, priority=0)
2026-06-11T20:05:48.352067418Z [INFO] eToro-Momentum-LS.ExecEngine: Registered OMS.UNSPECIFIED for Strategy MLS_FlashCrashReversalStrategy_SEI.US.ETORO_36-036
2026-06-11T20:05:48.352069492Z [INFO] eToro-Momentum-LS.eToro-Momentum-LS: Registered Strategy MLS_FlashCrashReversalStrategy_SEI.US.ETORO_36-036
2026-06-11T20:05:48.352149441Z [INFO] eToro-Momentum-LS.MLS_FlashCrashReversalStrategy_SEI.US.ETORO_37: READY
2026-06-11T20:05:48.352185489Z [DEBUG] eToro-Momentum-LS.MessageBus: Added Subscription(topic=events.order.MLS_FlashCrashReversalStrategy_SEI.US.ETORO_37-037, handler=<bound method Strategy.handle_event of FlashCrashReversalStrategy(MLS_FlashCrashReversalStrategy_SEI.US.ETORO_37-037)>, priority=0)
2026-06-11T20:05:48.352190899Z [DEBUG] eToro-Momentum-LS.MessageBus: Added Subscription(topic=events.position.MLS_FlashCrashReversalStrategy_SEI.US.ETORO_37-037, handler=<bound method Strategy.handle_event of FlashCrashReversalStrategy(MLS_FlashCrashReversalStrategy_SEI.US.ETORO_37-037)>, priority=0)
2026-06-11T20:05:48.352195527Z [INFO] eToro-Momentum-LS.ExecEngine: Registered OMS.UNSPECIFIED for Strategy MLS_FlashCrashReversalStrategy_SEI.US.ETORO_37-037
2026-06-11T20:05:48.352197140Z [INFO] eToro-Momentum-LS.eToro-Momentum-LS: Registered Strategy MLS_FlashCrashReversalStrategy_SEI.US.ETORO_37-037
2026-06-11T20:05:48.352263785Z [INFO] eToro-Momentum-LS.MLS_FlashCrashReversalStrategy_SEI.US.ETORO_38: READY
2026-06-11T20:05:48.352283211Z [DEBUG] eToro-Momentum-LS.MessageBus: Added Subscription(topic=events.order.MLS_FlashCrashReversalStrategy_SEI.US.ETORO_38-038, handler=<bound method Strategy.handle_event of FlashCrashReversalStrategy(MLS_FlashCrashReversalStrategy_SEI.US.ETORO_38-038)>, priority=0)
2026-06-11T20:05:48.352289733Z [DEBUG] eToro-Momentum-LS.MessageBus: Added Subscription(topic=events.position.MLS_FlashCrashReversalStrategy_SEI.US.ETORO_38-038, handler=<bound method Strategy.handle_event of FlashCrashReversalStrategy(MLS_FlashCrashReversalStrategy_SEI.US.ETORO_38-038)>, priority=0)
2026-06-11T20:05:48.352291927Z [INFO] eToro-Momentum-LS.ExecEngine: Registered OMS.UNSPECIFIED for Strategy MLS_FlashCrashReversalStrategy_SEI.US.ETORO_38-038
2026-06-11T20:05:48.352293310Z [INFO] eToro-Momentum-LS.eToro-Momentum-LS: Registered Strategy MLS_FlashCrashReversalStrategy_SEI.US.ETORO_38-038
2026-06-11T20:05:48.352409236Z [INFO] eToro-Momentum-LS.MLS_FlashCrashReversalStrategy_SEI.US.ETORO_39: READY
2026-06-11T20:05:48.352435335Z [DEBUG] eToro-Momentum-LS.MessageBus: Added Subscription(topic=events.order.MLS_FlashCrashReversalStrategy_SEI.US.ETORO_39-039, handler=<bound method Strategy.handle_event of FlashCrashReversalStrategy(MLS_FlashCrashReversalStrategy_SEI.US.ETORO_39-039)>, priority=0)
2026-06-11T20:05:48.352441006Z [DEBUG] eToro-Momentum-LS.MessageBus: Added Subscription(topic=events.position.MLS_FlashCrashReversalStrategy_SEI.US.ETORO_39-039, handler=<bound method Strategy.handle_event of FlashCrashReversalStrategy(MLS_FlashCrashReversalStrategy_SEI.US.ETORO_39-039)>, priority=0)
2026-06-11T20:05:48.352443240Z [INFO] eToro-Momentum-LS.ExecEngine: Registered OMS.UNSPECIFIED for Strategy MLS_FlashCrashReversalStrategy_SEI.US.ETORO_39-039
2026-06-11T20:05:48.352444663Z [INFO] eToro-Momentum-LS.eToro-Momentum-LS: Registered Strategy MLS_FlashCrashReversalStrategy_SEI.US.ETORO_39-039
2026-06-11T20:05:48.352525904Z [INFO] eToro-Momentum-LS.MLS_FlashCrashReversalStrategy_SEI.US.ETORO_40: READY
2026-06-11T20:05:48.352548486Z [DEBUG] eToro-Momentum-LS.MessageBus: Added Subscription(topic=events.order.MLS_FlashCrashReversalStrategy_SEI.US.ETORO_40-040, handler=<bound method Strategy.handle_event of FlashCrashReversalStrategy(MLS_FlashCrashReversalStrategy_SEI.US.ETORO_40-040)>, priority=0)
2026-06-11T20:05:48.352553977Z [DEBUG] eToro-Momentum-LS.MessageBus: Added Subscription(topic=events.position.MLS_FlashCrashReversalStrategy_SEI.US.ETORO_40-040, handler=<bound method Strategy.handle_event of FlashCrashReversalStrategy(MLS_FlashCrashReversalStrategy_SEI.US.ETORO_40-040)>, priority=0)
2026-06-11T20:05:48.352557884Z [INFO] eToro-Momentum-LS.ExecEngine: Registered OMS.UNSPECIFIED for Strategy MLS_FlashCrashReversalStrategy_SEI.US.ETORO_40-040
2026-06-11T20:05:48.352559176Z [INFO] eToro-Momentum-LS.eToro-Momentum-LS: Registered Strategy MLS_FlashCrashReversalStrategy_SEI.US.ETORO_40-040
2026-06-11T20:05:48.352630870Z [INFO] eToro-Momentum-LS.MLS_FlashCrashReversalStrategy_SEI.US.ETORO_41: READY
2026-06-11T20:05:48.352655967Z [DEBUG] eToro-Momentum-LS.MessageBus: Added Subscription(topic=events.order.MLS_FlashCrashReversalStrategy_SEI.US.ETORO_41-041, handler=<bound method Strategy.handle_event of FlashCrashReversalStrategy(MLS_FlashCrashReversalStrategy_SEI.US.ETORO_41-041)>, priority=0)
2026-06-11T20:05:48.352661618Z [DEBUG] eToro-Momentum-LS.MessageBus: Added Subscription(topic=events.position.MLS_FlashCrashReversalStrategy_SEI.US.ETORO_41-041, handler=<bound method Strategy.handle_event of FlashCrashReversalStrategy(MLS_FlashCrashReversalStrategy_SEI.US.ETORO_41-041)>, priority=0)
2026-06-11T20:05:48.352664102Z [INFO] eToro-Momentum-LS.ExecEngine: Registered OMS.UNSPECIFIED for Strategy MLS_FlashCrashReversalStrategy_SEI.US.ETORO_41-041
2026-06-11T20:05:48.352665625Z [INFO] eToro-Momentum-LS.eToro-Momentum-LS: Registered Strategy MLS_FlashCrashReversalStrategy_SEI.US.ETORO_41-041
2026-06-11T20:05:48.352740024Z [INFO] eToro-Momentum-LS.MLS_FlashCrashReversalStrategy_NOK.ETORO_42: READY
2026-06-11T20:05:48.352761364Z [DEBUG] eToro-Momentum-LS.MessageBus: Added Subscription(topic=events.order.MLS_FlashCrashReversalStrategy_NOK.ETORO_42-042, handler=<bound method Strategy.handle_event of FlashCrashReversalStrategy(MLS_FlashCrashReversalStrategy_NOK.ETORO_42-042)>, priority=0)
2026-06-11T20:05:48.352768267Z [DEBUG] eToro-Momentum-LS.MessageBus: Added Subscription(topic=events.position.MLS_FlashCrashReversalStrategy_NOK.ETORO_42-042, handler=<bound method Strategy.handle_event of FlashCrashReversalStrategy(MLS_FlashCrashReversalStrategy_NOK.ETORO_42-042)>, priority=0)
2026-06-11T20:05:48.352773677Z [INFO] eToro-Momentum-LS.ExecEngine: Registered OMS.UNSPECIFIED for Strategy MLS_FlashCrashReversalStrategy_NOK.ETORO_42-042
2026-06-11T20:05:48.352777374Z [INFO] eToro-Momentum-LS.eToro-Momentum-LS: Registered Strategy MLS_FlashCrashReversalStrategy_NOK.ETORO_42-042
2026-06-11T20:05:48.352855059Z [INFO] eToro-Momentum-LS.MLS_FlashCrashReversalStrategy_NOK.ETORO_43: READY
2026-06-11T20:05:48.352876308Z [DEBUG] eToro-Momentum-LS.MessageBus: Added Subscription(topic=events.order.MLS_FlashCrashReversalStrategy_NOK.ETORO_43-043, handler=<bound method Strategy.handle_event of FlashCrashReversalStrategy(MLS_FlashCrashReversalStrategy_NOK.ETORO_43-043)>, priority=0)
2026-06-11T20:05:48.352882209Z [DEBUG] eToro-Momentum-LS.MessageBus: Added Subscription(topic=events.position.MLS_FlashCrashReversalStrategy_NOK.ETORO_43-043, handler=<bound method Strategy.handle_event of FlashCrashReversalStrategy(MLS_FlashCrashReversalStrategy_NOK.ETORO_43-043)>, priority=0)
2026-06-11T20:05:48.352884424Z [INFO] eToro-Momentum-LS.ExecEngine: Registered OMS.UNSPECIFIED for Strategy MLS_FlashCrashReversalStrategy_NOK.ETORO_43-043
2026-06-11T20:05:48.352885706Z [INFO] eToro-Momentum-LS.eToro-Momentum-LS: Registered Strategy MLS_FlashCrashReversalStrategy_NOK.ETORO_43-043
2026-06-11T20:05:48.352975433Z [INFO] eToro-Momentum-LS.MLS_FlashCrashReversalStrategy_COHR.ETORO_44: READY
2026-06-11T20:05:48.353005119Z [DEBUG] eToro-Momentum-LS.MessageBus: Added Subscription(topic=events.order.MLS_FlashCrashReversalStrategy_COHR.ETORO_44-044, handler=<bound method Strategy.handle_event of FlashCrashReversalStrategy(MLS_FlashCrashReversalStrategy_COHR.ETORO_44-044)>, priority=0)
2026-06-11T20:05:48.353011290Z [DEBUG] eToro-Momentum-LS.MessageBus: Added Subscription(topic=events.position.MLS_FlashCrashReversalStrategy_COHR.ETORO_44-044, handler=<bound method Strategy.handle_event of FlashCrashReversalStrategy(MLS_FlashCrashReversalStrategy_COHR.ETORO_44-044)>, priority=0)
2026-06-11T20:05:48.353013154Z [INFO] eToro-Momentum-LS.ExecEngine: Registered OMS.UNSPECIFIED for Strategy MLS_FlashCrashReversalStrategy_COHR.ETORO_44-044
2026-06-11T20:05:48.353014326Z [INFO] eToro-Momentum-LS.eToro-Momentum-LS: Registered Strategy MLS_FlashCrashReversalStrategy_COHR.ETORO_44-044
2026-06-11T20:05:48.353085489Z [INFO] eToro-Momentum-LS.MLS_FlashCrashReversalStrategy_COHR.ETORO_45: READY
2026-06-11T20:05:48.353110896Z [DEBUG] eToro-Momentum-LS.MessageBus: Added Subscription(topic=events.order.MLS_FlashCrashReversalStrategy_COHR.ETORO_45-045, handler=<bound method Strategy.handle_event of FlashCrashReversalStrategy(MLS_FlashCrashReversalStrategy_COHR.ETORO_45-045)>, priority=0)
2026-06-11T20:05:48.353116687Z [DEBUG] eToro-Momentum-LS.MessageBus: Added Subscription(topic=events.position.MLS_FlashCrashReversalStrategy_COHR.ETORO_45-045, handler=<bound method Strategy.handle_event of FlashCrashReversalStrategy(MLS_FlashCrashReversalStrategy_COHR.ETORO_45-045)>, priority=0)
2026-06-11T20:05:48.353119322Z [INFO] eToro-Momentum-LS.ExecEngine: Registered OMS.UNSPECIFIED for Strategy MLS_FlashCrashReversalStrategy_COHR.ETORO_45-045
2026-06-11T20:05:48.353120564Z [INFO] eToro-Momentum-LS.eToro-Momentum-LS: Registered Strategy MLS_FlashCrashReversalStrategy_COHR.ETORO_45-045
2026-06-11T20:05:48.353196186Z [INFO] eToro-Momentum-LS.MLS_FlashCrashReversalStrategy_COHR.ETORO_46: READY
2026-06-11T20:05:48.353221232Z [DEBUG] eToro-Momentum-LS.MessageBus: Added Subscription(topic=events.order.MLS_FlashCrashReversalStrategy_COHR.ETORO_46-046, handler=<bound method Strategy.handle_event of FlashCrashReversalStrategy(MLS_FlashCrashReversalStrategy_COHR.ETORO_46-046)>, priority=0)
2026-06-11T20:05:48.353226963Z [DEBUG] eToro-Momentum-LS.MessageBus: Added Subscription(topic=events.position.MLS_FlashCrashReversalStrategy_COHR.ETORO_46-046, handler=<bound method Strategy.handle_event of FlashCrashReversalStrategy(MLS_FlashCrashReversalStrategy_COHR.ETORO_46-046)>, priority=0)
2026-06-11T20:05:48.353228606Z [INFO] eToro-Momentum-LS.ExecEngine: Registered OMS.UNSPECIFIED for Strategy MLS_FlashCrashReversalStrategy_COHR.ETORO_46-046
2026-06-11T20:05:48.353230309Z [INFO] eToro-Momentum-LS.eToro-Momentum-LS: Registered Strategy MLS_FlashCrashReversalStrategy_COHR.ETORO_46-046
2026-06-11T20:05:48.353539897Z [INFO] eToro-Momentum-LS.MLS_FlashCrashReversalStrategy_COHR.ETORO_47: READY
2026-06-11T20:05:48.353586725Z [DEBUG] eToro-Momentum-LS.MessageBus: Added Subscription(topic=events.order.MLS_FlashCrashReversalStrategy_COHR.ETORO_47-047, handler=<bound method Strategy.handle_event of FlashCrashReversalStrategy(MLS_FlashCrashReversalStrategy_COHR.ETORO_47-047)>, priority=0)
2026-06-11T20:05:48.353593317Z [DEBUG] eToro-Momentum-LS.MessageBus: Added Subscription(topic=events.position.MLS_FlashCrashReversalStrategy_COHR.ETORO_47-047, handler=<bound method Strategy.handle_event of FlashCrashReversalStrategy(MLS_FlashCrashReversalStrategy_COHR.ETORO_47-047)>, priority=0)
2026-06-11T20:05:48.353597815Z [INFO] eToro-Momentum-LS.ExecEngine: Registered OMS.UNSPECIFIED for Strategy MLS_FlashCrashReversalStrategy_COHR.ETORO_47-047
2026-06-11T20:05:48.353599829Z [INFO] eToro-Momentum-LS.eToro-Momentum-LS: Registered Strategy MLS_FlashCrashReversalStrategy_COHR.ETORO_47-047
2026-06-11T20:05:48.353722188Z [INFO] eToro-Momentum-LS.MLS_FlashCrashReversalStrategy_COHR.ETORO_48: READY
2026-06-11T20:05:48.353805193Z [DEBUG] eToro-Momentum-LS.MessageBus: Added Subscription(topic=events.order.MLS_FlashCrashReversalStrategy_COHR.ETORO_48-048, handler=<bound method Strategy.handle_event of FlashCrashReversalStrategy(MLS_FlashCrashReversalStrategy_COHR.ETORO_48-048)>, priority=0)
2026-06-11T20:05:48.353811074Z [DEBUG] eToro-Momentum-LS.MessageBus: Added Subscription(topic=events.position.MLS_FlashCrashReversalStrategy_COHR.ETORO_48-048, handler=<bound method Strategy.handle_event of FlashCrashReversalStrategy(MLS_FlashCrashReversalStrategy_COHR.ETORO_48-048)>, priority=0)
2026-06-11T20:05:48.353813608Z [INFO] eToro-Momentum-LS.ExecEngine: Registered OMS.UNSPECIFIED for Strategy MLS_FlashCrashReversalStrategy_COHR.ETORO_48-048
2026-06-11T20:05:48.353814931Z [INFO] eToro-Momentum-LS.eToro-Momentum-LS: Registered Strategy MLS_FlashCrashReversalStrategy_COHR.ETORO_48-048
2026-06-11T20:05:48.353914657Z [INFO] eToro-Momentum-LS.MLS_FlashCrashReversalStrategy_COHR.ETORO_49: READY
2026-06-11T20:05:48.353945394Z [DEBUG] eToro-Momentum-LS.MessageBus: Added Subscription(topic=events.order.MLS_FlashCrashReversalStrategy_COHR.ETORO_49-049, handler=<bound method Strategy.handle_event of FlashCrashReversalStrategy(MLS_FlashCrashReversalStrategy_COHR.ETORO_49-049)>, priority=0)
2026-06-11T20:05:48.353951516Z [DEBUG] eToro-Momentum-LS.MessageBus: Added Subscription(topic=events.position.MLS_FlashCrashReversalStrategy_COHR.ETORO_49-049, handler=<bound method Strategy.handle_event of FlashCrashReversalStrategy(MLS_FlashCrashReversalStrategy_COHR.ETORO_49-049)>, priority=0)
2026-06-11T20:05:48.353953549Z [INFO] eToro-Momentum-LS.ExecEngine: Registered OMS.UNSPECIFIED for Strategy MLS_FlashCrashReversalStrategy_COHR.ETORO_49-049
2026-06-11T20:05:48.353955022Z [INFO] eToro-Momentum-LS.eToro-Momentum-LS: Registered Strategy MLS_FlashCrashReversalStrategy_COHR.ETORO_49-049
2026-06-11T20:05:48.354034831Z [INFO] eToro-Momentum-LS.MLS_FlashCrashReversalStrategy_COHR.ETORO_50: READY
2026-06-11T20:05:48.354064917Z [DEBUG] eToro-Momentum-LS.MessageBus: Added Subscription(topic=events.order.MLS_FlashCrashReversalStrategy_COHR.ETORO_50-050, handler=<bound method Strategy.handle_event of FlashCrashReversalStrategy(MLS_FlashCrashReversalStrategy_COHR.ETORO_50-050)>, priority=0)
2026-06-11T20:05:48.354070818Z [DEBUG] eToro-Momentum-LS.MessageBus: Added Subscription(topic=events.position.MLS_FlashCrashReversalStrategy_COHR.ETORO_50-050, handler=<bound method Strategy.handle_event of FlashCrashReversalStrategy(MLS_FlashCrashReversalStrategy_COHR.ETORO_50-050)>, priority=0)
2026-06-11T20:05:48.354073734Z [INFO] eToro-Momentum-LS.ExecEngine: Registered OMS.UNSPECIFIED for Strategy MLS_FlashCrashReversalStrategy_COHR.ETORO_50-050
2026-06-11T20:05:48.354074996Z [INFO] eToro-Momentum-LS.eToro-Momentum-LS: Registered Strategy MLS_FlashCrashReversalStrategy_COHR.ETORO_50-050
2026-06-11T20:05:48.354158893Z [INFO] eToro-Momentum-LS.MLS_FlashCrashReversalStrategy_COHR.ETORO_51: READY
2026-06-11T20:05:48.354193728Z [DEBUG] eToro-Momentum-LS.MessageBus: Added Subscription(topic=events.order.MLS_FlashCrashReversalStrategy_COHR.ETORO_51-051, handler=<bound method Strategy.handle_event of FlashCrashReversalStrategy(MLS_FlashCrashReversalStrategy_COHR.ETORO_51-051)>, priority=0)
2026-06-11T20:05:48.354201282Z [DEBUG] eToro-Momentum-LS.MessageBus: Added Subscription(topic=events.position.MLS_FlashCrashReversalStrategy_COHR.ETORO_51-051, handler=<bound method Strategy.handle_event of FlashCrashReversalStrategy(MLS_FlashCrashReversalStrategy_COHR.ETORO_51-051)>, priority=0)
2026-06-11T20:05:48.354204328Z [INFO] eToro-Momentum-LS.ExecEngine: Registered OMS.UNSPECIFIED for Strategy MLS_FlashCrashReversalStrategy_COHR.ETORO_51-051
2026-06-11T20:05:48.354205660Z [INFO] eToro-Momentum-LS.eToro-Momentum-LS: Registered Strategy MLS_FlashCrashReversalStrategy_COHR.ETORO_51-051
2026-06-11T20:05:48.354285880Z [INFO] eToro-Momentum-LS.MLS_FlashCrashReversalStrategy_COHR.ETORO_52: READY
2026-06-11T20:05:48.354314684Z [DEBUG] eToro-Momentum-LS.MessageBus: Added Subscription(topic=events.order.MLS_FlashCrashReversalStrategy_COHR.ETORO_52-052, handler=<bound method Strategy.handle_event of FlashCrashReversalStrategy(MLS_FlashCrashReversalStrategy_COHR.ETORO_52-052)>, priority=0)
2026-06-11T20:05:48.354320675Z [DEBUG] eToro-Momentum-LS.MessageBus: Added Subscription(topic=events.position.MLS_FlashCrashReversalStrategy_COHR.ETORO_52-052, handler=<bound method Strategy.handle_event of FlashCrashReversalStrategy(MLS_FlashCrashReversalStrategy_COHR.ETORO_52-052)>, priority=0)
2026-06-11T20:05:48.354322458Z [INFO] eToro-Momentum-LS.ExecEngine: Registered OMS.UNSPECIFIED for Strategy MLS_FlashCrashReversalStrategy_COHR.ETORO_52-052
2026-06-11T20:05:48.354323670Z [INFO] eToro-Momentum-LS.eToro-Momentum-LS: Registered Strategy MLS_FlashCrashReversalStrategy_COHR.ETORO_52-052
2026-06-11T20:05:48.354406485Z [INFO] eToro-Momentum-LS.MLS_FlashCrashReversalStrategy_COHR.ETORO_53: READY
2026-06-11T20:05:48.354432303Z [DEBUG] eToro-Momentum-LS.MessageBus: Added Subscription(topic=events.order.MLS_FlashCrashReversalStrategy_COHR.ETORO_53-053, handler=<bound method Strategy.handle_event of FlashCrashReversalStrategy(MLS_FlashCrashReversalStrategy_COHR.ETORO_53-053)>, priority=0)
2026-06-11T20:05:48.354438425Z [DEBUG] eToro-Momentum-LS.MessageBus: Added Subscription(topic=events.position.MLS_FlashCrashReversalStrategy_COHR.ETORO_53-053, handler=<bound method Strategy.handle_event of FlashCrashReversalStrategy(MLS_FlashCrashReversalStrategy_COHR.ETORO_53-053)>, priority=0)
2026-06-11T20:05:48.354441390Z [INFO] eToro-Momentum-LS.ExecEngine: Registered OMS.UNSPECIFIED for Strategy MLS_FlashCrashReversalStrategy_COHR.ETORO_53-053
2026-06-11T20:05:48.354442763Z [INFO] eToro-Momentum-LS.eToro-Momentum-LS: Registered Strategy MLS_FlashCrashReversalStrategy_COHR.ETORO_53-053
2026-06-11T20:05:48.354549482Z [INFO] eToro-Momentum-LS.MLS_FlashCrashReversalStrategy_COHR.ETORO_54: READY
2026-06-11T20:05:48.354574849Z [DEBUG] eToro-Momentum-LS.MessageBus: Added Subscription(topic=events.order.MLS_FlashCrashReversalStrategy_COHR.ETORO_54-054, handler=<bound method Strategy.handle_event of FlashCrashReversalStrategy(MLS_FlashCrashReversalStrategy_COHR.ETORO_54-054)>, priority=0)
2026-06-11T20:05:48.354580971Z [DEBUG] eToro-Momentum-LS.MessageBus: Added Subscription(topic=events.position.MLS_FlashCrashReversalStrategy_COHR.ETORO_54-054, handler=<bound method Strategy.handle_event of FlashCrashReversalStrategy(MLS_FlashCrashReversalStrategy_COHR.ETORO_54-054)>, priority=0)
2026-06-11T20:05:48.354583025Z [INFO] eToro-Momentum-LS.ExecEngine: Registered OMS.UNSPECIFIED for Strategy MLS_FlashCrashReversalStrategy_COHR.ETORO_54-054
2026-06-11T20:05:48.354584117Z [INFO] eToro-Momentum-LS.eToro-Momentum-LS: Registered Strategy MLS_FlashCrashReversalStrategy_COHR.ETORO_54-054
2026-06-11T20:05:48.354655219Z [INFO] eToro-Momentum-LS.MLS_FlashCrashReversalStrategy_LQDA.ETORO_55: READY
2026-06-11T20:05:48.354679835Z [DEBUG] eToro-Momentum-LS.MessageBus: Added Subscription(topic=events.order.MLS_FlashCrashReversalStrategy_LQDA.ETORO_55-055, handler=<bound method Strategy.handle_event of FlashCrashReversalStrategy(MLS_FlashCrashReversalStrategy_LQDA.ETORO_55-055)>, priority=0)
2026-06-11T20:05:48.354686047Z [DEBUG] eToro-Momentum-LS.MessageBus: Added Subscription(topic=events.position.MLS_FlashCrashReversalStrategy_LQDA.ETORO_55-055, handler=<bound method Strategy.handle_event of FlashCrashReversalStrategy(MLS_FlashCrashReversalStrategy_LQDA.ETORO_55-055)>, priority=0)
2026-06-11T20:05:48.354688201Z [INFO] eToro-Momentum-LS.ExecEngine: Registered OMS.UNSPECIFIED for Strategy MLS_FlashCrashReversalStrategy_LQDA.ETORO_55-055
2026-06-11T20:05:48.354689283Z [INFO] eToro-Momentum-LS.eToro-Momentum-LS: Registered Strategy MLS_FlashCrashReversalStrategy_LQDA.ETORO_55-055
2026-06-11T20:05:48.354756308Z [INFO] eToro-Momentum-LS.MLS_FlashCrashReversalStrategy_LQDA.ETORO_56: READY
2026-06-11T20:05:48.354779852Z [DEBUG] eToro-Momentum-LS.MessageBus: Added Subscription(topic=events.order.MLS_FlashCrashReversalStrategy_LQDA.ETORO_56-056, handler=<bound method Strategy.handle_event of FlashCrashReversalStrategy(MLS_FlashCrashReversalStrategy_LQDA.ETORO_56-056)>, priority=0)
2026-06-11T20:05:48.354786795Z [DEBUG] eToro-Momentum-LS.MessageBus: Added Subscription(topic=events.position.MLS_FlashCrashReversalStrategy_LQDA.ETORO_56-056, handler=<bound method Strategy.handle_event of FlashCrashReversalStrategy(MLS_FlashCrashReversalStrategy_LQDA.ETORO_56-056)>, priority=0)
2026-06-11T20:05:48.354790151Z [INFO] eToro-Momentum-LS.ExecEngine: Registered OMS.UNSPECIFIED for Strategy MLS_FlashCrashReversalStrategy_LQDA.ETORO_56-056
2026-06-11T20:05:48.354791744Z [INFO] eToro-Momentum-LS.eToro-Momentum-LS: Registered Strategy MLS_FlashCrashReversalStrategy_LQDA.ETORO_56-056
2026-06-11T20:05:48.354876092Z [INFO] eToro-Momentum-LS.MLS_FlashCrashReversalStrategy_LQDA.ETORO_57: READY
2026-06-11T20:05:48.354900648Z [DEBUG] eToro-Momentum-LS.MessageBus: Added Subscription(topic=events.order.MLS_FlashCrashReversalStrategy_LQDA.ETORO_57-057, handler=<bound method Strategy.handle_event of FlashCrashReversalStrategy(MLS_FlashCrashReversalStrategy_LQDA.ETORO_57-057)>, priority=0)
2026-06-11T20:05:48.354914614Z [DEBUG] eToro-Momentum-LS.MessageBus: Added Subscription(topic=events.position.MLS_FlashCrashReversalStrategy_LQDA.ETORO_57-057, handler=<bound method Strategy.handle_event of FlashCrashReversalStrategy(MLS_FlashCrashReversalStrategy_LQDA.ETORO_57-057)>, priority=0)
2026-06-11T20:05:48.354917599Z [INFO] eToro-Momentum-LS.ExecEngine: Registered OMS.UNSPECIFIED for Strategy MLS_FlashCrashReversalStrategy_LQDA.ETORO_57-057
2026-06-11T20:05:48.354919182Z [INFO] eToro-Momentum-LS.eToro-Momentum-LS: Registered Strategy MLS_FlashCrashReversalStrategy_LQDA.ETORO_57-057
2026-06-11T20:05:48.355037854Z [INFO] eToro-Momentum-LS.MLS_FlashCrashReversalStrategy_LQDA.ETORO_58: READY
2026-06-11T20:05:48.355065636Z [DEBUG] eToro-Momentum-LS.MessageBus: Added Subscription(topic=events.order.MLS_FlashCrashReversalStrategy_LQDA.ETORO_58-058, handler=<bound method Strategy.handle_event of FlashCrashReversalStrategy(MLS_FlashCrashReversalStrategy_LQDA.ETORO_58-058)>, priority=0)
2026-06-11T20:05:48.355075324Z [DEBUG] eToro-Momentum-LS.MessageBus: Added Subscription(topic=events.position.MLS_FlashCrashReversalStrategy_LQDA.ETORO_58-058, handler=<bound method Strategy.handle_event of FlashCrashReversalStrategy(MLS_FlashCrashReversalStrategy_LQDA.ETORO_58-058)>, priority=0)
2026-06-11T20:05:48.355079341Z [INFO] eToro-Momentum-LS.ExecEngine: Registered OMS.UNSPECIFIED for Strategy MLS_FlashCrashReversalStrategy_LQDA.ETORO_58-058
2026-06-11T20:05:48.355080674Z [INFO] eToro-Momentum-LS.eToro-Momentum-LS: Registered Strategy MLS_FlashCrashReversalStrategy_LQDA.ETORO_58-058
2026-06-11T20:05:48.355160142Z [INFO] eToro-Momentum-LS.MLS_FlashCrashReversalStrategy_LQDA.ETORO_59: READY
2026-06-11T20:05:48.355192543Z [DEBUG] eToro-Momentum-LS.MessageBus: Added Subscription(topic=events.order.MLS_FlashCrashReversalStrategy_LQDA.ETORO_59-059, handler=<bound method Strategy.handle_event of FlashCrashReversalStrategy(MLS_FlashCrashReversalStrategy_LQDA.ETORO_59-059)>, priority=0)
2026-06-11T20:05:48.355199155Z [DEBUG] eToro-Momentum-LS.MessageBus: Added Subscription(topic=events.position.MLS_FlashCrashReversalStrategy_LQDA.ETORO_59-059, handler=<bound method Strategy.handle_event of FlashCrashReversalStrategy(MLS_FlashCrashReversalStrategy_LQDA.ETORO_59-059)>, priority=0)
2026-06-11T20:05:48.355201409Z [INFO] eToro-Momentum-LS.ExecEngine: Registered OMS.UNSPECIFIED for Strategy MLS_FlashCrashReversalStrategy_LQDA.ETORO_59-059
2026-06-11T20:05:48.355202641Z [INFO] eToro-Momentum-LS.eToro-Momentum-LS: Registered Strategy MLS_FlashCrashReversalStrategy_LQDA.ETORO_59-059
2026-06-11T20:05:48.355279595Z [INFO] eToro-Momentum-LS.MLS_FlashCrashReversalStrategy_LQDA.ETORO_60: READY
2026-06-11T20:05:48.355306295Z [DEBUG] eToro-Momentum-LS.MessageBus: Added Subscription(topic=events.order.MLS_FlashCrashReversalStrategy_LQDA.ETORO_60-060, handler=<bound method Strategy.handle_event of FlashCrashReversalStrategy(MLS_FlashCrashReversalStrategy_LQDA.ETORO_60-060)>, priority=0)
2026-06-11T20:05:48.355312617Z [DEBUG] eToro-Momentum-LS.MessageBus: Added Subscription(topic=events.position.MLS_FlashCrashReversalStrategy_LQDA.ETORO_60-060, handler=<bound method Strategy.handle_event of FlashCrashReversalStrategy(MLS_FlashCrashReversalStrategy_LQDA.ETORO_60-060)>, priority=0)
2026-06-11T20:05:48.355314821Z [INFO] eToro-Momentum-LS.ExecEngine: Registered OMS.UNSPECIFIED for Strategy MLS_FlashCrashReversalStrategy_LQDA.ETORO_60-060
2026-06-11T20:05:48.355316053Z [INFO] eToro-Momentum-LS.eToro-Momentum-LS: Registered Strategy MLS_FlashCrashReversalStrategy_LQDA.ETORO_60-060
2026-06-11T20:05:48.355391584Z [INFO] eToro-Momentum-LS.MLS_FlashCrashReversalStrategy_LQDA.ETORO_61: READY
2026-06-11T20:05:48.355415339Z [DEBUG] eToro-Momentum-LS.MessageBus: Added Subscription(topic=events.order.MLS_FlashCrashReversalStrategy_LQDA.ETORO_61-061, handler=<bound method Strategy.handle_event of FlashCrashReversalStrategy(MLS_FlashCrashReversalStrategy_LQDA.ETORO_61-061)>, priority=0)
2026-06-11T20:05:48.355421590Z [DEBUG] eToro-Momentum-LS.MessageBus: Added Subscription(topic=events.position.MLS_FlashCrashReversalStrategy_LQDA.ETORO_61-061, handler=<bound method Strategy.handle_event of FlashCrashReversalStrategy(MLS_FlashCrashReversalStrategy_LQDA.ETORO_61-061)>, priority=0)
2026-06-11T20:05:48.355424165Z [INFO] eToro-Momentum-LS.ExecEngine: Registered OMS.UNSPECIFIED for Strategy MLS_FlashCrashReversalStrategy_LQDA.ETORO_61-061
2026-06-11T20:05:48.355425417Z [INFO] eToro-Momentum-LS.eToro-Momentum-LS: Registered Strategy MLS_FlashCrashReversalStrategy_LQDA.ETORO_61-061
2026-06-11T20:05:48.355499155Z [INFO] eToro-Momentum-LS.MLS_FlashCrashReversalStrategy_LQDA.ETORO_62: READY
2026-06-11T20:05:48.355524613Z [DEBUG] eToro-Momentum-LS.MessageBus: Added Subscription(topic=events.order.MLS_FlashCrashReversalStrategy_LQDA.ETORO_62-062, handler=<bound method Strategy.handle_event of FlashCrashReversalStrategy(MLS_FlashCrashReversalStrategy_LQDA.ETORO_62-062)>, priority=0)
2026-06-11T20:05:48.355530684Z [DEBUG] eToro-Momentum-LS.MessageBus: Added Subscription(topic=events.position.MLS_FlashCrashReversalStrategy_LQDA.ETORO_62-062, handler=<bound method Strategy.handle_event of FlashCrashReversalStrategy(MLS_FlashCrashReversalStrategy_LQDA.ETORO_62-062)>, priority=0)
2026-06-11T20:05:48.355533138Z [INFO] eToro-Momentum-LS.ExecEngine: Registered OMS.UNSPECIFIED for Strategy MLS_FlashCrashReversalStrategy_LQDA.ETORO_62-062
2026-06-11T20:05:48.355534291Z [INFO] eToro-Momentum-LS.eToro-Momentum-LS: Registered Strategy MLS_FlashCrashReversalStrategy_LQDA.ETORO_62-062
2026-06-11T20:05:48.355609922Z [INFO] eToro-Momentum-LS.MLS_FlashCrashReversalStrategy_LQDA.ETORO_63: READY
2026-06-11T20:05:48.355634067Z [DEBUG] eToro-Momentum-LS.MessageBus: Added Subscription(topic=events.order.MLS_FlashCrashReversalStrategy_LQDA.ETORO_63-063, handler=<bound method Strategy.handle_event of FlashCrashReversalStrategy(MLS_FlashCrashReversalStrategy_LQDA.ETORO_63-063)>, priority=0)
2026-06-11T20:05:48.355640589Z [DEBUG] eToro-Momentum-LS.MessageBus: Added Subscription(topic=events.position.MLS_FlashCrashReversalStrategy_LQDA.ETORO_63-063, handler=<bound method Strategy.handle_event of FlashCrashReversalStrategy(MLS_FlashCrashReversalStrategy_LQDA.ETORO_63-063)>, priority=0)
2026-06-11T20:05:48.355644206Z [INFO] eToro-Momentum-LS.ExecEngine: Registered OMS.UNSPECIFIED for Strategy MLS_FlashCrashReversalStrategy_LQDA.ETORO_63-063
2026-06-11T20:05:48.355645288Z [INFO] eToro-Momentum-LS.eToro-Momentum-LS: Registered Strategy MLS_FlashCrashReversalStrategy_LQDA.ETORO_63-063
2026-06-11T20:05:48.355710480Z [INFO] eToro-Momentum-LS.MLS_FlashCrashReversalStrategy_LQDA.ETORO_64: READY
2026-06-11T20:05:48.355732561Z [DEBUG] eToro-Momentum-LS.MessageBus: Added Subscription(topic=events.order.MLS_FlashCrashReversalStrategy_LQDA.ETORO_64-064, handler=<bound method Strategy.handle_event of FlashCrashReversalStrategy(MLS_FlashCrashReversalStrategy_LQDA.ETORO_64-064)>, priority=0)
2026-06-11T20:05:48.355739043Z [DEBUG] eToro-Momentum-LS.MessageBus: Added Subscription(topic=events.position.MLS_FlashCrashReversalStrategy_LQDA.ETORO_64-064, handler=<bound method Strategy.handle_event of FlashCrashReversalStrategy(MLS_FlashCrashReversalStrategy_LQDA.ETORO_64-064)>, priority=0)
2026-06-11T20:05:48.355741568Z [INFO] eToro-Momentum-LS.ExecEngine: Registered OMS.UNSPECIFIED for Strategy MLS_FlashCrashReversalStrategy_LQDA.ETORO_64-064
2026-06-11T20:05:48.355742509Z [INFO] eToro-Momentum-LS.eToro-Momentum-LS: Registered Strategy MLS_FlashCrashReversalStrategy_LQDA.ETORO_64-064
2026-06-11T20:05:48.355807982Z [INFO] eToro-Momentum-LS.MLS_FlashCrashReversalStrategy_LQDA.ETORO_65: READY
2026-06-11T20:05:48.355831956Z [DEBUG] eToro-Momentum-LS.MessageBus: Added Subscription(topic=events.order.MLS_FlashCrashReversalStrategy_LQDA.ETORO_65-065, handler=<bound method Strategy.handle_event of FlashCrashReversalStrategy(MLS_FlashCrashReversalStrategy_LQDA.ETORO_65-065)>, priority=0)
2026-06-11T20:05:48.355838759Z [DEBUG] eToro-Momentum-LS.MessageBus: Added Subscription(topic=events.position.MLS_FlashCrashReversalStrategy_LQDA.ETORO_65-065, handler=<bound method Strategy.handle_event of FlashCrashReversalStrategy(MLS_FlashCrashReversalStrategy_LQDA.ETORO_65-065)>, priority=0)
2026-06-11T20:05:48.355840783Z [INFO] eToro-Momentum-LS.ExecEngine: Registered OMS.UNSPECIFIED for Strategy MLS_FlashCrashReversalStrategy_LQDA.ETORO_65-065
2026-06-11T20:05:48.355841955Z [INFO] eToro-Momentum-LS.eToro-Momentum-LS: Registered Strategy MLS_FlashCrashReversalStrategy_LQDA.ETORO_65-065
2026-06-11T20:05:48.355914040Z [INFO] eToro-Momentum-LS.MLS_FlashCrashReversalStrategy_LQDA.ETORO_66: READY
2026-06-11T20:05:48.355943344Z [DEBUG] eToro-Momentum-LS.MessageBus: Added Subscription(topic=events.order.MLS_FlashCrashReversalStrategy_LQDA.ETORO_66-066, handler=<bound method Strategy.handle_event of FlashCrashReversalStrategy(MLS_FlashCrashReversalStrategy_LQDA.ETORO_66-066)>, priority=0)
2026-06-11T20:05:48.355949726Z [DEBUG] eToro-Momentum-LS.MessageBus: Added Subscription(topic=events.position.MLS_FlashCrashReversalStrategy_LQDA.ETORO_66-066, handler=<bound method Strategy.handle_event of FlashCrashReversalStrategy(MLS_FlashCrashReversalStrategy_LQDA.ETORO_66-066)>, priority=0)
2026-06-11T20:05:48.355952251Z [INFO] eToro-Momentum-LS.ExecEngine: Registered OMS.UNSPECIFIED for Strategy MLS_FlashCrashReversalStrategy_LQDA.ETORO_66-066
2026-06-11T20:05:48.355953313Z [INFO] eToro-Momentum-LS.eToro-Momentum-LS: Registered Strategy MLS_FlashCrashReversalStrategy_LQDA.ETORO_66-066
2026-06-11T20:05:48.356020929Z [INFO] eToro-Momentum-LS.MLS_FlashCrashReversalStrategy_LQDA.ETORO_67: READY
2026-06-11T20:05:48.364015404Z [DEBUG] eToro-Momentum-LS.MessageBus: Added Subscription(topic=events.order.MLS_FlashCrashReversalStrategy_LQDA.ETORO_67-067, handler=<bound method Strategy.handle_event of FlashCrashReversalStrategy(MLS_FlashCrashReversalStrategy_LQDA.ETORO_67-067)>, priority=0)
2026-06-11T20:05:48.364036123Z [DEBUG] eToro-Momentum-LS.MessageBus: Added Subscription(topic=events.position.MLS_FlashCrashReversalStrategy_LQDA.ETORO_67-067, handler=<bound method Strategy.handle_event of FlashCrashReversalStrategy(MLS_FlashCrashReversalStrategy_LQDA.ETORO_67-067)>, priority=0)
2026-06-11T20:05:48.364051762Z [INFO] eToro-Momentum-LS.ExecEngine: Registered OMS.UNSPECIFIED for Strategy MLS_FlashCrashReversalStrategy_LQDA.ETORO_67-067
2026-06-11T20:05:48.364058204Z [INFO] eToro-Momentum-LS.eToro-Momentum-LS: Registered Strategy MLS_FlashCrashReversalStrategy_LQDA.ETORO_67-067
2026-06-11T20:05:48.364395223Z [INFO] eToro-Momentum-LS.MLS_FlashCrashReversalStrategy_LQDA.ETORO_68: READY
2026-06-11T20:05:48.364489519Z [DEBUG] eToro-Momentum-LS.MessageBus: Added Subscription(topic=events.order.MLS_FlashCrashReversalStrategy_LQDA.ETORO_68-068, handler=<bound method Strategy.handle_event of FlashCrashReversalStrategy(MLS_FlashCrashReversalStrategy_LQDA.ETORO_68-068)>, priority=0)
2026-06-11T20:05:48.364496642Z [DEBUG] eToro-Momentum-LS.MessageBus: Added Subscription(topic=events.position.MLS_FlashCrashReversalStrategy_LQDA.ETORO_68-068, handler=<bound method Strategy.handle_event of FlashCrashReversalStrategy(MLS_FlashCrashReversalStrategy_LQDA.ETORO_68-068)>, priority=0)
2026-06-11T20:05:48.364499818Z [INFO] eToro-Momentum-LS.ExecEngine: Registered OMS.UNSPECIFIED for Strategy MLS_FlashCrashReversalStrategy_LQDA.ETORO_68-068
2026-06-11T20:05:48.364501752Z [INFO] eToro-Momentum-LS.eToro-Momentum-LS: Registered Strategy MLS_FlashCrashReversalStrategy_LQDA.ETORO_68-068
2026-06-11T20:05:48.364605235Z [INFO] eToro-Momentum-LS.MLS_FlashCrashReversalStrategy_LQDA.ETORO_69: READY
2026-06-11T20:05:48.364635632Z [DEBUG] eToro-Momentum-LS.MessageBus: Added Subscription(topic=events.order.MLS_FlashCrashReversalStrategy_LQDA.ETORO_69-069, handler=<bound method Strategy.handle_event of FlashCrashReversalStrategy(MLS_FlashCrashReversalStrategy_LQDA.ETORO_69-069)>, priority=0)
2026-06-11T20:05:48.364642655Z [DEBUG] eToro-Momentum-LS.MessageBus: Added Subscription(topic=events.position.MLS_FlashCrashReversalStrategy_LQDA.ETORO_69-069, handler=<bound method Strategy.handle_event of FlashCrashReversalStrategy(MLS_FlashCrashReversalStrategy_LQDA.ETORO_69-069)>, priority=0)
2026-06-11T20:05:48.364646753Z [INFO] eToro-Momentum-LS.ExecEngine: Registered OMS.UNSPECIFIED for Strategy MLS_FlashCrashReversalStrategy_LQDA.ETORO_69-069
2026-06-11T20:05:48.364648085Z [INFO] eToro-Momentum-LS.eToro-Momentum-LS: Registered Strategy MLS_FlashCrashReversalStrategy_LQDA.ETORO_69-069
2026-06-11T20:05:48.364733384Z [INFO] eToro-Momentum-LS.MLS_FlashCrashReversalStrategy_LQDA.ETORO_70: READY
2026-06-11T20:05:48.364760184Z [DEBUG] eToro-Momentum-LS.MessageBus: Added Subscription(topic=events.order.MLS_FlashCrashReversalStrategy_LQDA.ETORO_70-070, handler=<bound method Strategy.handle_event of FlashCrashReversalStrategy(MLS_FlashCrashReversalStrategy_LQDA.ETORO_70-070)>, priority=0)
2026-06-11T20:05:48.364766767Z [DEBUG] eToro-Momentum-LS.MessageBus: Added Subscription(topic=events.position.MLS_FlashCrashReversalStrategy_LQDA.ETORO_70-070, handler=<bound method Strategy.handle_event of FlashCrashReversalStrategy(MLS_FlashCrashReversalStrategy_LQDA.ETORO_70-070)>, priority=0)
2026-06-11T20:05:48.364768270Z [INFO] eToro-Momentum-LS.ExecEngine: Registered OMS.UNSPECIFIED for Strategy MLS_FlashCrashReversalStrategy_LQDA.ETORO_70-070
2026-06-11T20:05:48.364769582Z [INFO] eToro-Momentum-LS.eToro-Momentum-LS: Registered Strategy MLS_FlashCrashReversalStrategy_LQDA.ETORO_70-070
2026-06-11T20:05:48.364838451Z [INFO] eToro-Momentum-LS.MLS_FlashCrashReversalStrategy_LQDA.ETORO_71: READY
2026-06-11T20:05:48.364863367Z [DEBUG] eToro-Momentum-LS.MessageBus: Added Subscription(topic=events.order.MLS_FlashCrashReversalStrategy_LQDA.ETORO_71-071, handler=<bound method Strategy.handle_event of FlashCrashReversalStrategy(MLS_FlashCrashReversalStrategy_LQDA.ETORO_71-071)>, priority=0)
2026-06-11T20:05:48.364870060Z [DEBUG] eToro-Momentum-LS.MessageBus: Added Subscription(topic=events.position.MLS_FlashCrashReversalStrategy_LQDA.ETORO_71-071, handler=<bound method Strategy.handle_event of FlashCrashReversalStrategy(MLS_FlashCrashReversalStrategy_LQDA.ETORO_71-071)>, priority=0)
2026-06-11T20:05:48.364873526Z [INFO] eToro-Momentum-LS.ExecEngine: Registered OMS.UNSPECIFIED for Strategy MLS_FlashCrashReversalStrategy_LQDA.ETORO_71-071
2026-06-11T20:05:48.364874798Z [INFO] eToro-Momentum-LS.eToro-Momentum-LS: Registered Strategy MLS_FlashCrashReversalStrategy_LQDA.ETORO_71-071
2026-06-11T20:05:48.364959617Z [INFO] eToro-Momentum-LS.MLS_FlashCrashReversalStrategy_LQDA.ETORO_72: READY
2026-06-11T20:05:48.364985285Z [DEBUG] eToro-Momentum-LS.MessageBus: Added Subscription(topic=events.order.MLS_FlashCrashReversalStrategy_LQDA.ETORO_72-072, handler=<bound method Strategy.handle_event of FlashCrashReversalStrategy(MLS_FlashCrashReversalStrategy_LQDA.ETORO_72-072)>, priority=0)
2026-06-11T20:05:48.364992107Z [DEBUG] eToro-Momentum-LS.MessageBus: Added Subscription(topic=events.position.MLS_FlashCrashReversalStrategy_LQDA.ETORO_72-072, handler=<bound method Strategy.handle_event of FlashCrashReversalStrategy(MLS_FlashCrashReversalStrategy_LQDA.ETORO_72-072)>, priority=0)
2026-06-11T20:05:48.364994392Z [INFO] eToro-Momentum-LS.ExecEngine: Registered OMS.UNSPECIFIED for Strategy MLS_FlashCrashReversalStrategy_LQDA.ETORO_72-072
2026-06-11T20:05:48.364995353Z [INFO] eToro-Momentum-LS.eToro-Momentum-LS: Registered Strategy MLS_FlashCrashReversalStrategy_LQDA.ETORO_72-072
2026-06-11T20:05:48.365064523Z [INFO] eToro-Momentum-LS.MLS_FlashCrashReversalStrategy_LQDA.ETORO_73: READY
2026-06-11T20:05:48.365089399Z [DEBUG] eToro-Momentum-LS.MessageBus: Added Subscription(topic=events.order.MLS_FlashCrashReversalStrategy_LQDA.ETORO_73-073, handler=<bound method Strategy.handle_event of FlashCrashReversalStrategy(MLS_FlashCrashReversalStrategy_LQDA.ETORO_73-073)>, priority=0)
2026-06-11T20:05:48.365096061Z [DEBUG] eToro-Momentum-LS.MessageBus: Added Subscription(topic=events.position.MLS_FlashCrashReversalStrategy_LQDA.ETORO_73-073, handler=<bound method Strategy.handle_event of FlashCrashReversalStrategy(MLS_FlashCrashReversalStrategy_LQDA.ETORO_73-073)>, priority=0)
2026-06-11T20:05:48.365097835Z [INFO] eToro-Momentum-LS.ExecEngine: Registered OMS.UNSPECIFIED for Strategy MLS_FlashCrashReversalStrategy_LQDA.ETORO_73-073
2026-06-11T20:05:48.365098987Z [INFO] eToro-Momentum-LS.eToro-Momentum-LS: Registered Strategy MLS_FlashCrashReversalStrategy_LQDA.ETORO_73-073
2026-06-11T20:05:48.365164129Z [INFO] eToro-Momentum-LS.MLS_FlashCrashReversalStrategy_FRO.ETORO_74: READY
2026-06-11T20:05:48.365190788Z [DEBUG] eToro-Momentum-LS.MessageBus: Added Subscription(topic=events.order.MLS_FlashCrashReversalStrategy_FRO.ETORO_74-074, handler=<bound method Strategy.handle_event of FlashCrashReversalStrategy(MLS_FlashCrashReversalStrategy_FRO.ETORO_74-074)>, priority=0)
2026-06-11T20:05:48.365197791Z [DEBUG] eToro-Momentum-LS.MessageBus: Added Subscription(topic=events.position.MLS_FlashCrashReversalStrategy_FRO.ETORO_74-074, handler=<bound method Strategy.handle_event of FlashCrashReversalStrategy(MLS_FlashCrashReversalStrategy_FRO.ETORO_74-074)>, priority=0)
2026-06-11T20:05:48.365200687Z [INFO] eToro-Momentum-LS.ExecEngine: Registered OMS.UNSPECIFIED for Strategy MLS_FlashCrashReversalStrategy_FRO.ETORO_74-074
2026-06-11T20:05:48.365201969Z [INFO] eToro-Momentum-LS.eToro-Momentum-LS: Registered Strategy MLS_FlashCrashReversalStrategy_FRO.ETORO_74-074
2026-06-11T20:05:48.365439012Z [INFO] eToro-Momentum-LS.MLS_FlashCrashReversalStrategy_FRO.ETORO_75: READY
2026-06-11T20:05:48.365478035Z [DEBUG] eToro-Momentum-LS.MessageBus: Added Subscription(topic=events.order.MLS_FlashCrashReversalStrategy_FRO.ETORO_75-075, handler=<bound method Strategy.handle_event of FlashCrashReversalStrategy(MLS_FlashCrashReversalStrategy_FRO.ETORO_75-075)>, priority=0)
2026-06-11T20:05:48.365485368Z [DEBUG] eToro-Momentum-LS.MessageBus: Added Subscription(topic=events.position.MLS_FlashCrashReversalStrategy_FRO.ETORO_75-075, handler=<bound method Strategy.handle_event of FlashCrashReversalStrategy(MLS_FlashCrashReversalStrategy_FRO.ETORO_75-075)>, priority=0)
2026-06-11T20:05:48.365489336Z [INFO] eToro-Momentum-LS.ExecEngine: Registered OMS.UNSPECIFIED for Strategy MLS_FlashCrashReversalStrategy_FRO.ETORO_75-075
2026-06-11T20:05:48.365490969Z [INFO] eToro-Momentum-LS.eToro-Momentum-LS: Registered Strategy MLS_FlashCrashReversalStrategy_FRO.ETORO_75-075
2026-06-11T20:05:48.365571699Z [INFO] eToro-Momentum-LS.MLS_FlashCrashReversalStrategy_FRO.ETORO_76: READY
2026-06-11T20:05:48.365597938Z [DEBUG] eToro-Momentum-LS.MessageBus: Added Subscription(topic=events.order.MLS_FlashCrashReversalStrategy_FRO.ETORO_76-076, handler=<bound method Strategy.handle_event of FlashCrashReversalStrategy(MLS_FlashCrashReversalStrategy_FRO.ETORO_76-076)>, priority=0)
2026-06-11T20:05:48.365605022Z [DEBUG] eToro-Momentum-LS.MessageBus: Added Subscription(topic=events.position.MLS_FlashCrashReversalStrategy_FRO.ETORO_76-076, handler=<bound method Strategy.handle_event of FlashCrashReversalStrategy(MLS_FlashCrashReversalStrategy_FRO.ETORO_76-076)>, priority=0)
2026-06-11T20:05:48.365607146Z [INFO] eToro-Momentum-LS.ExecEngine: Registered OMS.UNSPECIFIED for Strategy MLS_FlashCrashReversalStrategy_FRO.ETORO_76-076
2026-06-11T20:05:48.365608368Z [INFO] eToro-Momentum-LS.eToro-Momentum-LS: Registered Strategy MLS_FlashCrashReversalStrategy_FRO.ETORO_76-076
2026-06-11T20:05:48.365728723Z [INFO] eToro-Momentum-LS.MLS_FlashCrashReversalStrategy_FRO.ETORO_77: READY
2026-06-11T20:05:48.365754070Z [DEBUG] eToro-Momentum-LS.MessageBus: Added Subscription(topic=events.order.MLS_FlashCrashReversalStrategy_FRO.ETORO_77-077, handler=<bound method Strategy.handle_event of FlashCrashReversalStrategy(MLS_FlashCrashReversalStrategy_FRO.ETORO_77-077)>, priority=0)
2026-06-11T20:05:48.365760953Z [DEBUG] eToro-Momentum-LS.MessageBus: Added Subscription(topic=events.position.MLS_FlashCrashReversalStrategy_FRO.ETORO_77-077, handler=<bound method Strategy.handle_event of FlashCrashReversalStrategy(MLS_FlashCrashReversalStrategy_FRO.ETORO_77-077)>, priority=0)
2026-06-11T20:05:48.365762666Z [INFO] eToro-Momentum-LS.ExecEngine: Registered OMS.UNSPECIFIED for Strategy MLS_FlashCrashReversalStrategy_FRO.ETORO_77-077
2026-06-11T20:05:48.365765872Z [INFO] eToro-Momentum-LS.eToro-Momentum-LS: Registered Strategy MLS_FlashCrashReversalStrategy_FRO.ETORO_77-077
2026-06-11T20:05:48.365836504Z [INFO] eToro-Momentum-LS.MLS_FlashCrashReversalStrategy_FRO.ETORO_78: READY
2026-06-11T20:05:48.365865318Z [DEBUG] eToro-Momentum-LS.MessageBus: Added Subscription(topic=events.order.MLS_FlashCrashReversalStrategy_FRO.ETORO_78-078, handler=<bound method Strategy.handle_event of FlashCrashReversalStrategy(MLS_FlashCrashReversalStrategy_FRO.ETORO_78-078)>, priority=0)
2026-06-11T20:05:48.365871339Z [DEBUG] eToro-Momentum-LS.MessageBus: Added Subscription(topic=events.position.MLS_FlashCrashReversalStrategy_FRO.ETORO_78-078, handler=<bound method Strategy.handle_event of FlashCrashReversalStrategy(MLS_FlashCrashReversalStrategy_FRO.ETORO_78-078)>, priority=0)
2026-06-11T20:05:48.365873613Z [INFO] eToro-Momentum-LS.ExecEngine: Registered OMS.UNSPECIFIED for Strategy MLS_FlashCrashReversalStrategy_FRO.ETORO_78-078
2026-06-11T20:05:48.365874835Z [INFO] eToro-Momentum-LS.eToro-Momentum-LS: Registered Strategy MLS_FlashCrashReversalStrategy_FRO.ETORO_78-078
2026-06-11T20:05:48.365957930Z [INFO] eToro-Momentum-LS.MLS_FlashCrashReversalStrategy_FRO.ETORO_79: READY
2026-06-11T20:05:48.365987265Z [DEBUG] eToro-Momentum-LS.MessageBus: Added Subscription(topic=events.order.MLS_FlashCrashReversalStrategy_FRO.ETORO_79-079, handler=<bound method Strategy.handle_event of FlashCrashReversalStrategy(MLS_FlashCrashReversalStrategy_FRO.ETORO_79-079)>, priority=0)
2026-06-11T20:05:48.365994288Z [DEBUG] eToro-Momentum-LS.MessageBus: Added Subscription(topic=events.position.MLS_FlashCrashReversalStrategy_FRO.ETORO_79-079, handler=<bound method Strategy.handle_event of FlashCrashReversalStrategy(MLS_FlashCrashReversalStrategy_FRO.ETORO_79-079)>, priority=0)
2026-06-11T20:05:48.366002393Z [INFO] eToro-Momentum-LS.ExecEngine: Registered OMS.UNSPECIFIED for Strategy MLS_FlashCrashReversalStrategy_FRO.ETORO_79-079
2026-06-11T20:05:48.366003566Z [INFO] eToro-Momentum-LS.eToro-Momentum-LS: Registered Strategy MLS_FlashCrashReversalStrategy_FRO.ETORO_79-079
2026-06-11T20:05:48.366075981Z [INFO] eToro-Momentum-LS.MLS_FlashCrashReversalStrategy_FRO.ETORO_80: READY
2026-06-11T20:05:48.366101579Z [DEBUG] eToro-Momentum-LS.MessageBus: Added Subscription(topic=events.order.MLS_FlashCrashReversalStrategy_FRO.ETORO_80-080, handler=<bound method Strategy.handle_event of FlashCrashReversalStrategy(MLS_FlashCrashReversalStrategy_FRO.ETORO_80-080)>, priority=0)
2026-06-11T20:05:48.366107450Z [DEBUG] eToro-Momentum-LS.MessageBus: Added Subscription(topic=events.position.MLS_FlashCrashReversalStrategy_FRO.ETORO_80-080, handler=<bound method Strategy.handle_event of FlashCrashReversalStrategy(MLS_FlashCrashReversalStrategy_FRO.ETORO_80-080)>, priority=0)
2026-06-11T20:05:48.366108902Z [INFO] eToro-Momentum-LS.ExecEngine: Registered OMS.UNSPECIFIED for Strategy MLS_FlashCrashReversalStrategy_FRO.ETORO_80-080
2026-06-11T20:05:48.366109904Z [INFO] eToro-Momentum-LS.eToro-Momentum-LS: Registered Strategy MLS_FlashCrashReversalStrategy_FRO.ETORO_80-080
2026-06-11T20:05:48.366176689Z [INFO] eToro-Momentum-LS.MLS_FlashCrashReversalStrategy_FRO.ETORO_81: READY
2026-06-11T20:05:48.366201555Z [DEBUG] eToro-Momentum-LS.MessageBus: Added Subscription(topic=events.order.MLS_FlashCrashReversalStrategy_FRO.ETORO_81-081, handler=<bound method Strategy.handle_event of FlashCrashReversalStrategy(MLS_FlashCrashReversalStrategy_FRO.ETORO_81-081)>, priority=0)
2026-06-11T20:05:48.366210502Z [DEBUG] eToro-Momentum-LS.MessageBus: Added Subscription(topic=events.position.MLS_FlashCrashReversalStrategy_FRO.ETORO_81-081, handler=<bound method Strategy.handle_event of FlashCrashReversalStrategy(MLS_FlashCrashReversalStrategy_FRO.ETORO_81-081)>, priority=0)
2026-06-11T20:05:48.366212195Z [INFO] eToro-Momentum-LS.ExecEngine: Registered OMS.UNSPECIFIED for Strategy MLS_FlashCrashReversalStrategy_FRO.ETORO_81-081
2026-06-11T20:05:48.366213127Z [INFO] eToro-Momentum-LS.eToro-Momentum-LS: Registered Strategy MLS_FlashCrashReversalStrategy_FRO.ETORO_81-081
2026-06-11T20:05:48.366277778Z [INFO] eToro-Momentum-LS.MLS_FlashCrashReversalStrategy_FRO.ETORO_82: READY
2026-06-11T20:05:48.366321760Z [DEBUG] eToro-Momentum-LS.MessageBus: Added Subscription(topic=events.order.MLS_FlashCrashReversalStrategy_FRO.ETORO_82-082, handler=<bound method Strategy.handle_event of FlashCrashReversalStrategy(MLS_FlashCrashReversalStrategy_FRO.ETORO_82-082)>, priority=0)
2026-06-11T20:05:48.366327550Z [DEBUG] eToro-Momentum-LS.MessageBus: Added Subscription(topic=events.position.MLS_FlashCrashReversalStrategy_FRO.ETORO_82-082, handler=<bound method Strategy.handle_event of FlashCrashReversalStrategy(MLS_FlashCrashReversalStrategy_FRO.ETORO_82-082)>, priority=0)
2026-06-11T20:05:48.366329574Z [INFO] eToro-Momentum-LS.ExecEngine: Registered OMS.UNSPECIFIED for Strategy MLS_FlashCrashReversalStrategy_FRO.ETORO_82-082
2026-06-11T20:05:48.366330506Z [INFO] eToro-Momentum-LS.eToro-Momentum-LS: Registered Strategy MLS_FlashCrashReversalStrategy_FRO.ETORO_82-082
2026-06-11T20:05:48.366398603Z [INFO] eToro-Momentum-LS.MLS_FlashCrashReversalStrategy_FRO.ETORO_83: READY
2026-06-11T20:05:48.366422969Z [DEBUG] eToro-Momentum-LS.MessageBus: Added Subscription(topic=events.order.MLS_FlashCrashReversalStrategy_FRO.ETORO_83-083, handler=<bound method Strategy.handle_event of FlashCrashReversalStrategy(MLS_FlashCrashReversalStrategy_FRO.ETORO_83-083)>, priority=0)
2026-06-11T20:05:48.366428930Z [DEBUG] eToro-Momentum-LS.MessageBus: Added Subscription(topic=events.position.MLS_FlashCrashReversalStrategy_FRO.ETORO_83-083, handler=<bound method Strategy.handle_event of FlashCrashReversalStrategy(MLS_FlashCrashReversalStrategy_FRO.ETORO_83-083)>, priority=0)
2026-06-11T20:05:48.366430653Z [INFO] eToro-Momentum-LS.ExecEngine: Registered OMS.UNSPECIFIED for Strategy MLS_FlashCrashReversalStrategy_FRO.ETORO_83-083
2026-06-11T20:05:48.366431725Z [INFO] eToro-Momentum-LS.eToro-Momentum-LS: Registered Strategy MLS_FlashCrashReversalStrategy_FRO.ETORO_83-083
2026-06-11T20:05:48.366493049Z [INFO] eToro-Momentum-LS.MLS_FlashCrashReversalStrategy_FRO.ETORO_84: READY
2026-06-11T20:05:48.366517214Z [DEBUG] eToro-Momentum-LS.MessageBus: Added Subscription(topic=events.order.MLS_FlashCrashReversalStrategy_FRO.ETORO_84-084, handler=<bound method Strategy.handle_event of FlashCrashReversalStrategy(MLS_FlashCrashReversalStrategy_FRO.ETORO_84-084)>, priority=0)
2026-06-11T20:05:48.366523025Z [DEBUG] eToro-Momentum-LS.MessageBus: Added Subscription(topic=events.position.MLS_FlashCrashReversalStrategy_FRO.ETORO_84-084, handler=<bound method Strategy.handle_event of FlashCrashReversalStrategy(MLS_FlashCrashReversalStrategy_FRO.ETORO_84-084)>, priority=0)
2026-06-11T20:05:48.366524799Z [INFO] eToro-Momentum-LS.ExecEngine: Registered OMS.UNSPECIFIED for Strategy MLS_FlashCrashReversalStrategy_FRO.ETORO_84-084
2026-06-11T20:05:48.366525740Z [INFO] eToro-Momentum-LS.eToro-Momentum-LS: Registered Strategy MLS_FlashCrashReversalStrategy_FRO.ETORO_84-084
2026-06-11T20:05:48.366587235Z [INFO] eToro-Momentum-LS.MLS_FlashCrashReversalStrategy_FRO.ETORO_85: READY
2026-06-11T20:05:48.366614666Z [DEBUG] eToro-Momentum-LS.MessageBus: Added Subscription(topic=events.order.MLS_FlashCrashReversalStrategy_FRO.ETORO_85-085, handler=<bound method Strategy.handle_event of FlashCrashReversalStrategy(MLS_FlashCrashReversalStrategy_FRO.ETORO_85-085)>, priority=0)
2026-06-11T20:05:48.366620768Z [DEBUG] eToro-Momentum-LS.MessageBus: Added Subscription(topic=events.position.MLS_FlashCrashReversalStrategy_FRO.ETORO_85-085, handler=<bound method Strategy.handle_event of FlashCrashReversalStrategy(MLS_FlashCrashReversalStrategy_FRO.ETORO_85-085)>, priority=0)
2026-06-11T20:05:48.366623252Z [INFO] eToro-Momentum-LS.ExecEngine: Registered OMS.UNSPECIFIED for Strategy MLS_FlashCrashReversalStrategy_FRO.ETORO_85-085
2026-06-11T20:05:48.366624885Z [INFO] eToro-Momentum-LS.eToro-Momentum-LS: Registered Strategy MLS_FlashCrashReversalStrategy_FRO.ETORO_85-085
2026-06-11T20:05:48.366691981Z [INFO] eToro-Momentum-LS.MLS_FlashCrashReversalStrategy_KD.ETORO_86: READY
2026-06-11T20:05:48.366759206Z [DEBUG] eToro-Momentum-LS.MessageBus: Added Subscription(topic=events.order.MLS_FlashCrashReversalStrategy_KD.ETORO_86-086, handler=<bound method Strategy.handle_event of FlashCrashReversalStrategy(MLS_FlashCrashReversalStrategy_KD.ETORO_86-086)>, priority=0)
2026-06-11T20:05:48.366765728Z [DEBUG] eToro-Momentum-LS.MessageBus: Added Subscription(topic=events.position.MLS_FlashCrashReversalStrategy_KD.ETORO_86-086, handler=<bound method Strategy.handle_event of FlashCrashReversalStrategy(MLS_FlashCrashReversalStrategy_KD.ETORO_86-086)>, priority=0)
2026-06-11T20:05:48.366768023Z [INFO] eToro-Momentum-LS.ExecEngine: Registered OMS.UNSPECIFIED for Strategy MLS_FlashCrashReversalStrategy_KD.ETORO_86-086
2026-06-11T20:05:48.366769215Z [INFO] eToro-Momentum-LS.eToro-Momentum-LS: Registered Strategy MLS_FlashCrashReversalStrategy_KD.ETORO_86-086
2026-06-11T20:05:48.366838715Z [INFO] eToro-Momentum-LS.MLS_FlashCrashReversalStrategy_KD.ETORO_87: READY
2026-06-11T20:05:48.366864503Z [DEBUG] eToro-Momentum-LS.MessageBus: Added Subscription(topic=events.order.MLS_FlashCrashReversalStrategy_KD.ETORO_87-087, handler=<bound method Strategy.handle_event of FlashCrashReversalStrategy(MLS_FlashCrashReversalStrategy_KD.ETORO_87-087)>, priority=0)
2026-06-11T20:05:48.366871155Z [DEBUG] eToro-Momentum-LS.MessageBus: Added Subscription(topic=events.position.MLS_FlashCrashReversalStrategy_KD.ETORO_87-087, handler=<bound method Strategy.handle_event of FlashCrashReversalStrategy(MLS_FlashCrashReversalStrategy_KD.ETORO_87-087)>, priority=0)
2026-06-11T20:05:48.366872808Z [INFO] eToro-Momentum-LS.ExecEngine: Registered OMS.UNSPECIFIED for Strategy MLS_FlashCrashReversalStrategy_KD.ETORO_87-087
2026-06-11T20:05:48.366873890Z [INFO] eToro-Momentum-LS.eToro-Momentum-LS: Registered Strategy MLS_FlashCrashReversalStrategy_KD.ETORO_87-087
2026-06-11T20:05:48.366945444Z [INFO] eToro-Momentum-LS.MLS_FlashCrashReversalStrategy_KD.ETORO_88: READY
2026-06-11T20:05:48.366972204Z [DEBUG] eToro-Momentum-LS.MessageBus: Added Subscription(topic=events.order.MLS_FlashCrashReversalStrategy_KD.ETORO_88-088, handler=<bound method Strategy.handle_event of FlashCrashReversalStrategy(MLS_FlashCrashReversalStrategy_KD.ETORO_88-088)>, priority=0)
2026-06-11T20:05:48.366978966Z [DEBUG] eToro-Momentum-LS.MessageBus: Added Subscription(topic=events.position.MLS_FlashCrashReversalStrategy_KD.ETORO_88-088, handler=<bound method Strategy.handle_event of FlashCrashReversalStrategy(MLS_FlashCrashReversalStrategy_KD.ETORO_88-088)>, priority=0)
2026-06-11T20:05:48.366980509Z [INFO] eToro-Momentum-LS.ExecEngine: Registered OMS.UNSPECIFIED for Strategy MLS_FlashCrashReversalStrategy_KD.ETORO_88-088
2026-06-11T20:05:48.366981501Z [INFO] eToro-Momentum-LS.eToro-Momentum-LS: Registered Strategy MLS_FlashCrashReversalStrategy_KD.ETORO_88-088
2026-06-11T20:05:48.367064596Z [INFO] eToro-Momentum-LS.MLS_FlashCrashReversalStrategy_KD.ETORO_89: READY
2026-06-11T20:05:48.367093450Z [DEBUG] eToro-Momentum-LS.MessageBus: Added Subscription(topic=events.order.MLS_FlashCrashReversalStrategy_KD.ETORO_89-089, handler=<bound method Strategy.handle_event of FlashCrashReversalStrategy(MLS_FlashCrashReversalStrategy_KD.ETORO_89-089)>, priority=0)
2026-06-11T20:05:48.367101836Z [DEBUG] eToro-Momentum-LS.MessageBus: Added Subscription(topic=events.position.MLS_FlashCrashReversalStrategy_KD.ETORO_89-089, handler=<bound method Strategy.handle_event of FlashCrashReversalStrategy(MLS_FlashCrashReversalStrategy_KD.ETORO_89-089)>, priority=0)
2026-06-11T20:05:48.367103499Z [INFO] eToro-Momentum-LS.ExecEngine: Registered OMS.UNSPECIFIED for Strategy MLS_FlashCrashReversalStrategy_KD.ETORO_89-089
2026-06-11T20:05:48.367104531Z [INFO] eToro-Momentum-LS.eToro-Momentum-LS: Registered Strategy MLS_FlashCrashReversalStrategy_KD.ETORO_89-089
2026-06-11T20:05:48.367179190Z [INFO] eToro-Momentum-LS.MLS_FlashCrashReversalStrategy_KD.ETORO_90: READY
2026-06-11T20:05:48.367207263Z [DEBUG] eToro-Momentum-LS.MessageBus: Added Subscription(topic=events.order.MLS_FlashCrashReversalStrategy_KD.ETORO_90-090, handler=<bound method Strategy.handle_event of FlashCrashReversalStrategy(MLS_FlashCrashReversalStrategy_KD.ETORO_90-090)>, priority=0)
2026-06-11T20:05:48.367214646Z [DEBUG] eToro-Momentum-LS.MessageBus: Added Subscription(topic=events.position.MLS_FlashCrashReversalStrategy_KD.ETORO_90-090, handler=<bound method Strategy.handle_event of FlashCrashReversalStrategy(MLS_FlashCrashReversalStrategy_KD.ETORO_90-090)>, priority=0)
2026-06-11T20:05:48.367216841Z [INFO] eToro-Momentum-LS.ExecEngine: Registered OMS.UNSPECIFIED for Strategy MLS_FlashCrashReversalStrategy_KD.ETORO_90-090
2026-06-11T20:05:48.367217983Z [INFO] eToro-Momentum-LS.eToro-Momentum-LS: Registered Strategy MLS_FlashCrashReversalStrategy_KD.ETORO_90-090
2026-06-11T20:05:48.367284868Z [INFO] eToro-Momentum-LS.MLS_FlashCrashReversalStrategy_KD.ETORO_91: READY
2026-06-11T20:05:48.367310365Z [DEBUG] eToro-Momentum-LS.MessageBus: Added Subscription(topic=events.order.MLS_FlashCrashReversalStrategy_KD.ETORO_91-091, handler=<bound method Strategy.handle_event of FlashCrashReversalStrategy(MLS_FlashCrashReversalStrategy_KD.ETORO_91-091)>, priority=0)
2026-06-11T20:05:48.367317579Z [DEBUG] eToro-Momentum-LS.MessageBus: Added Subscription(topic=events.position.MLS_FlashCrashReversalStrategy_KD.ETORO_91-091, handler=<bound method Strategy.handle_event of FlashCrashReversalStrategy(MLS_FlashCrashReversalStrategy_KD.ETORO_91-091)>, priority=0)
2026-06-11T20:05:48.367319672Z [INFO] eToro-Momentum-LS.ExecEngine: Registered OMS.UNSPECIFIED for Strategy MLS_FlashCrashReversalStrategy_KD.ETORO_91-091
2026-06-11T20:05:48.367320724Z [INFO] eToro-Momentum-LS.eToro-Momentum-LS: Registered Strategy MLS_FlashCrashReversalStrategy_KD.ETORO_91-091
2026-06-11T20:05:48.367388491Z [INFO] eToro-Momentum-LS.MLS_FlashCrashReversalStrategy_KD.ETORO_92: READY
2026-06-11T20:05:48.367415441Z [DEBUG] eToro-Momentum-LS.MessageBus: Added Subscription(topic=events.order.MLS_FlashCrashReversalStrategy_KD.ETORO_92-092, handler=<bound method Strategy.handle_event of FlashCrashReversalStrategy(MLS_FlashCrashReversalStrategy_KD.ETORO_92-092)>, priority=0)
2026-06-11T20:05:48.367422735Z [DEBUG] eToro-Momentum-LS.MessageBus: Added Subscription(topic=events.position.MLS_FlashCrashReversalStrategy_KD.ETORO_92-092, handler=<bound method Strategy.handle_event of FlashCrashReversalStrategy(MLS_FlashCrashReversalStrategy_KD.ETORO_92-092)>, priority=0)
2026-06-11T20:05:48.367424318Z [INFO] eToro-Momentum-LS.ExecEngine: Registered OMS.UNSPECIFIED for Strategy MLS_FlashCrashReversalStrategy_KD.ETORO_92-092
2026-06-11T20:05:48.367425540Z [INFO] eToro-Momentum-LS.eToro-Momentum-LS: Registered Strategy MLS_FlashCrashReversalStrategy_KD.ETORO_92-092
2026-06-11T20:05:48.367494549Z [INFO] eToro-Momentum-LS.MLS_FlashCrashReversalStrategy_KD.ETORO_93: READY
2026-06-11T20:05:48.367521740Z [DEBUG] eToro-Momentum-LS.MessageBus: Added Subscription(topic=events.order.MLS_FlashCrashReversalStrategy_KD.ETORO_93-093, handler=<bound method Strategy.handle_event of FlashCrashReversalStrategy(MLS_FlashCrashReversalStrategy_KD.ETORO_93-093)>, priority=0)
2026-06-11T20:05:48.367529184Z [DEBUG] eToro-Momentum-LS.MessageBus: Added Subscription(topic=events.position.MLS_FlashCrashReversalStrategy_KD.ETORO_93-093, handler=<bound method Strategy.handle_event of FlashCrashReversalStrategy(MLS_FlashCrashReversalStrategy_KD.ETORO_93-093)>, priority=0)
2026-06-11T20:05:48.367531157Z [INFO] eToro-Momentum-LS.ExecEngine: Registered OMS.UNSPECIFIED for Strategy MLS_FlashCrashReversalStrategy_KD.ETORO_93-093
2026-06-11T20:05:48.367532099Z [INFO] eToro-Momentum-LS.eToro-Momentum-LS: Registered Strategy MLS_FlashCrashReversalStrategy_KD.ETORO_93-093
2026-06-11T20:05:48.367600647Z [INFO] eToro-Momentum-LS.MLS_FlashCrashReversalStrategy_KD.ETORO_94: READY
2026-06-11T20:05:48.367628098Z [DEBUG] eToro-Momentum-LS.MessageBus: Added Subscription(topic=events.order.MLS_FlashCrashReversalStrategy_KD.ETORO_94-094, handler=<bound method Strategy.handle_event of FlashCrashReversalStrategy(MLS_FlashCrashReversalStrategy_KD.ETORO_94-094)>, priority=0)
2026-06-11T20:05:48.367635582Z [DEBUG] eToro-Momentum-LS.MessageBus: Added Subscription(topic=events.position.MLS_FlashCrashReversalStrategy_KD.ETORO_94-094, handler=<bound method Strategy.handle_event of FlashCrashReversalStrategy(MLS_FlashCrashReversalStrategy_KD.ETORO_94-094)>, priority=0)
2026-06-11T20:05:48.367638398Z [INFO] eToro-Momentum-LS.ExecEngine: Registered OMS.UNSPECIFIED for Strategy MLS_FlashCrashReversalStrategy_KD.ETORO_94-094
2026-06-11T20:05:48.367639590Z [INFO] eToro-Momentum-LS.eToro-Momentum-LS: Registered Strategy MLS_FlashCrashReversalStrategy_KD.ETORO_94-094
2026-06-11T20:05:48.367705232Z [INFO] eToro-Momentum-LS.MLS_FlashCrashReversalStrategy_MTZ.ETORO_95: READY
2026-06-11T20:05:48.367731712Z [DEBUG] eToro-Momentum-LS.MessageBus: Added Subscription(topic=events.order.MLS_FlashCrashReversalStrategy_MTZ.ETORO_95-095, handler=<bound method Strategy.handle_event of FlashCrashReversalStrategy(MLS_FlashCrashReversalStrategy_MTZ.ETORO_95-095)>, priority=0)
2026-06-11T20:05:48.367738845Z [DEBUG] eToro-Momentum-LS.MessageBus: Added Subscription(topic=events.position.MLS_FlashCrashReversalStrategy_MTZ.ETORO_95-095, handler=<bound method Strategy.handle_event of FlashCrashReversalStrategy(MLS_FlashCrashReversalStrategy_MTZ.ETORO_95-095)>, priority=0)
2026-06-11T20:05:48.367741510Z [INFO] eToro-Momentum-LS.ExecEngine: Registered OMS.UNSPECIFIED for Strategy MLS_FlashCrashReversalStrategy_MTZ.ETORO_95-095
2026-06-11T20:05:48.367742462Z [INFO] eToro-Momentum-LS.eToro-Momentum-LS: Registered Strategy MLS_FlashCrashReversalStrategy_MTZ.ETORO_95-095
2026-06-11T20:05:48.367845103Z [INFO] eToro-Momentum-LS.MLS_FlashCrashReversalStrategy_MTZ.ETORO_96: READY
2026-06-11T20:05:48.367876352Z [DEBUG] eToro-Momentum-LS.MessageBus: Added Subscription(topic=events.order.MLS_FlashCrashReversalStrategy_MTZ.ETORO_96-096, handler=<bound method Strategy.handle_event of FlashCrashReversalStrategy(MLS_FlashCrashReversalStrategy_MTZ.ETORO_96-096)>, priority=0)
2026-06-11T20:05:48.367883685Z [DEBUG] eToro-Momentum-LS.MessageBus: Added Subscription(topic=events.position.MLS_FlashCrashReversalStrategy_MTZ.ETORO_96-096, handler=<bound method Strategy.handle_event of FlashCrashReversalStrategy(MLS_FlashCrashReversalStrategy_MTZ.ETORO_96-096)>, priority=0)
2026-06-11T20:05:48.367886090Z [INFO] eToro-Momentum-LS.ExecEngine: Registered OMS.UNSPECIFIED for Strategy MLS_FlashCrashReversalStrategy_MTZ.ETORO_96-096
2026-06-11T20:05:48.367887142Z [INFO] eToro-Momentum-LS.eToro-Momentum-LS: Registered Strategy MLS_FlashCrashReversalStrategy_MTZ.ETORO_96-096
2026-06-11T20:05:48.367963064Z [INFO] eToro-Momentum-LS.MLS_FlashCrashReversalStrategy_MTZ.ETORO_97: READY
2026-06-11T20:05:48.367992849Z [DEBUG] eToro-Momentum-LS.MessageBus: Added Subscription(topic=events.order.MLS_FlashCrashReversalStrategy_MTZ.ETORO_97-097, handler=<bound method Strategy.handle_event of FlashCrashReversalStrategy(MLS_FlashCrashReversalStrategy_MTZ.ETORO_97-097)>, priority=0)
2026-06-11T20:05:48.368000093Z [DEBUG] eToro-Momentum-LS.MessageBus: Added Subscription(topic=events.position.MLS_FlashCrashReversalStrategy_MTZ.ETORO_97-097, handler=<bound method Strategy.handle_event of FlashCrashReversalStrategy(MLS_FlashCrashReversalStrategy_MTZ.ETORO_97-097)>, priority=0)
2026-06-11T20:05:48.368002527Z [INFO] eToro-Momentum-LS.ExecEngine: Registered OMS.UNSPECIFIED for Strategy MLS_FlashCrashReversalStrategy_MTZ.ETORO_97-097
2026-06-11T20:05:48.368003579Z [INFO] eToro-Momentum-LS.eToro-Momentum-LS: Registered Strategy MLS_FlashCrashReversalStrategy_MTZ.ETORO_97-097
2026-06-11T20:05:48.368077076Z [INFO] eToro-Momentum-LS.MLS_FlashCrashReversalStrategy_MTZ.ETORO_98: READY
2026-06-11T20:05:48.368105790Z [DEBUG] eToro-Momentum-LS.MessageBus: Added Subscription(topic=events.order.MLS_FlashCrashReversalStrategy_MTZ.ETORO_98-098, handler=<bound method Strategy.handle_event of FlashCrashReversalStrategy(MLS_FlashCrashReversalStrategy_MTZ.ETORO_98-098)>, priority=0)
2026-06-11T20:05:48.368113004Z [DEBUG] eToro-Momentum-LS.MessageBus: Added Subscription(topic=events.position.MLS_FlashCrashReversalStrategy_MTZ.ETORO_98-098, handler=<bound method Strategy.handle_event of FlashCrashReversalStrategy(MLS_FlashCrashReversalStrategy_MTZ.ETORO_98-098)>, priority=0)
2026-06-11T20:05:48.368115699Z [INFO] eToro-Momentum-LS.ExecEngine: Registered OMS.UNSPECIFIED for Strategy MLS_FlashCrashReversalStrategy_MTZ.ETORO_98-098
2026-06-11T20:05:48.368116941Z [INFO] eToro-Momentum-LS.eToro-Momentum-LS: Registered Strategy MLS_FlashCrashReversalStrategy_MTZ.ETORO_98-098
2026-06-11T20:05:48.368189005Z [INFO] eToro-Momentum-LS.MLS_FlashCrashReversalStrategy_MTZ.ETORO_99: READY
2026-06-11T20:05:48.368218551Z [DEBUG] eToro-Momentum-LS.MessageBus: Added Subscription(topic=events.order.MLS_FlashCrashReversalStrategy_MTZ.ETORO_99-099, handler=<bound method Strategy.handle_event of FlashCrashReversalStrategy(MLS_FlashCrashReversalStrategy_MTZ.ETORO_99-099)>, priority=0)
2026-06-11T20:05:48.368225814Z [DEBUG] eToro-Momentum-LS.MessageBus: Added Subscription(topic=events.position.MLS_FlashCrashReversalStrategy_MTZ.ETORO_99-099, handler=<bound method Strategy.handle_event of FlashCrashReversalStrategy(MLS_FlashCrashReversalStrategy_MTZ.ETORO_99-099)>, priority=0)
2026-06-11T20:05:48.368228229Z [INFO] eToro-Momentum-LS.ExecEngine: Registered OMS.UNSPECIFIED for Strategy MLS_FlashCrashReversalStrategy_MTZ.ETORO_99-099
2026-06-11T20:05:48.368229241Z [INFO] eToro-Momentum-LS.eToro-Momentum-LS: Registered Strategy MLS_FlashCrashReversalStrategy_MTZ.ETORO_99-099
2026-06-11T20:05:48.368296937Z [INFO] eToro-Momentum-LS.MLS_FlashCrashReversalStrategy_MTZ.ETORO_100: READY
2026-06-11T20:05:48.368325440Z [DEBUG] eToro-Momentum-LS.MessageBus: Added Subscription(topic=events.order.MLS_FlashCrashReversalStrategy_MTZ.ETORO_100-100, handler=<bound method Strategy.handle_event of FlashCrashReversalStrategy(MLS_FlashCrashReversalStrategy_MTZ.ETORO_100-100)>, priority=0)
2026-06-11T20:05:48.368332764Z [DEBUG] eToro-Momentum-LS.MessageBus: Added Subscription(topic=events.position.MLS_FlashCrashReversalStrategy_MTZ.ETORO_100-100, handler=<bound method Strategy.handle_event of FlashCrashReversalStrategy(MLS_FlashCrashReversalStrategy_MTZ.ETORO_100-100)>, priority=0)
2026-06-11T20:05:48.368334457Z [INFO] eToro-Momentum-LS.ExecEngine: Registered OMS.UNSPECIFIED for Strategy MLS_FlashCrashReversalStrategy_MTZ.ETORO_100-100
2026-06-11T20:05:48.368335479Z [INFO] eToro-Momentum-LS.eToro-Momentum-LS: Registered Strategy MLS_FlashCrashReversalStrategy_MTZ.ETORO_100-100
2026-06-11T20:05:48.368401893Z [INFO] eToro-Momentum-LS.MLS_FlashCrashReversalStrategy_MTZ.ETORO_101: READY
2026-06-11T20:05:48.368431909Z [DEBUG] eToro-Momentum-LS.MessageBus: Added Subscription(topic=events.order.MLS_FlashCrashReversalStrategy_MTZ.ETORO_101-101, handler=<bound method Strategy.handle_event of FlashCrashReversalStrategy(MLS_FlashCrashReversalStrategy_MTZ.ETORO_101-101)>, priority=0)
2026-06-11T20:05:48.368439433Z [DEBUG] eToro-Momentum-LS.MessageBus: Added Subscription(topic=events.position.MLS_FlashCrashReversalStrategy_MTZ.ETORO_101-101, handler=<bound method Strategy.handle_event of FlashCrashReversalStrategy(MLS_FlashCrashReversalStrategy_MTZ.ETORO_101-101)>, priority=0)
2026-06-11T20:05:48.368442689Z [INFO] eToro-Momentum-LS.ExecEngine: Registered OMS.UNSPECIFIED for Strategy MLS_FlashCrashReversalStrategy_MTZ.ETORO_101-101
2026-06-11T20:05:48.368443791Z [INFO] eToro-Momentum-LS.eToro-Momentum-LS: Registered Strategy MLS_FlashCrashReversalStrategy_MTZ.ETORO_101-101
2026-06-11T20:05:48.368511548Z [INFO] eToro-Momentum-LS.MLS_FlashCrashReversalStrategy_MTZ.ETORO_102: READY
2026-06-11T20:05:48.368540101Z [DEBUG] eToro-Momentum-LS.MessageBus: Added Subscription(topic=events.order.MLS_FlashCrashReversalStrategy_MTZ.ETORO_102-102, handler=<bound method Strategy.handle_event of FlashCrashReversalStrategy(MLS_FlashCrashReversalStrategy_MTZ.ETORO_102-102)>, priority=0)
2026-06-11T20:05:48.368547415Z [DEBUG] eToro-Momentum-LS.MessageBus: Added Subscription(topic=events.position.MLS_FlashCrashReversalStrategy_MTZ.ETORO_102-102, handler=<bound method Strategy.handle_event of FlashCrashReversalStrategy(MLS_FlashCrashReversalStrategy_MTZ.ETORO_102-102)>, priority=0)
2026-06-11T20:05:48.368550560Z [INFO] eToro-Momentum-LS.ExecEngine: Registered OMS.UNSPECIFIED for Strategy MLS_FlashCrashReversalStrategy_MTZ.ETORO_102-102
2026-06-11T20:05:48.368551753Z [INFO] eToro-Momentum-LS.eToro-Momentum-LS: Registered Strategy MLS_FlashCrashReversalStrategy_MTZ.ETORO_102-102
2026-06-11T20:05:48.368621373Z [INFO] eToro-Momentum-LS.MLS_FlashCrashReversalStrategy_MTZ.ETORO_103: READY
2026-06-11T20:05:48.368651098Z [DEBUG] eToro-Momentum-LS.MessageBus: Added Subscription(topic=events.order.MLS_FlashCrashReversalStrategy_MTZ.ETORO_103-103, handler=<bound method Strategy.handle_event of FlashCrashReversalStrategy(MLS_FlashCrashReversalStrategy_MTZ.ETORO_103-103)>, priority=0)
2026-06-11T20:05:48.368658422Z [DEBUG] eToro-Momentum-LS.MessageBus: Added Subscription(topic=events.position.MLS_FlashCrashReversalStrategy_MTZ.ETORO_103-103, handler=<bound method Strategy.handle_event of FlashCrashReversalStrategy(MLS_FlashCrashReversalStrategy_MTZ.ETORO_103-103)>, priority=0)
2026-06-11T20:05:48.368660676Z [INFO] eToro-Momentum-LS.ExecEngine: Registered OMS.UNSPECIFIED for Strategy MLS_FlashCrashReversalStrategy_MTZ.ETORO_103-103
2026-06-11T20:05:48.368661798Z [INFO] eToro-Momentum-LS.eToro-Momentum-LS: Registered Strategy MLS_FlashCrashReversalStrategy_MTZ.ETORO_103-103
2026-06-11T20:05:48.368727230Z [INFO] eToro-Momentum-LS.MLS_FlashCrashReversalStrategy_MTZ.ETORO_104: READY
2026-06-11T20:05:48.368757036Z [DEBUG] eToro-Momentum-LS.MessageBus: Added Subscription(topic=events.order.MLS_FlashCrashReversalStrategy_MTZ.ETORO_104-104, handler=<bound method Strategy.handle_event of FlashCrashReversalStrategy(MLS_FlashCrashReversalStrategy_MTZ.ETORO_104-104)>, priority=0)
2026-06-11T20:05:48.368764189Z [DEBUG] eToro-Momentum-LS.MessageBus: Added Subscription(topic=events.position.MLS_FlashCrashReversalStrategy_MTZ.ETORO_104-104, handler=<bound method Strategy.handle_event of FlashCrashReversalStrategy(MLS_FlashCrashReversalStrategy_MTZ.ETORO_104-104)>, priority=0)
2026-06-11T20:05:48.368766403Z [INFO] eToro-Momentum-LS.ExecEngine: Registered OMS.UNSPECIFIED for Strategy MLS_FlashCrashReversalStrategy_MTZ.ETORO_104-104
2026-06-11T20:05:48.368767475Z [INFO] eToro-Momentum-LS.eToro-Momentum-LS: Registered Strategy MLS_FlashCrashReversalStrategy_MTZ.ETORO_104-104
2026-06-11T20:05:48.368839590Z [INFO] eToro-Momentum-LS.MLS_FlashCrashReversalStrategy_MTZ.ETORO_105: READY
2026-06-11T20:05:48.368917505Z [DEBUG] eToro-Momentum-LS.MessageBus: Added Subscription(topic=events.order.MLS_FlashCrashReversalStrategy_MTZ.ETORO_105-105, handler=<bound method Strategy.handle_event of FlashCrashReversalStrategy(MLS_FlashCrashReversalStrategy_MTZ.ETORO_105-105)>, priority=0)
2026-06-11T20:05:48.368925140Z [DEBUG] eToro-Momentum-LS.MessageBus: Added Subscription(topic=events.position.MLS_FlashCrashReversalStrategy_MTZ.ETORO_105-105, handler=<bound method Strategy.handle_event of FlashCrashReversalStrategy(MLS_FlashCrashReversalStrategy_MTZ.ETORO_105-105)>, priority=0)
2026-06-11T20:05:48.368927113Z [INFO] eToro-Momentum-LS.ExecEngine: Registered OMS.UNSPECIFIED for Strategy MLS_FlashCrashReversalStrategy_MTZ.ETORO_105-105
2026-06-11T20:05:48.368928616Z [INFO] eToro-Momentum-LS.eToro-Momentum-LS: Registered Strategy MLS_FlashCrashReversalStrategy_MTZ.ETORO_105-105
2026-06-11T20:05:48.369005750Z [INFO] eToro-Momentum-LS.MLS_FlashCrashReversalStrategy_MTZ.ETORO_106: READY
2026-06-11T20:05:48.369037690Z [DEBUG] eToro-Momentum-LS.MessageBus: Added Subscription(topic=events.order.MLS_FlashCrashReversalStrategy_MTZ.ETORO_106-106, handler=<bound method Strategy.handle_event of FlashCrashReversalStrategy(MLS_FlashCrashReversalStrategy_MTZ.ETORO_106-106)>, priority=0)
2026-06-11T20:05:48.369045344Z [DEBUG] eToro-Momentum-LS.MessageBus: Added Subscription(topic=events.position.MLS_FlashCrashReversalStrategy_MTZ.ETORO_106-106, handler=<bound method Strategy.handle_event of FlashCrashReversalStrategy(MLS_FlashCrashReversalStrategy_MTZ.ETORO_106-106)>, priority=0)
2026-06-11T20:05:48.369047979Z [INFO] eToro-Momentum-LS.ExecEngine: Registered OMS.UNSPECIFIED for Strategy MLS_FlashCrashReversalStrategy_MTZ.ETORO_106-106
2026-06-11T20:05:48.369049081Z [INFO] eToro-Momentum-LS.eToro-Momentum-LS: Registered Strategy MLS_FlashCrashReversalStrategy_MTZ.ETORO_106-106
2026-06-11T20:05:48.369119412Z [INFO] eToro-Momentum-LS.MLS_FlashCrashReversalStrategy_MTZ.ETORO_107: READY
2026-06-11T20:05:48.369150170Z [DEBUG] eToro-Momentum-LS.MessageBus: Added Subscription(topic=events.order.MLS_FlashCrashReversalStrategy_MTZ.ETORO_107-107, handler=<bound method Strategy.handle_event of FlashCrashReversalStrategy(MLS_FlashCrashReversalStrategy_MTZ.ETORO_107-107)>, priority=0)
2026-06-11T20:05:48.369157884Z [DEBUG] eToro-Momentum-LS.MessageBus: Added Subscription(topic=events.position.MLS_FlashCrashReversalStrategy_MTZ.ETORO_107-107, handler=<bound method Strategy.handle_event of FlashCrashReversalStrategy(MLS_FlashCrashReversalStrategy_MTZ.ETORO_107-107)>, priority=0)
2026-06-11T20:05:48.369160369Z [INFO] eToro-Momentum-LS.ExecEngine: Registered OMS.UNSPECIFIED for Strategy MLS_FlashCrashReversalStrategy_MTZ.ETORO_107-107
2026-06-11T20:05:48.369161341Z [INFO] eToro-Momentum-LS.eToro-Momentum-LS: Registered Strategy MLS_FlashCrashReversalStrategy_MTZ.ETORO_107-107
2026-06-11T20:05:48.369231912Z [INFO] eToro-Momentum-LS.MLS_FlashCrashReversalStrategy_MTZ.ETORO_108: READY
2026-06-11T20:05:48.369260796Z [DEBUG] eToro-Momentum-LS.MessageBus: Added Subscription(topic=events.order.MLS_FlashCrashReversalStrategy_MTZ.ETORO_108-108, handler=<bound method Strategy.handle_event of FlashCrashReversalStrategy(MLS_FlashCrashReversalStrategy_MTZ.ETORO_108-108)>, priority=0)
2026-06-11T20:05:48.369268280Z [DEBUG] eToro-Momentum-LS.MessageBus: Added Subscription(topic=events.position.MLS_FlashCrashReversalStrategy_MTZ.ETORO_108-108, handler=<bound method Strategy.handle_event of FlashCrashReversalStrategy(MLS_FlashCrashReversalStrategy_MTZ.ETORO_108-108)>, priority=0)
2026-06-11T20:05:48.369269813Z [INFO] eToro-Momentum-LS.ExecEngine: Registered OMS.UNSPECIFIED for Strategy MLS_FlashCrashReversalStrategy_MTZ.ETORO_108-108
2026-06-11T20:05:48.369271426Z [INFO] eToro-Momentum-LS.eToro-Momentum-LS: Registered Strategy MLS_FlashCrashReversalStrategy_MTZ.ETORO_108-108
2026-06-11T20:05:48.369453286Z [INFO] eToro-Momentum-LS.MLS_FlashCrashReversalStrategy_MTZ.ETORO_109: READY
2026-06-11T20:05:48.369492769Z [DEBUG] eToro-Momentum-LS.MessageBus: Added Subscription(topic=events.order.MLS_FlashCrashReversalStrategy_MTZ.ETORO_109-109, handler=<bound method Strategy.handle_event of FlashCrashReversalStrategy(MLS_FlashCrashReversalStrategy_MTZ.ETORO_109-109)>, priority=0)
2026-06-11T20:05:48.369500674Z [DEBUG] eToro-Momentum-LS.MessageBus: Added Subscription(topic=events.position.MLS_FlashCrashReversalStrategy_MTZ.ETORO_109-109, handler=<bound method Strategy.handle_event of FlashCrashReversalStrategy(MLS_FlashCrashReversalStrategy_MTZ.ETORO_109-109)>, priority=0)
2026-06-11T20:05:48.369504171Z [INFO] eToro-Momentum-LS.ExecEngine: Registered OMS.UNSPECIFIED for Strategy MLS_FlashCrashReversalStrategy_MTZ.ETORO_109-109
2026-06-11T20:05:48.369505734Z [INFO] eToro-Momentum-LS.eToro-Momentum-LS: Registered Strategy MLS_FlashCrashReversalStrategy_MTZ.ETORO_109-109
2026-06-11T20:05:48.369595561Z [INFO] eToro-Momentum-LS.MLS_FlashCrashReversalStrategy_MTZ.ETORO_110: READY
2026-06-11T20:05:48.369627140Z [DEBUG] eToro-Momentum-LS.MessageBus: Added Subscription(topic=events.order.MLS_FlashCrashReversalStrategy_MTZ.ETORO_110-110, handler=<bound method Strategy.handle_event of FlashCrashReversalStrategy(MLS_FlashCrashReversalStrategy_MTZ.ETORO_110-110)>, priority=0)
2026-06-11T20:05:48.369634775Z [DEBUG] eToro-Momentum-LS.MessageBus: Added Subscription(topic=events.position.MLS_FlashCrashReversalStrategy_MTZ.ETORO_110-110, handler=<bound method Strategy.handle_event of FlashCrashReversalStrategy(MLS_FlashCrashReversalStrategy_MTZ.ETORO_110-110)>, priority=0)
2026-06-11T20:05:48.369636378Z [INFO] eToro-Momentum-LS.ExecEngine: Registered OMS.UNSPECIFIED for Strategy MLS_FlashCrashReversalStrategy_MTZ.ETORO_110-110
2026-06-11T20:05:48.369637450Z [INFO] eToro-Momentum-LS.eToro-Momentum-LS: Registered Strategy MLS_FlashCrashReversalStrategy_MTZ.ETORO_110-110
2026-06-11T20:05:48.369711528Z [INFO] eToro-Momentum-LS.MLS_FlashCrashReversalStrategy_MTZ.ETORO_111: READY
2026-06-11T20:05:48.369743167Z [DEBUG] eToro-Momentum-LS.MessageBus: Added Subscription(topic=events.order.MLS_FlashCrashReversalStrategy_MTZ.ETORO_111-111, handler=<bound method Strategy.handle_event of FlashCrashReversalStrategy(MLS_FlashCrashReversalStrategy_MTZ.ETORO_111-111)>, priority=0)
2026-06-11T20:05:48.369764336Z [DEBUG] eToro-Momentum-LS.MessageBus: Added Subscription(topic=events.position.MLS_FlashCrashReversalStrategy_MTZ.ETORO_111-111, handler=<bound method Strategy.handle_event of FlashCrashReversalStrategy(MLS_FlashCrashReversalStrategy_MTZ.ETORO_111-111)>, priority=0)
2026-06-11T20:05:48.369766511Z [INFO] eToro-Momentum-LS.ExecEngine: Registered OMS.UNSPECIFIED for Strategy MLS_FlashCrashReversalStrategy_MTZ.ETORO_111-111
2026-06-11T20:05:48.369767593Z [INFO] eToro-Momentum-LS.eToro-Momentum-LS: Registered Strategy MLS_FlashCrashReversalStrategy_MTZ.ETORO_111-111
2026-06-11T20:05:48.369840619Z [INFO] eToro-Momentum-LS.MLS_FlashCrashReversalStrategy_AMKR.ETORO_112: READY
2026-06-11T20:05:48.369870655Z [DEBUG] eToro-Momentum-LS.MessageBus: Added Subscription(topic=events.order.MLS_FlashCrashReversalStrategy_AMKR.ETORO_112-112, handler=<bound method Strategy.handle_event of FlashCrashReversalStrategy(MLS_FlashCrashReversalStrategy_AMKR.ETORO_112-112)>, priority=0)
2026-06-11T20:05:48.369878700Z [DEBUG] eToro-Momentum-LS.MessageBus: Added Subscription(topic=events.position.MLS_FlashCrashReversalStrategy_AMKR.ETORO_112-112, handler=<bound method Strategy.handle_event of FlashCrashReversalStrategy(MLS_FlashCrashReversalStrategy_AMKR.ETORO_112-112)>, priority=0)
2026-06-11T20:05:48.369881936Z [INFO] eToro-Momentum-LS.ExecEngine: Registered OMS.UNSPECIFIED for Strategy MLS_FlashCrashReversalStrategy_AMKR.ETORO_112-112
2026-06-11T20:05:48.369883299Z [INFO] eToro-Momentum-LS.eToro-Momentum-LS: Registered Strategy MLS_FlashCrashReversalStrategy_AMKR.ETORO_112-112
2026-06-11T20:05:48.369971583Z [INFO] eToro-Momentum-LS.MLS_FlashCrashReversalStrategy_AMKR.ETORO_113: READY
2026-06-11T20:05:48.370004946Z [DEBUG] eToro-Momentum-LS.MessageBus: Added Subscription(topic=events.order.MLS_FlashCrashReversalStrategy_AMKR.ETORO_113-113, handler=<bound method Strategy.handle_event of FlashCrashReversalStrategy(MLS_FlashCrashReversalStrategy_AMKR.ETORO_113-113)>, priority=0)
2026-06-11T20:05:48.370012710Z [DEBUG] eToro-Momentum-LS.MessageBus: Added Subscription(topic=events.position.MLS_FlashCrashReversalStrategy_AMKR.ETORO_113-113, handler=<bound method Strategy.handle_event of FlashCrashReversalStrategy(MLS_FlashCrashReversalStrategy_AMKR.ETORO_113-113)>, priority=0)
2026-06-11T20:05:48.370014904Z [INFO] eToro-Momentum-LS.ExecEngine: Registered OMS.UNSPECIFIED for Strategy MLS_FlashCrashReversalStrategy_AMKR.ETORO_113-113
2026-06-11T20:05:48.370016587Z [INFO] eToro-Momentum-LS.eToro-Momentum-LS: Registered Strategy MLS_FlashCrashReversalStrategy_AMKR.ETORO_113-113
2026-06-11T20:05:48.370081398Z [INFO] eToro-Momentum-LS.MLS_FlashCrashReversalStrategy_AMKR.ETORO_114: READY
2026-06-11T20:05:48.370111815Z [DEBUG] eToro-Momentum-LS.MessageBus: Added Subscription(topic=events.order.MLS_FlashCrashReversalStrategy_AMKR.ETORO_114-114, handler=<bound method Strategy.handle_event of FlashCrashReversalStrategy(MLS_FlashCrashReversalStrategy_AMKR.ETORO_114-114)>, priority=0)
2026-06-11T20:05:48.370119590Z [DEBUG] eToro-Momentum-LS.MessageBus: Added Subscription(topic=events.position.MLS_FlashCrashReversalStrategy_AMKR.ETORO_114-114, handler=<bound method Strategy.handle_event of FlashCrashReversalStrategy(MLS_FlashCrashReversalStrategy_AMKR.ETORO_114-114)>, priority=0)
2026-06-11T20:05:48.370122335Z [INFO] eToro-Momentum-LS.ExecEngine: Registered OMS.UNSPECIFIED for Strategy MLS_FlashCrashReversalStrategy_AMKR.ETORO_114-114
2026-06-11T20:05:48.370123587Z [INFO] eToro-Momentum-LS.eToro-Momentum-LS: Registered Strategy MLS_FlashCrashReversalStrategy_AMKR.ETORO_114-114
2026-06-11T20:05:48.370239744Z [INFO] eToro-Momentum-LS.MLS_FlashCrashReversalStrategy_AMKR.ETORO_115: READY
2026-06-11T20:05:48.370271874Z [DEBUG] eToro-Momentum-LS.MessageBus: Added Subscription(topic=events.order.MLS_FlashCrashReversalStrategy_AMKR.ETORO_115-115, handler=<bound method Strategy.handle_event of FlashCrashReversalStrategy(MLS_FlashCrashReversalStrategy_AMKR.ETORO_115-115)>, priority=0)
2026-06-11T20:05:48.370279188Z [DEBUG] eToro-Momentum-LS.MessageBus: Added Subscription(topic=events.position.MLS_FlashCrashReversalStrategy_AMKR.ETORO_115-115, handler=<bound method Strategy.handle_event of FlashCrashReversalStrategy(MLS_FlashCrashReversalStrategy_AMKR.ETORO_115-115)>, priority=0)
2026-06-11T20:05:48.370281001Z [INFO] eToro-Momentum-LS.ExecEngine: Registered OMS.UNSPECIFIED for Strategy MLS_FlashCrashReversalStrategy_AMKR.ETORO_115-115
2026-06-11T20:05:48.370282734Z [INFO] eToro-Momentum-LS.eToro-Momentum-LS: Registered Strategy MLS_FlashCrashReversalStrategy_AMKR.ETORO_115-115
2026-06-11T20:05:48.370351352Z [INFO] eToro-Momentum-LS.MLS_FlashCrashReversalStrategy_AMKR.ETORO_116: READY
2026-06-11T20:05:48.370383152Z [DEBUG] eToro-Momentum-LS.MessageBus: Added Subscription(topic=events.order.MLS_FlashCrashReversalStrategy_AMKR.ETORO_116-116, handler=<bound method Strategy.handle_event of FlashCrashReversalStrategy(MLS_FlashCrashReversalStrategy_AMKR.ETORO_116-116)>, priority=0)
2026-06-11T20:05:48.370390816Z [DEBUG] eToro-Momentum-LS.MessageBus: Added Subscription(topic=events.position.MLS_FlashCrashReversalStrategy_AMKR.ETORO_116-116, handler=<bound method Strategy.handle_event of FlashCrashReversalStrategy(MLS_FlashCrashReversalStrategy_AMKR.ETORO_116-116)>, priority=0)
2026-06-11T20:05:48.370392649Z [INFO] eToro-Momentum-LS.ExecEngine: Registered OMS.UNSPECIFIED for Strategy MLS_FlashCrashReversalStrategy_AMKR.ETORO_116-116
2026-06-11T20:05:48.370393741Z [INFO] eToro-Momentum-LS.eToro-Momentum-LS: Registered Strategy MLS_FlashCrashReversalStrategy_AMKR.ETORO_116-116
2026-06-11T20:05:48.370462269Z [INFO] eToro-Momentum-LS.MLS_FlashCrashReversalStrategy_AMKR.ETORO_117: READY
2026-06-11T20:05:48.370494870Z [DEBUG] eToro-Momentum-LS.MessageBus: Added Subscription(topic=events.order.MLS_FlashCrashReversalStrategy_AMKR.ETORO_117-117, handler=<bound method Strategy.handle_event of FlashCrashReversalStrategy(MLS_FlashCrashReversalStrategy_AMKR.ETORO_117-117)>, priority=0)
2026-06-11T20:05:48.370504037Z [DEBUG] eToro-Momentum-LS.MessageBus: Added Subscription(topic=events.position.MLS_FlashCrashReversalStrategy_AMKR.ETORO_117-117, handler=<bound method Strategy.handle_event of FlashCrashReversalStrategy(MLS_FlashCrashReversalStrategy_AMKR.ETORO_117-117)>, priority=0)
2026-06-11T20:05:48.370506372Z [INFO] eToro-Momentum-LS.ExecEngine: Registered OMS.UNSPECIFIED for Strategy MLS_FlashCrashReversalStrategy_AMKR.ETORO_117-117
2026-06-11T20:05:48.370507574Z [INFO] eToro-Momentum-LS.eToro-Momentum-LS: Registered Strategy MLS_FlashCrashReversalStrategy_AMKR.ETORO_117-117
2026-06-11T20:05:48.370622108Z [INFO] eToro-Momentum-LS.MLS_FlashCrashReversalStrategy_AMKR.ETORO_118: READY
2026-06-11T20:05:48.370664367Z [DEBUG] eToro-Momentum-LS.MessageBus: Added Subscription(topic=events.order.MLS_FlashCrashReversalStrategy_AMKR.ETORO_118-118, handler=<bound method Strategy.handle_event of FlashCrashReversalStrategy(MLS_FlashCrashReversalStrategy_AMKR.ETORO_118-118)>, priority=0)
2026-06-11T20:05:48.370673263Z [DEBUG] eToro-Momentum-LS.MessageBus: Added Subscription(topic=events.position.MLS_FlashCrashReversalStrategy_AMKR.ETORO_118-118, handler=<bound method Strategy.handle_event of FlashCrashReversalStrategy(MLS_FlashCrashReversalStrategy_AMKR.ETORO_118-118)>, priority=0)
2026-06-11T20:05:48.370678102Z [INFO] eToro-Momentum-LS.ExecEngine: Registered OMS.UNSPECIFIED for Strategy MLS_FlashCrashReversalStrategy_AMKR.ETORO_118-118
2026-06-11T20:05:48.370680777Z [INFO] eToro-Momentum-LS.eToro-Momentum-LS: Registered Strategy MLS_FlashCrashReversalStrategy_AMKR.ETORO_118-118
2026-06-11T20:05:48.370784591Z [INFO] eToro-Momentum-LS.MLS_FlashCrashReversalStrategy_AMKR.ETORO_119: READY
2026-06-11T20:05:48.370826529Z [DEBUG] eToro-Momentum-LS.MessageBus: Added Subscription(topic=events.order.MLS_FlashCrashReversalStrategy_AMKR.ETORO_119-119, handler=<bound method Strategy.handle_event of FlashCrashReversalStrategy(MLS_FlashCrashReversalStrategy_AMKR.ETORO_119-119)>, priority=0)
2026-06-11T20:05:48.370834434Z [DEBUG] eToro-Momentum-LS.MessageBus: Added Subscription(topic=events.position.MLS_FlashCrashReversalStrategy_AMKR.ETORO_119-119, handler=<bound method Strategy.handle_event of FlashCrashReversalStrategy(MLS_FlashCrashReversalStrategy_AMKR.ETORO_119-119)>, priority=0)
2026-06-11T20:05:48.370837330Z [INFO] eToro-Momentum-LS.ExecEngine: Registered OMS.UNSPECIFIED for Strategy MLS_FlashCrashReversalStrategy_AMKR.ETORO_119-119
2026-06-11T20:05:48.370840886Z [INFO] eToro-Momentum-LS.eToro-Momentum-LS: Registered Strategy MLS_FlashCrashReversalStrategy_AMKR.ETORO_119-119
2026-06-11T20:05:48.370943247Z [INFO] eToro-Momentum-LS.MLS_FlashCrashReversalStrategy_AMKR.ETORO_120: READY
2026-06-11T20:05:48.370983683Z [DEBUG] eToro-Momentum-LS.MessageBus: Added Subscription(topic=events.order.MLS_FlashCrashReversalStrategy_AMKR.ETORO_120-120, handler=<bound method Strategy.handle_event of FlashCrashReversalStrategy(MLS_FlashCrashReversalStrategy_AMKR.ETORO_120-120)>, priority=0)
2026-06-11T20:05:48.370991497Z [DEBUG] eToro-Momentum-LS.MessageBus: Added Subscription(topic=events.position.MLS_FlashCrashReversalStrategy_AMKR.ETORO_120-120, handler=<bound method Strategy.handle_event of FlashCrashReversalStrategy(MLS_FlashCrashReversalStrategy_AMKR.ETORO_120-120)>, priority=0)
2026-06-11T20:05:48.370994182Z [INFO] eToro-Momentum-LS.ExecEngine: Registered OMS.UNSPECIFIED for Strategy MLS_FlashCrashReversalStrategy_AMKR.ETORO_120-120
2026-06-11T20:05:48.370996557Z [INFO] eToro-Momentum-LS.eToro-Momentum-LS: Registered Strategy MLS_FlashCrashReversalStrategy_AMKR.ETORO_120-120
2026-06-11T20:05:48.371081596Z [INFO] eToro-Momentum-LS.MLS_FlashCrashReversalStrategy_AMKR.ETORO_121: READY
2026-06-11T20:05:48.371117954Z [DEBUG] eToro-Momentum-LS.MessageBus: Added Subscription(topic=events.order.MLS_FlashCrashReversalStrategy_AMKR.ETORO_121-121, handler=<bound method Strategy.handle_event of FlashCrashReversalStrategy(MLS_FlashCrashReversalStrategy_AMKR.ETORO_121-121)>, priority=0)
2026-06-11T20:05:48.371127832Z [DEBUG] eToro-Momentum-LS.MessageBus: Added Subscription(topic=events.position.MLS_FlashCrashReversalStrategy_AMKR.ETORO_121-121, handler=<bound method Strategy.handle_event of FlashCrashReversalStrategy(MLS_FlashCrashReversalStrategy_AMKR.ETORO_121-121)>, priority=0)
2026-06-11T20:05:48.371130637Z [INFO] eToro-Momentum-LS.ExecEngine: Registered OMS.UNSPECIFIED for Strategy MLS_FlashCrashReversalStrategy_AMKR.ETORO_121-121
2026-06-11T20:05:48.371132010Z [INFO] eToro-Momentum-LS.eToro-Momentum-LS: Registered Strategy MLS_FlashCrashReversalStrategy_AMKR.ETORO_121-121
2026-06-11T20:05:48.371211147Z [INFO] eToro-Momentum-LS.MLS_FlashCrashReversalStrategy_SE.ETORO_122: READY
2026-06-11T20:05:48.371245081Z [DEBUG] eToro-Momentum-LS.MessageBus: Added Subscription(topic=events.order.MLS_FlashCrashReversalStrategy_SE.ETORO_122-122, handler=<bound method Strategy.handle_event of FlashCrashReversalStrategy(MLS_FlashCrashReversalStrategy_SE.ETORO_122-122)>, priority=0)
2026-06-11T20:05:48.371253557Z [DEBUG] eToro-Momentum-LS.MessageBus: Added Subscription(topic=events.position.MLS_FlashCrashReversalStrategy_SE.ETORO_122-122, handler=<bound method Strategy.handle_event of FlashCrashReversalStrategy(MLS_FlashCrashReversalStrategy_SE.ETORO_122-122)>, priority=0)
2026-06-11T20:05:48.371409127Z [INFO] eToro-Momentum-LS.ExecEngine: Registered OMS.UNSPECIFIED for Strategy MLS_FlashCrashReversalStrategy_SE.ETORO_122-122
2026-06-11T20:05:48.371412564Z [INFO] eToro-Momentum-LS.eToro-Momentum-LS: Registered Strategy MLS_FlashCrashReversalStrategy_SE.ETORO_122-122
2026-06-11T20:05:48.371540833Z [INFO] eToro-Momentum-LS.MLS_FlashCrashReversalStrategy_SE.ETORO_123: READY
2026-06-11T20:05:48.371602949Z [DEBUG] eToro-Momentum-LS.MessageBus: Added Subscription(topic=events.order.MLS_FlashCrashReversalStrategy_SE.ETORO_123-123, handler=<bound method Strategy.handle_event of FlashCrashReversalStrategy(MLS_FlashCrashReversalStrategy_SE.ETORO_123-123)>, priority=0)
2026-06-11T20:05:48.371617496Z [DEBUG] eToro-Momentum-LS.MessageBus: Added Subscription(topic=events.position.MLS_FlashCrashReversalStrategy_SE.ETORO_123-123, handler=<bound method Strategy.handle_event of FlashCrashReversalStrategy(MLS_FlashCrashReversalStrategy_SE.ETORO_123-123)>, priority=0)
2026-06-11T20:05:48.371621854Z [INFO] eToro-Momentum-LS.ExecEngine: Registered OMS.UNSPECIFIED for Strategy MLS_FlashCrashReversalStrategy_SE.ETORO_123-123
2026-06-11T20:05:48.371623728Z [INFO] eToro-Momentum-LS.eToro-Momentum-LS: Registered Strategy MLS_FlashCrashReversalStrategy_SE.ETORO_123-123
2026-06-11T20:05:48.371742670Z [INFO] eToro-Momentum-LS.MLS_FlashCrashReversalStrategy_SE.ETORO_124: READY
2026-06-11T20:05:48.371837777Z [DEBUG] eToro-Momentum-LS.MessageBus: Added Subscription(topic=events.order.MLS_FlashCrashReversalStrategy_SE.ETORO_124-124, handler=<bound method Strategy.handle_event of FlashCrashReversalStrategy(MLS_FlashCrashReversalStrategy_SE.ETORO_124-124)>, priority=0)
2026-06-11T20:05:48.371846764Z [DEBUG] eToro-Momentum-LS.MessageBus: Added Subscription(topic=events.position.MLS_FlashCrashReversalStrategy_SE.ETORO_124-124, handler=<bound method Strategy.handle_event of FlashCrashReversalStrategy(MLS_FlashCrashReversalStrategy_SE.ETORO_124-124)>, priority=0)
2026-06-11T20:05:48.371849078Z [INFO] eToro-Momentum-LS.ExecEngine: Registered OMS.UNSPECIFIED for Strategy MLS_FlashCrashReversalStrategy_SE.ETORO_124-124
2026-06-11T20:05:48.371850401Z [INFO] eToro-Momentum-LS.eToro-Momentum-LS: Registered Strategy MLS_FlashCrashReversalStrategy_SE.ETORO_124-124
2026-06-11T20:05:48.371943264Z [INFO] eToro-Momentum-LS.MLS_FlashCrashReversalStrategy_SE.ETORO_125: READY
2026-06-11T20:05:48.371982578Z [DEBUG] eToro-Momentum-LS.MessageBus: Added Subscription(topic=events.order.MLS_FlashCrashReversalStrategy_SE.ETORO_125-125, handler=<bound method Strategy.handle_event of FlashCrashReversalStrategy(MLS_FlashCrashReversalStrategy_SE.ETORO_125-125)>, priority=0)
2026-06-11T20:05:48.371991003Z [DEBUG] eToro-Momentum-LS.MessageBus: Added Subscription(topic=events.position.MLS_FlashCrashReversalStrategy_SE.ETORO_125-125, handler=<bound method Strategy.handle_event of FlashCrashReversalStrategy(MLS_FlashCrashReversalStrategy_SE.ETORO_125-125)>, priority=0)
2026-06-11T20:05:48.371993919Z [INFO] eToro-Momentum-LS.ExecEngine: Registered OMS.UNSPECIFIED for Strategy MLS_FlashCrashReversalStrategy_SE.ETORO_125-125
2026-06-11T20:05:48.371995311Z [INFO] eToro-Momentum-LS.eToro-Momentum-LS: Registered Strategy MLS_FlashCrashReversalStrategy_SE.ETORO_125-125
2026-06-11T20:05:48.372071424Z [INFO] eToro-Momentum-LS.MLS_FlashCrashReversalStrategy_SE.ETORO_126: READY
2026-06-11T20:05:48.372118451Z [DEBUG] eToro-Momentum-LS.MessageBus: Added Subscription(topic=events.order.MLS_FlashCrashReversalStrategy_SE.ETORO_126-126, handler=<bound method Strategy.handle_event of FlashCrashReversalStrategy(MLS_FlashCrashReversalStrategy_SE.ETORO_126-126)>, priority=0)
2026-06-11T20:05:48.372126717Z [DEBUG] eToro-Momentum-LS.MessageBus: Added Subscription(topic=events.position.MLS_FlashCrashReversalStrategy_SE.ETORO_126-126, handler=<bound method Strategy.handle_event of FlashCrashReversalStrategy(MLS_FlashCrashReversalStrategy_SE.ETORO_126-126)>, priority=0)
2026-06-11T20:05:48.372129823Z [INFO] eToro-Momentum-LS.ExecEngine: Registered OMS.UNSPECIFIED for Strategy MLS_FlashCrashReversalStrategy_SE.ETORO_126-126
2026-06-11T20:05:48.372130965Z [INFO] eToro-Momentum-LS.eToro-Momentum-LS: Registered Strategy MLS_FlashCrashReversalStrategy_SE.ETORO_126-126
2026-06-11T20:05:48.372207478Z [INFO] eToro-Momentum-LS.MLS_FlashCrashReversalStrategy_SE.ETORO_127: READY
2026-06-11T20:05:48.372244897Z [DEBUG] eToro-Momentum-LS.MessageBus: Added Subscription(topic=events.order.MLS_FlashCrashReversalStrategy_SE.ETORO_127-127, handler=<bound method Strategy.handle_event of FlashCrashReversalStrategy(MLS_FlashCrashReversalStrategy_SE.ETORO_127-127)>, priority=0)
2026-06-11T20:05:48.372253994Z [DEBUG] eToro-Momentum-LS.MessageBus: Added Subscription(topic=events.position.MLS_FlashCrashReversalStrategy_SE.ETORO_127-127, handler=<bound method Strategy.handle_event of FlashCrashReversalStrategy(MLS_FlashCrashReversalStrategy_SE.ETORO_127-127)>, priority=0)
2026-06-11T20:05:48.372256800Z [INFO] eToro-Momentum-LS.ExecEngine: Registered OMS.UNSPECIFIED for Strategy MLS_FlashCrashReversalStrategy_SE.ETORO_127-127
2026-06-11T20:05:48.372257812Z [INFO] eToro-Momentum-LS.eToro-Momentum-LS: Registered Strategy MLS_FlashCrashReversalStrategy_SE.ETORO_127-127
2026-06-11T20:05:48.372331760Z [INFO] eToro-Momentum-LS.MLS_FlashCrashReversalStrategy_SE.ETORO_128: READY
2026-06-11T20:05:48.372363078Z [DEBUG] eToro-Momentum-LS.MessageBus: Added Subscription(topic=events.order.MLS_FlashCrashReversalStrategy_SE.ETORO_128-128, handler=<bound method Strategy.handle_event of FlashCrashReversalStrategy(MLS_FlashCrashReversalStrategy_SE.ETORO_128-128)>, priority=0)
2026-06-11T20:05:48.372371333Z [DEBUG] eToro-Momentum-LS.MessageBus: Added Subscription(topic=events.position.MLS_FlashCrashReversalStrategy_SE.ETORO_128-128, handler=<bound method Strategy.handle_event of FlashCrashReversalStrategy(MLS_FlashCrashReversalStrategy_SE.ETORO_128-128)>, priority=0)
2026-06-11T20:05:48.372374419Z [INFO] eToro-Momentum-LS.ExecEngine: Registered OMS.UNSPECIFIED for Strategy MLS_FlashCrashReversalStrategy_SE.ETORO_128-128
2026-06-11T20:05:48.372375451Z [INFO] eToro-Momentum-LS.eToro-Momentum-LS: Registered Strategy MLS_FlashCrashReversalStrategy_SE.ETORO_128-128
2026-06-11T20:05:48.372445231Z [INFO] eToro-Momentum-LS.MLS_FlashCrashReversalStrategy_SE.ETORO_129: READY
2026-06-11T20:05:48.372476049Z [DEBUG] eToro-Momentum-LS.MessageBus: Added Subscription(topic=events.order.MLS_FlashCrashReversalStrategy_SE.ETORO_129-129, handler=<bound method Strategy.handle_event of FlashCrashReversalStrategy(MLS_FlashCrashReversalStrategy_SE.ETORO_129-129)>, priority=0)
2026-06-11T20:05:48.372486058Z [DEBUG] eToro-Momentum-LS.MessageBus: Added Subscription(topic=events.position.MLS_FlashCrashReversalStrategy_SE.ETORO_129-129, handler=<bound method Strategy.handle_event of FlashCrashReversalStrategy(MLS_FlashCrashReversalStrategy_SE.ETORO_129-129)>, priority=0)
2026-06-11T20:05:48.372489103Z [INFO] eToro-Momentum-LS.ExecEngine: Registered OMS.UNSPECIFIED for Strategy MLS_FlashCrashReversalStrategy_SE.ETORO_129-129
2026-06-11T20:05:48.372490135Z [INFO] eToro-Momentum-LS.eToro-Momentum-LS: Registered Strategy MLS_FlashCrashReversalStrategy_SE.ETORO_129-129
2026-06-11T20:05:48.372563262Z [INFO] eToro-Momentum-LS.MLS_FlashCrashReversalStrategy_SQM.ETORO_130: READY
2026-06-11T20:05:48.372596925Z [DEBUG] eToro-Momentum-LS.MessageBus: Added Subscription(topic=events.order.MLS_FlashCrashReversalStrategy_SQM.ETORO_130-130, handler=<bound method Strategy.handle_event of FlashCrashReversalStrategy(MLS_FlashCrashReversalStrategy_SQM.ETORO_130-130)>, priority=0)
2026-06-11T20:05:48.372605461Z [DEBUG] eToro-Momentum-LS.MessageBus: Added Subscription(topic=events.position.MLS_FlashCrashReversalStrategy_SQM.ETORO_130-130, handler=<bound method Strategy.handle_event of FlashCrashReversalStrategy(MLS_FlashCrashReversalStrategy_SQM.ETORO_130-130)>, priority=0)
2026-06-11T20:05:48.372608396Z [INFO] eToro-Momentum-LS.ExecEngine: Registered OMS.UNSPECIFIED for Strategy MLS_FlashCrashReversalStrategy_SQM.ETORO_130-130
2026-06-11T20:05:48.372609568Z [INFO] eToro-Momentum-LS.eToro-Momentum-LS: Registered Strategy MLS_FlashCrashReversalStrategy_SQM.ETORO_130-130
2026-06-11T20:05:48.372678116Z [INFO] eToro-Momentum-LS.MLS_FlashCrashReversalStrategy_SQM.ETORO_131: READY
2026-06-11T20:05:48.372710677Z [DEBUG] eToro-Momentum-LS.MessageBus: Added Subscription(topic=events.order.MLS_FlashCrashReversalStrategy_SQM.ETORO_131-131, handler=<bound method Strategy.handle_event of FlashCrashReversalStrategy(MLS_FlashCrashReversalStrategy_SQM.ETORO_131-131)>, priority=0)
2026-06-11T20:05:48.372719513Z [DEBUG] eToro-Momentum-LS.MessageBus: Added Subscription(topic=events.position.MLS_FlashCrashReversalStrategy_SQM.ETORO_131-131, handler=<bound method Strategy.handle_event of FlashCrashReversalStrategy(MLS_FlashCrashReversalStrategy_SQM.ETORO_131-131)>, priority=0)
2026-06-11T20:05:48.372722489Z [INFO] eToro-Momentum-LS.ExecEngine: Registered OMS.UNSPECIFIED for Strategy MLS_FlashCrashReversalStrategy_SQM.ETORO_131-131
2026-06-11T20:05:48.372723521Z [INFO] eToro-Momentum-LS.eToro-Momentum-LS: Registered Strategy MLS_FlashCrashReversalStrategy_SQM.ETORO_131-131
2026-06-11T20:05:48.372796187Z [INFO] eToro-Momentum-LS.MLS_FlashCrashReversalStrategy_SQM.ETORO_132: READY
2026-06-11T20:05:48.372828717Z [DEBUG] eToro-Momentum-LS.MessageBus: Added Subscription(topic=events.order.MLS_FlashCrashReversalStrategy_SQM.ETORO_132-132, handler=<bound method Strategy.handle_event of FlashCrashReversalStrategy(MLS_FlashCrashReversalStrategy_SQM.ETORO_132-132)>, priority=0)
2026-06-11T20:05:48.372837664Z [DEBUG] eToro-Momentum-LS.MessageBus: Added Subscription(topic=events.position.MLS_FlashCrashReversalStrategy_SQM.ETORO_132-132, handler=<bound method Strategy.handle_event of FlashCrashReversalStrategy(MLS_FlashCrashReversalStrategy_SQM.ETORO_132-132)>, priority=0)
2026-06-11T20:05:48.372839688Z [INFO] eToro-Momentum-LS.ExecEngine: Registered OMS.UNSPECIFIED for Strategy MLS_FlashCrashReversalStrategy_SQM.ETORO_132-132
2026-06-11T20:05:48.372840730Z [INFO] eToro-Momentum-LS.eToro-Momentum-LS: Registered Strategy MLS_FlashCrashReversalStrategy_SQM.ETORO_132-132
2026-06-11T20:05:48.372914878Z [INFO] eToro-Momentum-LS.MLS_FlashCrashReversalStrategy_SQM.ETORO_133: READY
2026-06-11T20:05:48.372952268Z [DEBUG] eToro-Momentum-LS.MessageBus: Added Subscription(topic=events.order.MLS_FlashCrashReversalStrategy_SQM.ETORO_133-133, handler=<bound method Strategy.handle_event of FlashCrashReversalStrategy(MLS_FlashCrashReversalStrategy_SQM.ETORO_133-133)>, priority=0)
2026-06-11T20:05:48.372960904Z [DEBUG] eToro-Momentum-LS.MessageBus: Added Subscription(topic=events.position.MLS_FlashCrashReversalStrategy_SQM.ETORO_133-133, handler=<bound method Strategy.handle_event of FlashCrashReversalStrategy(MLS_FlashCrashReversalStrategy_SQM.ETORO_133-133)>, priority=0)
2026-06-11T20:05:48.372964250Z [INFO] eToro-Momentum-LS.ExecEngine: Registered OMS.UNSPECIFIED for Strategy MLS_FlashCrashReversalStrategy_SQM.ETORO_133-133
2026-06-11T20:05:48.372965382Z [INFO] eToro-Momentum-LS.eToro-Momentum-LS: Registered Strategy MLS_FlashCrashReversalStrategy_SQM.ETORO_133-133
2026-06-11T20:05:48.373082030Z [INFO] eToro-Momentum-LS.MLS_FlashCrashReversalStrategy_SQM.ETORO_134: READY
2026-06-11T20:05:48.373117166Z [DEBUG] eToro-Momentum-LS.MessageBus: Added Subscription(topic=events.order.MLS_FlashCrashReversalStrategy_SQM.ETORO_134-134, handler=<bound method Strategy.handle_event of FlashCrashReversalStrategy(MLS_FlashCrashReversalStrategy_SQM.ETORO_134-134)>, priority=0)
2026-06-11T20:05:48.373125912Z [DEBUG] eToro-Momentum-LS.MessageBus: Added Subscription(topic=events.position.MLS_FlashCrashReversalStrategy_SQM.ETORO_134-134, handler=<bound method Strategy.handle_event of FlashCrashReversalStrategy(MLS_FlashCrashReversalStrategy_SQM.ETORO_134-134)>, priority=0)
2026-06-11T20:05:48.373128727Z [INFO] eToro-Momentum-LS.ExecEngine: Registered OMS.UNSPECIFIED for Strategy MLS_FlashCrashReversalStrategy_SQM.ETORO_134-134
2026-06-11T20:05:48.373130010Z [INFO] eToro-Momentum-LS.eToro-Momentum-LS: Registered Strategy MLS_FlashCrashReversalStrategy_SQM.ETORO_134-134
2026-06-11T20:05:48.373228914Z [INFO] eToro-Momentum-LS.MLS_FlashCrashReversalStrategy_SQM.ETORO_135: READY
2026-06-11T20:05:48.373264811Z [DEBUG] eToro-Momentum-LS.MessageBus: Added Subscription(topic=events.order.MLS_FlashCrashReversalStrategy_SQM.ETORO_135-135, handler=<bound method Strategy.handle_event of FlashCrashReversalStrategy(MLS_FlashCrashReversalStrategy_SQM.ETORO_135-135)>, priority=0)
2026-06-11T20:05:48.373274650Z [DEBUG] eToro-Momentum-LS.MessageBus: Added Subscription(topic=events.position.MLS_FlashCrashReversalStrategy_SQM.ETORO_135-135, handler=<bound method Strategy.handle_event of FlashCrashReversalStrategy(MLS_FlashCrashReversalStrategy_SQM.ETORO_135-135)>, priority=0)
2026-06-11T20:05:48.373277836Z [INFO] eToro-Momentum-LS.ExecEngine: Registered OMS.UNSPECIFIED for Strategy MLS_FlashCrashReversalStrategy_SQM.ETORO_135-135
2026-06-11T20:05:48.373278918Z [INFO] eToro-Momentum-LS.eToro-Momentum-LS: Registered Strategy MLS_FlashCrashReversalStrategy_SQM.ETORO_135-135
2026-06-11T20:05:48.373354980Z [INFO] eToro-Momentum-LS.MLS_FlashCrashReversalStrategy_SQM.ETORO_136: READY
2026-06-11T20:05:48.373387150Z [DEBUG] eToro-Momentum-LS.MessageBus: Added Subscription(topic=events.order.MLS_FlashCrashReversalStrategy_SQM.ETORO_136-136, handler=<bound method Strategy.handle_event of FlashCrashReversalStrategy(MLS_FlashCrashReversalStrategy_SQM.ETORO_136-136)>, priority=0)
2026-06-11T20:05:48.373395666Z [DEBUG] eToro-Momentum-LS.MessageBus: Added Subscription(topic=events.position.MLS_FlashCrashReversalStrategy_SQM.ETORO_136-136, handler=<bound method Strategy.handle_event of FlashCrashReversalStrategy(MLS_FlashCrashReversalStrategy_SQM.ETORO_136-136)>, priority=0)
2026-06-11T20:05:48.373398691Z [INFO] eToro-Momentum-LS.ExecEngine: Registered OMS.UNSPECIFIED for Strategy MLS_FlashCrashReversalStrategy_SQM.ETORO_136-136
2026-06-11T20:05:48.373399703Z [INFO] eToro-Momentum-LS.eToro-Momentum-LS: Registered Strategy MLS_FlashCrashReversalStrategy_SQM.ETORO_136-136
2026-06-11T20:05:48.373486686Z [INFO] eToro-Momentum-LS.MLS_FlashCrashReversalStrategy_SQM.ETORO_137: READY
2026-06-11T20:05:48.373522372Z [DEBUG] eToro-Momentum-LS.MessageBus: Added Subscription(topic=events.order.MLS_FlashCrashReversalStrategy_SQM.ETORO_137-137, handler=<bound method Strategy.handle_event of FlashCrashReversalStrategy(MLS_FlashCrashReversalStrategy_SQM.ETORO_137-137)>, priority=0)
2026-06-11T20:05:48.373531239Z [DEBUG] eToro-Momentum-LS.MessageBus: Added Subscription(topic=events.position.MLS_FlashCrashReversalStrategy_SQM.ETORO_137-137, handler=<bound method Strategy.handle_event of FlashCrashReversalStrategy(MLS_FlashCrashReversalStrategy_SQM.ETORO_137-137)>, priority=0)
2026-06-11T20:05:48.373533994Z [INFO] eToro-Momentum-LS.ExecEngine: Registered OMS.UNSPECIFIED for Strategy MLS_FlashCrashReversalStrategy_SQM.ETORO_137-137
2026-06-11T20:05:48.373535306Z [INFO] eToro-Momentum-LS.eToro-Momentum-LS: Registered Strategy MLS_FlashCrashReversalStrategy_SQM.ETORO_137-137
2026-06-11T20:05:48.373605858Z [INFO] eToro-Momentum-LS.MLS_FlashCrashReversalStrategy_SQM.ETORO_138: READY
2026-06-11T20:05:48.373638750Z [DEBUG] eToro-Momentum-LS.MessageBus: Added Subscription(topic=events.order.MLS_FlashCrashReversalStrategy_SQM.ETORO_138-138, handler=<bound method Strategy.handle_event of FlashCrashReversalStrategy(MLS_FlashCrashReversalStrategy_SQM.ETORO_138-138)>, priority=0)
2026-06-11T20:05:48.373647686Z [DEBUG] eToro-Momentum-LS.MessageBus: Added Subscription(topic=events.position.MLS_FlashCrashReversalStrategy_SQM.ETORO_138-138, handler=<bound method Strategy.handle_event of FlashCrashReversalStrategy(MLS_FlashCrashReversalStrategy_SQM.ETORO_138-138)>, priority=0)
2026-06-11T20:05:48.373650902Z [INFO] eToro-Momentum-LS.ExecEngine: Registered OMS.UNSPECIFIED for Strategy MLS_FlashCrashReversalStrategy_SQM.ETORO_138-138
2026-06-11T20:05:48.373652054Z [INFO] eToro-Momentum-LS.eToro-Momentum-LS: Registered Strategy MLS_FlashCrashReversalStrategy_SQM.ETORO_138-138
2026-06-11T20:05:48.373723017Z [INFO] eToro-Momentum-LS.MLS_FlashCrashReversalStrategy_SQM.ETORO_139: READY
2026-06-11T20:05:48.373756700Z [DEBUG] eToro-Momentum-LS.MessageBus: Added Subscription(topic=events.order.MLS_FlashCrashReversalStrategy_SQM.ETORO_139-139, handler=<bound method Strategy.handle_event of FlashCrashReversalStrategy(MLS_FlashCrashReversalStrategy_SQM.ETORO_139-139)>, priority=0)
2026-06-11T20:05:48.373765777Z [DEBUG] eToro-Momentum-LS.MessageBus: Added Subscription(topic=events.position.MLS_FlashCrashReversalStrategy_SQM.ETORO_139-139, handler=<bound method Strategy.handle_event of FlashCrashReversalStrategy(MLS_FlashCrashReversalStrategy_SQM.ETORO_139-139)>, priority=0)
2026-06-11T20:05:48.373768822Z [INFO] eToro-Momentum-LS.ExecEngine: Registered OMS.UNSPECIFIED for Strategy MLS_FlashCrashReversalStrategy_SQM.ETORO_139-139
2026-06-11T20:05:48.373770496Z [INFO] eToro-Momentum-LS.eToro-Momentum-LS: Registered Strategy MLS_FlashCrashReversalStrategy_SQM.ETORO_139-139
2026-06-11T20:05:48.373834184Z [INFO] eToro-Momentum-LS.MLS_FlashCrashReversalStrategy_SQM.ETORO_140: READY
2026-06-11T20:05:48.373867447Z [DEBUG] eToro-Momentum-LS.MessageBus: Added Subscription(topic=events.order.MLS_FlashCrashReversalStrategy_SQM.ETORO_140-140, handler=<bound method Strategy.handle_event of FlashCrashReversalStrategy(MLS_FlashCrashReversalStrategy_SQM.ETORO_140-140)>, priority=0)
2026-06-11T20:05:48.373877475Z [DEBUG] eToro-Momentum-LS.MessageBus: Added Subscription(topic=events.position.MLS_FlashCrashReversalStrategy_SQM.ETORO_140-140, handler=<bound method Strategy.handle_event of FlashCrashReversalStrategy(MLS_FlashCrashReversalStrategy_SQM.ETORO_140-140)>, priority=0)
2026-06-11T20:05:48.373880801Z [INFO] eToro-Momentum-LS.ExecEngine: Registered OMS.UNSPECIFIED for Strategy MLS_FlashCrashReversalStrategy_SQM.ETORO_140-140
2026-06-11T20:05:48.373881843Z [INFO] eToro-Momentum-LS.eToro-Momentum-LS: Registered Strategy MLS_FlashCrashReversalStrategy_SQM.ETORO_140-140
2026-06-11T20:05:48.373957735Z [INFO] eToro-Momentum-LS.MLS_FlashCrashReversalStrategy_SQM.ETORO_141: READY
2026-06-11T20:05:48.373991598Z [DEBUG] eToro-Momentum-LS.MessageBus: Added Subscription(topic=events.order.MLS_FlashCrashReversalStrategy_SQM.ETORO_141-141, handler=<bound method Strategy.handle_event of FlashCrashReversalStrategy(MLS_FlashCrashReversalStrategy_SQM.ETORO_141-141)>, priority=0)
2026-06-11T20:05:48.374000254Z [DEBUG] eToro-Momentum-LS.MessageBus: Added Subscription(topic=events.position.MLS_FlashCrashReversalStrategy_SQM.ETORO_141-141, handler=<bound method Strategy.handle_event of FlashCrashReversalStrategy(MLS_FlashCrashReversalStrategy_SQM.ETORO_141-141)>, priority=0)
2026-06-11T20:05:48.374003491Z [INFO] eToro-Momentum-LS.ExecEngine: Registered OMS.UNSPECIFIED for Strategy MLS_FlashCrashReversalStrategy_SQM.ETORO_141-141
2026-06-11T20:05:48.374005544Z [INFO] eToro-Momentum-LS.eToro-Momentum-LS: Registered Strategy MLS_FlashCrashReversalStrategy_SQM.ETORO_141-141
2026-06-11T20:05:48.374073401Z [INFO] eToro-Momentum-LS.MLS_FlashCrashReversalStrategy_SQM.ETORO_142: READY
2026-06-11T20:05:48.374106623Z [DEBUG] eToro-Momentum-LS.MessageBus: Added Subscription(topic=events.order.MLS_FlashCrashReversalStrategy_SQM.ETORO_142-142, handler=<bound method Strategy.handle_event of FlashCrashReversalStrategy(MLS_FlashCrashReversalStrategy_SQM.ETORO_142-142)>, priority=0)
2026-06-11T20:05:48.374115419Z [DEBUG] eToro-Momentum-LS.MessageBus: Added Subscription(topic=events.position.MLS_FlashCrashReversalStrategy_SQM.ETORO_142-142, handler=<bound method Strategy.handle_event of FlashCrashReversalStrategy(MLS_FlashCrashReversalStrategy_SQM.ETORO_142-142)>, priority=0)
2026-06-11T20:05:48.374118345Z [INFO] eToro-Momentum-LS.ExecEngine: Registered OMS.UNSPECIFIED for Strategy MLS_FlashCrashReversalStrategy_SQM.ETORO_142-142
2026-06-11T20:05:48.374119267Z [INFO] eToro-Momentum-LS.eToro-Momentum-LS: Registered Strategy MLS_FlashCrashReversalStrategy_SQM.ETORO_142-142
2026-06-11T20:05:48.374194227Z [INFO] eToro-Momentum-LS.MLS_FlashCrashReversalStrategy_SQM.ETORO_143: READY
2026-06-11T20:05:48.374263827Z [DEBUG] eToro-Momentum-LS.MessageBus: Added Subscription(topic=events.order.MLS_FlashCrashReversalStrategy_SQM.ETORO_143-143, handler=<bound method Strategy.handle_event of FlashCrashReversalStrategy(MLS_FlashCrashReversalStrategy_SQM.ETORO_143-143)>, priority=0)
2026-06-11T20:05:48.374272603Z [DEBUG] eToro-Momentum-LS.MessageBus: Added Subscription(topic=events.position.MLS_FlashCrashReversalStrategy_SQM.ETORO_143-143, handler=<bound method Strategy.handle_event of FlashCrashReversalStrategy(MLS_FlashCrashReversalStrategy_SQM.ETORO_143-143)>, priority=0)
2026-06-11T20:05:48.374276119Z [INFO] eToro-Momentum-LS.ExecEngine: Registered OMS.UNSPECIFIED for Strategy MLS_FlashCrashReversalStrategy_SQM.ETORO_143-143
2026-06-11T20:05:48.374277242Z [INFO] eToro-Momentum-LS.eToro-Momentum-LS: Registered Strategy MLS_FlashCrashReversalStrategy_SQM.ETORO_143-143
2026-06-11T20:05:48.374353424Z [INFO] eToro-Momentum-LS.MLS_FlashCrashReversalStrategy_SQM.ETORO_144: READY
2026-06-11T20:05:48.374388820Z [DEBUG] eToro-Momentum-LS.MessageBus: Added Subscription(topic=events.order.MLS_FlashCrashReversalStrategy_SQM.ETORO_144-144, handler=<bound method Strategy.handle_event of FlashCrashReversalStrategy(MLS_FlashCrashReversalStrategy_SQM.ETORO_144-144)>, priority=0)
2026-06-11T20:05:48.374397476Z [DEBUG] eToro-Momentum-LS.MessageBus: Added Subscription(topic=events.position.MLS_FlashCrashReversalStrategy_SQM.ETORO_144-144, handler=<bound method Strategy.handle_event of FlashCrashReversalStrategy(MLS_FlashCrashReversalStrategy_SQM.ETORO_144-144)>, priority=0)
2026-06-11T20:05:48.374400181Z [INFO] eToro-Momentum-LS.ExecEngine: Registered OMS.UNSPECIFIED for Strategy MLS_FlashCrashReversalStrategy_SQM.ETORO_144-144
2026-06-11T20:05:48.374401093Z [INFO] eToro-Momentum-LS.eToro-Momentum-LS: Registered Strategy MLS_FlashCrashReversalStrategy_SQM.ETORO_144-144
2026-06-11T20:05:48.374471324Z [INFO] eToro-Momentum-LS.MLS_FlashCrashReversalStrategy_SQM.ETORO_145: READY
2026-06-11T20:05:48.374503915Z [DEBUG] eToro-Momentum-LS.MessageBus: Added Subscription(topic=events.order.MLS_FlashCrashReversalStrategy_SQM.ETORO_145-145, handler=<bound method Strategy.handle_event of FlashCrashReversalStrategy(MLS_FlashCrashReversalStrategy_SQM.ETORO_145-145)>, priority=0)
2026-06-11T20:05:48.374512751Z [DEBUG] eToro-Momentum-LS.MessageBus: Added Subscription(topic=events.position.MLS_FlashCrashReversalStrategy_SQM.ETORO_145-145, handler=<bound method Strategy.handle_event of FlashCrashReversalStrategy(MLS_FlashCrashReversalStrategy_SQM.ETORO_145-145)>, priority=0)
2026-06-11T20:05:48.374515436Z [INFO] eToro-Momentum-LS.ExecEngine: Registered OMS.UNSPECIFIED for Strategy MLS_FlashCrashReversalStrategy_SQM.ETORO_145-145
2026-06-11T20:05:48.374516458Z [INFO] eToro-Momentum-LS.eToro-Momentum-LS: Registered Strategy MLS_FlashCrashReversalStrategy_SQM.ETORO_145-145
2026-06-11T20:05:48.374592039Z [INFO] eToro-Momentum-LS.MLS_FlashCrashReversalStrategy_SQM.ETORO_146: READY
2026-06-11T20:05:48.374625422Z [DEBUG] eToro-Momentum-LS.MessageBus: Added Subscription(topic=events.order.MLS_FlashCrashReversalStrategy_SQM.ETORO_146-146, handler=<bound method Strategy.handle_event of FlashCrashReversalStrategy(MLS_FlashCrashReversalStrategy_SQM.ETORO_146-146)>, priority=0)
2026-06-11T20:05:48.374634949Z [DEBUG] eToro-Momentum-LS.MessageBus: Added Subscription(topic=events.position.MLS_FlashCrashReversalStrategy_SQM.ETORO_146-146, handler=<bound method Strategy.handle_event of FlashCrashReversalStrategy(MLS_FlashCrashReversalStrategy_SQM.ETORO_146-146)>, priority=0)
2026-06-11T20:05:48.374638205Z [INFO] eToro-Momentum-LS.ExecEngine: Registered OMS.UNSPECIFIED for Strategy MLS_FlashCrashReversalStrategy_SQM.ETORO_146-146
2026-06-11T20:05:48.374639257Z [INFO] eToro-Momentum-LS.eToro-Momentum-LS: Registered Strategy MLS_FlashCrashReversalStrategy_SQM.ETORO_146-146
2026-06-11T20:05:48.374714067Z [INFO] eToro-Momentum-LS.MLS_FlashCrashReversalStrategy_SQM.ETORO_147: READY
2026-06-11T20:05:48.374750846Z [DEBUG] eToro-Momentum-LS.MessageBus: Added Subscription(topic=events.order.MLS_FlashCrashReversalStrategy_SQM.ETORO_147-147, handler=<bound method Strategy.handle_event of FlashCrashReversalStrategy(MLS_FlashCrashReversalStrategy_SQM.ETORO_147-147)>, priority=0)
2026-06-11T20:05:48.374760514Z [DEBUG] eToro-Momentum-LS.MessageBus: Added Subscription(topic=events.position.MLS_FlashCrashReversalStrategy_SQM.ETORO_147-147, handler=<bound method Strategy.handle_event of FlashCrashReversalStrategy(MLS_FlashCrashReversalStrategy_SQM.ETORO_147-147)>, priority=0)
2026-06-11T20:05:48.374763439Z [INFO] eToro-Momentum-LS.ExecEngine: Registered OMS.UNSPECIFIED for Strategy MLS_FlashCrashReversalStrategy_SQM.ETORO_147-147
2026-06-11T20:05:48.374765734Z [INFO] eToro-Momentum-LS.eToro-Momentum-LS: Registered Strategy MLS_FlashCrashReversalStrategy_SQM.ETORO_147-147
2026-06-11T20:05:48.374834171Z [INFO] eToro-Momentum-LS.MLS_FlashCrashReversalStrategy_SQM.ETORO_148: READY
2026-06-11T20:05:48.374867984Z [DEBUG] eToro-Momentum-LS.MessageBus: Added Subscription(topic=events.order.MLS_FlashCrashReversalStrategy_SQM.ETORO_148-148, handler=<bound method Strategy.handle_event of FlashCrashReversalStrategy(MLS_FlashCrashReversalStrategy_SQM.ETORO_148-148)>, priority=0)
2026-06-11T20:05:48.374876871Z [DEBUG] eToro-Momentum-LS.MessageBus: Added Subscription(topic=events.position.MLS_FlashCrashReversalStrategy_SQM.ETORO_148-148, handler=<bound method Strategy.handle_event of FlashCrashReversalStrategy(MLS_FlashCrashReversalStrategy_SQM.ETORO_148-148)>, priority=0)
2026-06-11T20:05:48.374879005Z [INFO] eToro-Momentum-LS.ExecEngine: Registered OMS.UNSPECIFIED for Strategy MLS_FlashCrashReversalStrategy_SQM.ETORO_148-148
2026-06-11T20:05:48.374880127Z [INFO] eToro-Momentum-LS.eToro-Momentum-LS: Registered Strategy MLS_FlashCrashReversalStrategy_SQM.ETORO_148-148
2026-06-11T20:05:48.374960808Z [INFO] eToro-Momentum-LS.MLS_FlashCrashReversalStrategy_ASX.ETORO_149: READY
2026-06-11T20:05:48.374995472Z [DEBUG] eToro-Momentum-LS.MessageBus: Added Subscription(topic=events.order.MLS_FlashCrashReversalStrategy_ASX.ETORO_149-149, handler=<bound method Strategy.handle_event of FlashCrashReversalStrategy(MLS_FlashCrashReversalStrategy_ASX.ETORO_149-149)>, priority=0)
2026-06-11T20:05:48.375004399Z [DEBUG] eToro-Momentum-LS.MessageBus: Added Subscription(topic=events.position.MLS_FlashCrashReversalStrategy_ASX.ETORO_149-149, handler=<bound method Strategy.handle_event of FlashCrashReversalStrategy(MLS_FlashCrashReversalStrategy_ASX.ETORO_149-149)>, priority=0)
2026-06-11T20:05:48.375007315Z [INFO] eToro-Momentum-LS.ExecEngine: Registered OMS.UNSPECIFIED for Strategy MLS_FlashCrashReversalStrategy_ASX.ETORO_149-149
2026-06-11T20:05:48.375008427Z [INFO] eToro-Momentum-LS.eToro-Momentum-LS: Registered Strategy MLS_FlashCrashReversalStrategy_ASX.ETORO_149-149
2026-06-11T20:05:48.375080421Z [INFO] eToro-Momentum-LS.MLS_FlashCrashReversalStrategy_ASX.ETORO_150: READY
2026-06-11T20:05:48.375114324Z [DEBUG] eToro-Momentum-LS.MessageBus: Added Subscription(topic=events.order.MLS_FlashCrashReversalStrategy_ASX.ETORO_150-150, handler=<bound method Strategy.handle_event of FlashCrashReversalStrategy(MLS_FlashCrashReversalStrategy_ASX.ETORO_150-150)>, priority=0)
2026-06-11T20:05:48.375123131Z [DEBUG] eToro-Momentum-LS.MessageBus: Added Subscription(topic=events.position.MLS_FlashCrashReversalStrategy_ASX.ETORO_150-150, handler=<bound method Strategy.handle_event of FlashCrashReversalStrategy(MLS_FlashCrashReversalStrategy_ASX.ETORO_150-150)>, priority=0)
2026-06-11T20:05:48.375125856Z [INFO] eToro-Momentum-LS.ExecEngine: Registered OMS.UNSPECIFIED for Strategy MLS_FlashCrashReversalStrategy_ASX.ETORO_150-150
2026-06-11T20:05:48.375126858Z [INFO] eToro-Momentum-LS.eToro-Momentum-LS: Registered Strategy MLS_FlashCrashReversalStrategy_ASX.ETORO_150-150
2026-06-11T20:05:48.375197660Z [INFO] eToro-Momentum-LS.MLS_FlashCrashReversalStrategy_ASX.ETORO_151: READY
2026-06-11T20:05:48.375234238Z [DEBUG] eToro-Momentum-LS.MessageBus: Added Subscription(topic=events.order.MLS_FlashCrashReversalStrategy_ASX.ETORO_151-151, handler=<bound method Strategy.handle_event of FlashCrashReversalStrategy(MLS_FlashCrashReversalStrategy_ASX.ETORO_151-151)>, priority=0)
2026-06-11T20:05:48.375243375Z [DEBUG] eToro-Momentum-LS.MessageBus: Added Subscription(topic=events.position.MLS_FlashCrashReversalStrategy_ASX.ETORO_151-151, handler=<bound method Strategy.handle_event of FlashCrashReversalStrategy(MLS_FlashCrashReversalStrategy_ASX.ETORO_151-151)>, priority=0)
2026-06-11T20:05:48.375246251Z [INFO] eToro-Momentum-LS.ExecEngine: Registered OMS.UNSPECIFIED for Strategy MLS_FlashCrashReversalStrategy_ASX.ETORO_151-151
2026-06-11T20:05:48.375247303Z [INFO] eToro-Momentum-LS.eToro-Momentum-LS: Registered Strategy MLS_FlashCrashReversalStrategy_ASX.ETORO_151-151
2026-06-11T20:05:48.375313136Z [INFO] eToro-Momentum-LS.MLS_FlashCrashReversalStrategy_ASX.ETORO_152: READY
2026-06-11T20:05:48.375349253Z [DEBUG] eToro-Momentum-LS.MessageBus: Added Subscription(topic=events.order.MLS_FlashCrashReversalStrategy_ASX.ETORO_152-152, handler=<bound method Strategy.handle_event of FlashCrashReversalStrategy(MLS_FlashCrashReversalStrategy_ASX.ETORO_152-152)>, priority=0)
2026-06-11T20:05:48.375358490Z [DEBUG] eToro-Momentum-LS.MessageBus: Added Subscription(topic=events.position.MLS_FlashCrashReversalStrategy_ASX.ETORO_152-152, handler=<bound method Strategy.handle_event of FlashCrashReversalStrategy(MLS_FlashCrashReversalStrategy_ASX.ETORO_152-152)>, priority=0)
2026-06-11T20:05:48.375361366Z [INFO] eToro-Momentum-LS.ExecEngine: Registered OMS.UNSPECIFIED for Strategy MLS_FlashCrashReversalStrategy_ASX.ETORO_152-152
2026-06-11T20:05:48.375362317Z [INFO] eToro-Momentum-LS.eToro-Momentum-LS: Registered Strategy MLS_FlashCrashReversalStrategy_ASX.ETORO_152-152
2026-06-11T20:05:48.375534348Z [INFO] eToro-Momentum-LS.MLS_FlashCrashReversalStrategy_MNDY.ETORO_153: READY
2026-06-11T20:05:48.375588580Z [DEBUG] eToro-Momentum-LS.MessageBus: Added Subscription(topic=events.order.MLS_FlashCrashReversalStrategy_MNDY.ETORO_153-153, handler=<bound method Strategy.handle_event of FlashCrashReversalStrategy(MLS_FlashCrashReversalStrategy_MNDY.ETORO_153-153)>, priority=0)
2026-06-11T20:05:48.375599290Z [DEBUG] eToro-Momentum-LS.MessageBus: Added Subscription(topic=events.position.MLS_FlashCrashReversalStrategy_MNDY.ETORO_153-153, handler=<bound method Strategy.handle_event of FlashCrashReversalStrategy(MLS_FlashCrashReversalStrategy_MNDY.ETORO_153-153)>, priority=0)
2026-06-11T20:05:48.375603317Z [INFO] eToro-Momentum-LS.ExecEngine: Registered OMS.UNSPECIFIED for Strategy MLS_FlashCrashReversalStrategy_MNDY.ETORO_153-153
2026-06-11T20:05:48.375606754Z [INFO] eToro-Momentum-LS.eToro-Momentum-LS: Registered Strategy MLS_FlashCrashReversalStrategy_MNDY.ETORO_153-153
2026-06-11T20:05:48.375716448Z [INFO] eToro-Momentum-LS.MLS_FlashCrashReversalStrategy_MNDY.ETORO_154: READY
2026-06-11T20:05:48.375763456Z [DEBUG] eToro-Momentum-LS.MessageBus: Added Subscription(topic=events.order.MLS_FlashCrashReversalStrategy_MNDY.ETORO_154-154, handler=<bound method Strategy.handle_event of FlashCrashReversalStrategy(MLS_FlashCrashReversalStrategy_MNDY.ETORO_154-154)>, priority=0)
2026-06-11T20:05:48.375773355Z [DEBUG] eToro-Momentum-LS.MessageBus: Added Subscription(topic=events.position.MLS_FlashCrashReversalStrategy_MNDY.ETORO_154-154, handler=<bound method Strategy.handle_event of FlashCrashReversalStrategy(MLS_FlashCrashReversalStrategy_MNDY.ETORO_154-154)>, priority=0)
2026-06-11T20:05:48.375775529Z [INFO] eToro-Momentum-LS.ExecEngine: Registered OMS.UNSPECIFIED for Strategy MLS_FlashCrashReversalStrategy_MNDY.ETORO_154-154
2026-06-11T20:05:48.375776781Z [INFO] eToro-Momentum-LS.eToro-Momentum-LS: Registered Strategy MLS_FlashCrashReversalStrategy_MNDY.ETORO_154-154
2026-06-11T20:05:48.375857872Z [INFO] eToro-Momentum-LS.MLS_FlashCrashReversalStrategy_MNDY.ETORO_155: READY
2026-06-11T20:05:48.375896364Z [DEBUG] eToro-Momentum-LS.MessageBus: Added Subscription(topic=events.order.MLS_FlashCrashReversalStrategy_MNDY.ETORO_155-155, handler=<bound method Strategy.handle_event of FlashCrashReversalStrategy(MLS_FlashCrashReversalStrategy_MNDY.ETORO_155-155)>, priority=0)
2026-06-11T20:05:48.375914268Z [DEBUG] eToro-Momentum-LS.MessageBus: Added Subscription(topic=events.position.MLS_FlashCrashReversalStrategy_MNDY.ETORO_155-155, handler=<bound method Strategy.handle_event of FlashCrashReversalStrategy(MLS_FlashCrashReversalStrategy_MNDY.ETORO_155-155)>, priority=0)
2026-06-11T20:05:48.375918426Z [INFO] eToro-Momentum-LS.ExecEngine: Registered OMS.UNSPECIFIED for Strategy MLS_FlashCrashReversalStrategy_MNDY.ETORO_155-155
2026-06-11T20:05:48.375932352Z [INFO] eToro-Momentum-LS.eToro-Momentum-LS: Registered Strategy MLS_FlashCrashReversalStrategy_MNDY.ETORO_155-155
2026-06-11T20:05:48.376020095Z [INFO] eToro-Momentum-LS.MLS_FlashCrashReversalStrategy_MNDY.ETORO_156: READY
2026-06-11T20:05:48.376064338Z [DEBUG] eToro-Momentum-LS.MessageBus: Added Subscription(topic=events.order.MLS_FlashCrashReversalStrategy_MNDY.ETORO_156-156, handler=<bound method Strategy.handle_event of FlashCrashReversalStrategy(MLS_FlashCrashReversalStrategy_MNDY.ETORO_156-156)>, priority=0)
2026-06-11T20:05:48.376073705Z [DEBUG] eToro-Momentum-LS.MessageBus: Added Subscription(topic=events.position.MLS_FlashCrashReversalStrategy_MNDY.ETORO_156-156, handler=<bound method Strategy.handle_event of FlashCrashReversalStrategy(MLS_FlashCrashReversalStrategy_MNDY.ETORO_156-156)>, priority=0)
2026-06-11T20:05:48.376075649Z [INFO] eToro-Momentum-LS.ExecEngine: Registered OMS.UNSPECIFIED for Strategy MLS_FlashCrashReversalStrategy_MNDY.ETORO_156-156
2026-06-11T20:05:48.376076921Z [INFO] eToro-Momentum-LS.eToro-Momentum-LS: Registered Strategy MLS_FlashCrashReversalStrategy_MNDY.ETORO_156-156
2026-06-11T20:05:48.376159385Z [INFO] eToro-Momentum-LS.MLS_FlashCrashReversalStrategy_MNDY.ETORO_157: READY
2026-06-11T20:05:48.376196455Z [DEBUG] eToro-Momentum-LS.MessageBus: Added Subscription(topic=events.order.MLS_FlashCrashReversalStrategy_MNDY.ETORO_157-157, handler=<bound method Strategy.handle_event of FlashCrashReversalStrategy(MLS_FlashCrashReversalStrategy_MNDY.ETORO_157-157)>, priority=0)
2026-06-11T20:05:48.376205341Z [DEBUG] eToro-Momentum-LS.MessageBus: Added Subscription(topic=events.position.MLS_FlashCrashReversalStrategy_MNDY.ETORO_157-157, handler=<bound method Strategy.handle_event of FlashCrashReversalStrategy(MLS_FlashCrashReversalStrategy_MNDY.ETORO_157-157)>, priority=0)
2026-06-11T20:05:48.376208267Z [INFO] eToro-Momentum-LS.ExecEngine: Registered OMS.UNSPECIFIED for Strategy MLS_FlashCrashReversalStrategy_MNDY.ETORO_157-157
2026-06-11T20:05:48.376209830Z [INFO] eToro-Momentum-LS.eToro-Momentum-LS: Registered Strategy MLS_FlashCrashReversalStrategy_MNDY.ETORO_157-157
2026-06-11T20:05:48.376283377Z [INFO] eToro-Momentum-LS.MLS_FlashCrashReversalStrategy_MNDY.ETORO_158: READY
2026-06-11T20:05:48.376320937Z [DEBUG] eToro-Momentum-LS.MessageBus: Added Subscription(topic=events.order.MLS_FlashCrashReversalStrategy_MNDY.ETORO_158-158, handler=<bound method Strategy.handle_event of FlashCrashReversalStrategy(MLS_FlashCrashReversalStrategy_MNDY.ETORO_158-158)>, priority=0)
2026-06-11T20:05:48.376330465Z [DEBUG] eToro-Momentum-LS.MessageBus: Added Subscription(topic=events.position.MLS_FlashCrashReversalStrategy_MNDY.ETORO_158-158, handler=<bound method Strategy.handle_event of FlashCrashReversalStrategy(MLS_FlashCrashReversalStrategy_MNDY.ETORO_158-158)>, priority=0)
2026-06-11T20:05:48.376333250Z [INFO] eToro-Momentum-LS.ExecEngine: Registered OMS.UNSPECIFIED for Strategy MLS_FlashCrashReversalStrategy_MNDY.ETORO_158-158
2026-06-11T20:05:48.376334492Z [INFO] eToro-Momentum-LS.eToro-Momentum-LS: Registered Strategy MLS_FlashCrashReversalStrategy_MNDY.ETORO_158-158
2026-06-11T20:05:48.376409853Z [INFO] eToro-Momentum-LS.MLS_FlashCrashReversalStrategy_MNDY.ETORO_159: READY
2026-06-11T20:05:48.376448275Z [DEBUG] eToro-Momentum-LS.MessageBus: Added Subscription(topic=events.order.MLS_FlashCrashReversalStrategy_MNDY.ETORO_159-159, handler=<bound method Strategy.handle_event of FlashCrashReversalStrategy(MLS_FlashCrashReversalStrategy_MNDY.ETORO_159-159)>, priority=0)
2026-06-11T20:05:48.376457863Z [DEBUG] eToro-Momentum-LS.MessageBus: Added Subscription(topic=events.position.MLS_FlashCrashReversalStrategy_MNDY.ETORO_159-159, handler=<bound method Strategy.handle_event of FlashCrashReversalStrategy(MLS_FlashCrashReversalStrategy_MNDY.ETORO_159-159)>, priority=0)
2026-06-11T20:05:48.376460908Z [INFO] eToro-Momentum-LS.ExecEngine: Registered OMS.UNSPECIFIED for Strategy MLS_FlashCrashReversalStrategy_MNDY.ETORO_159-159
2026-06-11T20:05:48.376463333Z [INFO] eToro-Momentum-LS.eToro-Momentum-LS: Registered Strategy MLS_FlashCrashReversalStrategy_MNDY.ETORO_159-159
2026-06-11T20:05:48.376538423Z [INFO] eToro-Momentum-LS.MLS_FlashCrashReversalStrategy_ELF.ETORO_160: READY
2026-06-11T20:05:48.376573088Z [DEBUG] eToro-Momentum-LS.MessageBus: Added Subscription(topic=events.order.MLS_FlashCrashReversalStrategy_ELF.ETORO_160-160, handler=<bound method Strategy.handle_event of FlashCrashReversalStrategy(MLS_FlashCrashReversalStrategy_ELF.ETORO_160-160)>, priority=0)
2026-06-11T20:05:48.376583768Z [DEBUG] eToro-Momentum-LS.MessageBus: Added Subscription(topic=events.position.MLS_FlashCrashReversalStrategy_ELF.ETORO_160-160, handler=<bound method Strategy.handle_event of FlashCrashReversalStrategy(MLS_FlashCrashReversalStrategy_ELF.ETORO_160-160)>, priority=0)
2026-06-11T20:05:48.376587134Z [INFO] eToro-Momentum-LS.ExecEngine: Registered OMS.UNSPECIFIED for Strategy MLS_FlashCrashReversalStrategy_ELF.ETORO_160-160
2026-06-11T20:05:48.376588557Z [INFO] eToro-Momentum-LS.eToro-Momentum-LS: Registered Strategy MLS_FlashCrashReversalStrategy_ELF.ETORO_160-160
2026-06-11T20:05:48.376662765Z [INFO] eToro-Momentum-LS.MLS_FlashCrashReversalStrategy_ELF.ETORO_161: READY
2026-06-11T20:05:48.376702169Z [DEBUG] eToro-Momentum-LS.MessageBus: Added Subscription(topic=events.order.MLS_FlashCrashReversalStrategy_ELF.ETORO_161-161, handler=<bound method Strategy.handle_event of FlashCrashReversalStrategy(MLS_FlashCrashReversalStrategy_ELF.ETORO_161-161)>, priority=0)
2026-06-11T20:05:48.376711376Z [DEBUG] eToro-Momentum-LS.MessageBus: Added Subscription(topic=events.position.MLS_FlashCrashReversalStrategy_ELF.ETORO_161-161, handler=<bound method Strategy.handle_event of FlashCrashReversalStrategy(MLS_FlashCrashReversalStrategy_ELF.ETORO_161-161)>, priority=0)
2026-06-11T20:05:48.376713209Z [INFO] eToro-Momentum-LS.ExecEngine: Registered OMS.UNSPECIFIED for Strategy MLS_FlashCrashReversalStrategy_ELF.ETORO_161-161
2026-06-11T20:05:48.376714381Z [INFO] eToro-Momentum-LS.eToro-Momentum-LS: Registered Strategy MLS_FlashCrashReversalStrategy_ELF.ETORO_161-161
2026-06-11T20:05:48.376787137Z [INFO] eToro-Momentum-LS.MLS_FlashCrashReversalStrategy_ELF.ETORO_162: READY
2026-06-11T20:05:48.376873348Z [DEBUG] eToro-Momentum-LS.MessageBus: Added Subscription(topic=events.order.MLS_FlashCrashReversalStrategy_ELF.ETORO_162-162, handler=<bound method Strategy.handle_event of FlashCrashReversalStrategy(MLS_FlashCrashReversalStrategy_ELF.ETORO_162-162)>, priority=0)
2026-06-11T20:05:48.376883096Z [DEBUG] eToro-Momentum-LS.MessageBus: Added Subscription(topic=events.position.MLS_FlashCrashReversalStrategy_ELF.ETORO_162-162, handler=<bound method Strategy.handle_event of FlashCrashReversalStrategy(MLS_FlashCrashReversalStrategy_ELF.ETORO_162-162)>, priority=0)
2026-06-11T20:05:48.376886483Z [INFO] eToro-Momentum-LS.ExecEngine: Registered OMS.UNSPECIFIED for Strategy MLS_FlashCrashReversalStrategy_ELF.ETORO_162-162
2026-06-11T20:05:48.376887635Z [INFO] eToro-Momentum-LS.eToro-Momentum-LS: Registered Strategy MLS_FlashCrashReversalStrategy_ELF.ETORO_162-162
2026-06-11T20:05:48.376976641Z [INFO] eToro-Momentum-LS.MLS_FlashCrashReversalStrategy_ELF.ETORO_163: READY
2026-06-11T20:05:48.377013600Z [DEBUG] eToro-Momentum-LS.MessageBus: Added Subscription(topic=events.order.MLS_FlashCrashReversalStrategy_ELF.ETORO_163-163, handler=<bound method Strategy.handle_event of FlashCrashReversalStrategy(MLS_FlashCrashReversalStrategy_ELF.ETORO_163-163)>, priority=0)
2026-06-11T20:05:48.377023288Z [DEBUG] eToro-Momentum-LS.MessageBus: Added Subscription(topic=events.position.MLS_FlashCrashReversalStrategy_ELF.ETORO_163-163, handler=<bound method Strategy.handle_event of FlashCrashReversalStrategy(MLS_FlashCrashReversalStrategy_ELF.ETORO_163-163)>, priority=0)
2026-06-11T20:05:48.377026073Z [INFO] eToro-Momentum-LS.ExecEngine: Registered OMS.UNSPECIFIED for Strategy MLS_FlashCrashReversalStrategy_ELF.ETORO_163-163
2026-06-11T20:05:48.377027246Z [INFO] eToro-Momentum-LS.eToro-Momentum-LS: Registered Strategy MLS_FlashCrashReversalStrategy_ELF.ETORO_163-163
2026-06-11T20:05:48.377113246Z [INFO] eToro-Momentum-LS.MLS_FlashCrashReversalStrategy_ELF.ETORO_164: READY
2026-06-11T20:05:48.377157509Z [DEBUG] eToro-Momentum-LS.MessageBus: Added Subscription(topic=events.order.MLS_FlashCrashReversalStrategy_ELF.ETORO_164-164, handler=<bound method Strategy.handle_event of FlashCrashReversalStrategy(MLS_FlashCrashReversalStrategy_ELF.ETORO_164-164)>, priority=0)
2026-06-11T20:05:48.377166996Z [DEBUG] eToro-Momentum-LS.MessageBus: Added Subscription(topic=events.position.MLS_FlashCrashReversalStrategy_ELF.ETORO_164-164, handler=<bound method Strategy.handle_event of FlashCrashReversalStrategy(MLS_FlashCrashReversalStrategy_ELF.ETORO_164-164)>, priority=0)
2026-06-11T20:05:48.377169732Z [INFO] eToro-Momentum-LS.ExecEngine: Registered OMS.UNSPECIFIED for Strategy MLS_FlashCrashReversalStrategy_ELF.ETORO_164-164
2026-06-11T20:05:48.377170844Z [INFO] eToro-Momentum-LS.eToro-Momentum-LS: Registered Strategy MLS_FlashCrashReversalStrategy_ELF.ETORO_164-164
2026-06-11T20:05:48.377248980Z [INFO] eToro-Momentum-LS.MLS_FlashCrashReversalStrategy_ELF.ETORO_165: READY
2026-06-11T20:05:48.377288303Z [DEBUG] eToro-Momentum-LS.MessageBus: Added Subscription(topic=events.order.MLS_FlashCrashReversalStrategy_ELF.ETORO_165-165, handler=<bound method Strategy.handle_event of FlashCrashReversalStrategy(MLS_FlashCrashReversalStrategy_ELF.ETORO_165-165)>, priority=0)
2026-06-11T20:05:48.377298793Z [DEBUG] eToro-Momentum-LS.MessageBus: Added Subscription(topic=events.position.MLS_FlashCrashReversalStrategy_ELF.ETORO_165-165, handler=<bound method Strategy.handle_event of FlashCrashReversalStrategy(MLS_FlashCrashReversalStrategy_ELF.ETORO_165-165)>, priority=0)
2026-06-11T20:05:48.377301718Z [INFO] eToro-Momentum-LS.ExecEngine: Registered OMS.UNSPECIFIED for Strategy MLS_FlashCrashReversalStrategy_ELF.ETORO_165-165
2026-06-11T20:05:48.377302850Z [INFO] eToro-Momentum-LS.eToro-Momentum-LS: Registered Strategy MLS_FlashCrashReversalStrategy_ELF.ETORO_165-165
2026-06-11T20:05:48.377383320Z [INFO] eToro-Momentum-LS.MLS_FlashCrashReversalStrategy_VRT.ETORO_166: READY
2026-06-11T20:05:48.377423024Z [DEBUG] eToro-Momentum-LS.MessageBus: Added Subscription(topic=events.order.MLS_FlashCrashReversalStrategy_VRT.ETORO_166-166, handler=<bound method Strategy.handle_event of FlashCrashReversalStrategy(MLS_FlashCrashReversalStrategy_VRT.ETORO_166-166)>, priority=0)
2026-06-11T20:05:48.377432552Z [DEBUG] eToro-Momentum-LS.MessageBus: Added Subscription(topic=events.position.MLS_FlashCrashReversalStrategy_VRT.ETORO_166-166, handler=<bound method Strategy.handle_event of FlashCrashReversalStrategy(MLS_FlashCrashReversalStrategy_VRT.ETORO_166-166)>, priority=0)
2026-06-11T20:05:48.377435808Z [INFO] eToro-Momentum-LS.ExecEngine: Registered OMS.UNSPECIFIED for Strategy MLS_FlashCrashReversalStrategy_VRT.ETORO_166-166
2026-06-11T20:05:48.377437081Z [INFO] eToro-Momentum-LS.eToro-Momentum-LS: Registered Strategy MLS_FlashCrashReversalStrategy_VRT.ETORO_166-166
2026-06-11T20:05:48.377758431Z [INFO] eToro-Momentum-LS.MLS_FlashCrashReversalStrategy_VRT.ETORO_167: READY
2026-06-11T20:05:48.377863948Z [DEBUG] eToro-Momentum-LS.MessageBus: Added Subscription(topic=events.order.MLS_FlashCrashReversalStrategy_VRT.ETORO_167-167, handler=<bound method Strategy.handle_event of FlashCrashReversalStrategy(MLS_FlashCrashReversalStrategy_VRT.ETORO_167-167)>, priority=0)
2026-06-11T20:05:48.377879396Z [DEBUG] eToro-Momentum-LS.MessageBus: Added Subscription(topic=events.position.MLS_FlashCrashReversalStrategy_VRT.ETORO_167-167, handler=<bound method Strategy.handle_event of FlashCrashReversalStrategy(MLS_FlashCrashReversalStrategy_VRT.ETORO_167-167)>, priority=0)
2026-06-11T20:05:48.377887221Z [INFO] eToro-Momentum-LS.ExecEngine: Registered OMS.UNSPECIFIED for Strategy MLS_FlashCrashReversalStrategy_VRT.ETORO_167-167
2026-06-11T20:05:48.377889335Z [INFO] eToro-Momentum-LS.eToro-Momentum-LS: Registered Strategy MLS_FlashCrashReversalStrategy_VRT.ETORO_167-167
2026-06-11T20:05:48.378017444Z [INFO] eToro-Momentum-LS.MLS_FlashCrashReversalStrategy_VRT.ETORO_168: READY
2026-06-11T20:05:48.378064432Z [DEBUG] eToro-Momentum-LS.MessageBus: Added Subscription(topic=events.order.MLS_FlashCrashReversalStrategy_VRT.ETORO_168-168, handler=<bound method Strategy.handle_event of FlashCrashReversalStrategy(MLS_FlashCrashReversalStrategy_VRT.ETORO_168-168)>, priority=0)
2026-06-11T20:05:48.378074671Z [DEBUG] eToro-Momentum-LS.MessageBus: Added Subscription(topic=events.position.MLS_FlashCrashReversalStrategy_VRT.ETORO_168-168, handler=<bound method Strategy.handle_event of FlashCrashReversalStrategy(MLS_FlashCrashReversalStrategy_VRT.ETORO_168-168)>, priority=0)
2026-06-11T20:05:48.378077757Z [INFO] eToro-Momentum-LS.ExecEngine: Registered OMS.UNSPECIFIED for Strategy MLS_FlashCrashReversalStrategy_VRT.ETORO_168-168
2026-06-11T20:05:48.378079019Z [INFO] eToro-Momentum-LS.eToro-Momentum-LS: Registered Strategy MLS_FlashCrashReversalStrategy_VRT.ETORO_168-168
2026-06-11T20:05:48.378169618Z [INFO] eToro-Momentum-LS.MLS_FlashCrashReversalStrategy_VRT.ETORO_169: READY
2026-06-11T20:05:48.378207489Z [DEBUG] eToro-Momentum-LS.MessageBus: Added Subscription(topic=events.order.MLS_FlashCrashReversalStrategy_VRT.ETORO_169-169, handler=<bound method Strategy.handle_event of FlashCrashReversalStrategy(MLS_FlashCrashReversalStrategy_VRT.ETORO_169-169)>, priority=0)
2026-06-11T20:05:48.378218960Z [DEBUG] eToro-Momentum-LS.MessageBus: Added Subscription(topic=events.position.MLS_FlashCrashReversalStrategy_VRT.ETORO_169-169, handler=<bound method Strategy.handle_event of FlashCrashReversalStrategy(MLS_FlashCrashReversalStrategy_VRT.ETORO_169-169)>, priority=0)
2026-06-11T20:05:48.378221816Z [INFO] eToro-Momentum-LS.ExecEngine: Registered OMS.UNSPECIFIED for Strategy MLS_FlashCrashReversalStrategy_VRT.ETORO_169-169
2026-06-11T20:05:48.378222938Z [INFO] eToro-Momentum-LS.eToro-Momentum-LS: Registered Strategy MLS_FlashCrashReversalStrategy_VRT.ETORO_169-169
2026-06-11T20:05:48.378296305Z [INFO] eToro-Momentum-LS.MLS_FlashCrashReversalStrategy_VRT.ETORO_170: READY
2026-06-11T20:05:48.378332923Z [DEBUG] eToro-Momentum-LS.MessageBus: Added Subscription(topic=events.order.MLS_FlashCrashReversalStrategy_VRT.ETORO_170-170, handler=<bound method Strategy.handle_event of FlashCrashReversalStrategy(MLS_FlashCrashReversalStrategy_VRT.ETORO_170-170)>, priority=0)
2026-06-11T20:05:48.378342571Z [DEBUG] eToro-Momentum-LS.MessageBus: Added Subscription(topic=events.position.MLS_FlashCrashReversalStrategy_VRT.ETORO_170-170, handler=<bound method Strategy.handle_event of FlashCrashReversalStrategy(MLS_FlashCrashReversalStrategy_VRT.ETORO_170-170)>, priority=0)
2026-06-11T20:05:48.378348362Z [INFO] eToro-Momentum-LS.ExecEngine: Registered OMS.UNSPECIFIED for Strategy MLS_FlashCrashReversalStrategy_VRT.ETORO_170-170
2026-06-11T20:05:48.378354503Z [INFO] eToro-Momentum-LS.eToro-Momentum-LS: Registered Strategy MLS_FlashCrashReversalStrategy_VRT.ETORO_170-170
2026-06-11T20:05:48.378431066Z [INFO] eToro-Momentum-LS.MLS_FlashCrashReversalStrategy_VRT.ETORO_171: READY
2026-06-11T20:05:48.378473045Z [DEBUG] eToro-Momentum-LS.MessageBus: Added Subscription(topic=events.order.MLS_FlashCrashReversalStrategy_VRT.ETORO_171-171, handler=<bound method Strategy.handle_event of FlashCrashReversalStrategy(MLS_FlashCrashReversalStrategy_VRT.ETORO_171-171)>, priority=0)
2026-06-11T20:05:48.378482833Z [DEBUG] eToro-Momentum-LS.MessageBus: Added Subscription(topic=events.position.MLS_FlashCrashReversalStrategy_VRT.ETORO_171-171, handler=<bound method Strategy.handle_event of FlashCrashReversalStrategy(MLS_FlashCrashReversalStrategy_VRT.ETORO_171-171)>, priority=0)
2026-06-11T20:05:48.378485789Z [INFO] eToro-Momentum-LS.ExecEngine: Registered OMS.UNSPECIFIED for Strategy MLS_FlashCrashReversalStrategy_VRT.ETORO_171-171
2026-06-11T20:05:48.378486901Z [INFO] eToro-Momentum-LS.eToro-Momentum-LS: Registered Strategy MLS_FlashCrashReversalStrategy_VRT.ETORO_171-171
2026-06-11T20:05:48.378618717Z [INFO] eToro-Momentum-LS.MLS_FlashCrashReversalStrategy_VRT.ETORO_172: READY
2026-06-11T20:05:48.378657559Z [DEBUG] eToro-Momentum-LS.MessageBus: Added Subscription(topic=events.order.MLS_FlashCrashReversalStrategy_VRT.ETORO_172-172, handler=<bound method Strategy.handle_event of FlashCrashReversalStrategy(MLS_FlashCrashReversalStrategy_VRT.ETORO_172-172)>, priority=0)
2026-06-11T20:05:48.378667508Z [DEBUG] eToro-Momentum-LS.MessageBus: Added Subscription(topic=events.position.MLS_FlashCrashReversalStrategy_VRT.ETORO_172-172, handler=<bound method Strategy.handle_event of FlashCrashReversalStrategy(MLS_FlashCrashReversalStrategy_VRT.ETORO_172-172)>, priority=0)
2026-06-11T20:05:48.378669652Z [INFO] eToro-Momentum-LS.ExecEngine: Registered OMS.UNSPECIFIED for Strategy MLS_FlashCrashReversalStrategy_VRT.ETORO_172-172
2026-06-11T20:05:48.378670784Z [INFO] eToro-Momentum-LS.eToro-Momentum-LS: Registered Strategy MLS_FlashCrashReversalStrategy_VRT.ETORO_172-172
2026-06-11T20:05:48.378755181Z [INFO] eToro-Momentum-LS.MLS_FlashCrashReversalStrategy_VRT.ETORO_173: READY
2026-06-11T20:05:48.378793533Z [DEBUG] eToro-Momentum-LS.MessageBus: Added Subscription(topic=events.order.MLS_FlashCrashReversalStrategy_VRT.ETORO_173-173, handler=<bound method Strategy.handle_event of FlashCrashReversalStrategy(MLS_FlashCrashReversalStrategy_VRT.ETORO_173-173)>, priority=0)
2026-06-11T20:05:48.378803331Z [DEBUG] eToro-Momentum-LS.MessageBus: Added Subscription(topic=events.position.MLS_FlashCrashReversalStrategy_VRT.ETORO_173-173, handler=<bound method Strategy.handle_event of FlashCrashReversalStrategy(MLS_FlashCrashReversalStrategy_VRT.ETORO_173-173)>, priority=0)
2026-06-11T20:05:48.378806487Z [INFO] eToro-Momentum-LS.ExecEngine: Registered OMS.UNSPECIFIED for Strategy MLS_FlashCrashReversalStrategy_VRT.ETORO_173-173
2026-06-11T20:05:48.378807469Z [INFO] eToro-Momentum-LS.eToro-Momentum-LS: Registered Strategy MLS_FlashCrashReversalStrategy_VRT.ETORO_173-173
2026-06-11T20:05:48.378884272Z [INFO] eToro-Momentum-LS.MLS_FlashCrashReversalStrategy_VRT.ETORO_174: READY
2026-06-11T20:05:48.378933454Z [DEBUG] eToro-Momentum-LS.MessageBus: Added Subscription(topic=events.order.MLS_FlashCrashReversalStrategy_VRT.ETORO_174-174, handler=<bound method Strategy.handle_event of FlashCrashReversalStrategy(MLS_FlashCrashReversalStrategy_VRT.ETORO_174-174)>, priority=0)
2026-06-11T20:05:48.378943784Z [DEBUG] eToro-Momentum-LS.MessageBus: Added Subscription(topic=events.position.MLS_FlashCrashReversalStrategy_VRT.ETORO_174-174, handler=<bound method Strategy.handle_event of FlashCrashReversalStrategy(MLS_FlashCrashReversalStrategy_VRT.ETORO_174-174)>, priority=0)
2026-06-11T20:05:48.378947010Z [INFO] eToro-Momentum-LS.ExecEngine: Registered OMS.UNSPECIFIED for Strategy MLS_FlashCrashReversalStrategy_VRT.ETORO_174-174
2026-06-11T20:05:48.378948202Z [INFO] eToro-Momentum-LS.eToro-Momentum-LS: Registered Strategy MLS_FlashCrashReversalStrategy_VRT.ETORO_174-174
2026-06-11T20:05:48.379032299Z [INFO] eToro-Momentum-LS.MLS_FlashCrashReversalStrategy_CIEN.ETORO_175: READY
2026-06-11T20:05:48.379076692Z [DEBUG] eToro-Momentum-LS.MessageBus: Added Subscription(topic=events.order.MLS_FlashCrashReversalStrategy_CIEN.ETORO_175-175, handler=<bound method Strategy.handle_event of FlashCrashReversalStrategy(MLS_FlashCrashReversalStrategy_CIEN.ETORO_175-175)>, priority=0)
2026-06-11T20:05:48.379086670Z [DEBUG] eToro-Momentum-LS.MessageBus: Added Subscription(topic=events.position.MLS_FlashCrashReversalStrategy_CIEN.ETORO_175-175, handler=<bound method Strategy.handle_event of FlashCrashReversalStrategy(MLS_FlashCrashReversalStrategy_CIEN.ETORO_175-175)>, priority=0)
2026-06-11T20:05:48.379089816Z [INFO] eToro-Momentum-LS.ExecEngine: Registered OMS.UNSPECIFIED for Strategy MLS_FlashCrashReversalStrategy_CIEN.ETORO_175-175
2026-06-11T20:05:48.379091249Z [INFO] eToro-Momentum-LS.eToro-Momentum-LS: Registered Strategy MLS_FlashCrashReversalStrategy_CIEN.ETORO_175-175
2026-06-11T20:05:48.379163694Z [INFO] eToro-Momentum-LS.MLS_FlashCrashReversalStrategy_CIEN.ETORO_176: READY
2026-06-11T20:05:48.379203338Z [DEBUG] eToro-Momentum-LS.MessageBus: Added Subscription(topic=events.order.MLS_FlashCrashReversalStrategy_CIEN.ETORO_176-176, handler=<bound method Strategy.handle_event of FlashCrashReversalStrategy(MLS_FlashCrashReversalStrategy_CIEN.ETORO_176-176)>, priority=0)
2026-06-11T20:05:48.379213477Z [DEBUG] eToro-Momentum-LS.MessageBus: Added Subscription(topic=events.position.MLS_FlashCrashReversalStrategy_CIEN.ETORO_176-176, handler=<bound method Strategy.handle_event of FlashCrashReversalStrategy(MLS_FlashCrashReversalStrategy_CIEN.ETORO_176-176)>, priority=0)
2026-06-11T20:05:48.379216563Z [INFO] eToro-Momentum-LS.ExecEngine: Registered OMS.UNSPECIFIED for Strategy MLS_FlashCrashReversalStrategy_CIEN.ETORO_176-176
2026-06-11T20:05:48.379217855Z [INFO] eToro-Momentum-LS.eToro-Momentum-LS: Registered Strategy MLS_FlashCrashReversalStrategy_CIEN.ETORO_176-176
2026-06-11T20:05:48.379294037Z [INFO] eToro-Momentum-LS.MLS_FlashCrashReversalStrategy_CIEN.ETORO_177: READY
2026-06-11T20:05:48.379333050Z [DEBUG] eToro-Momentum-LS.MessageBus: Added Subscription(topic=events.order.MLS_FlashCrashReversalStrategy_CIEN.ETORO_177-177, handler=<bound method Strategy.handle_event of FlashCrashReversalStrategy(MLS_FlashCrashReversalStrategy_CIEN.ETORO_177-177)>, priority=0)
2026-06-11T20:05:48.379342809Z [DEBUG] eToro-Momentum-LS.MessageBus: Added Subscription(topic=events.position.MLS_FlashCrashReversalStrategy_CIEN.ETORO_177-177, handler=<bound method Strategy.handle_event of FlashCrashReversalStrategy(MLS_FlashCrashReversalStrategy_CIEN.ETORO_177-177)>, priority=0)
2026-06-11T20:05:48.379346065Z [INFO] eToro-Momentum-LS.ExecEngine: Registered OMS.UNSPECIFIED for Strategy MLS_FlashCrashReversalStrategy_CIEN.ETORO_177-177
2026-06-11T20:05:48.379347277Z [INFO] eToro-Momentum-LS.eToro-Momentum-LS: Registered Strategy MLS_FlashCrashReversalStrategy_CIEN.ETORO_177-177
2026-06-11T20:05:48.379421766Z [INFO] eToro-Momentum-LS.MLS_FlashCrashReversalStrategy_CIEN.ETORO_178: READY
2026-06-11T20:05:48.379461530Z [DEBUG] eToro-Momentum-LS.MessageBus: Added Subscription(topic=events.order.MLS_FlashCrashReversalStrategy_CIEN.ETORO_178-178, handler=<bound method Strategy.handle_event of FlashCrashReversalStrategy(MLS_FlashCrashReversalStrategy_CIEN.ETORO_178-178)>, priority=0)
2026-06-11T20:05:48.379471078Z [DEBUG] eToro-Momentum-LS.MessageBus: Added Subscription(topic=events.position.MLS_FlashCrashReversalStrategy_CIEN.ETORO_178-178, handler=<bound method Strategy.handle_event of FlashCrashReversalStrategy(MLS_FlashCrashReversalStrategy_CIEN.ETORO_178-178)>, priority=0)
2026-06-11T20:05:48.379474154Z [INFO] eToro-Momentum-LS.ExecEngine: Registered OMS.UNSPECIFIED for Strategy MLS_FlashCrashReversalStrategy_CIEN.ETORO_178-178
2026-06-11T20:05:48.379475326Z [INFO] eToro-Momentum-LS.eToro-Momentum-LS: Registered Strategy MLS_FlashCrashReversalStrategy_CIEN.ETORO_178-178
2026-06-11T20:05:48.379549695Z [INFO] eToro-Momentum-LS.MLS_FlashCrashReversalStrategy_CIEN.ETORO_179: READY
2026-06-11T20:05:48.379588958Z [DEBUG] eToro-Momentum-LS.MessageBus: Added Subscription(topic=events.order.MLS_FlashCrashReversalStrategy_CIEN.ETORO_179-179, handler=<bound method Strategy.handle_event of FlashCrashReversalStrategy(MLS_FlashCrashReversalStrategy_CIEN.ETORO_179-179)>, priority=0)
2026-06-11T20:05:48.379598756Z [DEBUG] eToro-Momentum-LS.MessageBus: Added Subscription(topic=events.position.MLS_FlashCrashReversalStrategy_CIEN.ETORO_179-179, handler=<bound method Strategy.handle_event of FlashCrashReversalStrategy(MLS_FlashCrashReversalStrategy_CIEN.ETORO_179-179)>, priority=0)
2026-06-11T20:05:48.379601602Z [INFO] eToro-Momentum-LS.ExecEngine: Registered OMS.UNSPECIFIED for Strategy MLS_FlashCrashReversalStrategy_CIEN.ETORO_179-179
2026-06-11T20:05:48.379602764Z [INFO] eToro-Momentum-LS.eToro-Momentum-LS: Registered Strategy MLS_FlashCrashReversalStrategy_CIEN.ETORO_179-179
2026-06-11T20:05:48.379674538Z [INFO] eToro-Momentum-LS.MLS_FlashCrashReversalStrategy_CIEN.ETORO_180: READY
2026-06-11T20:05:48.379714062Z [DEBUG] eToro-Momentum-LS.MessageBus: Added Subscription(topic=events.order.MLS_FlashCrashReversalStrategy_CIEN.ETORO_180-180, handler=<bound method Strategy.handle_event of FlashCrashReversalStrategy(MLS_FlashCrashReversalStrategy_CIEN.ETORO_180-180)>, priority=0)
2026-06-11T20:05:48.379723810Z [DEBUG] eToro-Momentum-LS.MessageBus: Added Subscription(topic=events.position.MLS_FlashCrashReversalStrategy_CIEN.ETORO_180-180, handler=<bound method Strategy.handle_event of FlashCrashReversalStrategy(MLS_FlashCrashReversalStrategy_CIEN.ETORO_180-180)>, priority=0)
2026-06-11T20:05:48.379725924Z [INFO] eToro-Momentum-LS.ExecEngine: Registered OMS.UNSPECIFIED for Strategy MLS_FlashCrashReversalStrategy_CIEN.ETORO_180-180
2026-06-11T20:05:48.379727036Z [INFO] eToro-Momentum-LS.eToro-Momentum-LS: Registered Strategy MLS_FlashCrashReversalStrategy_CIEN.ETORO_180-180
2026-06-11T20:05:48.379799040Z [INFO] eToro-Momentum-LS.MLS_FlashCrashReversalStrategy_POWL.ETORO_181: READY
2026-06-11T20:05:48.380497965Z [DEBUG] eToro-Momentum-LS.MessageBus: Added Subscription(topic=events.order.MLS_FlashCrashReversalStrategy_POWL.ETORO_181-181, handler=<bound method Strategy.handle_event of FlashCrashReversalStrategy(MLS_FlashCrashReversalStrategy_POWL.ETORO_181-181)>, priority=0)
2026-06-11T20:05:48.380508715Z [DEBUG] eToro-Momentum-LS.MessageBus: Added Subscription(topic=events.position.MLS_FlashCrashReversalStrategy_POWL.ETORO_181-181, handler=<bound method Strategy.handle_event of FlashCrashReversalStrategy(MLS_FlashCrashReversalStrategy_POWL.ETORO_181-181)>, priority=0)
2026-06-11T20:05:48.380512011Z [INFO] eToro-Momentum-LS.ExecEngine: Registered OMS.UNSPECIFIED for Strategy MLS_FlashCrashReversalStrategy_POWL.ETORO_181-181
2026-06-11T20:05:48.380515287Z [INFO] eToro-Momentum-LS.eToro-Momentum-LS: Registered Strategy MLS_FlashCrashReversalStrategy_POWL.ETORO_181-181
2026-06-11T20:05:48.380625623Z [INFO] eToro-Momentum-LS.MLS_FlashCrashReversalStrategy_POWL.ETORO_182: READY
2026-06-11T20:05:48.380669716Z [DEBUG] eToro-Momentum-LS.MessageBus: Added Subscription(topic=events.order.MLS_FlashCrashReversalStrategy_POWL.ETORO_182-182, handler=<bound method Strategy.handle_event of FlashCrashReversalStrategy(MLS_FlashCrashReversalStrategy_POWL.ETORO_182-182)>, priority=0)
2026-06-11T20:05:48.380679574Z [DEBUG] eToro-Momentum-LS.MessageBus: Added Subscription(topic=events.position.MLS_FlashCrashReversalStrategy_POWL.ETORO_182-182, handler=<bound method Strategy.handle_event of FlashCrashReversalStrategy(MLS_FlashCrashReversalStrategy_POWL.ETORO_182-182)>, priority=0)
2026-06-11T20:05:48.380682550Z [INFO] eToro-Momentum-LS.ExecEngine: Registered OMS.UNSPECIFIED for Strategy MLS_FlashCrashReversalStrategy_POWL.ETORO_182-182
2026-06-11T20:05:48.380683922Z [INFO] eToro-Momentum-LS.eToro-Momentum-LS: Registered Strategy MLS_FlashCrashReversalStrategy_POWL.ETORO_182-182
2026-06-11T20:05:48.380763571Z [INFO] eToro-Momentum-LS.MLS_FlashCrashReversalStrategy_POWL.ETORO_183: READY
2026-06-11T20:05:48.380811701Z [DEBUG] eToro-Momentum-LS.MessageBus: Added Subscription(topic=events.order.MLS_FlashCrashReversalStrategy_POWL.ETORO_183-183, handler=<bound method Strategy.handle_event of FlashCrashReversalStrategy(MLS_FlashCrashReversalStrategy_POWL.ETORO_183-183)>, priority=0)
2026-06-11T20:05:48.380821780Z [DEBUG] eToro-Momentum-LS.MessageBus: Added Subscription(topic=events.position.MLS_FlashCrashReversalStrategy_POWL.ETORO_183-183, handler=<bound method Strategy.handle_event of FlashCrashReversalStrategy(MLS_FlashCrashReversalStrategy_POWL.ETORO_183-183)>, priority=0)
2026-06-11T20:05:48.380824555Z [INFO] eToro-Momentum-LS.ExecEngine: Registered OMS.UNSPECIFIED for Strategy MLS_FlashCrashReversalStrategy_POWL.ETORO_183-183
2026-06-11T20:05:48.380825867Z [INFO] eToro-Momentum-LS.eToro-Momentum-LS: Registered Strategy MLS_FlashCrashReversalStrategy_POWL.ETORO_183-183
2026-06-11T20:05:48.380898643Z [INFO] eToro-Momentum-LS.MLS_FlashCrashReversalStrategy_POWL.ETORO_184: READY
2026-06-11T20:05:48.380944629Z [DEBUG] eToro-Momentum-LS.MessageBus: Added Subscription(topic=events.order.MLS_FlashCrashReversalStrategy_POWL.ETORO_184-184, handler=<bound method Strategy.handle_event of FlashCrashReversalStrategy(MLS_FlashCrashReversalStrategy_POWL.ETORO_184-184)>, priority=0)
2026-06-11T20:05:48.380954578Z [DEBUG] eToro-Momentum-LS.MessageBus: Added Subscription(topic=events.position.MLS_FlashCrashReversalStrategy_POWL.ETORO_184-184, handler=<bound method Strategy.handle_event of FlashCrashReversalStrategy(MLS_FlashCrashReversalStrategy_POWL.ETORO_184-184)>, priority=0)
2026-06-11T20:05:48.380957603Z [INFO] eToro-Momentum-LS.ExecEngine: Registered OMS.UNSPECIFIED for Strategy MLS_FlashCrashReversalStrategy_POWL.ETORO_184-184
2026-06-11T20:05:48.380959046Z [INFO] eToro-Momentum-LS.eToro-Momentum-LS: Registered Strategy MLS_FlashCrashReversalStrategy_POWL.ETORO_184-184
2026-06-11T20:05:48.381035418Z [INFO] eToro-Momentum-LS.MLS_FlashCrashReversalStrategy_POWL.ETORO_185: READY
2026-06-11T20:05:48.381075263Z [DEBUG] eToro-Momentum-LS.MessageBus: Added Subscription(topic=events.order.MLS_FlashCrashReversalStrategy_POWL.ETORO_185-185, handler=<bound method Strategy.handle_event of FlashCrashReversalStrategy(MLS_FlashCrashReversalStrategy_POWL.ETORO_185-185)>, priority=0)
2026-06-11T20:05:48.381085061Z [DEBUG] eToro-Momentum-LS.MessageBus: Added Subscription(topic=events.position.MLS_FlashCrashReversalStrategy_POWL.ETORO_185-185, handler=<bound method Strategy.handle_event of FlashCrashReversalStrategy(MLS_FlashCrashReversalStrategy_POWL.ETORO_185-185)>, priority=0)
2026-06-11T20:05:48.381087836Z [INFO] eToro-Momentum-LS.ExecEngine: Registered OMS.UNSPECIFIED for Strategy MLS_FlashCrashReversalStrategy_POWL.ETORO_185-185
2026-06-11T20:05:48.381089019Z [INFO] eToro-Momentum-LS.eToro-Momentum-LS: Registered Strategy MLS_FlashCrashReversalStrategy_POWL.ETORO_185-185
2026-06-11T20:05:48.381169489Z [INFO] eToro-Momentum-LS.MLS_FlashCrashReversalStrategy_POWL.ETORO_186: READY
2026-06-11T20:05:48.381208912Z [DEBUG] eToro-Momentum-LS.MessageBus: Added Subscription(topic=events.order.MLS_FlashCrashReversalStrategy_POWL.ETORO_186-186, handler=<bound method Strategy.handle_event of FlashCrashReversalStrategy(MLS_FlashCrashReversalStrategy_POWL.ETORO_186-186)>, priority=0)
2026-06-11T20:05:48.381218781Z [DEBUG] eToro-Momentum-LS.MessageBus: Added Subscription(topic=events.position.MLS_FlashCrashReversalStrategy_POWL.ETORO_186-186, handler=<bound method Strategy.handle_event of FlashCrashReversalStrategy(MLS_FlashCrashReversalStrategy_POWL.ETORO_186-186)>, priority=0)
2026-06-11T20:05:48.381221726Z [INFO] eToro-Momentum-LS.ExecEngine: Registered OMS.UNSPECIFIED for Strategy MLS_FlashCrashReversalStrategy_POWL.ETORO_186-186
2026-06-11T20:05:48.381222818Z [INFO] eToro-Momentum-LS.eToro-Momentum-LS: Registered Strategy MLS_FlashCrashReversalStrategy_POWL.ETORO_186-186
2026-06-11T20:05:48.381300263Z [INFO] eToro-Momentum-LS.MLS_FlashCrashReversalStrategy_POWL.ETORO_187: READY
2026-06-11T20:05:48.381340388Z [DEBUG] eToro-Momentum-LS.MessageBus: Added Subscription(topic=events.order.MLS_FlashCrashReversalStrategy_POWL.ETORO_187-187, handler=<bound method Strategy.handle_event of FlashCrashReversalStrategy(MLS_FlashCrashReversalStrategy_POWL.ETORO_187-187)>, priority=0)
2026-06-11T20:05:48.381350256Z [DEBUG] eToro-Momentum-LS.MessageBus: Added Subscription(topic=events.position.MLS_FlashCrashReversalStrategy_POWL.ETORO_187-187, handler=<bound method Strategy.handle_event of FlashCrashReversalStrategy(MLS_FlashCrashReversalStrategy_POWL.ETORO_187-187)>, priority=0)
2026-06-11T20:05:48.381353572Z [INFO] eToro-Momentum-LS.ExecEngine: Registered OMS.UNSPECIFIED for Strategy MLS_FlashCrashReversalStrategy_POWL.ETORO_187-187
2026-06-11T20:05:48.381354745Z [INFO] eToro-Momentum-LS.eToro-Momentum-LS: Registered Strategy MLS_FlashCrashReversalStrategy_POWL.ETORO_187-187
2026-06-11T20:05:48.381425457Z [INFO] eToro-Momentum-LS.MLS_FlashCrashReversalStrategy_POWL.ETORO_188: READY
2026-06-11T20:05:48.381466092Z [DEBUG] eToro-Momentum-LS.MessageBus: Added Subscription(topic=events.order.MLS_FlashCrashReversalStrategy_POWL.ETORO_188-188, handler=<bound method Strategy.handle_event of FlashCrashReversalStrategy(MLS_FlashCrashReversalStrategy_POWL.ETORO_188-188)>, priority=0)
2026-06-11T20:05:48.381475941Z [DEBUG] eToro-Momentum-LS.MessageBus: Added Subscription(topic=events.position.MLS_FlashCrashReversalStrategy_POWL.ETORO_188-188, handler=<bound method Strategy.handle_event of FlashCrashReversalStrategy(MLS_FlashCrashReversalStrategy_POWL.ETORO_188-188)>, priority=0)
2026-06-11T20:05:48.381477864Z [INFO] eToro-Momentum-LS.ExecEngine: Registered OMS.UNSPECIFIED for Strategy MLS_FlashCrashReversalStrategy_POWL.ETORO_188-188
2026-06-11T20:05:48.381478866Z [INFO] eToro-Momentum-LS.eToro-Momentum-LS: Registered Strategy MLS_FlashCrashReversalStrategy_POWL.ETORO_188-188
2026-06-11T20:05:48.381628305Z [INFO] eToro-Momentum-LS.MLS_FlashCrashReversalStrategy_POWL.ETORO_189: READY
2026-06-11T20:05:48.381679982Z [DEBUG] eToro-Momentum-LS.MessageBus: Added Subscription(topic=events.order.MLS_FlashCrashReversalStrategy_POWL.ETORO_189-189, handler=<bound method Strategy.handle_event of FlashCrashReversalStrategy(MLS_FlashCrashReversalStrategy_POWL.ETORO_189-189)>, priority=0)
2026-06-11T20:05:48.381690582Z [DEBUG] eToro-Momentum-LS.MessageBus: Added Subscription(topic=events.position.MLS_FlashCrashReversalStrategy_POWL.ETORO_189-189, handler=<bound method Strategy.handle_event of FlashCrashReversalStrategy(MLS_FlashCrashReversalStrategy_POWL.ETORO_189-189)>, priority=0)
2026-06-11T20:05:48.381694719Z [INFO] eToro-Momentum-LS.ExecEngine: Registered OMS.UNSPECIFIED for Strategy MLS_FlashCrashReversalStrategy_POWL.ETORO_189-189
2026-06-11T20:05:48.381696292Z [INFO] eToro-Momentum-LS.eToro-Momentum-LS: Registered Strategy MLS_FlashCrashReversalStrategy_POWL.ETORO_189-189
2026-06-11T20:05:48.381791390Z [INFO] eToro-Momentum-LS.MLS_FlashCrashReversalStrategy_POWL.ETORO_190: READY
2026-06-11T20:05:48.381840161Z [DEBUG] eToro-Momentum-LS.MessageBus: Added Subscription(topic=events.order.MLS_FlashCrashReversalStrategy_POWL.ETORO_190-190, handler=<bound method Strategy.handle_event of FlashCrashReversalStrategy(MLS_FlashCrashReversalStrategy_POWL.ETORO_190-190)>, priority=0)
2026-06-11T20:05:48.381850420Z [DEBUG] eToro-Momentum-LS.MessageBus: Added Subscription(topic=events.position.MLS_FlashCrashReversalStrategy_POWL.ETORO_190-190, handler=<bound method Strategy.handle_event of FlashCrashReversalStrategy(MLS_FlashCrashReversalStrategy_POWL.ETORO_190-190)>, priority=0)
2026-06-11T20:05:48.381869115Z [INFO] eToro-Momentum-LS.ExecEngine: Registered OMS.UNSPECIFIED for Strategy MLS_FlashCrashReversalStrategy_POWL.ETORO_190-190
2026-06-11T20:05:48.381871559Z [INFO] eToro-Momentum-LS.eToro-Momentum-LS: Registered Strategy MLS_FlashCrashReversalStrategy_POWL.ETORO_190-190
2026-06-11T20:05:48.382033061Z [INFO] eToro-Momentum-LS.MLS_FlashCrashReversalStrategy_PBR.ETORO_191: READY
2026-06-11T20:05:48.382079958Z [DEBUG] eToro-Momentum-LS.MessageBus: Added Subscription(topic=events.order.MLS_FlashCrashReversalStrategy_PBR.ETORO_191-191, handler=<bound method Strategy.handle_event of FlashCrashReversalStrategy(MLS_FlashCrashReversalStrategy_PBR.ETORO_191-191)>, priority=0)
2026-06-11T20:05:48.382092071Z [DEBUG] eToro-Momentum-LS.MessageBus: Added Subscription(topic=events.position.MLS_FlashCrashReversalStrategy_PBR.ETORO_191-191, handler=<bound method Strategy.handle_event of FlashCrashReversalStrategy(MLS_FlashCrashReversalStrategy_PBR.ETORO_191-191)>, priority=0)
2026-06-11T20:05:48.382095047Z [INFO] eToro-Momentum-LS.ExecEngine: Registered OMS.UNSPECIFIED for Strategy MLS_FlashCrashReversalStrategy_PBR.ETORO_191-191
2026-06-11T20:05:48.382096249Z [INFO] eToro-Momentum-LS.eToro-Momentum-LS: Registered Strategy MLS_FlashCrashReversalStrategy_PBR.ETORO_191-191
2026-06-11T20:05:48.382190284Z [INFO] eToro-Momentum-LS.MLS_FlashCrashReversalStrategy_PBR.ETORO_192: READY
2026-06-11T20:05:48.382231992Z [DEBUG] eToro-Momentum-LS.MessageBus: Added Subscription(topic=events.order.MLS_FlashCrashReversalStrategy_PBR.ETORO_192-192, handler=<bound method Strategy.handle_event of FlashCrashReversalStrategy(MLS_FlashCrashReversalStrategy_PBR.ETORO_192-192)>, priority=0)
2026-06-11T20:05:48.382242772Z [DEBUG] eToro-Momentum-LS.MessageBus: Added Subscription(topic=events.position.MLS_FlashCrashReversalStrategy_PBR.ETORO_192-192, handler=<bound method Strategy.handle_event of FlashCrashReversalStrategy(MLS_FlashCrashReversalStrategy_PBR.ETORO_192-192)>, priority=0)
2026-06-11T20:05:48.382245808Z [INFO] eToro-Momentum-LS.ExecEngine: Registered OMS.UNSPECIFIED for Strategy MLS_FlashCrashReversalStrategy_PBR.ETORO_192-192
2026-06-11T20:05:48.382246860Z [INFO] eToro-Momentum-LS.eToro-Momentum-LS: Registered Strategy MLS_FlashCrashReversalStrategy_PBR.ETORO_192-192
2026-06-11T20:05:48.382326970Z [INFO] eToro-Momentum-LS.MLS_FlashCrashReversalStrategy_PBR.ETORO_193: READY
2026-06-11T20:05:48.382368016Z [DEBUG] eToro-Momentum-LS.MessageBus: Added Subscription(topic=events.order.MLS_FlashCrashReversalStrategy_PBR.ETORO_193-193, handler=<bound method Strategy.handle_event of FlashCrashReversalStrategy(MLS_FlashCrashReversalStrategy_PBR.ETORO_193-193)>, priority=0)
2026-06-11T20:05:48.382378766Z [DEBUG] eToro-Momentum-LS.MessageBus: Added Subscription(topic=events.position.MLS_FlashCrashReversalStrategy_PBR.ETORO_193-193, handler=<bound method Strategy.handle_event of FlashCrashReversalStrategy(MLS_FlashCrashReversalStrategy_PBR.ETORO_193-193)>, priority=0)
2026-06-11T20:05:48.382381862Z [INFO] eToro-Momentum-LS.ExecEngine: Registered OMS.UNSPECIFIED for Strategy MLS_FlashCrashReversalStrategy_PBR.ETORO_193-193
2026-06-11T20:05:48.382383134Z [INFO] eToro-Momentum-LS.eToro-Momentum-LS: Registered Strategy MLS_FlashCrashReversalStrategy_PBR.ETORO_193-193
2026-06-11T20:05:48.382461010Z [INFO] eToro-Momentum-LS.MLS_FlashCrashReversalStrategy_PBR.ETORO_194: READY
2026-06-11T20:05:48.382501515Z [DEBUG] eToro-Momentum-LS.MessageBus: Added Subscription(topic=events.order.MLS_FlashCrashReversalStrategy_PBR.ETORO_194-194, handler=<bound method Strategy.handle_event of FlashCrashReversalStrategy(MLS_FlashCrashReversalStrategy_PBR.ETORO_194-194)>, priority=0)
2026-06-11T20:05:48.382512165Z [DEBUG] eToro-Momentum-LS.MessageBus: Added Subscription(topic=events.position.MLS_FlashCrashReversalStrategy_PBR.ETORO_194-194, handler=<bound method Strategy.handle_event of FlashCrashReversalStrategy(MLS_FlashCrashReversalStrategy_PBR.ETORO_194-194)>, priority=0)
2026-06-11T20:05:48.382515411Z [INFO] eToro-Momentum-LS.ExecEngine: Registered OMS.UNSPECIFIED for Strategy MLS_FlashCrashReversalStrategy_PBR.ETORO_194-194
2026-06-11T20:05:48.382516594Z [INFO] eToro-Momentum-LS.eToro-Momentum-LS: Registered Strategy MLS_FlashCrashReversalStrategy_PBR.ETORO_194-194
2026-06-11T20:05:48.382591513Z [INFO] eToro-Momentum-LS.MLS_FlashCrashReversalStrategy_PBR.ETORO_195: READY
2026-06-11T20:05:48.382631698Z [DEBUG] eToro-Momentum-LS.MessageBus: Added Subscription(topic=events.order.MLS_FlashCrashReversalStrategy_PBR.ETORO_195-195, handler=<bound method Strategy.handle_event of FlashCrashReversalStrategy(MLS_FlashCrashReversalStrategy_PBR.ETORO_195-195)>, priority=0)
2026-06-11T20:05:48.382642378Z [DEBUG] eToro-Momentum-LS.MessageBus: Added Subscription(topic=events.position.MLS_FlashCrashReversalStrategy_PBR.ETORO_195-195, handler=<bound method Strategy.handle_event of FlashCrashReversalStrategy(MLS_FlashCrashReversalStrategy_PBR.ETORO_195-195)>, priority=0)
2026-06-11T20:05:48.382645905Z [INFO] eToro-Momentum-LS.ExecEngine: Registered OMS.UNSPECIFIED for Strategy MLS_FlashCrashReversalStrategy_PBR.ETORO_195-195
2026-06-11T20:05:48.382647157Z [INFO] eToro-Momentum-LS.eToro-Momentum-LS: Registered Strategy MLS_FlashCrashReversalStrategy_PBR.ETORO_195-195
2026-06-11T20:05:48.382725694Z [INFO] eToro-Momentum-LS.MLS_FlashCrashReversalStrategy_PINS.ETORO_196: READY
2026-06-11T20:05:48.382769305Z [DEBUG] eToro-Momentum-LS.MessageBus: Added Subscription(topic=events.order.MLS_FlashCrashReversalStrategy_PINS.ETORO_196-196, handler=<bound method Strategy.handle_event of FlashCrashReversalStrategy(MLS_FlashCrashReversalStrategy_PINS.ETORO_196-196)>, priority=0)
2026-06-11T20:05:48.382779745Z [DEBUG] eToro-Momentum-LS.MessageBus: Added Subscription(topic=events.position.MLS_FlashCrashReversalStrategy_PINS.ETORO_196-196, handler=<bound method Strategy.handle_event of FlashCrashReversalStrategy(MLS_FlashCrashReversalStrategy_PINS.ETORO_196-196)>, priority=0)
2026-06-11T20:05:48.382782029Z [INFO] eToro-Momentum-LS.ExecEngine: Registered OMS.UNSPECIFIED for Strategy MLS_FlashCrashReversalStrategy_PINS.ETORO_196-196
2026-06-11T20:05:48.382784053Z [INFO] eToro-Momentum-LS.eToro-Momentum-LS: Registered Strategy MLS_FlashCrashReversalStrategy_PINS.ETORO_196-196
2026-06-11T20:05:48.382858311Z [INFO] eToro-Momentum-LS.MLS_FlashCrashReversalStrategy_PINS.ETORO_197: READY
2026-06-11T20:05:48.382898977Z [DEBUG] eToro-Momentum-LS.MessageBus: Added Subscription(topic=events.order.MLS_FlashCrashReversalStrategy_PINS.ETORO_197-197, handler=<bound method Strategy.handle_event of FlashCrashReversalStrategy(MLS_FlashCrashReversalStrategy_PINS.ETORO_197-197)>, priority=0)
2026-06-11T20:05:48.382915769Z [DEBUG] eToro-Momentum-LS.MessageBus: Added Subscription(topic=events.position.MLS_FlashCrashReversalStrategy_PINS.ETORO_197-197, handler=<bound method Strategy.handle_event of FlashCrashReversalStrategy(MLS_FlashCrashReversalStrategy_PINS.ETORO_197-197)>, priority=0)
2026-06-11T20:05:48.382918844Z [INFO] eToro-Momentum-LS.ExecEngine: Registered OMS.UNSPECIFIED for Strategy MLS_FlashCrashReversalStrategy_PINS.ETORO_197-197
2026-06-11T20:05:48.382920107Z [INFO] eToro-Momentum-LS.eToro-Momentum-LS: Registered Strategy MLS_FlashCrashReversalStrategy_PINS.ETORO_197-197
2026-06-11T20:05:48.383001439Z [INFO] eToro-Momentum-LS.MLS_FlashCrashReversalStrategy_PINS.ETORO_198: READY
2026-06-11T20:05:48.383047825Z [DEBUG] eToro-Momentum-LS.MessageBus: Added Subscription(topic=events.order.MLS_FlashCrashReversalStrategy_PINS.ETORO_198-198, handler=<bound method Strategy.handle_event of FlashCrashReversalStrategy(MLS_FlashCrashReversalStrategy_PINS.ETORO_198-198)>, priority=0)
2026-06-11T20:05:48.383058295Z [DEBUG] eToro-Momentum-LS.MessageBus: Added Subscription(topic=events.position.MLS_FlashCrashReversalStrategy_PINS.ETORO_198-198, handler=<bound method Strategy.handle_event of FlashCrashReversalStrategy(MLS_FlashCrashReversalStrategy_PINS.ETORO_198-198)>, priority=0)
2026-06-11T20:05:48.383061030Z [INFO] eToro-Momentum-LS.ExecEngine: Registered OMS.UNSPECIFIED for Strategy MLS_FlashCrashReversalStrategy_PINS.ETORO_198-198
2026-06-11T20:05:48.383062352Z [INFO] eToro-Momentum-LS.eToro-Momentum-LS: Registered Strategy MLS_FlashCrashReversalStrategy_PINS.ETORO_198-198
2026-06-11T20:05:48.383136681Z [INFO] eToro-Momentum-LS.MLS_FlashCrashReversalStrategy_PINS.ETORO_199: READY
2026-06-11T20:05:48.383179872Z [DEBUG] eToro-Momentum-LS.MessageBus: Added Subscription(topic=events.order.MLS_FlashCrashReversalStrategy_PINS.ETORO_199-199, handler=<bound method Strategy.handle_event of FlashCrashReversalStrategy(MLS_FlashCrashReversalStrategy_PINS.ETORO_199-199)>, priority=0)
2026-06-11T20:05:48.383190221Z [DEBUG] eToro-Momentum-LS.MessageBus: Added Subscription(topic=events.position.MLS_FlashCrashReversalStrategy_PINS.ETORO_199-199, handler=<bound method Strategy.handle_event of FlashCrashReversalStrategy(MLS_FlashCrashReversalStrategy_PINS.ETORO_199-199)>, priority=0)
2026-06-11T20:05:48.383192946Z [INFO] eToro-Momentum-LS.ExecEngine: Registered OMS.UNSPECIFIED for Strategy MLS_FlashCrashReversalStrategy_PINS.ETORO_199-199
2026-06-11T20:05:48.383193998Z [INFO] eToro-Momentum-LS.eToro-Momentum-LS: Registered Strategy MLS_FlashCrashReversalStrategy_PINS.ETORO_199-199
2026-06-11T20:05:48.383275430Z [INFO] eToro-Momentum-LS.MLS_FlashCrashReversalStrategy_PINS.ETORO_200: READY
2026-06-11T20:05:48.383488959Z [DEBUG] eToro-Momentum-LS.MessageBus: Added Subscription(topic=events.order.MLS_FlashCrashReversalStrategy_PINS.ETORO_200-200, handler=<bound method Strategy.handle_event of FlashCrashReversalStrategy(MLS_FlashCrashReversalStrategy_PINS.ETORO_200-200)>, priority=0)
2026-06-11T20:05:48.383500711Z [DEBUG] eToro-Momentum-LS.MessageBus: Added Subscription(topic=events.position.MLS_FlashCrashReversalStrategy_PINS.ETORO_200-200, handler=<bound method Strategy.handle_event of FlashCrashReversalStrategy(MLS_FlashCrashReversalStrategy_PINS.ETORO_200-200)>, priority=0)
2026-06-11T20:05:48.383506491Z [INFO] eToro-Momentum-LS.ExecEngine: Registered OMS.UNSPECIFIED for Strategy MLS_FlashCrashReversalStrategy_PINS.ETORO_200-200
2026-06-11T20:05:48.383509497Z [INFO] eToro-Momentum-LS.eToro-Momentum-LS: Registered Strategy MLS_FlashCrashReversalStrategy_PINS.ETORO_200-200
2026-06-11T20:05:48.383627628Z [INFO] eToro-Momentum-LS.MLS_FlashCrashReversalStrategy_PINS.ETORO_201: READY
2026-06-11T20:05:48.383673664Z [DEBUG] eToro-Momentum-LS.MessageBus: Added Subscription(topic=events.order.MLS_FlashCrashReversalStrategy_PINS.ETORO_201-201, handler=<bound method Strategy.handle_event of FlashCrashReversalStrategy(MLS_FlashCrashReversalStrategy_PINS.ETORO_201-201)>, priority=0)
2026-06-11T20:05:48.383684424Z [DEBUG] eToro-Momentum-LS.MessageBus: Added Subscription(topic=events.position.MLS_FlashCrashReversalStrategy_PINS.ETORO_201-201, handler=<bound method Strategy.handle_event of FlashCrashReversalStrategy(MLS_FlashCrashReversalStrategy_PINS.ETORO_201-201)>, priority=0)
2026-06-11T20:05:48.383687760Z [INFO] eToro-Momentum-LS.ExecEngine: Registered OMS.UNSPECIFIED for Strategy MLS_FlashCrashReversalStrategy_PINS.ETORO_201-201
2026-06-11T20:05:48.383689493Z [INFO] eToro-Momentum-LS.eToro-Momentum-LS: Registered Strategy MLS_FlashCrashReversalStrategy_PINS.ETORO_201-201
2026-06-11T20:05:48.383773821Z [INFO] eToro-Momentum-LS.MLS_FlashCrashReversalStrategy_PINS.ETORO_202: READY
2026-06-11T20:05:48.383817672Z [DEBUG] eToro-Momentum-LS.MessageBus: Added Subscription(topic=events.order.MLS_FlashCrashReversalStrategy_PINS.ETORO_202-202, handler=<bound method Strategy.handle_event of FlashCrashReversalStrategy(MLS_FlashCrashReversalStrategy_PINS.ETORO_202-202)>, priority=0)
2026-06-11T20:05:48.383828202Z [DEBUG] eToro-Momentum-LS.MessageBus: Added Subscription(topic=events.position.MLS_FlashCrashReversalStrategy_PINS.ETORO_202-202, handler=<bound method Strategy.handle_event of FlashCrashReversalStrategy(MLS_FlashCrashReversalStrategy_PINS.ETORO_202-202)>, priority=0)
2026-06-11T20:05:48.383831558Z [INFO] eToro-Momentum-LS.ExecEngine: Registered OMS.UNSPECIFIED for Strategy MLS_FlashCrashReversalStrategy_PINS.ETORO_202-202
2026-06-11T20:05:48.383832710Z [INFO] eToro-Momentum-LS.eToro-Momentum-LS: Registered Strategy MLS_FlashCrashReversalStrategy_PINS.ETORO_202-202
2026-06-11T20:05:48.383918731Z [INFO] eToro-Momentum-LS.MLS_FlashCrashReversalStrategy_PINS.ETORO_203: READY
2026-06-11T20:05:48.383964607Z [DEBUG] eToro-Momentum-LS.MessageBus: Added Subscription(topic=events.order.MLS_FlashCrashReversalStrategy_PINS.ETORO_203-203, handler=<bound method Strategy.handle_event of FlashCrashReversalStrategy(MLS_FlashCrashReversalStrategy_PINS.ETORO_203-203)>, priority=0)
2026-06-11T20:05:48.383975247Z [DEBUG] eToro-Momentum-LS.MessageBus: Added Subscription(topic=events.position.MLS_FlashCrashReversalStrategy_PINS.ETORO_203-203, handler=<bound method Strategy.handle_event of FlashCrashReversalStrategy(MLS_FlashCrashReversalStrategy_PINS.ETORO_203-203)>, priority=0)
2026-06-11T20:05:48.383978122Z [INFO] eToro-Momentum-LS.ExecEngine: Registered OMS.UNSPECIFIED for Strategy MLS_FlashCrashReversalStrategy_PINS.ETORO_203-203
2026-06-11T20:05:48.383979244Z [INFO] eToro-Momentum-LS.eToro-Momentum-LS: Registered Strategy MLS_FlashCrashReversalStrategy_PINS.ETORO_203-203
2026-06-11T20:05:48.384067058Z [INFO] eToro-Momentum-LS.MLS_FlashCrashReversalStrategy_EEFT.ETORO_204: READY
2026-06-11T20:05:48.384108415Z [DEBUG] eToro-Momentum-LS.MessageBus: Added Subscription(topic=events.order.MLS_FlashCrashReversalStrategy_EEFT.ETORO_204-204, handler=<bound method Strategy.handle_event of FlashCrashReversalStrategy(MLS_FlashCrashReversalStrategy_EEFT.ETORO_204-204)>, priority=0)
2026-06-11T20:05:48.384118765Z [DEBUG] eToro-Momentum-LS.MessageBus: Added Subscription(topic=events.position.MLS_FlashCrashReversalStrategy_EEFT.ETORO_204-204, handler=<bound method Strategy.handle_event of FlashCrashReversalStrategy(MLS_FlashCrashReversalStrategy_EEFT.ETORO_204-204)>, priority=0)
2026-06-11T20:05:48.384121159Z [INFO] eToro-Momentum-LS.ExecEngine: Registered OMS.UNSPECIFIED for Strategy MLS_FlashCrashReversalStrategy_EEFT.ETORO_204-204
2026-06-11T20:05:48.384123724Z [INFO] eToro-Momentum-LS.eToro-Momentum-LS: Registered Strategy MLS_FlashCrashReversalStrategy_EEFT.ETORO_204-204
2026-06-11T20:05:48.384195237Z [INFO] eToro-Momentum-LS.MLS_FlashCrashReversalStrategy_EEFT.ETORO_205: READY
2026-06-11T20:05:48.384239530Z [DEBUG] eToro-Momentum-LS.MessageBus: Added Subscription(topic=events.order.MLS_FlashCrashReversalStrategy_EEFT.ETORO_205-205, handler=<bound method Strategy.handle_event of FlashCrashReversalStrategy(MLS_FlashCrashReversalStrategy_EEFT.ETORO_205-205)>, priority=0)
2026-06-11T20:05:48.384249979Z [DEBUG] eToro-Momentum-LS.MessageBus: Added Subscription(topic=events.position.MLS_FlashCrashReversalStrategy_EEFT.ETORO_205-205, handler=<bound method Strategy.handle_event of FlashCrashReversalStrategy(MLS_FlashCrashReversalStrategy_EEFT.ETORO_205-205)>, priority=0)
2026-06-11T20:05:48.384252795Z [INFO] eToro-Momentum-LS.ExecEngine: Registered OMS.UNSPECIFIED for Strategy MLS_FlashCrashReversalStrategy_EEFT.ETORO_205-205
2026-06-11T20:05:48.384254177Z [INFO] eToro-Momentum-LS.eToro-Momentum-LS: Registered Strategy MLS_FlashCrashReversalStrategy_EEFT.ETORO_205-205
2026-06-11T20:05:48.384325681Z [INFO] eToro-Momentum-LS.MLS_FlashCrashReversalStrategy_EEFT.ETORO_206: READY
2026-06-11T20:05:48.384384501Z [DEBUG] eToro-Momentum-LS.MessageBus: Added Subscription(topic=events.order.MLS_FlashCrashReversalStrategy_EEFT.ETORO_206-206, handler=<bound method Strategy.handle_event of FlashCrashReversalStrategy(MLS_FlashCrashReversalStrategy_EEFT.ETORO_206-206)>, priority=0)
2026-06-11T20:05:48.384395080Z [DEBUG] eToro-Momentum-LS.MessageBus: Added Subscription(topic=events.position.MLS_FlashCrashReversalStrategy_EEFT.ETORO_206-206, handler=<bound method Strategy.handle_event of FlashCrashReversalStrategy(MLS_FlashCrashReversalStrategy_EEFT.ETORO_206-206)>, priority=0)
2026-06-11T20:05:48.384397996Z [INFO] eToro-Momentum-LS.ExecEngine: Registered OMS.UNSPECIFIED for Strategy MLS_FlashCrashReversalStrategy_EEFT.ETORO_206-206
2026-06-11T20:05:48.384399138Z [INFO] eToro-Momentum-LS.eToro-Momentum-LS: Registered Strategy MLS_FlashCrashReversalStrategy_EEFT.ETORO_206-206
2026-06-11T20:05:48.384476663Z [INFO] eToro-Momentum-LS.MLS_FlashCrashReversalStrategy_EEFT.ETORO_207: READY
2026-06-11T20:05:48.384518090Z [DEBUG] eToro-Momentum-LS.MessageBus: Added Subscription(topic=events.order.MLS_FlashCrashReversalStrategy_EEFT.ETORO_207-207, handler=<bound method Strategy.handle_event of FlashCrashReversalStrategy(MLS_FlashCrashReversalStrategy_EEFT.ETORO_207-207)>, priority=0)
2026-06-11T20:05:48.384528540Z [DEBUG] eToro-Momentum-LS.MessageBus: Added Subscription(topic=events.position.MLS_FlashCrashReversalStrategy_EEFT.ETORO_207-207, handler=<bound method Strategy.handle_event of FlashCrashReversalStrategy(MLS_FlashCrashReversalStrategy_EEFT.ETORO_207-207)>, priority=0)
2026-06-11T20:05:48.384531936Z [INFO] eToro-Momentum-LS.ExecEngine: Registered OMS.UNSPECIFIED for Strategy MLS_FlashCrashReversalStrategy_EEFT.ETORO_207-207
2026-06-11T20:05:48.384533268Z [INFO] eToro-Momentum-LS.eToro-Momentum-LS: Registered Strategy MLS_FlashCrashReversalStrategy_EEFT.ETORO_207-207
2026-06-11T20:05:48.384613017Z [INFO] eToro-Momentum-LS.MLS_FlashCrashReversalStrategy_EEFT.ETORO_208: READY
2026-06-11T20:05:48.384656398Z [DEBUG] eToro-Momentum-LS.MessageBus: Added Subscription(topic=events.order.MLS_FlashCrashReversalStrategy_EEFT.ETORO_208-208, handler=<bound method Strategy.handle_event of FlashCrashReversalStrategy(MLS_FlashCrashReversalStrategy_EEFT.ETORO_208-208)>, priority=0)
2026-06-11T20:05:48.384667108Z [DEBUG] eToro-Momentum-LS.MessageBus: Added Subscription(topic=events.position.MLS_FlashCrashReversalStrategy_EEFT.ETORO_208-208, handler=<bound method Strategy.handle_event of FlashCrashReversalStrategy(MLS_FlashCrashReversalStrategy_EEFT.ETORO_208-208)>, priority=0)
2026-06-11T20:05:48.384669853Z [INFO] eToro-Momentum-LS.ExecEngine: Registered OMS.UNSPECIFIED for Strategy MLS_FlashCrashReversalStrategy_EEFT.ETORO_208-208
2026-06-11T20:05:48.384671086Z [INFO] eToro-Momentum-LS.eToro-Momentum-LS: Registered Strategy MLS_FlashCrashReversalStrategy_EEFT.ETORO_208-208
2026-06-11T20:05:48.384749572Z [INFO] eToro-Momentum-LS.MLS_FlashCrashReversalStrategy_EEFT.ETORO_209: READY
2026-06-11T20:05:48.384793194Z [DEBUG] eToro-Momentum-LS.MessageBus: Added Subscription(topic=events.order.MLS_FlashCrashReversalStrategy_EEFT.ETORO_209-209, handler=<bound method Strategy.handle_event of FlashCrashReversalStrategy(MLS_FlashCrashReversalStrategy_EEFT.ETORO_209-209)>, priority=0)
2026-06-11T20:05:48.384804184Z [DEBUG] eToro-Momentum-LS.MessageBus: Added Subscription(topic=events.position.MLS_FlashCrashReversalStrategy_EEFT.ETORO_209-209, handler=<bound method Strategy.handle_event of FlashCrashReversalStrategy(MLS_FlashCrashReversalStrategy_EEFT.ETORO_209-209)>, priority=0)
2026-06-11T20:05:48.384807250Z [INFO] eToro-Momentum-LS.ExecEngine: Registered OMS.UNSPECIFIED for Strategy MLS_FlashCrashReversalStrategy_EEFT.ETORO_209-209
2026-06-11T20:05:48.384808773Z [INFO] eToro-Momentum-LS.eToro-Momentum-LS: Registered Strategy MLS_FlashCrashReversalStrategy_EEFT.ETORO_209-209
2026-06-11T20:05:48.384936040Z [INFO] eToro-Momentum-LS.MLS_FlashCrashReversalStrategy_EEFT.ETORO_210: READY
2026-06-11T20:05:48.384980583Z [DEBUG] eToro-Momentum-LS.MessageBus: Added Subscription(topic=events.order.MLS_FlashCrashReversalStrategy_EEFT.ETORO_210-210, handler=<bound method Strategy.handle_event of FlashCrashReversalStrategy(MLS_FlashCrashReversalStrategy_EEFT.ETORO_210-210)>, priority=0)
2026-06-11T20:05:48.384991243Z [DEBUG] eToro-Momentum-LS.MessageBus: Added Subscription(topic=events.position.MLS_FlashCrashReversalStrategy_EEFT.ETORO_210-210, handler=<bound method Strategy.handle_event of FlashCrashReversalStrategy(MLS_FlashCrashReversalStrategy_EEFT.ETORO_210-210)>, priority=0)
2026-06-11T20:05:48.384994369Z [INFO] eToro-Momentum-LS.ExecEngine: Registered OMS.UNSPECIFIED for Strategy MLS_FlashCrashReversalStrategy_EEFT.ETORO_210-210
2026-06-11T20:05:48.384995431Z [INFO] eToro-Momentum-LS.eToro-Momentum-LS: Registered Strategy MLS_FlashCrashReversalStrategy_EEFT.ETORO_210-210
2026-06-11T20:05:48.385082754Z [INFO] eToro-Momentum-LS.MLS_FlashCrashReversalStrategy_EEFT.ETORO_211: READY
2026-06-11T20:05:48.385127538Z [DEBUG] eToro-Momentum-LS.MessageBus: Added Subscription(topic=events.order.MLS_FlashCrashReversalStrategy_EEFT.ETORO_211-211, handler=<bound method Strategy.handle_event of FlashCrashReversalStrategy(MLS_FlashCrashReversalStrategy_EEFT.ETORO_211-211)>, priority=0)
2026-06-11T20:05:48.385138548Z [DEBUG] eToro-Momentum-LS.MessageBus: Added Subscription(topic=events.position.MLS_FlashCrashReversalStrategy_EEFT.ETORO_211-211, handler=<bound method Strategy.handle_event of FlashCrashReversalStrategy(MLS_FlashCrashReversalStrategy_EEFT.ETORO_211-211)>, priority=0)
2026-06-11T20:05:48.385141644Z [INFO] eToro-Momentum-LS.ExecEngine: Registered OMS.UNSPECIFIED for Strategy MLS_FlashCrashReversalStrategy_EEFT.ETORO_211-211
2026-06-11T20:05:48.385142726Z [INFO] eToro-Momentum-LS.eToro-Momentum-LS: Registered Strategy MLS_FlashCrashReversalStrategy_EEFT.ETORO_211-211
2026-06-11T20:05:48.385218488Z [INFO] eToro-Momentum-LS.MLS_FlashCrashReversalStrategy_EEFT.ETORO_212: READY
2026-06-11T20:05:48.385262971Z [DEBUG] eToro-Momentum-LS.MessageBus: Added Subscription(topic=events.order.MLS_FlashCrashReversalStrategy_EEFT.ETORO_212-212, handler=<bound method Strategy.handle_event of FlashCrashReversalStrategy(MLS_FlashCrashReversalStrategy_EEFT.ETORO_212-212)>, priority=0)
2026-06-11T20:05:48.385273931Z [DEBUG] eToro-Momentum-LS.MessageBus: Added Subscription(topic=events.position.MLS_FlashCrashReversalStrategy_EEFT.ETORO_212-212, handler=<bound method Strategy.handle_event of FlashCrashReversalStrategy(MLS_FlashCrashReversalStrategy_EEFT.ETORO_212-212)>, priority=0)
2026-06-11T20:05:48.385276265Z [INFO] eToro-Momentum-LS.ExecEngine: Registered OMS.UNSPECIFIED for Strategy MLS_FlashCrashReversalStrategy_EEFT.ETORO_212-212
2026-06-11T20:05:48.385278730Z [INFO] eToro-Momentum-LS.eToro-Momentum-LS: Registered Strategy MLS_FlashCrashReversalStrategy_EEFT.ETORO_212-212
2026-06-11T20:05:48.385349843Z [INFO] eToro-Momentum-LS.MLS_FlashCrashReversalStrategy_EEFT.ETORO_213: READY
2026-06-11T20:05:48.385391721Z [DEBUG] eToro-Momentum-LS.MessageBus: Added Subscription(topic=events.order.MLS_FlashCrashReversalStrategy_EEFT.ETORO_213-213, handler=<bound method Strategy.handle_event of FlashCrashReversalStrategy(MLS_FlashCrashReversalStrategy_EEFT.ETORO_213-213)>, priority=0)
2026-06-11T20:05:48.385402261Z [DEBUG] eToro-Momentum-LS.MessageBus: Added Subscription(topic=events.position.MLS_FlashCrashReversalStrategy_EEFT.ETORO_213-213, handler=<bound method Strategy.handle_event of FlashCrashReversalStrategy(MLS_FlashCrashReversalStrategy_EEFT.ETORO_213-213)>, priority=0)
2026-06-11T20:05:48.385405206Z [INFO] eToro-Momentum-LS.ExecEngine: Registered OMS.UNSPECIFIED for Strategy MLS_FlashCrashReversalStrategy_EEFT.ETORO_213-213
2026-06-11T20:05:48.385406278Z [INFO] eToro-Momentum-LS.eToro-Momentum-LS: Registered Strategy MLS_FlashCrashReversalStrategy_EEFT.ETORO_213-213
2026-06-11T20:05:48.385488472Z [INFO] eToro-Momentum-LS.MLS_FlashCrashReversalStrategy_EEFT.ETORO_214: READY
2026-06-11T20:05:48.385533816Z [DEBUG] eToro-Momentum-LS.MessageBus: Added Subscription(topic=events.order.MLS_FlashCrashReversalStrategy_EEFT.ETORO_214-214, handler=<bound method Strategy.handle_event of FlashCrashReversalStrategy(MLS_FlashCrashReversalStrategy_EEFT.ETORO_214-214)>, priority=0)
2026-06-11T20:05:48.385544677Z [DEBUG] eToro-Momentum-LS.MessageBus: Added Subscription(topic=events.position.MLS_FlashCrashReversalStrategy_EEFT.ETORO_214-214, handler=<bound method Strategy.handle_event of FlashCrashReversalStrategy(MLS_FlashCrashReversalStrategy_EEFT.ETORO_214-214)>, priority=0)
2026-06-11T20:05:48.385547121Z [INFO] eToro-Momentum-LS.ExecEngine: Registered OMS.UNSPECIFIED for Strategy MLS_FlashCrashReversalStrategy_EEFT.ETORO_214-214
2026-06-11T20:05:48.385548614Z [INFO] eToro-Momentum-LS.eToro-Momentum-LS: Registered Strategy MLS_FlashCrashReversalStrategy_EEFT.ETORO_214-214
2026-06-11T20:05:48.385624836Z [INFO] eToro-Momentum-LS.MLS_FlashCrashReversalStrategy_EEFT.ETORO_215: READY
2026-06-11T20:05:48.385668428Z [DEBUG] eToro-Momentum-LS.MessageBus: Added Subscription(topic=events.order.MLS_FlashCrashReversalStrategy_EEFT.ETORO_215-215, handler=<bound method Strategy.handle_event of FlashCrashReversalStrategy(MLS_FlashCrashReversalStrategy_EEFT.ETORO_215-215)>, priority=0)
2026-06-11T20:05:48.385678977Z [DEBUG] eToro-Momentum-LS.MessageBus: Added Subscription(topic=events.position.MLS_FlashCrashReversalStrategy_EEFT.ETORO_215-215, handler=<bound method Strategy.handle_event of FlashCrashReversalStrategy(MLS_FlashCrashReversalStrategy_EEFT.ETORO_215-215)>, priority=0)
2026-06-11T20:05:48.385681903Z [INFO] eToro-Momentum-LS.ExecEngine: Registered OMS.UNSPECIFIED for Strategy MLS_FlashCrashReversalStrategy_EEFT.ETORO_215-215
2026-06-11T20:05:48.385682995Z [INFO] eToro-Momentum-LS.eToro-Momentum-LS: Registered Strategy MLS_FlashCrashReversalStrategy_EEFT.ETORO_215-215
2026-06-11T20:05:48.385760159Z [INFO] eToro-Momentum-LS.MLS_FlashCrashReversalStrategy_EEFT.ETORO_216: READY
2026-06-11T20:05:48.385803750Z [DEBUG] eToro-Momentum-LS.MessageBus: Added Subscription(topic=events.order.MLS_FlashCrashReversalStrategy_EEFT.ETORO_216-216, handler=<bound method Strategy.handle_event of FlashCrashReversalStrategy(MLS_FlashCrashReversalStrategy_EEFT.ETORO_216-216)>, priority=0)
2026-06-11T20:05:48.385814671Z [DEBUG] eToro-Momentum-LS.MessageBus: Added Subscription(topic=events.position.MLS_FlashCrashReversalStrategy_EEFT.ETORO_216-216, handler=<bound method Strategy.handle_event of FlashCrashReversalStrategy(MLS_FlashCrashReversalStrategy_EEFT.ETORO_216-216)>, priority=0)
2026-06-11T20:05:48.385817466Z [INFO] eToro-Momentum-LS.ExecEngine: Registered OMS.UNSPECIFIED for Strategy MLS_FlashCrashReversalStrategy_EEFT.ETORO_216-216
2026-06-11T20:05:48.385818588Z [INFO] eToro-Momentum-LS.eToro-Momentum-LS: Registered Strategy MLS_FlashCrashReversalStrategy_EEFT.ETORO_216-216
2026-06-11T20:05:48.385896784Z [INFO] eToro-Momentum-LS.MLS_FlashCrashReversalStrategy_JAZZ.ETORO_217: READY
2026-06-11T20:05:48.385947218Z [DEBUG] eToro-Momentum-LS.MessageBus: Added Subscription(topic=events.order.MLS_FlashCrashReversalStrategy_JAZZ.ETORO_217-217, handler=<bound method Strategy.handle_event of FlashCrashReversalStrategy(MLS_FlashCrashReversalStrategy_JAZZ.ETORO_217-217)>, priority=0)
2026-06-11T20:05:48.385958249Z [DEBUG] eToro-Momentum-LS.MessageBus: Added Subscription(topic=events.position.MLS_FlashCrashReversalStrategy_JAZZ.ETORO_217-217, handler=<bound method Strategy.handle_event of FlashCrashReversalStrategy(MLS_FlashCrashReversalStrategy_JAZZ.ETORO_217-217)>, priority=0)
2026-06-11T20:05:48.385961485Z [INFO] eToro-Momentum-LS.ExecEngine: Registered OMS.UNSPECIFIED for Strategy MLS_FlashCrashReversalStrategy_JAZZ.ETORO_217-217
2026-06-11T20:05:48.385962787Z [INFO] eToro-Momentum-LS.eToro-Momentum-LS: Registered Strategy MLS_FlashCrashReversalStrategy_JAZZ.ETORO_217-217
2026-06-11T20:05:48.386041855Z [INFO] eToro-Momentum-LS.MLS_FlashCrashReversalStrategy_JAZZ.ETORO_218: READY
2026-06-11T20:05:48.386086668Z [DEBUG] eToro-Momentum-LS.MessageBus: Added Subscription(topic=events.order.MLS_FlashCrashReversalStrategy_JAZZ.ETORO_218-218, handler=<bound method Strategy.handle_event of FlashCrashReversalStrategy(MLS_FlashCrashReversalStrategy_JAZZ.ETORO_218-218)>, priority=0)
2026-06-11T20:05:48.386097619Z [DEBUG] eToro-Momentum-LS.MessageBus: Added Subscription(topic=events.position.MLS_FlashCrashReversalStrategy_JAZZ.ETORO_218-218, handler=<bound method Strategy.handle_event of FlashCrashReversalStrategy(MLS_FlashCrashReversalStrategy_JAZZ.ETORO_218-218)>, priority=0)
2026-06-11T20:05:48.386100655Z [INFO] eToro-Momentum-LS.ExecEngine: Registered OMS.UNSPECIFIED for Strategy MLS_FlashCrashReversalStrategy_JAZZ.ETORO_218-218
2026-06-11T20:05:48.386101977Z [INFO] eToro-Momentum-LS.eToro-Momentum-LS: Registered Strategy MLS_FlashCrashReversalStrategy_JAZZ.ETORO_218-218
2026-06-11T20:05:48.386175915Z [INFO] eToro-Momentum-LS.MLS_FlashCrashReversalStrategy_JAZZ.ETORO_219: READY
2026-06-11T20:05:48.386257026Z [DEBUG] eToro-Momentum-LS.MessageBus: Added Subscription(topic=events.order.MLS_FlashCrashReversalStrategy_JAZZ.ETORO_219-219, handler=<bound method Strategy.handle_event of FlashCrashReversalStrategy(MLS_FlashCrashReversalStrategy_JAZZ.ETORO_219-219)>, priority=0)
2026-06-11T20:05:48.386268207Z [DEBUG] eToro-Momentum-LS.MessageBus: Added Subscription(topic=events.position.MLS_FlashCrashReversalStrategy_JAZZ.ETORO_219-219, handler=<bound method Strategy.handle_event of FlashCrashReversalStrategy(MLS_FlashCrashReversalStrategy_JAZZ.ETORO_219-219)>, priority=0)
2026-06-11T20:05:48.386271313Z [INFO] eToro-Momentum-LS.ExecEngine: Registered OMS.UNSPECIFIED for Strategy MLS_FlashCrashReversalStrategy_JAZZ.ETORO_219-219
2026-06-11T20:05:48.386272656Z [INFO] eToro-Momentum-LS.eToro-Momentum-LS: Registered Strategy MLS_FlashCrashReversalStrategy_JAZZ.ETORO_219-219
2026-06-11T20:05:48.386352094Z [INFO] eToro-Momentum-LS.MLS_FlashCrashReversalStrategy_JAZZ.ETORO_220: READY
2026-06-11T20:05:48.386396787Z [DEBUG] eToro-Momentum-LS.MessageBus: Added Subscription(topic=events.order.MLS_FlashCrashReversalStrategy_JAZZ.ETORO_220-220, handler=<bound method Strategy.handle_event of FlashCrashReversalStrategy(MLS_FlashCrashReversalStrategy_JAZZ.ETORO_220-220)>, priority=0)
2026-06-11T20:05:48.386410172Z [DEBUG] eToro-Momentum-LS.MessageBus: Added Subscription(topic=events.position.MLS_FlashCrashReversalStrategy_JAZZ.ETORO_220-220, handler=<bound method Strategy.handle_event of FlashCrashReversalStrategy(MLS_FlashCrashReversalStrategy_JAZZ.ETORO_220-220)>, priority=0)
2026-06-11T20:05:48.386413028Z [INFO] eToro-Momentum-LS.ExecEngine: Registered OMS.UNSPECIFIED for Strategy MLS_FlashCrashReversalStrategy_JAZZ.ETORO_220-220
2026-06-11T20:05:48.386414330Z [INFO] eToro-Momentum-LS.eToro-Momentum-LS: Registered Strategy MLS_FlashCrashReversalStrategy_JAZZ.ETORO_220-220
2026-06-11T20:05:48.386491404Z [INFO] eToro-Momentum-LS.MLS_FlashCrashReversalStrategy_JAZZ.ETORO_221: READY
2026-06-11T20:05:48.386536348Z [DEBUG] eToro-Momentum-LS.MessageBus: Added Subscription(topic=events.order.MLS_FlashCrashReversalStrategy_JAZZ.ETORO_221-221, handler=<bound method Strategy.handle_event of FlashCrashReversalStrategy(MLS_FlashCrashReversalStrategy_JAZZ.ETORO_221-221)>, priority=0)
2026-06-11T20:05:48.386547389Z [DEBUG] eToro-Momentum-LS.MessageBus: Added Subscription(topic=events.position.MLS_FlashCrashReversalStrategy_JAZZ.ETORO_221-221, handler=<bound method Strategy.handle_event of FlashCrashReversalStrategy(MLS_FlashCrashReversalStrategy_JAZZ.ETORO_221-221)>, priority=0)
2026-06-11T20:05:48.386550564Z [INFO] eToro-Momentum-LS.ExecEngine: Registered OMS.UNSPECIFIED for Strategy MLS_FlashCrashReversalStrategy_JAZZ.ETORO_221-221
2026-06-11T20:05:48.386551997Z [INFO] eToro-Momentum-LS.eToro-Momentum-LS: Registered Strategy MLS_FlashCrashReversalStrategy_JAZZ.ETORO_221-221
2026-06-11T20:05:48.386629702Z [INFO] eToro-Momentum-LS.MLS_FlashCrashReversalStrategy_JAZZ.ETORO_222: READY
2026-06-11T20:05:48.386676960Z [DEBUG] eToro-Momentum-LS.MessageBus: Added Subscription(topic=events.order.MLS_FlashCrashReversalStrategy_JAZZ.ETORO_222-222, handler=<bound method Strategy.handle_event of FlashCrashReversalStrategy(MLS_FlashCrashReversalStrategy_JAZZ.ETORO_222-222)>, priority=0)
2026-06-11T20:05:48.386688392Z [DEBUG] eToro-Momentum-LS.MessageBus: Added Subscription(topic=events.position.MLS_FlashCrashReversalStrategy_JAZZ.ETORO_222-222, handler=<bound method Strategy.handle_event of FlashCrashReversalStrategy(MLS_FlashCrashReversalStrategy_JAZZ.ETORO_222-222)>, priority=0)
2026-06-11T20:05:48.386691628Z [INFO] eToro-Momentum-LS.ExecEngine: Registered OMS.UNSPECIFIED for Strategy MLS_FlashCrashReversalStrategy_JAZZ.ETORO_222-222
2026-06-11T20:05:48.386692890Z [INFO] eToro-Momentum-LS.eToro-Momentum-LS: Registered Strategy MLS_FlashCrashReversalStrategy_JAZZ.ETORO_222-222
2026-06-11T20:05:48.386772278Z [INFO] eToro-Momentum-LS.MLS_FlashCrashReversalStrategy_JAZZ.ETORO_223: READY
2026-06-11T20:05:48.386816962Z [DEBUG] eToro-Momentum-LS.MessageBus: Added Subscription(topic=events.order.MLS_FlashCrashReversalStrategy_JAZZ.ETORO_223-223, handler=<bound method Strategy.handle_event of FlashCrashReversalStrategy(MLS_FlashCrashReversalStrategy_JAZZ.ETORO_223-223)>, priority=0)
2026-06-11T20:05:48.386828293Z [DEBUG] eToro-Momentum-LS.MessageBus: Added Subscription(topic=events.position.MLS_FlashCrashReversalStrategy_JAZZ.ETORO_223-223, handler=<bound method Strategy.handle_event of FlashCrashReversalStrategy(MLS_FlashCrashReversalStrategy_JAZZ.ETORO_223-223)>, priority=0)
2026-06-11T20:05:48.386831248Z [INFO] eToro-Momentum-LS.ExecEngine: Registered OMS.UNSPECIFIED for Strategy MLS_FlashCrashReversalStrategy_JAZZ.ETORO_223-223
2026-06-11T20:05:48.386832571Z [INFO] eToro-Momentum-LS.eToro-Momentum-LS: Registered Strategy MLS_FlashCrashReversalStrategy_JAZZ.ETORO_223-223
2026-06-11T20:05:48.387043495Z [INFO] eToro-Momentum-LS.MLS_FlashCrashReversalStrategy_JAZZ.ETORO_224: READY
2026-06-11T20:05:48.387090833Z [DEBUG] eToro-Momentum-LS.MessageBus: Added Subscription(topic=events.order.MLS_FlashCrashReversalStrategy_JAZZ.ETORO_224-224, handler=<bound method Strategy.handle_event of FlashCrashReversalStrategy(MLS_FlashCrashReversalStrategy_JAZZ.ETORO_224-224)>, priority=0)
2026-06-11T20:05:48.387102024Z [DEBUG] eToro-Momentum-LS.MessageBus: Added Subscription(topic=events.position.MLS_FlashCrashReversalStrategy_JAZZ.ETORO_224-224, handler=<bound method Strategy.handle_event of FlashCrashReversalStrategy(MLS_FlashCrashReversalStrategy_JAZZ.ETORO_224-224)>, priority=0)
2026-06-11T20:05:48.387104929Z [INFO] eToro-Momentum-LS.ExecEngine: Registered OMS.UNSPECIFIED for Strategy MLS_FlashCrashReversalStrategy_JAZZ.ETORO_224-224
2026-06-11T20:05:48.387106212Z [INFO] eToro-Momentum-LS.eToro-Momentum-LS: Registered Strategy MLS_FlashCrashReversalStrategy_JAZZ.ETORO_224-224
2026-06-11T20:05:48.387184268Z [INFO] eToro-Momentum-LS.MLS_FlashCrashReversalStrategy_JAZZ.ETORO_225: READY
2026-06-11T20:05:48.387231686Z [DEBUG] eToro-Momentum-LS.MessageBus: Added Subscription(topic=events.order.MLS_FlashCrashReversalStrategy_JAZZ.ETORO_225-225, handler=<bound method Strategy.handle_event of FlashCrashReversalStrategy(MLS_FlashCrashReversalStrategy_JAZZ.ETORO_225-225)>, priority=0)
2026-06-11T20:05:48.387242667Z [DEBUG] eToro-Momentum-LS.MessageBus: Added Subscription(topic=events.position.MLS_FlashCrashReversalStrategy_JAZZ.ETORO_225-225, handler=<bound method Strategy.handle_event of FlashCrashReversalStrategy(MLS_FlashCrashReversalStrategy_JAZZ.ETORO_225-225)>, priority=0)
2026-06-11T20:05:48.387245332Z [INFO] eToro-Momentum-LS.ExecEngine: Registered OMS.UNSPECIFIED for Strategy MLS_FlashCrashReversalStrategy_JAZZ.ETORO_225-225
2026-06-11T20:05:48.387246624Z [INFO] eToro-Momentum-LS.eToro-Momentum-LS: Registered Strategy MLS_FlashCrashReversalStrategy_JAZZ.ETORO_225-225
2026-06-11T20:05:48.387327124Z [INFO] eToro-Momentum-LS.MLS_FlashCrashReversalStrategy_JAZZ.ETORO_226: READY
2026-06-11T20:05:48.387370826Z [DEBUG] eToro-Momentum-LS.MessageBus: Added Subscription(topic=events.order.MLS_FlashCrashReversalStrategy_JAZZ.ETORO_226-226, handler=<bound method Strategy.handle_event of FlashCrashReversalStrategy(MLS_FlashCrashReversalStrategy_JAZZ.ETORO_226-226)>, priority=0)
2026-06-11T20:05:48.387381967Z [DEBUG] eToro-Momentum-LS.MessageBus: Added Subscription(topic=events.position.MLS_FlashCrashReversalStrategy_JAZZ.ETORO_226-226, handler=<bound method Strategy.handle_event of FlashCrashReversalStrategy(MLS_FlashCrashReversalStrategy_JAZZ.ETORO_226-226)>, priority=0)
2026-06-11T20:05:48.387385002Z [INFO] eToro-Momentum-LS.ExecEngine: Registered OMS.UNSPECIFIED for Strategy MLS_FlashCrashReversalStrategy_JAZZ.ETORO_226-226
2026-06-11T20:05:48.387386295Z [INFO] eToro-Momentum-LS.eToro-Momentum-LS: Registered Strategy MLS_FlashCrashReversalStrategy_JAZZ.ETORO_226-226
2026-06-11T20:05:48.387461776Z [INFO] eToro-Momentum-LS.MLS_FlashCrashReversalStrategy_JAZZ.ETORO_227: READY
2026-06-11T20:05:48.387508713Z [DEBUG] eToro-Momentum-LS.MessageBus: Added Subscription(topic=events.order.MLS_FlashCrashReversalStrategy_JAZZ.ETORO_227-227, handler=<bound method Strategy.handle_event of FlashCrashReversalStrategy(MLS_FlashCrashReversalStrategy_JAZZ.ETORO_227-227)>, priority=0)
2026-06-11T20:05:48.387520104Z [DEBUG] eToro-Momentum-LS.MessageBus: Added Subscription(topic=events.position.MLS_FlashCrashReversalStrategy_JAZZ.ETORO_227-227, handler=<bound method Strategy.handle_event of FlashCrashReversalStrategy(MLS_FlashCrashReversalStrategy_JAZZ.ETORO_227-227)>, priority=0)
2026-06-11T20:05:48.387522659Z [INFO] eToro-Momentum-LS.ExecEngine: Registered OMS.UNSPECIFIED for Strategy MLS_FlashCrashReversalStrategy_JAZZ.ETORO_227-227
2026-06-11T20:05:48.387523761Z [INFO] eToro-Momentum-LS.eToro-Momentum-LS: Registered Strategy MLS_FlashCrashReversalStrategy_JAZZ.ETORO_227-227
2026-06-11T20:05:48.387637163Z [INFO] eToro-Momentum-LS.MLS_FlashCrashReversalStrategy_JAZZ.ETORO_228: READY
2026-06-11T20:05:48.387688028Z [DEBUG] eToro-Momentum-LS.MessageBus: Added Subscription(topic=events.order.MLS_FlashCrashReversalStrategy_JAZZ.ETORO_228-228, handler=<bound method Strategy.handle_event of FlashCrashReversalStrategy(MLS_FlashCrashReversalStrategy_JAZZ.ETORO_228-228)>, priority=0)
2026-06-11T20:05:48.387699189Z [DEBUG] eToro-Momentum-LS.MessageBus: Added Subscription(topic=events.position.MLS_FlashCrashReversalStrategy_JAZZ.ETORO_228-228, handler=<bound method Strategy.handle_event of FlashCrashReversalStrategy(MLS_FlashCrashReversalStrategy_JAZZ.ETORO_228-228)>, priority=0)
2026-06-11T20:05:48.387701523Z [INFO] eToro-Momentum-LS.ExecEngine: Registered OMS.UNSPECIFIED for Strategy MLS_FlashCrashReversalStrategy_JAZZ.ETORO_228-228
2026-06-11T20:05:48.387702846Z [INFO] eToro-Momentum-LS.eToro-Momentum-LS: Registered Strategy MLS_FlashCrashReversalStrategy_JAZZ.ETORO_228-228
2026-06-11T20:05:48.387832237Z [INFO] eToro-Momentum-LS.MLS_FlashCrashReversalStrategy_JAZZ.ETORO_229: READY
2026-06-11T20:05:48.387878874Z [DEBUG] eToro-Momentum-LS.MessageBus: Added Subscription(topic=events.order.MLS_FlashCrashReversalStrategy_JAZZ.ETORO_229-229, handler=<bound method Strategy.handle_event of FlashCrashReversalStrategy(MLS_FlashCrashReversalStrategy_JAZZ.ETORO_229-229)>, priority=0)
2026-06-11T20:05:48.387890336Z [DEBUG] eToro-Momentum-LS.MessageBus: Added Subscription(topic=events.position.MLS_FlashCrashReversalStrategy_JAZZ.ETORO_229-229, handler=<bound method Strategy.handle_event of FlashCrashReversalStrategy(MLS_FlashCrashReversalStrategy_JAZZ.ETORO_229-229)>, priority=0)
2026-06-11T20:05:48.387893431Z [INFO] eToro-Momentum-LS.ExecEngine: Registered OMS.UNSPECIFIED for Strategy MLS_FlashCrashReversalStrategy_JAZZ.ETORO_229-229
2026-06-11T20:05:48.387894734Z [INFO] eToro-Momentum-LS.eToro-Momentum-LS: Registered Strategy MLS_FlashCrashReversalStrategy_JAZZ.ETORO_229-229
2026-06-11T20:05:48.387982808Z [INFO] eToro-Momentum-LS.MLS_FlashCrashReversalStrategy_JAZZ.ETORO_230: READY
2026-06-11T20:05:48.388028003Z [DEBUG] eToro-Momentum-LS.MessageBus: Added Subscription(topic=events.order.MLS_FlashCrashReversalStrategy_JAZZ.ETORO_230-230, handler=<bound method Strategy.handle_event of FlashCrashReversalStrategy(MLS_FlashCrashReversalStrategy_JAZZ.ETORO_230-230)>, priority=0)
2026-06-11T20:05:48.388040326Z [DEBUG] eToro-Momentum-LS.MessageBus: Added Subscription(topic=events.position.MLS_FlashCrashReversalStrategy_JAZZ.ETORO_230-230, handler=<bound method Strategy.handle_event of FlashCrashReversalStrategy(MLS_FlashCrashReversalStrategy_JAZZ.ETORO_230-230)>, priority=0)
2026-06-11T20:05:48.388042059Z [INFO] eToro-Momentum-LS.ExecEngine: Registered OMS.UNSPECIFIED for Strategy MLS_FlashCrashReversalStrategy_JAZZ.ETORO_230-230
2026-06-11T20:05:48.388043391Z [INFO] eToro-Momentum-LS.eToro-Momentum-LS: Registered Strategy MLS_FlashCrashReversalStrategy_JAZZ.ETORO_230-230
2026-06-11T20:05:48.388121808Z [INFO] eToro-Momentum-LS.MLS_FlashCrashReversalStrategy_JAZZ.ETORO_231: READY
2026-06-11T20:05:48.388168685Z [DEBUG] eToro-Momentum-LS.MessageBus: Added Subscription(topic=events.order.MLS_FlashCrashReversalStrategy_JAZZ.ETORO_231-231, handler=<bound method Strategy.handle_event of FlashCrashReversalStrategy(MLS_FlashCrashReversalStrategy_JAZZ.ETORO_231-231)>, priority=0)
2026-06-11T20:05:48.388179856Z [DEBUG] eToro-Momentum-LS.MessageBus: Added Subscription(topic=events.position.MLS_FlashCrashReversalStrategy_JAZZ.ETORO_231-231, handler=<bound method Strategy.handle_event of FlashCrashReversalStrategy(MLS_FlashCrashReversalStrategy_JAZZ.ETORO_231-231)>, priority=0)
2026-06-11T20:05:48.388183212Z [INFO] eToro-Momentum-LS.ExecEngine: Registered OMS.UNSPECIFIED for Strategy MLS_FlashCrashReversalStrategy_JAZZ.ETORO_231-231
2026-06-11T20:05:48.388184525Z [INFO] eToro-Momentum-LS.eToro-Momentum-LS: Registered Strategy MLS_FlashCrashReversalStrategy_JAZZ.ETORO_231-231
2026-06-11T20:05:48.388268462Z [INFO] eToro-Momentum-LS.MLS_FlashCrashReversalStrategy_RHM.DE.ETORO_232: READY
2026-06-11T20:05:48.388313836Z [DEBUG] eToro-Momentum-LS.MessageBus: Added Subscription(topic=events.order.MLS_FlashCrashReversalStrategy_RHM.DE.ETORO_232-232, handler=<bound method Strategy.handle_event of FlashCrashReversalStrategy(MLS_FlashCrashReversalStrategy_RHM.DE.ETORO_232-232)>, priority=0)
2026-06-11T20:05:48.388326400Z [DEBUG] eToro-Momentum-LS.MessageBus: Added Subscription(topic=events.position.MLS_FlashCrashReversalStrategy_RHM.DE.ETORO_232-232, handler=<bound method Strategy.handle_event of FlashCrashReversalStrategy(MLS_FlashCrashReversalStrategy_RHM.DE.ETORO_232-232)>, priority=0)
2026-06-11T20:05:48.388329365Z [INFO] eToro-Momentum-LS.ExecEngine: Registered OMS.UNSPECIFIED for Strategy MLS_FlashCrashReversalStrategy_RHM.DE.ETORO_232-232
2026-06-11T20:05:48.388330968Z [INFO] eToro-Momentum-LS.eToro-Momentum-LS: Registered Strategy MLS_FlashCrashReversalStrategy_RHM.DE.ETORO_232-232
2026-06-11T20:05:48.388413052Z [INFO] eToro-Momentum-LS.MLS_FlashCrashReversalStrategy_PALL.ETORO_233: READY
2026-06-11T20:05:48.388458516Z [DEBUG] eToro-Momentum-LS.MessageBus: Added Subscription(topic=events.order.MLS_FlashCrashReversalStrategy_PALL.ETORO_233-233, handler=<bound method Strategy.handle_event of FlashCrashReversalStrategy(MLS_FlashCrashReversalStrategy_PALL.ETORO_233-233)>, priority=0)
2026-06-11T20:05:48.388469657Z [DEBUG] eToro-Momentum-LS.MessageBus: Added Subscription(topic=events.position.MLS_FlashCrashReversalStrategy_PALL.ETORO_233-233, handler=<bound method Strategy.handle_event of FlashCrashReversalStrategy(MLS_FlashCrashReversalStrategy_PALL.ETORO_233-233)>, priority=0)
2026-06-11T20:05:48.388472533Z [INFO] eToro-Momentum-LS.ExecEngine: Registered OMS.UNSPECIFIED for Strategy MLS_FlashCrashReversalStrategy_PALL.ETORO_233-233
2026-06-11T20:05:48.388473895Z [INFO] eToro-Momentum-LS.eToro-Momentum-LS: Registered Strategy MLS_FlashCrashReversalStrategy_PALL.ETORO_233-233
2026-06-11T20:05:48.388548264Z [INFO] eToro-Momentum-LS.MLS_FlashCrashReversalStrategy_DOCU.ETORO_234: READY
2026-06-11T20:05:48.388594971Z [DEBUG] eToro-Momentum-LS.MessageBus: Added Subscription(topic=events.order.MLS_FlashCrashReversalStrategy_DOCU.ETORO_234-234, handler=<bound method Strategy.handle_event of FlashCrashReversalStrategy(MLS_FlashCrashReversalStrategy_DOCU.ETORO_234-234)>, priority=0)
2026-06-11T20:05:48.388606102Z [DEBUG] eToro-Momentum-LS.MessageBus: Added Subscription(topic=events.position.MLS_FlashCrashReversalStrategy_DOCU.ETORO_234-234, handler=<bound method Strategy.handle_event of FlashCrashReversalStrategy(MLS_FlashCrashReversalStrategy_DOCU.ETORO_234-234)>, priority=0)
2026-06-11T20:05:48.388608687Z [INFO] eToro-Momentum-LS.ExecEngine: Registered OMS.UNSPECIFIED for Strategy MLS_FlashCrashReversalStrategy_DOCU.ETORO_234-234
2026-06-11T20:05:48.388609919Z [INFO] eToro-Momentum-LS.eToro-Momentum-LS: Registered Strategy MLS_FlashCrashReversalStrategy_DOCU.ETORO_234-234
2026-06-11T20:05:48.388682374Z [INFO] eToro-Momentum-LS.MLS_FlashCrashReversalStrategy_FSLY.ETORO_235: READY
2026-06-11T20:05:48.388727048Z [DEBUG] eToro-Momentum-LS.MessageBus: Added Subscription(topic=events.order.MLS_FlashCrashReversalStrategy_FSLY.ETORO_235-235, handler=<bound method Strategy.handle_event of FlashCrashReversalStrategy(MLS_FlashCrashReversalStrategy_FSLY.ETORO_235-235)>, priority=0)
2026-06-11T20:05:48.388738890Z [DEBUG] eToro-Momentum-LS.MessageBus: Added Subscription(topic=events.position.MLS_FlashCrashReversalStrategy_FSLY.ETORO_235-235, handler=<bound method Strategy.handle_event of FlashCrashReversalStrategy(MLS_FlashCrashReversalStrategy_FSLY.ETORO_235-235)>, priority=0)
2026-06-11T20:05:48.388741384Z [INFO] eToro-Momentum-LS.ExecEngine: Registered OMS.UNSPECIFIED for Strategy MLS_FlashCrashReversalStrategy_FSLY.ETORO_235-235
2026-06-11T20:05:48.388742587Z [INFO] eToro-Momentum-LS.eToro-Momentum-LS: Registered Strategy MLS_FlashCrashReversalStrategy_FSLY.ETORO_235-235
2026-06-11T20:05:48.388815563Z [INFO] eToro-Momentum-LS.MLS_FlashCrashReversalStrategy_TSEM.ETORO_236: READY
2026-06-11T20:05:48.388861088Z [DEBUG] eToro-Momentum-LS.MessageBus: Added Subscription(topic=events.order.MLS_FlashCrashReversalStrategy_TSEM.ETORO_236-236, handler=<bound method Strategy.handle_event of FlashCrashReversalStrategy(MLS_FlashCrashReversalStrategy_TSEM.ETORO_236-236)>, priority=0)
2026-06-11T20:05:48.388872980Z [DEBUG] eToro-Momentum-LS.MessageBus: Added Subscription(topic=events.position.MLS_FlashCrashReversalStrategy_TSEM.ETORO_236-236, handler=<bound method Strategy.handle_event of FlashCrashReversalStrategy(MLS_FlashCrashReversalStrategy_TSEM.ETORO_236-236)>, priority=0)
2026-06-11T20:05:48.388874894Z [INFO] eToro-Momentum-LS.ExecEngine: Registered OMS.UNSPECIFIED for Strategy MLS_FlashCrashReversalStrategy_TSEM.ETORO_236-236
2026-06-11T20:05:48.388875886Z [INFO] eToro-Momentum-LS.eToro-Momentum-LS: Registered Strategy MLS_FlashCrashReversalStrategy_TSEM.ETORO_236-236
2026-06-11T20:05:48.388990459Z [INFO] eToro-Momentum-LS.MLS_FlashCrashReversalStrategy_AG.ETORO_237: READY
2026-06-11T20:05:48.389037738Z [DEBUG] eToro-Momentum-LS.MessageBus: Added Subscription(topic=events.order.MLS_FlashCrashReversalStrategy_AG.ETORO_237-237, handler=<bound method Strategy.handle_event of FlashCrashReversalStrategy(MLS_FlashCrashReversalStrategy_AG.ETORO_237-237)>, priority=0)
2026-06-11T20:05:48.389165596Z [DEBUG] eToro-Momentum-LS.MessageBus: Added Subscription(topic=events.position.MLS_FlashCrashReversalStrategy_AG.ETORO_237-237, handler=<bound method Strategy.handle_event of FlashCrashReversalStrategy(MLS_FlashCrashReversalStrategy_AG.ETORO_237-237)>, priority=0)
2026-06-11T20:05:48.389171808Z [INFO] eToro-Momentum-LS.ExecEngine: Registered OMS.UNSPECIFIED for Strategy MLS_FlashCrashReversalStrategy_AG.ETORO_237-237
2026-06-11T20:05:48.389173531Z [INFO] eToro-Momentum-LS.eToro-Momentum-LS: Registered Strategy MLS_FlashCrashReversalStrategy_AG.ETORO_237-237
2026-06-11T20:05:48.389298905Z [INFO] eToro-Momentum-LS.MLS_FlashCrashReversalStrategy_XPEV.ETORO_238: READY
2026-06-11T20:05:48.389401457Z [DEBUG] eToro-Momentum-LS.MessageBus: Added Subscription(topic=events.order.MLS_FlashCrashReversalStrategy_XPEV.ETORO_238-238, handler=<bound method Strategy.handle_event of FlashCrashReversalStrategy(MLS_FlashCrashReversalStrategy_XPEV.ETORO_238-238)>, priority=0)
2026-06-11T20:05:48.389413199Z [DEBUG] eToro-Momentum-LS.MessageBus: Added Subscription(topic=events.position.MLS_FlashCrashReversalStrategy_XPEV.ETORO_238-238, handler=<bound method Strategy.handle_event of FlashCrashReversalStrategy(MLS_FlashCrashReversalStrategy_XPEV.ETORO_238-238)>, priority=0)
2026-06-11T20:05:48.389416825Z [INFO] eToro-Momentum-LS.ExecEngine: Registered OMS.UNSPECIFIED for Strategy MLS_FlashCrashReversalStrategy_XPEV.ETORO_238-238
2026-06-11T20:05:48.389418238Z [INFO] eToro-Momentum-LS.eToro-Momentum-LS: Registered Strategy MLS_FlashCrashReversalStrategy_XPEV.ETORO_238-238
2026-06-11T20:05:48.389506894Z [INFO] eToro-Momentum-LS.MLS_FlashCrashReversalStrategy_E.ETORO_239: READY
2026-06-11T20:05:48.389552439Z [DEBUG] eToro-Momentum-LS.MessageBus: Added Subscription(topic=events.order.MLS_FlashCrashReversalStrategy_E.ETORO_239-239, handler=<bound method Strategy.handle_event of FlashCrashReversalStrategy(MLS_FlashCrashReversalStrategy_E.ETORO_239-239)>, priority=0)
2026-06-11T20:05:48.389566565Z [DEBUG] eToro-Momentum-LS.MessageBus: Added Subscription(topic=events.position.MLS_FlashCrashReversalStrategy_E.ETORO_239-239, handler=<bound method Strategy.handle_event of FlashCrashReversalStrategy(MLS_FlashCrashReversalStrategy_E.ETORO_239-239)>, priority=0)
2026-06-11T20:05:48.389569641Z [INFO] eToro-Momentum-LS.ExecEngine: Registered OMS.UNSPECIFIED for Strategy MLS_FlashCrashReversalStrategy_E.ETORO_239-239
2026-06-11T20:05:48.389570913Z [INFO] eToro-Momentum-LS.eToro-Momentum-LS: Registered Strategy MLS_FlashCrashReversalStrategy_E.ETORO_239-239
2026-06-11T20:05:48.389660410Z [INFO] eToro-Momentum-LS.MLS_FlashCrashReversalStrategy_HUT.ETORO_240: READY
2026-06-11T20:05:48.389707268Z [DEBUG] eToro-Momentum-LS.MessageBus: Added Subscription(topic=events.order.MLS_FlashCrashReversalStrategy_HUT.ETORO_240-240, handler=<bound method Strategy.handle_event of FlashCrashReversalStrategy(MLS_FlashCrashReversalStrategy_HUT.ETORO_240-240)>, priority=0)
2026-06-11T20:05:48.389720212Z [DEBUG] eToro-Momentum-LS.MessageBus: Added Subscription(topic=events.position.MLS_FlashCrashReversalStrategy_HUT.ETORO_240-240, handler=<bound method Strategy.handle_event of FlashCrashReversalStrategy(MLS_FlashCrashReversalStrategy_HUT.ETORO_240-240)>, priority=0)
2026-06-11T20:05:48.389722266Z [INFO] eToro-Momentum-LS.ExecEngine: Registered OMS.UNSPECIFIED for Strategy MLS_FlashCrashReversalStrategy_HUT.ETORO_240-240
2026-06-11T20:05:48.389723468Z [INFO] eToro-Momentum-LS.eToro-Momentum-LS: Registered Strategy MLS_FlashCrashReversalStrategy_HUT.ETORO_240-240
2026-06-11T20:05:48.389807184Z [INFO] eToro-Momentum-LS.MLS_FlashCrashReversalStrategy_INSM.ETORO_241: READY
2026-06-11T20:05:48.389854583Z [DEBUG] eToro-Momentum-LS.MessageBus: Added Subscription(topic=events.order.MLS_FlashCrashReversalStrategy_INSM.ETORO_241-241, handler=<bound method Strategy.handle_event of FlashCrashReversalStrategy(MLS_FlashCrashReversalStrategy_INSM.ETORO_241-241)>, priority=0)
2026-06-11T20:05:48.389866455Z [DEBUG] eToro-Momentum-LS.MessageBus: Added Subscription(topic=events.position.MLS_FlashCrashReversalStrategy_INSM.ETORO_241-241, handler=<bound method Strategy.handle_event of FlashCrashReversalStrategy(MLS_FlashCrashReversalStrategy_INSM.ETORO_241-241)>, priority=0)
2026-06-11T20:05:48.389869511Z [INFO] eToro-Momentum-LS.ExecEngine: Registered OMS.UNSPECIFIED for Strategy MLS_FlashCrashReversalStrategy_INSM.ETORO_241-241
2026-06-11T20:05:48.389870673Z [INFO] eToro-Momentum-LS.eToro-Momentum-LS: Registered Strategy MLS_FlashCrashReversalStrategy_INSM.ETORO_241-241
2026-06-11T20:05:48.389958807Z [INFO] eToro-Momentum-LS.MLS_FlashCrashReversalStrategy_INSW.ETORO_242: READY
2026-06-11T20:05:48.390008530Z [DEBUG] eToro-Momentum-LS.MessageBus: Added Subscription(topic=events.order.MLS_FlashCrashReversalStrategy_INSW.ETORO_242-242, handler=<bound method Strategy.handle_event of FlashCrashReversalStrategy(MLS_FlashCrashReversalStrategy_INSW.ETORO_242-242)>, priority=0)
2026-06-11T20:05:48.390021074Z [DEBUG] eToro-Momentum-LS.MessageBus: Added Subscription(topic=events.position.MLS_FlashCrashReversalStrategy_INSW.ETORO_242-242, handler=<bound method Strategy.handle_event of FlashCrashReversalStrategy(MLS_FlashCrashReversalStrategy_INSW.ETORO_242-242)>, priority=0)
2026-06-11T20:05:48.390024169Z [INFO] eToro-Momentum-LS.ExecEngine: Registered OMS.UNSPECIFIED for Strategy MLS_FlashCrashReversalStrategy_INSW.ETORO_242-242
2026-06-11T20:05:48.390025362Z [INFO] eToro-Momentum-LS.eToro-Momentum-LS: Registered Strategy MLS_FlashCrashReversalStrategy_INSW.ETORO_242-242
2026-06-11T20:05:48.390101484Z [INFO] eToro-Momentum-LS.MLS_FlashCrashReversalStrategy_TTMI.ETORO_243: READY
2026-06-11T20:05:48.390150104Z [DEBUG] eToro-Momentum-LS.MessageBus: Added Subscription(topic=events.order.MLS_FlashCrashReversalStrategy_TTMI.ETORO_243-243, handler=<bound method Strategy.handle_event of FlashCrashReversalStrategy(MLS_FlashCrashReversalStrategy_TTMI.ETORO_243-243)>, priority=0)
2026-06-11T20:05:48.390161716Z [DEBUG] eToro-Momentum-LS.MessageBus: Added Subscription(topic=events.position.MLS_FlashCrashReversalStrategy_TTMI.ETORO_243-243, handler=<bound method Strategy.handle_event of FlashCrashReversalStrategy(MLS_FlashCrashReversalStrategy_TTMI.ETORO_243-243)>, priority=0)
2026-06-11T20:05:48.390164682Z [INFO] eToro-Momentum-LS.ExecEngine: Registered OMS.UNSPECIFIED for Strategy MLS_FlashCrashReversalStrategy_TTMI.ETORO_243-243
2026-06-11T20:05:48.390166094Z [INFO] eToro-Momentum-LS.eToro-Momentum-LS: Registered Strategy MLS_FlashCrashReversalStrategy_TTMI.ETORO_243-243
2026-06-11T20:05:48.390206019Z [INFO] eToro-Momentum-LS.TradingNode: Building data client for ETORO_WS_CLIENT
2026-06-11T20:05:48.390228170Z [INFO] eToro-Momentum-LS.InstrumentProvider: READY
2026-06-11T20:05:48.390467176Z [INFO] eToro-Momentum-LS.DataClient-ETORO_WS_CLIENT: READY
2026-06-11T20:05:48.390525786Z [WARN] eToro-Momentum-LS.DataClient-ETORO_WS_CLIENT: eToro ID 1115 nicht in ETORO_INSTRUMENTS gefunden!
2026-06-11T20:05:48.390532047Z [WARN] eToro-Momentum-LS.DataClient-ETORO_WS_CLIENT: eToro ID 8604 nicht in ETORO_INSTRUMENTS gefunden!
2026-06-11T20:05:48.390536866Z [WARN] eToro-Momentum-LS.DataClient-ETORO_WS_CLIENT: eToro ID 4087 nicht in ETORO_INSTRUMENTS gefunden!
2026-06-11T20:05:48.390541485Z [WARN] eToro-Momentum-LS.DataClient-ETORO_WS_CLIENT: eToro ID 5491 nicht in ETORO_INSTRUMENTS gefunden!
2026-06-11T20:05:48.390545062Z [WARN] eToro-Momentum-LS.DataClient-ETORO_WS_CLIENT: eToro ID 6705 nicht in ETORO_INSTRUMENTS gefunden!
2026-06-11T20:05:48.390616345Z [WARN] eToro-Momentum-LS.DataClient-ETORO_WS_CLIENT: eToro ID 10476 nicht in ETORO_INSTRUMENTS gefunden!
2026-06-11T20:05:48.390619240Z [WARN] eToro-Momentum-LS.DataClient-ETORO_WS_CLIENT: eToro ID 7852 nicht in ETORO_INSTRUMENTS gefunden!
2026-06-11T20:05:48.390622176Z [WARN] eToro-Momentum-LS.DataClient-ETORO_WS_CLIENT: eToro ID 7930 nicht in ETORO_INSTRUMENTS gefunden!
2026-06-11T20:05:48.390633046Z [WARN] eToro-Momentum-LS.DataClient-ETORO_WS_CLIENT: eToro ID 6681 nicht in ETORO_INSTRUMENTS gefunden!
2026-06-11T20:05:48.390636042Z [WARN] eToro-Momentum-LS.DataClient-ETORO_WS_CLIENT: eToro ID 5657 nicht in ETORO_INSTRUMENTS gefunden!
2026-06-11T20:05:48.390667080Z [INFO] eToro-Momentum-LS.DataEngine: Registered ETORO_WS_CLIENT
2026-06-11T20:05:48.390685634Z [INFO] eToro-Momentum-LS.TradingNode: Building execution client for ETORO
2026-06-11T20:05:48.462957648Z [INFO] eToro-Momentum-LS.InstrumentProvider: READY
2026-06-11T20:05:48.463021747Z [INFO] eToro-Momentum-LS.ExecClient-ETORO: READY
2026-06-11T20:05:48.463327067Z [INFO] eToro-Momentum-LS.ExecEngine: Registered ExecutionClient-ETORO
2026-06-11T20:05:48.464147229Z [INFO] eToro-Momentum-LS.TradingNode: STARTING
2026-06-11T20:05:48.464180701Z [DEBUG] eToro-Momentum-LS.MLS_FlashCrashReversalStrategy_SMTC.ETORO_0: Registered <concurrent.futures.thread.ThreadPoolExecutor object at 0x71dd684c18e0>
2026-06-11T20:05:48.464187364Z [DEBUG] eToro-Momentum-LS.MLS_FlashCrashReversalStrategy_SMTC.ETORO_1: Registered <concurrent.futures.thread.ThreadPoolExecutor object at 0x71dd684c18e0>
2026-06-11T20:05:48.464193004Z [DEBUG] eToro-Momentum-LS.MLS_FlashCrashReversalStrategy_SMTC.ETORO_2: Registered <concurrent.futures.thread.ThreadPoolExecutor object at 0x71dd684c18e0>
2026-06-11T20:05:48.464205888Z [DEBUG] eToro-Momentum-LS.MLS_FlashCrashReversalStrategy_SMTC.ETORO_3: Registered <concurrent.futures.thread.ThreadPoolExecutor object at 0x71dd684c18e0>
2026-06-11T20:05:48.464210687Z [DEBUG] eToro-Momentum-LS.MLS_FlashCrashReversalStrategy_SMTC.ETORO_4: Registered <concurrent.futures.thread.ThreadPoolExecutor object at 0x71dd684c18e0>
2026-06-11T20:05:48.464216538Z [DEBUG] eToro-Momentum-LS.MLS_FlashCrashReversalStrategy_SMTC.ETORO_5: Registered <concurrent.futures.thread.ThreadPoolExecutor object at 0x71dd684c18e0>
2026-06-11T20:05:48.464222509Z [DEBUG] eToro-Momentum-LS.MLS_FlashCrashReversalStrategy_SMTC.ETORO_6: Registered <concurrent.futures.thread.ThreadPoolExecutor object at 0x71dd684c18e0>
2026-06-11T20:05:48.464229111Z [DEBUG] eToro-Momentum-LS.MLS_FlashCrashReversalStrategy_SEI.US.ETORO_7: Registered <concurrent.futures.thread.ThreadPoolExecutor object at 0x71dd684c18e0>
2026-06-11T20:05:48.464234842Z [DEBUG] eToro-Momentum-LS.MLS_FlashCrashReversalStrategy_SEI.US.ETORO_8: Registered <concurrent.futures.thread.ThreadPoolExecutor object at 0x71dd684c18e0>
2026-06-11T20:05:48.464239060Z [DEBUG] eToro-Momentum-LS.MLS_FlashCrashReversalStrategy_SEI.US.ETORO_9: Registered <concurrent.futures.thread.ThreadPoolExecutor object at 0x71dd684c18e0>
2026-06-11T20:05:48.464246103Z [DEBUG] eToro-Momentum-LS.MLS_FlashCrashReversalStrategy_SEI.US.ETORO_10: Registered <concurrent.futures.thread.ThreadPoolExecutor object at 0x71dd684c18e0>
2026-06-11T20:05:48.464249119Z [DEBUG] eToro-Momentum-LS.MLS_FlashCrashReversalStrategy_SEI.US.ETORO_11: Registered <concurrent.futures.thread.ThreadPoolExecutor object at 0x71dd684c18e0>
2026-06-11T20:05:48.464253898Z [DEBUG] eToro-Momentum-LS.MLS_FlashCrashReversalStrategy_SEI.US.ETORO_12: Registered <concurrent.futures.thread.ThreadPoolExecutor object at 0x71dd684c18e0>
2026-06-11T20:05:48.464259448Z [DEBUG] eToro-Momentum-LS.MLS_FlashCrashReversalStrategy_SEI.US.ETORO_13: Registered <concurrent.futures.thread.ThreadPoolExecutor object at 0x71dd684c18e0>
2026-06-11T20:05:48.464264367Z [DEBUG] eToro-Momentum-LS.MLS_FlashCrashReversalStrategy_SEI.US.ETORO_14: Registered <concurrent.futures.thread.ThreadPoolExecutor object at 0x71dd684c18e0>
2026-06-11T20:05:48.464268695Z [DEBUG] eToro-Momentum-LS.MLS_FlashCrashReversalStrategy_SEI.US.ETORO_15: Registered <concurrent.futures.thread.ThreadPoolExecutor object at 0x71dd684c18e0>
2026-06-11T20:05:48.464272613Z [DEBUG] eToro-Momentum-LS.MLS_FlashCrashReversalStrategy_SEI.US.ETORO_16: Registered <concurrent.futures.thread.ThreadPoolExecutor object at 0x71dd684c18e0>
2026-06-11T20:05:48.464279295Z [DEBUG] eToro-Momentum-LS.MLS_FlashCrashReversalStrategy_SEI.US.ETORO_17: Registered <concurrent.futures.thread.ThreadPoolExecutor object at 0x71dd684c18e0>
2026-06-11T20:05:48.464285637Z [DEBUG] eToro-Momentum-LS.MLS_FlashCrashReversalStrategy_SEI.US.ETORO_18: Registered <concurrent.futures.thread.ThreadPoolExecutor object at 0x71dd684c18e0>
2026-06-11T20:05:48.464289594Z [DEBUG] eToro-Momentum-LS.MLS_FlashCrashReversalStrategy_SEI.US.ETORO_19: Registered <concurrent.futures.thread.ThreadPoolExecutor object at 0x71dd684c18e0>
2026-06-11T20:05:48.464294373Z [DEBUG] eToro-Momentum-LS.MLS_FlashCrashReversalStrategy_SEI.US.ETORO_20: Registered <concurrent.futures.thread.ThreadPoolExecutor object at 0x71dd684c18e0>
2026-06-11T20:05:48.464299884Z [DEBUG] eToro-Momentum-LS.MLS_FlashCrashReversalStrategy_SEI.US.ETORO_21: Registered <concurrent.futures.thread.ThreadPoolExecutor object at 0x71dd684c18e0>
2026-06-11T20:05:48.464413265Z [DEBUG] eToro-Momentum-LS.MLS_FlashCrashReversalStrategy_SEI.US.ETORO_22: Registered <concurrent.futures.thread.ThreadPoolExecutor object at 0x71dd684c18e0>
2026-06-11T20:05:48.464418505Z [DEBUG] eToro-Momentum-LS.MLS_FlashCrashReversalStrategy_SEI.US.ETORO_23: Registered <concurrent.futures.thread.ThreadPoolExecutor object at 0x71dd684c18e0>
2026-06-11T20:05:48.464421972Z [DEBUG] eToro-Momentum-LS.MLS_FlashCrashReversalStrategy_SEI.US.ETORO_24: Registered <concurrent.futures.thread.ThreadPoolExecutor object at 0x71dd684c18e0>
2026-06-11T20:05:48.464425719Z [DEBUG] eToro-Momentum-LS.MLS_FlashCrashReversalStrategy_SEI.US.ETORO_25: Registered <concurrent.futures.thread.ThreadPoolExecutor object at 0x71dd684c18e0>
2026-06-11T20:05:48.464430187Z [DEBUG] eToro-Momentum-LS.MLS_FlashCrashReversalStrategy_SEI.US.ETORO_26: Registered <concurrent.futures.thread.ThreadPoolExecutor object at 0x71dd684c18e0>
2026-06-11T20:05:48.464435116Z [DEBUG] eToro-Momentum-LS.MLS_FlashCrashReversalStrategy_SEI.US.ETORO_27: Registered <concurrent.futures.thread.ThreadPoolExecutor object at 0x71dd684c18e0>
2026-06-11T20:05:48.464439885Z [DEBUG] eToro-Momentum-LS.MLS_FlashCrashReversalStrategy_SEI.US.ETORO_28: Registered <concurrent.futures.thread.ThreadPoolExecutor object at 0x71dd684c18e0>
2026-06-11T20:05:48.464449403Z [DEBUG] eToro-Momentum-LS.MLS_FlashCrashReversalStrategy_SEI.US.ETORO_29: Registered <concurrent.futures.thread.ThreadPoolExecutor object at 0x71dd684c18e0>
2026-06-11T20:05:48.464457107Z [DEBUG] eToro-Momentum-LS.MLS_FlashCrashReversalStrategy_SEI.US.ETORO_30: Registered <concurrent.futures.thread.ThreadPoolExecutor object at 0x71dd684c18e0>
2026-06-11T20:05:48.464463409Z [DEBUG] eToro-Momentum-LS.MLS_FlashCrashReversalStrategy_SEI.US.ETORO_31: Registered <concurrent.futures.thread.ThreadPoolExecutor object at 0x71dd684c18e0>
2026-06-11T20:05:48.464466895Z [DEBUG] eToro-Momentum-LS.MLS_FlashCrashReversalStrategy_SEI.US.ETORO_32: Registered <concurrent.futures.thread.ThreadPoolExecutor object at 0x71dd684c18e0>
2026-06-11T20:05:48.464470893Z [DEBUG] eToro-Momentum-LS.MLS_FlashCrashReversalStrategy_SEI.US.ETORO_33: Registered <concurrent.futures.thread.ThreadPoolExecutor object at 0x71dd684c18e0>
2026-06-11T20:05:48.464475191Z [DEBUG] eToro-Momentum-LS.MLS_FlashCrashReversalStrategy_SEI.US.ETORO_34: Registered <concurrent.futures.thread.ThreadPoolExecutor object at 0x71dd684c18e0>
2026-06-11T20:05:48.464478838Z [DEBUG] eToro-Momentum-LS.MLS_FlashCrashReversalStrategy_SEI.US.ETORO_35: Registered <concurrent.futures.thread.ThreadPoolExecutor object at 0x71dd684c18e0>
2026-06-11T20:05:48.464485520Z [DEBUG] eToro-Momentum-LS.MLS_FlashCrashReversalStrategy_SEI.US.ETORO_36: Registered <concurrent.futures.thread.ThreadPoolExecutor object at 0x71dd684c18e0>
2026-06-11T20:05:48.464487594Z [DEBUG] eToro-Momentum-LS.MLS_FlashCrashReversalStrategy_SEI.US.ETORO_37: Registered <concurrent.futures.thread.ThreadPoolExecutor object at 0x71dd684c18e0>
2026-06-11T20:05:48.464491652Z [DEBUG] eToro-Momentum-LS.MLS_FlashCrashReversalStrategy_SEI.US.ETORO_38: Registered <concurrent.futures.thread.ThreadPoolExecutor object at 0x71dd684c18e0>
2026-06-11T20:05:48.464494918Z [DEBUG] eToro-Momentum-LS.MLS_FlashCrashReversalStrategy_SEI.US.ETORO_39: Registered <concurrent.futures.thread.ThreadPoolExecutor object at 0x71dd684c18e0>
2026-06-11T20:05:48.464498344Z [DEBUG] eToro-Momentum-LS.MLS_FlashCrashReversalStrategy_SEI.US.ETORO_40: Registered <concurrent.futures.thread.ThreadPoolExecutor object at 0x71dd684c18e0>
2026-06-11T20:05:48.464500598Z [DEBUG] eToro-Momentum-LS.MLS_FlashCrashReversalStrategy_SEI.US.ETORO_41: Registered <concurrent.futures.thread.ThreadPoolExecutor object at 0x71dd684c18e0>
2026-06-11T20:05:48.464503474Z [DEBUG] eToro-Momentum-LS.MLS_FlashCrashReversalStrategy_NOK.ETORO_42: Registered <concurrent.futures.thread.ThreadPoolExecutor object at 0x71dd684c18e0>
2026-06-11T20:05:48.464506289Z [DEBUG] eToro-Momentum-LS.MLS_FlashCrashReversalStrategy_NOK.ETORO_43: Registered <concurrent.futures.thread.ThreadPoolExecutor object at 0x71dd684c18e0>
2026-06-11T20:05:48.464509124Z [DEBUG] eToro-Momentum-LS.MLS_FlashCrashReversalStrategy_COHR.ETORO_44: Registered <concurrent.futures.thread.ThreadPoolExecutor object at 0x71dd684c18e0>
2026-06-11T20:05:48.464513362Z [DEBUG] eToro-Momentum-LS.MLS_FlashCrashReversalStrategy_COHR.ETORO_45: Registered <concurrent.futures.thread.ThreadPoolExecutor object at 0x71dd684c18e0>
2026-06-11T20:05:48.464517470Z [DEBUG] eToro-Momentum-LS.MLS_FlashCrashReversalStrategy_COHR.ETORO_46: Registered <concurrent.futures.thread.ThreadPoolExecutor object at 0x71dd684c18e0>
2026-06-11T20:05:48.464521267Z [DEBUG] eToro-Momentum-LS.MLS_FlashCrashReversalStrategy_COHR.ETORO_47: Registered <concurrent.futures.thread.ThreadPoolExecutor object at 0x71dd684c18e0>
2026-06-11T20:05:48.464529031Z [DEBUG] eToro-Momentum-LS.MLS_FlashCrashReversalStrategy_COHR.ETORO_48: Registered <concurrent.futures.thread.ThreadPoolExecutor object at 0x71dd684c18e0>
2026-06-11T20:05:48.464534401Z [DEBUG] eToro-Momentum-LS.MLS_FlashCrashReversalStrategy_COHR.ETORO_49: Registered <concurrent.futures.thread.ThreadPoolExecutor object at 0x71dd684c18e0>
2026-06-11T20:05:48.464538289Z [DEBUG] eToro-Momentum-LS.MLS_FlashCrashReversalStrategy_COHR.ETORO_50: Registered <concurrent.futures.thread.ThreadPoolExecutor object at 0x71dd684c18e0>
2026-06-11T20:05:48.464540583Z [DEBUG] eToro-Momentum-LS.MLS_FlashCrashReversalStrategy_COHR.ETORO_51: Registered <concurrent.futures.thread.ThreadPoolExecutor object at 0x71dd684c18e0>
2026-06-11T20:05:48.464552165Z [DEBUG] eToro-Momentum-LS.MLS_FlashCrashReversalStrategy_COHR.ETORO_52: Registered <concurrent.futures.thread.ThreadPoolExecutor object at 0x71dd684c18e0>
2026-06-11T20:05:48.464559939Z [DEBUG] eToro-Momentum-LS.MLS_FlashCrashReversalStrategy_COHR.ETORO_53: Registered <concurrent.futures.thread.ThreadPoolExecutor object at 0x71dd684c18e0>
2026-06-11T20:05:48.464568265Z [DEBUG] eToro-Momentum-LS.MLS_FlashCrashReversalStrategy_COHR.ETORO_54: Registered <concurrent.futures.thread.ThreadPoolExecutor object at 0x71dd684c18e0>
2026-06-11T20:05:48.464570559Z [DEBUG] eToro-Momentum-LS.MLS_FlashCrashReversalStrategy_LQDA.ETORO_55: Registered <concurrent.futures.thread.ThreadPoolExecutor object at 0x71dd684c18e0>
2026-06-11T20:05:48.464576410Z [DEBUG] eToro-Momentum-LS.MLS_FlashCrashReversalStrategy_LQDA.ETORO_56: Registered <concurrent.futures.thread.ThreadPoolExecutor object at 0x71dd684c18e0>
2026-06-11T20:05:48.464586519Z [DEBUG] eToro-Momentum-LS.MLS_FlashCrashReversalStrategy_LQDA.ETORO_57: Registered <concurrent.futures.thread.ThreadPoolExecutor object at 0x71dd684c18e0>
2026-06-11T20:05:48.464591528Z [DEBUG] eToro-Momentum-LS.MLS_FlashCrashReversalStrategy_LQDA.ETORO_58: Registered <concurrent.futures.thread.ThreadPoolExecutor object at 0x71dd684c18e0>
2026-06-11T20:05:48.464594624Z [DEBUG] eToro-Momentum-LS.MLS_FlashCrashReversalStrategy_LQDA.ETORO_59: Registered <concurrent.futures.thread.ThreadPoolExecutor object at 0x71dd684c18e0>
2026-06-11T20:05:48.464600044Z [DEBUG] eToro-Momentum-LS.MLS_FlashCrashReversalStrategy_LQDA.ETORO_60: Registered <concurrent.futures.thread.ThreadPoolExecutor object at 0x71dd684c18e0>
2026-06-11T20:05:48.464609852Z [DEBUG] eToro-Momentum-LS.MLS_FlashCrashReversalStrategy_LQDA.ETORO_61: Registered <concurrent.futures.thread.ThreadPoolExecutor object at 0x71dd684c18e0>
2026-06-11T20:05:48.464613219Z [DEBUG] eToro-Momentum-LS.MLS_FlashCrashReversalStrategy_LQDA.ETORO_62: Registered <concurrent.futures.thread.ThreadPoolExecutor object at 0x71dd684c18e0>
2026-06-11T20:05:48.464619761Z [DEBUG] eToro-Momentum-LS.MLS_FlashCrashReversalStrategy_LQDA.ETORO_63: Registered <concurrent.futures.thread.ThreadPoolExecutor object at 0x71dd684c18e0>
2026-06-11T20:05:48.464627846Z [DEBUG] eToro-Momentum-LS.MLS_FlashCrashReversalStrategy_LQDA.ETORO_64: Registered <concurrent.futures.thread.ThreadPoolExecutor object at 0x71dd684c18e0>
2026-06-11T20:05:48.464631322Z [DEBUG] eToro-Momentum-LS.MLS_FlashCrashReversalStrategy_LQDA.ETORO_65: Registered <concurrent.futures.thread.ThreadPoolExecutor object at 0x71dd684c18e0>
2026-06-11T20:05:48.464652512Z [DEBUG] eToro-Momentum-LS.MLS_FlashCrashReversalStrategy_LQDA.ETORO_66: Registered <concurrent.futures.thread.ThreadPoolExecutor object at 0x71dd684c18e0>
2026-06-11T20:05:48.464654626Z [DEBUG] eToro-Momentum-LS.MLS_FlashCrashReversalStrategy_LQDA.ETORO_67: Registered <concurrent.futures.thread.ThreadPoolExecutor object at 0x71dd684c18e0>
2026-06-11T20:05:48.464659826Z [DEBUG] eToro-Momentum-LS.MLS_FlashCrashReversalStrategy_LQDA.ETORO_68: Registered <concurrent.futures.thread.ThreadPoolExecutor object at 0x71dd684c18e0>
2026-06-11T20:05:48.464663773Z [DEBUG] eToro-Momentum-LS.MLS_FlashCrashReversalStrategy_LQDA.ETORO_69: Registered <concurrent.futures.thread.ThreadPoolExecutor object at 0x71dd684c18e0>
2026-06-11T20:05:48.464667861Z [DEBUG] eToro-Momentum-LS.MLS_FlashCrashReversalStrategy_LQDA.ETORO_70: Registered <concurrent.futures.thread.ThreadPoolExecutor object at 0x71dd684c18e0>
2026-06-11T20:05:48.464671778Z [DEBUG] eToro-Momentum-LS.MLS_FlashCrashReversalStrategy_LQDA.ETORO_71: Registered <concurrent.futures.thread.ThreadPoolExecutor object at 0x71dd684c18e0>
2026-06-11T20:05:48.464675916Z [DEBUG] eToro-Momentum-LS.MLS_FlashCrashReversalStrategy_LQDA.ETORO_72: Registered <concurrent.futures.thread.ThreadPoolExecutor object at 0x71dd684c18e0>
2026-06-11T20:05:48.464685624Z [DEBUG] eToro-Momentum-LS.MLS_FlashCrashReversalStrategy_LQDA.ETORO_73: Registered <concurrent.futures.thread.ThreadPoolExecutor object at 0x71dd684c18e0>
2026-06-11T20:05:48.464690823Z [DEBUG] eToro-Momentum-LS.MLS_FlashCrashReversalStrategy_FRO.ETORO_74: Registered <concurrent.futures.thread.ThreadPoolExecutor object at 0x71dd684c18e0>
2026-06-11T20:05:48.464701604Z [DEBUG] eToro-Momentum-LS.MLS_FlashCrashReversalStrategy_FRO.ETORO_75: Registered <concurrent.futures.thread.ThreadPoolExecutor object at 0x71dd684c18e0>
2026-06-11T20:05:48.464706122Z [DEBUG] eToro-Momentum-LS.MLS_FlashCrashReversalStrategy_FRO.ETORO_76: Registered <concurrent.futures.thread.ThreadPoolExecutor object at 0x71dd684c18e0>
2026-06-11T20:05:48.464712764Z [DEBUG] eToro-Momentum-LS.MLS_FlashCrashReversalStrategy_FRO.ETORO_77: Registered <concurrent.futures.thread.ThreadPoolExecutor object at 0x71dd684c18e0>
2026-06-11T20:05:48.464733593Z [DEBUG] eToro-Momentum-LS.MLS_FlashCrashReversalStrategy_FRO.ETORO_78: Registered <concurrent.futures.thread.ThreadPoolExecutor object at 0x71dd684c18e0>
2026-06-11T20:05:48.464737400Z [DEBUG] eToro-Momentum-LS.MLS_FlashCrashReversalStrategy_FRO.ETORO_79: Registered <concurrent.futures.thread.ThreadPoolExecutor object at 0x71dd684c18e0>
2026-06-11T20:05:48.464742780Z [DEBUG] eToro-Momentum-LS.MLS_FlashCrashReversalStrategy_FRO.ETORO_80: Registered <concurrent.futures.thread.ThreadPoolExecutor object at 0x71dd684c18e0>
2026-06-11T20:05:48.464752118Z [DEBUG] eToro-Momentum-LS.MLS_FlashCrashReversalStrategy_FRO.ETORO_81: Registered <concurrent.futures.thread.ThreadPoolExecutor object at 0x71dd684c18e0>
2026-06-11T20:05:48.464758370Z [DEBUG] eToro-Momentum-LS.MLS_FlashCrashReversalStrategy_FRO.ETORO_82: Registered <concurrent.futures.thread.ThreadPoolExecutor object at 0x71dd684c18e0>
2026-06-11T20:05:48.464769290Z [DEBUG] eToro-Momentum-LS.MLS_FlashCrashReversalStrategy_FRO.ETORO_83: Registered <concurrent.futures.thread.ThreadPoolExecutor object at 0x71dd684c18e0>
2026-06-11T20:05:48.464774119Z [DEBUG] eToro-Momentum-LS.MLS_FlashCrashReversalStrategy_FRO.ETORO_84: Registered <concurrent.futures.thread.ThreadPoolExecutor object at 0x71dd684c18e0>
2026-06-11T20:05:48.464787354Z [DEBUG] eToro-Momentum-LS.MLS_FlashCrashReversalStrategy_FRO.ETORO_85: Registered <concurrent.futures.thread.ThreadPoolExecutor object at 0x71dd684c18e0>
2026-06-11T20:05:48.464796010Z [DEBUG] eToro-Momentum-LS.MLS_FlashCrashReversalStrategy_KD.ETORO_86: Registered <concurrent.futures.thread.ThreadPoolExecutor object at 0x71dd684c18e0>
2026-06-11T20:05:48.464799897Z [DEBUG] eToro-Momentum-LS.MLS_FlashCrashReversalStrategy_KD.ETORO_87: Registered <concurrent.futures.thread.ThreadPoolExecutor object at 0x71dd684c18e0>
2026-06-11T20:05:48.464803424Z [DEBUG] eToro-Momentum-LS.MLS_FlashCrashReversalStrategy_KD.ETORO_88: Registered <concurrent.futures.thread.ThreadPoolExecutor object at 0x71dd684c18e0>
2026-06-11T20:05:48.464809184Z [DEBUG] eToro-Momentum-LS.MLS_FlashCrashReversalStrategy_KD.ETORO_89: Registered <concurrent.futures.thread.ThreadPoolExecutor object at 0x71dd684c18e0>
2026-06-11T20:05:48.464811579Z [DEBUG] eToro-Momentum-LS.MLS_FlashCrashReversalStrategy_KD.ETORO_90: Registered <concurrent.futures.thread.ThreadPoolExecutor object at 0x71dd684c18e0>
2026-06-11T20:05:48.464816428Z [DEBUG] eToro-Momentum-LS.MLS_FlashCrashReversalStrategy_KD.ETORO_91: Registered <concurrent.futures.thread.ThreadPoolExecutor object at 0x71dd684c18e0>
2026-06-11T20:05:48.464820305Z [DEBUG] eToro-Momentum-LS.MLS_FlashCrashReversalStrategy_KD.ETORO_92: Registered <concurrent.futures.thread.ThreadPoolExecutor object at 0x71dd684c18e0>
2026-06-11T20:05:48.464826176Z [DEBUG] eToro-Momentum-LS.MLS_FlashCrashReversalStrategy_KD.ETORO_93: Registered <concurrent.futures.thread.ThreadPoolExecutor object at 0x71dd684c18e0>
2026-06-11T20:05:48.464831045Z [DEBUG] eToro-Momentum-LS.MLS_FlashCrashReversalStrategy_KD.ETORO_94: Registered <concurrent.futures.thread.ThreadPoolExecutor object at 0x71dd684c18e0>
2026-06-11T20:05:48.464836425Z [DEBUG] eToro-Momentum-LS.MLS_FlashCrashReversalStrategy_MTZ.ETORO_95: Registered <concurrent.futures.thread.ThreadPoolExecutor object at 0x71dd684c18e0>
2026-06-11T20:05:48.464844240Z [DEBUG] eToro-Momentum-LS.MLS_FlashCrashReversalStrategy_MTZ.ETORO_96: Registered <concurrent.futures.thread.ThreadPoolExecutor object at 0x71dd684c18e0>
2026-06-11T20:05:48.464849630Z [DEBUG] eToro-Momentum-LS.MLS_FlashCrashReversalStrategy_MTZ.ETORO_97: Registered <concurrent.futures.thread.ThreadPoolExecutor object at 0x71dd684c18e0>
2026-06-11T20:05:48.464853327Z [DEBUG] eToro-Momentum-LS.MLS_FlashCrashReversalStrategy_MTZ.ETORO_98: Registered <concurrent.futures.thread.ThreadPoolExecutor object at 0x71dd684c18e0>
2026-06-11T20:05:48.464857945Z [DEBUG] eToro-Momentum-LS.MLS_FlashCrashReversalStrategy_MTZ.ETORO_99: Registered <concurrent.futures.thread.ThreadPoolExecutor object at 0x71dd684c18e0>
2026-06-11T20:05:48.464862253Z [DEBUG] eToro-Momentum-LS.MLS_FlashCrashReversalStrategy_MTZ.ETORO_100: Registered <concurrent.futures.thread.ThreadPoolExecutor object at 0x71dd684c18e0>
2026-06-11T20:05:48.464864488Z [DEBUG] eToro-Momentum-LS.MLS_FlashCrashReversalStrategy_MTZ.ETORO_101: Registered <concurrent.futures.thread.ThreadPoolExecutor object at 0x71dd684c18e0>
2026-06-11T20:05:48.464869958Z [DEBUG] eToro-Momentum-LS.MLS_FlashCrashReversalStrategy_MTZ.ETORO_102: Registered <concurrent.futures.thread.ThreadPoolExecutor object at 0x71dd684c18e0>
2026-06-11T20:05:48.464874256Z [DEBUG] eToro-Momentum-LS.MLS_FlashCrashReversalStrategy_MTZ.ETORO_103: Registered <concurrent.futures.thread.ThreadPoolExecutor object at 0x71dd684c18e0>
2026-06-11T20:05:48.464879205Z [DEBUG] eToro-Momentum-LS.MLS_FlashCrashReversalStrategy_MTZ.ETORO_104: Registered <concurrent.futures.thread.ThreadPoolExecutor object at 0x71dd684c18e0>
2026-06-11T20:05:48.464884445Z [DEBUG] eToro-Momentum-LS.MLS_FlashCrashReversalStrategy_MTZ.ETORO_105: Registered <concurrent.futures.thread.ThreadPoolExecutor object at 0x71dd684c18e0>
2026-06-11T20:05:48.464889144Z [DEBUG] eToro-Momentum-LS.MLS_FlashCrashReversalStrategy_MTZ.ETORO_106: Registered <concurrent.futures.thread.ThreadPoolExecutor object at 0x71dd684c18e0>
2026-06-11T20:05:48.464894343Z [DEBUG] eToro-Momentum-LS.MLS_FlashCrashReversalStrategy_MTZ.ETORO_107: Registered <concurrent.futures.thread.ThreadPoolExecutor object at 0x71dd684c18e0>
2026-06-11T20:05:48.464899774Z [DEBUG] eToro-Momentum-LS.MLS_FlashCrashReversalStrategy_MTZ.ETORO_108: Registered <concurrent.futures.thread.ThreadPoolExecutor object at 0x71dd684c18e0>
2026-06-11T20:05:48.464920302Z [DEBUG] eToro-Momentum-LS.MLS_FlashCrashReversalStrategy_MTZ.ETORO_109: Registered <concurrent.futures.thread.ThreadPoolExecutor object at 0x71dd684c18e0>
2026-06-11T20:05:48.464924660Z [DEBUG] eToro-Momentum-LS.MLS_FlashCrashReversalStrategy_MTZ.ETORO_110: Registered <concurrent.futures.thread.ThreadPoolExecutor object at 0x71dd684c18e0>
2026-06-11T20:05:48.464931703Z [DEBUG] eToro-Momentum-LS.MLS_FlashCrashReversalStrategy_MTZ.ETORO_111: Registered <concurrent.futures.thread.ThreadPoolExecutor object at 0x71dd684c18e0>
2026-06-11T20:05:48.464937043Z [DEBUG] eToro-Momentum-LS.MLS_FlashCrashReversalStrategy_AMKR.ETORO_112: Registered <concurrent.futures.thread.ThreadPoolExecutor object at 0x71dd684c18e0>
2026-06-11T20:05:48.464944056Z [DEBUG] eToro-Momentum-LS.MLS_FlashCrashReversalStrategy_AMKR.ETORO_113: Registered <concurrent.futures.thread.ThreadPoolExecutor object at 0x71dd684c18e0>
2026-06-11T20:05:48.464947282Z [DEBUG] eToro-Momentum-LS.MLS_FlashCrashReversalStrategy_AMKR.ETORO_114: Registered <concurrent.futures.thread.ThreadPoolExecutor object at 0x71dd684c18e0>
2026-06-11T20:05:48.464951430Z [DEBUG] eToro-Momentum-LS.MLS_FlashCrashReversalStrategy_AMKR.ETORO_115: Registered <concurrent.futures.thread.ThreadPoolExecutor object at 0x71dd684c18e0>
2026-06-11T20:05:48.464956209Z [DEBUG] eToro-Momentum-LS.MLS_FlashCrashReversalStrategy_AMKR.ETORO_116: Registered <concurrent.futures.thread.ThreadPoolExecutor object at 0x71dd684c18e0>
2026-06-11T20:05:48.464960196Z [DEBUG] eToro-Momentum-LS.MLS_FlashCrashReversalStrategy_AMKR.ETORO_117: Registered <concurrent.futures.thread.ThreadPoolExecutor object at 0x71dd684c18e0>
2026-06-11T20:05:48.464964745Z [DEBUG] eToro-Momentum-LS.MLS_FlashCrashReversalStrategy_AMKR.ETORO_118: Registered <concurrent.futures.thread.ThreadPoolExecutor object at 0x71dd684c18e0>
2026-06-11T20:05:48.464968652Z [DEBUG] eToro-Momentum-LS.MLS_FlashCrashReversalStrategy_AMKR.ETORO_119: Registered <concurrent.futures.thread.ThreadPoolExecutor object at 0x71dd684c18e0>
2026-06-11T20:05:48.464973992Z [DEBUG] eToro-Momentum-LS.MLS_FlashCrashReversalStrategy_AMKR.ETORO_120: Registered <concurrent.futures.thread.ThreadPoolExecutor object at 0x71dd684c18e0>
2026-06-11T20:05:48.464978701Z [DEBUG] eToro-Momentum-LS.MLS_FlashCrashReversalStrategy_AMKR.ETORO_121: Registered <concurrent.futures.thread.ThreadPoolExecutor object at 0x71dd684c18e0>
2026-06-11T20:05:48.464981125Z [DEBUG] eToro-Momentum-LS.MLS_FlashCrashReversalStrategy_SE.ETORO_122: Registered <concurrent.futures.thread.ThreadPoolExecutor object at 0x71dd684c18e0>
2026-06-11T20:05:48.464984842Z [DEBUG] eToro-Momentum-LS.MLS_FlashCrashReversalStrategy_SE.ETORO_123: Registered <concurrent.futures.thread.ThreadPoolExecutor object at 0x71dd684c18e0>
2026-06-11T20:05:48.464988118Z [DEBUG] eToro-Momentum-LS.MLS_FlashCrashReversalStrategy_SE.ETORO_124: Registered <concurrent.futures.thread.ThreadPoolExecutor object at 0x71dd684c18e0>
2026-06-11T20:05:48.464990673Z [DEBUG] eToro-Momentum-LS.MLS_FlashCrashReversalStrategy_SE.ETORO_125: Registered <concurrent.futures.thread.ThreadPoolExecutor object at 0x71dd684c18e0>
2026-06-11T20:05:48.464993438Z [DEBUG] eToro-Momentum-LS.MLS_FlashCrashReversalStrategy_SE.ETORO_126: Registered <concurrent.futures.thread.ThreadPoolExecutor object at 0x71dd684c18e0>
2026-06-11T20:05:48.464998177Z [DEBUG] eToro-Momentum-LS.MLS_FlashCrashReversalStrategy_SE.ETORO_127: Registered <concurrent.futures.thread.ThreadPoolExecutor object at 0x71dd684c18e0>
2026-06-11T20:05:48.465002846Z [DEBUG] eToro-Momentum-LS.MLS_FlashCrashReversalStrategy_SE.ETORO_128: Registered <concurrent.futures.thread.ThreadPoolExecutor object at 0x71dd684c18e0>
2026-06-11T20:05:48.465007715Z [DEBUG] eToro-Momentum-LS.MLS_FlashCrashReversalStrategy_SE.ETORO_129: Registered <concurrent.futures.thread.ThreadPoolExecutor object at 0x71dd684c18e0>
2026-06-11T20:05:48.465013466Z [DEBUG] eToro-Momentum-LS.MLS_FlashCrashReversalStrategy_SQM.ETORO_130: Registered <concurrent.futures.thread.ThreadPoolExecutor object at 0x71dd684c18e0>
2026-06-11T20:05:48.465017443Z [DEBUG] eToro-Momentum-LS.MLS_FlashCrashReversalStrategy_SQM.ETORO_131: Registered <concurrent.futures.thread.ThreadPoolExecutor object at 0x71dd684c18e0>
2026-06-11T20:05:48.465022152Z [DEBUG] eToro-Momentum-LS.MLS_FlashCrashReversalStrategy_SQM.ETORO_132: Registered <concurrent.futures.thread.ThreadPoolExecutor object at 0x71dd684c18e0>
2026-06-11T20:05:48.465027181Z [DEBUG] eToro-Momentum-LS.MLS_FlashCrashReversalStrategy_SQM.ETORO_133: Registered <concurrent.futures.thread.ThreadPoolExecutor object at 0x71dd684c18e0>
2026-06-11T20:05:48.465032351Z [DEBUG] eToro-Momentum-LS.MLS_FlashCrashReversalStrategy_SQM.ETORO_134: Registered <concurrent.futures.thread.ThreadPoolExecutor object at 0x71dd684c18e0>
2026-06-11T20:05:48.465035537Z [DEBUG] eToro-Momentum-LS.MLS_FlashCrashReversalStrategy_SQM.ETORO_135: Registered <concurrent.futures.thread.ThreadPoolExecutor object at 0x71dd684c18e0>
2026-06-11T20:05:48.465041127Z [DEBUG] eToro-Momentum-LS.MLS_FlashCrashReversalStrategy_SQM.ETORO_136: Registered <concurrent.futures.thread.ThreadPoolExecutor object at 0x71dd684c18e0>
2026-06-11T20:05:48.465047439Z [DEBUG] eToro-Momentum-LS.MLS_FlashCrashReversalStrategy_SQM.ETORO_137: Registered <concurrent.futures.thread.ThreadPoolExecutor object at 0x71dd684c18e0>
2026-06-11T20:05:48.465053991Z [DEBUG] eToro-Momentum-LS.MLS_FlashCrashReversalStrategy_SQM.ETORO_138: Registered <concurrent.futures.thread.ThreadPoolExecutor object at 0x71dd684c18e0>
2026-06-11T20:05:48.465058971Z [DEBUG] eToro-Momentum-LS.MLS_FlashCrashReversalStrategy_SQM.ETORO_139: Registered <concurrent.futures.thread.ThreadPoolExecutor object at 0x71dd684c18e0>
2026-06-11T20:05:48.465062898Z [DEBUG] eToro-Momentum-LS.MLS_FlashCrashReversalStrategy_SQM.ETORO_140: Registered <concurrent.futures.thread.ThreadPoolExecutor object at 0x71dd684c18e0>
2026-06-11T20:05:48.465066986Z [DEBUG] eToro-Momentum-LS.MLS_FlashCrashReversalStrategy_SQM.ETORO_141: Registered <concurrent.futures.thread.ThreadPoolExecutor object at 0x71dd684c18e0>
2026-06-11T20:05:48.465072326Z [DEBUG] eToro-Momentum-LS.MLS_FlashCrashReversalStrategy_SQM.ETORO_142: Registered <concurrent.futures.thread.ThreadPoolExecutor object at 0x71dd684c18e0>
2026-06-11T20:05:48.465074800Z [DEBUG] eToro-Momentum-LS.MLS_FlashCrashReversalStrategy_SQM.ETORO_143: Registered <concurrent.futures.thread.ThreadPoolExecutor object at 0x71dd684c18e0>
2026-06-11T20:05:48.465080020Z [DEBUG] eToro-Momentum-LS.MLS_FlashCrashReversalStrategy_SQM.ETORO_144: Registered <concurrent.futures.thread.ThreadPoolExecutor object at 0x71dd684c18e0>
2026-06-11T20:05:48.465084438Z [DEBUG] eToro-Momentum-LS.MLS_FlashCrashReversalStrategy_SQM.ETORO_145: Registered <concurrent.futures.thread.ThreadPoolExecutor object at 0x71dd684c18e0>
2026-06-11T20:05:48.465088826Z [DEBUG] eToro-Momentum-LS.MLS_FlashCrashReversalStrategy_SQM.ETORO_146: Registered <concurrent.futures.thread.ThreadPoolExecutor object at 0x71dd684c18e0>
2026-06-11T20:05:48.465095769Z [DEBUG] eToro-Momentum-LS.MLS_FlashCrashReversalStrategy_SQM.ETORO_147: Registered <concurrent.futures.thread.ThreadPoolExecutor object at 0x71dd684c18e0>
2026-06-11T20:05:48.465104556Z [DEBUG] eToro-Momentum-LS.MLS_FlashCrashReversalStrategy_SQM.ETORO_148: Registered <concurrent.futures.thread.ThreadPoolExecutor object at 0x71dd684c18e0>
2026-06-11T20:05:48.465109475Z [DEBUG] eToro-Momentum-LS.MLS_FlashCrashReversalStrategy_ASX.ETORO_149: Registered <concurrent.futures.thread.ThreadPoolExecutor object at 0x71dd684c18e0>
2026-06-11T20:05:48.465119985Z [DEBUG] eToro-Momentum-LS.MLS_FlashCrashReversalStrategy_ASX.ETORO_150: Registered <concurrent.futures.thread.ThreadPoolExecutor object at 0x71dd684c18e0>
2026-06-11T20:05:48.465124794Z [DEBUG] eToro-Momentum-LS.MLS_FlashCrashReversalStrategy_ASX.ETORO_151: Registered <concurrent.futures.thread.ThreadPoolExecutor object at 0x71dd684c18e0>
2026-06-11T20:05:48.465128731Z [DEBUG] eToro-Momentum-LS.MLS_FlashCrashReversalStrategy_ASX.ETORO_152: Registered <concurrent.futures.thread.ThreadPoolExecutor object at 0x71dd684c18e0>
2026-06-11T20:05:48.465144060Z [DEBUG] eToro-Momentum-LS.MLS_FlashCrashReversalStrategy_MNDY.ETORO_153: Registered <concurrent.futures.thread.ThreadPoolExecutor object at 0x71dd684c18e0>
2026-06-11T20:05:48.465149349Z [DEBUG] eToro-Momentum-LS.MLS_FlashCrashReversalStrategy_MNDY.ETORO_154: Registered <concurrent.futures.thread.ThreadPoolExecutor object at 0x71dd684c18e0>
2026-06-11T20:05:48.465152766Z [DEBUG] eToro-Momentum-LS.MLS_FlashCrashReversalStrategy_MNDY.ETORO_155: Registered <concurrent.futures.thread.ThreadPoolExecutor object at 0x71dd684c18e0>
2026-06-11T20:05:48.465158577Z [DEBUG] eToro-Momentum-LS.MLS_FlashCrashReversalStrategy_MNDY.ETORO_156: Registered <concurrent.futures.thread.ThreadPoolExecutor object at 0x71dd684c18e0>
2026-06-11T20:05:48.465161873Z [DEBUG] eToro-Momentum-LS.MLS_FlashCrashReversalStrategy_MNDY.ETORO_157: Registered <concurrent.futures.thread.ThreadPoolExecutor object at 0x71dd684c18e0>
2026-06-11T20:05:48.465168145Z [DEBUG] eToro-Momentum-LS.MLS_FlashCrashReversalStrategy_MNDY.ETORO_158: Registered <concurrent.futures.thread.ThreadPoolExecutor object at 0x71dd684c18e0>
2026-06-11T20:05:48.465174987Z [DEBUG] eToro-Momentum-LS.MLS_FlashCrashReversalStrategy_MNDY.ETORO_159: Registered <concurrent.futures.thread.ThreadPoolExecutor object at 0x71dd684c18e0>
2026-06-11T20:05:48.465180808Z [DEBUG] eToro-Momentum-LS.MLS_FlashCrashReversalStrategy_ELF.ETORO_160: Registered <concurrent.futures.thread.ThreadPoolExecutor object at 0x71dd684c18e0>
2026-06-11T20:05:48.465187901Z [DEBUG] eToro-Momentum-LS.MLS_FlashCrashReversalStrategy_ELF.ETORO_161: Registered <concurrent.futures.thread.ThreadPoolExecutor object at 0x71dd684c18e0>
2026-06-11T20:05:48.465191759Z [DEBUG] eToro-Momentum-LS.MLS_FlashCrashReversalStrategy_ELF.ETORO_162: Registered <concurrent.futures.thread.ThreadPoolExecutor object at 0x71dd684c18e0>
2026-06-11T20:05:48.465198291Z [DEBUG] eToro-Momentum-LS.MLS_FlashCrashReversalStrategy_ELF.ETORO_163: Registered <concurrent.futures.thread.ThreadPoolExecutor object at 0x71dd684c18e0>
2026-06-11T20:05:48.465203130Z [DEBUG] eToro-Momentum-LS.MLS_FlashCrashReversalStrategy_ELF.ETORO_164: Registered <concurrent.futures.thread.ThreadPoolExecutor object at 0x71dd684c18e0>
2026-06-11T20:05:48.465210614Z [DEBUG] eToro-Momentum-LS.MLS_FlashCrashReversalStrategy_ELF.ETORO_165: Registered <concurrent.futures.thread.ThreadPoolExecutor object at 0x71dd684c18e0>
2026-06-11T20:05:48.465215363Z [DEBUG] eToro-Momentum-LS.MLS_FlashCrashReversalStrategy_VRT.ETORO_166: Registered <concurrent.futures.thread.ThreadPoolExecutor object at 0x71dd684c18e0>
2026-06-11T20:05:48.465220683Z [DEBUG] eToro-Momentum-LS.MLS_FlashCrashReversalStrategy_VRT.ETORO_167: Registered <concurrent.futures.thread.ThreadPoolExecutor object at 0x71dd684c18e0>
2026-06-11T20:05:48.465224059Z [DEBUG] eToro-Momentum-LS.MLS_FlashCrashReversalStrategy_VRT.ETORO_168: Registered <concurrent.futures.thread.ThreadPoolExecutor object at 0x71dd684c18e0>
2026-06-11T20:05:48.465228928Z [DEBUG] eToro-Momentum-LS.MLS_FlashCrashReversalStrategy_VRT.ETORO_169: Registered <concurrent.futures.thread.ThreadPoolExecutor object at 0x71dd684c18e0>
2026-06-11T20:05:48.465232785Z [DEBUG] eToro-Momentum-LS.MLS_FlashCrashReversalStrategy_VRT.ETORO_170: Registered <concurrent.futures.thread.ThreadPoolExecutor object at 0x71dd684c18e0>
2026-06-11T20:05:48.465240379Z [DEBUG] eToro-Momentum-LS.MLS_FlashCrashReversalStrategy_VRT.ETORO_171: Registered <concurrent.futures.thread.ThreadPoolExecutor object at 0x71dd684c18e0>
2026-06-11T20:05:48.465244457Z [DEBUG] eToro-Momentum-LS.MLS_FlashCrashReversalStrategy_VRT.ETORO_172: Registered <concurrent.futures.thread.ThreadPoolExecutor object at 0x71dd684c18e0>
2026-06-11T20:05:48.465251761Z [DEBUG] eToro-Momentum-LS.MLS_FlashCrashReversalStrategy_VRT.ETORO_173: Registered <concurrent.futures.thread.ThreadPoolExecutor object at 0x71dd684c18e0>
2026-06-11T20:05:48.465258824Z [DEBUG] eToro-Momentum-LS.MLS_FlashCrashReversalStrategy_VRT.ETORO_174: Registered <concurrent.futures.thread.ThreadPoolExecutor object at 0x71dd684c18e0>
2026-06-11T20:05:48.465264635Z [DEBUG] eToro-Momentum-LS.MLS_FlashCrashReversalStrategy_CIEN.ETORO_175: Registered <concurrent.futures.thread.ThreadPoolExecutor object at 0x71dd684c18e0>
2026-06-11T20:05:48.465270816Z [DEBUG] eToro-Momentum-LS.MLS_FlashCrashReversalStrategy_CIEN.ETORO_176: Registered <concurrent.futures.thread.ThreadPoolExecutor object at 0x71dd684c18e0>
2026-06-11T20:05:48.465274984Z [DEBUG] eToro-Momentum-LS.MLS_FlashCrashReversalStrategy_CIEN.ETORO_177: Registered <concurrent.futures.thread.ThreadPoolExecutor object at 0x71dd684c18e0>
2026-06-11T20:05:48.465279462Z [DEBUG] eToro-Momentum-LS.MLS_FlashCrashReversalStrategy_CIEN.ETORO_178: Registered <concurrent.futures.thread.ThreadPoolExecutor object at 0x71dd684c18e0>
2026-06-11T20:05:48.465281416Z [DEBUG] eToro-Momentum-LS.MLS_FlashCrashReversalStrategy_CIEN.ETORO_179: Registered <concurrent.futures.thread.ThreadPoolExecutor object at 0x71dd684c18e0>
2026-06-11T20:05:48.465300622Z [DEBUG] eToro-Momentum-LS.MLS_FlashCrashReversalStrategy_CIEN.ETORO_180: Registered <concurrent.futures.thread.ThreadPoolExecutor object at 0x71dd684c18e0>
2026-06-11T20:05:48.465304509Z [DEBUG] eToro-Momentum-LS.MLS_FlashCrashReversalStrategy_POWL.ETORO_181: Registered <concurrent.futures.thread.ThreadPoolExecutor object at 0x71dd684c18e0>
2026-06-11T20:05:48.465314287Z [DEBUG] eToro-Momentum-LS.MLS_FlashCrashReversalStrategy_POWL.ETORO_182: Registered <concurrent.futures.thread.ThreadPoolExecutor object at 0x71dd684c18e0>
2026-06-11T20:05:48.465318285Z [DEBUG] eToro-Momentum-LS.MLS_FlashCrashReversalStrategy_POWL.ETORO_183: Registered <concurrent.futures.thread.ThreadPoolExecutor object at 0x71dd684c18e0>
2026-06-11T20:05:48.465322954Z [DEBUG] eToro-Momentum-LS.MLS_FlashCrashReversalStrategy_POWL.ETORO_184: Registered <concurrent.futures.thread.ThreadPoolExecutor object at 0x71dd684c18e0>
2026-06-11T20:05:48.465332241Z [DEBUG] eToro-Momentum-LS.MLS_FlashCrashReversalStrategy_POWL.ETORO_185: Registered <concurrent.futures.thread.ThreadPoolExecutor object at 0x71dd684c18e0>
2026-06-11T20:05:48.465335958Z [DEBUG] eToro-Momentum-LS.MLS_FlashCrashReversalStrategy_POWL.ETORO_186: Registered <concurrent.futures.thread.ThreadPoolExecutor object at 0x71dd684c18e0>
2026-06-11T20:05:48.465343943Z [DEBUG] eToro-Momentum-LS.MLS_FlashCrashReversalStrategy_POWL.ETORO_187: Registered <concurrent.futures.thread.ThreadPoolExecutor object at 0x71dd684c18e0>
2026-06-11T20:05:48.465375522Z [DEBUG] eToro-Momentum-LS.MLS_FlashCrashReversalStrategy_POWL.ETORO_188: Registered <concurrent.futures.thread.ThreadPoolExecutor object at 0x71dd684c18e0>
2026-06-11T20:05:48.465382505Z [DEBUG] eToro-Momentum-LS.MLS_FlashCrashReversalStrategy_POWL.ETORO_189: Registered <concurrent.futures.thread.ThreadPoolExecutor object at 0x71dd684c18e0>
2026-06-11T20:05:48.465387885Z [DEBUG] eToro-Momentum-LS.MLS_FlashCrashReversalStrategy_POWL.ETORO_190: Registered <concurrent.futures.thread.ThreadPoolExecutor object at 0x71dd684c18e0>
2026-06-11T20:05:48.465392764Z [DEBUG] eToro-Momentum-LS.MLS_FlashCrashReversalStrategy_PBR.ETORO_191: Registered <concurrent.futures.thread.ThreadPoolExecutor object at 0x71dd684c18e0>
2026-06-11T20:05:48.465398074Z [DEBUG] eToro-Momentum-LS.MLS_FlashCrashReversalStrategy_PBR.ETORO_192: Registered <concurrent.futures.thread.ThreadPoolExecutor object at 0x71dd684c18e0>
2026-06-11T20:05:48.465403374Z [DEBUG] eToro-Momentum-LS.MLS_FlashCrashReversalStrategy_PBR.ETORO_193: Registered <concurrent.futures.thread.ThreadPoolExecutor object at 0x71dd684c18e0>
2026-06-11T20:05:48.465408393Z [DEBUG] eToro-Momentum-LS.MLS_FlashCrashReversalStrategy_PBR.ETORO_194: Registered <concurrent.futures.thread.ThreadPoolExecutor object at 0x71dd684c18e0>
2026-06-11T20:05:48.465412481Z [DEBUG] eToro-Momentum-LS.MLS_FlashCrashReversalStrategy_PBR.ETORO_195: Registered <concurrent.futures.thread.ThreadPoolExecutor object at 0x71dd684c18e0>
2026-06-11T20:05:48.465415486Z [DEBUG] eToro-Momentum-LS.MLS_FlashCrashReversalStrategy_PINS.ETORO_196: Registered <concurrent.futures.thread.ThreadPoolExecutor object at 0x71dd684c18e0>
2026-06-11T20:05:48.465433971Z [DEBUG] eToro-Momentum-LS.MLS_FlashCrashReversalStrategy_PINS.ETORO_197: Registered <concurrent.futures.thread.ThreadPoolExecutor object at 0x71dd684c18e0>
2026-06-11T20:05:48.465438980Z [DEBUG] eToro-Momentum-LS.MLS_FlashCrashReversalStrategy_PINS.ETORO_198: Registered <concurrent.futures.thread.ThreadPoolExecutor object at 0x71dd684c18e0>
2026-06-11T20:05:48.465444300Z [DEBUG] eToro-Momentum-LS.MLS_FlashCrashReversalStrategy_PINS.ETORO_199: Registered <concurrent.futures.thread.ThreadPoolExecutor object at 0x71dd684c18e0>
2026-06-11T20:05:48.465446655Z [DEBUG] eToro-Momentum-LS.MLS_FlashCrashReversalStrategy_PINS.ETORO_200: Registered <concurrent.futures.thread.ThreadPoolExecutor object at 0x71dd684c18e0>
2026-06-11T20:05:48.465452215Z [DEBUG] eToro-Momentum-LS.MLS_FlashCrashReversalStrategy_PINS.ETORO_201: Registered <concurrent.futures.thread.ThreadPoolExecutor object at 0x71dd684c18e0>
2026-06-11T20:05:48.465462845Z [DEBUG] eToro-Momentum-LS.MLS_FlashCrashReversalStrategy_PINS.ETORO_202: Registered <concurrent.futures.thread.ThreadPoolExecutor object at 0x71dd684c18e0>
2026-06-11T20:05:48.465467153Z [DEBUG] eToro-Momentum-LS.MLS_FlashCrashReversalStrategy_PINS.ETORO_203: Registered <concurrent.futures.thread.ThreadPoolExecutor object at 0x71dd684c18e0>
2026-06-11T20:05:48.465475178Z [DEBUG] eToro-Momentum-LS.MLS_FlashCrashReversalStrategy_EEFT.ETORO_204: Registered <concurrent.futures.thread.ThreadPoolExecutor object at 0x71dd684c18e0>
2026-06-11T20:05:48.465480277Z [DEBUG] eToro-Momentum-LS.MLS_FlashCrashReversalStrategy_EEFT.ETORO_205: Registered <concurrent.futures.thread.ThreadPoolExecutor object at 0x71dd684c18e0>
2026-06-11T20:05:48.465485156Z [DEBUG] eToro-Momentum-LS.MLS_FlashCrashReversalStrategy_EEFT.ETORO_206: Registered <concurrent.futures.thread.ThreadPoolExecutor object at 0x71dd684c18e0>
2026-06-11T20:05:48.465489234Z [DEBUG] eToro-Momentum-LS.MLS_FlashCrashReversalStrategy_EEFT.ETORO_207: Registered <concurrent.futures.thread.ThreadPoolExecutor object at 0x71dd684c18e0>
2026-06-11T20:05:48.465494494Z [DEBUG] eToro-Momentum-LS.MLS_FlashCrashReversalStrategy_EEFT.ETORO_208: Registered <concurrent.futures.thread.ThreadPoolExecutor object at 0x71dd684c18e0>
2026-06-11T20:05:48.465501096Z [DEBUG] eToro-Momentum-LS.MLS_FlashCrashReversalStrategy_EEFT.ETORO_209: Registered <concurrent.futures.thread.ThreadPoolExecutor object at 0x71dd684c18e0>
2026-06-11T20:05:48.465504853Z [DEBUG] eToro-Momentum-LS.MLS_FlashCrashReversalStrategy_EEFT.ETORO_210: Registered <concurrent.futures.thread.ThreadPoolExecutor object at 0x71dd684c18e0>
2026-06-11T20:05:48.465507117Z [DEBUG] eToro-Momentum-LS.MLS_FlashCrashReversalStrategy_EEFT.ETORO_211: Registered <concurrent.futures.thread.ThreadPoolExecutor object at 0x71dd684c18e0>
2026-06-11T20:05:48.465510243Z [DEBUG] eToro-Momentum-LS.MLS_FlashCrashReversalStrategy_EEFT.ETORO_212: Registered <concurrent.futures.thread.ThreadPoolExecutor object at 0x71dd684c18e0>
2026-06-11T20:05:48.465520983Z [DEBUG] eToro-Momentum-LS.MLS_FlashCrashReversalStrategy_EEFT.ETORO_213: Registered <concurrent.futures.thread.ThreadPoolExecutor object at 0x71dd684c18e0>
2026-06-11T20:05:48.465529549Z [DEBUG] eToro-Momentum-LS.MLS_FlashCrashReversalStrategy_EEFT.ETORO_214: Registered <concurrent.futures.thread.ThreadPoolExecutor object at 0x71dd684c18e0>
2026-06-11T20:05:48.465532435Z [DEBUG] eToro-Momentum-LS.MLS_FlashCrashReversalStrategy_EEFT.ETORO_215: Registered <concurrent.futures.thread.ThreadPoolExecutor object at 0x71dd684c18e0>
2026-06-11T20:05:48.465538165Z [DEBUG] eToro-Momentum-LS.MLS_FlashCrashReversalStrategy_EEFT.ETORO_216: Registered <concurrent.futures.thread.ThreadPoolExecutor object at 0x71dd684c18e0>
2026-06-11T20:05:48.465541091Z [DEBUG] eToro-Momentum-LS.MLS_FlashCrashReversalStrategy_JAZZ.ETORO_217: Registered <concurrent.futures.thread.ThreadPoolExecutor object at 0x71dd684c18e0>
2026-06-11T20:05:48.465546942Z [DEBUG] eToro-Momentum-LS.MLS_FlashCrashReversalStrategy_JAZZ.ETORO_218: Registered <concurrent.futures.thread.ThreadPoolExecutor object at 0x71dd684c18e0>
2026-06-11T20:05:48.465552222Z [DEBUG] eToro-Momentum-LS.MLS_FlashCrashReversalStrategy_JAZZ.ETORO_219: Registered <concurrent.futures.thread.ThreadPoolExecutor object at 0x71dd684c18e0>
2026-06-11T20:05:48.465556610Z [DEBUG] eToro-Momentum-LS.MLS_FlashCrashReversalStrategy_JAZZ.ETORO_220: Registered <concurrent.futures.thread.ThreadPoolExecutor object at 0x71dd684c18e0>
2026-06-11T20:05:48.465562120Z [DEBUG] eToro-Momentum-LS.MLS_FlashCrashReversalStrategy_JAZZ.ETORO_221: Registered <concurrent.futures.thread.ThreadPoolExecutor object at 0x71dd684c18e0>
2026-06-11T20:05:48.465567640Z [DEBUG] eToro-Momentum-LS.MLS_FlashCrashReversalStrategy_JAZZ.ETORO_222: Registered <concurrent.futures.thread.ThreadPoolExecutor object at 0x71dd684c18e0>
2026-06-11T20:05:48.465576026Z [DEBUG] eToro-Momentum-LS.MLS_FlashCrashReversalStrategy_JAZZ.ETORO_223: Registered <concurrent.futures.thread.ThreadPoolExecutor object at 0x71dd684c18e0>
2026-06-11T20:05:48.465580725Z [DEBUG] eToro-Momentum-LS.MLS_FlashCrashReversalStrategy_JAZZ.ETORO_224: Registered <concurrent.futures.thread.ThreadPoolExecutor object at 0x71dd684c18e0>
2026-06-11T20:05:48.465585634Z [DEBUG] eToro-Momentum-LS.MLS_FlashCrashReversalStrategy_JAZZ.ETORO_225: Registered <concurrent.futures.thread.ThreadPoolExecutor object at 0x71dd684c18e0>
2026-06-11T20:05:48.465587938Z [DEBUG] eToro-Momentum-LS.MLS_FlashCrashReversalStrategy_JAZZ.ETORO_226: Registered <concurrent.futures.thread.ThreadPoolExecutor object at 0x71dd684c18e0>
2026-06-11T20:05:48.465593328Z [DEBUG] eToro-Momentum-LS.MLS_FlashCrashReversalStrategy_JAZZ.ETORO_227: Registered <concurrent.futures.thread.ThreadPoolExecutor object at 0x71dd684c18e0>
2026-06-11T20:05:48.465598498Z [DEBUG] eToro-Momentum-LS.MLS_FlashCrashReversalStrategy_JAZZ.ETORO_228: Registered <concurrent.futures.thread.ThreadPoolExecutor object at 0x71dd684c18e0>
2026-06-11T20:05:48.465602305Z [DEBUG] eToro-Momentum-LS.MLS_FlashCrashReversalStrategy_JAZZ.ETORO_229: Registered <concurrent.futures.thread.ThreadPoolExecutor object at 0x71dd684c18e0>
2026-06-11T20:05:48.465606202Z [DEBUG] eToro-Momentum-LS.MLS_FlashCrashReversalStrategy_JAZZ.ETORO_230: Registered <concurrent.futures.thread.ThreadPoolExecutor object at 0x71dd684c18e0>
2026-06-11T20:05:48.465610100Z [DEBUG] eToro-Momentum-LS.MLS_FlashCrashReversalStrategy_JAZZ.ETORO_231: Registered <concurrent.futures.thread.ThreadPoolExecutor object at 0x71dd684c18e0>
2026-06-11T20:05:48.465614087Z [DEBUG] eToro-Momentum-LS.MLS_FlashCrashReversalStrategy_RHM.DE.ETORO_232: Registered <concurrent.futures.thread.ThreadPoolExecutor object at 0x71dd684c18e0>
2026-06-11T20:05:48.465618235Z [DEBUG] eToro-Momentum-LS.MLS_FlashCrashReversalStrategy_PALL.ETORO_233: Registered <concurrent.futures.thread.ThreadPoolExecutor object at 0x71dd684c18e0>
2026-06-11T20:05:48.465623705Z [DEBUG] eToro-Momentum-LS.MLS_FlashCrashReversalStrategy_DOCU.ETORO_234: Registered <concurrent.futures.thread.ThreadPoolExecutor object at 0x71dd684c18e0>
2026-06-11T20:05:48.465628945Z [DEBUG] eToro-Momentum-LS.MLS_FlashCrashReversalStrategy_FSLY.ETORO_235: Registered <concurrent.futures.thread.ThreadPoolExecutor object at 0x71dd684c18e0>
2026-06-11T20:05:48.465631981Z [DEBUG] eToro-Momentum-LS.MLS_FlashCrashReversalStrategy_TSEM.ETORO_236: Registered <concurrent.futures.thread.ThreadPoolExecutor object at 0x71dd684c18e0>
2026-06-11T20:05:48.465640526Z [DEBUG] eToro-Momentum-LS.MLS_FlashCrashReversalStrategy_AG.ETORO_237: Registered <concurrent.futures.thread.ThreadPoolExecutor object at 0x71dd684c18e0>
2026-06-11T20:05:48.465645205Z [DEBUG] eToro-Momentum-LS.MLS_FlashCrashReversalStrategy_XPEV.ETORO_238: Registered <concurrent.futures.thread.ThreadPoolExecutor object at 0x71dd684c18e0>
2026-06-11T20:05:48.465649253Z [DEBUG] eToro-Momentum-LS.MLS_FlashCrashReversalStrategy_E.ETORO_239: Registered <concurrent.futures.thread.ThreadPoolExecutor object at 0x71dd684c18e0>
2026-06-11T20:05:48.465654673Z [DEBUG] eToro-Momentum-LS.MLS_FlashCrashReversalStrategy_HUT.ETORO_240: Registered <concurrent.futures.thread.ThreadPoolExecutor object at 0x71dd684c18e0>
2026-06-11T20:05:48.466241278Z [DEBUG] eToro-Momentum-LS.MLS_FlashCrashReversalStrategy_INSM.ETORO_241: Registered <concurrent.futures.thread.ThreadPoolExecutor object at 0x71dd684c18e0>
2026-06-11T20:05:48.466256346Z [DEBUG] eToro-Momentum-LS.MLS_FlashCrashReversalStrategy_INSW.ETORO_242: Registered <concurrent.futures.thread.ThreadPoolExecutor object at 0x71dd684c18e0>
2026-06-11T20:05:48.466265744Z [DEBUG] eToro-Momentum-LS.MLS_FlashCrashReversalStrategy_TTMI.ETORO_243: Registered <concurrent.futures.thread.ThreadPoolExecutor object at 0x71dd684c18e0>
2026-06-11T20:05:48.466277666Z [DEBUG] eToro-Momentum-LS.DataEngine: STARTING
2026-06-11T20:05:48.466283857Z [DEBUG] eToro-Momentum-LS.DataClient-ETORO_WS_CLIENT: STARTING
2026-06-11T20:05:48.466298134Z [INFO] eToro-Momentum-LS.DataClient-ETORO_WS_CLIENT: RUNNING
2026-06-11T20:05:48.466312341Z [DEBUG] eToro-Momentum-LS.DataEngine: Scheduled task 'cmd_queue'
2026-06-11T20:05:48.466313904Z [DEBUG] eToro-Momentum-LS.DataEngine: Scheduled task 'req_queue'
2026-06-11T20:05:48.466314294Z [DEBUG] eToro-Momentum-LS.DataEngine: Scheduled task 'res_queue'
2026-06-11T20:05:48.466314745Z [DEBUG] eToro-Momentum-LS.DataEngine: Scheduled task 'data_queue'
2026-06-11T20:05:48.466318372Z [INFO] eToro-Momentum-LS.DataEngine: RUNNING
2026-06-11T20:05:48.466322590Z [DEBUG] eToro-Momentum-LS.RiskEngine: STARTING
2026-06-11T20:05:48.466328100Z [DEBUG] eToro-Momentum-LS.RiskEngine: Scheduled task 'cmd_queue'
2026-06-11T20:05:48.466329403Z [DEBUG] eToro-Momentum-LS.RiskEngine: Scheduled task 'evt_queue'
2026-06-11T20:05:48.466332809Z [INFO] eToro-Momentum-LS.RiskEngine: RUNNING
2026-06-11T20:05:48.466336786Z [DEBUG] eToro-Momentum-LS.ExecEngine: STARTING
2026-06-11T20:05:48.466339792Z [DEBUG] eToro-Momentum-LS.ExecClient-ETORO: STARTING
2026-06-11T20:05:48.466342717Z [INFO] eToro-Momentum-LS.ExecClient-ETORO: RUNNING
2026-06-11T20:05:48.466350662Z [DEBUG] eToro-Momentum-LS.ExecEngine: Scheduled task 'cmd_queue'
2026-06-11T20:05:48.466352586Z [DEBUG] eToro-Momentum-LS.ExecEngine: Scheduled task 'evt_queue'
2026-06-11T20:05:48.466355631Z [DEBUG] eToro-Momentum-LS.ExecEngine: Scheduled task 'continuous_reconciliation'
2026-06-11T20:05:48.466357585Z [INFO] eToro-Momentum-LS.ExecEngine: Started reconciliation task
2026-06-11T20:05:48.466361522Z [INFO] eToro-Momentum-LS.ExecEngine: RUNNING
2026-06-11T20:05:48.466369267Z [INFO] eToro-Momentum-LS.DataEngine: Connecting all clients...
2026-06-11T20:05:48.466372032Z [INFO] eToro-Momentum-LS.DataClient-ETORO_WS_CLIENT: Connecting...
2026-06-11T20:05:48.466378965Z [DEBUG] eToro-Momentum-LS.DataClient-ETORO_WS_CLIENT: Creating async task '_connect'
2026-06-11T20:05:48.466385137Z [INFO] eToro-Momentum-LS.ExecEngine: Connecting all clients...
2026-06-11T20:05:48.466387962Z [INFO] eToro-Momentum-LS.ExecClient-ETORO: Connecting...
2026-06-11T20:05:48.466390326Z [DEBUG] eToro-Momentum-LS.ExecClient-ETORO: Creating task '_connect'
2026-06-11T20:05:48.466398301Z [INFO] eToro-Momentum-LS.TradingNode: Awaiting engine connections and initializations (120.0s timeout)...
2026-06-11T20:05:48.511013132Z [DEBUG] eToro-Momentum-LS.DataEngine: DataCommand message queue processing starting (qsize=0)
2026-06-11T20:05:48.511046144Z [DEBUG] eToro-Momentum-LS.DataEngine: RequestData message queue processing starting (qsize=0)
2026-06-11T20:05:48.511051564Z [DEBUG] eToro-Momentum-LS.DataEngine: DataResponse message queue processing starting (qsize=0)
2026-06-11T20:05:48.511055521Z [DEBUG] eToro-Momentum-LS.DataEngine: Data queue processing starting (qsize=0)
2026-06-11T20:05:48.511063055Z [DEBUG] eToro-Momentum-LS.RiskEngine: Command message queue processing (qsize=0)
2026-06-11T20:05:48.511069898Z [DEBUG] eToro-Momentum-LS.RiskEngine: Event message queue processing starting (qsize=0)
2026-06-11T20:05:48.511074887Z [DEBUG] eToro-Momentum-LS.ExecEngine: Command message queue processing starting (qsize=0)
2026-06-11T20:05:48.511078354Z [DEBUG] eToro-Momentum-LS.ExecEngine: Event message queue processing starting (qsize=0)
2026-06-11T20:05:48.511115453Z [INFO] eToro-Momentum-LS.ExecEngine: Starting continuous reconciliation with intervals: inflight=2000ms, consistency=Nones, position=Nones
2026-06-11T20:05:48.511121805Z [INFO] eToro-Momentum-LS.ExecEngine: Awaiting startup reconciliation completion before starting continuous checks
2026-06-11T20:05:48.521759665Z [INFO] eToro-Momentum-LS.DataClient-ETORO_WS_CLIENT: WebSocket Verbindungsversuch 1/5 zu wss://ws.etoro.com/ws ...
2026-06-11T20:05:48.743007509Z [DEBUG] eToro-Momentum-LS.ExecClient-ETORO: Creating task 'exec_ws_loop'
2026-06-11T20:05:48.743032135Z [INFO] eToro-Momentum-LS.ExecClient-ETORO: Execution WS connected and authenticated.
2026-06-11T20:05:48.755478471Z [INFO] eToro-Momentum-LS.DataClient-ETORO_WS_CLIENT: WebSocket verbunden. Authentifiziere...
2026-06-11T20:05:48.756250422Z [DEBUG] eToro-Momentum-LS.Cache: Added currency USD
2026-06-11T20:05:48.756256243Z [DEBUG] eToro-Momentum-LS.Cache: Added instrument PINS.ETORO
2026-06-11T20:05:48.756330051Z [INFO] eToro-Momentum-LS.DataClient-ETORO_WS_CLIENT: Instrument registriert: PINS.ETORO [Equity] price_prec=5, size_prec=2
2026-06-11T20:05:48.756351411Z [DEBUG] eToro-Momentum-LS.Cache: Added instrument INSW.ETORO
2026-06-11T20:05:48.756365748Z [INFO] eToro-Momentum-LS.DataClient-ETORO_WS_CLIENT: Instrument registriert: INSW.ETORO [Equity] price_prec=5, size_prec=2
2026-06-11T20:05:48.756374414Z [DEBUG] eToro-Momentum-LS.Cache: Added instrument COHR.ETORO
2026-06-11T20:05:48.756387158Z [INFO] eToro-Momentum-LS.DataClient-ETORO_WS_CLIENT: Instrument registriert: COHR.ETORO [Equity] price_prec=5, size_prec=2
2026-06-11T20:05:48.756393880Z [DEBUG] eToro-Momentum-LS.Cache: Added instrument POWL.ETORO
2026-06-11T20:05:48.756404620Z [INFO] eToro-Momentum-LS.DataClient-ETORO_WS_CLIENT: Instrument registriert: POWL.ETORO [Equity] price_prec=5, size_prec=2
2026-06-11T20:05:48.756411383Z [DEBUG] eToro-Momentum-LS.Cache: Added instrument MTZ.ETORO
2026-06-11T20:05:48.756422964Z [INFO] eToro-Momentum-LS.DataClient-ETORO_WS_CLIENT: Instrument registriert: MTZ.ETORO [Equity] price_prec=5, size_prec=2
2026-06-11T20:05:48.756430288Z [DEBUG] eToro-Momentum-LS.Cache: Added instrument DOCU.ETORO
2026-06-11T20:05:48.756448462Z [INFO] eToro-Momentum-LS.DataClient-ETORO_WS_CLIENT: Instrument registriert: DOCU.ETORO [Equity] price_prec=5, size_prec=2
2026-06-11T20:05:48.756462709Z [DEBUG] eToro-Momentum-LS.Cache: Added instrument PALL.ETORO
2026-06-11T20:05:48.756481824Z [INFO] eToro-Momentum-LS.DataClient-ETORO_WS_CLIENT: Instrument registriert: PALL.ETORO [Equity] price_prec=5, size_prec=5
2026-06-11T20:05:48.756491783Z [DEBUG] eToro-Momentum-LS.Cache: Added instrument SE.ETORO
2026-06-11T20:05:48.756503575Z [INFO] eToro-Momentum-LS.DataClient-ETORO_WS_CLIENT: Instrument registriert: SE.ETORO [Equity] price_prec=5, size_prec=2
2026-06-11T20:05:48.756512892Z [DEBUG] eToro-Momentum-LS.Cache: Added instrument FSLY.ETORO
2026-06-11T20:05:48.756524003Z [INFO] eToro-Momentum-LS.DataClient-ETORO_WS_CLIENT: Instrument registriert: FSLY.ETORO [Equity] price_prec=5, size_prec=2
2026-06-11T20:05:48.756531557Z [DEBUG] eToro-Momentum-LS.Cache: Added instrument SQM.ETORO
2026-06-11T20:05:48.756544351Z [INFO] eToro-Momentum-LS.DataClient-ETORO_WS_CLIENT: Instrument registriert: SQM.ETORO [Equity] price_prec=5, size_prec=2
2026-06-11T20:05:48.756558718Z [DEBUG] eToro-Momentum-LS.Cache: Added instrument RHM.DE.ETORO
2026-06-11T20:05:48.756571622Z [INFO] eToro-Momentum-LS.DataClient-ETORO_WS_CLIENT: Instrument registriert: RHM.DE.ETORO [Equity] price_prec=5, size_prec=2
2026-06-11T20:05:48.756578645Z [DEBUG] eToro-Momentum-LS.Cache: Added instrument VRT.ETORO
2026-06-11T20:05:48.756590046Z [INFO] eToro-Momentum-LS.DataClient-ETORO_WS_CLIENT: Instrument registriert: VRT.ETORO [Equity] price_prec=5, size_prec=2
2026-06-11T20:05:48.756597851Z [DEBUG] eToro-Momentum-LS.Cache: Added instrument CIEN.ETORO
2026-06-11T20:05:48.756609994Z [INFO] eToro-Momentum-LS.DataClient-ETORO_WS_CLIENT: Instrument registriert: CIEN.ETORO [Equity] price_prec=5, size_prec=2
2026-06-11T20:05:48.756623519Z [DEBUG] eToro-Momentum-LS.Cache: Added instrument TTMI.ETORO
2026-06-11T20:05:48.756636022Z [INFO] eToro-Momentum-LS.DataClient-ETORO_WS_CLIENT: Instrument registriert: TTMI.ETORO [Equity] price_prec=5, size_prec=2
2026-06-11T20:05:48.756642244Z [DEBUG] eToro-Momentum-LS.Cache: Added instrument PBR.ETORO
2026-06-11T20:05:48.756655579Z [INFO] eToro-Momentum-LS.DataClient-ETORO_WS_CLIENT: Instrument registriert: PBR.ETORO [Equity] price_prec=5, size_prec=2
2026-06-11T20:05:48.756668132Z [DEBUG] eToro-Momentum-LS.Cache: Added instrument E.ETORO
2026-06-11T20:05:48.756680736Z [INFO] eToro-Momentum-LS.DataClient-ETORO_WS_CLIENT: Instrument registriert: E.ETORO [Equity] price_prec=5, size_prec=2
2026-06-11T20:05:48.756687158Z [DEBUG] eToro-Momentum-LS.Cache: Added instrument TSEM.ETORO
2026-06-11T20:05:48.756702667Z [INFO] eToro-Momentum-LS.DataClient-ETORO_WS_CLIENT: Instrument registriert: TSEM.ETORO [Equity] price_prec=5, size_prec=2
2026-06-11T20:05:48.756711864Z [DEBUG] eToro-Momentum-LS.Cache: Added instrument HUT.ETORO
2026-06-11T20:05:48.756722975Z [INFO] eToro-Momentum-LS.DataClient-ETORO_WS_CLIENT: Instrument registriert: HUT.ETORO [Equity] price_prec=5, size_prec=2
2026-06-11T20:05:48.756729677Z [DEBUG] eToro-Momentum-LS.Cache: Added instrument EEFT.ETORO
2026-06-11T20:05:48.756743573Z [INFO] eToro-Momentum-LS.DataClient-ETORO_WS_CLIENT: Instrument registriert: EEFT.ETORO [Equity] price_prec=5, size_prec=2
2026-06-11T20:05:48.756749173Z [DEBUG] eToro-Momentum-LS.Cache: Added instrument XPEV.ETORO
2026-06-11T20:05:48.756761797Z [INFO] eToro-Momentum-LS.DataClient-ETORO_WS_CLIENT: Instrument registriert: XPEV.ETORO [Equity] price_prec=5, size_prec=2
2026-06-11T20:05:48.756768169Z [DEBUG] eToro-Momentum-LS.Cache: Added instrument AG.ETORO
2026-06-11T20:05:48.756781143Z [INFO] eToro-Momentum-LS.DataClient-ETORO_WS_CLIENT: Instrument registriert: AG.ETORO [Equity] price_prec=5, size_prec=2
2026-06-11T20:05:48.756792314Z [DEBUG] eToro-Momentum-LS.Cache: Added instrument MNDY.ETORO
2026-06-11T20:05:48.756803104Z [INFO] eToro-Momentum-LS.DataClient-ETORO_WS_CLIENT: Instrument registriert: MNDY.ETORO [Equity] price_prec=5, size_prec=2
2026-06-11T20:05:48.756809616Z [DEBUG] eToro-Momentum-LS.Cache: Added instrument INSM.ETORO
2026-06-11T20:05:48.756820677Z [INFO] eToro-Momentum-LS.DataClient-ETORO_WS_CLIENT: Instrument registriert: INSM.ETORO [Equity] price_prec=5, size_prec=2
2026-06-11T20:05:48.808042111Z [INFO] eToro-Momentum-LS.DataClient-ETORO_WS_CLIENT: Auth-Antwort: {'id': '70560601-b8be-412f-b948-bad29bae6acc', 'success': True, 'operation': 'Authenticate'}
2026-06-11T20:05:48.808126910Z [INFO] eToro-Momentum-LS.DataClient-ETORO_WS_CLIENT: Abonniert: ['instrument:1184', 'instrument:9517', 'instrument:6094', 'instrument:9814', 'instrument:1905', 'instrument:4398', 'instrument:3208', 'instrument:5960', 'instrument:5045', 'instrument:6940', 'instrument:2587', 'instrument:8867', 'instrument:4421', 'instrument:9803', 'instrument:1102', 'instrument:8638', 'instrument:6552', 'instrument:8671', 'instrument:5635', 'instrument:6700', 'instrument:6584', 'instrument:9271', 'instrument:9119']
2026-06-11T20:05:48.808133342Z [DEBUG] eToro-Momentum-LS.DataClient-ETORO_WS_CLIENT: Creating async task 'message_loop'
2026-06-11T20:05:48.808183576Z [DEBUG] eToro-Momentum-LS.DataClient-ETORO_WS_CLIENT: Coroutine '_connect' completed
2026-06-11T20:05:48.808188144Z [INFO] eToro-Momentum-LS.DataClient-ETORO_WS_CLIENT: Connected
2026-06-11T20:05:48.876485187Z [INFO] eToro-Momentum-LS.DataClient-ETORO_WS_CLIENT: Snapshot PINS.ETORO: MarketOpen=True, AllowBuy=True
2026-06-11T20:05:48.877158013Z [INFO] eToro-Momentum-LS.DataClient-ETORO_WS_CLIENT: Snapshot INSW.ETORO: MarketOpen=True, AllowBuy=True
2026-06-11T20:05:48.877184392Z [INFO] eToro-Momentum-LS.DataClient-ETORO_WS_CLIENT: Snapshot COHR.ETORO: MarketOpen=True, AllowBuy=True
2026-06-11T20:05:48.877199430Z [INFO] eToro-Momentum-LS.DataClient-ETORO_WS_CLIENT: Snapshot POWL.ETORO: MarketOpen=True, AllowBuy=True
2026-06-11T20:05:48.877211513Z [INFO] eToro-Momentum-LS.DataClient-ETORO_WS_CLIENT: Snapshot MTZ.ETORO: MarketOpen=True, AllowBuy=True
2026-06-11T20:05:48.877219097Z [INFO] eToro-Momentum-LS.DataClient-ETORO_WS_CLIENT: Snapshot DOCU.ETORO: MarketOpen=True, AllowBuy=True
2026-06-11T20:05:48.877232853Z [INFO] eToro-Momentum-LS.DataClient-ETORO_WS_CLIENT: Snapshot PALL.ETORO: MarketOpen=True, AllowBuy=True
2026-06-11T20:05:48.877241559Z [INFO] eToro-Momentum-LS.DataClient-ETORO_WS_CLIENT: Snapshot SE.ETORO: MarketOpen=True, AllowBuy=True
2026-06-11T20:05:48.877272016Z [INFO] eToro-Momentum-LS.DataClient-ETORO_WS_CLIENT: Snapshot FSLY.ETORO: MarketOpen=True, AllowBuy=True
2026-06-11T20:05:48.877281443Z [INFO] eToro-Momentum-LS.DataClient-ETORO_WS_CLIENT: Snapshot SQM.ETORO: MarketOpen=True, AllowBuy=True
2026-06-11T20:05:48.877293917Z [INFO] eToro-Momentum-LS.DataClient-ETORO_WS_CLIENT: Snapshot RHM.DE.ETORO: MarketOpen=True, AllowBuy=True
2026-06-11T20:05:48.877304977Z [INFO] eToro-Momentum-LS.DataClient-ETORO_WS_CLIENT: Snapshot VRT.ETORO: MarketOpen=True, AllowBuy=True
2026-06-11T20:05:48.877315667Z [INFO] eToro-Momentum-LS.DataClient-ETORO_WS_CLIENT: Snapshot CIEN.ETORO: MarketOpen=True, AllowBuy=True
2026-06-11T20:05:48.877326017Z [INFO] eToro-Momentum-LS.DataClient-ETORO_WS_CLIENT: Snapshot TTMI.ETORO: MarketOpen=True, AllowBuy=True
2026-06-11T20:05:48.877338550Z [INFO] eToro-Momentum-LS.DataClient-ETORO_WS_CLIENT: Snapshot PBR.ETORO: MarketOpen=True, AllowBuy=True
2026-06-11T20:05:48.877348519Z [INFO] eToro-Momentum-LS.DataClient-ETORO_WS_CLIENT: Snapshot E.ETORO: MarketOpen=True, AllowBuy=True
2026-06-11T20:05:48.877364579Z [INFO] eToro-Momentum-LS.DataClient-ETORO_WS_CLIENT: Snapshot TSEM.ETORO: MarketOpen=True, AllowBuy=True
2026-06-11T20:05:48.877377613Z [INFO] eToro-Momentum-LS.DataClient-ETORO_WS_CLIENT: Snapshot HUT.ETORO: MarketOpen=True, AllowBuy=True
2026-06-11T20:05:48.877387552Z [INFO] eToro-Momentum-LS.DataClient-ETORO_WS_CLIENT: Snapshot EEFT.ETORO: MarketOpen=True, AllowBuy=True
2026-06-11T20:05:48.877397951Z [INFO] eToro-Momentum-LS.DataClient-ETORO_WS_CLIENT: Snapshot XPEV.ETORO: MarketOpen=True, AllowBuy=True
2026-06-11T20:05:48.877413801Z [INFO] eToro-Momentum-LS.DataClient-ETORO_WS_CLIENT: Snapshot AG.ETORO: MarketOpen=True, AllowBuy=True
2026-06-11T20:05:48.877422246Z [INFO] eToro-Momentum-LS.DataClient-ETORO_WS_CLIENT: Snapshot MNDY.ETORO: MarketOpen=True, AllowBuy=True
2026-06-11T20:05:48.877439669Z [INFO] eToro-Momentum-LS.DataClient-ETORO_WS_CLIENT: Snapshot INSM.ETORO: MarketOpen=True, AllowBuy=True
2026-06-11T20:05:49.619821315Z [DEBUG] eToro-Momentum-LS.ExecClient-ETORO: PnL raw keys: ['positions', 'unrealizedPnL', 'mirrors', 'accountCurrencyId', 'credit', 'orders', 'stockOrders', 'entryOrders', 'exitOrders', 'ordersForOpen', 'ordersForClose', 'ordersForCloseMultiple', 'bonusCredit']
2026-06-11T20:05:49.619854557Z [INFO] eToro-Momentum-LS.ExecClient-ETORO: Balance: credit=9979.80, pending=0.00, available=9979.80
2026-06-11T20:05:49.620200362Z [DEBUG] eToro-Momentum-LS.Cache: Added Account(id=ETORO-REAL-001)
2026-06-11T20:05:49.620208337Z [DEBUG] eToro-Momentum-LS.Cache: Indexed AccountId('ETORO-REAL-001')
2026-06-11T20:05:49.620430312Z [INFO] eToro-Momentum-LS.Portfolio: Updated AccountState(account_id=ETORO-REAL-001, account_type=MARGIN, base_currency=USD, is_reported=False, balances=[AccountBalance(total=9_979.80 USD, locked=0.00 USD, free=9_979.80 USD)], margins=[], event_id=aa4a082a-5f8a-4a5d-8202-7142cbbe5e7e)
2026-06-11T20:05:49.620573950Z [INFO] eToro-Momentum-LS.ExecClient-ETORO: Connected
2026-06-11T20:05:49.620603715Z [INFO] eToro-Momentum-LS.TradingNode: Awaiting execution state reconciliation (30.0s timeout)...
2026-06-11T20:05:49.620655232Z [INFO] eToro-Momentum-LS.ExecClient-ETORO: Generating ExecutionMassStatus...
2026-06-11T20:05:49.620743596Z [DEBUG] eToro-Momentum-LS.ExecEngine: <--[RPT] ExecutionMassStatus(client_id=ETORO, account_id=ETORO-REAL-001, venue=ETORO, order_reports={}, fill_reports={}, position_reports={}, report_id=17312aef-2ead-4208-8db1-644a9b61211e, ts_init=1781208349620664629)
2026-06-11T20:05:49.620749317Z [INFO] eToro-Momentum-LS.ExecEngine: Reconciling ExecutionMassStatus for ETORO
2026-06-11T20:05:49.620756831Z [INFO] eToro-Momentum-LS.ExecEngine: Attempting to adjust fills for 0 instruments
2026-06-11T20:05:49.623523556Z [INFO] eToro-Momentum-LS.ExecEngine: Updating adjusted fills for 0 instruments
2026-06-11T20:05:49.623530960Z [INFO] eToro-Momentum-LS.ExecEngine: Final order_reports contains 0 orders, fill_reports contains 0 fills across all instruments
2026-06-11T20:05:49.623644683Z [DEBUG] eToro-Momentum-LS.ExecEngine: Reconciliation state validation passed for 0 order(s)
2026-06-11T20:05:49.623667094Z [INFO] eToro-Momentum-LS.ExecEngine: Reconciliation for ETORO succeeded
2026-06-11T20:05:49.623678626Z [INFO] eToro-Momentum-LS.TradingNode: Execution state reconciled
2026-06-11T20:05:49.623695948Z [DEBUG] eToro-Momentum-LS.OrderEmulator: STARTING
2026-06-11T20:05:49.623701469Z [INFO] eToro-Momentum-LS.OrderEmulator: No emulated orders to reactivate
2026-06-11T20:05:49.623729761Z [INFO] eToro-Momentum-LS.OrderEmulator: RUNNING
2026-06-11T20:05:49.623751111Z [INFO] eToro-Momentum-LS.Portfolio: Initialized 0 open orders
2026-06-11T20:05:49.623757884Z [INFO] eToro-Momentum-LS.Portfolio: Initialized 0 open positions
2026-06-11T20:05:49.623766129Z [INFO] eToro-Momentum-LS.TradingNode: Awaiting portfolio initialization (10.0s timeout)...
2026-06-11T20:05:49.623838765Z [INFO] eToro-Momentum-LS.ExecEngine: Startup reconciliation completed
2026-06-11T20:05:49.623843854Z [INFO] eToro-Momentum-LS.ExecEngine: Applying post-reconciliation startup delay (10.0s)
2026-06-11T20:05:49.623868851Z [INFO] eToro-Momentum-LS.TradingNode: Portfolio initialized
2026-06-11T20:05:49.623875213Z [DEBUG] eToro-Momentum-LS.eToro-Momentum-LS: STARTING
2026-06-11T20:05:49.623897945Z [DEBUG] eToro-Momentum-LS.MLS_FlashCrashReversalStrategy_SMTC.ETORO_0: STARTING
2026-06-11T20:05:49.623902824Z [INFO] eToro-Momentum-LS.MLS_FlashCrashReversalStrategy_SMTC.ETORO_0: self.config.oms_type=None
2026-06-11T20:05:49.623912312Z [INFO] eToro-Momentum-LS.MLS_FlashCrashReversalStrategy_SMTC.ETORO_0: self.config.external_order_claims=None
2026-06-11T20:05:49.623913585Z [INFO] eToro-Momentum-LS.MLS_FlashCrashReversalStrategy_SMTC.ETORO_0: self.config.manage_gtd_expiry=False
2026-06-11T20:05:49.623928122Z [INFO] eToro-Momentum-LS.MLS_FlashCrashReversalStrategy_SMTC.ETORO_0: Set ClientOrderIdGenerator client_order_id count to 0
2026-06-11T20:05:49.623929574Z [INFO] eToro-Momentum-LS.MLS_FlashCrashReversalStrategy_SMTC.ETORO_0: Set ClientOrderIdGenerator order_list_id count to 0
2026-06-11T20:05:49.623968337Z [INFO] eToro-Momentum-LS.MLS_FlashCrashReversalStrategy_SMTC.ETORO_0: Starte Flash Crash Reversal auf SMTC.ETORO
2026-06-11T20:05:49.624051262Z [DEBUG] eToro-Momentum-LS.MessageBus: Added Subscription(topic=data.bars.SMTC.ETORO-1-HOUR-MID-INTERNAL, handler=<bound method Actor.handle_bar of FlashCrashReversalStrategy(MLS_FlashCrashReversalStrategy_SMTC.ETORO_0-000)>, priority=0)
2026-06-11T20:05:49.624176616Z [INFO] eToro-Momentum-LS.MLS_FlashCrashReversalStrategy_SMTC.ETORO_0: [CMD]--> SubscribeBars(bar_type=SMTC.ETORO-1-HOUR-MID-INTERNAL, client_id=None, venue=ETORO)
2026-06-11T20:05:49.624234744Z [INFO] eToro-Momentum-LS.MLS_FlashCrashReversalStrategy_SMTC.ETORO_0: RUNNING
2026-06-11T20:05:49.624243420Z [DEBUG] eToro-Momentum-LS.MLS_FlashCrashReversalStrategy_SMTC.ETORO_1: STARTING
2026-06-11T20:05:49.624244502Z [INFO] eToro-Momentum-LS.MLS_FlashCrashReversalStrategy_SMTC.ETORO_1: self.config.oms_type=None
2026-06-11T20:05:49.624245314Z [INFO] eToro-Momentum-LS.MLS_FlashCrashReversalStrategy_SMTC.ETORO_1: self.config.external_order_claims=None
2026-06-11T20:05:49.624246025Z [INFO] eToro-Momentum-LS.MLS_FlashCrashReversalStrategy_SMTC.ETORO_1: self.config.manage_gtd_expiry=False
2026-06-11T20:05:49.624248330Z [INFO] eToro-Momentum-LS.MLS_FlashCrashReversalStrategy_SMTC.ETORO_1: Set ClientOrderIdGenerator client_order_id count to 0
2026-06-11T20:05:49.624248720Z [INFO] eToro-Momentum-LS.MLS_FlashCrashReversalStrategy_SMTC.ETORO_1: Set ClientOrderIdGenerator order_list_id count to 0
2026-06-11T20:05:49.624255353Z [INFO] eToro-Momentum-LS.MLS_FlashCrashReversalStrategy_SMTC.ETORO_1: Starte Flash Crash Reversal auf SMTC.ETORO
2026-06-11T20:05:49.624274468Z [DEBUG] eToro-Momentum-LS.MessageBus: Added Subscription(topic=data.bars.SMTC.ETORO-1-HOUR-MID-INTERNAL, handler=<bound method Actor.handle_bar of FlashCrashReversalStrategy(MLS_FlashCrashReversalStrategy_SMTC.ETORO_1-001)>, priority=0)
2026-06-11T20:05:49.624283976Z [INFO] eToro-Momentum-LS.MLS_FlashCrashReversalStrategy_SMTC.ETORO_1: [CMD]--> SubscribeBars(bar_type=SMTC.ETORO-1-HOUR-MID-INTERNAL, client_id=None, venue=ETORO)
2026-06-11T20:05:49.624303973Z [INFO] eToro-Momentum-LS.MLS_FlashCrashReversalStrategy_SMTC.ETORO_1: RUNNING
2026-06-11T20:05:49.624308612Z [DEBUG] eToro-Momentum-LS.MLS_FlashCrashReversalStrategy_SMTC.ETORO_2: STARTING
2026-06-11T20:05:49.624309524Z [INFO] eToro-Momentum-LS.MLS_FlashCrashReversalStrategy_SMTC.ETORO_2: self.config.oms_type=None
2026-06-11T20:05:49.624309925Z [INFO] eToro-Momentum-LS.MLS_FlashCrashReversalStrategy_SMTC.ETORO_2: self.config.external_order_claims=None
2026-06-11T20:05:49.624310335Z [INFO] eToro-Momentum-LS.MLS_FlashCrashReversalStrategy_SMTC.ETORO_2: self.config.manage_gtd_expiry=False
2026-06-11T20:05:49.624311337Z [INFO] eToro-Momentum-LS.MLS_FlashCrashReversalStrategy_SMTC.ETORO_2: Set ClientOrderIdGenerator client_order_id count to 0
2026-06-11T20:05:49.624311638Z [INFO] eToro-Momentum-LS.MLS_FlashCrashReversalStrategy_SMTC.ETORO_2: Set ClientOrderIdGenerator order_list_id count to 0
2026-06-11T20:05:49.624318260Z [INFO] eToro-Momentum-LS.MLS_FlashCrashReversalStrategy_SMTC.ETORO_2: Starte Flash Crash Reversal auf SMTC.ETORO
2026-06-11T20:05:49.624344429Z [DEBUG] eToro-Momentum-LS.MessageBus: Added Subscription(topic=data.bars.SMTC.ETORO-1-HOUR-MID-INTERNAL, handler=<bound method Actor.handle_bar of FlashCrashReversalStrategy(MLS_FlashCrashReversalStrategy_SMTC.ETORO_2-002)>, priority=0)
2026-06-11T20:05:49.624348757Z [INFO] eToro-Momentum-LS.MLS_FlashCrashReversalStrategy_SMTC.ETORO_2: [CMD]--> SubscribeBars(bar_type=SMTC.ETORO-1-HOUR-MID-INTERNAL, client_id=None, venue=ETORO)
2026-06-11T20:05:49.624380426Z [INFO] eToro-Momentum-LS.MLS_FlashCrashReversalStrategy_SMTC.ETORO_2: RUNNING
2026-06-11T20:05:49.624384023Z [DEBUG] eToro-Momentum-LS.MLS_FlashCrashReversalStrategy_SMTC.ETORO_3: STARTING
2026-06-11T20:05:49.624384724Z [INFO] eToro-Momentum-LS.MLS_FlashCrashReversalStrategy_SMTC.ETORO_3: self.config.oms_type=None
2026-06-11T20:05:49.624384905Z [INFO] eToro-Momentum-LS.MLS_FlashCrashReversalStrategy_SMTC.ETORO_3: self.config.external_order_claims=None
2026-06-11T20:05:49.624385095Z [INFO] eToro-Momentum-LS.MLS_FlashCrashReversalStrategy_SMTC.ETORO_3: self.config.manage_gtd_expiry=False
2026-06-11T20:05:49.624386187Z [INFO] eToro-Momentum-LS.MLS_FlashCrashReversalStrategy_SMTC.ETORO_3: Set ClientOrderIdGenerator client_order_id count to 0
2026-06-11T20:05:49.624391046Z [INFO] eToro-Momentum-LS.MLS_FlashCrashReversalStrategy_SMTC.ETORO_3: Set ClientOrderIdGenerator order_list_id count to 0
2026-06-11T20:05:49.624392970Z [INFO] eToro-Momentum-LS.MLS_FlashCrashReversalStrategy_SMTC.ETORO_3: Starte Flash Crash Reversal auf SMTC.ETORO
2026-06-11T20:05:49.624402718Z [DEBUG] eToro-Momentum-LS.MessageBus: Added Subscription(topic=data.bars.SMTC.ETORO-1-HOUR-MID-INTERNAL, handler=<bound method Actor.handle_bar of FlashCrashReversalStrategy(MLS_FlashCrashReversalStrategy_SMTC.ETORO_3-003)>, priority=0)
2026-06-11T20:05:49.624406495Z [INFO] eToro-Momentum-LS.MLS_FlashCrashReversalStrategy_SMTC.ETORO_3: [CMD]--> SubscribeBars(bar_type=SMTC.ETORO-1-HOUR-MID-INTERNAL, client_id=None, venue=ETORO)
2026-06-11T20:05:49.624431441Z [INFO] eToro-Momentum-LS.MLS_FlashCrashReversalStrategy_SMTC.ETORO_3: RUNNING
2026-06-11T20:05:49.624450026Z [DEBUG] eToro-Momentum-LS.MLS_FlashCrashReversalStrategy_SMTC.ETORO_4: STARTING
2026-06-11T20:05:49.624450717Z [INFO] eToro-Momentum-LS.MLS_FlashCrashReversalStrategy_SMTC.ETORO_4: self.config.oms_type=None
2026-06-11T20:05:49.624450918Z [INFO] eToro-Momentum-LS.MLS_FlashCrashReversalStrategy_SMTC.ETORO_4: self.config.external_order_claims=None
2026-06-11T20:05:49.624451098Z [INFO] eToro-Momentum-LS.MLS_FlashCrashReversalStrategy_SMTC.ETORO_4: self.config.manage_gtd_expiry=False
2026-06-11T20:05:49.624452190Z [INFO] eToro-Momentum-LS.MLS_FlashCrashReversalStrategy_SMTC.ETORO_4: Set ClientOrderIdGenerator client_order_id count to 0
2026-06-11T20:05:49.624452571Z [INFO] eToro-Momentum-LS.MLS_FlashCrashReversalStrategy_SMTC.ETORO_4: Set ClientOrderIdGenerator order_list_id count to 0
2026-06-11T20:05:49.624454464Z [INFO] eToro-Momentum-LS.MLS_FlashCrashReversalStrategy_SMTC.ETORO_4: Starte Flash Crash Reversal auf SMTC.ETORO
2026-06-11T20:05:49.624473831Z [DEBUG] eToro-Momentum-LS.MessageBus: Added Subscription(topic=data.bars.SMTC.ETORO-1-HOUR-MID-INTERNAL, handler=<bound method Actor.handle_bar of FlashCrashReversalStrategy(MLS_FlashCrashReversalStrategy_SMTC.ETORO_4-004)>, priority=0)
2026-06-11T20:05:49.624485432Z [INFO] eToro-Momentum-LS.MLS_FlashCrashReversalStrategy_SMTC.ETORO_4: [CMD]--> SubscribeBars(bar_type=SMTC.ETORO-1-HOUR-MID-INTERNAL, client_id=None, venue=ETORO)
2026-06-11T20:05:49.624504818Z [INFO] eToro-Momentum-LS.MLS_FlashCrashReversalStrategy_SMTC.ETORO_4: RUNNING
2026-06-11T20:05:49.624509607Z [DEBUG] eToro-Momentum-LS.MLS_FlashCrashReversalStrategy_SMTC.ETORO_5: STARTING
2026-06-11T20:05:49.624510329Z [INFO] eToro-Momentum-LS.MLS_FlashCrashReversalStrategy_SMTC.ETORO_5: self.config.oms_type=None
2026-06-11T20:05:49.624510699Z [INFO] eToro-Momentum-LS.MLS_FlashCrashReversalStrategy_SMTC.ETORO_5: self.config.external_order_claims=None
2026-06-11T20:05:49.624510860Z [INFO] eToro-Momentum-LS.MLS_FlashCrashReversalStrategy_SMTC.ETORO_5: self.config.manage_gtd_expiry=False
2026-06-11T20:05:49.624512042Z [INFO] eToro-Momentum-LS.MLS_FlashCrashReversalStrategy_SMTC.ETORO_5: Set ClientOrderIdGenerator client_order_id count to 0
2026-06-11T20:05:49.624512192Z [INFO] eToro-Momentum-LS.MLS_FlashCrashReversalStrategy_SMTC.ETORO_5: Set ClientOrderIdGenerator order_list_id count to 0
2026-06-11T20:05:49.624514667Z [INFO] eToro-Momentum-LS.MLS_FlashCrashReversalStrategy_SMTC.ETORO_5: Starte Flash Crash Reversal auf SMTC.ETORO
2026-06-11T20:05:49.624529414Z [DEBUG] eToro-Momentum-LS.MessageBus: Added Subscription(topic=data.bars.SMTC.ETORO-1-HOUR-MID-INTERNAL, handler=<bound method Actor.handle_bar of FlashCrashReversalStrategy(MLS_FlashCrashReversalStrategy_SMTC.ETORO_5-005)>, priority=0)
2026-06-11T20:05:49.624533592Z [INFO] eToro-Momentum-LS.MLS_FlashCrashReversalStrategy_SMTC.ETORO_5: [CMD]--> SubscribeBars(bar_type=SMTC.ETORO-1-HOUR-MID-INTERNAL, client_id=None, venue=ETORO)
2026-06-11T20:05:49.624554451Z [INFO] eToro-Momentum-LS.MLS_FlashCrashReversalStrategy_SMTC.ETORO_5: RUNNING
2026-06-11T20:05:49.624559180Z [DEBUG] eToro-Momentum-LS.MLS_FlashCrashReversalStrategy_SMTC.ETORO_6: STARTING
2026-06-11T20:05:49.624559851Z [INFO] eToro-Momentum-LS.MLS_FlashCrashReversalStrategy_SMTC.ETORO_6: self.config.oms_type=None
2026-06-11T20:05:49.624560272Z [INFO] eToro-Momentum-LS.MLS_FlashCrashReversalStrategy_SMTC.ETORO_6: self.config.external_order_claims=None
2026-06-11T20:05:49.624560442Z [INFO] eToro-Momentum-LS.MLS_FlashCrashReversalStrategy_SMTC.ETORO_6: self.config.manage_gtd_expiry=False
2026-06-11T20:05:49.624561454Z [INFO] eToro-Momentum-LS.MLS_FlashCrashReversalStrategy_SMTC.ETORO_6: Set ClientOrderIdGenerator client_order_id count to 0
2026-06-11T20:05:49.624561825Z [INFO] eToro-Momentum-LS.MLS_FlashCrashReversalStrategy_SMTC.ETORO_6: Set ClientOrderIdGenerator order_list_id count to 0
2026-06-11T20:05:49.624575651Z [INFO] eToro-Momentum-LS.MLS_FlashCrashReversalStrategy_SMTC.ETORO_6: Starte Flash Crash Reversal auf SMTC.ETORO
2026-06-11T20:05:49.624594706Z [DEBUG] eToro-Momentum-LS.MessageBus: Added Subscription(topic=data.bars.SMTC.ETORO-1-HOUR-MID-INTERNAL, handler=<bound method Actor.handle_bar of FlashCrashReversalStrategy(MLS_FlashCrashReversalStrategy_SMTC.ETORO_6-006)>, priority=0)
2026-06-11T20:05:49.624598814Z [INFO] eToro-Momentum-LS.MLS_FlashCrashReversalStrategy_SMTC.ETORO_6: [CMD]--> SubscribeBars(bar_type=SMTC.ETORO-1-HOUR-MID-INTERNAL, client_id=None, venue=ETORO)
2026-06-11T20:05:49.624621356Z [INFO] eToro-Momentum-LS.MLS_FlashCrashReversalStrategy_SMTC.ETORO_6: RUNNING
2026-06-11T20:05:49.624629471Z [DEBUG] eToro-Momentum-LS.MLS_FlashCrashReversalStrategy_SEI.US.ETORO_7: STARTING
2026-06-11T20:05:49.624630704Z [INFO] eToro-Momentum-LS.MLS_FlashCrashReversalStrategy_SEI.US.ETORO_7: self.config.oms_type=None
2026-06-11T20:05:49.624630894Z [INFO] eToro-Momentum-LS.MLS_FlashCrashReversalStrategy_SEI.US.ETORO_7: self.config.external_order_claims=None
2026-06-11T20:05:49.624631054Z [INFO] eToro-Momentum-LS.MLS_FlashCrashReversalStrategy_SEI.US.ETORO_7: self.config.manage_gtd_expiry=False
2026-06-11T20:05:49.624632126Z [INFO] eToro-Momentum-LS.MLS_FlashCrashReversalStrategy_SEI.US.ETORO_7: Set ClientOrderIdGenerator client_order_id count to 0
2026-06-11T20:05:49.624632276Z [INFO] eToro-Momentum-LS.MLS_FlashCrashReversalStrategy_SEI.US.ETORO_7: Set ClientOrderIdGenerator order_list_id count to 0
2026-06-11T20:05:49.624642686Z [INFO] eToro-Momentum-LS.MLS_FlashCrashReversalStrategy_SEI.US.ETORO_7: Starte Flash Crash Reversal auf SEI.US.ETORO
2026-06-11T20:05:49.624668694Z [DEBUG] eToro-Momentum-LS.MessageBus: Added Subscription(topic=data.bars.SEI.US.ETORO-1-HOUR-MID-INTERNAL, handler=<bound method Actor.handle_bar of FlashCrashReversalStrategy(MLS_FlashCrashReversalStrategy_SEI.US.ETORO_7-007)>, priority=0)
2026-06-11T20:05:49.624672812Z [INFO] eToro-Momentum-LS.MLS_FlashCrashReversalStrategy_SEI.US.ETORO_7: [CMD]--> SubscribeBars(bar_type=SEI.US.ETORO-1-HOUR-MID-INTERNAL, client_id=None, venue=ETORO)
2026-06-11T20:05:49.624693581Z [INFO] eToro-Momentum-LS.MLS_FlashCrashReversalStrategy_SEI.US.ETORO_7: RUNNING
2026-06-11T20:05:49.624698230Z [DEBUG] eToro-Momentum-LS.MLS_FlashCrashReversalStrategy_SEI.US.ETORO_8: STARTING
2026-06-11T20:05:49.624698971Z [INFO] eToro-Momentum-LS.MLS_FlashCrashReversalStrategy_SEI.US.ETORO_8: self.config.oms_type=None
2026-06-11T20:05:49.624699181Z [INFO] eToro-Momentum-LS.MLS_FlashCrashReversalStrategy_SEI.US.ETORO_8: self.config.external_order_claims=None
2026-06-11T20:05:49.624699382Z [INFO] eToro-Momentum-LS.MLS_FlashCrashReversalStrategy_SEI.US.ETORO_8: self.config.manage_gtd_expiry=False
2026-06-11T20:05:49.624700384Z [INFO] eToro-Momentum-LS.MLS_FlashCrashReversalStrategy_SEI.US.ETORO_8: Set ClientOrderIdGenerator client_order_id count to 0
2026-06-11T20:05:49.624700694Z [INFO] eToro-Momentum-LS.MLS_FlashCrashReversalStrategy_SEI.US.ETORO_8: Set ClientOrderIdGenerator order_list_id count to 0
2026-06-11T20:05:49.624703429Z [INFO] eToro-Momentum-LS.MLS_FlashCrashReversalStrategy_SEI.US.ETORO_8: Starte Flash Crash Reversal auf SEI.US.ETORO
2026-06-11T20:05:49.624723196Z [DEBUG] eToro-Momentum-LS.MessageBus: Added Subscription(topic=data.bars.SEI.US.ETORO-1-HOUR-MID-INTERNAL, handler=<bound method Actor.handle_bar of FlashCrashReversalStrategy(MLS_FlashCrashReversalStrategy_SEI.US.ETORO_8-008)>, priority=0)
2026-06-11T20:05:49.624727795Z [INFO] eToro-Momentum-LS.MLS_FlashCrashReversalStrategy_SEI.US.ETORO_8: [CMD]--> SubscribeBars(bar_type=SEI.US.ETORO-1-HOUR-MID-INTERNAL, client_id=None, venue=ETORO)
2026-06-11T20:05:49.624748994Z [INFO] eToro-Momentum-LS.MLS_FlashCrashReversalStrategy_SEI.US.ETORO_8: RUNNING
2026-06-11T20:05:49.624753513Z [DEBUG] eToro-Momentum-LS.MLS_FlashCrashReversalStrategy_SEI.US.ETORO_9: STARTING
2026-06-11T20:05:49.624753733Z [INFO] eToro-Momentum-LS.MLS_FlashCrashReversalStrategy_SEI.US.ETORO_9: self.config.oms_type=None
2026-06-11T20:05:49.624753924Z [INFO] eToro-Momentum-LS.MLS_FlashCrashReversalStrategy_SEI.US.ETORO_9: self.config.external_order_claims=None
2026-06-11T20:05:49.624754094Z [INFO] eToro-Momentum-LS.MLS_FlashCrashReversalStrategy_SEI.US.ETORO_9: self.config.manage_gtd_expiry=False
2026-06-11T20:05:49.624755116Z [INFO] eToro-Momentum-LS.MLS_FlashCrashReversalStrategy_SEI.US.ETORO_9: Set ClientOrderIdGenerator client_order_id count to 0
2026-06-11T20:05:49.624755276Z [INFO] eToro-Momentum-LS.MLS_FlashCrashReversalStrategy_SEI.US.ETORO_9: Set ClientOrderIdGenerator order_list_id count to 0
2026-06-11T20:05:49.624766868Z [INFO] eToro-Momentum-LS.MLS_FlashCrashReversalStrategy_SEI.US.ETORO_9: Starte Flash Crash Reversal auf SEI.US.ETORO
2026-06-11T20:05:49.624783308Z [DEBUG] eToro-Momentum-LS.MessageBus: Added Subscription(topic=data.bars.SEI.US.ETORO-1-HOUR-MID-INTERNAL, handler=<bound method Actor.handle_bar of FlashCrashReversalStrategy(MLS_FlashCrashReversalStrategy_SEI.US.ETORO_9-009)>, priority=0)
2026-06-11T20:05:49.624799158Z [INFO] eToro-Momentum-LS.MLS_FlashCrashReversalStrategy_SEI.US.ETORO_9: [CMD]--> SubscribeBars(bar_type=SEI.US.ETORO-1-HOUR-MID-INTERNAL, client_id=None, venue=ETORO)
2026-06-11T20:05:49.624825387Z [INFO] eToro-Momentum-LS.MLS_FlashCrashReversalStrategy_SEI.US.ETORO_9: RUNNING
2026-06-11T20:05:49.624829565Z [DEBUG] eToro-Momentum-LS.MLS_FlashCrashReversalStrategy_SEI.US.ETORO_10: STARTING
2026-06-11T20:05:49.624830126Z [INFO] eToro-Momentum-LS.MLS_FlashCrashReversalStrategy_SEI.US.ETORO_10: self.config.oms_type=None
2026-06-11T20:05:49.624830306Z [INFO] eToro-Momentum-LS.MLS_FlashCrashReversalStrategy_SEI.US.ETORO_10: self.config.external_order_claims=None
2026-06-11T20:05:49.624830687Z [INFO] eToro-Momentum-LS.MLS_FlashCrashReversalStrategy_SEI.US.ETORO_10: self.config.manage_gtd_expiry=False
2026-06-11T20:05:49.624831689Z [INFO] eToro-Momentum-LS.MLS_FlashCrashReversalStrategy_SEI.US.ETORO_10: Set ClientOrderIdGenerator client_order_id count to 0
2026-06-11T20:05:49.624831829Z [INFO] eToro-Momentum-LS.MLS_FlashCrashReversalStrategy_SEI.US.ETORO_10: Set ClientOrderIdGenerator order_list_id count to 0
2026-06-11T20:05:49.624835506Z [INFO] eToro-Momentum-LS.MLS_FlashCrashReversalStrategy_SEI.US.ETORO_10: Starte Flash Crash Reversal auf SEI.US.ETORO
2026-06-11T20:05:49.624853409Z [DEBUG] eToro-Momentum-LS.MessageBus: Added Subscription(topic=data.bars.SEI.US.ETORO-1-HOUR-MID-INTERNAL, handler=<bound method Actor.handle_bar of FlashCrashReversalStrategy(MLS_FlashCrashReversalStrategy_SEI.US.ETORO_10-010)>, priority=0)
2026-06-11T20:05:49.624868477Z [INFO] eToro-Momentum-LS.MLS_FlashCrashReversalStrategy_SEI.US.ETORO_10: [CMD]--> SubscribeBars(bar_type=SEI.US.ETORO-1-HOUR-MID-INTERNAL, client_id=None, venue=ETORO)
2026-06-11T20:05:49.624893073Z [INFO] eToro-Momentum-LS.MLS_FlashCrashReversalStrategy_SEI.US.ETORO_10: RUNNING
2026-06-11T20:05:49.624896670Z [DEBUG] eToro-Momentum-LS.MLS_FlashCrashReversalStrategy_SEI.US.ETORO_11: STARTING
2026-06-11T20:05:49.624897271Z [INFO] eToro-Momentum-LS.MLS_FlashCrashReversalStrategy_SEI.US.ETORO_11: self.config.oms_type=None
2026-06-11T20:05:49.624897652Z [INFO] eToro-Momentum-LS.MLS_FlashCrashReversalStrategy_SEI.US.ETORO_11: self.config.external_order_claims=None
2026-06-11T20:05:49.624897862Z [INFO] eToro-Momentum-LS.MLS_FlashCrashReversalStrategy_SEI.US.ETORO_11: self.config.manage_gtd_expiry=False
2026-06-11T20:05:49.624898544Z [INFO] eToro-Momentum-LS.MLS_FlashCrashReversalStrategy_SEI.US.ETORO_11: Set ClientOrderIdGenerator client_order_id count to 0
2026-06-11T20:05:49.624898714Z [INFO] eToro-Momentum-LS.MLS_FlashCrashReversalStrategy_SEI.US.ETORO_11: Set ClientOrderIdGenerator order_list_id count to 0
2026-06-11T20:05:49.624901319Z [INFO] eToro-Momentum-LS.MLS_FlashCrashReversalStrategy_SEI.US.ETORO_11: Starte Flash Crash Reversal auf SEI.US.ETORO
2026-06-11T20:05:49.624927067Z [DEBUG] eToro-Momentum-LS.MessageBus: Added Subscription(topic=data.bars.SEI.US.ETORO-1-HOUR-MID-INTERNAL, handler=<bound method Actor.handle_bar of FlashCrashReversalStrategy(MLS_FlashCrashReversalStrategy_SEI.US.ETORO_11-011)>, priority=0)
2026-06-11T20:05:49.624933088Z [INFO] eToro-Momentum-LS.MLS_FlashCrashReversalStrategy_SEI.US.ETORO_11: [CMD]--> SubscribeBars(bar_type=SEI.US.ETORO-1-HOUR-MID-INTERNAL, client_id=None, venue=ETORO)
2026-06-11T20:05:49.624962233Z [INFO] eToro-Momentum-LS.MLS_FlashCrashReversalStrategy_SEI.US.ETORO_11: RUNNING
2026-06-11T20:05:49.624967342Z [DEBUG] eToro-Momentum-LS.MLS_FlashCrashReversalStrategy_SEI.US.ETORO_12: STARTING
2026-06-11T20:05:49.624967783Z [INFO] eToro-Momentum-LS.MLS_FlashCrashReversalStrategy_SEI.US.ETORO_12: self.config.oms_type=None
2026-06-11T20:05:49.624967983Z [INFO] eToro-Momentum-LS.MLS_FlashCrashReversalStrategy_SEI.US.ETORO_12: self.config.external_order_claims=None
2026-06-11T20:05:49.624968354Z [INFO] eToro-Momentum-LS.MLS_FlashCrashReversalStrategy_SEI.US.ETORO_12: self.config.manage_gtd_expiry=False
2026-06-11T20:05:49.624969496Z [INFO] eToro-Momentum-LS.MLS_FlashCrashReversalStrategy_SEI.US.ETORO_12: Set ClientOrderIdGenerator client_order_id count to 0
2026-06-11T20:05:49.624969857Z [INFO] eToro-Momentum-LS.MLS_FlashCrashReversalStrategy_SEI.US.ETORO_12: Set ClientOrderIdGenerator order_list_id count to 0
2026-06-11T20:05:49.624971350Z [INFO] eToro-Momentum-LS.MLS_FlashCrashReversalStrategy_SEI.US.ETORO_12: Starte Flash Crash Reversal auf SEI.US.ETORO
2026-06-11T20:05:49.624998109Z [DEBUG] eToro-Momentum-LS.MessageBus: Added Subscription(topic=data.bars.SEI.US.ETORO-1-HOUR-MID-INTERNAL, handler=<bound method Actor.handle_bar of FlashCrashReversalStrategy(MLS_FlashCrashReversalStrategy_SEI.US.ETORO_12-012)>, priority=0)
2026-06-11T20:05:49.625006455Z [INFO] eToro-Momentum-LS.MLS_FlashCrashReversalStrategy_SEI.US.ETORO_12: [CMD]--> SubscribeBars(bar_type=SEI.US.ETORO-1-HOUR-MID-INTERNAL, client_id=None, venue=ETORO)
2026-06-11T20:05:49.625025400Z [INFO] eToro-Momentum-LS.MLS_FlashCrashReversalStrategy_SEI.US.ETORO_12: RUNNING
2026-06-11T20:05:49.625029478Z [DEBUG] eToro-Momentum-LS.MLS_FlashCrashReversalStrategy_SEI.US.ETORO_13: STARTING
2026-06-11T20:05:49.625030109Z [INFO] eToro-Momentum-LS.MLS_FlashCrashReversalStrategy_SEI.US.ETORO_13: self.config.oms_type=None
2026-06-11T20:05:49.625030760Z [INFO] eToro-Momentum-LS.MLS_FlashCrashReversalStrategy_SEI.US.ETORO_13: self.config.external_order_claims=None
2026-06-11T20:05:49.625030921Z [INFO] eToro-Momentum-LS.MLS_FlashCrashReversalStrategy_SEI.US.ETORO_13: self.config.manage_gtd_expiry=False
2026-06-11T20:05:49.625031572Z [INFO] eToro-Momentum-LS.MLS_FlashCrashReversalStrategy_SEI.US.ETORO_13: Set ClientOrderIdGenerator client_order_id count to 0
2026-06-11T20:05:49.625031933Z [INFO] eToro-Momentum-LS.MLS_FlashCrashReversalStrategy_SEI.US.ETORO_13: Set ClientOrderIdGenerator order_list_id count to 0
2026-06-11T20:05:49.625033636Z [INFO] eToro-Momentum-LS.MLS_FlashCrashReversalStrategy_SEI.US.ETORO_13: Starte Flash Crash Reversal auf SEI.US.ETORO
2026-06-11T20:05:49.625043184Z [DEBUG] eToro-Momentum-LS.MessageBus: Added Subscription(topic=data.bars.SEI.US.ETORO-1-HOUR-MID-INTERNAL, handler=<bound method Actor.handle_bar of FlashCrashReversalStrategy(MLS_FlashCrashReversalStrategy_SEI.US.ETORO_13-013)>, priority=0)
2026-06-11T20:05:49.625048383Z [INFO] eToro-Momentum-LS.MLS_FlashCrashReversalStrategy_SEI.US.ETORO_13: [CMD]--> SubscribeBars(bar_type=SEI.US.ETORO-1-HOUR-MID-INTERNAL, client_id=None, venue=ETORO)
2026-06-11T20:05:49.625067980Z [INFO] eToro-Momentum-LS.MLS_FlashCrashReversalStrategy_SEI.US.ETORO_13: RUNNING
2026-06-11T20:05:49.625071116Z [DEBUG] eToro-Momentum-LS.MLS_FlashCrashReversalStrategy_SEI.US.ETORO_14: STARTING
2026-06-11T20:05:49.625071376Z [INFO] eToro-Momentum-LS.MLS_FlashCrashReversalStrategy_SEI.US.ETORO_14: self.config.oms_type=None
2026-06-11T20:05:49.625071747Z [INFO] eToro-Momentum-LS.MLS_FlashCrashReversalStrategy_SEI.US.ETORO_14: self.config.external_order_claims=None
2026-06-11T20:05:49.625071887Z [INFO] eToro-Momentum-LS.MLS_FlashCrashReversalStrategy_SEI.US.ETORO_14: self.config.manage_gtd_expiry=False
2026-06-11T20:05:49.625073190Z [INFO] eToro-Momentum-LS.MLS_FlashCrashReversalStrategy_SEI.US.ETORO_14: Set ClientOrderIdGenerator client_order_id count to 0
2026-06-11T20:05:49.625073480Z [INFO] eToro-Momentum-LS.MLS_FlashCrashReversalStrategy_SEI.US.ETORO_14: Set ClientOrderIdGenerator order_list_id count to 0
2026-06-11T20:05:49.625077788Z [INFO] eToro-Momentum-LS.MLS_FlashCrashReversalStrategy_SEI.US.ETORO_14: Starte Flash Crash Reversal auf SEI.US.ETORO
2026-06-11T20:05:49.625092225Z [DEBUG] eToro-Momentum-LS.MessageBus: Added Subscription(topic=data.bars.SEI.US.ETORO-1-HOUR-MID-INTERNAL, handler=<bound method Actor.handle_bar of FlashCrashReversalStrategy(MLS_FlashCrashReversalStrategy_SEI.US.ETORO_14-014)>, priority=0)
2026-06-11T20:05:49.625098196Z [INFO] eToro-Momentum-LS.MLS_FlashCrashReversalStrategy_SEI.US.ETORO_14: [CMD]--> SubscribeBars(bar_type=SEI.US.ETORO-1-HOUR-MID-INTERNAL, client_id=None, venue=ETORO)
2026-06-11T20:05:49.625121750Z [INFO] eToro-Momentum-LS.MLS_FlashCrashReversalStrategy_SEI.US.ETORO_14: RUNNING
2026-06-11T20:05:49.625132661Z [DEBUG] eToro-Momentum-LS.MLS_FlashCrashReversalStrategy_SEI.US.ETORO_15: STARTING
2026-06-11T20:05:49.625133562Z [INFO] eToro-Momentum-LS.MLS_FlashCrashReversalStrategy_SEI.US.ETORO_15: self.config.oms_type=None
2026-06-11T20:05:49.625134153Z [INFO] eToro-Momentum-LS.MLS_FlashCrashReversalStrategy_SEI.US.ETORO_15: self.config.external_order_claims=None
2026-06-11T20:05:49.625134324Z [INFO] eToro-Momentum-LS.MLS_FlashCrashReversalStrategy_SEI.US.ETORO_15: self.config.manage_gtd_expiry=False
2026-06-11T20:05:49.625135466Z [INFO] eToro-Momentum-LS.MLS_FlashCrashReversalStrategy_SEI.US.ETORO_15: Set ClientOrderIdGenerator client_order_id count to 0
2026-06-11T20:05:49.625135626Z [INFO] eToro-Momentum-LS.MLS_FlashCrashReversalStrategy_SEI.US.ETORO_15: Set ClientOrderIdGenerator order_list_id count to 0
2026-06-11T20:05:49.625151275Z [INFO] eToro-Momentum-LS.MLS_FlashCrashReversalStrategy_SEI.US.ETORO_15: Starte Flash Crash Reversal auf SEI.US.ETORO
2026-06-11T20:05:49.625161414Z [DEBUG] eToro-Momentum-LS.MessageBus: Added Subscription(topic=data.bars.SEI.US.ETORO-1-HOUR-MID-INTERNAL, handler=<bound method Actor.handle_bar of FlashCrashReversalStrategy(MLS_FlashCrashReversalStrategy_SEI.US.ETORO_15-015)>, priority=0)
2026-06-11T20:05:49.625173797Z [INFO] eToro-Momentum-LS.MLS_FlashCrashReversalStrategy_SEI.US.ETORO_15: [CMD]--> SubscribeBars(bar_type=SEI.US.ETORO-1-HOUR-MID-INTERNAL, client_id=None, venue=ETORO)
2026-06-11T20:05:49.625205336Z [INFO] eToro-Momentum-LS.MLS_FlashCrashReversalStrategy_SEI.US.ETORO_15: RUNNING
2026-06-11T20:05:49.625210155Z [DEBUG] eToro-Momentum-LS.MLS_FlashCrashReversalStrategy_SEI.US.ETORO_16: STARTING
2026-06-11T20:05:49.625210546Z [INFO] eToro-Momentum-LS.MLS_FlashCrashReversalStrategy_SEI.US.ETORO_16: self.config.oms_type=None
2026-06-11T20:05:49.625210736Z [INFO] eToro-Momentum-LS.MLS_FlashCrashReversalStrategy_SEI.US.ETORO_16: self.config.external_order_claims=None
2026-06-11T20:05:49.625210887Z [INFO] eToro-Momentum-LS.MLS_FlashCrashReversalStrategy_SEI.US.ETORO_16: self.config.manage_gtd_expiry=False
2026-06-11T20:05:49.625211999Z [INFO] eToro-Momentum-LS.MLS_FlashCrashReversalStrategy_SEI.US.ETORO_16: Set ClientOrderIdGenerator client_order_id count to 0
2026-06-11T20:05:49.625212139Z [INFO] eToro-Momentum-LS.MLS_FlashCrashReversalStrategy_SEI.US.ETORO_16: Set ClientOrderIdGenerator order_list_id count to 0
2026-06-11T20:05:49.625216808Z [INFO] eToro-Momentum-LS.MLS_FlashCrashReversalStrategy_SEI.US.ETORO_16: Starte Flash Crash Reversal auf SEI.US.ETORO
2026-06-11T20:05:49.625231605Z [DEBUG] eToro-Momentum-LS.MessageBus: Added Subscription(topic=data.bars.SEI.US.ETORO-1-HOUR-MID-INTERNAL, handler=<bound method Actor.handle_bar of FlashCrashReversalStrategy(MLS_FlashCrashReversalStrategy_SEI.US.ETORO_16-016)>, priority=0)
2026-06-11T20:05:49.625246383Z [INFO] eToro-Momentum-LS.MLS_FlashCrashReversalStrategy_SEI.US.ETORO_16: [CMD]--> SubscribeBars(bar_type=SEI.US.ETORO-1-HOUR-MID-INTERNAL, client_id=None, venue=ETORO)
2026-06-11T20:05:49.625267603Z [INFO] eToro-Momentum-LS.MLS_FlashCrashReversalStrategy_SEI.US.ETORO_16: RUNNING
2026-06-11T20:05:49.625271169Z [DEBUG] eToro-Momentum-LS.MLS_FlashCrashReversalStrategy_SEI.US.ETORO_17: STARTING
2026-06-11T20:05:49.625272121Z [INFO] eToro-Momentum-LS.MLS_FlashCrashReversalStrategy_SEI.US.ETORO_17: self.config.oms_type=None
2026-06-11T20:05:49.625272301Z [INFO] eToro-Momentum-LS.MLS_FlashCrashReversalStrategy_SEI.US.ETORO_17: self.config.external_order_claims=None
2026-06-11T20:05:49.625272452Z [INFO] eToro-Momentum-LS.MLS_FlashCrashReversalStrategy_SEI.US.ETORO_17: self.config.manage_gtd_expiry=False
2026-06-11T20:05:49.625273644Z [INFO] eToro-Momentum-LS.MLS_FlashCrashReversalStrategy_SEI.US.ETORO_17: Set ClientOrderIdGenerator client_order_id count to 0
2026-06-11T20:05:49.625273804Z [INFO] eToro-Momentum-LS.MLS_FlashCrashReversalStrategy_SEI.US.ETORO_17: Set ClientOrderIdGenerator order_list_id count to 0
2026-06-11T20:05:49.625278363Z [INFO] eToro-Momentum-LS.MLS_FlashCrashReversalStrategy_SEI.US.ETORO_17: Starte Flash Crash Reversal auf SEI.US.ETORO
2026-06-11T20:05:49.625301486Z [DEBUG] eToro-Momentum-LS.MessageBus: Added Subscription(topic=data.bars.SEI.US.ETORO-1-HOUR-MID-INTERNAL, handler=<bound method Actor.handle_bar of FlashCrashReversalStrategy(MLS_FlashCrashReversalStrategy_SEI.US.ETORO_17-017)>, priority=0)
2026-06-11T20:05:49.625308208Z [INFO] eToro-Momentum-LS.MLS_FlashCrashReversalStrategy_SEI.US.ETORO_17: [CMD]--> SubscribeBars(bar_type=SEI.US.ETORO-1-HOUR-MID-INTERNAL, client_id=None, venue=ETORO)
2026-06-11T20:05:49.625331432Z [INFO] eToro-Momentum-LS.MLS_FlashCrashReversalStrategy_SEI.US.ETORO_17: RUNNING
2026-06-11T20:05:49.625335810Z [DEBUG] eToro-Momentum-LS.MLS_FlashCrashReversalStrategy_SEI.US.ETORO_18: STARTING
2026-06-11T20:05:49.625336050Z [INFO] eToro-Momentum-LS.MLS_FlashCrashReversalStrategy_SEI.US.ETORO_18: self.config.oms_type=None
2026-06-11T20:05:49.625336241Z [INFO] eToro-Momentum-LS.MLS_FlashCrashReversalStrategy_SEI.US.ETORO_18: self.config.external_order_claims=None
2026-06-11T20:05:49.625336411Z [INFO] eToro-Momentum-LS.MLS_FlashCrashReversalStrategy_SEI.US.ETORO_18: self.config.manage_gtd_expiry=False
2026-06-11T20:05:49.625337243Z [INFO] eToro-Momentum-LS.MLS_FlashCrashReversalStrategy_SEI.US.ETORO_18: Set ClientOrderIdGenerator client_order_id count to 0
2026-06-11T20:05:49.625337593Z [INFO] eToro-Momentum-LS.MLS_FlashCrashReversalStrategy_SEI.US.ETORO_18: Set ClientOrderIdGenerator order_list_id count to 0
2026-06-11T20:05:49.625347301Z [INFO] eToro-Momentum-LS.MLS_FlashCrashReversalStrategy_SEI.US.ETORO_18: Starte Flash Crash Reversal auf SEI.US.ETORO
2026-06-11T20:05:49.625359434Z [DEBUG] eToro-Momentum-LS.MessageBus: Added Subscription(topic=data.bars.SEI.US.ETORO-1-HOUR-MID-INTERNAL, handler=<bound method Actor.handle_bar of FlashCrashReversalStrategy(MLS_FlashCrashReversalStrategy_SEI.US.ETORO_18-018)>, priority=0)
2026-06-11T20:05:49.625366287Z [INFO] eToro-Momentum-LS.MLS_FlashCrashReversalStrategy_SEI.US.ETORO_18: [CMD]--> SubscribeBars(bar_type=SEI.US.ETORO-1-HOUR-MID-INTERNAL, client_id=None, venue=ETORO)
2026-06-11T20:05:49.625396163Z [INFO] eToro-Momentum-LS.MLS_FlashCrashReversalStrategy_SEI.US.ETORO_18: RUNNING
2026-06-11T20:05:49.625403086Z [DEBUG] eToro-Momentum-LS.MLS_FlashCrashReversalStrategy_SEI.US.ETORO_19: STARTING
2026-06-11T20:05:49.625403546Z [INFO] eToro-Momentum-LS.MLS_FlashCrashReversalStrategy_SEI.US.ETORO_19: self.config.oms_type=None
2026-06-11T20:05:49.625403717Z [INFO] eToro-Momentum-LS.MLS_FlashCrashReversalStrategy_SEI.US.ETORO_19: self.config.external_order_claims=None
2026-06-11T20:05:49.625403867Z [INFO] eToro-Momentum-LS.MLS_FlashCrashReversalStrategy_SEI.US.ETORO_19: self.config.manage_gtd_expiry=False
2026-06-11T20:05:49.625405029Z [INFO] eToro-Momentum-LS.MLS_FlashCrashReversalStrategy_SEI.US.ETORO_19: Set ClientOrderIdGenerator client_order_id count to 0
2026-06-11T20:05:49.625405380Z [INFO] eToro-Momentum-LS.MLS_FlashCrashReversalStrategy_SEI.US.ETORO_19: Set ClientOrderIdGenerator order_list_id count to 0
2026-06-11T20:05:49.625407504Z [INFO] eToro-Momentum-LS.MLS_FlashCrashReversalStrategy_SEI.US.ETORO_19: Starte Flash Crash Reversal auf SEI.US.ETORO
2026-06-11T20:05:49.625422712Z [DEBUG] eToro-Momentum-LS.MessageBus: Added Subscription(topic=data.bars.SEI.US.ETORO-1-HOUR-MID-INTERNAL, handler=<bound method Actor.handle_bar of FlashCrashReversalStrategy(MLS_FlashCrashReversalStrategy_SEI.US.ETORO_19-019)>, priority=0)
2026-06-11T20:05:49.625437580Z [INFO] eToro-Momentum-LS.MLS_FlashCrashReversalStrategy_SEI.US.ETORO_19: [CMD]--> SubscribeBars(bar_type=SEI.US.ETORO-1-HOUR-MID-INTERNAL, client_id=None, venue=ETORO)
2026-06-11T20:05:49.625456585Z [INFO] eToro-Momentum-LS.MLS_FlashCrashReversalStrategy_SEI.US.ETORO_19: RUNNING
2026-06-11T20:05:49.625462617Z [DEBUG] eToro-Momentum-LS.MLS_FlashCrashReversalStrategy_SEI.US.ETORO_20: STARTING
2026-06-11T20:05:49.625462857Z [INFO] eToro-Momentum-LS.MLS_FlashCrashReversalStrategy_SEI.US.ETORO_20: self.config.oms_type=None
2026-06-11T20:05:49.625463037Z [INFO] eToro-Momentum-LS.MLS_FlashCrashReversalStrategy_SEI.US.ETORO_20: self.config.external_order_claims=None
2026-06-11T20:05:49.625463178Z [INFO] eToro-Momentum-LS.MLS_FlashCrashReversalStrategy_SEI.US.ETORO_20: self.config.manage_gtd_expiry=False
2026-06-11T20:05:49.625464370Z [INFO] eToro-Momentum-LS.MLS_FlashCrashReversalStrategy_SEI.US.ETORO_20: Set ClientOrderIdGenerator client_order_id count to 0
2026-06-11T20:05:49.625464771Z [INFO] eToro-Momentum-LS.MLS_FlashCrashReversalStrategy_SEI.US.ETORO_20: Set ClientOrderIdGenerator order_list_id count to 0
2026-06-11T20:05:49.625479248Z [INFO] eToro-Momentum-LS.MLS_FlashCrashReversalStrategy_SEI.US.ETORO_20: Starte Flash Crash Reversal auf SEI.US.ETORO
2026-06-11T20:05:49.625500858Z [DEBUG] eToro-Momentum-LS.MessageBus: Added Subscription(topic=data.bars.SEI.US.ETORO-1-HOUR-MID-INTERNAL, handler=<bound method Actor.handle_bar of FlashCrashReversalStrategy(MLS_FlashCrashReversalStrategy_SEI.US.ETORO_20-020)>, priority=0)
2026-06-11T20:05:49.625510666Z [INFO] eToro-Momentum-LS.MLS_FlashCrashReversalStrategy_SEI.US.ETORO_20: [CMD]--> SubscribeBars(bar_type=SEI.US.ETORO-1-HOUR-MID-INTERNAL, client_id=None, venue=ETORO)
2026-06-11T20:05:49.625531525Z [INFO] eToro-Momentum-LS.MLS_FlashCrashReversalStrategy_SEI.US.ETORO_20: RUNNING
2026-06-11T20:05:49.625541033Z [DEBUG] eToro-Momentum-LS.MLS_FlashCrashReversalStrategy_SEI.US.ETORO_21: STARTING
2026-06-11T20:05:49.625541434Z [INFO] eToro-Momentum-LS.MLS_FlashCrashReversalStrategy_SEI.US.ETORO_21: self.config.oms_type=None
2026-06-11T20:05:49.625541634Z [INFO] eToro-Momentum-LS.MLS_FlashCrashReversalStrategy_SEI.US.ETORO_21: self.config.external_order_claims=None
2026-06-11T20:05:49.625541794Z [INFO] eToro-Momentum-LS.MLS_FlashCrashReversalStrategy_SEI.US.ETORO_21: self.config.manage_gtd_expiry=False
2026-06-11T20:05:49.625542776Z [INFO] eToro-Momentum-LS.MLS_FlashCrashReversalStrategy_SEI.US.ETORO_21: Set ClientOrderIdGenerator client_order_id count to 0
2026-06-11T20:05:49.625542917Z [INFO] eToro-Momentum-LS.MLS_FlashCrashReversalStrategy_SEI.US.ETORO_21: Set ClientOrderIdGenerator order_list_id count to 0
2026-06-11T20:05:49.625548106Z [INFO] eToro-Momentum-LS.MLS_FlashCrashReversalStrategy_SEI.US.ETORO_21: Starte Flash Crash Reversal auf SEI.US.ETORO
2026-06-11T20:05:49.625565459Z [DEBUG] eToro-Momentum-LS.MessageBus: Added Subscription(topic=data.bars.SEI.US.ETORO-1-HOUR-MID-INTERNAL, handler=<bound method Actor.handle_bar of FlashCrashReversalStrategy(MLS_FlashCrashReversalStrategy_SEI.US.ETORO_21-021)>, priority=0)
2026-06-11T20:05:49.625570618Z [INFO] eToro-Momentum-LS.MLS_FlashCrashReversalStrategy_SEI.US.ETORO_21: [CMD]--> SubscribeBars(bar_type=SEI.US.ETORO-1-HOUR-MID-INTERNAL, client_id=None, venue=ETORO)
2026-06-11T20:05:49.625595765Z [INFO] eToro-Momentum-LS.MLS_FlashCrashReversalStrategy_SEI.US.ETORO_21: RUNNING
2026-06-11T20:05:49.625599472Z [DEBUG] eToro-Momentum-LS.MLS_FlashCrashReversalStrategy_SEI.US.ETORO_22: STARTING
2026-06-11T20:05:49.625604822Z [INFO] eToro-Momentum-LS.MLS_FlashCrashReversalStrategy_SEI.US.ETORO_22: self.config.oms_type=None
2026-06-11T20:05:49.625605013Z [INFO] eToro-Momentum-LS.MLS_FlashCrashReversalStrategy_SEI.US.ETORO_22: self.config.external_order_claims=None
2026-06-11T20:05:49.625605153Z [INFO] eToro-Momentum-LS.MLS_FlashCrashReversalStrategy_SEI.US.ETORO_22: self.config.manage_gtd_expiry=False
2026-06-11T20:05:49.625606215Z [INFO] eToro-Momentum-LS.MLS_FlashCrashReversalStrategy_SEI.US.ETORO_22: Set ClientOrderIdGenerator client_order_id count to 0
2026-06-11T20:05:49.625606375Z [INFO] eToro-Momentum-LS.MLS_FlashCrashReversalStrategy_SEI.US.ETORO_22: Set ClientOrderIdGenerator order_list_id count to 0
2026-06-11T20:05:49.625614991Z [INFO] eToro-Momentum-LS.MLS_FlashCrashReversalStrategy_SEI.US.ETORO_22: Starte Flash Crash Reversal auf SEI.US.ETORO
2026-06-11T20:05:49.625627535Z [DEBUG] eToro-Momentum-LS.MessageBus: Added Subscription(topic=data.bars.SEI.US.ETORO-1-HOUR-MID-INTERNAL, handler=<bound method Actor.handle_bar of FlashCrashReversalStrategy(MLS_FlashCrashReversalStrategy_SEI.US.ETORO_22-022)>, priority=0)
2026-06-11T20:05:49.625631863Z [INFO] eToro-Momentum-LS.MLS_FlashCrashReversalStrategy_SEI.US.ETORO_22: [CMD]--> SubscribeBars(bar_type=SEI.US.ETORO-1-HOUR-MID-INTERNAL, client_id=None, venue=ETORO)
2026-06-11T20:05:49.625650357Z [INFO] eToro-Momentum-LS.MLS_FlashCrashReversalStrategy_SEI.US.ETORO_22: RUNNING
2026-06-11T20:05:49.625653463Z [DEBUG] eToro-Momentum-LS.MLS_FlashCrashReversalStrategy_SEI.US.ETORO_23: STARTING
2026-06-11T20:05:49.625654034Z [INFO] eToro-Momentum-LS.MLS_FlashCrashReversalStrategy_SEI.US.ETORO_23: self.config.oms_type=None
2026-06-11T20:05:49.625654224Z [INFO] eToro-Momentum-LS.MLS_FlashCrashReversalStrategy_SEI.US.ETORO_23: self.config.external_order_claims=None
2026-06-11T20:05:49.625654765Z [INFO] eToro-Momentum-LS.MLS_FlashCrashReversalStrategy_SEI.US.ETORO_23: self.config.manage_gtd_expiry=False
2026-06-11T20:05:49.625655908Z [INFO] eToro-Momentum-LS.MLS_FlashCrashReversalStrategy_SEI.US.ETORO_23: Set ClientOrderIdGenerator client_order_id count to 0
2026-06-11T20:05:49.625656058Z [INFO] eToro-Momentum-LS.MLS_FlashCrashReversalStrategy_SEI.US.ETORO_23: Set ClientOrderIdGenerator order_list_id count to 0
2026-06-11T20:05:49.625659494Z [INFO] eToro-Momentum-LS.MLS_FlashCrashReversalStrategy_SEI.US.ETORO_23: Starte Flash Crash Reversal auf SEI.US.ETORO
2026-06-11T20:05:49.625676045Z [DEBUG] eToro-Momentum-LS.MessageBus: Added Subscription(topic=data.bars.SEI.US.ETORO-1-HOUR-MID-INTERNAL, handler=<bound method Actor.handle_bar of FlashCrashReversalStrategy(MLS_FlashCrashReversalStrategy_SEI.US.ETORO_23-023)>, priority=0)
2026-06-11T20:05:49.625681605Z [INFO] eToro-Momentum-LS.MLS_FlashCrashReversalStrategy_SEI.US.ETORO_23: [CMD]--> SubscribeBars(bar_type=SEI.US.ETORO-1-HOUR-MID-INTERNAL, client_id=None, venue=ETORO)
2026-06-11T20:05:49.625707103Z [INFO] eToro-Momentum-LS.MLS_FlashCrashReversalStrategy_SEI.US.ETORO_23: RUNNING
2026-06-11T20:05:49.625711892Z [DEBUG] eToro-Momentum-LS.MLS_FlashCrashReversalStrategy_SEI.US.ETORO_24: STARTING
2026-06-11T20:05:49.625712653Z [INFO] eToro-Momentum-LS.MLS_FlashCrashReversalStrategy_SEI.US.ETORO_24: self.config.oms_type=None
2026-06-11T20:05:49.625712824Z [INFO] eToro-Momentum-LS.MLS_FlashCrashReversalStrategy_SEI.US.ETORO_24: self.config.external_order_claims=None
2026-06-11T20:05:49.625713395Z [INFO] eToro-Momentum-LS.MLS_FlashCrashReversalStrategy_SEI.US.ETORO_24: self.config.manage_gtd_expiry=False
2026-06-11T20:05:49.625715168Z [INFO] eToro-Momentum-LS.MLS_FlashCrashReversalStrategy_SEI.US.ETORO_24: Set ClientOrderIdGenerator client_order_id count to 0
2026-06-11T20:05:49.625715649Z [INFO] eToro-Momentum-LS.MLS_FlashCrashReversalStrategy_SEI.US.ETORO_24: Set ClientOrderIdGenerator order_list_id count to 0
2026-06-11T20:05:49.625718354Z [INFO] eToro-Momentum-LS.MLS_FlashCrashReversalStrategy_SEI.US.ETORO_24: Starte Flash Crash Reversal auf SEI.US.ETORO
2026-06-11T20:05:49.625736007Z [DEBUG] eToro-Momentum-LS.MessageBus: Added Subscription(topic=data.bars.SEI.US.ETORO-1-HOUR-MID-INTERNAL, handler=<bound method Actor.handle_bar of FlashCrashReversalStrategy(MLS_FlashCrashReversalStrategy_SEI.US.ETORO_24-024)>, priority=0)
2026-06-11T20:05:49.625741347Z [INFO] eToro-Momentum-LS.MLS_FlashCrashReversalStrategy_SEI.US.ETORO_24: [CMD]--> SubscribeBars(bar_type=SEI.US.ETORO-1-HOUR-MID-INTERNAL, client_id=None, venue=ETORO)
2026-06-11T20:05:49.625758649Z [INFO] eToro-Momentum-LS.MLS_FlashCrashReversalStrategy_SEI.US.ETORO_24: RUNNING
2026-06-11T20:05:49.625762456Z [DEBUG] eToro-Momentum-LS.MLS_FlashCrashReversalStrategy_SEI.US.ETORO_25: STARTING
2026-06-11T20:05:49.625762977Z [INFO] eToro-Momentum-LS.MLS_FlashCrashReversalStrategy_SEI.US.ETORO_25: self.config.oms_type=None
2026-06-11T20:05:49.625768287Z [INFO] eToro-Momentum-LS.MLS_FlashCrashReversalStrategy_SEI.US.ETORO_25: self.config.external_order_claims=None
2026-06-11T20:05:49.625768448Z [INFO] eToro-Momentum-LS.MLS_FlashCrashReversalStrategy_SEI.US.ETORO_25: self.config.manage_gtd_expiry=False
2026-06-11T20:05:49.625769810Z [INFO] eToro-Momentum-LS.MLS_FlashCrashReversalStrategy_SEI.US.ETORO_25: Set ClientOrderIdGenerator client_order_id count to 0
2026-06-11T20:05:49.625769950Z [INFO] eToro-Momentum-LS.MLS_FlashCrashReversalStrategy_SEI.US.ETORO_25: Set ClientOrderIdGenerator order_list_id count to 0
2026-06-11T20:05:49.625771423Z [INFO] eToro-Momentum-LS.MLS_FlashCrashReversalStrategy_SEI.US.ETORO_25: Starte Flash Crash Reversal auf SEI.US.ETORO
2026-06-11T20:05:49.625786241Z [DEBUG] eToro-Momentum-LS.MessageBus: Added Subscription(topic=data.bars.SEI.US.ETORO-1-HOUR-MID-INTERNAL, handler=<bound method Actor.handle_bar of FlashCrashReversalStrategy(MLS_FlashCrashReversalStrategy_SEI.US.ETORO_25-025)>, priority=0)
2026-06-11T20:05:49.625789948Z [INFO] eToro-Momentum-LS.MLS_FlashCrashReversalStrategy_SEI.US.ETORO_25: [CMD]--> SubscribeBars(bar_type=SEI.US.ETORO-1-HOUR-MID-INTERNAL, client_id=None, venue=ETORO)
2026-06-11T20:05:49.625807731Z [INFO] eToro-Momentum-LS.MLS_FlashCrashReversalStrategy_SEI.US.ETORO_25: RUNNING
2026-06-11T20:05:49.625811698Z [DEBUG] eToro-Momentum-LS.MLS_FlashCrashReversalStrategy_SEI.US.ETORO_26: STARTING
2026-06-11T20:05:49.625812069Z [INFO] eToro-Momentum-LS.MLS_FlashCrashReversalStrategy_SEI.US.ETORO_26: self.config.oms_type=None
2026-06-11T20:05:49.625812430Z [INFO] eToro-Momentum-LS.MLS_FlashCrashReversalStrategy_SEI.US.ETORO_26: self.config.external_order_claims=None
2026-06-11T20:05:49.625812580Z [INFO] eToro-Momentum-LS.MLS_FlashCrashReversalStrategy_SEI.US.ETORO_26: self.config.manage_gtd_expiry=False
2026-06-11T20:05:49.625813512Z [INFO] eToro-Momentum-LS.MLS_FlashCrashReversalStrategy_SEI.US.ETORO_26: Set ClientOrderIdGenerator client_order_id count to 0
2026-06-11T20:05:49.625813772Z [INFO] eToro-Momentum-LS.MLS_FlashCrashReversalStrategy_SEI.US.ETORO_26: Set ClientOrderIdGenerator order_list_id count to 0
2026-06-11T20:05:49.625815906Z [INFO] eToro-Momentum-LS.MLS_FlashCrashReversalStrategy_SEI.US.ETORO_26: Starte Flash Crash Reversal auf SEI.US.ETORO
2026-06-11T20:05:49.625832708Z [DEBUG] eToro-Momentum-LS.MessageBus: Added Subscription(topic=data.bars.SEI.US.ETORO-1-HOUR-MID-INTERNAL, handler=<bound method Actor.handle_bar of FlashCrashReversalStrategy(MLS_FlashCrashReversalStrategy_SEI.US.ETORO_26-026)>, priority=0)
2026-06-11T20:05:49.625836054Z [INFO] eToro-Momentum-LS.MLS_FlashCrashReversalStrategy_SEI.US.ETORO_26: [CMD]--> SubscribeBars(bar_type=SEI.US.ETORO-1-HOUR-MID-INTERNAL, client_id=None, venue=ETORO)
2026-06-11T20:05:49.625854548Z [INFO] eToro-Momentum-LS.MLS_FlashCrashReversalStrategy_SEI.US.ETORO_26: RUNNING
2026-06-11T20:05:49.625859999Z [DEBUG] eToro-Momentum-LS.MLS_FlashCrashReversalStrategy_SEI.US.ETORO_27: STARTING
2026-06-11T20:05:49.625860399Z [INFO] eToro-Momentum-LS.MLS_FlashCrashReversalStrategy_SEI.US.ETORO_27: self.config.oms_type=None
2026-06-11T20:05:49.625860560Z [INFO] eToro-Momentum-LS.MLS_FlashCrashReversalStrategy_SEI.US.ETORO_27: self.config.external_order_claims=None
2026-06-11T20:05:49.625861101Z [INFO] eToro-Momentum-LS.MLS_FlashCrashReversalStrategy_SEI.US.ETORO_27: self.config.manage_gtd_expiry=False
2026-06-11T20:05:49.625862293Z [INFO] eToro-Momentum-LS.MLS_FlashCrashReversalStrategy_SEI.US.ETORO_27: Set ClientOrderIdGenerator client_order_id count to 0
2026-06-11T20:05:49.625862453Z [INFO] eToro-Momentum-LS.MLS_FlashCrashReversalStrategy_SEI.US.ETORO_27: Set ClientOrderIdGenerator order_list_id count to 0
2026-06-11T20:05:49.625864407Z [INFO] eToro-Momentum-LS.MLS_FlashCrashReversalStrategy_SEI.US.ETORO_27: Starte Flash Crash Reversal auf SEI.US.ETORO
2026-06-11T20:05:49.625877401Z [DEBUG] eToro-Momentum-LS.MessageBus: Added Subscription(topic=data.bars.SEI.US.ETORO-1-HOUR-MID-INTERNAL, handler=<bound method Actor.handle_bar of FlashCrashReversalStrategy(MLS_FlashCrashReversalStrategy_SEI.US.ETORO_27-027)>, priority=0)
2026-06-11T20:05:49.625882851Z [INFO] eToro-Momentum-LS.MLS_FlashCrashReversalStrategy_SEI.US.ETORO_27: [CMD]--> SubscribeBars(bar_type=SEI.US.ETORO-1-HOUR-MID-INTERNAL, client_id=None, venue=ETORO)
2026-06-11T20:05:49.625901396Z [INFO] eToro-Momentum-LS.MLS_FlashCrashReversalStrategy_SEI.US.ETORO_27: RUNNING
2026-06-11T20:05:49.625906706Z [DEBUG] eToro-Momentum-LS.MLS_FlashCrashReversalStrategy_SEI.US.ETORO_28: STARTING
2026-06-11T20:05:49.625907597Z [INFO] eToro-Momentum-LS.MLS_FlashCrashReversalStrategy_SEI.US.ETORO_28: self.config.oms_type=None
2026-06-11T20:05:49.625907758Z [INFO] eToro-Momentum-LS.MLS_FlashCrashReversalStrategy_SEI.US.ETORO_28: self.config.external_order_claims=None
2026-06-11T20:05:49.625911865Z [INFO] eToro-Momentum-LS.MLS_FlashCrashReversalStrategy_SEI.US.ETORO_28: self.config.manage_gtd_expiry=False
2026-06-11T20:05:49.625913068Z [INFO] eToro-Momentum-LS.MLS_FlashCrashReversalStrategy_SEI.US.ETORO_28: Set ClientOrderIdGenerator client_order_id count to 0
2026-06-11T20:05:49.625913438Z [INFO] eToro-Momentum-LS.MLS_FlashCrashReversalStrategy_SEI.US.ETORO_28: Set ClientOrderIdGenerator order_list_id count to 0
2026-06-11T20:05:49.625914761Z [INFO] eToro-Momentum-LS.MLS_FlashCrashReversalStrategy_SEI.US.ETORO_28: Starte Flash Crash Reversal auf SEI.US.ETORO
2026-06-11T20:05:49.625935890Z [DEBUG] eToro-Momentum-LS.MessageBus: Added Subscription(topic=data.bars.SEI.US.ETORO-1-HOUR-MID-INTERNAL, handler=<bound method Actor.handle_bar of FlashCrashReversalStrategy(MLS_FlashCrashReversalStrategy_SEI.US.ETORO_28-028)>, priority=0)
2026-06-11T20:05:49.625954405Z [INFO] eToro-Momentum-LS.MLS_FlashCrashReversalStrategy_SEI.US.ETORO_28: [CMD]--> SubscribeBars(bar_type=SEI.US.ETORO-1-HOUR-MID-INTERNAL, client_id=None, venue=ETORO)
2026-06-11T20:05:49.625981225Z [INFO] eToro-Momentum-LS.MLS_FlashCrashReversalStrategy_SEI.US.ETORO_28: RUNNING
2026-06-11T20:05:49.625985252Z [DEBUG] eToro-Momentum-LS.MLS_FlashCrashReversalStrategy_SEI.US.ETORO_29: STARTING
2026-06-11T20:05:49.625985864Z [INFO] eToro-Momentum-LS.MLS_FlashCrashReversalStrategy_SEI.US.ETORO_29: self.config.oms_type=None
2026-06-11T20:05:49.625986445Z [INFO] eToro-Momentum-LS.MLS_FlashCrashReversalStrategy_SEI.US.ETORO_29: self.config.external_order_claims=None
2026-06-11T20:05:49.625986615Z [INFO] eToro-Momentum-LS.MLS_FlashCrashReversalStrategy_SEI.US.ETORO_29: self.config.manage_gtd_expiry=False
2026-06-11T20:05:49.625987847Z [INFO] eToro-Momentum-LS.MLS_FlashCrashReversalStrategy_SEI.US.ETORO_29: Set ClientOrderIdGenerator client_order_id count to 0
2026-06-11T20:05:49.625988168Z [INFO] eToro-Momentum-LS.MLS_FlashCrashReversalStrategy_SEI.US.ETORO_29: Set ClientOrderIdGenerator order_list_id count to 0
2026-06-11T20:05:49.625989911Z [INFO] eToro-Momentum-LS.MLS_FlashCrashReversalStrategy_SEI.US.ETORO_29: Starte Flash Crash Reversal auf SEI.US.ETORO
2026-06-11T20:05:49.626003607Z [DEBUG] eToro-Momentum-LS.MessageBus: Added Subscription(topic=data.bars.SEI.US.ETORO-1-HOUR-MID-INTERNAL, handler=<bound method Actor.handle_bar of FlashCrashReversalStrategy(MLS_FlashCrashReversalStrategy_SEI.US.ETORO_29-029)>, priority=0)
2026-06-11T20:05:49.626013675Z [INFO] eToro-Momentum-LS.MLS_FlashCrashReversalStrategy_SEI.US.ETORO_29: [CMD]--> SubscribeBars(bar_type=SEI.US.ETORO-1-HOUR-MID-INTERNAL, client_id=None, venue=ETORO)
2026-06-11T20:05:49.626031178Z [INFO] eToro-Momentum-LS.MLS_FlashCrashReversalStrategy_SEI.US.ETORO_29: RUNNING
2026-06-11T20:05:49.626036157Z [DEBUG] eToro-Momentum-LS.MLS_FlashCrashReversalStrategy_SEI.US.ETORO_30: STARTING
2026-06-11T20:05:49.626036528Z [INFO] eToro-Momentum-LS.MLS_FlashCrashReversalStrategy_SEI.US.ETORO_30: self.config.oms_type=None
2026-06-11T20:05:49.626036738Z [INFO] eToro-Momentum-LS.MLS_FlashCrashReversalStrategy_SEI.US.ETORO_30: self.config.external_order_claims=None
2026-06-11T20:05:49.626037109Z [INFO] eToro-Momentum-LS.MLS_FlashCrashReversalStrategy_SEI.US.ETORO_30: self.config.manage_gtd_expiry=False
2026-06-11T20:05:49.626038031Z [INFO] eToro-Momentum-LS.MLS_FlashCrashReversalStrategy_SEI.US.ETORO_30: Set ClientOrderIdGenerator client_order_id count to 0
2026-06-11T20:05:49.626038321Z [INFO] eToro-Momentum-LS.MLS_FlashCrashReversalStrategy_SEI.US.ETORO_30: Set ClientOrderIdGenerator order_list_id count to 0
2026-06-11T20:05:49.626039724Z [INFO] eToro-Momentum-LS.MLS_FlashCrashReversalStrategy_SEI.US.ETORO_30: Starte Flash Crash Reversal auf SEI.US.ETORO
2026-06-11T20:05:49.626063088Z [DEBUG] eToro-Momentum-LS.MessageBus: Added Subscription(topic=data.bars.SEI.US.ETORO-1-HOUR-MID-INTERNAL, handler=<bound method Actor.handle_bar of FlashCrashReversalStrategy(MLS_FlashCrashReversalStrategy_SEI.US.ETORO_30-030)>, priority=0)
2026-06-11T20:05:49.626068027Z [INFO] eToro-Momentum-LS.MLS_FlashCrashReversalStrategy_SEI.US.ETORO_30: [CMD]--> SubscribeBars(bar_type=SEI.US.ETORO-1-HOUR-MID-INTERNAL, client_id=None, venue=ETORO)
2026-06-11T20:05:49.626086251Z [INFO] eToro-Momentum-LS.MLS_FlashCrashReversalStrategy_SEI.US.ETORO_30: RUNNING
2026-06-11T20:05:49.626089126Z [DEBUG] eToro-Momentum-LS.MLS_FlashCrashReversalStrategy_SEI.US.ETORO_31: STARTING
2026-06-11T20:05:49.626089737Z [INFO] eToro-Momentum-LS.MLS_FlashCrashReversalStrategy_SEI.US.ETORO_31: self.config.oms_type=None
2026-06-11T20:05:49.626090339Z [INFO] eToro-Momentum-LS.MLS_FlashCrashReversalStrategy_SEI.US.ETORO_31: self.config.external_order_claims=None
2026-06-11T20:05:49.626090499Z [INFO] eToro-Momentum-LS.MLS_FlashCrashReversalStrategy_SEI.US.ETORO_31: self.config.manage_gtd_expiry=False
2026-06-11T20:05:49.626093264Z [INFO] eToro-Momentum-LS.MLS_FlashCrashReversalStrategy_SEI.US.ETORO_31: Set ClientOrderIdGenerator client_order_id count to 0
2026-06-11T20:05:49.626093615Z [INFO] eToro-Momentum-LS.MLS_FlashCrashReversalStrategy_SEI.US.ETORO_31: Set ClientOrderIdGenerator order_list_id count to 0
2026-06-11T20:05:49.626095598Z [INFO] eToro-Momentum-LS.MLS_FlashCrashReversalStrategy_SEI.US.ETORO_31: Starte Flash Crash Reversal auf SEI.US.ETORO
2026-06-11T20:05:49.626106499Z [DEBUG] eToro-Momentum-LS.MessageBus: Added Subscription(topic=data.bars.SEI.US.ETORO-1-HOUR-MID-INTERNAL, handler=<bound method Actor.handle_bar of FlashCrashReversalStrategy(MLS_FlashCrashReversalStrategy_SEI.US.ETORO_31-031)>, priority=0)
2026-06-11T20:05:49.626116287Z [INFO] eToro-Momentum-LS.MLS_FlashCrashReversalStrategy_SEI.US.ETORO_31: [CMD]--> SubscribeBars(bar_type=SEI.US.ETORO-1-HOUR-MID-INTERNAL, client_id=None, venue=ETORO)
2026-06-11T20:05:49.626139781Z [INFO] eToro-Momentum-LS.MLS_FlashCrashReversalStrategy_SEI.US.ETORO_31: RUNNING
2026-06-11T20:05:49.626143758Z [DEBUG] eToro-Momentum-LS.MLS_FlashCrashReversalStrategy_SEI.US.ETORO_32: STARTING
2026-06-11T20:05:49.626144259Z [INFO] eToro-Momentum-LS.MLS_FlashCrashReversalStrategy_SEI.US.ETORO_32: self.config.oms_type=None
2026-06-11T20:05:49.626144430Z [INFO] eToro-Momentum-LS.MLS_FlashCrashReversalStrategy_SEI.US.ETORO_32: self.config.external_order_claims=None
2026-06-11T20:05:49.626144580Z [INFO] eToro-Momentum-LS.MLS_FlashCrashReversalStrategy_SEI.US.ETORO_32: self.config.manage_gtd_expiry=False
2026-06-11T20:05:49.626145662Z [INFO] eToro-Momentum-LS.MLS_FlashCrashReversalStrategy_SEI.US.ETORO_32: Set ClientOrderIdGenerator client_order_id count to 0
2026-06-11T20:05:49.626146002Z [INFO] eToro-Momentum-LS.MLS_FlashCrashReversalStrategy_SEI.US.ETORO_32: Set ClientOrderIdGenerator order_list_id count to 0
2026-06-11T20:05:49.626148227Z [INFO] eToro-Momentum-LS.MLS_FlashCrashReversalStrategy_SEI.US.ETORO_32: Starte Flash Crash Reversal auf SEI.US.ETORO
2026-06-11T20:05:49.626160389Z [DEBUG] eToro-Momentum-LS.MessageBus: Added Subscription(topic=data.bars.SEI.US.ETORO-1-HOUR-MID-INTERNAL, handler=<bound method Actor.handle_bar of FlashCrashReversalStrategy(MLS_FlashCrashReversalStrategy_SEI.US.ETORO_32-032)>, priority=0)
2026-06-11T20:05:49.626166270Z [INFO] eToro-Momentum-LS.MLS_FlashCrashReversalStrategy_SEI.US.ETORO_32: [CMD]--> SubscribeBars(bar_type=SEI.US.ETORO-1-HOUR-MID-INTERNAL, client_id=None, venue=ETORO)
2026-06-11T20:05:49.626183793Z [INFO] eToro-Momentum-LS.MLS_FlashCrashReversalStrategy_SEI.US.ETORO_32: RUNNING
2026-06-11T20:05:49.626188051Z [DEBUG] eToro-Momentum-LS.MLS_FlashCrashReversalStrategy_SEI.US.ETORO_33: STARTING
2026-06-11T20:05:49.626188702Z [INFO] eToro-Momentum-LS.MLS_FlashCrashReversalStrategy_SEI.US.ETORO_33: self.config.oms_type=None
2026-06-11T20:05:49.626188873Z [INFO] eToro-Momentum-LS.MLS_FlashCrashReversalStrategy_SEI.US.ETORO_33: self.config.external_order_claims=None
2026-06-11T20:05:49.626189023Z [INFO] eToro-Momentum-LS.MLS_FlashCrashReversalStrategy_SEI.US.ETORO_33: self.config.manage_gtd_expiry=False
2026-06-11T20:05:49.626189824Z [INFO] eToro-Momentum-LS.MLS_FlashCrashReversalStrategy_SEI.US.ETORO_33: Set ClientOrderIdGenerator client_order_id count to 0
2026-06-11T20:05:49.626189965Z [INFO] eToro-Momentum-LS.MLS_FlashCrashReversalStrategy_SEI.US.ETORO_33: Set ClientOrderIdGenerator order_list_id count to 0
2026-06-11T20:05:49.626199853Z [INFO] eToro-Momentum-LS.MLS_FlashCrashReversalStrategy_SEI.US.ETORO_33: Starte Flash Crash Reversal auf SEI.US.ETORO
2026-06-11T20:05:49.626210994Z [DEBUG] eToro-Momentum-LS.MessageBus: Added Subscription(topic=data.bars.SEI.US.ETORO-1-HOUR-MID-INTERNAL, handler=<bound method Actor.handle_bar of FlashCrashReversalStrategy(MLS_FlashCrashReversalStrategy_SEI.US.ETORO_33-033)>, priority=0)
2026-06-11T20:05:49.626226443Z [INFO] eToro-Momentum-LS.MLS_FlashCrashReversalStrategy_SEI.US.ETORO_33: [CMD]--> SubscribeBars(bar_type=SEI.US.ETORO-1-HOUR-MID-INTERNAL, client_id=None, venue=ETORO)
2026-06-11T20:05:49.626244236Z [INFO] eToro-Momentum-LS.MLS_FlashCrashReversalStrategy_SEI.US.ETORO_33: RUNNING
2026-06-11T20:05:49.626247241Z [DEBUG] eToro-Momentum-LS.MLS_FlashCrashReversalStrategy_SEI.US.ETORO_34: STARTING
2026-06-11T20:05:49.626247632Z [INFO] eToro-Momentum-LS.MLS_FlashCrashReversalStrategy_SEI.US.ETORO_34: self.config.oms_type=None
2026-06-11T20:05:49.626247973Z [INFO] eToro-Momentum-LS.MLS_FlashCrashReversalStrategy_SEI.US.ETORO_34: self.config.external_order_claims=None
2026-06-11T20:05:49.626248504Z [INFO] eToro-Momentum-LS.MLS_FlashCrashReversalStrategy_SEI.US.ETORO_34: self.config.manage_gtd_expiry=False
2026-06-11T20:05:49.626249446Z [INFO] eToro-Momentum-LS.MLS_FlashCrashReversalStrategy_SEI.US.ETORO_34: Set ClientOrderIdGenerator client_order_id count to 0
2026-06-11T20:05:49.626253784Z [INFO] eToro-Momentum-LS.MLS_FlashCrashReversalStrategy_SEI.US.ETORO_34: Set ClientOrderIdGenerator order_list_id count to 0
2026-06-11T20:05:49.626255397Z [INFO] eToro-Momentum-LS.MLS_FlashCrashReversalStrategy_SEI.US.ETORO_34: Starte Flash Crash Reversal auf SEI.US.ETORO
2026-06-11T20:05:49.626276466Z [DEBUG] eToro-Momentum-LS.MessageBus: Added Subscription(topic=data.bars.SEI.US.ETORO-1-HOUR-MID-INTERNAL, handler=<bound method Actor.handle_bar of FlashCrashReversalStrategy(MLS_FlashCrashReversalStrategy_SEI.US.ETORO_34-034)>, priority=0)
2026-06-11T20:05:49.626281245Z [INFO] eToro-Momentum-LS.MLS_FlashCrashReversalStrategy_SEI.US.ETORO_34: [CMD]--> SubscribeBars(bar_type=SEI.US.ETORO-1-HOUR-MID-INTERNAL, client_id=None, venue=ETORO)
2026-06-11T20:05:49.626309157Z [INFO] eToro-Momentum-LS.MLS_FlashCrashReversalStrategy_SEI.US.ETORO_34: RUNNING
2026-06-11T20:05:49.626311632Z [DEBUG] eToro-Momentum-LS.MLS_FlashCrashReversalStrategy_SEI.US.ETORO_35: STARTING
2026-06-11T20:05:49.626312153Z [INFO] eToro-Momentum-LS.MLS_FlashCrashReversalStrategy_SEI.US.ETORO_35: self.config.oms_type=None
2026-06-11T20:05:49.626312323Z [INFO] eToro-Momentum-LS.MLS_FlashCrashReversalStrategy_SEI.US.ETORO_35: self.config.external_order_claims=None
2026-06-11T20:05:49.626312463Z [INFO] eToro-Momentum-LS.MLS_FlashCrashReversalStrategy_SEI.US.ETORO_35: self.config.manage_gtd_expiry=False
2026-06-11T20:05:49.626313625Z [INFO] eToro-Momentum-LS.MLS_FlashCrashReversalStrategy_SEI.US.ETORO_35: Set ClientOrderIdGenerator client_order_id count to 0
2026-06-11T20:05:49.626313936Z [INFO] eToro-Momentum-LS.MLS_FlashCrashReversalStrategy_SEI.US.ETORO_35: Set ClientOrderIdGenerator order_list_id count to 0
2026-06-11T20:05:49.626316861Z [INFO] eToro-Momentum-LS.MLS_FlashCrashReversalStrategy_SEI.US.ETORO_35: Starte Flash Crash Reversal auf SEI.US.ETORO
2026-06-11T20:05:49.626330948Z [DEBUG] eToro-Momentum-LS.MessageBus: Added Subscription(topic=data.bars.SEI.US.ETORO-1-HOUR-MID-INTERNAL, handler=<bound method Actor.handle_bar of FlashCrashReversalStrategy(MLS_FlashCrashReversalStrategy_SEI.US.ETORO_35-035)>, priority=0)
2026-06-11T20:05:49.626334975Z [INFO] eToro-Momentum-LS.MLS_FlashCrashReversalStrategy_SEI.US.ETORO_35: [CMD]--> SubscribeBars(bar_type=SEI.US.ETORO-1-HOUR-MID-INTERNAL, client_id=None, venue=ETORO)
2026-06-11T20:05:49.626354131Z [INFO] eToro-Momentum-LS.MLS_FlashCrashReversalStrategy_SEI.US.ETORO_35: RUNNING
2026-06-11T20:05:49.626359060Z [DEBUG] eToro-Momentum-LS.MLS_FlashCrashReversalStrategy_SEI.US.ETORO_36: STARTING
2026-06-11T20:05:49.626359571Z [INFO] eToro-Momentum-LS.MLS_FlashCrashReversalStrategy_SEI.US.ETORO_36: self.config.oms_type=None
2026-06-11T20:05:49.626359742Z [INFO] eToro-Momentum-LS.MLS_FlashCrashReversalStrategy_SEI.US.ETORO_36: self.config.external_order_claims=None
2026-06-11T20:05:49.626359892Z [INFO] eToro-Momentum-LS.MLS_FlashCrashReversalStrategy_SEI.US.ETORO_36: self.config.manage_gtd_expiry=False
2026-06-11T20:05:49.626360834Z [INFO] eToro-Momentum-LS.MLS_FlashCrashReversalStrategy_SEI.US.ETORO_36: Set ClientOrderIdGenerator client_order_id count to 0
2026-06-11T20:05:49.626361174Z [INFO] eToro-Momentum-LS.MLS_FlashCrashReversalStrategy_SEI.US.ETORO_36: Set ClientOrderIdGenerator order_list_id count to 0
2026-06-11T20:05:49.626365582Z [INFO] eToro-Momentum-LS.MLS_FlashCrashReversalStrategy_SEI.US.ETORO_36: Starte Flash Crash Reversal auf SEI.US.ETORO
2026-06-11T20:05:49.626382724Z [DEBUG] eToro-Momentum-LS.MessageBus: Added Subscription(topic=data.bars.SEI.US.ETORO-1-HOUR-MID-INTERNAL, handler=<bound method Actor.handle_bar of FlashCrashReversalStrategy(MLS_FlashCrashReversalStrategy_SEI.US.ETORO_36-036)>, priority=0)
2026-06-11T20:05:49.626391030Z [INFO] eToro-Momentum-LS.MLS_FlashCrashReversalStrategy_SEI.US.ETORO_36: [CMD]--> SubscribeBars(bar_type=SEI.US.ETORO-1-HOUR-MID-INTERNAL, client_id=None, venue=ETORO)
2026-06-11T20:05:49.626409244Z [INFO] eToro-Momentum-LS.MLS_FlashCrashReversalStrategy_SEI.US.ETORO_36: RUNNING
2026-06-11T20:05:49.626412730Z [DEBUG] eToro-Momentum-LS.MLS_FlashCrashReversalStrategy_SEI.US.ETORO_37: STARTING
2026-06-11T20:05:49.626413261Z [INFO] eToro-Momentum-LS.MLS_FlashCrashReversalStrategy_SEI.US.ETORO_37: self.config.oms_type=None
2026-06-11T20:05:49.626413442Z [INFO] eToro-Momentum-LS.MLS_FlashCrashReversalStrategy_SEI.US.ETORO_37: self.config.external_order_claims=None
2026-06-11T20:05:49.626413592Z [INFO] eToro-Momentum-LS.MLS_FlashCrashReversalStrategy_SEI.US.ETORO_37: self.config.manage_gtd_expiry=False
2026-06-11T20:05:49.626414474Z [INFO] eToro-Momentum-LS.MLS_FlashCrashReversalStrategy_SEI.US.ETORO_37: Set ClientOrderIdGenerator client_order_id count to 0
2026-06-11T20:05:49.626414784Z [INFO] eToro-Momentum-LS.MLS_FlashCrashReversalStrategy_SEI.US.ETORO_37: Set ClientOrderIdGenerator order_list_id count to 0
2026-06-11T20:05:49.626421166Z [INFO] eToro-Momentum-LS.MLS_FlashCrashReversalStrategy_SEI.US.ETORO_37: Starte Flash Crash Reversal auf SEI.US.ETORO
2026-06-11T20:05:49.626444890Z [DEBUG] eToro-Momentum-LS.MessageBus: Added Subscription(topic=data.bars.SEI.US.ETORO-1-HOUR-MID-INTERNAL, handler=<bound method Actor.handle_bar of FlashCrashReversalStrategy(MLS_FlashCrashReversalStrategy_SEI.US.ETORO_37-037)>, priority=0)
2026-06-11T20:05:49.626454038Z [INFO] eToro-Momentum-LS.MLS_FlashCrashReversalStrategy_SEI.US.ETORO_37: [CMD]--> SubscribeBars(bar_type=SEI.US.ETORO-1-HOUR-MID-INTERNAL, client_id=None, venue=ETORO)
2026-06-11T20:05:49.626475277Z [INFO] eToro-Momentum-LS.MLS_FlashCrashReversalStrategy_SEI.US.ETORO_37: RUNNING
2026-06-11T20:05:49.626479415Z [DEBUG] eToro-Momentum-LS.MLS_FlashCrashReversalStrategy_SEI.US.ETORO_38: STARTING
2026-06-11T20:05:49.626479816Z [INFO] eToro-Momentum-LS.MLS_FlashCrashReversalStrategy_SEI.US.ETORO_38: self.config.oms_type=None
2026-06-11T20:05:49.626479996Z [INFO] eToro-Momentum-LS.MLS_FlashCrashReversalStrategy_SEI.US.ETORO_38: self.config.external_order_claims=None
2026-06-11T20:05:49.626480156Z [INFO] eToro-Momentum-LS.MLS_FlashCrashReversalStrategy_SEI.US.ETORO_38: self.config.manage_gtd_expiry=False
2026-06-11T20:05:49.626480808Z [INFO] eToro-Momentum-LS.MLS_FlashCrashReversalStrategy_SEI.US.ETORO_38: Set ClientOrderIdGenerator client_order_id count to 0
2026-06-11T20:05:49.626481168Z [INFO] eToro-Momentum-LS.MLS_FlashCrashReversalStrategy_SEI.US.ETORO_38: Set ClientOrderIdGenerator order_list_id count to 0
2026-06-11T20:05:49.626590142Z [INFO] eToro-Momentum-LS.MLS_FlashCrashReversalStrategy_SEI.US.ETORO_38: Starte Flash Crash Reversal auf SEI.US.ETORO
2026-06-11T20:05:49.626609798Z [DEBUG] eToro-Momentum-LS.MessageBus: Added Subscription(topic=data.bars.SEI.US.ETORO-1-HOUR-MID-INTERNAL, handler=<bound method Actor.handle_bar of FlashCrashReversalStrategy(MLS_FlashCrashReversalStrategy_SEI.US.ETORO_38-038)>, priority=0)
2026-06-11T20:05:49.626615810Z [INFO] eToro-Momentum-LS.MLS_FlashCrashReversalStrategy_SEI.US.ETORO_38: [CMD]--> SubscribeBars(bar_type=SEI.US.ETORO-1-HOUR-MID-INTERNAL, client_id=None, venue=ETORO)
2026-06-11T20:05:49.626635196Z [INFO] eToro-Momentum-LS.MLS_FlashCrashReversalStrategy_SEI.US.ETORO_38: RUNNING
2026-06-11T20:05:49.626638863Z [DEBUG] eToro-Momentum-LS.MLS_FlashCrashReversalStrategy_SEI.US.ETORO_39: STARTING
2026-06-11T20:05:49.626639354Z [INFO] eToro-Momentum-LS.MLS_FlashCrashReversalStrategy_SEI.US.ETORO_39: self.config.oms_type=None
2026-06-11T20:05:49.626639734Z [INFO] eToro-Momentum-LS.MLS_FlashCrashReversalStrategy_SEI.US.ETORO_39: self.config.external_order_claims=None
2026-06-11T20:05:49.626640265Z [INFO] eToro-Momentum-LS.MLS_FlashCrashReversalStrategy_SEI.US.ETORO_39: self.config.manage_gtd_expiry=False
2026-06-11T20:05:49.626641207Z [INFO] eToro-Momentum-LS.MLS_FlashCrashReversalStrategy_SEI.US.ETORO_39: Set ClientOrderIdGenerator client_order_id count to 0
2026-06-11T20:05:49.626641558Z [INFO] eToro-Momentum-LS.MLS_FlashCrashReversalStrategy_SEI.US.ETORO_39: Set ClientOrderIdGenerator order_list_id count to 0
2026-06-11T20:05:49.626643692Z [INFO] eToro-Momentum-LS.MLS_FlashCrashReversalStrategy_SEI.US.ETORO_39: Starte Flash Crash Reversal auf SEI.US.ETORO
2026-06-11T20:05:49.626658319Z [DEBUG] eToro-Momentum-LS.MessageBus: Added Subscription(topic=data.bars.SEI.US.ETORO-1-HOUR-MID-INTERNAL, handler=<bound method Actor.handle_bar of FlashCrashReversalStrategy(MLS_FlashCrashReversalStrategy_SEI.US.ETORO_39-039)>, priority=0)
2026-06-11T20:05:49.626664020Z [INFO] eToro-Momentum-LS.MLS_FlashCrashReversalStrategy_SEI.US.ETORO_39: [CMD]--> SubscribeBars(bar_type=SEI.US.ETORO-1-HOUR-MID-INTERNAL, client_id=None, venue=ETORO)
2026-06-11T20:05:49.626682644Z [INFO] eToro-Momentum-LS.MLS_FlashCrashReversalStrategy_SEI.US.ETORO_39: RUNNING
2026-06-11T20:05:49.626685500Z [DEBUG] eToro-Momentum-LS.MLS_FlashCrashReversalStrategy_SEI.US.ETORO_40: STARTING
2026-06-11T20:05:49.626686031Z [INFO] eToro-Momentum-LS.MLS_FlashCrashReversalStrategy_SEI.US.ETORO_40: self.config.oms_type=None
2026-06-11T20:05:49.626686391Z [INFO] eToro-Momentum-LS.MLS_FlashCrashReversalStrategy_SEI.US.ETORO_40: self.config.external_order_claims=None
2026-06-11T20:05:49.626686722Z [INFO] eToro-Momentum-LS.MLS_FlashCrashReversalStrategy_SEI.US.ETORO_40: self.config.manage_gtd_expiry=False
2026-06-11T20:05:49.626687784Z [INFO] eToro-Momentum-LS.MLS_FlashCrashReversalStrategy_SEI.US.ETORO_40: Set ClientOrderIdGenerator client_order_id count to 0
2026-06-11T20:05:49.626688145Z [INFO] eToro-Momentum-LS.MLS_FlashCrashReversalStrategy_SEI.US.ETORO_40: Set ClientOrderIdGenerator order_list_id count to 0
2026-06-11T20:05:49.626689437Z [INFO] eToro-Momentum-LS.MLS_FlashCrashReversalStrategy_SEI.US.ETORO_40: Starte Flash Crash Reversal auf SEI.US.ETORO
2026-06-11T20:05:49.626709895Z [DEBUG] eToro-Momentum-LS.MessageBus: Added Subscription(topic=data.bars.SEI.US.ETORO-1-HOUR-MID-INTERNAL, handler=<bound method Actor.handle_bar of FlashCrashReversalStrategy(MLS_FlashCrashReversalStrategy_SEI.US.ETORO_40-040)>, priority=0)
2026-06-11T20:05:49.626721046Z [INFO] eToro-Momentum-LS.MLS_FlashCrashReversalStrategy_SEI.US.ETORO_40: [CMD]--> SubscribeBars(bar_type=SEI.US.ETORO-1-HOUR-MID-INTERNAL, client_id=None, venue=ETORO)
2026-06-11T20:05:49.626744069Z [INFO] eToro-Momentum-LS.MLS_FlashCrashReversalStrategy_SEI.US.ETORO_40: RUNNING
2026-06-11T20:05:49.626747285Z [DEBUG] eToro-Momentum-LS.MLS_FlashCrashReversalStrategy_SEI.US.ETORO_41: STARTING
2026-06-11T20:05:49.626747746Z [INFO] eToro-Momentum-LS.MLS_FlashCrashReversalStrategy_SEI.US.ETORO_41: self.config.oms_type=None
2026-06-11T20:05:49.626747906Z [INFO] eToro-Momentum-LS.MLS_FlashCrashReversalStrategy_SEI.US.ETORO_41: self.config.external_order_claims=None
2026-06-11T20:05:49.626748056Z [INFO] eToro-Momentum-LS.MLS_FlashCrashReversalStrategy_SEI.US.ETORO_41: self.config.manage_gtd_expiry=False
2026-06-11T20:05:49.626748898Z [INFO] eToro-Momentum-LS.MLS_FlashCrashReversalStrategy_SEI.US.ETORO_41: Set ClientOrderIdGenerator client_order_id count to 0
2026-06-11T20:05:49.626749038Z [INFO] eToro-Momentum-LS.MLS_FlashCrashReversalStrategy_SEI.US.ETORO_41: Set ClientOrderIdGenerator order_list_id count to 0
2026-06-11T20:05:49.626750391Z [INFO] eToro-Momentum-LS.MLS_FlashCrashReversalStrategy_SEI.US.ETORO_41: Starte Flash Crash Reversal auf SEI.US.ETORO
2026-06-11T20:05:49.626780667Z [DEBUG] eToro-Momentum-LS.MessageBus: Added Subscription(topic=data.bars.SEI.US.ETORO-1-HOUR-MID-INTERNAL, handler=<bound method Actor.handle_bar of FlashCrashReversalStrategy(MLS_FlashCrashReversalStrategy_SEI.US.ETORO_41-041)>, priority=0)
2026-06-11T20:05:49.626809621Z [INFO] eToro-Momentum-LS.MLS_FlashCrashReversalStrategy_SEI.US.ETORO_41: [CMD]--> SubscribeBars(bar_type=SEI.US.ETORO-1-HOUR-MID-INTERNAL, client_id=None, venue=ETORO)
2026-06-11T20:05:49.626829468Z [INFO] eToro-Momentum-LS.MLS_FlashCrashReversalStrategy_SEI.US.ETORO_41: RUNNING
2026-06-11T20:05:49.626832093Z [DEBUG] eToro-Momentum-LS.MLS_FlashCrashReversalStrategy_NOK.ETORO_42: STARTING
2026-06-11T20:05:49.626832324Z [INFO] eToro-Momentum-LS.MLS_FlashCrashReversalStrategy_NOK.ETORO_42: self.config.oms_type=None
2026-06-11T20:05:49.626832624Z [INFO] eToro-Momentum-LS.MLS_FlashCrashReversalStrategy_NOK.ETORO_42: self.config.external_order_claims=None
2026-06-11T20:05:49.626832875Z [INFO] eToro-Momentum-LS.MLS_FlashCrashReversalStrategy_NOK.ETORO_42: self.config.manage_gtd_expiry=False
2026-06-11T20:05:49.626833646Z [INFO] eToro-Momentum-LS.MLS_FlashCrashReversalStrategy_NOK.ETORO_42: Set ClientOrderIdGenerator client_order_id count to 0
2026-06-11T20:05:49.626833847Z [INFO] eToro-Momentum-LS.MLS_FlashCrashReversalStrategy_NOK.ETORO_42: Set ClientOrderIdGenerator order_list_id count to 0
2026-06-11T20:05:49.626835780Z [INFO] eToro-Momentum-LS.MLS_FlashCrashReversalStrategy_NOK.ETORO_42: Starte Flash Crash Reversal auf NOK.ETORO
2026-06-11T20:05:49.626850017Z [DEBUG] eToro-Momentum-LS.MessageBus: Added Subscription(topic=data.bars.NOK.ETORO-1-HOUR-MID-INTERNAL, handler=<bound method Actor.handle_bar of FlashCrashReversalStrategy(MLS_FlashCrashReversalStrategy_NOK.ETORO_42-042)>, priority=0)
2026-06-11T20:05:49.626854375Z [INFO] eToro-Momentum-LS.MLS_FlashCrashReversalStrategy_NOK.ETORO_42: [CMD]--> SubscribeBars(bar_type=NOK.ETORO-1-HOUR-MID-INTERNAL, client_id=None, venue=ETORO)
2026-06-11T20:05:49.626869663Z [INFO] eToro-Momentum-LS.MLS_FlashCrashReversalStrategy_NOK.ETORO_42: RUNNING
2026-06-11T20:05:49.626872849Z [DEBUG] eToro-Momentum-LS.MLS_FlashCrashReversalStrategy_NOK.ETORO_43: STARTING
2026-06-11T20:05:49.626873220Z [INFO] eToro-Momentum-LS.MLS_FlashCrashReversalStrategy_NOK.ETORO_43: self.config.oms_type=None
2026-06-11T20:05:49.626873400Z [INFO] eToro-Momentum-LS.MLS_FlashCrashReversalStrategy_NOK.ETORO_43: self.config.external_order_claims=None
2026-06-11T20:05:49.626873661Z [INFO] eToro-Momentum-LS.MLS_FlashCrashReversalStrategy_NOK.ETORO_43: self.config.manage_gtd_expiry=False
2026-06-11T20:05:49.626874472Z [INFO] eToro-Momentum-LS.MLS_FlashCrashReversalStrategy_NOK.ETORO_43: Set ClientOrderIdGenerator client_order_id count to 0
2026-06-11T20:05:49.626874613Z [INFO] eToro-Momentum-LS.MLS_FlashCrashReversalStrategy_NOK.ETORO_43: Set ClientOrderIdGenerator order_list_id count to 0
2026-06-11T20:05:49.626876466Z [INFO] eToro-Momentum-LS.MLS_FlashCrashReversalStrategy_NOK.ETORO_43: Starte Flash Crash Reversal auf NOK.ETORO
2026-06-11T20:05:49.626885503Z [DEBUG] eToro-Momentum-LS.MessageBus: Added Subscription(topic=data.bars.NOK.ETORO-1-HOUR-MID-INTERNAL, handler=<bound method Actor.handle_bar of FlashCrashReversalStrategy(MLS_FlashCrashReversalStrategy_NOK.ETORO_43-043)>, priority=0)
2026-06-11T20:05:49.626890011Z [INFO] eToro-Momentum-LS.MLS_FlashCrashReversalStrategy_NOK.ETORO_43: [CMD]--> SubscribeBars(bar_type=NOK.ETORO-1-HOUR-MID-INTERNAL, client_id=None, venue=ETORO)
2026-06-11T20:05:49.626907043Z [INFO] eToro-Momentum-LS.MLS_FlashCrashReversalStrategy_NOK.ETORO_43: RUNNING
2026-06-11T20:05:49.626910400Z [DEBUG] eToro-Momentum-LS.MLS_FlashCrashReversalStrategy_COHR.ETORO_44: STARTING
2026-06-11T20:05:49.626910830Z [INFO] eToro-Momentum-LS.MLS_FlashCrashReversalStrategy_COHR.ETORO_44: self.config.oms_type=None
2026-06-11T20:05:49.626911011Z [INFO] eToro-Momentum-LS.MLS_FlashCrashReversalStrategy_COHR.ETORO_44: self.config.external_order_claims=None
2026-06-11T20:05:49.626911161Z [INFO] eToro-Momentum-LS.MLS_FlashCrashReversalStrategy_COHR.ETORO_44: self.config.manage_gtd_expiry=False
2026-06-11T20:05:49.626912163Z [INFO] eToro-Momentum-LS.MLS_FlashCrashReversalStrategy_COHR.ETORO_44: Set ClientOrderIdGenerator client_order_id count to 0
2026-06-11T20:05:49.626912383Z [INFO] eToro-Momentum-LS.MLS_FlashCrashReversalStrategy_COHR.ETORO_44: Set ClientOrderIdGenerator order_list_id count to 0
2026-06-11T20:05:49.626913686Z [INFO] eToro-Momentum-LS.MLS_FlashCrashReversalStrategy_COHR.ETORO_44: Starte Flash Crash Reversal auf COHR.ETORO
2026-06-11T20:05:49.626930597Z [DEBUG] eToro-Momentum-LS.MessageBus: Added Subscription(topic=data.bars.COHR.ETORO-1-HOUR-MID-INTERNAL, handler=<bound method Actor.handle_bar of FlashCrashReversalStrategy(MLS_FlashCrashReversalStrategy_COHR.ETORO_44-044)>, priority=0)
2026-06-11T20:05:49.626938141Z [INFO] eToro-Momentum-LS.MLS_FlashCrashReversalStrategy_COHR.ETORO_44: [CMD]--> SubscribeBars(bar_type=COHR.ETORO-1-HOUR-MID-INTERNAL, client_id=None, venue=ETORO)
2026-06-11T20:05:49.626954672Z [INFO] eToro-Momentum-LS.MLS_FlashCrashReversalStrategy_COHR.ETORO_44: RUNNING
2026-06-11T20:05:49.626957467Z [DEBUG] eToro-Momentum-LS.MLS_FlashCrashReversalStrategy_COHR.ETORO_45: STARTING
2026-06-11T20:05:49.626958008Z [INFO] eToro-Momentum-LS.MLS_FlashCrashReversalStrategy_COHR.ETORO_45: self.config.oms_type=None
2026-06-11T20:05:49.626958189Z [INFO] eToro-Momentum-LS.MLS_FlashCrashReversalStrategy_COHR.ETORO_45: self.config.external_order_claims=None
2026-06-11T20:05:49.626958359Z [INFO] eToro-Momentum-LS.MLS_FlashCrashReversalStrategy_COHR.ETORO_45: self.config.manage_gtd_expiry=False
2026-06-11T20:05:49.626959060Z [INFO] eToro-Momentum-LS.MLS_FlashCrashReversalStrategy_COHR.ETORO_45: Set ClientOrderIdGenerator client_order_id count to 0
2026-06-11T20:05:49.626959231Z [INFO] eToro-Momentum-LS.MLS_FlashCrashReversalStrategy_COHR.ETORO_45: Set ClientOrderIdGenerator order_list_id count to 0
2026-06-11T20:05:49.626960924Z [INFO] eToro-Momentum-LS.MLS_FlashCrashReversalStrategy_COHR.ETORO_45: Starte Flash Crash Reversal auf COHR.ETORO
2026-06-11T20:05:49.626969580Z [DEBUG] eToro-Momentum-LS.MessageBus: Added Subscription(topic=data.bars.COHR.ETORO-1-HOUR-MID-INTERNAL, handler=<bound method Actor.handle_bar of FlashCrashReversalStrategy(MLS_FlashCrashReversalStrategy_COHR.ETORO_45-045)>, priority=0)
2026-06-11T20:05:49.626972566Z [INFO] eToro-Momentum-LS.MLS_FlashCrashReversalStrategy_COHR.ETORO_45: [CMD]--> SubscribeBars(bar_type=COHR.ETORO-1-HOUR-MID-INTERNAL, client_id=None, venue=ETORO)
2026-06-11T20:05:49.626987864Z [INFO] eToro-Momentum-LS.MLS_FlashCrashReversalStrategy_COHR.ETORO_45: RUNNING
2026-06-11T20:05:49.626990619Z [DEBUG] eToro-Momentum-LS.MLS_FlashCrashReversalStrategy_COHR.ETORO_46: STARTING
2026-06-11T20:05:49.626990940Z [INFO] eToro-Momentum-LS.MLS_FlashCrashReversalStrategy_COHR.ETORO_46: self.config.oms_type=None
2026-06-11T20:05:49.626991210Z [INFO] eToro-Momentum-LS.MLS_FlashCrashReversalStrategy_COHR.ETORO_46: self.config.external_order_claims=None
2026-06-11T20:05:49.626991361Z [INFO] eToro-Momentum-LS.MLS_FlashCrashReversalStrategy_COHR.ETORO_46: self.config.manage_gtd_expiry=False
2026-06-11T20:05:49.626992072Z [INFO] eToro-Momentum-LS.MLS_FlashCrashReversalStrategy_COHR.ETORO_46: Set ClientOrderIdGenerator client_order_id count to 0
2026-06-11T20:05:49.626992292Z [INFO] eToro-Momentum-LS.MLS_FlashCrashReversalStrategy_COHR.ETORO_46: Set ClientOrderIdGenerator order_list_id count to 0
2026-06-11T20:05:49.626993705Z [INFO] eToro-Momentum-LS.MLS_FlashCrashReversalStrategy_COHR.ETORO_46: Starte Flash Crash Reversal auf COHR.ETORO
2026-06-11T20:05:49.627007982Z [DEBUG] eToro-Momentum-LS.MessageBus: Added Subscription(topic=data.bars.COHR.ETORO-1-HOUR-MID-INTERNAL, handler=<bound method Actor.handle_bar of FlashCrashReversalStrategy(MLS_FlashCrashReversalStrategy_COHR.ETORO_46-046)>, priority=0)
2026-06-11T20:05:49.627010917Z [INFO] eToro-Momentum-LS.MLS_FlashCrashReversalStrategy_COHR.ETORO_46: [CMD]--> SubscribeBars(bar_type=COHR.ETORO-1-HOUR-MID-INTERNAL, client_id=None, venue=ETORO)
2026-06-11T20:05:49.627027939Z [INFO] eToro-Momentum-LS.MLS_FlashCrashReversalStrategy_COHR.ETORO_46: RUNNING
2026-06-11T20:05:49.627030233Z [DEBUG] eToro-Momentum-LS.MLS_FlashCrashReversalStrategy_COHR.ETORO_47: STARTING
2026-06-11T20:05:49.627030794Z [INFO] eToro-Momentum-LS.MLS_FlashCrashReversalStrategy_COHR.ETORO_47: self.config.oms_type=None
2026-06-11T20:05:49.627030955Z [INFO] eToro-Momentum-LS.MLS_FlashCrashReversalStrategy_COHR.ETORO_47: self.config.external_order_claims=None
2026-06-11T20:05:49.627031105Z [INFO] eToro-Momentum-LS.MLS_FlashCrashReversalStrategy_COHR.ETORO_47: self.config.manage_gtd_expiry=False
2026-06-11T20:05:49.627031756Z [INFO] eToro-Momentum-LS.MLS_FlashCrashReversalStrategy_COHR.ETORO_47: Set ClientOrderIdGenerator client_order_id count to 0
2026-06-11T20:05:49.627031896Z [INFO] eToro-Momentum-LS.MLS_FlashCrashReversalStrategy_COHR.ETORO_47: Set ClientOrderIdGenerator order_list_id count to 0
2026-06-11T20:05:49.627034090Z [INFO] eToro-Momentum-LS.MLS_FlashCrashReversalStrategy_COHR.ETORO_47: Starte Flash Crash Reversal auf COHR.ETORO
2026-06-11T20:05:49.627045422Z [DEBUG] eToro-Momentum-LS.MessageBus: Added Subscription(topic=data.bars.COHR.ETORO-1-HOUR-MID-INTERNAL, handler=<bound method Actor.handle_bar of FlashCrashReversalStrategy(MLS_FlashCrashReversalStrategy_COHR.ETORO_47-047)>, priority=0)
2026-06-11T20:05:49.627049028Z [INFO] eToro-Momentum-LS.MLS_FlashCrashReversalStrategy_COHR.ETORO_47: [CMD]--> SubscribeBars(bar_type=COHR.ETORO-1-HOUR-MID-INTERNAL, client_id=None, venue=ETORO)
2026-06-11T20:05:49.627065189Z [INFO] eToro-Momentum-LS.MLS_FlashCrashReversalStrategy_COHR.ETORO_47: RUNNING
2026-06-11T20:05:49.627067793Z [DEBUG] eToro-Momentum-LS.MLS_FlashCrashReversalStrategy_COHR.ETORO_48: STARTING
2026-06-11T20:05:49.627068204Z [INFO] eToro-Momentum-LS.MLS_FlashCrashReversalStrategy_COHR.ETORO_48: self.config.oms_type=None
2026-06-11T20:05:49.627068465Z [INFO] eToro-Momentum-LS.MLS_FlashCrashReversalStrategy_COHR.ETORO_48: self.config.external_order_claims=None
2026-06-11T20:05:49.627068625Z [INFO] eToro-Momentum-LS.MLS_FlashCrashReversalStrategy_COHR.ETORO_48: self.config.manage_gtd_expiry=False
2026-06-11T20:05:49.627069436Z [INFO] eToro-Momentum-LS.MLS_FlashCrashReversalStrategy_COHR.ETORO_48: Set ClientOrderIdGenerator client_order_id count to 0
2026-06-11T20:05:49.627069637Z [INFO] eToro-Momentum-LS.MLS_FlashCrashReversalStrategy_COHR.ETORO_48: Set ClientOrderIdGenerator order_list_id count to 0
2026-06-11T20:05:49.627071540Z [INFO] eToro-Momentum-LS.MLS_FlashCrashReversalStrategy_COHR.ETORO_48: Starte Flash Crash Reversal auf COHR.ETORO
2026-06-11T20:05:49.627083703Z [DEBUG] eToro-Momentum-LS.MessageBus: Added Subscription(topic=data.bars.COHR.ETORO-1-HOUR-MID-INTERNAL, handler=<bound method Actor.handle_bar of FlashCrashReversalStrategy(MLS_FlashCrashReversalStrategy_COHR.ETORO_48-048)>, priority=0)
2026-06-11T20:05:49.627086749Z [INFO] eToro-Momentum-LS.MLS_FlashCrashReversalStrategy_COHR.ETORO_48: [CMD]--> SubscribeBars(bar_type=COHR.ETORO-1-HOUR-MID-INTERNAL, client_id=None, venue=ETORO)
2026-06-11T20:05:49.627103290Z [INFO] eToro-Momentum-LS.MLS_FlashCrashReversalStrategy_COHR.ETORO_48: RUNNING
2026-06-11T20:05:49.627105995Z [DEBUG] eToro-Momentum-LS.MLS_FlashCrashReversalStrategy_COHR.ETORO_49: STARTING
2026-06-11T20:05:49.627106496Z [INFO] eToro-Momentum-LS.MLS_FlashCrashReversalStrategy_COHR.ETORO_49: self.config.oms_type=None
2026-06-11T20:05:49.627106766Z [INFO] eToro-Momentum-LS.MLS_FlashCrashReversalStrategy_COHR.ETORO_49: self.config.external_order_claims=None
2026-06-11T20:05:49.627107007Z [INFO] eToro-Momentum-LS.MLS_FlashCrashReversalStrategy_COHR.ETORO_49: self.config.manage_gtd_expiry=False
2026-06-11T20:05:49.627107678Z [INFO] eToro-Momentum-LS.MLS_FlashCrashReversalStrategy_COHR.ETORO_49: Set ClientOrderIdGenerator client_order_id count to 0
2026-06-11T20:05:49.627107908Z [INFO] eToro-Momentum-LS.MLS_FlashCrashReversalStrategy_COHR.ETORO_49: Set ClientOrderIdGenerator order_list_id count to 0
2026-06-11T20:05:49.627122916Z [INFO] eToro-Momentum-LS.MLS_FlashCrashReversalStrategy_COHR.ETORO_49: Starte Flash Crash Reversal auf COHR.ETORO
2026-06-11T20:05:49.627135941Z [DEBUG] eToro-Momentum-LS.MessageBus: Added Subscription(topic=data.bars.COHR.ETORO-1-HOUR-MID-INTERNAL, handler=<bound method Actor.handle_bar of FlashCrashReversalStrategy(MLS_FlashCrashReversalStrategy_COHR.ETORO_49-049)>, priority=0)
2026-06-11T20:05:49.627140379Z [INFO] eToro-Momentum-LS.MLS_FlashCrashReversalStrategy_COHR.ETORO_49: [CMD]--> SubscribeBars(bar_type=COHR.ETORO-1-HOUR-MID-INTERNAL, client_id=None, venue=ETORO)
2026-06-11T20:05:49.627162360Z [INFO] eToro-Momentum-LS.MLS_FlashCrashReversalStrategy_COHR.ETORO_49: RUNNING
2026-06-11T20:05:49.627166698Z [DEBUG] eToro-Momentum-LS.MLS_FlashCrashReversalStrategy_COHR.ETORO_50: STARTING
2026-06-11T20:05:49.627166928Z [INFO] eToro-Momentum-LS.MLS_FlashCrashReversalStrategy_COHR.ETORO_50: self.config.oms_type=None
2026-06-11T20:05:49.627167229Z [INFO] eToro-Momentum-LS.MLS_FlashCrashReversalStrategy_COHR.ETORO_50: self.config.external_order_claims=None
2026-06-11T20:05:49.627167479Z [INFO] eToro-Momentum-LS.MLS_FlashCrashReversalStrategy_COHR.ETORO_50: self.config.manage_gtd_expiry=False
2026-06-11T20:05:49.627168201Z [INFO] eToro-Momentum-LS.MLS_FlashCrashReversalStrategy_COHR.ETORO_50: Set ClientOrderIdGenerator client_order_id count to 0
2026-06-11T20:05:49.627168431Z [INFO] eToro-Momentum-LS.MLS_FlashCrashReversalStrategy_COHR.ETORO_50: Set ClientOrderIdGenerator order_list_id count to 0
2026-06-11T20:05:49.627169934Z [INFO] eToro-Momentum-LS.MLS_FlashCrashReversalStrategy_COHR.ETORO_50: Starte Flash Crash Reversal auf COHR.ETORO
2026-06-11T20:05:49.627178951Z [DEBUG] eToro-Momentum-LS.MessageBus: Added Subscription(topic=data.bars.COHR.ETORO-1-HOUR-MID-INTERNAL, handler=<bound method Actor.handle_bar of FlashCrashReversalStrategy(MLS_FlashCrashReversalStrategy_COHR.ETORO_50-050)>, priority=0)
2026-06-11T20:05:49.627181526Z [INFO] eToro-Momentum-LS.MLS_FlashCrashReversalStrategy_COHR.ETORO_50: [CMD]--> SubscribeBars(bar_type=COHR.ETORO-1-HOUR-MID-INTERNAL, client_id=None, venue=ETORO)
2026-06-11T20:05:49.627197786Z [INFO] eToro-Momentum-LS.MLS_FlashCrashReversalStrategy_COHR.ETORO_50: RUNNING
2026-06-11T20:05:49.627200371Z [DEBUG] eToro-Momentum-LS.MLS_FlashCrashReversalStrategy_COHR.ETORO_51: STARTING
2026-06-11T20:05:49.627200661Z [INFO] eToro-Momentum-LS.MLS_FlashCrashReversalStrategy_COHR.ETORO_51: self.config.oms_type=None
2026-06-11T20:05:49.627200822Z [INFO] eToro-Momentum-LS.MLS_FlashCrashReversalStrategy_COHR.ETORO_51: self.config.external_order_claims=None
2026-06-11T20:05:49.627201072Z [INFO] eToro-Momentum-LS.MLS_FlashCrashReversalStrategy_COHR.ETORO_51: self.config.manage_gtd_expiry=False
2026-06-11T20:05:49.627201784Z [INFO] eToro-Momentum-LS.MLS_FlashCrashReversalStrategy_COHR.ETORO_51: Set ClientOrderIdGenerator client_order_id count to 0
2026-06-11T20:05:49.627201924Z [INFO] eToro-Momentum-LS.MLS_FlashCrashReversalStrategy_COHR.ETORO_51: Set ClientOrderIdGenerator order_list_id count to 0
2026-06-11T20:05:49.627204178Z [INFO] eToro-Momentum-LS.MLS_FlashCrashReversalStrategy_COHR.ETORO_51: Starte Flash Crash Reversal auf COHR.ETORO
2026-06-11T20:05:49.627216070Z [DEBUG] eToro-Momentum-LS.MessageBus: Added Subscription(topic=data.bars.COHR.ETORO-1-HOUR-MID-INTERNAL, handler=<bound method Actor.handle_bar of FlashCrashReversalStrategy(MLS_FlashCrashReversalStrategy_COHR.ETORO_51-051)>, priority=0)
2026-06-11T20:05:49.627221440Z [INFO] eToro-Momentum-LS.MLS_FlashCrashReversalStrategy_COHR.ETORO_51: [CMD]--> SubscribeBars(bar_type=COHR.ETORO-1-HOUR-MID-INTERNAL, client_id=None, venue=ETORO)
2026-06-11T20:05:49.627242049Z [INFO] eToro-Momentum-LS.MLS_FlashCrashReversalStrategy_COHR.ETORO_51: RUNNING
2026-06-11T20:05:49.627244924Z [DEBUG] eToro-Momentum-LS.MLS_FlashCrashReversalStrategy_COHR.ETORO_52: STARTING
2026-06-11T20:05:49.627245295Z [INFO] eToro-Momentum-LS.MLS_FlashCrashReversalStrategy_COHR.ETORO_52: self.config.oms_type=None
2026-06-11T20:05:49.627245465Z [INFO] eToro-Momentum-LS.MLS_FlashCrashReversalStrategy_COHR.ETORO_52: self.config.external_order_claims=None
2026-06-11T20:05:49.627245615Z [INFO] eToro-Momentum-LS.MLS_FlashCrashReversalStrategy_COHR.ETORO_52: self.config.manage_gtd_expiry=False
2026-06-11T20:05:49.627246247Z [INFO] eToro-Momentum-LS.MLS_FlashCrashReversalStrategy_COHR.ETORO_52: Set ClientOrderIdGenerator client_order_id count to 0
2026-06-11T20:05:49.627246457Z [INFO] eToro-Momentum-LS.MLS_FlashCrashReversalStrategy_COHR.ETORO_52: Set ClientOrderIdGenerator order_list_id count to 0
2026-06-11T20:05:49.627248160Z [INFO] eToro-Momentum-LS.MLS_FlashCrashReversalStrategy_COHR.ETORO_52: Starte Flash Crash Reversal auf COHR.ETORO
2026-06-11T20:05:49.627257327Z [DEBUG] eToro-Momentum-LS.MessageBus: Added Subscription(topic=data.bars.COHR.ETORO-1-HOUR-MID-INTERNAL, handler=<bound method Actor.handle_bar of FlashCrashReversalStrategy(MLS_FlashCrashReversalStrategy_COHR.ETORO_52-052)>, priority=0)
2026-06-11T20:05:49.627261134Z [INFO] eToro-Momentum-LS.MLS_FlashCrashReversalStrategy_COHR.ETORO_52: [CMD]--> SubscribeBars(bar_type=COHR.ETORO-1-HOUR-MID-INTERNAL, client_id=None, venue=ETORO)
2026-06-11T20:05:49.627277705Z [INFO] eToro-Momentum-LS.MLS_FlashCrashReversalStrategy_COHR.ETORO_52: RUNNING
2026-06-11T20:05:49.627280200Z [DEBUG] eToro-Momentum-LS.MLS_FlashCrashReversalStrategy_COHR.ETORO_53: STARTING
2026-06-11T20:05:49.627282544Z [INFO] eToro-Momentum-LS.MLS_FlashCrashReversalStrategy_COHR.ETORO_53: self.config.oms_type=None
2026-06-11T20:05:49.627282725Z [INFO] eToro-Momentum-LS.MLS_FlashCrashReversalStrategy_COHR.ETORO_53: self.config.external_order_claims=None
2026-06-11T20:05:49.627282885Z [INFO] eToro-Momentum-LS.MLS_FlashCrashReversalStrategy_COHR.ETORO_53: self.config.manage_gtd_expiry=False
2026-06-11T20:05:49.627283596Z [INFO] eToro-Momentum-LS.MLS_FlashCrashReversalStrategy_COHR.ETORO_53: Set ClientOrderIdGenerator client_order_id count to 0
2026-06-11T20:05:49.627283757Z [INFO] eToro-Momentum-LS.MLS_FlashCrashReversalStrategy_COHR.ETORO_53: Set ClientOrderIdGenerator order_list_id count to 0
2026-06-11T20:05:49.627286141Z [INFO] eToro-Momentum-LS.MLS_FlashCrashReversalStrategy_COHR.ETORO_53: Starte Flash Crash Reversal auf COHR.ETORO
2026-06-11T20:05:49.627295949Z [DEBUG] eToro-Momentum-LS.MessageBus: Added Subscription(topic=data.bars.COHR.ETORO-1-HOUR-MID-INTERNAL, handler=<bound method Actor.handle_bar of FlashCrashReversalStrategy(MLS_FlashCrashReversalStrategy_COHR.ETORO_53-053)>, priority=0)
2026-06-11T20:05:49.627300087Z [INFO] eToro-Momentum-LS.MLS_FlashCrashReversalStrategy_COHR.ETORO_53: [CMD]--> SubscribeBars(bar_type=COHR.ETORO-1-HOUR-MID-INTERNAL, client_id=None, venue=ETORO)
2026-06-11T20:05:49.627317469Z [INFO] eToro-Momentum-LS.MLS_FlashCrashReversalStrategy_COHR.ETORO_53: RUNNING
2026-06-11T20:05:49.627320525Z [DEBUG] eToro-Momentum-LS.MLS_FlashCrashReversalStrategy_COHR.ETORO_54: STARTING
2026-06-11T20:05:49.627320846Z [INFO] eToro-Momentum-LS.MLS_FlashCrashReversalStrategy_COHR.ETORO_54: self.config.oms_type=None
2026-06-11T20:05:49.627321026Z [INFO] eToro-Momentum-LS.MLS_FlashCrashReversalStrategy_COHR.ETORO_54: self.config.external_order_claims=None
2026-06-11T20:05:49.627321186Z [INFO] eToro-Momentum-LS.MLS_FlashCrashReversalStrategy_COHR.ETORO_54: self.config.manage_gtd_expiry=False
2026-06-11T20:05:49.627321707Z [INFO] eToro-Momentum-LS.MLS_FlashCrashReversalStrategy_COHR.ETORO_54: Set ClientOrderIdGenerator client_order_id count to 0
2026-06-11T20:05:49.627321958Z [INFO] eToro-Momentum-LS.MLS_FlashCrashReversalStrategy_COHR.ETORO_54: Set ClientOrderIdGenerator order_list_id count to 0
2026-06-11T20:05:49.627323551Z [INFO] eToro-Momentum-LS.MLS_FlashCrashReversalStrategy_COHR.ETORO_54: Starte Flash Crash Reversal auf COHR.ETORO
2026-06-11T20:05:49.627335353Z [DEBUG] eToro-Momentum-LS.MessageBus: Added Subscription(topic=data.bars.COHR.ETORO-1-HOUR-MID-INTERNAL, handler=<bound method Actor.handle_bar of FlashCrashReversalStrategy(MLS_FlashCrashReversalStrategy_COHR.ETORO_54-054)>, priority=0)
2026-06-11T20:05:49.627338769Z [INFO] eToro-Momentum-LS.MLS_FlashCrashReversalStrategy_COHR.ETORO_54: [CMD]--> SubscribeBars(bar_type=COHR.ETORO-1-HOUR-MID-INTERNAL, client_id=None, venue=ETORO)
2026-06-11T20:05:49.627355150Z [INFO] eToro-Momentum-LS.MLS_FlashCrashReversalStrategy_COHR.ETORO_54: RUNNING
2026-06-11T20:05:49.627357705Z [DEBUG] eToro-Momentum-LS.MLS_FlashCrashReversalStrategy_LQDA.ETORO_55: STARTING
2026-06-11T20:05:49.627358005Z [INFO] eToro-Momentum-LS.MLS_FlashCrashReversalStrategy_LQDA.ETORO_55: self.config.oms_type=None
2026-06-11T20:05:49.627358186Z [INFO] eToro-Momentum-LS.MLS_FlashCrashReversalStrategy_LQDA.ETORO_55: self.config.external_order_claims=None
2026-06-11T20:05:49.627358346Z [INFO] eToro-Momentum-LS.MLS_FlashCrashReversalStrategy_LQDA.ETORO_55: self.config.manage_gtd_expiry=False
2026-06-11T20:05:49.627358857Z [INFO] eToro-Momentum-LS.MLS_FlashCrashReversalStrategy_LQDA.ETORO_55: Set ClientOrderIdGenerator client_order_id count to 0
2026-06-11T20:05:49.627359007Z [INFO] eToro-Momentum-LS.MLS_FlashCrashReversalStrategy_LQDA.ETORO_55: Set ClientOrderIdGenerator order_list_id count to 0
2026-06-11T20:05:49.627360550Z [INFO] eToro-Momentum-LS.MLS_FlashCrashReversalStrategy_LQDA.ETORO_55: Starte Flash Crash Reversal auf LQDA.ETORO
2026-06-11T20:05:49.627372132Z [DEBUG] eToro-Momentum-LS.MessageBus: Added Subscription(topic=data.bars.LQDA.ETORO-1-HOUR-MID-INTERNAL, handler=<bound method Actor.handle_bar of FlashCrashReversalStrategy(MLS_FlashCrashReversalStrategy_LQDA.ETORO_55-055)>, priority=0)
2026-06-11T20:05:49.627375037Z [INFO] eToro-Momentum-LS.MLS_FlashCrashReversalStrategy_LQDA.ETORO_55: [CMD]--> SubscribeBars(bar_type=LQDA.ETORO-1-HOUR-MID-INTERNAL, client_id=None, venue=ETORO)
2026-06-11T20:05:49.627392049Z [INFO] eToro-Momentum-LS.MLS_FlashCrashReversalStrategy_LQDA.ETORO_55: RUNNING
2026-06-11T20:05:49.627398962Z [DEBUG] eToro-Momentum-LS.MLS_FlashCrashReversalStrategy_LQDA.ETORO_56: STARTING
2026-06-11T20:05:49.627399543Z [INFO] eToro-Momentum-LS.MLS_FlashCrashReversalStrategy_LQDA.ETORO_56: self.config.oms_type=None
2026-06-11T20:05:49.627402358Z [INFO] eToro-Momentum-LS.MLS_FlashCrashReversalStrategy_LQDA.ETORO_56: self.config.external_order_claims=None
2026-06-11T20:05:49.627402608Z [INFO] eToro-Momentum-LS.MLS_FlashCrashReversalStrategy_LQDA.ETORO_56: self.config.manage_gtd_expiry=False
2026-06-11T20:05:49.627403370Z [INFO] eToro-Momentum-LS.MLS_FlashCrashReversalStrategy_LQDA.ETORO_56: Set ClientOrderIdGenerator client_order_id count to 0
2026-06-11T20:05:49.627403620Z [INFO] eToro-Momentum-LS.MLS_FlashCrashReversalStrategy_LQDA.ETORO_56: Set ClientOrderIdGenerator order_list_id count to 0
2026-06-11T20:05:49.627404752Z [INFO] eToro-Momentum-LS.MLS_FlashCrashReversalStrategy_LQDA.ETORO_56: Starte Flash Crash Reversal auf LQDA.ETORO
2026-06-11T20:05:49.627416204Z [DEBUG] eToro-Momentum-LS.MessageBus: Added Subscription(topic=data.bars.LQDA.ETORO-1-HOUR-MID-INTERNAL, handler=<bound method Actor.handle_bar of FlashCrashReversalStrategy(MLS_FlashCrashReversalStrategy_LQDA.ETORO_56-056)>, priority=0)
2026-06-11T20:05:49.627419390Z [INFO] eToro-Momentum-LS.MLS_FlashCrashReversalStrategy_LQDA.ETORO_56: [CMD]--> SubscribeBars(bar_type=LQDA.ETORO-1-HOUR-MID-INTERNAL, client_id=None, venue=ETORO)
2026-06-11T20:05:49.627438225Z [INFO] eToro-Momentum-LS.MLS_FlashCrashReversalStrategy_LQDA.ETORO_56: RUNNING
2026-06-11T20:05:49.627441120Z [DEBUG] eToro-Momentum-LS.MLS_FlashCrashReversalStrategy_LQDA.ETORO_57: STARTING
2026-06-11T20:05:49.627441531Z [INFO] eToro-Momentum-LS.MLS_FlashCrashReversalStrategy_LQDA.ETORO_57: self.config.oms_type=None
2026-06-11T20:05:49.627441681Z [INFO] eToro-Momentum-LS.MLS_FlashCrashReversalStrategy_LQDA.ETORO_57: self.config.external_order_claims=None
2026-06-11T20:05:49.627441832Z [INFO] eToro-Momentum-LS.MLS_FlashCrashReversalStrategy_LQDA.ETORO_57: self.config.manage_gtd_expiry=False
2026-06-11T20:05:49.627442493Z [INFO] eToro-Momentum-LS.MLS_FlashCrashReversalStrategy_LQDA.ETORO_57: Set ClientOrderIdGenerator client_order_id count to 0
2026-06-11T20:05:49.627442653Z [INFO] eToro-Momentum-LS.MLS_FlashCrashReversalStrategy_LQDA.ETORO_57: Set ClientOrderIdGenerator order_list_id count to 0
2026-06-11T20:05:49.627444136Z [INFO] eToro-Momentum-LS.MLS_FlashCrashReversalStrategy_LQDA.ETORO_57: Starte Flash Crash Reversal auf LQDA.ETORO
2026-06-11T20:05:49.627454205Z [DEBUG] eToro-Momentum-LS.MessageBus: Added Subscription(topic=data.bars.LQDA.ETORO-1-HOUR-MID-INTERNAL, handler=<bound method Actor.handle_bar of FlashCrashReversalStrategy(MLS_FlashCrashReversalStrategy_LQDA.ETORO_57-057)>, priority=0)
2026-06-11T20:05:49.627457761Z [INFO] eToro-Momentum-LS.MLS_FlashCrashReversalStrategy_LQDA.ETORO_57: [CMD]--> SubscribeBars(bar_type=LQDA.ETORO-1-HOUR-MID-INTERNAL, client_id=None, venue=ETORO)
2026-06-11T20:05:49.627473491Z [INFO] eToro-Momentum-LS.MLS_FlashCrashReversalStrategy_LQDA.ETORO_57: RUNNING
2026-06-11T20:05:49.627476306Z [DEBUG] eToro-Momentum-LS.MLS_FlashCrashReversalStrategy_LQDA.ETORO_58: STARTING
2026-06-11T20:05:49.627476607Z [INFO] eToro-Momentum-LS.MLS_FlashCrashReversalStrategy_LQDA.ETORO_58: self.config.oms_type=None
2026-06-11T20:05:49.627476877Z [INFO] eToro-Momentum-LS.MLS_FlashCrashReversalStrategy_LQDA.ETORO_58: self.config.external_order_claims=None
2026-06-11T20:05:49.627477128Z [INFO] eToro-Momentum-LS.MLS_FlashCrashReversalStrategy_LQDA.ETORO_58: self.config.manage_gtd_expiry=False
2026-06-11T20:05:49.627477949Z [INFO] eToro-Momentum-LS.MLS_FlashCrashReversalStrategy_LQDA.ETORO_58: Set ClientOrderIdGenerator client_order_id count to 0
2026-06-11T20:05:49.627478200Z [INFO] eToro-Momentum-LS.MLS_FlashCrashReversalStrategy_LQDA.ETORO_58: Set ClientOrderIdGenerator order_list_id count to 0
2026-06-11T20:05:49.627479742Z [INFO] eToro-Momentum-LS.MLS_FlashCrashReversalStrategy_LQDA.ETORO_58: Starte Flash Crash Reversal auf LQDA.ETORO
2026-06-11T20:05:49.627491955Z [DEBUG] eToro-Momentum-LS.MessageBus: Added Subscription(topic=data.bars.LQDA.ETORO-1-HOUR-MID-INTERNAL, handler=<bound method Actor.handle_bar of FlashCrashReversalStrategy(MLS_FlashCrashReversalStrategy_LQDA.ETORO_58-058)>, priority=0)
2026-06-11T20:05:49.627495001Z [INFO] eToro-Momentum-LS.MLS_FlashCrashReversalStrategy_LQDA.ETORO_58: [CMD]--> SubscribeBars(bar_type=LQDA.ETORO-1-HOUR-MID-INTERNAL, client_id=None, venue=ETORO)
2026-06-11T20:05:49.627514778Z [INFO] eToro-Momentum-LS.MLS_FlashCrashReversalStrategy_LQDA.ETORO_58: RUNNING
2026-06-11T20:05:49.627517132Z [DEBUG] eToro-Momentum-LS.MLS_FlashCrashReversalStrategy_LQDA.ETORO_59: STARTING
2026-06-11T20:05:49.627517443Z [INFO] eToro-Momentum-LS.MLS_FlashCrashReversalStrategy_LQDA.ETORO_59: self.config.oms_type=None
2026-06-11T20:05:49.627517723Z [INFO] eToro-Momentum-LS.MLS_FlashCrashReversalStrategy_LQDA.ETORO_59: self.config.external_order_claims=None
2026-06-11T20:05:49.627518916Z [INFO] eToro-Momentum-LS.MLS_FlashCrashReversalStrategy_LQDA.ETORO_59: self.config.manage_gtd_expiry=False
2026-06-11T20:05:49.627519427Z [INFO] eToro-Momentum-LS.MLS_FlashCrashReversalStrategy_LQDA.ETORO_59: Set ClientOrderIdGenerator client_order_id count to 0
2026-06-11T20:05:49.627519567Z [INFO] eToro-Momentum-LS.MLS_FlashCrashReversalStrategy_LQDA.ETORO_59: Set ClientOrderIdGenerator order_list_id count to 0
2026-06-11T20:05:49.627520959Z [INFO] eToro-Momentum-LS.MLS_FlashCrashReversalStrategy_LQDA.ETORO_59: Starte Flash Crash Reversal auf LQDA.ETORO
2026-06-11T20:05:49.627529575Z [DEBUG] eToro-Momentum-LS.MessageBus: Added Subscription(topic=data.bars.LQDA.ETORO-1-HOUR-MID-INTERNAL, handler=<bound method Actor.handle_bar of FlashCrashReversalStrategy(MLS_FlashCrashReversalStrategy_LQDA.ETORO_59-059)>, priority=0)
2026-06-11T20:05:49.627533643Z [INFO] eToro-Momentum-LS.MLS_FlashCrashReversalStrategy_LQDA.ETORO_59: [CMD]--> SubscribeBars(bar_type=LQDA.ETORO-1-HOUR-MID-INTERNAL, client_id=None, venue=ETORO)
2026-06-11T20:05:49.627549342Z [INFO] eToro-Momentum-LS.MLS_FlashCrashReversalStrategy_LQDA.ETORO_59: RUNNING
2026-06-11T20:05:49.627551817Z [DEBUG] eToro-Momentum-LS.MLS_FlashCrashReversalStrategy_LQDA.ETORO_60: STARTING
2026-06-11T20:05:49.627552208Z [INFO] eToro-Momentum-LS.MLS_FlashCrashReversalStrategy_LQDA.ETORO_60: self.config.oms_type=None
2026-06-11T20:05:49.627552368Z [INFO] eToro-Momentum-LS.MLS_FlashCrashReversalStrategy_LQDA.ETORO_60: self.config.external_order_claims=None
2026-06-11T20:05:49.627552608Z [INFO] eToro-Momentum-LS.MLS_FlashCrashReversalStrategy_LQDA.ETORO_60: self.config.manage_gtd_expiry=False
2026-06-11T20:05:49.627553250Z [INFO] eToro-Momentum-LS.MLS_FlashCrashReversalStrategy_LQDA.ETORO_60: Set ClientOrderIdGenerator client_order_id count to 0
2026-06-11T20:05:49.627553590Z [INFO] eToro-Momentum-LS.MLS_FlashCrashReversalStrategy_LQDA.ETORO_60: Set ClientOrderIdGenerator order_list_id count to 0
2026-06-11T20:05:49.627554793Z [INFO] eToro-Momentum-LS.MLS_FlashCrashReversalStrategy_LQDA.ETORO_60: Starte Flash Crash Reversal auf LQDA.ETORO
2026-06-11T20:05:49.627563819Z [DEBUG] eToro-Momentum-LS.MessageBus: Added Subscription(topic=data.bars.LQDA.ETORO-1-HOUR-MID-INTERNAL, handler=<bound method Actor.handle_bar of FlashCrashReversalStrategy(MLS_FlashCrashReversalStrategy_LQDA.ETORO_60-060)>, priority=0)
2026-06-11T20:05:49.627570662Z [INFO] eToro-Momentum-LS.MLS_FlashCrashReversalStrategy_LQDA.ETORO_60: [CMD]--> SubscribeBars(bar_type=LQDA.ETORO-1-HOUR-MID-INTERNAL, client_id=None, venue=ETORO)
2026-06-11T20:05:49.627586712Z [INFO] eToro-Momentum-LS.MLS_FlashCrashReversalStrategy_LQDA.ETORO_60: RUNNING
2026-06-11T20:05:49.627591000Z [DEBUG] eToro-Momentum-LS.MLS_FlashCrashReversalStrategy_LQDA.ETORO_61: STARTING
2026-06-11T20:05:49.627591401Z [INFO] eToro-Momentum-LS.MLS_FlashCrashReversalStrategy_LQDA.ETORO_61: self.config.oms_type=None
2026-06-11T20:05:49.627591561Z [INFO] eToro-Momentum-LS.MLS_FlashCrashReversalStrategy_LQDA.ETORO_61: self.config.external_order_claims=None
2026-06-11T20:05:49.627591721Z [INFO] eToro-Momentum-LS.MLS_FlashCrashReversalStrategy_LQDA.ETORO_61: self.config.manage_gtd_expiry=False
2026-06-11T20:05:49.627592433Z [INFO] eToro-Momentum-LS.MLS_FlashCrashReversalStrategy_LQDA.ETORO_61: Set ClientOrderIdGenerator client_order_id count to 0
2026-06-11T20:05:49.627592583Z [INFO] eToro-Momentum-LS.MLS_FlashCrashReversalStrategy_LQDA.ETORO_61: Set ClientOrderIdGenerator order_list_id count to 0
2026-06-11T20:05:49.627594096Z [INFO] eToro-Momentum-LS.MLS_FlashCrashReversalStrategy_LQDA.ETORO_61: Starte Flash Crash Reversal auf LQDA.ETORO
2026-06-11T20:05:49.627610717Z [DEBUG] eToro-Momentum-LS.MessageBus: Added Subscription(topic=data.bars.LQDA.ETORO-1-HOUR-MID-INTERNAL, handler=<bound method Actor.handle_bar of FlashCrashReversalStrategy(MLS_FlashCrashReversalStrategy_LQDA.ETORO_61-061)>, priority=0)
2026-06-11T20:05:49.627619894Z [INFO] eToro-Momentum-LS.MLS_FlashCrashReversalStrategy_LQDA.ETORO_61: [CMD]--> SubscribeBars(bar_type=LQDA.ETORO-1-HOUR-MID-INTERNAL, client_id=None, venue=ETORO)
2026-06-11T20:05:49.627640683Z [INFO] eToro-Momentum-LS.MLS_FlashCrashReversalStrategy_LQDA.ETORO_61: RUNNING
2026-06-11T20:05:49.627644740Z [DEBUG] eToro-Momentum-LS.MLS_FlashCrashReversalStrategy_LQDA.ETORO_62: STARTING
2026-06-11T20:05:49.627645061Z [INFO] eToro-Momentum-LS.MLS_FlashCrashReversalStrategy_LQDA.ETORO_62: self.config.oms_type=None
2026-06-11T20:05:49.627645241Z [INFO] eToro-Momentum-LS.MLS_FlashCrashReversalStrategy_LQDA.ETORO_62: self.config.external_order_claims=None
2026-06-11T20:05:49.627645502Z [INFO] eToro-Momentum-LS.MLS_FlashCrashReversalStrategy_LQDA.ETORO_62: self.config.manage_gtd_expiry=False
2026-06-11T20:05:49.627648437Z [INFO] eToro-Momentum-LS.MLS_FlashCrashReversalStrategy_LQDA.ETORO_62: Set ClientOrderIdGenerator client_order_id count to 0
2026-06-11T20:05:49.627648668Z [INFO] eToro-Momentum-LS.MLS_FlashCrashReversalStrategy_LQDA.ETORO_62: Set ClientOrderIdGenerator order_list_id count to 0
2026-06-11T20:05:49.627650181Z [INFO] eToro-Momentum-LS.MLS_FlashCrashReversalStrategy_LQDA.ETORO_62: Starte Flash Crash Reversal auf LQDA.ETORO
2026-06-11T20:05:49.627659398Z [DEBUG] eToro-Momentum-LS.MessageBus: Added Subscription(topic=data.bars.LQDA.ETORO-1-HOUR-MID-INTERNAL, handler=<bound method Actor.handle_bar of FlashCrashReversalStrategy(MLS_FlashCrashReversalStrategy_LQDA.ETORO_62-062)>, priority=0)
2026-06-11T20:05:49.627663796Z [INFO] eToro-Momentum-LS.MLS_FlashCrashReversalStrategy_LQDA.ETORO_62: [CMD]--> SubscribeBars(bar_type=LQDA.ETORO-1-HOUR-MID-INTERNAL, client_id=None, venue=ETORO)
2026-06-11T20:05:49.627680768Z [INFO] eToro-Momentum-LS.MLS_FlashCrashReversalStrategy_LQDA.ETORO_62: RUNNING
2026-06-11T20:05:49.627683072Z [DEBUG] eToro-Momentum-LS.MLS_FlashCrashReversalStrategy_LQDA.ETORO_63: STARTING
2026-06-11T20:05:49.627683583Z [INFO] eToro-Momentum-LS.MLS_FlashCrashReversalStrategy_LQDA.ETORO_63: self.config.oms_type=None
2026-06-11T20:05:49.627683753Z [INFO] eToro-Momentum-LS.MLS_FlashCrashReversalStrategy_LQDA.ETORO_63: self.config.external_order_claims=None
2026-06-11T20:05:49.627683894Z [INFO] eToro-Momentum-LS.MLS_FlashCrashReversalStrategy_LQDA.ETORO_63: self.config.manage_gtd_expiry=False
2026-06-11T20:05:49.627684645Z [INFO] eToro-Momentum-LS.MLS_FlashCrashReversalStrategy_LQDA.ETORO_63: Set ClientOrderIdGenerator client_order_id count to 0
2026-06-11T20:05:49.627684895Z [INFO] eToro-Momentum-LS.MLS_FlashCrashReversalStrategy_LQDA.ETORO_63: Set ClientOrderIdGenerator order_list_id count to 0
2026-06-11T20:05:49.627686949Z [INFO] eToro-Momentum-LS.MLS_FlashCrashReversalStrategy_LQDA.ETORO_63: Starte Flash Crash Reversal auf LQDA.ETORO
2026-06-11T20:05:49.627696337Z [DEBUG] eToro-Momentum-LS.MessageBus: Added Subscription(topic=data.bars.LQDA.ETORO-1-HOUR-MID-INTERNAL, handler=<bound method Actor.handle_bar of FlashCrashReversalStrategy(MLS_FlashCrashReversalStrategy_LQDA.ETORO_63-063)>, priority=0)
2026-06-11T20:05:49.627702979Z [INFO] eToro-Momentum-LS.MLS_FlashCrashReversalStrategy_LQDA.ETORO_63: [CMD]--> SubscribeBars(bar_type=LQDA.ETORO-1-HOUR-MID-INTERNAL, client_id=None, venue=ETORO)
2026-06-11T20:05:49.627721273Z [INFO] eToro-Momentum-LS.MLS_FlashCrashReversalStrategy_LQDA.ETORO_63: RUNNING
2026-06-11T20:05:49.627723698Z [DEBUG] eToro-Momentum-LS.MLS_FlashCrashReversalStrategy_LQDA.ETORO_64: STARTING
2026-06-11T20:05:49.627724269Z [INFO] eToro-Momentum-LS.MLS_FlashCrashReversalStrategy_LQDA.ETORO_64: self.config.oms_type=None
2026-06-11T20:05:49.627724650Z [INFO] eToro-Momentum-LS.MLS_FlashCrashReversalStrategy_LQDA.ETORO_64: self.config.external_order_claims=None
2026-06-11T20:05:49.627724780Z [INFO] eToro-Momentum-LS.MLS_FlashCrashReversalStrategy_LQDA.ETORO_64: self.config.manage_gtd_expiry=False
2026-06-11T20:05:49.627725531Z [INFO] eToro-Momentum-LS.MLS_FlashCrashReversalStrategy_LQDA.ETORO_64: Set ClientOrderIdGenerator client_order_id count to 0
2026-06-11T20:05:49.627725742Z [INFO] eToro-Momentum-LS.MLS_FlashCrashReversalStrategy_LQDA.ETORO_64: Set ClientOrderIdGenerator order_list_id count to 0
2026-06-11T20:05:49.627727124Z [INFO] eToro-Momentum-LS.MLS_FlashCrashReversalStrategy_LQDA.ETORO_64: Starte Flash Crash Reversal auf LQDA.ETORO
2026-06-11T20:05:49.627736101Z [DEBUG] eToro-Momentum-LS.MessageBus: Added Subscription(topic=data.bars.LQDA.ETORO-1-HOUR-MID-INTERNAL, handler=<bound method Actor.handle_bar of FlashCrashReversalStrategy(MLS_FlashCrashReversalStrategy_LQDA.ETORO_64-064)>, priority=0)
2026-06-11T20:05:49.627740109Z [INFO] eToro-Momentum-LS.MLS_FlashCrashReversalStrategy_LQDA.ETORO_64: [CMD]--> SubscribeBars(bar_type=LQDA.ETORO-1-HOUR-MID-INTERNAL, client_id=None, venue=ETORO)
2026-06-11T20:05:49.627760867Z [INFO] eToro-Momentum-LS.MLS_FlashCrashReversalStrategy_LQDA.ETORO_64: RUNNING
2026-06-11T20:05:49.627763873Z [DEBUG] eToro-Momentum-LS.MLS_FlashCrashReversalStrategy_LQDA.ETORO_65: STARTING
2026-06-11T20:05:49.627764414Z [INFO] eToro-Momentum-LS.MLS_FlashCrashReversalStrategy_LQDA.ETORO_65: self.config.oms_type=None
2026-06-11T20:05:49.627764604Z [INFO] eToro-Momentum-LS.MLS_FlashCrashReversalStrategy_LQDA.ETORO_65: self.config.external_order_claims=None
2026-06-11T20:05:49.627764745Z [INFO] eToro-Momentum-LS.MLS_FlashCrashReversalStrategy_LQDA.ETORO_65: self.config.manage_gtd_expiry=False
2026-06-11T20:05:49.627765306Z [INFO] eToro-Momentum-LS.MLS_FlashCrashReversalStrategy_LQDA.ETORO_65: Set ClientOrderIdGenerator client_order_id count to 0
2026-06-11T20:05:49.627767850Z [INFO] eToro-Momentum-LS.MLS_FlashCrashReversalStrategy_LQDA.ETORO_65: Set ClientOrderIdGenerator order_list_id count to 0
2026-06-11T20:05:49.627769002Z [INFO] eToro-Momentum-LS.MLS_FlashCrashReversalStrategy_LQDA.ETORO_65: Starte Flash Crash Reversal auf LQDA.ETORO
2026-06-11T20:05:49.627786405Z [DEBUG] eToro-Momentum-LS.MessageBus: Added Subscription(topic=data.bars.LQDA.ETORO-1-HOUR-MID-INTERNAL, handler=<bound method Actor.handle_bar of FlashCrashReversalStrategy(MLS_FlashCrashReversalStrategy_LQDA.ETORO_65-065)>, priority=0)
2026-06-11T20:05:49.627789611Z [INFO] eToro-Momentum-LS.MLS_FlashCrashReversalStrategy_LQDA.ETORO_65: [CMD]--> SubscribeBars(bar_type=LQDA.ETORO-1-HOUR-MID-INTERNAL, client_id=None, venue=ETORO)
2026-06-11T20:05:49.627806152Z [INFO] eToro-Momentum-LS.MLS_FlashCrashReversalStrategy_LQDA.ETORO_65: RUNNING
2026-06-11T20:05:49.627808917Z [DEBUG] eToro-Momentum-LS.MLS_FlashCrashReversalStrategy_LQDA.ETORO_66: STARTING
2026-06-11T20:05:49.627809318Z [INFO] eToro-Momentum-LS.MLS_FlashCrashReversalStrategy_LQDA.ETORO_66: self.config.oms_type=None
2026-06-11T20:05:49.627809508Z [INFO] eToro-Momentum-LS.MLS_FlashCrashReversalStrategy_LQDA.ETORO_66: self.config.external_order_claims=None
2026-06-11T20:05:49.627809668Z [INFO] eToro-Momentum-LS.MLS_FlashCrashReversalStrategy_LQDA.ETORO_66: self.config.manage_gtd_expiry=False
2026-06-11T20:05:49.627810430Z [INFO] eToro-Momentum-LS.MLS_FlashCrashReversalStrategy_LQDA.ETORO_66: Set ClientOrderIdGenerator client_order_id count to 0
2026-06-11T20:05:49.627810680Z [INFO] eToro-Momentum-LS.MLS_FlashCrashReversalStrategy_LQDA.ETORO_66: Set ClientOrderIdGenerator order_list_id count to 0
2026-06-11T20:05:49.627812013Z [INFO] eToro-Momentum-LS.MLS_FlashCrashReversalStrategy_LQDA.ETORO_66: Starte Flash Crash Reversal auf LQDA.ETORO
2026-06-11T20:05:49.627821651Z [DEBUG] eToro-Momentum-LS.MessageBus: Added Subscription(topic=data.bars.LQDA.ETORO-1-HOUR-MID-INTERNAL, handler=<bound method Actor.handle_bar of FlashCrashReversalStrategy(MLS_FlashCrashReversalStrategy_LQDA.ETORO_66-066)>, priority=0)
2026-06-11T20:05:49.627826129Z [INFO] eToro-Momentum-LS.MLS_FlashCrashReversalStrategy_LQDA.ETORO_66: [CMD]--> SubscribeBars(bar_type=LQDA.ETORO-1-HOUR-MID-INTERNAL, client_id=None, venue=ETORO)
2026-06-11T20:05:49.627841087Z [INFO] eToro-Momentum-LS.MLS_FlashCrashReversalStrategy_LQDA.ETORO_66: RUNNING
2026-06-11T20:05:49.627843812Z [DEBUG] eToro-Momentum-LS.MLS_FlashCrashReversalStrategy_LQDA.ETORO_67: STARTING
2026-06-11T20:05:49.627844443Z [INFO] eToro-Momentum-LS.MLS_FlashCrashReversalStrategy_LQDA.ETORO_67: self.config.oms_type=None
2026-06-11T20:05:49.627844894Z [INFO] eToro-Momentum-LS.MLS_FlashCrashReversalStrategy_LQDA.ETORO_67: self.config.external_order_claims=None
2026-06-11T20:05:49.627845034Z [INFO] eToro-Momentum-LS.MLS_FlashCrashReversalStrategy_LQDA.ETORO_67: self.config.manage_gtd_expiry=False
2026-06-11T20:05:49.627845726Z [INFO] eToro-Momentum-LS.MLS_FlashCrashReversalStrategy_LQDA.ETORO_67: Set ClientOrderIdGenerator client_order_id count to 0
2026-06-11T20:05:49.627846086Z [INFO] eToro-Momentum-LS.MLS_FlashCrashReversalStrategy_LQDA.ETORO_67: Set ClientOrderIdGenerator order_list_id count to 0
2026-06-11T20:05:49.627847910Z [INFO] eToro-Momentum-LS.MLS_FlashCrashReversalStrategy_LQDA.ETORO_67: Starte Flash Crash Reversal auf LQDA.ETORO
2026-06-11T20:05:49.627862327Z [DEBUG] eToro-Momentum-LS.MessageBus: Added Subscription(topic=data.bars.LQDA.ETORO-1-HOUR-MID-INTERNAL, handler=<bound method Actor.handle_bar of FlashCrashReversalStrategy(MLS_FlashCrashReversalStrategy_LQDA.ETORO_67-067)>, priority=0)
2026-06-11T20:05:49.627865012Z [INFO] eToro-Momentum-LS.MLS_FlashCrashReversalStrategy_LQDA.ETORO_67: [CMD]--> SubscribeBars(bar_type=LQDA.ETORO-1-HOUR-MID-INTERNAL, client_id=None, venue=ETORO)
2026-06-11T20:05:49.627882084Z [INFO] eToro-Momentum-LS.MLS_FlashCrashReversalStrategy_LQDA.ETORO_67: RUNNING
2026-06-11T20:05:49.627885440Z [DEBUG] eToro-Momentum-LS.MLS_FlashCrashReversalStrategy_LQDA.ETORO_68: STARTING
2026-06-11T20:05:49.627885640Z [INFO] eToro-Momentum-LS.MLS_FlashCrashReversalStrategy_LQDA.ETORO_68: self.config.oms_type=None
2026-06-11T20:05:49.627885821Z [INFO] eToro-Momentum-LS.MLS_FlashCrashReversalStrategy_LQDA.ETORO_68: self.config.external_order_claims=None
2026-06-11T20:05:49.627885961Z [INFO] eToro-Momentum-LS.MLS_FlashCrashReversalStrategy_LQDA.ETORO_68: self.config.manage_gtd_expiry=False
2026-06-11T20:05:49.627886602Z [INFO] eToro-Momentum-LS.MLS_FlashCrashReversalStrategy_LQDA.ETORO_68: Set ClientOrderIdGenerator client_order_id count to 0
2026-06-11T20:05:49.627886832Z [INFO] eToro-Momentum-LS.MLS_FlashCrashReversalStrategy_LQDA.ETORO_68: Set ClientOrderIdGenerator order_list_id count to 0
2026-06-11T20:05:49.627889948Z [INFO] eToro-Momentum-LS.MLS_FlashCrashReversalStrategy_LQDA.ETORO_68: Starte Flash Crash Reversal auf LQDA.ETORO
2026-06-11T20:05:49.627901259Z [DEBUG] eToro-Momentum-LS.MessageBus: Added Subscription(topic=data.bars.LQDA.ETORO-1-HOUR-MID-INTERNAL, handler=<bound method Actor.handle_bar of FlashCrashReversalStrategy(MLS_FlashCrashReversalStrategy_LQDA.ETORO_68-068)>, priority=0)
2026-06-11T20:05:49.627908262Z [INFO] eToro-Momentum-LS.MLS_FlashCrashReversalStrategy_LQDA.ETORO_68: [CMD]--> SubscribeBars(bar_type=LQDA.ETORO-1-HOUR-MID-INTERNAL, client_id=None, venue=ETORO)
2026-06-11T20:05:49.627935313Z [INFO] eToro-Momentum-LS.MLS_FlashCrashReversalStrategy_LQDA.ETORO_68: RUNNING
2026-06-11T20:05:49.627939170Z [DEBUG] eToro-Momentum-LS.MLS_FlashCrashReversalStrategy_LQDA.ETORO_69: STARTING
2026-06-11T20:05:49.627939661Z [INFO] eToro-Momentum-LS.MLS_FlashCrashReversalStrategy_LQDA.ETORO_69: self.config.oms_type=None
2026-06-11T20:05:49.627939972Z [INFO] eToro-Momentum-LS.MLS_FlashCrashReversalStrategy_LQDA.ETORO_69: self.config.external_order_claims=None
2026-06-11T20:05:49.627940222Z [INFO] eToro-Momentum-LS.MLS_FlashCrashReversalStrategy_LQDA.ETORO_69: self.config.manage_gtd_expiry=False
2026-06-11T20:05:49.627941234Z [INFO] eToro-Momentum-LS.MLS_FlashCrashReversalStrategy_LQDA.ETORO_69: Set ClientOrderIdGenerator client_order_id count to 0
2026-06-11T20:05:49.627941494Z [INFO] eToro-Momentum-LS.MLS_FlashCrashReversalStrategy_LQDA.ETORO_69: Set ClientOrderIdGenerator order_list_id count to 0
2026-06-11T20:05:49.627943659Z [INFO] eToro-Momentum-LS.MLS_FlashCrashReversalStrategy_LQDA.ETORO_69: Starte Flash Crash Reversal auf LQDA.ETORO
2026-06-11T20:05:49.627957915Z [DEBUG] eToro-Momentum-LS.MessageBus: Added Subscription(topic=data.bars.LQDA.ETORO-1-HOUR-MID-INTERNAL, handler=<bound method Actor.handle_bar of FlashCrashReversalStrategy(MLS_FlashCrashReversalStrategy_LQDA.ETORO_69-069)>, priority=0)
2026-06-11T20:05:49.627961301Z [INFO] eToro-Momentum-LS.MLS_FlashCrashReversalStrategy_LQDA.ETORO_69: [CMD]--> SubscribeBars(bar_type=LQDA.ETORO-1-HOUR-MID-INTERNAL, client_id=None, venue=ETORO)
2026-06-11T20:05:49.627978734Z [INFO] eToro-Momentum-LS.MLS_FlashCrashReversalStrategy_LQDA.ETORO_69: RUNNING
2026-06-11T20:05:49.627981098Z [DEBUG] eToro-Momentum-LS.MLS_FlashCrashReversalStrategy_LQDA.ETORO_70: STARTING
2026-06-11T20:05:49.627981539Z [INFO] eToro-Momentum-LS.MLS_FlashCrashReversalStrategy_LQDA.ETORO_70: self.config.oms_type=None
2026-06-11T20:05:49.627981720Z [INFO] eToro-Momentum-LS.MLS_FlashCrashReversalStrategy_LQDA.ETORO_70: self.config.external_order_claims=None
2026-06-11T20:05:49.627981900Z [INFO] eToro-Momentum-LS.MLS_FlashCrashReversalStrategy_LQDA.ETORO_70: self.config.manage_gtd_expiry=False
2026-06-11T20:05:49.627982691Z [INFO] eToro-Momentum-LS.MLS_FlashCrashReversalStrategy_LQDA.ETORO_70: Set ClientOrderIdGenerator client_order_id count to 0
2026-06-11T20:05:49.627982932Z [INFO] eToro-Momentum-LS.MLS_FlashCrashReversalStrategy_LQDA.ETORO_70: Set ClientOrderIdGenerator order_list_id count to 0
2026-06-11T20:05:49.627984725Z [INFO] eToro-Momentum-LS.MLS_FlashCrashReversalStrategy_LQDA.ETORO_70: Starte Flash Crash Reversal auf LQDA.ETORO
2026-06-11T20:05:49.627994684Z [DEBUG] eToro-Momentum-LS.MessageBus: Added Subscription(topic=data.bars.LQDA.ETORO-1-HOUR-MID-INTERNAL, handler=<bound method Actor.handle_bar of FlashCrashReversalStrategy(MLS_FlashCrashReversalStrategy_LQDA.ETORO_70-070)>, priority=0)
2026-06-11T20:05:49.627997659Z [INFO] eToro-Momentum-LS.MLS_FlashCrashReversalStrategy_LQDA.ETORO_70: [CMD]--> SubscribeBars(bar_type=LQDA.ETORO-1-HOUR-MID-INTERNAL, client_id=None, venue=ETORO)
2026-06-11T20:05:49.628014401Z [INFO] eToro-Momentum-LS.MLS_FlashCrashReversalStrategy_LQDA.ETORO_70: RUNNING
2026-06-11T20:05:49.628017256Z [DEBUG] eToro-Momentum-LS.MLS_FlashCrashReversalStrategy_LQDA.ETORO_71: STARTING
2026-06-11T20:05:49.628017567Z [INFO] eToro-Momentum-LS.MLS_FlashCrashReversalStrategy_LQDA.ETORO_71: self.config.oms_type=None
2026-06-11T20:05:49.628017967Z [INFO] eToro-Momentum-LS.MLS_FlashCrashReversalStrategy_LQDA.ETORO_71: self.config.external_order_claims=None
2026-06-11T20:05:49.628018118Z [INFO] eToro-Momentum-LS.MLS_FlashCrashReversalStrategy_LQDA.ETORO_71: self.config.manage_gtd_expiry=False
2026-06-11T20:05:49.628018809Z [INFO] eToro-Momentum-LS.MLS_FlashCrashReversalStrategy_LQDA.ETORO_71: Set ClientOrderIdGenerator client_order_id count to 0
2026-06-11T20:05:49.628019069Z [INFO] eToro-Momentum-LS.MLS_FlashCrashReversalStrategy_LQDA.ETORO_71: Set ClientOrderIdGenerator order_list_id count to 0
2026-06-11T20:05:49.628021644Z [INFO] eToro-Momentum-LS.MLS_FlashCrashReversalStrategy_LQDA.ETORO_71: Starte Flash Crash Reversal auf LQDA.ETORO
2026-06-11T20:05:49.628031703Z [DEBUG] eToro-Momentum-LS.MessageBus: Added Subscription(topic=data.bars.LQDA.ETORO-1-HOUR-MID-INTERNAL, handler=<bound method Actor.handle_bar of FlashCrashReversalStrategy(MLS_FlashCrashReversalStrategy_LQDA.ETORO_71-071)>, priority=0)
2026-06-11T20:05:49.628034298Z [INFO] eToro-Momentum-LS.MLS_FlashCrashReversalStrategy_LQDA.ETORO_71: [CMD]--> SubscribeBars(bar_type=LQDA.ETORO-1-HOUR-MID-INTERNAL, client_id=None, venue=ETORO)
2026-06-11T20:05:49.628050869Z [INFO] eToro-Momentum-LS.MLS_FlashCrashReversalStrategy_LQDA.ETORO_71: RUNNING
2026-06-11T20:05:49.628053684Z [DEBUG] eToro-Momentum-LS.MLS_FlashCrashReversalStrategy_LQDA.ETORO_72: STARTING
2026-06-11T20:05:49.628054275Z [INFO] eToro-Momentum-LS.MLS_FlashCrashReversalStrategy_LQDA.ETORO_72: self.config.oms_type=None
2026-06-11T20:05:49.628054636Z [INFO] eToro-Momentum-LS.MLS_FlashCrashReversalStrategy_LQDA.ETORO_72: self.config.external_order_claims=None
2026-06-11T20:05:49.628054786Z [INFO] eToro-Momentum-LS.MLS_FlashCrashReversalStrategy_LQDA.ETORO_72: self.config.manage_gtd_expiry=False
2026-06-11T20:05:49.628055577Z [INFO] eToro-Momentum-LS.MLS_FlashCrashReversalStrategy_LQDA.ETORO_72: Set ClientOrderIdGenerator client_order_id count to 0
2026-06-11T20:05:49.628055808Z [INFO] eToro-Momentum-LS.MLS_FlashCrashReversalStrategy_LQDA.ETORO_72: Set ClientOrderIdGenerator order_list_id count to 0
2026-06-11T20:05:49.628058222Z [INFO] eToro-Momentum-LS.MLS_FlashCrashReversalStrategy_LQDA.ETORO_72: Starte Flash Crash Reversal auf LQDA.ETORO
2026-06-11T20:05:49.628072709Z [DEBUG] eToro-Momentum-LS.MessageBus: Added Subscription(topic=data.bars.LQDA.ETORO-1-HOUR-MID-INTERNAL, handler=<bound method Actor.handle_bar of FlashCrashReversalStrategy(MLS_FlashCrashReversalStrategy_LQDA.ETORO_72-072)>, priority=0)
2026-06-11T20:05:49.628075495Z [INFO] eToro-Momentum-LS.MLS_FlashCrashReversalStrategy_LQDA.ETORO_72: [CMD]--> SubscribeBars(bar_type=LQDA.ETORO-1-HOUR-MID-INTERNAL, client_id=None, venue=ETORO)
2026-06-11T20:05:49.628097666Z [INFO] eToro-Momentum-LS.MLS_FlashCrashReversalStrategy_LQDA.ETORO_72: RUNNING
2026-06-11T20:05:49.628100261Z [DEBUG] eToro-Momentum-LS.MLS_FlashCrashReversalStrategy_LQDA.ETORO_73: STARTING
2026-06-11T20:05:49.628100692Z [INFO] eToro-Momentum-LS.MLS_FlashCrashReversalStrategy_LQDA.ETORO_73: self.config.oms_type=None
2026-06-11T20:05:49.628100872Z [INFO] eToro-Momentum-LS.MLS_FlashCrashReversalStrategy_LQDA.ETORO_73: self.config.external_order_claims=None
2026-06-11T20:05:49.628101143Z [INFO] eToro-Momentum-LS.MLS_FlashCrashReversalStrategy_LQDA.ETORO_73: self.config.manage_gtd_expiry=False
2026-06-11T20:05:49.628101684Z [INFO] eToro-Momentum-LS.MLS_FlashCrashReversalStrategy_LQDA.ETORO_73: Set ClientOrderIdGenerator client_order_id count to 0
2026-06-11T20:05:49.628101834Z [INFO] eToro-Momentum-LS.MLS_FlashCrashReversalStrategy_LQDA.ETORO_73: Set ClientOrderIdGenerator order_list_id count to 0
2026-06-11T20:05:49.628103076Z [INFO] eToro-Momentum-LS.MLS_FlashCrashReversalStrategy_LQDA.ETORO_73: Starte Flash Crash Reversal auf LQDA.ETORO
2026-06-11T20:05:49.628111863Z [DEBUG] eToro-Momentum-LS.MessageBus: Added Subscription(topic=data.bars.LQDA.ETORO-1-HOUR-MID-INTERNAL, handler=<bound method Actor.handle_bar of FlashCrashReversalStrategy(MLS_FlashCrashReversalStrategy_LQDA.ETORO_73-073)>, priority=0)
2026-06-11T20:05:49.628114588Z [INFO] eToro-Momentum-LS.MLS_FlashCrashReversalStrategy_LQDA.ETORO_73: [CMD]--> SubscribeBars(bar_type=LQDA.ETORO-1-HOUR-MID-INTERNAL, client_id=None, venue=ETORO)
2026-06-11T20:05:49.628131700Z [INFO] eToro-Momentum-LS.MLS_FlashCrashReversalStrategy_LQDA.ETORO_73: RUNNING
2026-06-11T20:05:49.628134044Z [DEBUG] eToro-Momentum-LS.MLS_FlashCrashReversalStrategy_FRO.ETORO_74: STARTING
2026-06-11T20:05:49.628134475Z [INFO] eToro-Momentum-LS.MLS_FlashCrashReversalStrategy_FRO.ETORO_74: self.config.oms_type=None
2026-06-11T20:05:49.628134665Z [INFO] eToro-Momentum-LS.MLS_FlashCrashReversalStrategy_FRO.ETORO_74: self.config.external_order_claims=None
2026-06-11T20:05:49.628134825Z [INFO] eToro-Momentum-LS.MLS_FlashCrashReversalStrategy_FRO.ETORO_74: self.config.manage_gtd_expiry=False
2026-06-11T20:05:49.628135587Z [INFO] eToro-Momentum-LS.MLS_FlashCrashReversalStrategy_FRO.ETORO_74: Set ClientOrderIdGenerator client_order_id count to 0
2026-06-11T20:05:49.628135837Z [INFO] eToro-Momentum-LS.MLS_FlashCrashReversalStrategy_FRO.ETORO_74: Set ClientOrderIdGenerator order_list_id count to 0
2026-06-11T20:05:49.628138061Z [INFO] eToro-Momentum-LS.MLS_FlashCrashReversalStrategy_FRO.ETORO_74: Starte Flash Crash Reversal auf FRO.ETORO
2026-06-11T20:05:49.628147740Z [DEBUG] eToro-Momentum-LS.MessageBus: Added Subscription(topic=data.bars.FRO.ETORO-1-HOUR-MID-INTERNAL, handler=<bound method Actor.handle_bar of FlashCrashReversalStrategy(MLS_FlashCrashReversalStrategy_FRO.ETORO_74-074)>, priority=0)
2026-06-11T20:05:49.628153981Z [INFO] eToro-Momentum-LS.MLS_FlashCrashReversalStrategy_FRO.ETORO_74: [CMD]--> SubscribeBars(bar_type=FRO.ETORO-1-HOUR-MID-INTERNAL, client_id=None, venue=ETORO)
2026-06-11T20:05:49.628176052Z [INFO] eToro-Momentum-LS.MLS_FlashCrashReversalStrategy_FRO.ETORO_74: RUNNING
2026-06-11T20:05:49.628178787Z [DEBUG] eToro-Momentum-LS.MLS_FlashCrashReversalStrategy_FRO.ETORO_75: STARTING
2026-06-11T20:05:49.628179228Z [INFO] eToro-Momentum-LS.MLS_FlashCrashReversalStrategy_FRO.ETORO_75: self.config.oms_type=None
2026-06-11T20:05:49.628179739Z [INFO] eToro-Momentum-LS.MLS_FlashCrashReversalStrategy_FRO.ETORO_75: self.config.external_order_claims=None
2026-06-11T20:05:49.628180020Z [INFO] eToro-Momentum-LS.MLS_FlashCrashReversalStrategy_FRO.ETORO_75: self.config.manage_gtd_expiry=False
2026-06-11T20:05:49.628180841Z [INFO] eToro-Momentum-LS.MLS_FlashCrashReversalStrategy_FRO.ETORO_75: Set ClientOrderIdGenerator client_order_id count to 0
2026-06-11T20:05:49.628181002Z [INFO] eToro-Momentum-LS.MLS_FlashCrashReversalStrategy_FRO.ETORO_75: Set ClientOrderIdGenerator order_list_id count to 0
2026-06-11T20:05:49.628182524Z [INFO] eToro-Momentum-LS.MLS_FlashCrashReversalStrategy_FRO.ETORO_75: Starte Flash Crash Reversal auf FRO.ETORO
2026-06-11T20:05:49.628193455Z [DEBUG] eToro-Momentum-LS.MessageBus: Added Subscription(topic=data.bars.FRO.ETORO-1-HOUR-MID-INTERNAL, handler=<bound method Actor.handle_bar of FlashCrashReversalStrategy(MLS_FlashCrashReversalStrategy_FRO.ETORO_75-075)>, priority=0)
2026-06-11T20:05:49.628197783Z [INFO] eToro-Momentum-LS.MLS_FlashCrashReversalStrategy_FRO.ETORO_75: [CMD]--> SubscribeBars(bar_type=FRO.ETORO-1-HOUR-MID-INTERNAL, client_id=None, venue=ETORO)
2026-06-11T20:05:49.628216798Z [INFO] eToro-Momentum-LS.MLS_FlashCrashReversalStrategy_FRO.ETORO_75: RUNNING
2026-06-11T20:05:49.628219814Z [DEBUG] eToro-Momentum-LS.MLS_FlashCrashReversalStrategy_FRO.ETORO_76: STARTING
2026-06-11T20:05:49.628220145Z [INFO] eToro-Momentum-LS.MLS_FlashCrashReversalStrategy_FRO.ETORO_76: self.config.oms_type=None
2026-06-11T20:05:49.628220345Z [INFO] eToro-Momentum-LS.MLS_FlashCrashReversalStrategy_FRO.ETORO_76: self.config.external_order_claims=None
2026-06-11T20:05:49.628220515Z [INFO] eToro-Momentum-LS.MLS_FlashCrashReversalStrategy_FRO.ETORO_76: self.config.manage_gtd_expiry=False
2026-06-11T20:05:49.628221327Z [INFO] eToro-Momentum-LS.MLS_FlashCrashReversalStrategy_FRO.ETORO_76: Set ClientOrderIdGenerator client_order_id count to 0
2026-06-11T20:05:49.628221547Z [INFO] eToro-Momentum-LS.MLS_FlashCrashReversalStrategy_FRO.ETORO_76: Set ClientOrderIdGenerator order_list_id count to 0
2026-06-11T20:05:49.628228460Z [INFO] eToro-Momentum-LS.MLS_FlashCrashReversalStrategy_FRO.ETORO_76: Starte Flash Crash Reversal auf FRO.ETORO
2026-06-11T20:05:49.628242116Z [DEBUG] eToro-Momentum-LS.MessageBus: Added Subscription(topic=data.bars.FRO.ETORO-1-HOUR-MID-INTERNAL, handler=<bound method Actor.handle_bar of FlashCrashReversalStrategy(MLS_FlashCrashReversalStrategy_FRO.ETORO_76-076)>, priority=0)
2026-06-11T20:05:49.628245342Z [INFO] eToro-Momentum-LS.MLS_FlashCrashReversalStrategy_FRO.ETORO_76: [CMD]--> SubscribeBars(bar_type=FRO.ETORO-1-HOUR-MID-INTERNAL, client_id=None, venue=ETORO)
2026-06-11T20:05:49.628261662Z [INFO] eToro-Momentum-LS.MLS_FlashCrashReversalStrategy_FRO.ETORO_76: RUNNING
2026-06-11T20:05:49.628264648Z [DEBUG] eToro-Momentum-LS.MLS_FlashCrashReversalStrategy_FRO.ETORO_77: STARTING
2026-06-11T20:05:49.628264998Z [INFO] eToro-Momentum-LS.MLS_FlashCrashReversalStrategy_FRO.ETORO_77: self.config.oms_type=None
2026-06-11T20:05:49.628265179Z [INFO] eToro-Momentum-LS.MLS_FlashCrashReversalStrategy_FRO.ETORO_77: self.config.external_order_claims=None
2026-06-11T20:05:49.628265329Z [INFO] eToro-Momentum-LS.MLS_FlashCrashReversalStrategy_FRO.ETORO_77: self.config.manage_gtd_expiry=False
2026-06-11T20:05:49.628266321Z [INFO] eToro-Momentum-LS.MLS_FlashCrashReversalStrategy_FRO.ETORO_77: Set ClientOrderIdGenerator client_order_id count to 0
2026-06-11T20:05:49.628266581Z [INFO] eToro-Momentum-LS.MLS_FlashCrashReversalStrategy_FRO.ETORO_77: Set ClientOrderIdGenerator order_list_id count to 0
2026-06-11T20:05:49.628268275Z [INFO] eToro-Momentum-LS.MLS_FlashCrashReversalStrategy_FRO.ETORO_77: Starte Flash Crash Reversal auf FRO.ETORO
2026-06-11T20:05:49.628277111Z [DEBUG] eToro-Momentum-LS.MessageBus: Added Subscription(topic=data.bars.FRO.ETORO-1-HOUR-MID-INTERNAL, handler=<bound method Actor.handle_bar of FlashCrashReversalStrategy(MLS_FlashCrashReversalStrategy_FRO.ETORO_77-077)>, priority=0)
2026-06-11T20:05:49.628290997Z [INFO] eToro-Momentum-LS.MLS_FlashCrashReversalStrategy_FRO.ETORO_77: [CMD]--> SubscribeBars(bar_type=FRO.ETORO-1-HOUR-MID-INTERNAL, client_id=None, venue=ETORO)
2026-06-11T20:05:49.628309582Z [INFO] eToro-Momentum-LS.MLS_FlashCrashReversalStrategy_FRO.ETORO_77: RUNNING
2026-06-11T20:05:49.628311996Z [DEBUG] eToro-Momentum-LS.MLS_FlashCrashReversalStrategy_FRO.ETORO_78: STARTING
2026-06-11T20:05:49.628312317Z [INFO] eToro-Momentum-LS.MLS_FlashCrashReversalStrategy_FRO.ETORO_78: self.config.oms_type=None
2026-06-11T20:05:49.628312497Z [INFO] eToro-Momentum-LS.MLS_FlashCrashReversalStrategy_FRO.ETORO_78: self.config.external_order_claims=None
2026-06-11T20:05:49.628312657Z [INFO] eToro-Momentum-LS.MLS_FlashCrashReversalStrategy_FRO.ETORO_78: self.config.manage_gtd_expiry=False
2026-06-11T20:05:49.628313309Z [INFO] eToro-Momentum-LS.MLS_FlashCrashReversalStrategy_FRO.ETORO_78: Set ClientOrderIdGenerator client_order_id count to 0
2026-06-11T20:05:49.628313729Z [INFO] eToro-Momentum-LS.MLS_FlashCrashReversalStrategy_FRO.ETORO_78: Set ClientOrderIdGenerator order_list_id count to 0
2026-06-11T20:05:49.628315072Z [INFO] eToro-Momentum-LS.MLS_FlashCrashReversalStrategy_FRO.ETORO_78: Starte Flash Crash Reversal auf FRO.ETORO
2026-06-11T20:05:49.628323838Z [DEBUG] eToro-Momentum-LS.MessageBus: Added Subscription(topic=data.bars.FRO.ETORO-1-HOUR-MID-INTERNAL, handler=<bound method Actor.handle_bar of FlashCrashReversalStrategy(MLS_FlashCrashReversalStrategy_FRO.ETORO_78-078)>, priority=0)
2026-06-11T20:05:49.628327806Z [INFO] eToro-Momentum-LS.MLS_FlashCrashReversalStrategy_FRO.ETORO_78: [CMD]--> SubscribeBars(bar_type=FRO.ETORO-1-HOUR-MID-INTERNAL, client_id=None, venue=ETORO)
2026-06-11T20:05:49.628342744Z [INFO] eToro-Momentum-LS.MLS_FlashCrashReversalStrategy_FRO.ETORO_78: RUNNING
2026-06-11T20:05:49.628345238Z [DEBUG] eToro-Momentum-LS.MLS_FlashCrashReversalStrategy_FRO.ETORO_79: STARTING
2026-06-11T20:05:49.628345559Z [INFO] eToro-Momentum-LS.MLS_FlashCrashReversalStrategy_FRO.ETORO_79: self.config.oms_type=None
2026-06-11T20:05:49.628345749Z [INFO] eToro-Momentum-LS.MLS_FlashCrashReversalStrategy_FRO.ETORO_79: self.config.external_order_claims=None
2026-06-11T20:05:49.628346020Z [INFO] eToro-Momentum-LS.MLS_FlashCrashReversalStrategy_FRO.ETORO_79: self.config.manage_gtd_expiry=False
2026-06-11T20:05:49.628346651Z [INFO] eToro-Momentum-LS.MLS_FlashCrashReversalStrategy_FRO.ETORO_79: Set ClientOrderIdGenerator client_order_id count to 0
2026-06-11T20:05:49.628346901Z [INFO] eToro-Momentum-LS.MLS_FlashCrashReversalStrategy_FRO.ETORO_79: Set ClientOrderIdGenerator order_list_id count to 0
2026-06-11T20:05:49.628348134Z [INFO] eToro-Momentum-LS.MLS_FlashCrashReversalStrategy_FRO.ETORO_79: Starte Flash Crash Reversal auf FRO.ETORO
2026-06-11T20:05:49.628357040Z [DEBUG] eToro-Momentum-LS.MessageBus: Added Subscription(topic=data.bars.FRO.ETORO-1-HOUR-MID-INTERNAL, handler=<bound method Actor.handle_bar of FlashCrashReversalStrategy(MLS_FlashCrashReversalStrategy_FRO.ETORO_79-079)>, priority=0)
2026-06-11T20:05:49.628360397Z [INFO] eToro-Momentum-LS.MLS_FlashCrashReversalStrategy_FRO.ETORO_79: [CMD]--> SubscribeBars(bar_type=FRO.ETORO-1-HOUR-MID-INTERNAL, client_id=None, venue=ETORO)
2026-06-11T20:05:49.628383981Z [INFO] eToro-Momentum-LS.MLS_FlashCrashReversalStrategy_FRO.ETORO_79: RUNNING
2026-06-11T20:05:49.628386686Z [DEBUG] eToro-Momentum-LS.MLS_FlashCrashReversalStrategy_FRO.ETORO_80: STARTING
2026-06-11T20:05:49.628387016Z [INFO] eToro-Momentum-LS.MLS_FlashCrashReversalStrategy_FRO.ETORO_80: self.config.oms_type=None
2026-06-11T20:05:49.628387207Z [INFO] eToro-Momentum-LS.MLS_FlashCrashReversalStrategy_FRO.ETORO_80: self.config.external_order_claims=None
2026-06-11T20:05:49.628387377Z [INFO] eToro-Momentum-LS.MLS_FlashCrashReversalStrategy_FRO.ETORO_80: self.config.manage_gtd_expiry=False
2026-06-11T20:05:49.628388028Z [INFO] eToro-Momentum-LS.MLS_FlashCrashReversalStrategy_FRO.ETORO_80: Set ClientOrderIdGenerator client_order_id count to 0
2026-06-11T20:05:49.628388208Z [INFO] eToro-Momentum-LS.MLS_FlashCrashReversalStrategy_FRO.ETORO_80: Set ClientOrderIdGenerator order_list_id count to 0
2026-06-11T20:05:49.628389260Z [INFO] eToro-Momentum-LS.MLS_FlashCrashReversalStrategy_FRO.ETORO_80: Starte Flash Crash Reversal auf FRO.ETORO
2026-06-11T20:05:49.628396524Z [DEBUG] eToro-Momentum-LS.MessageBus: Added Subscription(topic=data.bars.FRO.ETORO-1-HOUR-MID-INTERNAL, handler=<bound method Actor.handle_bar of FlashCrashReversalStrategy(MLS_FlashCrashReversalStrategy_FRO.ETORO_80-080)>, priority=0)
2026-06-11T20:05:49.628402595Z [INFO] eToro-Momentum-LS.MLS_FlashCrashReversalStrategy_FRO.ETORO_80: [CMD]--> SubscribeBars(bar_type=FRO.ETORO-1-HOUR-MID-INTERNAL, client_id=None, venue=ETORO)
2026-06-11T20:05:49.628418094Z [INFO] eToro-Momentum-LS.MLS_FlashCrashReversalStrategy_FRO.ETORO_80: RUNNING
2026-06-11T20:05:49.628426069Z [DEBUG] eToro-Momentum-LS.MLS_FlashCrashReversalStrategy_FRO.ETORO_81: STARTING
2026-06-11T20:05:49.628426310Z [INFO] eToro-Momentum-LS.MLS_FlashCrashReversalStrategy_FRO.ETORO_81: self.config.oms_type=None
2026-06-11T20:05:49.628426480Z [INFO] eToro-Momentum-LS.MLS_FlashCrashReversalStrategy_FRO.ETORO_81: self.config.external_order_claims=None
2026-06-11T20:05:49.628426630Z [INFO] eToro-Momentum-LS.MLS_FlashCrashReversalStrategy_FRO.ETORO_81: self.config.manage_gtd_expiry=False
2026-06-11T20:05:49.628427111Z [INFO] eToro-Momentum-LS.MLS_FlashCrashReversalStrategy_FRO.ETORO_81: Set ClientOrderIdGenerator client_order_id count to 0
2026-06-11T20:05:49.628427251Z [INFO] eToro-Momentum-LS.MLS_FlashCrashReversalStrategy_FRO.ETORO_81: Set ClientOrderIdGenerator order_list_id count to 0
2026-06-11T20:05:49.628430167Z [INFO] eToro-Momentum-LS.MLS_FlashCrashReversalStrategy_FRO.ETORO_81: Starte Flash Crash Reversal auf FRO.ETORO
2026-06-11T20:05:49.628438041Z [DEBUG] eToro-Momentum-LS.MessageBus: Added Subscription(topic=data.bars.FRO.ETORO-1-HOUR-MID-INTERNAL, handler=<bound method Actor.handle_bar of FlashCrashReversalStrategy(MLS_FlashCrashReversalStrategy_FRO.ETORO_81-081)>, priority=0)
2026-06-11T20:05:49.628441298Z [INFO] eToro-Momentum-LS.MLS_FlashCrashReversalStrategy_FRO.ETORO_81: [CMD]--> SubscribeBars(bar_type=FRO.ETORO-1-HOUR-MID-INTERNAL, client_id=None, venue=ETORO)
2026-06-11T20:05:49.628459041Z [INFO] eToro-Momentum-LS.MLS_FlashCrashReversalStrategy_FRO.ETORO_81: RUNNING
2026-06-11T20:05:49.628461716Z [DEBUG] eToro-Momentum-LS.MLS_FlashCrashReversalStrategy_FRO.ETORO_82: STARTING
2026-06-11T20:05:49.628462136Z [INFO] eToro-Momentum-LS.MLS_FlashCrashReversalStrategy_FRO.ETORO_82: self.config.oms_type=None
2026-06-11T20:05:49.628462307Z [INFO] eToro-Momentum-LS.MLS_FlashCrashReversalStrategy_FRO.ETORO_82: self.config.external_order_claims=None
2026-06-11T20:05:49.628462457Z [INFO] eToro-Momentum-LS.MLS_FlashCrashReversalStrategy_FRO.ETORO_82: self.config.manage_gtd_expiry=False
2026-06-11T20:05:49.628463249Z [INFO] eToro-Momentum-LS.MLS_FlashCrashReversalStrategy_FRO.ETORO_82: Set ClientOrderIdGenerator client_order_id count to 0
2026-06-11T20:05:49.628463389Z [INFO] eToro-Momentum-LS.MLS_FlashCrashReversalStrategy_FRO.ETORO_82: Set ClientOrderIdGenerator order_list_id count to 0
2026-06-11T20:05:49.628466054Z [INFO] eToro-Momentum-LS.MLS_FlashCrashReversalStrategy_FRO.ETORO_82: Starte Flash Crash Reversal auf FRO.ETORO
2026-06-11T20:05:49.628474409Z [DEBUG] eToro-Momentum-LS.MessageBus: Added Subscription(topic=data.bars.FRO.ETORO-1-HOUR-MID-INTERNAL, handler=<bound method Actor.handle_bar of FlashCrashReversalStrategy(MLS_FlashCrashReversalStrategy_FRO.ETORO_82-082)>, priority=0)
2026-06-11T20:05:49.628482655Z [INFO] eToro-Momentum-LS.MLS_FlashCrashReversalStrategy_FRO.ETORO_82: [CMD]--> SubscribeBars(bar_type=FRO.ETORO-1-HOUR-MID-INTERNAL, client_id=None, venue=ETORO)
2026-06-11T20:05:49.628499877Z [INFO] eToro-Momentum-LS.MLS_FlashCrashReversalStrategy_FRO.ETORO_82: RUNNING
2026-06-11T20:05:49.628502842Z [DEBUG] eToro-Momentum-LS.MLS_FlashCrashReversalStrategy_FRO.ETORO_83: STARTING
2026-06-11T20:05:49.628503263Z [INFO] eToro-Momentum-LS.MLS_FlashCrashReversalStrategy_FRO.ETORO_83: self.config.oms_type=None
2026-06-11T20:05:49.628503444Z [INFO] eToro-Momentum-LS.MLS_FlashCrashReversalStrategy_FRO.ETORO_83: self.config.external_order_claims=None
2026-06-11T20:05:49.628503604Z [INFO] eToro-Momentum-LS.MLS_FlashCrashReversalStrategy_FRO.ETORO_83: self.config.manage_gtd_expiry=False
2026-06-11T20:05:49.628504125Z [INFO] eToro-Momentum-LS.MLS_FlashCrashReversalStrategy_FRO.ETORO_83: Set ClientOrderIdGenerator client_order_id count to 0
2026-06-11T20:05:49.628504365Z [INFO] eToro-Momentum-LS.MLS_FlashCrashReversalStrategy_FRO.ETORO_83: Set ClientOrderIdGenerator order_list_id count to 0
2026-06-11T20:05:49.628510166Z [INFO] eToro-Momentum-LS.MLS_FlashCrashReversalStrategy_FRO.ETORO_83: Starte Flash Crash Reversal auf FRO.ETORO
2026-06-11T20:05:49.628521487Z [DEBUG] eToro-Momentum-LS.MessageBus: Added Subscription(topic=data.bars.FRO.ETORO-1-HOUR-MID-INTERNAL, handler=<bound method Actor.handle_bar of FlashCrashReversalStrategy(MLS_FlashCrashReversalStrategy_FRO.ETORO_83-083)>, priority=0)
2026-06-11T20:05:49.628526867Z [INFO] eToro-Momentum-LS.MLS_FlashCrashReversalStrategy_FRO.ETORO_83: [CMD]--> SubscribeBars(bar_type=FRO.ETORO-1-HOUR-MID-INTERNAL, client_id=None, venue=ETORO)
2026-06-11T20:05:49.628544470Z [INFO] eToro-Momentum-LS.MLS_FlashCrashReversalStrategy_FRO.ETORO_83: RUNNING
2026-06-11T20:05:49.628547486Z [DEBUG] eToro-Momentum-LS.MLS_FlashCrashReversalStrategy_FRO.ETORO_84: STARTING
2026-06-11T20:05:49.628550521Z [INFO] eToro-Momentum-LS.MLS_FlashCrashReversalStrategy_FRO.ETORO_84: self.config.oms_type=None
2026-06-11T20:05:49.628550712Z [INFO] eToro-Momentum-LS.MLS_FlashCrashReversalStrategy_FRO.ETORO_84: self.config.external_order_claims=None
2026-06-11T20:05:49.628550872Z [INFO] eToro-Momentum-LS.MLS_FlashCrashReversalStrategy_FRO.ETORO_84: self.config.manage_gtd_expiry=False
2026-06-11T20:05:49.628551684Z [INFO] eToro-Momentum-LS.MLS_FlashCrashReversalStrategy_FRO.ETORO_84: Set ClientOrderIdGenerator client_order_id count to 0
2026-06-11T20:05:49.628551894Z [INFO] eToro-Momentum-LS.MLS_FlashCrashReversalStrategy_FRO.ETORO_84: Set ClientOrderIdGenerator order_list_id count to 0
2026-06-11T20:05:49.628555110Z [INFO] eToro-Momentum-LS.MLS_FlashCrashReversalStrategy_FRO.ETORO_84: Starte Flash Crash Reversal auf FRO.ETORO
2026-06-11T20:05:49.628561853Z [DEBUG] eToro-Momentum-LS.MessageBus: Added Subscription(topic=data.bars.FRO.ETORO-1-HOUR-MID-INTERNAL, handler=<bound method Actor.handle_bar of FlashCrashReversalStrategy(MLS_FlashCrashReversalStrategy_FRO.ETORO_84-084)>, priority=0)
2026-06-11T20:05:49.628565149Z [INFO] eToro-Momentum-LS.MLS_FlashCrashReversalStrategy_FRO.ETORO_84: [CMD]--> SubscribeBars(bar_type=FRO.ETORO-1-HOUR-MID-INTERNAL, client_id=None, venue=ETORO)
2026-06-11T20:05:49.628584305Z [INFO] eToro-Momentum-LS.MLS_FlashCrashReversalStrategy_FRO.ETORO_84: RUNNING
2026-06-11T20:05:49.628587400Z [DEBUG] eToro-Momentum-LS.MLS_FlashCrashReversalStrategy_FRO.ETORO_85: STARTING
2026-06-11T20:05:49.628587741Z [INFO] eToro-Momentum-LS.MLS_FlashCrashReversalStrategy_FRO.ETORO_85: self.config.oms_type=None
2026-06-11T20:05:49.628587901Z [INFO] eToro-Momentum-LS.MLS_FlashCrashReversalStrategy_FRO.ETORO_85: self.config.external_order_claims=None
2026-06-11T20:05:49.628588052Z [INFO] eToro-Momentum-LS.MLS_FlashCrashReversalStrategy_FRO.ETORO_85: self.config.manage_gtd_expiry=False
2026-06-11T20:05:49.628588783Z [INFO] eToro-Momentum-LS.MLS_FlashCrashReversalStrategy_FRO.ETORO_85: Set ClientOrderIdGenerator client_order_id count to 0
2026-06-11T20:05:49.628588933Z [INFO] eToro-Momentum-LS.MLS_FlashCrashReversalStrategy_FRO.ETORO_85: Set ClientOrderIdGenerator order_list_id count to 0
2026-06-11T20:05:49.628590907Z [INFO] eToro-Momentum-LS.MLS_FlashCrashReversalStrategy_FRO.ETORO_85: Starte Flash Crash Reversal auf FRO.ETORO
2026-06-11T20:05:49.628606145Z [DEBUG] eToro-Momentum-LS.MessageBus: Added Subscription(topic=data.bars.FRO.ETORO-1-HOUR-MID-INTERNAL, handler=<bound method Actor.handle_bar of FlashCrashReversalStrategy(MLS_FlashCrashReversalStrategy_FRO.ETORO_85-085)>, priority=0)
2026-06-11T20:05:49.628611065Z [INFO] eToro-Momentum-LS.MLS_FlashCrashReversalStrategy_FRO.ETORO_85: [CMD]--> SubscribeBars(bar_type=FRO.ETORO-1-HOUR-MID-INTERNAL, client_id=None, venue=ETORO)
2026-06-11T20:05:49.628629118Z [INFO] eToro-Momentum-LS.MLS_FlashCrashReversalStrategy_FRO.ETORO_85: RUNNING
2026-06-11T20:05:49.628631984Z [DEBUG] eToro-Momentum-LS.MLS_FlashCrashReversalStrategy_KD.ETORO_86: STARTING
2026-06-11T20:05:49.628632334Z [INFO] eToro-Momentum-LS.MLS_FlashCrashReversalStrategy_KD.ETORO_86: self.config.oms_type=None
2026-06-11T20:05:49.628632525Z [INFO] eToro-Momentum-LS.MLS_FlashCrashReversalStrategy_KD.ETORO_86: self.config.external_order_claims=None
2026-06-11T20:05:49.628632685Z [INFO] eToro-Momentum-LS.MLS_FlashCrashReversalStrategy_KD.ETORO_86: self.config.manage_gtd_expiry=False
2026-06-11T20:05:49.628633326Z [INFO] eToro-Momentum-LS.MLS_FlashCrashReversalStrategy_KD.ETORO_86: Set ClientOrderIdGenerator client_order_id count to 0
2026-06-11T20:05:49.628633476Z [INFO] eToro-Momentum-LS.MLS_FlashCrashReversalStrategy_KD.ETORO_86: Set ClientOrderIdGenerator order_list_id count to 0
2026-06-11T20:05:49.628635600Z [INFO] eToro-Momentum-LS.MLS_FlashCrashReversalStrategy_KD.ETORO_86: Starte Flash Crash Reversal auf KD.ETORO
2026-06-11T20:05:49.628643866Z [DEBUG] eToro-Momentum-LS.MessageBus: Added Subscription(topic=data.bars.KD.ETORO-1-HOUR-MID-INTERNAL, handler=<bound method Actor.handle_bar of FlashCrashReversalStrategy(MLS_FlashCrashReversalStrategy_KD.ETORO_86-086)>, priority=0)
2026-06-11T20:05:49.628655047Z [INFO] eToro-Momentum-LS.MLS_FlashCrashReversalStrategy_KD.ETORO_86: [CMD]--> SubscribeBars(bar_type=KD.ETORO-1-HOUR-MID-INTERNAL, client_id=None, venue=ETORO)
2026-06-11T20:05:49.628685784Z [INFO] eToro-Momentum-LS.MLS_FlashCrashReversalStrategy_KD.ETORO_86: RUNNING
2026-06-11T20:05:49.628688299Z [DEBUG] eToro-Momentum-LS.MLS_FlashCrashReversalStrategy_KD.ETORO_87: STARTING
2026-06-11T20:05:49.628688790Z [INFO] eToro-Momentum-LS.MLS_FlashCrashReversalStrategy_KD.ETORO_87: self.config.oms_type=None
2026-06-11T20:05:49.628691024Z [INFO] eToro-Momentum-LS.MLS_FlashCrashReversalStrategy_KD.ETORO_87: self.config.external_order_claims=None
2026-06-11T20:05:49.628691184Z [INFO] eToro-Momentum-LS.MLS_FlashCrashReversalStrategy_KD.ETORO_87: self.config.manage_gtd_expiry=False
2026-06-11T20:05:49.628691976Z [INFO] eToro-Momentum-LS.MLS_FlashCrashReversalStrategy_KD.ETORO_87: Set ClientOrderIdGenerator client_order_id count to 0
2026-06-11T20:05:49.628692136Z [INFO] eToro-Momentum-LS.MLS_FlashCrashReversalStrategy_KD.ETORO_87: Set ClientOrderIdGenerator order_list_id count to 0
2026-06-11T20:05:49.628693338Z [INFO] eToro-Momentum-LS.MLS_FlashCrashReversalStrategy_KD.ETORO_87: Starte Flash Crash Reversal auf KD.ETORO
2026-06-11T20:05:49.628706382Z [DEBUG] eToro-Momentum-LS.MessageBus: Added Subscription(topic=data.bars.KD.ETORO-1-HOUR-MID-INTERNAL, handler=<bound method Actor.handle_bar of FlashCrashReversalStrategy(MLS_FlashCrashReversalStrategy_KD.ETORO_87-087)>, priority=0)
2026-06-11T20:05:49.628710210Z [INFO] eToro-Momentum-LS.MLS_FlashCrashReversalStrategy_KD.ETORO_87: [CMD]--> SubscribeBars(bar_type=KD.ETORO-1-HOUR-MID-INTERNAL, client_id=None, venue=ETORO)
2026-06-11T20:05:49.628729546Z [INFO] eToro-Momentum-LS.MLS_FlashCrashReversalStrategy_KD.ETORO_87: RUNNING
2026-06-11T20:05:49.628733082Z [DEBUG] eToro-Momentum-LS.MLS_FlashCrashReversalStrategy_KD.ETORO_88: STARTING
2026-06-11T20:05:49.628733663Z [INFO] eToro-Momentum-LS.MLS_FlashCrashReversalStrategy_KD.ETORO_88: self.config.oms_type=None
2026-06-11T20:05:49.628733844Z [INFO] eToro-Momentum-LS.MLS_FlashCrashReversalStrategy_KD.ETORO_88: self.config.external_order_claims=None
2026-06-11T20:05:49.628734004Z [INFO] eToro-Momentum-LS.MLS_FlashCrashReversalStrategy_KD.ETORO_88: self.config.manage_gtd_expiry=False
2026-06-11T20:05:49.628734655Z [INFO] eToro-Momentum-LS.MLS_FlashCrashReversalStrategy_KD.ETORO_88: Set ClientOrderIdGenerator client_order_id count to 0
2026-06-11T20:05:49.628734886Z [INFO] eToro-Momentum-LS.MLS_FlashCrashReversalStrategy_KD.ETORO_88: Set ClientOrderIdGenerator order_list_id count to 0
2026-06-11T20:05:49.628736669Z [INFO] eToro-Momentum-LS.MLS_FlashCrashReversalStrategy_KD.ETORO_88: Starte Flash Crash Reversal auf KD.ETORO
2026-06-11T20:05:49.628747780Z [DEBUG] eToro-Momentum-LS.MessageBus: Added Subscription(topic=data.bars.KD.ETORO-1-HOUR-MID-INTERNAL, handler=<bound method Actor.handle_bar of FlashCrashReversalStrategy(MLS_FlashCrashReversalStrategy_KD.ETORO_88-088)>, priority=0)
2026-06-11T20:05:49.628750655Z [INFO] eToro-Momentum-LS.MLS_FlashCrashReversalStrategy_KD.ETORO_88: [CMD]--> SubscribeBars(bar_type=KD.ETORO-1-HOUR-MID-INTERNAL, client_id=None, venue=ETORO)
2026-06-11T20:05:49.628766865Z [INFO] eToro-Momentum-LS.MLS_FlashCrashReversalStrategy_KD.ETORO_88: RUNNING
2026-06-11T20:05:49.628772065Z [DEBUG] eToro-Momentum-LS.MLS_FlashCrashReversalStrategy_KD.ETORO_89: STARTING
2026-06-11T20:05:49.628772816Z [INFO] eToro-Momentum-LS.MLS_FlashCrashReversalStrategy_KD.ETORO_89: self.config.oms_type=None
2026-06-11T20:05:49.628773077Z [INFO] eToro-Momentum-LS.MLS_FlashCrashReversalStrategy_KD.ETORO_89: self.config.external_order_claims=None
2026-06-11T20:05:49.628773297Z [INFO] eToro-Momentum-LS.MLS_FlashCrashReversalStrategy_KD.ETORO_89: self.config.manage_gtd_expiry=False
2026-06-11T20:05:49.628774199Z [INFO] eToro-Momentum-LS.MLS_FlashCrashReversalStrategy_KD.ETORO_89: Set ClientOrderIdGenerator client_order_id count to 0
2026-06-11T20:05:49.628774419Z [INFO] eToro-Momentum-LS.MLS_FlashCrashReversalStrategy_KD.ETORO_89: Set ClientOrderIdGenerator order_list_id count to 0
2026-06-11T20:05:49.628777545Z [INFO] eToro-Momentum-LS.MLS_FlashCrashReversalStrategy_KD.ETORO_89: Starte Flash Crash Reversal auf KD.ETORO
2026-06-11T20:05:49.628791000Z [DEBUG] eToro-Momentum-LS.MessageBus: Added Subscription(topic=data.bars.KD.ETORO-1-HOUR-MID-INTERNAL, handler=<bound method Actor.handle_bar of FlashCrashReversalStrategy(MLS_FlashCrashReversalStrategy_KD.ETORO_89-089)>, priority=0)
2026-06-11T20:05:49.628805047Z [INFO] eToro-Momentum-LS.MLS_FlashCrashReversalStrategy_KD.ETORO_89: [CMD]--> SubscribeBars(bar_type=KD.ETORO-1-HOUR-MID-INTERNAL, client_id=None, venue=ETORO)
2026-06-11T20:05:49.628824964Z [INFO] eToro-Momentum-LS.MLS_FlashCrashReversalStrategy_KD.ETORO_89: RUNNING
2026-06-11T20:05:49.628828711Z [DEBUG] eToro-Momentum-LS.MLS_FlashCrashReversalStrategy_KD.ETORO_90: STARTING
2026-06-11T20:05:49.628829232Z [INFO] eToro-Momentum-LS.MLS_FlashCrashReversalStrategy_KD.ETORO_90: self.config.oms_type=None
2026-06-11T20:05:49.628829603Z [INFO] eToro-Momentum-LS.MLS_FlashCrashReversalStrategy_KD.ETORO_90: self.config.external_order_claims=None
2026-06-11T20:05:49.628832247Z [INFO] eToro-Momentum-LS.MLS_FlashCrashReversalStrategy_KD.ETORO_90: self.config.manage_gtd_expiry=False
2026-06-11T20:05:49.628833239Z [INFO] eToro-Momentum-LS.MLS_FlashCrashReversalStrategy_KD.ETORO_90: Set ClientOrderIdGenerator client_order_id count to 0
2026-06-11T20:05:49.628833530Z [INFO] eToro-Momentum-LS.MLS_FlashCrashReversalStrategy_KD.ETORO_90: Set ClientOrderIdGenerator order_list_id count to 0
2026-06-11T20:05:49.628835744Z [INFO] eToro-Momentum-LS.MLS_FlashCrashReversalStrategy_KD.ETORO_90: Starte Flash Crash Reversal auf KD.ETORO
2026-06-11T20:05:49.628850141Z [DEBUG] eToro-Momentum-LS.MessageBus: Added Subscription(topic=data.bars.KD.ETORO-1-HOUR-MID-INTERNAL, handler=<bound method Actor.handle_bar of FlashCrashReversalStrategy(MLS_FlashCrashReversalStrategy_KD.ETORO_90-090)>, priority=0)
2026-06-11T20:05:49.628854399Z [INFO] eToro-Momentum-LS.MLS_FlashCrashReversalStrategy_KD.ETORO_90: [CMD]--> SubscribeBars(bar_type=KD.ETORO-1-HOUR-MID-INTERNAL, client_id=None, venue=ETORO)
2026-06-11T20:05:49.628882842Z [INFO] eToro-Momentum-LS.MLS_FlashCrashReversalStrategy_KD.ETORO_90: RUNNING
2026-06-11T20:05:49.628886268Z [DEBUG] eToro-Momentum-LS.MLS_FlashCrashReversalStrategy_KD.ETORO_91: STARTING
2026-06-11T20:05:49.628886719Z [INFO] eToro-Momentum-LS.MLS_FlashCrashReversalStrategy_KD.ETORO_91: self.config.oms_type=None
2026-06-11T20:05:49.628887130Z [INFO] eToro-Momentum-LS.MLS_FlashCrashReversalStrategy_KD.ETORO_91: self.config.external_order_claims=None
2026-06-11T20:05:49.628887380Z [INFO] eToro-Momentum-LS.MLS_FlashCrashReversalStrategy_KD.ETORO_91: self.config.manage_gtd_expiry=False
2026-06-11T20:05:49.628888522Z [INFO] eToro-Momentum-LS.MLS_FlashCrashReversalStrategy_KD.ETORO_91: Set ClientOrderIdGenerator client_order_id count to 0
2026-06-11T20:05:49.628888693Z [INFO] eToro-Momentum-LS.MLS_FlashCrashReversalStrategy_KD.ETORO_91: Set ClientOrderIdGenerator order_list_id count to 0
2026-06-11T20:05:49.628890256Z [INFO] eToro-Momentum-LS.MLS_FlashCrashReversalStrategy_KD.ETORO_91: Starte Flash Crash Reversal auf KD.ETORO
2026-06-11T20:05:49.628902519Z [DEBUG] eToro-Momentum-LS.MessageBus: Added Subscription(topic=data.bars.KD.ETORO-1-HOUR-MID-INTERNAL, handler=<bound method Actor.handle_bar of FlashCrashReversalStrategy(MLS_FlashCrashReversalStrategy_KD.ETORO_91-091)>, priority=0)
2026-06-11T20:05:49.628906646Z [INFO] eToro-Momentum-LS.MLS_FlashCrashReversalStrategy_KD.ETORO_91: [CMD]--> SubscribeBars(bar_type=KD.ETORO-1-HOUR-MID-INTERNAL, client_id=None, venue=ETORO)
2026-06-11T20:05:49.628934949Z [INFO] eToro-Momentum-LS.MLS_FlashCrashReversalStrategy_KD.ETORO_91: RUNNING
2026-06-11T20:05:49.628938035Z [DEBUG] eToro-Momentum-LS.MLS_FlashCrashReversalStrategy_KD.ETORO_92: STARTING
2026-06-11T20:05:49.628938396Z [INFO] eToro-Momentum-LS.MLS_FlashCrashReversalStrategy_KD.ETORO_92: self.config.oms_type=None
2026-06-11T20:05:49.628938586Z [INFO] eToro-Momentum-LS.MLS_FlashCrashReversalStrategy_KD.ETORO_92: self.config.external_order_claims=None
2026-06-11T20:05:49.628938776Z [INFO] eToro-Momentum-LS.MLS_FlashCrashReversalStrategy_KD.ETORO_92: self.config.manage_gtd_expiry=False
2026-06-11T20:05:49.628939638Z [INFO] eToro-Momentum-LS.MLS_FlashCrashReversalStrategy_KD.ETORO_92: Set ClientOrderIdGenerator client_order_id count to 0
2026-06-11T20:05:49.628939858Z [INFO] eToro-Momentum-LS.MLS_FlashCrashReversalStrategy_KD.ETORO_92: Set ClientOrderIdGenerator order_list_id count to 0
2026-06-11T20:05:49.628941081Z [INFO] eToro-Momentum-LS.MLS_FlashCrashReversalStrategy_KD.ETORO_92: Starte Flash Crash Reversal auf KD.ETORO
2026-06-11T20:05:49.628951700Z [DEBUG] eToro-Momentum-LS.MessageBus: Added Subscription(topic=data.bars.KD.ETORO-1-HOUR-MID-INTERNAL, handler=<bound method Actor.handle_bar of FlashCrashReversalStrategy(MLS_FlashCrashReversalStrategy_KD.ETORO_92-092)>, priority=0)
2026-06-11T20:05:49.628960627Z [INFO] eToro-Momentum-LS.MLS_FlashCrashReversalStrategy_KD.ETORO_92: [CMD]--> SubscribeBars(bar_type=KD.ETORO-1-HOUR-MID-INTERNAL, client_id=None, venue=ETORO)
2026-06-11T20:05:49.628982768Z [INFO] eToro-Momentum-LS.MLS_FlashCrashReversalStrategy_KD.ETORO_92: RUNNING
2026-06-11T20:05:49.628985834Z [DEBUG] eToro-Momentum-LS.MLS_FlashCrashReversalStrategy_KD.ETORO_93: STARTING
2026-06-11T20:05:49.628986335Z [INFO] eToro-Momentum-LS.MLS_FlashCrashReversalStrategy_KD.ETORO_93: self.config.oms_type=None
2026-06-11T20:05:49.628986505Z [INFO] eToro-Momentum-LS.MLS_FlashCrashReversalStrategy_KD.ETORO_93: self.config.external_order_claims=None
2026-06-11T20:05:49.628986746Z [INFO] eToro-Momentum-LS.MLS_FlashCrashReversalStrategy_KD.ETORO_93: self.config.manage_gtd_expiry=False
2026-06-11T20:05:49.628988669Z [INFO] eToro-Momentum-LS.MLS_FlashCrashReversalStrategy_KD.ETORO_93: Set ClientOrderIdGenerator client_order_id count to 0
2026-06-11T20:05:49.628988830Z [INFO] eToro-Momentum-LS.MLS_FlashCrashReversalStrategy_KD.ETORO_93: Set ClientOrderIdGenerator order_list_id count to 0
2026-06-11T20:05:49.628989952Z [INFO] eToro-Momentum-LS.MLS_FlashCrashReversalStrategy_KD.ETORO_93: Starte Flash Crash Reversal auf KD.ETORO
2026-06-11T20:05:49.628997837Z [DEBUG] eToro-Momentum-LS.MessageBus: Added Subscription(topic=data.bars.KD.ETORO-1-HOUR-MID-INTERNAL, handler=<bound method Actor.handle_bar of FlashCrashReversalStrategy(MLS_FlashCrashReversalStrategy_KD.ETORO_93-093)>, priority=0)
2026-06-11T20:05:49.629001463Z [INFO] eToro-Momentum-LS.MLS_FlashCrashReversalStrategy_KD.ETORO_93: [CMD]--> SubscribeBars(bar_type=KD.ETORO-1-HOUR-MID-INTERNAL, client_id=None, venue=ETORO)
2026-06-11T20:05:49.629018195Z [INFO] eToro-Momentum-LS.MLS_FlashCrashReversalStrategy_KD.ETORO_93: RUNNING
2026-06-11T20:05:49.629021781Z [DEBUG] eToro-Momentum-LS.MLS_FlashCrashReversalStrategy_KD.ETORO_94: STARTING
2026-06-11T20:05:49.629022182Z [INFO] eToro-Momentum-LS.MLS_FlashCrashReversalStrategy_KD.ETORO_94: self.config.oms_type=None
2026-06-11T20:05:49.629022352Z [INFO] eToro-Momentum-LS.MLS_FlashCrashReversalStrategy_KD.ETORO_94: self.config.external_order_claims=None
2026-06-11T20:05:49.629022503Z [INFO] eToro-Momentum-LS.MLS_FlashCrashReversalStrategy_KD.ETORO_94: self.config.manage_gtd_expiry=False
2026-06-11T20:05:49.629023304Z [INFO] eToro-Momentum-LS.MLS_FlashCrashReversalStrategy_KD.ETORO_94: Set ClientOrderIdGenerator client_order_id count to 0
2026-06-11T20:05:49.629023545Z [INFO] eToro-Momentum-LS.MLS_FlashCrashReversalStrategy_KD.ETORO_94: Set ClientOrderIdGenerator order_list_id count to 0
2026-06-11T20:05:49.629024857Z [INFO] eToro-Momentum-LS.MLS_FlashCrashReversalStrategy_KD.ETORO_94: Starte Flash Crash Reversal auf KD.ETORO
2026-06-11T20:05:49.629033483Z [DEBUG] eToro-Momentum-LS.MessageBus: Added Subscription(topic=data.bars.KD.ETORO-1-HOUR-MID-INTERNAL, handler=<bound method Actor.handle_bar of FlashCrashReversalStrategy(MLS_FlashCrashReversalStrategy_KD.ETORO_94-094)>, priority=0)
2026-06-11T20:05:49.629036689Z [INFO] eToro-Momentum-LS.MLS_FlashCrashReversalStrategy_KD.ETORO_94: [CMD]--> SubscribeBars(bar_type=KD.ETORO-1-HOUR-MID-INTERNAL, client_id=None, venue=ETORO)
2026-06-11T20:05:49.629053240Z [INFO] eToro-Momentum-LS.MLS_FlashCrashReversalStrategy_KD.ETORO_94: RUNNING
2026-06-11T20:05:49.629055334Z [DEBUG] eToro-Momentum-LS.MLS_FlashCrashReversalStrategy_MTZ.ETORO_95: STARTING
2026-06-11T20:05:49.629055675Z [INFO] eToro-Momentum-LS.MLS_FlashCrashReversalStrategy_MTZ.ETORO_95: self.config.oms_type=None
2026-06-11T20:05:49.629055955Z [INFO] eToro-Momentum-LS.MLS_FlashCrashReversalStrategy_MTZ.ETORO_95: self.config.external_order_claims=None
2026-06-11T20:05:49.629056105Z [INFO] eToro-Momentum-LS.MLS_FlashCrashReversalStrategy_MTZ.ETORO_95: self.config.manage_gtd_expiry=False
2026-06-11T20:05:49.629056927Z [INFO] eToro-Momentum-LS.MLS_FlashCrashReversalStrategy_MTZ.ETORO_95: Set ClientOrderIdGenerator client_order_id count to 0
2026-06-11T20:05:49.629057077Z [INFO] eToro-Momentum-LS.MLS_FlashCrashReversalStrategy_MTZ.ETORO_95: Set ClientOrderIdGenerator order_list_id count to 0
2026-06-11T20:05:49.629058049Z [INFO] eToro-Momentum-LS.MLS_FlashCrashReversalStrategy_MTZ.ETORO_95: Starte Flash Crash Reversal auf MTZ.ETORO
2026-06-11T20:05:49.629066956Z [DEBUG] eToro-Momentum-LS.MessageBus: Added Subscription(topic=data.bars.MTZ.ETORO-1-HOUR-MID-INTERNAL, handler=<bound method Actor.handle_bar of FlashCrashReversalStrategy(MLS_FlashCrashReversalStrategy_MTZ.ETORO_95-095)>, priority=0)
2026-06-11T20:05:49.629070222Z [INFO] eToro-Momentum-LS.MLS_FlashCrashReversalStrategy_MTZ.ETORO_95: [CMD]--> SubscribeBars(bar_type=MTZ.ETORO-1-HOUR-MID-INTERNAL, client_id=None, venue=ETORO)
2026-06-11T20:05:49.629085781Z [INFO] eToro-Momentum-LS.MLS_FlashCrashReversalStrategy_MTZ.ETORO_95: RUNNING
2026-06-11T20:05:49.629088546Z [DEBUG] eToro-Momentum-LS.MLS_FlashCrashReversalStrategy_MTZ.ETORO_96: STARTING
2026-06-11T20:05:49.629088937Z [INFO] eToro-Momentum-LS.MLS_FlashCrashReversalStrategy_MTZ.ETORO_96: self.config.oms_type=None
2026-06-11T20:05:49.629089107Z [INFO] eToro-Momentum-LS.MLS_FlashCrashReversalStrategy_MTZ.ETORO_96: self.config.external_order_claims=None
2026-06-11T20:05:49.629089347Z [INFO] eToro-Momentum-LS.MLS_FlashCrashReversalStrategy_MTZ.ETORO_96: self.config.manage_gtd_expiry=False
2026-06-11T20:05:49.629090239Z [INFO] eToro-Momentum-LS.MLS_FlashCrashReversalStrategy_MTZ.ETORO_96: Set ClientOrderIdGenerator client_order_id count to 0
2026-06-11T20:05:49.629091752Z [INFO] eToro-Momentum-LS.MLS_FlashCrashReversalStrategy_MTZ.ETORO_96: Set ClientOrderIdGenerator order_list_id count to 0
2026-06-11T20:05:49.629092684Z [INFO] eToro-Momentum-LS.MLS_FlashCrashReversalStrategy_MTZ.ETORO_96: Starte Flash Crash Reversal auf MTZ.ETORO
2026-06-11T20:05:49.629121608Z [DEBUG] eToro-Momentum-LS.MessageBus: Added Subscription(topic=data.bars.MTZ.ETORO-1-HOUR-MID-INTERNAL, handler=<bound method Actor.handle_bar of FlashCrashReversalStrategy(MLS_FlashCrashReversalStrategy_MTZ.ETORO_96-096)>, priority=0)
2026-06-11T20:05:49.629124994Z [INFO] eToro-Momentum-LS.MLS_FlashCrashReversalStrategy_MTZ.ETORO_96: [CMD]--> SubscribeBars(bar_type=MTZ.ETORO-1-HOUR-MID-INTERNAL, client_id=None, venue=ETORO)
2026-06-11T20:05:49.629143679Z [INFO] eToro-Momentum-LS.MLS_FlashCrashReversalStrategy_MTZ.ETORO_96: RUNNING
2026-06-11T20:05:49.629146153Z [DEBUG] eToro-Momentum-LS.MLS_FlashCrashReversalStrategy_MTZ.ETORO_97: STARTING
2026-06-11T20:05:49.629146544Z [INFO] eToro-Momentum-LS.MLS_FlashCrashReversalStrategy_MTZ.ETORO_97: self.config.oms_type=None
2026-06-11T20:05:49.629146715Z [INFO] eToro-Momentum-LS.MLS_FlashCrashReversalStrategy_MTZ.ETORO_97: self.config.external_order_claims=None
2026-06-11T20:05:49.629146865Z [INFO] eToro-Momentum-LS.MLS_FlashCrashReversalStrategy_MTZ.ETORO_97: self.config.manage_gtd_expiry=False
2026-06-11T20:05:49.629147616Z [INFO] eToro-Momentum-LS.MLS_FlashCrashReversalStrategy_MTZ.ETORO_97: Set ClientOrderIdGenerator client_order_id count to 0
2026-06-11T20:05:49.629147756Z [INFO] eToro-Momentum-LS.MLS_FlashCrashReversalStrategy_MTZ.ETORO_97: Set ClientOrderIdGenerator order_list_id count to 0
2026-06-11T20:05:49.629149269Z [INFO] eToro-Momentum-LS.MLS_FlashCrashReversalStrategy_MTZ.ETORO_97: Starte Flash Crash Reversal auf MTZ.ETORO
2026-06-11T20:05:49.629158557Z [DEBUG] eToro-Momentum-LS.MessageBus: Added Subscription(topic=data.bars.MTZ.ETORO-1-HOUR-MID-INTERNAL, handler=<bound method Actor.handle_bar of FlashCrashReversalStrategy(MLS_FlashCrashReversalStrategy_MTZ.ETORO_97-097)>, priority=0)
2026-06-11T20:05:49.629162714Z [INFO] eToro-Momentum-LS.MLS_FlashCrashReversalStrategy_MTZ.ETORO_97: [CMD]--> SubscribeBars(bar_type=MTZ.ETORO-1-HOUR-MID-INTERNAL, client_id=None, venue=ETORO)
2026-06-11T20:05:49.629179115Z [INFO] eToro-Momentum-LS.MLS_FlashCrashReversalStrategy_MTZ.ETORO_97: RUNNING
2026-06-11T20:05:49.629182521Z [DEBUG] eToro-Momentum-LS.MLS_FlashCrashReversalStrategy_MTZ.ETORO_98: STARTING
2026-06-11T20:05:49.629183022Z [INFO] eToro-Momentum-LS.MLS_FlashCrashReversalStrategy_MTZ.ETORO_98: self.config.oms_type=None
2026-06-11T20:05:49.629183183Z [INFO] eToro-Momentum-LS.MLS_FlashCrashReversalStrategy_MTZ.ETORO_98: self.config.external_order_claims=None
2026-06-11T20:05:49.629183323Z [INFO] eToro-Momentum-LS.MLS_FlashCrashReversalStrategy_MTZ.ETORO_98: self.config.manage_gtd_expiry=False
2026-06-11T20:05:49.629183854Z [INFO] eToro-Momentum-LS.MLS_FlashCrashReversalStrategy_MTZ.ETORO_98: Set ClientOrderIdGenerator client_order_id count to 0
2026-06-11T20:05:49.629184074Z [INFO] eToro-Momentum-LS.MLS_FlashCrashReversalStrategy_MTZ.ETORO_98: Set ClientOrderIdGenerator order_list_id count to 0
2026-06-11T20:05:49.629185447Z [INFO] eToro-Momentum-LS.MLS_FlashCrashReversalStrategy_MTZ.ETORO_98: Starte Flash Crash Reversal auf MTZ.ETORO
2026-06-11T20:05:49.629193742Z [DEBUG] eToro-Momentum-LS.MessageBus: Added Subscription(topic=data.bars.MTZ.ETORO-1-HOUR-MID-INTERNAL, handler=<bound method Actor.handle_bar of FlashCrashReversalStrategy(MLS_FlashCrashReversalStrategy_MTZ.ETORO_98-098)>, priority=0)
2026-06-11T20:05:49.629196608Z [INFO] eToro-Momentum-LS.MLS_FlashCrashReversalStrategy_MTZ.ETORO_98: [CMD]--> SubscribeBars(bar_type=MTZ.ETORO-1-HOUR-MID-INTERNAL, client_id=None, venue=ETORO)
2026-06-11T20:05:49.629216555Z [INFO] eToro-Momentum-LS.MLS_FlashCrashReversalStrategy_MTZ.ETORO_98: RUNNING
2026-06-11T20:05:49.629219270Z [DEBUG] eToro-Momentum-LS.MLS_FlashCrashReversalStrategy_MTZ.ETORO_99: STARTING
2026-06-11T20:05:49.629219571Z [INFO] eToro-Momentum-LS.MLS_FlashCrashReversalStrategy_MTZ.ETORO_99: self.config.oms_type=None
2026-06-11T20:05:49.629219741Z [INFO] eToro-Momentum-LS.MLS_FlashCrashReversalStrategy_MTZ.ETORO_99: self.config.external_order_claims=None
2026-06-11T20:05:49.629219881Z [INFO] eToro-Momentum-LS.MLS_FlashCrashReversalStrategy_MTZ.ETORO_99: self.config.manage_gtd_expiry=False
2026-06-11T20:05:49.629220502Z [INFO] eToro-Momentum-LS.MLS_FlashCrashReversalStrategy_MTZ.ETORO_99: Set ClientOrderIdGenerator client_order_id count to 0
2026-06-11T20:05:49.629220653Z [INFO] eToro-Momentum-LS.MLS_FlashCrashReversalStrategy_MTZ.ETORO_99: Set ClientOrderIdGenerator order_list_id count to 0
2026-06-11T20:05:49.629223107Z [INFO] eToro-Momentum-LS.MLS_FlashCrashReversalStrategy_MTZ.ETORO_99: Starte Flash Crash Reversal auf MTZ.ETORO
2026-06-11T20:05:49.629231663Z [DEBUG] eToro-Momentum-LS.MessageBus: Added Subscription(topic=data.bars.MTZ.ETORO-1-HOUR-MID-INTERNAL, handler=<bound method Actor.handle_bar of FlashCrashReversalStrategy(MLS_FlashCrashReversalStrategy_MTZ.ETORO_99-099)>, priority=0)
2026-06-11T20:05:49.629235079Z [INFO] eToro-Momentum-LS.MLS_FlashCrashReversalStrategy_MTZ.ETORO_99: [CMD]--> SubscribeBars(bar_type=MTZ.ETORO-1-HOUR-MID-INTERNAL, client_id=None, venue=ETORO)
2026-06-11T20:05:49.629251270Z [INFO] eToro-Momentum-LS.MLS_FlashCrashReversalStrategy_MTZ.ETORO_99: RUNNING
2026-06-11T20:05:49.629253474Z [DEBUG] eToro-Momentum-LS.MLS_FlashCrashReversalStrategy_MTZ.ETORO_100: STARTING
2026-06-11T20:05:49.629253875Z [INFO] eToro-Momentum-LS.MLS_FlashCrashReversalStrategy_MTZ.ETORO_100: self.config.oms_type=None
2026-06-11T20:05:49.629254075Z [INFO] eToro-Momentum-LS.MLS_FlashCrashReversalStrategy_MTZ.ETORO_100: self.config.external_order_claims=None
2026-06-11T20:05:49.629254235Z [INFO] eToro-Momentum-LS.MLS_FlashCrashReversalStrategy_MTZ.ETORO_100: self.config.manage_gtd_expiry=False
2026-06-11T20:05:49.629254876Z [INFO] eToro-Momentum-LS.MLS_FlashCrashReversalStrategy_MTZ.ETORO_100: Set ClientOrderIdGenerator client_order_id count to 0
2026-06-11T20:05:49.629255177Z [INFO] eToro-Momentum-LS.MLS_FlashCrashReversalStrategy_MTZ.ETORO_100: Set ClientOrderIdGenerator order_list_id count to 0
2026-06-11T20:05:49.629259806Z [INFO] eToro-Momentum-LS.MLS_FlashCrashReversalStrategy_MTZ.ETORO_100: Starte Flash Crash Reversal auf MTZ.ETORO
2026-06-11T20:05:49.629268281Z [DEBUG] eToro-Momentum-LS.MessageBus: Added Subscription(topic=data.bars.MTZ.ETORO-1-HOUR-MID-INTERNAL, handler=<bound method Actor.handle_bar of FlashCrashReversalStrategy(MLS_FlashCrashReversalStrategy_MTZ.ETORO_100-100)>, priority=0)
2026-06-11T20:05:49.629272409Z [INFO] eToro-Momentum-LS.MLS_FlashCrashReversalStrategy_MTZ.ETORO_100: [CMD]--> SubscribeBars(bar_type=MTZ.ETORO-1-HOUR-MID-INTERNAL, client_id=None, venue=ETORO)
2026-06-11T20:05:49.629288770Z [INFO] eToro-Momentum-LS.MLS_FlashCrashReversalStrategy_MTZ.ETORO_100: RUNNING
2026-06-11T20:05:49.629291465Z [DEBUG] eToro-Momentum-LS.MLS_FlashCrashReversalStrategy_MTZ.ETORO_101: STARTING
2026-06-11T20:05:49.629291926Z [INFO] eToro-Momentum-LS.MLS_FlashCrashReversalStrategy_MTZ.ETORO_101: self.config.oms_type=None
2026-06-11T20:05:49.629292096Z [INFO] eToro-Momentum-LS.MLS_FlashCrashReversalStrategy_MTZ.ETORO_101: self.config.external_order_claims=None
2026-06-11T20:05:49.629292326Z [INFO] eToro-Momentum-LS.MLS_FlashCrashReversalStrategy_MTZ.ETORO_101: self.config.manage_gtd_expiry=False
2026-06-11T20:05:49.629293048Z [INFO] eToro-Momentum-LS.MLS_FlashCrashReversalStrategy_MTZ.ETORO_101: Set ClientOrderIdGenerator client_order_id count to 0
2026-06-11T20:05:49.629293198Z [INFO] eToro-Momentum-LS.MLS_FlashCrashReversalStrategy_MTZ.ETORO_101: Set ClientOrderIdGenerator order_list_id count to 0
2026-06-11T20:05:49.629295182Z [INFO] eToro-Momentum-LS.MLS_FlashCrashReversalStrategy_MTZ.ETORO_101: Starte Flash Crash Reversal auf MTZ.ETORO
2026-06-11T20:05:49.629303848Z [DEBUG] eToro-Momentum-LS.MessageBus: Added Subscription(topic=data.bars.MTZ.ETORO-1-HOUR-MID-INTERNAL, handler=<bound method Actor.handle_bar of FlashCrashReversalStrategy(MLS_FlashCrashReversalStrategy_MTZ.ETORO_101-101)>, priority=0)
2026-06-11T20:05:49.629310170Z [INFO] eToro-Momentum-LS.MLS_FlashCrashReversalStrategy_MTZ.ETORO_101: [CMD]--> SubscribeBars(bar_type=MTZ.ETORO-1-HOUR-MID-INTERNAL, client_id=None, venue=ETORO)
2026-06-11T20:05:49.629327081Z [INFO] eToro-Momentum-LS.MLS_FlashCrashReversalStrategy_MTZ.ETORO_101: RUNNING
2026-06-11T20:05:49.629330037Z [DEBUG] eToro-Momentum-LS.MLS_FlashCrashReversalStrategy_MTZ.ETORO_102: STARTING
2026-06-11T20:05:49.629330327Z [INFO] eToro-Momentum-LS.MLS_FlashCrashReversalStrategy_MTZ.ETORO_102: self.config.oms_type=None
2026-06-11T20:05:49.629330498Z [INFO] eToro-Momentum-LS.MLS_FlashCrashReversalStrategy_MTZ.ETORO_102: self.config.external_order_claims=None
2026-06-11T20:05:49.629330638Z [INFO] eToro-Momentum-LS.MLS_FlashCrashReversalStrategy_MTZ.ETORO_102: self.config.manage_gtd_expiry=False
2026-06-11T20:05:49.629331469Z [INFO] eToro-Momentum-LS.MLS_FlashCrashReversalStrategy_MTZ.ETORO_102: Set ClientOrderIdGenerator client_order_id count to 0
2026-06-11T20:05:49.629331700Z [INFO] eToro-Momentum-LS.MLS_FlashCrashReversalStrategy_MTZ.ETORO_102: Set ClientOrderIdGenerator order_list_id count to 0
2026-06-11T20:05:49.629333173Z [INFO] eToro-Momentum-LS.MLS_FlashCrashReversalStrategy_MTZ.ETORO_102: Starte Flash Crash Reversal auf MTZ.ETORO
2026-06-11T20:05:49.629343101Z [DEBUG] eToro-Momentum-LS.MessageBus: Added Subscription(topic=data.bars.MTZ.ETORO-1-HOUR-MID-INTERNAL, handler=<bound method Actor.handle_bar of FlashCrashReversalStrategy(MLS_FlashCrashReversalStrategy_MTZ.ETORO_102-102)>, priority=0)
2026-06-11T20:05:49.629352639Z [INFO] eToro-Momentum-LS.MLS_FlashCrashReversalStrategy_MTZ.ETORO_102: [CMD]--> SubscribeBars(bar_type=MTZ.ETORO-1-HOUR-MID-INTERNAL, client_id=None, venue=ETORO)
2026-06-11T20:05:49.629372686Z [INFO] eToro-Momentum-LS.MLS_FlashCrashReversalStrategy_MTZ.ETORO_102: RUNNING
2026-06-11T20:05:49.629375081Z [DEBUG] eToro-Momentum-LS.MLS_FlashCrashReversalStrategy_MTZ.ETORO_103: STARTING
2026-06-11T20:05:49.629375462Z [INFO] eToro-Momentum-LS.MLS_FlashCrashReversalStrategy_MTZ.ETORO_103: self.config.oms_type=None
2026-06-11T20:05:49.629375692Z [INFO] eToro-Momentum-LS.MLS_FlashCrashReversalStrategy_MTZ.ETORO_103: self.config.external_order_claims=None
2026-06-11T20:05:49.629375832Z [INFO] eToro-Momentum-LS.MLS_FlashCrashReversalStrategy_MTZ.ETORO_103: self.config.manage_gtd_expiry=False
2026-06-11T20:05:49.629376243Z [INFO] eToro-Momentum-LS.MLS_FlashCrashReversalStrategy_MTZ.ETORO_103: Set ClientOrderIdGenerator client_order_id count to 0
2026-06-11T20:05:49.629376383Z [INFO] eToro-Momentum-LS.MLS_FlashCrashReversalStrategy_MTZ.ETORO_103: Set ClientOrderIdGenerator order_list_id count to 0
2026-06-11T20:05:49.629377956Z [INFO] eToro-Momentum-LS.MLS_FlashCrashReversalStrategy_MTZ.ETORO_103: Starte Flash Crash Reversal auf MTZ.ETORO
2026-06-11T20:05:49.629388456Z [DEBUG] eToro-Momentum-LS.MessageBus: Added Subscription(topic=data.bars.MTZ.ETORO-1-HOUR-MID-INTERNAL, handler=<bound method Actor.handle_bar of FlashCrashReversalStrategy(MLS_FlashCrashReversalStrategy_MTZ.ETORO_103-103)>, priority=0)
2026-06-11T20:05:49.629394798Z [INFO] eToro-Momentum-LS.MLS_FlashCrashReversalStrategy_MTZ.ETORO_103: [CMD]--> SubscribeBars(bar_type=MTZ.ETORO-1-HOUR-MID-INTERNAL, client_id=None, venue=ETORO)
2026-06-11T20:05:49.629411519Z [INFO] eToro-Momentum-LS.MLS_FlashCrashReversalStrategy_MTZ.ETORO_103: RUNNING
2026-06-11T20:05:49.629414014Z [DEBUG] eToro-Momentum-LS.MLS_FlashCrashReversalStrategy_MTZ.ETORO_104: STARTING
2026-06-11T20:05:49.629414464Z [INFO] eToro-Momentum-LS.MLS_FlashCrashReversalStrategy_MTZ.ETORO_104: self.config.oms_type=None
2026-06-11T20:05:49.629414635Z [INFO] eToro-Momentum-LS.MLS_FlashCrashReversalStrategy_MTZ.ETORO_104: self.config.external_order_claims=None
2026-06-11T20:05:49.629414785Z [INFO] eToro-Momentum-LS.MLS_FlashCrashReversalStrategy_MTZ.ETORO_104: self.config.manage_gtd_expiry=False
2026-06-11T20:05:49.629415516Z [INFO] eToro-Momentum-LS.MLS_FlashCrashReversalStrategy_MTZ.ETORO_104: Set ClientOrderIdGenerator client_order_id count to 0
2026-06-11T20:05:49.629415657Z [INFO] eToro-Momentum-LS.MLS_FlashCrashReversalStrategy_MTZ.ETORO_104: Set ClientOrderIdGenerator order_list_id count to 0
2026-06-11T20:05:49.629417400Z [INFO] eToro-Momentum-LS.MLS_FlashCrashReversalStrategy_MTZ.ETORO_104: Starte Flash Crash Reversal auf MTZ.ETORO
2026-06-11T20:05:49.629426076Z [DEBUG] eToro-Momentum-LS.MessageBus: Added Subscription(topic=data.bars.MTZ.ETORO-1-HOUR-MID-INTERNAL, handler=<bound method Actor.handle_bar of FlashCrashReversalStrategy(MLS_FlashCrashReversalStrategy_MTZ.ETORO_104-104)>, priority=0)
2026-06-11T20:05:49.629429232Z [INFO] eToro-Momentum-LS.MLS_FlashCrashReversalStrategy_MTZ.ETORO_104: [CMD]--> SubscribeBars(bar_type=MTZ.ETORO-1-HOUR-MID-INTERNAL, client_id=None, venue=ETORO)
2026-06-11T20:05:49.629446274Z [INFO] eToro-Momentum-LS.MLS_FlashCrashReversalStrategy_MTZ.ETORO_104: RUNNING
2026-06-11T20:05:49.629448628Z [DEBUG] eToro-Momentum-LS.MLS_FlashCrashReversalStrategy_MTZ.ETORO_105: STARTING
2026-06-11T20:05:49.629448949Z [INFO] eToro-Momentum-LS.MLS_FlashCrashReversalStrategy_MTZ.ETORO_105: self.config.oms_type=None
2026-06-11T20:05:49.629449119Z [INFO] eToro-Momentum-LS.MLS_FlashCrashReversalStrategy_MTZ.ETORO_105: self.config.external_order_claims=None
2026-06-11T20:05:49.629449460Z [INFO] eToro-Momentum-LS.MLS_FlashCrashReversalStrategy_MTZ.ETORO_105: self.config.manage_gtd_expiry=False
2026-06-11T20:05:49.629450121Z [INFO] eToro-Momentum-LS.MLS_FlashCrashReversalStrategy_MTZ.ETORO_105: Set ClientOrderIdGenerator client_order_id count to 0
2026-06-11T20:05:49.629450261Z [INFO] eToro-Momentum-LS.MLS_FlashCrashReversalStrategy_MTZ.ETORO_105: Set ClientOrderIdGenerator order_list_id count to 0
2026-06-11T20:05:49.629452255Z [INFO] eToro-Momentum-LS.MLS_FlashCrashReversalStrategy_MTZ.ETORO_105: Starte Flash Crash Reversal auf MTZ.ETORO
2026-06-11T20:05:49.629460761Z [DEBUG] eToro-Momentum-LS.MessageBus: Added Subscription(topic=data.bars.MTZ.ETORO-1-HOUR-MID-INTERNAL, handler=<bound method Actor.handle_bar of FlashCrashReversalStrategy(MLS_FlashCrashReversalStrategy_MTZ.ETORO_105-105)>, priority=0)
2026-06-11T20:05:49.629466712Z [INFO] eToro-Momentum-LS.MLS_FlashCrashReversalStrategy_MTZ.ETORO_105: [CMD]--> SubscribeBars(bar_type=MTZ.ETORO-1-HOUR-MID-INTERNAL, client_id=None, venue=ETORO)
2026-06-11T20:05:49.629486068Z [INFO] eToro-Momentum-LS.MLS_FlashCrashReversalStrategy_MTZ.ETORO_105: RUNNING
2026-06-11T20:05:49.629488643Z [DEBUG] eToro-Momentum-LS.MLS_FlashCrashReversalStrategy_MTZ.ETORO_106: STARTING
2026-06-11T20:05:49.629488943Z [INFO] eToro-Momentum-LS.MLS_FlashCrashReversalStrategy_MTZ.ETORO_106: self.config.oms_type=None
2026-06-11T20:05:49.629489114Z [INFO] eToro-Momentum-LS.MLS_FlashCrashReversalStrategy_MTZ.ETORO_106: self.config.external_order_claims=None
2026-06-11T20:05:49.629489354Z [INFO] eToro-Momentum-LS.MLS_FlashCrashReversalStrategy_MTZ.ETORO_106: self.config.manage_gtd_expiry=False
2026-06-11T20:05:49.629489965Z [INFO] eToro-Momentum-LS.MLS_FlashCrashReversalStrategy_MTZ.ETORO_106: Set ClientOrderIdGenerator client_order_id count to 0
2026-06-11T20:05:49.629490196Z [INFO] eToro-Momentum-LS.MLS_FlashCrashReversalStrategy_MTZ.ETORO_106: Set ClientOrderIdGenerator order_list_id count to 0
2026-06-11T20:05:49.629495706Z [INFO] eToro-Momentum-LS.MLS_FlashCrashReversalStrategy_MTZ.ETORO_106: Starte Flash Crash Reversal auf MTZ.ETORO
2026-06-11T20:05:49.629512437Z [DEBUG] eToro-Momentum-LS.MessageBus: Added Subscription(topic=data.bars.MTZ.ETORO-1-HOUR-MID-INTERNAL, handler=<bound method Actor.handle_bar of FlashCrashReversalStrategy(MLS_FlashCrashReversalStrategy_MTZ.ETORO_106-106)>, priority=0)
2026-06-11T20:05:49.629515162Z [INFO] eToro-Momentum-LS.MLS_FlashCrashReversalStrategy_MTZ.ETORO_106: [CMD]--> SubscribeBars(bar_type=MTZ.ETORO-1-HOUR-MID-INTERNAL, client_id=None, venue=ETORO)
2026-06-11T20:05:49.629531002Z [INFO] eToro-Momentum-LS.MLS_FlashCrashReversalStrategy_MTZ.ETORO_106: RUNNING
2026-06-11T20:05:49.629533897Z [DEBUG] eToro-Momentum-LS.MLS_FlashCrashReversalStrategy_MTZ.ETORO_107: STARTING
2026-06-11T20:05:49.629534378Z [INFO] eToro-Momentum-LS.MLS_FlashCrashReversalStrategy_MTZ.ETORO_107: self.config.oms_type=None
2026-06-11T20:05:49.629534679Z [INFO] eToro-Momentum-LS.MLS_FlashCrashReversalStrategy_MTZ.ETORO_107: self.config.external_order_claims=None
2026-06-11T20:05:49.629534949Z [INFO] eToro-Momentum-LS.MLS_FlashCrashReversalStrategy_MTZ.ETORO_107: self.config.manage_gtd_expiry=False
2026-06-11T20:05:49.629535550Z [INFO] eToro-Momentum-LS.MLS_FlashCrashReversalStrategy_MTZ.ETORO_107: Set ClientOrderIdGenerator client_order_id count to 0
2026-06-11T20:05:49.629535711Z [INFO] eToro-Momentum-LS.MLS_FlashCrashReversalStrategy_MTZ.ETORO_107: Set ClientOrderIdGenerator order_list_id count to 0
2026-06-11T20:05:49.629538386Z [INFO] eToro-Momentum-LS.MLS_FlashCrashReversalStrategy_MTZ.ETORO_107: Starte Flash Crash Reversal auf MTZ.ETORO
2026-06-11T20:05:49.629549627Z [DEBUG] eToro-Momentum-LS.MessageBus: Added Subscription(topic=data.bars.MTZ.ETORO-1-HOUR-MID-INTERNAL, handler=<bound method Actor.handle_bar of FlashCrashReversalStrategy(MLS_FlashCrashReversalStrategy_MTZ.ETORO_107-107)>, priority=0)
2026-06-11T20:05:49.629552111Z [INFO] eToro-Momentum-LS.MLS_FlashCrashReversalStrategy_MTZ.ETORO_107: [CMD]--> SubscribeBars(bar_type=MTZ.ETORO-1-HOUR-MID-INTERNAL, client_id=None, venue=ETORO)
2026-06-11T20:05:49.629569253Z [INFO] eToro-Momentum-LS.MLS_FlashCrashReversalStrategy_MTZ.ETORO_107: RUNNING
2026-06-11T20:05:49.629572119Z [DEBUG] eToro-Momentum-LS.MLS_FlashCrashReversalStrategy_MTZ.ETORO_108: STARTING
2026-06-11T20:05:49.629573171Z [INFO] eToro-Momentum-LS.MLS_FlashCrashReversalStrategy_MTZ.ETORO_108: self.config.oms_type=None
2026-06-11T20:05:49.629573411Z [INFO] eToro-Momentum-LS.MLS_FlashCrashReversalStrategy_MTZ.ETORO_108: self.config.external_order_claims=None
2026-06-11T20:05:49.629573561Z [INFO] eToro-Momentum-LS.MLS_FlashCrashReversalStrategy_MTZ.ETORO_108: self.config.manage_gtd_expiry=False
2026-06-11T20:05:49.629574092Z [INFO] eToro-Momentum-LS.MLS_FlashCrashReversalStrategy_MTZ.ETORO_108: Set ClientOrderIdGenerator client_order_id count to 0
2026-06-11T20:05:49.629574313Z [INFO] eToro-Momentum-LS.MLS_FlashCrashReversalStrategy_MTZ.ETORO_108: Set ClientOrderIdGenerator order_list_id count to 0
2026-06-11T20:05:49.629578270Z [INFO] eToro-Momentum-LS.MLS_FlashCrashReversalStrategy_MTZ.ETORO_108: Starte Flash Crash Reversal auf MTZ.ETORO
2026-06-11T20:05:49.629586706Z [DEBUG] eToro-Momentum-LS.MessageBus: Added Subscription(topic=data.bars.MTZ.ETORO-1-HOUR-MID-INTERNAL, handler=<bound method Actor.handle_bar of FlashCrashReversalStrategy(MLS_FlashCrashReversalStrategy_MTZ.ETORO_108-108)>, priority=0)
2026-06-11T20:05:49.629589922Z [INFO] eToro-Momentum-LS.MLS_FlashCrashReversalStrategy_MTZ.ETORO_108: [CMD]--> SubscribeBars(bar_type=MTZ.ETORO-1-HOUR-MID-INTERNAL, client_id=None, venue=ETORO)
2026-06-11T20:05:49.629607475Z [INFO] eToro-Momentum-LS.MLS_FlashCrashReversalStrategy_MTZ.ETORO_108: RUNNING
2026-06-11T20:05:49.629610140Z [DEBUG] eToro-Momentum-LS.MLS_FlashCrashReversalStrategy_MTZ.ETORO_109: STARTING
2026-06-11T20:05:49.629610540Z [INFO] eToro-Momentum-LS.MLS_FlashCrashReversalStrategy_MTZ.ETORO_109: self.config.oms_type=None
2026-06-11T20:05:49.629610721Z [INFO] eToro-Momentum-LS.MLS_FlashCrashReversalStrategy_MTZ.ETORO_109: self.config.external_order_claims=None
2026-06-11T20:05:49.629610871Z [INFO] eToro-Momentum-LS.MLS_FlashCrashReversalStrategy_MTZ.ETORO_109: self.config.manage_gtd_expiry=False
2026-06-11T20:05:49.629611412Z [INFO] eToro-Momentum-LS.MLS_FlashCrashReversalStrategy_MTZ.ETORO_109: Set ClientOrderIdGenerator client_order_id count to 0
2026-06-11T20:05:49.629611562Z [INFO] eToro-Momentum-LS.MLS_FlashCrashReversalStrategy_MTZ.ETORO_109: Set ClientOrderIdGenerator order_list_id count to 0
2026-06-11T20:05:49.629612815Z [INFO] eToro-Momentum-LS.MLS_FlashCrashReversalStrategy_MTZ.ETORO_109: Starte Flash Crash Reversal auf MTZ.ETORO
2026-06-11T20:05:49.629621541Z [DEBUG] eToro-Momentum-LS.MessageBus: Added Subscription(topic=data.bars.MTZ.ETORO-1-HOUR-MID-INTERNAL, handler=<bound method Actor.handle_bar of FlashCrashReversalStrategy(MLS_FlashCrashReversalStrategy_MTZ.ETORO_109-109)>, priority=0)
2026-06-11T20:05:49.629624667Z [INFO] eToro-Momentum-LS.MLS_FlashCrashReversalStrategy_MTZ.ETORO_109: [CMD]--> SubscribeBars(bar_type=MTZ.ETORO-1-HOUR-MID-INTERNAL, client_id=None, venue=ETORO)
2026-06-11T20:05:49.629642250Z [INFO] eToro-Momentum-LS.MLS_FlashCrashReversalStrategy_MTZ.ETORO_109: RUNNING
2026-06-11T20:05:49.629647590Z [DEBUG] eToro-Momentum-LS.MLS_FlashCrashReversalStrategy_MTZ.ETORO_110: STARTING
2026-06-11T20:05:49.629647920Z [INFO] eToro-Momentum-LS.MLS_FlashCrashReversalStrategy_MTZ.ETORO_110: self.config.oms_type=None
2026-06-11T20:05:49.629648081Z [INFO] eToro-Momentum-LS.MLS_FlashCrashReversalStrategy_MTZ.ETORO_110: self.config.external_order_claims=None
2026-06-11T20:05:49.629648241Z [INFO] eToro-Momentum-LS.MLS_FlashCrashReversalStrategy_MTZ.ETORO_110: self.config.manage_gtd_expiry=False
2026-06-11T20:05:49.629649193Z [INFO] eToro-Momentum-LS.MLS_FlashCrashReversalStrategy_MTZ.ETORO_110: Set ClientOrderIdGenerator client_order_id count to 0
2026-06-11T20:05:49.629649403Z [INFO] eToro-Momentum-LS.MLS_FlashCrashReversalStrategy_MTZ.ETORO_110: Set ClientOrderIdGenerator order_list_id count to 0
2026-06-11T20:05:49.629651357Z [INFO] eToro-Momentum-LS.MLS_FlashCrashReversalStrategy_MTZ.ETORO_110: Starte Flash Crash Reversal auf MTZ.ETORO
2026-06-11T20:05:49.629659963Z [DEBUG] eToro-Momentum-LS.MessageBus: Added Subscription(topic=data.bars.MTZ.ETORO-1-HOUR-MID-INTERNAL, handler=<bound method Actor.handle_bar of FlashCrashReversalStrategy(MLS_FlashCrashReversalStrategy_MTZ.ETORO_110-110)>, priority=0)
2026-06-11T20:05:49.629662678Z [INFO] eToro-Momentum-LS.MLS_FlashCrashReversalStrategy_MTZ.ETORO_110: [CMD]--> SubscribeBars(bar_type=MTZ.ETORO-1-HOUR-MID-INTERNAL, client_id=None, venue=ETORO)
2026-06-11T20:05:49.629682805Z [INFO] eToro-Momentum-LS.MLS_FlashCrashReversalStrategy_MTZ.ETORO_110: RUNNING
2026-06-11T20:05:49.629686061Z [DEBUG] eToro-Momentum-LS.MLS_FlashCrashReversalStrategy_MTZ.ETORO_111: STARTING
2026-06-11T20:05:49.629686482Z [INFO] eToro-Momentum-LS.MLS_FlashCrashReversalStrategy_MTZ.ETORO_111: self.config.oms_type=None
2026-06-11T20:05:49.629686643Z [INFO] eToro-Momentum-LS.MLS_FlashCrashReversalStrategy_MTZ.ETORO_111: self.config.external_order_claims=None
2026-06-11T20:05:49.629686793Z [INFO] eToro-Momentum-LS.MLS_FlashCrashReversalStrategy_MTZ.ETORO_111: self.config.manage_gtd_expiry=False
2026-06-11T20:05:49.629687514Z [INFO] eToro-Momentum-LS.MLS_FlashCrashReversalStrategy_MTZ.ETORO_111: Set ClientOrderIdGenerator client_order_id count to 0
2026-06-11T20:05:49.629687654Z [INFO] eToro-Momentum-LS.MLS_FlashCrashReversalStrategy_MTZ.ETORO_111: Set ClientOrderIdGenerator order_list_id count to 0
2026-06-11T20:05:49.629688776Z [INFO] eToro-Momentum-LS.MLS_FlashCrashReversalStrategy_MTZ.ETORO_111: Starte Flash Crash Reversal auf MTZ.ETORO
2026-06-11T20:05:49.629722730Z [DEBUG] eToro-Momentum-LS.MessageBus: Added Subscription(topic=data.bars.MTZ.ETORO-1-HOUR-MID-INTERNAL, handler=<bound method Actor.handle_bar of FlashCrashReversalStrategy(MLS_FlashCrashReversalStrategy_MTZ.ETORO_111-111)>, priority=0)
2026-06-11T20:05:49.629725866Z [INFO] eToro-Momentum-LS.MLS_FlashCrashReversalStrategy_MTZ.ETORO_111: [CMD]--> SubscribeBars(bar_type=MTZ.ETORO-1-HOUR-MID-INTERNAL, client_id=None, venue=ETORO)
2026-06-11T20:05:49.629741906Z [INFO] eToro-Momentum-LS.MLS_FlashCrashReversalStrategy_MTZ.ETORO_111: RUNNING
2026-06-11T20:05:49.629746805Z [DEBUG] eToro-Momentum-LS.MLS_FlashCrashReversalStrategy_AMKR.ETORO_112: STARTING
2026-06-11T20:05:49.629747135Z [INFO] eToro-Momentum-LS.MLS_FlashCrashReversalStrategy_AMKR.ETORO_112: self.config.oms_type=None
2026-06-11T20:05:49.629747406Z [INFO] eToro-Momentum-LS.MLS_FlashCrashReversalStrategy_AMKR.ETORO_112: self.config.external_order_claims=None
2026-06-11T20:05:49.629747556Z [INFO] eToro-Momentum-LS.MLS_FlashCrashReversalStrategy_AMKR.ETORO_112: self.config.manage_gtd_expiry=False
2026-06-11T20:05:49.629748097Z [INFO] eToro-Momentum-LS.MLS_FlashCrashReversalStrategy_AMKR.ETORO_112: Set ClientOrderIdGenerator client_order_id count to 0
2026-06-11T20:05:49.629748308Z [INFO] eToro-Momentum-LS.MLS_FlashCrashReversalStrategy_AMKR.ETORO_112: Set ClientOrderIdGenerator order_list_id count to 0
2026-06-11T20:05:49.629755501Z [INFO] eToro-Momentum-LS.MLS_FlashCrashReversalStrategy_AMKR.ETORO_112: Starte Flash Crash Reversal auf AMKR.ETORO
2026-06-11T20:05:49.629764919Z [DEBUG] eToro-Momentum-LS.MessageBus: Added Subscription(topic=data.bars.AMKR.ETORO-1-HOUR-MID-INTERNAL, handler=<bound method Actor.handle_bar of FlashCrashReversalStrategy(MLS_FlashCrashReversalStrategy_AMKR.ETORO_112-112)>, priority=0)
2026-06-11T20:05:49.629772092Z [INFO] eToro-Momentum-LS.MLS_FlashCrashReversalStrategy_AMKR.ETORO_112: [CMD]--> SubscribeBars(bar_type=AMKR.ETORO-1-HOUR-MID-INTERNAL, client_id=None, venue=ETORO)
2026-06-11T20:05:49.629793833Z [INFO] eToro-Momentum-LS.MLS_FlashCrashReversalStrategy_AMKR.ETORO_112: RUNNING
2026-06-11T20:05:49.629796548Z [DEBUG] eToro-Momentum-LS.MLS_FlashCrashReversalStrategy_AMKR.ETORO_113: STARTING
2026-06-11T20:05:49.629796999Z [INFO] eToro-Momentum-LS.MLS_FlashCrashReversalStrategy_AMKR.ETORO_113: self.config.oms_type=None
2026-06-11T20:05:49.629797189Z [INFO] eToro-Momentum-LS.MLS_FlashCrashReversalStrategy_AMKR.ETORO_113: self.config.external_order_claims=None
2026-06-11T20:05:49.629797339Z [INFO] eToro-Momentum-LS.MLS_FlashCrashReversalStrategy_AMKR.ETORO_113: self.config.manage_gtd_expiry=False
2026-06-11T20:05:49.629797950Z [INFO] eToro-Momentum-LS.MLS_FlashCrashReversalStrategy_AMKR.ETORO_113: Set ClientOrderIdGenerator client_order_id count to 0
2026-06-11T20:05:49.629798191Z [INFO] eToro-Momentum-LS.MLS_FlashCrashReversalStrategy_AMKR.ETORO_113: Set ClientOrderIdGenerator order_list_id count to 0
2026-06-11T20:05:49.629799473Z [INFO] eToro-Momentum-LS.MLS_FlashCrashReversalStrategy_AMKR.ETORO_113: Starte Flash Crash Reversal auf AMKR.ETORO
2026-06-11T20:05:49.629810313Z [DEBUG] eToro-Momentum-LS.MessageBus: Added Subscription(topic=data.bars.AMKR.ETORO-1-HOUR-MID-INTERNAL, handler=<bound method Actor.handle_bar of FlashCrashReversalStrategy(MLS_FlashCrashReversalStrategy_AMKR.ETORO_113-113)>, priority=0)
2026-06-11T20:05:49.629814321Z [INFO] eToro-Momentum-LS.MLS_FlashCrashReversalStrategy_AMKR.ETORO_113: [CMD]--> SubscribeBars(bar_type=AMKR.ETORO-1-HOUR-MID-INTERNAL, client_id=None, venue=ETORO)
2026-06-11T20:05:49.629829539Z [INFO] eToro-Momentum-LS.MLS_FlashCrashReversalStrategy_AMKR.ETORO_113: RUNNING
2026-06-11T20:05:49.629831944Z [DEBUG] eToro-Momentum-LS.MLS_FlashCrashReversalStrategy_AMKR.ETORO_114: STARTING
2026-06-11T20:05:49.629832234Z [INFO] eToro-Momentum-LS.MLS_FlashCrashReversalStrategy_AMKR.ETORO_114: self.config.oms_type=None
2026-06-11T20:05:49.629832395Z [INFO] eToro-Momentum-LS.MLS_FlashCrashReversalStrategy_AMKR.ETORO_114: self.config.external_order_claims=None
2026-06-11T20:05:49.629832545Z [INFO] eToro-Momentum-LS.MLS_FlashCrashReversalStrategy_AMKR.ETORO_114: self.config.manage_gtd_expiry=False
2026-06-11T20:05:49.629833246Z [INFO] eToro-Momentum-LS.MLS_FlashCrashReversalStrategy_AMKR.ETORO_114: Set ClientOrderIdGenerator client_order_id count to 0
2026-06-11T20:05:49.629833457Z [INFO] eToro-Momentum-LS.MLS_FlashCrashReversalStrategy_AMKR.ETORO_114: Set ClientOrderIdGenerator order_list_id count to 0
2026-06-11T20:05:49.629834949Z [INFO] eToro-Momentum-LS.MLS_FlashCrashReversalStrategy_AMKR.ETORO_114: Starte Flash Crash Reversal auf AMKR.ETORO
2026-06-11T20:05:49.629842624Z [DEBUG] eToro-Momentum-LS.MessageBus: Added Subscription(topic=data.bars.AMKR.ETORO-1-HOUR-MID-INTERNAL, handler=<bound method Actor.handle_bar of FlashCrashReversalStrategy(MLS_FlashCrashReversalStrategy_AMKR.ETORO_114-114)>, priority=0)
2026-06-11T20:05:49.629845489Z [INFO] eToro-Momentum-LS.MLS_FlashCrashReversalStrategy_AMKR.ETORO_114: [CMD]--> SubscribeBars(bar_type=AMKR.ETORO-1-HOUR-MID-INTERNAL, client_id=None, venue=ETORO)
2026-06-11T20:05:49.629862631Z [INFO] eToro-Momentum-LS.MLS_FlashCrashReversalStrategy_AMKR.ETORO_114: RUNNING
2026-06-11T20:05:49.629864975Z [DEBUG] eToro-Momentum-LS.MLS_FlashCrashReversalStrategy_AMKR.ETORO_115: STARTING
2026-06-11T20:05:49.629867711Z [INFO] eToro-Momentum-LS.MLS_FlashCrashReversalStrategy_AMKR.ETORO_115: self.config.oms_type=None
2026-06-11T20:05:49.629867871Z [INFO] eToro-Momentum-LS.MLS_FlashCrashReversalStrategy_AMKR.ETORO_115: self.config.external_order_claims=None
2026-06-11T20:05:49.629868091Z [INFO] eToro-Momentum-LS.MLS_FlashCrashReversalStrategy_AMKR.ETORO_115: self.config.manage_gtd_expiry=False
2026-06-11T20:05:49.629868652Z [INFO] eToro-Momentum-LS.MLS_FlashCrashReversalStrategy_AMKR.ETORO_115: Set ClientOrderIdGenerator client_order_id count to 0
2026-06-11T20:05:49.629868813Z [INFO] eToro-Momentum-LS.MLS_FlashCrashReversalStrategy_AMKR.ETORO_115: Set ClientOrderIdGenerator order_list_id count to 0
2026-06-11T20:05:49.629869855Z [INFO] eToro-Momentum-LS.MLS_FlashCrashReversalStrategy_AMKR.ETORO_115: Starte Flash Crash Reversal auf AMKR.ETORO
2026-06-11T20:05:49.629881496Z [DEBUG] eToro-Momentum-LS.MessageBus: Added Subscription(topic=data.bars.AMKR.ETORO-1-HOUR-MID-INTERNAL, handler=<bound method Actor.handle_bar of FlashCrashReversalStrategy(MLS_FlashCrashReversalStrategy_AMKR.ETORO_115-115)>, priority=0)
2026-06-11T20:05:49.629884472Z [INFO] eToro-Momentum-LS.MLS_FlashCrashReversalStrategy_AMKR.ETORO_115: [CMD]--> SubscribeBars(bar_type=AMKR.ETORO-1-HOUR-MID-INTERNAL, client_id=None, venue=ETORO)
2026-06-11T20:05:49.629901604Z [INFO] eToro-Momentum-LS.MLS_FlashCrashReversalStrategy_AMKR.ETORO_115: RUNNING
2026-06-11T20:05:49.629907605Z [DEBUG] eToro-Momentum-LS.MLS_FlashCrashReversalStrategy_AMKR.ETORO_116: STARTING
2026-06-11T20:05:49.629907926Z [INFO] eToro-Momentum-LS.MLS_FlashCrashReversalStrategy_AMKR.ETORO_116: self.config.oms_type=None
2026-06-11T20:05:49.629908216Z [INFO] eToro-Momentum-LS.MLS_FlashCrashReversalStrategy_AMKR.ETORO_116: self.config.external_order_claims=None
2026-06-11T20:05:49.629908376Z [INFO] eToro-Momentum-LS.MLS_FlashCrashReversalStrategy_AMKR.ETORO_116: self.config.manage_gtd_expiry=False
2026-06-11T20:05:49.629908958Z [INFO] eToro-Momentum-LS.MLS_FlashCrashReversalStrategy_AMKR.ETORO_116: Set ClientOrderIdGenerator client_order_id count to 0
2026-06-11T20:05:49.629909118Z [INFO] eToro-Momentum-LS.MLS_FlashCrashReversalStrategy_AMKR.ETORO_116: Set ClientOrderIdGenerator order_list_id count to 0
2026-06-11T20:05:49.629910561Z [INFO] eToro-Momentum-LS.MLS_FlashCrashReversalStrategy_AMKR.ETORO_116: Starte Flash Crash Reversal auf AMKR.ETORO
2026-06-11T20:05:49.629953180Z [DEBUG] eToro-Momentum-LS.MessageBus: Added Subscription(topic=data.bars.AMKR.ETORO-1-HOUR-MID-INTERNAL, handler=<bound method Actor.handle_bar of FlashCrashReversalStrategy(MLS_FlashCrashReversalStrategy_AMKR.ETORO_116-116)>, priority=0)
2026-06-11T20:05:49.629955765Z [INFO] eToro-Momentum-LS.MLS_FlashCrashReversalStrategy_AMKR.ETORO_116: [CMD]--> SubscribeBars(bar_type=AMKR.ETORO-1-HOUR-MID-INTERNAL, client_id=None, venue=ETORO)
2026-06-11T20:05:49.629972386Z [INFO] eToro-Momentum-LS.MLS_FlashCrashReversalStrategy_AMKR.ETORO_116: RUNNING
2026-06-11T20:05:49.629975111Z [DEBUG] eToro-Momentum-LS.MLS_FlashCrashReversalStrategy_AMKR.ETORO_117: STARTING
2026-06-11T20:05:49.629975582Z [INFO] eToro-Momentum-LS.MLS_FlashCrashReversalStrategy_AMKR.ETORO_117: self.config.oms_type=None
2026-06-11T20:05:49.629975782Z [INFO] eToro-Momentum-LS.MLS_FlashCrashReversalStrategy_AMKR.ETORO_117: self.config.external_order_claims=None
2026-06-11T20:05:49.629975953Z [INFO] eToro-Momentum-LS.MLS_FlashCrashReversalStrategy_AMKR.ETORO_117: self.config.manage_gtd_expiry=False
2026-06-11T20:05:49.629976824Z [INFO] eToro-Momentum-LS.MLS_FlashCrashReversalStrategy_AMKR.ETORO_117: Set ClientOrderIdGenerator client_order_id count to 0
2026-06-11T20:05:49.629976965Z [INFO] eToro-Momentum-LS.MLS_FlashCrashReversalStrategy_AMKR.ETORO_117: Set ClientOrderIdGenerator order_list_id count to 0
2026-06-11T20:05:49.629978618Z [INFO] eToro-Momentum-LS.MLS_FlashCrashReversalStrategy_AMKR.ETORO_117: Starte Flash Crash Reversal auf AMKR.ETORO
2026-06-11T20:05:49.629986823Z [DEBUG] eToro-Momentum-LS.MessageBus: Added Subscription(topic=data.bars.AMKR.ETORO-1-HOUR-MID-INTERNAL, handler=<bound method Actor.handle_bar of FlashCrashReversalStrategy(MLS_FlashCrashReversalStrategy_AMKR.ETORO_117-117)>, priority=0)
2026-06-11T20:05:49.629990820Z [INFO] eToro-Momentum-LS.MLS_FlashCrashReversalStrategy_AMKR.ETORO_117: [CMD]--> SubscribeBars(bar_type=AMKR.ETORO-1-HOUR-MID-INTERNAL, client_id=None, venue=ETORO)
2026-06-11T20:05:49.630007742Z [INFO] eToro-Momentum-LS.MLS_FlashCrashReversalStrategy_AMKR.ETORO_117: RUNNING
2026-06-11T20:05:49.630010808Z [DEBUG] eToro-Momentum-LS.MLS_FlashCrashReversalStrategy_AMKR.ETORO_118: STARTING
2026-06-11T20:05:49.630011218Z [INFO] eToro-Momentum-LS.MLS_FlashCrashReversalStrategy_AMKR.ETORO_118: self.config.oms_type=None
2026-06-11T20:05:49.630013282Z [INFO] eToro-Momentum-LS.MLS_FlashCrashReversalStrategy_AMKR.ETORO_118: self.config.external_order_claims=None
2026-06-11T20:05:49.630013543Z [INFO] eToro-Momentum-LS.MLS_FlashCrashReversalStrategy_AMKR.ETORO_118: self.config.manage_gtd_expiry=False
2026-06-11T20:05:49.630014054Z [INFO] eToro-Momentum-LS.MLS_FlashCrashReversalStrategy_AMKR.ETORO_118: Set ClientOrderIdGenerator client_order_id count to 0
2026-06-11T20:05:49.630014194Z [INFO] eToro-Momentum-LS.MLS_FlashCrashReversalStrategy_AMKR.ETORO_118: Set ClientOrderIdGenerator order_list_id count to 0
2026-06-11T20:05:49.630016298Z [INFO] eToro-Momentum-LS.MLS_FlashCrashReversalStrategy_AMKR.ETORO_118: Starte Flash Crash Reversal auf AMKR.ETORO
2026-06-11T20:05:49.630023962Z [DEBUG] eToro-Momentum-LS.MessageBus: Added Subscription(topic=data.bars.AMKR.ETORO-1-HOUR-MID-INTERNAL, handler=<bound method Actor.handle_bar of FlashCrashReversalStrategy(MLS_FlashCrashReversalStrategy_AMKR.ETORO_118-118)>, priority=0)
2026-06-11T20:05:49.630028741Z [INFO] eToro-Momentum-LS.MLS_FlashCrashReversalStrategy_AMKR.ETORO_118: [CMD]--> SubscribeBars(bar_type=AMKR.ETORO-1-HOUR-MID-INTERNAL, client_id=None, venue=ETORO)
2026-06-11T20:05:49.630046264Z [INFO] eToro-Momentum-LS.MLS_FlashCrashReversalStrategy_AMKR.ETORO_118: RUNNING
2026-06-11T20:05:49.630048799Z [DEBUG] eToro-Momentum-LS.MLS_FlashCrashReversalStrategy_AMKR.ETORO_119: STARTING
2026-06-11T20:05:49.630049089Z [INFO] eToro-Momentum-LS.MLS_FlashCrashReversalStrategy_AMKR.ETORO_119: self.config.oms_type=None
2026-06-11T20:05:49.630049260Z [INFO] eToro-Momentum-LS.MLS_FlashCrashReversalStrategy_AMKR.ETORO_119: self.config.external_order_claims=None
2026-06-11T20:05:49.630049420Z [INFO] eToro-Momentum-LS.MLS_FlashCrashReversalStrategy_AMKR.ETORO_119: self.config.manage_gtd_expiry=False
2026-06-11T20:05:49.630049951Z [INFO] eToro-Momentum-LS.MLS_FlashCrashReversalStrategy_AMKR.ETORO_119: Set ClientOrderIdGenerator client_order_id count to 0
2026-06-11T20:05:49.630050101Z [INFO] eToro-Momentum-LS.MLS_FlashCrashReversalStrategy_AMKR.ETORO_119: Set ClientOrderIdGenerator order_list_id count to 0
2026-06-11T20:05:49.630052225Z [INFO] eToro-Momentum-LS.MLS_FlashCrashReversalStrategy_AMKR.ETORO_119: Starte Flash Crash Reversal auf AMKR.ETORO
2026-06-11T20:05:49.630063155Z [DEBUG] eToro-Momentum-LS.MessageBus: Added Subscription(topic=data.bars.AMKR.ETORO-1-HOUR-MID-INTERNAL, handler=<bound method Actor.handle_bar of FlashCrashReversalStrategy(MLS_FlashCrashReversalStrategy_AMKR.ETORO_119-119)>, priority=0)
2026-06-11T20:05:49.630066301Z [INFO] eToro-Momentum-LS.MLS_FlashCrashReversalStrategy_AMKR.ETORO_119: [CMD]--> SubscribeBars(bar_type=AMKR.ETORO-1-HOUR-MID-INTERNAL, client_id=None, venue=ETORO)
2026-06-11T20:05:49.630086449Z [INFO] eToro-Momentum-LS.MLS_FlashCrashReversalStrategy_AMKR.ETORO_119: RUNNING
2026-06-11T20:05:49.630088733Z [DEBUG] eToro-Momentum-LS.MLS_FlashCrashReversalStrategy_AMKR.ETORO_120: STARTING
2026-06-11T20:05:49.630089024Z [INFO] eToro-Momentum-LS.MLS_FlashCrashReversalStrategy_AMKR.ETORO_120: self.config.oms_type=None
2026-06-11T20:05:49.630089194Z [INFO] eToro-Momentum-LS.MLS_FlashCrashReversalStrategy_AMKR.ETORO_120: self.config.external_order_claims=None
2026-06-11T20:05:49.630089354Z [INFO] eToro-Momentum-LS.MLS_FlashCrashReversalStrategy_AMKR.ETORO_120: self.config.manage_gtd_expiry=False
2026-06-11T20:05:49.630089986Z [INFO] eToro-Momentum-LS.MLS_FlashCrashReversalStrategy_AMKR.ETORO_120: Set ClientOrderIdGenerator client_order_id count to 0
2026-06-11T20:05:49.630090156Z [INFO] eToro-Momentum-LS.MLS_FlashCrashReversalStrategy_AMKR.ETORO_120: Set ClientOrderIdGenerator order_list_id count to 0
2026-06-11T20:05:49.630092190Z [INFO] eToro-Momentum-LS.MLS_FlashCrashReversalStrategy_AMKR.ETORO_120: Starte Flash Crash Reversal auf AMKR.ETORO
2026-06-11T20:05:49.630100866Z [DEBUG] eToro-Momentum-LS.MessageBus: Added Subscription(topic=data.bars.AMKR.ETORO-1-HOUR-MID-INTERNAL, handler=<bound method Actor.handle_bar of FlashCrashReversalStrategy(MLS_FlashCrashReversalStrategy_AMKR.ETORO_120-120)>, priority=0)
2026-06-11T20:05:49.630104062Z [INFO] eToro-Momentum-LS.MLS_FlashCrashReversalStrategy_AMKR.ETORO_120: [CMD]--> SubscribeBars(bar_type=AMKR.ETORO-1-HOUR-MID-INTERNAL, client_id=None, venue=ETORO)
2026-06-11T20:05:49.630126213Z [INFO] eToro-Momentum-LS.MLS_FlashCrashReversalStrategy_AMKR.ETORO_120: RUNNING
2026-06-11T20:05:49.630128437Z [DEBUG] eToro-Momentum-LS.MLS_FlashCrashReversalStrategy_AMKR.ETORO_121: STARTING
2026-06-11T20:05:49.630128938Z [INFO] eToro-Momentum-LS.MLS_FlashCrashReversalStrategy_AMKR.ETORO_121: self.config.oms_type=None
2026-06-11T20:05:49.630129139Z [INFO] eToro-Momentum-LS.MLS_FlashCrashReversalStrategy_AMKR.ETORO_121: self.config.external_order_claims=None
2026-06-11T20:05:49.630131213Z [INFO] eToro-Momentum-LS.MLS_FlashCrashReversalStrategy_AMKR.ETORO_121: self.config.manage_gtd_expiry=False
2026-06-11T20:05:49.630131764Z [INFO] eToro-Momentum-LS.MLS_FlashCrashReversalStrategy_AMKR.ETORO_121: Set ClientOrderIdGenerator client_order_id count to 0
2026-06-11T20:05:49.630132004Z [INFO] eToro-Momentum-LS.MLS_FlashCrashReversalStrategy_AMKR.ETORO_121: Set ClientOrderIdGenerator order_list_id count to 0
2026-06-11T20:05:49.630133837Z [INFO] eToro-Momentum-LS.MLS_FlashCrashReversalStrategy_AMKR.ETORO_121: Starte Flash Crash Reversal auf AMKR.ETORO
2026-06-11T20:05:49.630142373Z [DEBUG] eToro-Momentum-LS.MessageBus: Added Subscription(topic=data.bars.AMKR.ETORO-1-HOUR-MID-INTERNAL, handler=<bound method Actor.handle_bar of FlashCrashReversalStrategy(MLS_FlashCrashReversalStrategy_AMKR.ETORO_121-121)>, priority=0)
2026-06-11T20:05:49.630145730Z [INFO] eToro-Momentum-LS.MLS_FlashCrashReversalStrategy_AMKR.ETORO_121: [CMD]--> SubscribeBars(bar_type=AMKR.ETORO-1-HOUR-MID-INTERNAL, client_id=None, venue=ETORO)
2026-06-11T20:05:49.630162781Z [INFO] eToro-Momentum-LS.MLS_FlashCrashReversalStrategy_AMKR.ETORO_121: RUNNING
2026-06-11T20:05:49.630165326Z [DEBUG] eToro-Momentum-LS.MLS_FlashCrashReversalStrategy_SE.ETORO_122: STARTING
2026-06-11T20:05:49.630165647Z [INFO] eToro-Momentum-LS.MLS_FlashCrashReversalStrategy_SE.ETORO_122: self.config.oms_type=None
2026-06-11T20:05:49.630165987Z [INFO] eToro-Momentum-LS.MLS_FlashCrashReversalStrategy_SE.ETORO_122: self.config.external_order_claims=None
2026-06-11T20:05:49.630166148Z [INFO] eToro-Momentum-LS.MLS_FlashCrashReversalStrategy_SE.ETORO_122: self.config.manage_gtd_expiry=False
2026-06-11T20:05:49.630166699Z [INFO] eToro-Momentum-LS.MLS_FlashCrashReversalStrategy_SE.ETORO_122: Set ClientOrderIdGenerator client_order_id count to 0
2026-06-11T20:05:49.630166899Z [INFO] eToro-Momentum-LS.MLS_FlashCrashReversalStrategy_SE.ETORO_122: Set ClientOrderIdGenerator order_list_id count to 0
2026-06-11T20:05:49.630168222Z [INFO] eToro-Momentum-LS.MLS_FlashCrashReversalStrategy_SE.ETORO_122: Starte Flash Crash Reversal auf SE.ETORO
2026-06-11T20:05:49.630179583Z [DEBUG] eToro-Momentum-LS.MessageBus: Added Subscription(topic=data.bars.SE.ETORO-1-HOUR-MID-INTERNAL, handler=<bound method Actor.handle_bar of FlashCrashReversalStrategy(MLS_FlashCrashReversalStrategy_SE.ETORO_122-122)>, priority=0)
2026-06-11T20:05:49.630182989Z [INFO] eToro-Momentum-LS.MLS_FlashCrashReversalStrategy_SE.ETORO_122: [CMD]--> SubscribeBars(bar_type=SE.ETORO-1-HOUR-MID-INTERNAL, client_id=None, venue=ETORO)
2026-06-11T20:05:49.630198668Z [INFO] eToro-Momentum-LS.MLS_FlashCrashReversalStrategy_SE.ETORO_122: RUNNING
2026-06-11T20:05:49.630201454Z [DEBUG] eToro-Momentum-LS.MLS_FlashCrashReversalStrategy_SE.ETORO_123: STARTING
2026-06-11T20:05:49.630201764Z [INFO] eToro-Momentum-LS.MLS_FlashCrashReversalStrategy_SE.ETORO_123: self.config.oms_type=None
2026-06-11T20:05:49.630202025Z [INFO] eToro-Momentum-LS.MLS_FlashCrashReversalStrategy_SE.ETORO_123: self.config.external_order_claims=None
2026-06-11T20:05:49.630202185Z [INFO] eToro-Momentum-LS.MLS_FlashCrashReversalStrategy_SE.ETORO_123: self.config.manage_gtd_expiry=False
2026-06-11T20:05:49.630202706Z [INFO] eToro-Momentum-LS.MLS_FlashCrashReversalStrategy_SE.ETORO_123: Set ClientOrderIdGenerator client_order_id count to 0
2026-06-11T20:05:49.630202967Z [INFO] eToro-Momentum-LS.MLS_FlashCrashReversalStrategy_SE.ETORO_123: Set ClientOrderIdGenerator order_list_id count to 0
2026-06-11T20:05:49.630207074Z [INFO] eToro-Momentum-LS.MLS_FlashCrashReversalStrategy_SE.ETORO_123: Starte Flash Crash Reversal auf SE.ETORO
2026-06-11T20:05:49.630219988Z [DEBUG] eToro-Momentum-LS.MessageBus: Added Subscription(topic=data.bars.SE.ETORO-1-HOUR-MID-INTERNAL, handler=<bound method Actor.handle_bar of FlashCrashReversalStrategy(MLS_FlashCrashReversalStrategy_SE.ETORO_123-123)>, priority=0)
2026-06-11T20:05:49.630227663Z [INFO] eToro-Momentum-LS.MLS_FlashCrashReversalStrategy_SE.ETORO_123: [CMD]--> SubscribeBars(bar_type=SE.ETORO-1-HOUR-MID-INTERNAL, client_id=None, venue=ETORO)
2026-06-11T20:05:49.630248441Z [INFO] eToro-Momentum-LS.MLS_FlashCrashReversalStrategy_SE.ETORO_123: RUNNING
2026-06-11T20:05:49.630251557Z [DEBUG] eToro-Momentum-LS.MLS_FlashCrashReversalStrategy_SE.ETORO_124: STARTING
2026-06-11T20:05:49.630252048Z [INFO] eToro-Momentum-LS.MLS_FlashCrashReversalStrategy_SE.ETORO_124: self.config.oms_type=None
2026-06-11T20:05:49.630252329Z [INFO] eToro-Momentum-LS.MLS_FlashCrashReversalStrategy_SE.ETORO_124: self.config.external_order_claims=None
2026-06-11T20:05:49.630252669Z [INFO] eToro-Momentum-LS.MLS_FlashCrashReversalStrategy_SE.ETORO_124: self.config.manage_gtd_expiry=False
2026-06-11T20:05:49.630258600Z [INFO] eToro-Momentum-LS.MLS_FlashCrashReversalStrategy_SE.ETORO_124: Set ClientOrderIdGenerator client_order_id count to 0
2026-06-11T20:05:49.630258871Z [INFO] eToro-Momentum-LS.MLS_FlashCrashReversalStrategy_SE.ETORO_124: Set ClientOrderIdGenerator order_list_id count to 0
2026-06-11T20:05:49.630260083Z [INFO] eToro-Momentum-LS.MLS_FlashCrashReversalStrategy_SE.ETORO_124: Starte Flash Crash Reversal auf SE.ETORO
2026-06-11T20:05:49.630272035Z [DEBUG] eToro-Momentum-LS.MessageBus: Added Subscription(topic=data.bars.SE.ETORO-1-HOUR-MID-INTERNAL, handler=<bound method Actor.handle_bar of FlashCrashReversalStrategy(MLS_FlashCrashReversalStrategy_SE.ETORO_124-124)>, priority=0)
2026-06-11T20:05:49.630278417Z [INFO] eToro-Momentum-LS.MLS_FlashCrashReversalStrategy_SE.ETORO_124: [CMD]--> SubscribeBars(bar_type=SE.ETORO-1-HOUR-MID-INTERNAL, client_id=None, venue=ETORO)
2026-06-11T20:05:49.630296681Z [INFO] eToro-Momentum-LS.MLS_FlashCrashReversalStrategy_SE.ETORO_124: RUNNING
2026-06-11T20:05:49.630299477Z [DEBUG] eToro-Momentum-LS.MLS_FlashCrashReversalStrategy_SE.ETORO_125: STARTING
2026-06-11T20:05:49.630300248Z [INFO] eToro-Momentum-LS.MLS_FlashCrashReversalStrategy_SE.ETORO_125: self.config.oms_type=None
2026-06-11T20:05:49.630300509Z [INFO] eToro-Momentum-LS.MLS_FlashCrashReversalStrategy_SE.ETORO_125: self.config.external_order_claims=None
2026-06-11T20:05:49.630300669Z [INFO] eToro-Momentum-LS.MLS_FlashCrashReversalStrategy_SE.ETORO_125: self.config.manage_gtd_expiry=False
2026-06-11T20:05:49.630302082Z [INFO] eToro-Momentum-LS.MLS_FlashCrashReversalStrategy_SE.ETORO_125: Set ClientOrderIdGenerator client_order_id count to 0
2026-06-11T20:05:49.630302372Z [INFO] eToro-Momentum-LS.MLS_FlashCrashReversalStrategy_SE.ETORO_125: Set ClientOrderIdGenerator order_list_id count to 0
2026-06-11T20:05:49.630308504Z [INFO] eToro-Momentum-LS.MLS_FlashCrashReversalStrategy_SE.ETORO_125: Starte Flash Crash Reversal auf SE.ETORO
2026-06-11T20:05:49.630319244Z [DEBUG] eToro-Momentum-LS.MessageBus: Added Subscription(topic=data.bars.SE.ETORO-1-HOUR-MID-INTERNAL, handler=<bound method Actor.handle_bar of FlashCrashReversalStrategy(MLS_FlashCrashReversalStrategy_SE.ETORO_125-125)>, priority=0)
2026-06-11T20:05:49.630323021Z [INFO] eToro-Momentum-LS.MLS_FlashCrashReversalStrategy_SE.ETORO_125: [CMD]--> SubscribeBars(bar_type=SE.ETORO-1-HOUR-MID-INTERNAL, client_id=None, venue=ETORO)
2026-06-11T20:05:49.630340764Z [INFO] eToro-Momentum-LS.MLS_FlashCrashReversalStrategy_SE.ETORO_125: RUNNING
2026-06-11T20:05:49.630343369Z [DEBUG] eToro-Momentum-LS.MLS_FlashCrashReversalStrategy_SE.ETORO_126: STARTING
2026-06-11T20:05:49.630343749Z [INFO] eToro-Momentum-LS.MLS_FlashCrashReversalStrategy_SE.ETORO_126: self.config.oms_type=None
2026-06-11T20:05:49.630343910Z [INFO] eToro-Momentum-LS.MLS_FlashCrashReversalStrategy_SE.ETORO_126: self.config.external_order_claims=None
2026-06-11T20:05:49.630344050Z [INFO] eToro-Momentum-LS.MLS_FlashCrashReversalStrategy_SE.ETORO_126: self.config.manage_gtd_expiry=False
2026-06-11T20:05:49.630344861Z [INFO] eToro-Momentum-LS.MLS_FlashCrashReversalStrategy_SE.ETORO_126: Set ClientOrderIdGenerator client_order_id count to 0
2026-06-11T20:05:49.630345102Z [INFO] eToro-Momentum-LS.MLS_FlashCrashReversalStrategy_SE.ETORO_126: Set ClientOrderIdGenerator order_list_id count to 0
2026-06-11T20:05:49.630346214Z [INFO] eToro-Momentum-LS.MLS_FlashCrashReversalStrategy_SE.ETORO_126: Starte Flash Crash Reversal auf SE.ETORO
2026-06-11T20:05:49.630355311Z [DEBUG] eToro-Momentum-LS.MessageBus: Added Subscription(topic=data.bars.SE.ETORO-1-HOUR-MID-INTERNAL, handler=<bound method Actor.handle_bar of FlashCrashReversalStrategy(MLS_FlashCrashReversalStrategy_SE.ETORO_126-126)>, priority=0)
2026-06-11T20:05:49.630358537Z [INFO] eToro-Momentum-LS.MLS_FlashCrashReversalStrategy_SE.ETORO_126: [CMD]--> SubscribeBars(bar_type=SE.ETORO-1-HOUR-MID-INTERNAL, client_id=None, venue=ETORO)
2026-06-11T20:05:49.630376871Z [INFO] eToro-Momentum-LS.MLS_FlashCrashReversalStrategy_SE.ETORO_126: RUNNING
2026-06-11T20:05:49.630379226Z [DEBUG] eToro-Momentum-LS.MLS_FlashCrashReversalStrategy_SE.ETORO_127: STARTING
2026-06-11T20:05:49.630379546Z [INFO] eToro-Momentum-LS.MLS_FlashCrashReversalStrategy_SE.ETORO_127: self.config.oms_type=None
2026-06-11T20:05:49.630379737Z [INFO] eToro-Momentum-LS.MLS_FlashCrashReversalStrategy_SE.ETORO_127: self.config.external_order_claims=None
2026-06-11T20:05:49.630380067Z [INFO] eToro-Momentum-LS.MLS_FlashCrashReversalStrategy_SE.ETORO_127: self.config.manage_gtd_expiry=False
2026-06-11T20:05:49.630380698Z [INFO] eToro-Momentum-LS.MLS_FlashCrashReversalStrategy_SE.ETORO_127: Set ClientOrderIdGenerator client_order_id count to 0
2026-06-11T20:05:49.630383534Z [INFO] eToro-Momentum-LS.MLS_FlashCrashReversalStrategy_SE.ETORO_127: Set ClientOrderIdGenerator order_list_id count to 0
2026-06-11T20:05:49.630384656Z [INFO] eToro-Momentum-LS.MLS_FlashCrashReversalStrategy_SE.ETORO_127: Starte Flash Crash Reversal auf SE.ETORO
2026-06-11T20:05:49.630399393Z [DEBUG] eToro-Momentum-LS.MessageBus: Added Subscription(topic=data.bars.SE.ETORO-1-HOUR-MID-INTERNAL, handler=<bound method Actor.handle_bar of FlashCrashReversalStrategy(MLS_FlashCrashReversalStrategy_SE.ETORO_127-127)>, priority=0)
2026-06-11T20:05:49.630405114Z [INFO] eToro-Momentum-LS.MLS_FlashCrashReversalStrategy_SE.ETORO_127: [CMD]--> SubscribeBars(bar_type=SE.ETORO-1-HOUR-MID-INTERNAL, client_id=None, venue=ETORO)
2026-06-11T20:05:49.630421875Z [INFO] eToro-Momentum-LS.MLS_FlashCrashReversalStrategy_SE.ETORO_127: RUNNING
2026-06-11T20:05:49.630424540Z [DEBUG] eToro-Momentum-LS.MLS_FlashCrashReversalStrategy_SE.ETORO_128: STARTING
2026-06-11T20:05:49.630425011Z [INFO] eToro-Momentum-LS.MLS_FlashCrashReversalStrategy_SE.ETORO_128: self.config.oms_type=None
2026-06-11T20:05:49.630425262Z [INFO] eToro-Momentum-LS.MLS_FlashCrashReversalStrategy_SE.ETORO_128: self.config.external_order_claims=None
2026-06-11T20:05:49.630425432Z [INFO] eToro-Momentum-LS.MLS_FlashCrashReversalStrategy_SE.ETORO_128: self.config.manage_gtd_expiry=False
2026-06-11T20:05:49.630425873Z [INFO] eToro-Momentum-LS.MLS_FlashCrashReversalStrategy_SE.ETORO_128: Set ClientOrderIdGenerator client_order_id count to 0
2026-06-11T20:05:49.630426073Z [INFO] eToro-Momentum-LS.MLS_FlashCrashReversalStrategy_SE.ETORO_128: Set ClientOrderIdGenerator order_list_id count to 0
2026-06-11T20:05:49.630427295Z [INFO] eToro-Momentum-LS.MLS_FlashCrashReversalStrategy_SE.ETORO_128: Starte Flash Crash Reversal auf SE.ETORO
2026-06-11T20:05:49.630439398Z [DEBUG] eToro-Momentum-LS.MessageBus: Added Subscription(topic=data.bars.SE.ETORO-1-HOUR-MID-INTERNAL, handler=<bound method Actor.handle_bar of FlashCrashReversalStrategy(MLS_FlashCrashReversalStrategy_SE.ETORO_128-128)>, priority=0)
2026-06-11T20:05:49.630443666Z [INFO] eToro-Momentum-LS.MLS_FlashCrashReversalStrategy_SE.ETORO_128: [CMD]--> SubscribeBars(bar_type=SE.ETORO-1-HOUR-MID-INTERNAL, client_id=None, venue=ETORO)
2026-06-11T20:05:49.630460567Z [INFO] eToro-Momentum-LS.MLS_FlashCrashReversalStrategy_SE.ETORO_128: RUNNING
2026-06-11T20:05:49.630462842Z [DEBUG] eToro-Momentum-LS.MLS_FlashCrashReversalStrategy_SE.ETORO_129: STARTING
2026-06-11T20:05:49.630463222Z [INFO] eToro-Momentum-LS.MLS_FlashCrashReversalStrategy_SE.ETORO_129: self.config.oms_type=None
2026-06-11T20:05:49.630463383Z [INFO] eToro-Momentum-LS.MLS_FlashCrashReversalStrategy_SE.ETORO_129: self.config.external_order_claims=None
2026-06-11T20:05:49.630463543Z [INFO] eToro-Momentum-LS.MLS_FlashCrashReversalStrategy_SE.ETORO_129: self.config.manage_gtd_expiry=False
2026-06-11T20:05:49.630464124Z [INFO] eToro-Momentum-LS.MLS_FlashCrashReversalStrategy_SE.ETORO_129: Set ClientOrderIdGenerator client_order_id count to 0
2026-06-11T20:05:49.630464365Z [INFO] eToro-Momentum-LS.MLS_FlashCrashReversalStrategy_SE.ETORO_129: Set ClientOrderIdGenerator order_list_id count to 0
2026-06-11T20:05:49.630466058Z [INFO] eToro-Momentum-LS.MLS_FlashCrashReversalStrategy_SE.ETORO_129: Starte Flash Crash Reversal auf SE.ETORO
2026-06-11T20:05:49.630477830Z [DEBUG] eToro-Momentum-LS.MessageBus: Added Subscription(topic=data.bars.SE.ETORO-1-HOUR-MID-INTERNAL, handler=<bound method Actor.handle_bar of FlashCrashReversalStrategy(MLS_FlashCrashReversalStrategy_SE.ETORO_129-129)>, priority=0)
2026-06-11T20:05:49.630480966Z [INFO] eToro-Momentum-LS.MLS_FlashCrashReversalStrategy_SE.ETORO_129: [CMD]--> SubscribeBars(bar_type=SE.ETORO-1-HOUR-MID-INTERNAL, client_id=None, venue=ETORO)
2026-06-11T20:05:49.630497727Z [INFO] eToro-Momentum-LS.MLS_FlashCrashReversalStrategy_SE.ETORO_129: RUNNING
2026-06-11T20:05:49.630500191Z [DEBUG] eToro-Momentum-LS.MLS_FlashCrashReversalStrategy_SQM.ETORO_130: STARTING
2026-06-11T20:05:49.630500642Z [INFO] eToro-Momentum-LS.MLS_FlashCrashReversalStrategy_SQM.ETORO_130: self.config.oms_type=None
2026-06-11T20:05:49.630500823Z [INFO] eToro-Momentum-LS.MLS_FlashCrashReversalStrategy_SQM.ETORO_130: self.config.external_order_claims=None
2026-06-11T20:05:49.630500983Z [INFO] eToro-Momentum-LS.MLS_FlashCrashReversalStrategy_SQM.ETORO_130: self.config.manage_gtd_expiry=False
2026-06-11T20:05:49.630501604Z [INFO] eToro-Momentum-LS.MLS_FlashCrashReversalStrategy_SQM.ETORO_130: Set ClientOrderIdGenerator client_order_id count to 0
2026-06-11T20:05:49.630501835Z [INFO] eToro-Momentum-LS.MLS_FlashCrashReversalStrategy_SQM.ETORO_130: Set ClientOrderIdGenerator order_list_id count to 0
2026-06-11T20:05:49.630505852Z [INFO] eToro-Momentum-LS.MLS_FlashCrashReversalStrategy_SQM.ETORO_130: Starte Flash Crash Reversal auf SQM.ETORO
2026-06-11T20:05:49.630516953Z [DEBUG] eToro-Momentum-LS.MessageBus: Added Subscription(topic=data.bars.SQM.ETORO-1-HOUR-MID-INTERNAL, handler=<bound method Actor.handle_bar of FlashCrashReversalStrategy(MLS_FlashCrashReversalStrategy_SQM.ETORO_130-130)>, priority=0)
2026-06-11T20:05:49.630520299Z [INFO] eToro-Momentum-LS.MLS_FlashCrashReversalStrategy_SQM.ETORO_130: [CMD]--> SubscribeBars(bar_type=SQM.ETORO-1-HOUR-MID-INTERNAL, client_id=None, venue=ETORO)
2026-06-11T20:05:49.630541438Z [INFO] eToro-Momentum-LS.MLS_FlashCrashReversalStrategy_SQM.ETORO_130: RUNNING
2026-06-11T20:05:49.630544675Z [DEBUG] eToro-Momentum-LS.MLS_FlashCrashReversalStrategy_SQM.ETORO_131: STARTING
2026-06-11T20:05:49.630545085Z [INFO] eToro-Momentum-LS.MLS_FlashCrashReversalStrategy_SQM.ETORO_131: self.config.oms_type=None
2026-06-11T20:05:49.630545376Z [INFO] eToro-Momentum-LS.MLS_FlashCrashReversalStrategy_SQM.ETORO_131: self.config.external_order_claims=None
2026-06-11T20:05:49.630545556Z [INFO] eToro-Momentum-LS.MLS_FlashCrashReversalStrategy_SQM.ETORO_131: self.config.manage_gtd_expiry=False
2026-06-11T20:05:49.630546157Z [INFO] eToro-Momentum-LS.MLS_FlashCrashReversalStrategy_SQM.ETORO_131: Set ClientOrderIdGenerator client_order_id count to 0
2026-06-11T20:05:49.630546318Z [INFO] eToro-Momentum-LS.MLS_FlashCrashReversalStrategy_SQM.ETORO_131: Set ClientOrderIdGenerator order_list_id count to 0
2026-06-11T20:05:49.630547319Z [INFO] eToro-Momentum-LS.MLS_FlashCrashReversalStrategy_SQM.ETORO_131: Starte Flash Crash Reversal auf SQM.ETORO
2026-06-11T20:05:49.630555996Z [DEBUG] eToro-Momentum-LS.MessageBus: Added Subscription(topic=data.bars.SQM.ETORO-1-HOUR-MID-INTERNAL, handler=<bound method Actor.handle_bar of FlashCrashReversalStrategy(MLS_FlashCrashReversalStrategy_SQM.ETORO_131-131)>, priority=0)
2026-06-11T20:05:49.630559462Z [INFO] eToro-Momentum-LS.MLS_FlashCrashReversalStrategy_SQM.ETORO_131: [CMD]--> SubscribeBars(bar_type=SQM.ETORO-1-HOUR-MID-INTERNAL, client_id=None, venue=ETORO)
2026-06-11T20:05:49.630576945Z [INFO] eToro-Momentum-LS.MLS_FlashCrashReversalStrategy_SQM.ETORO_131: RUNNING
2026-06-11T20:05:49.630579840Z [DEBUG] eToro-Momentum-LS.MLS_FlashCrashReversalStrategy_SQM.ETORO_132: STARTING
2026-06-11T20:05:49.630580231Z [INFO] eToro-Momentum-LS.MLS_FlashCrashReversalStrategy_SQM.ETORO_132: self.config.oms_type=None
2026-06-11T20:05:49.630580421Z [INFO] eToro-Momentum-LS.MLS_FlashCrashReversalStrategy_SQM.ETORO_132: self.config.external_order_claims=None
2026-06-11T20:05:49.630580572Z [INFO] eToro-Momentum-LS.MLS_FlashCrashReversalStrategy_SQM.ETORO_132: self.config.manage_gtd_expiry=False
2026-06-11T20:05:49.630581203Z [INFO] eToro-Momentum-LS.MLS_FlashCrashReversalStrategy_SQM.ETORO_132: Set ClientOrderIdGenerator client_order_id count to 0
2026-06-11T20:05:49.630581363Z [INFO] eToro-Momentum-LS.MLS_FlashCrashReversalStrategy_SQM.ETORO_132: Set ClientOrderIdGenerator order_list_id count to 0
2026-06-11T20:05:49.630582385Z [INFO] eToro-Momentum-LS.MLS_FlashCrashReversalStrategy_SQM.ETORO_132: Starte Flash Crash Reversal auf SQM.ETORO
2026-06-11T20:05:49.630591071Z [DEBUG] eToro-Momentum-LS.MessageBus: Added Subscription(topic=data.bars.SQM.ETORO-1-HOUR-MID-INTERNAL, handler=<bound method Actor.handle_bar of FlashCrashReversalStrategy(MLS_FlashCrashReversalStrategy_SQM.ETORO_132-132)>, priority=0)
2026-06-11T20:05:49.630594508Z [INFO] eToro-Momentum-LS.MLS_FlashCrashReversalStrategy_SQM.ETORO_132: [CMD]--> SubscribeBars(bar_type=SQM.ETORO-1-HOUR-MID-INTERNAL, client_id=None, venue=ETORO)
2026-06-11T20:05:49.630610998Z [INFO] eToro-Momentum-LS.MLS_FlashCrashReversalStrategy_SQM.ETORO_132: RUNNING
2026-06-11T20:05:49.630613633Z [DEBUG] eToro-Momentum-LS.MLS_FlashCrashReversalStrategy_SQM.ETORO_133: STARTING
2026-06-11T20:05:49.630614004Z [INFO] eToro-Momentum-LS.MLS_FlashCrashReversalStrategy_SQM.ETORO_133: self.config.oms_type=None
2026-06-11T20:05:49.630614174Z [INFO] eToro-Momentum-LS.MLS_FlashCrashReversalStrategy_SQM.ETORO_133: self.config.external_order_claims=None
2026-06-11T20:05:49.630614335Z [INFO] eToro-Momentum-LS.MLS_FlashCrashReversalStrategy_SQM.ETORO_133: self.config.manage_gtd_expiry=False
2026-06-11T20:05:49.630614916Z [INFO] eToro-Momentum-LS.MLS_FlashCrashReversalStrategy_SQM.ETORO_133: Set ClientOrderIdGenerator client_order_id count to 0
2026-06-11T20:05:49.630615166Z [INFO] eToro-Momentum-LS.MLS_FlashCrashReversalStrategy_SQM.ETORO_133: Set ClientOrderIdGenerator order_list_id count to 0
2026-06-11T20:05:49.630616559Z [INFO] eToro-Momentum-LS.MLS_FlashCrashReversalStrategy_SQM.ETORO_133: Starte Flash Crash Reversal auf SQM.ETORO
2026-06-11T20:05:49.630625185Z [DEBUG] eToro-Momentum-LS.MessageBus: Added Subscription(topic=data.bars.SQM.ETORO-1-HOUR-MID-INTERNAL, handler=<bound method Actor.handle_bar of FlashCrashReversalStrategy(MLS_FlashCrashReversalStrategy_SQM.ETORO_133-133)>, priority=0)
2026-06-11T20:05:49.630628441Z [INFO] eToro-Momentum-LS.MLS_FlashCrashReversalStrategy_SQM.ETORO_133: [CMD]--> SubscribeBars(bar_type=SQM.ETORO-1-HOUR-MID-INTERNAL, client_id=None, venue=ETORO)
2026-06-11T20:05:49.630646545Z [INFO] eToro-Momentum-LS.MLS_FlashCrashReversalStrategy_SQM.ETORO_133: RUNNING
2026-06-11T20:05:49.630651845Z [DEBUG] eToro-Momentum-LS.MLS_FlashCrashReversalStrategy_SQM.ETORO_134: STARTING
2026-06-11T20:05:49.630652155Z [INFO] eToro-Momentum-LS.MLS_FlashCrashReversalStrategy_SQM.ETORO_134: self.config.oms_type=None
2026-06-11T20:05:49.630652336Z [INFO] eToro-Momentum-LS.MLS_FlashCrashReversalStrategy_SQM.ETORO_134: self.config.external_order_claims=None
2026-06-11T20:05:49.630652486Z [INFO] eToro-Momentum-LS.MLS_FlashCrashReversalStrategy_SQM.ETORO_134: self.config.manage_gtd_expiry=False
2026-06-11T20:05:49.630653137Z [INFO] eToro-Momentum-LS.MLS_FlashCrashReversalStrategy_SQM.ETORO_134: Set ClientOrderIdGenerator client_order_id count to 0
2026-06-11T20:05:49.630653357Z [INFO] eToro-Momentum-LS.MLS_FlashCrashReversalStrategy_SQM.ETORO_134: Set ClientOrderIdGenerator order_list_id count to 0
2026-06-11T20:05:49.630654900Z [INFO] eToro-Momentum-LS.MLS_FlashCrashReversalStrategy_SQM.ETORO_134: Starte Flash Crash Reversal auf SQM.ETORO
2026-06-11T20:05:49.630663807Z [DEBUG] eToro-Momentum-LS.MessageBus: Added Subscription(topic=data.bars.SQM.ETORO-1-HOUR-MID-INTERNAL, handler=<bound method Actor.handle_bar of FlashCrashReversalStrategy(MLS_FlashCrashReversalStrategy_SQM.ETORO_134-134)>, priority=0)
2026-06-11T20:05:49.630666121Z [INFO] eToro-Momentum-LS.MLS_FlashCrashReversalStrategy_SQM.ETORO_134: [CMD]--> SubscribeBars(bar_type=SQM.ETORO-1-HOUR-MID-INTERNAL, client_id=None, venue=ETORO)
2026-06-11T20:05:49.630683874Z [INFO] eToro-Momentum-LS.MLS_FlashCrashReversalStrategy_SQM.ETORO_134: RUNNING
2026-06-11T20:05:49.630686469Z [DEBUG] eToro-Momentum-LS.MLS_FlashCrashReversalStrategy_SQM.ETORO_135: STARTING
2026-06-11T20:05:49.630686860Z [INFO] eToro-Momentum-LS.MLS_FlashCrashReversalStrategy_SQM.ETORO_135: self.config.oms_type=None
2026-06-11T20:05:49.630687030Z [INFO] eToro-Momentum-LS.MLS_FlashCrashReversalStrategy_SQM.ETORO_135: self.config.external_order_claims=None
2026-06-11T20:05:49.630687271Z [INFO] eToro-Momentum-LS.MLS_FlashCrashReversalStrategy_SQM.ETORO_135: self.config.manage_gtd_expiry=False
2026-06-11T20:05:49.630687962Z [INFO] eToro-Momentum-LS.MLS_FlashCrashReversalStrategy_SQM.ETORO_135: Set ClientOrderIdGenerator client_order_id count to 0
2026-06-11T20:05:49.630688203Z [INFO] eToro-Momentum-LS.MLS_FlashCrashReversalStrategy_SQM.ETORO_135: Set ClientOrderIdGenerator order_list_id count to 0
2026-06-11T20:05:49.630689936Z [INFO] eToro-Momentum-LS.MLS_FlashCrashReversalStrategy_SQM.ETORO_135: Starte Flash Crash Reversal auf SQM.ETORO
2026-06-11T20:05:49.630698542Z [DEBUG] eToro-Momentum-LS.MessageBus: Added Subscription(topic=data.bars.SQM.ETORO-1-HOUR-MID-INTERNAL, handler=<bound method Actor.handle_bar of FlashCrashReversalStrategy(MLS_FlashCrashReversalStrategy_SQM.ETORO_135-135)>, priority=0)
2026-06-11T20:05:49.630701928Z [INFO] eToro-Momentum-LS.MLS_FlashCrashReversalStrategy_SQM.ETORO_135: [CMD]--> SubscribeBars(bar_type=SQM.ETORO-1-HOUR-MID-INTERNAL, client_id=None, venue=ETORO)
2026-06-11T20:05:49.630723569Z [INFO] eToro-Momentum-LS.MLS_FlashCrashReversalStrategy_SQM.ETORO_135: RUNNING
2026-06-11T20:05:49.630728027Z [DEBUG] eToro-Momentum-LS.MLS_FlashCrashReversalStrategy_SQM.ETORO_136: STARTING
2026-06-11T20:05:49.630730051Z [INFO] eToro-Momentum-LS.MLS_FlashCrashReversalStrategy_SQM.ETORO_136: self.config.oms_type=None
2026-06-11T20:05:49.630730361Z [INFO] eToro-Momentum-LS.MLS_FlashCrashReversalStrategy_SQM.ETORO_136: self.config.external_order_claims=None
2026-06-11T20:05:49.630730722Z [INFO] eToro-Momentum-LS.MLS_FlashCrashReversalStrategy_SQM.ETORO_136: self.config.manage_gtd_expiry=False
2026-06-11T20:05:49.630731313Z [INFO] eToro-Momentum-LS.MLS_FlashCrashReversalStrategy_SQM.ETORO_136: Set ClientOrderIdGenerator client_order_id count to 0
2026-06-11T20:05:49.630731533Z [INFO] eToro-Momentum-LS.MLS_FlashCrashReversalStrategy_SQM.ETORO_136: Set ClientOrderIdGenerator order_list_id count to 0
2026-06-11T20:05:49.630733407Z [INFO] eToro-Momentum-LS.MLS_FlashCrashReversalStrategy_SQM.ETORO_136: Starte Flash Crash Reversal auf SQM.ETORO
2026-06-11T20:05:49.630741041Z [DEBUG] eToro-Momentum-LS.MessageBus: Added Subscription(topic=data.bars.SQM.ETORO-1-HOUR-MID-INTERNAL, handler=<bound method Actor.handle_bar of FlashCrashReversalStrategy(MLS_FlashCrashReversalStrategy_SQM.ETORO_136-136)>, priority=0)
2026-06-11T20:05:49.630745670Z [INFO] eToro-Momentum-LS.MLS_FlashCrashReversalStrategy_SQM.ETORO_136: [CMD]--> SubscribeBars(bar_type=SQM.ETORO-1-HOUR-MID-INTERNAL, client_id=None, venue=ETORO)
2026-06-11T20:05:49.630762371Z [INFO] eToro-Momentum-LS.MLS_FlashCrashReversalStrategy_SQM.ETORO_136: RUNNING
2026-06-11T20:05:49.630765086Z [DEBUG] eToro-Momentum-LS.MLS_FlashCrashReversalStrategy_SQM.ETORO_137: STARTING
2026-06-11T20:05:49.630765397Z [INFO] eToro-Momentum-LS.MLS_FlashCrashReversalStrategy_SQM.ETORO_137: self.config.oms_type=None
2026-06-11T20:05:49.630765577Z [INFO] eToro-Momentum-LS.MLS_FlashCrashReversalStrategy_SQM.ETORO_137: self.config.external_order_claims=None
2026-06-11T20:05:49.630765817Z [INFO] eToro-Momentum-LS.MLS_FlashCrashReversalStrategy_SQM.ETORO_137: self.config.manage_gtd_expiry=False
2026-06-11T20:05:49.630766409Z [INFO] eToro-Momentum-LS.MLS_FlashCrashReversalStrategy_SQM.ETORO_137: Set ClientOrderIdGenerator client_order_id count to 0
2026-06-11T20:05:49.630766559Z [INFO] eToro-Momentum-LS.MLS_FlashCrashReversalStrategy_SQM.ETORO_137: Set ClientOrderIdGenerator order_list_id count to 0
2026-06-11T20:05:49.630767551Z [INFO] eToro-Momentum-LS.MLS_FlashCrashReversalStrategy_SQM.ETORO_137: Starte Flash Crash Reversal auf SQM.ETORO
2026-06-11T20:05:49.630776477Z [DEBUG] eToro-Momentum-LS.MessageBus: Added Subscription(topic=data.bars.SQM.ETORO-1-HOUR-MID-INTERNAL, handler=<bound method Actor.handle_bar of FlashCrashReversalStrategy(MLS_FlashCrashReversalStrategy_SQM.ETORO_137-137)>, priority=0)
2026-06-11T20:05:49.630780154Z [INFO] eToro-Momentum-LS.MLS_FlashCrashReversalStrategy_SQM.ETORO_137: [CMD]--> SubscribeBars(bar_type=SQM.ETORO-1-HOUR-MID-INTERNAL, client_id=None, venue=ETORO)
2026-06-11T20:05:49.630798619Z [INFO] eToro-Momentum-LS.MLS_FlashCrashReversalStrategy_SQM.ETORO_137: RUNNING
2026-06-11T20:05:49.630801264Z [DEBUG] eToro-Momentum-LS.MLS_FlashCrashReversalStrategy_SQM.ETORO_138: STARTING
2026-06-11T20:05:49.630801714Z [INFO] eToro-Momentum-LS.MLS_FlashCrashReversalStrategy_SQM.ETORO_138: self.config.oms_type=None
2026-06-11T20:05:49.630801925Z [INFO] eToro-Momentum-LS.MLS_FlashCrashReversalStrategy_SQM.ETORO_138: self.config.external_order_claims=None
2026-06-11T20:05:49.630802095Z [INFO] eToro-Momentum-LS.MLS_FlashCrashReversalStrategy_SQM.ETORO_138: self.config.manage_gtd_expiry=False
2026-06-11T20:05:49.630802776Z [INFO] eToro-Momentum-LS.MLS_FlashCrashReversalStrategy_SQM.ETORO_138: Set ClientOrderIdGenerator client_order_id count to 0
2026-06-11T20:05:49.630802917Z [INFO] eToro-Momentum-LS.MLS_FlashCrashReversalStrategy_SQM.ETORO_138: Set ClientOrderIdGenerator order_list_id count to 0
2026-06-11T20:05:49.630804019Z [INFO] eToro-Momentum-LS.MLS_FlashCrashReversalStrategy_SQM.ETORO_138: Starte Flash Crash Reversal auf SQM.ETORO
2026-06-11T20:05:49.630814328Z [DEBUG] eToro-Momentum-LS.MessageBus: Added Subscription(topic=data.bars.SQM.ETORO-1-HOUR-MID-INTERNAL, handler=<bound method Actor.handle_bar of FlashCrashReversalStrategy(MLS_FlashCrashReversalStrategy_SQM.ETORO_138-138)>, priority=0)
2026-06-11T20:05:49.630817544Z [INFO] eToro-Momentum-LS.MLS_FlashCrashReversalStrategy_SQM.ETORO_138: [CMD]--> SubscribeBars(bar_type=SQM.ETORO-1-HOUR-MID-INTERNAL, client_id=None, venue=ETORO)
2026-06-11T20:05:49.630845586Z [INFO] eToro-Momentum-LS.MLS_FlashCrashReversalStrategy_SQM.ETORO_138: RUNNING
2026-06-11T20:05:49.630849464Z [DEBUG] eToro-Momentum-LS.MLS_FlashCrashReversalStrategy_SQM.ETORO_139: STARTING
2026-06-11T20:05:49.630850135Z [INFO] eToro-Momentum-LS.MLS_FlashCrashReversalStrategy_SQM.ETORO_139: self.config.oms_type=None
2026-06-11T20:05:49.630850606Z [INFO] eToro-Momentum-LS.MLS_FlashCrashReversalStrategy_SQM.ETORO_139: self.config.external_order_claims=None
2026-06-11T20:05:49.630850836Z [INFO] eToro-Momentum-LS.MLS_FlashCrashReversalStrategy_SQM.ETORO_139: self.config.manage_gtd_expiry=False
2026-06-11T20:05:49.630852319Z [INFO] eToro-Momentum-LS.MLS_FlashCrashReversalStrategy_SQM.ETORO_139: Set ClientOrderIdGenerator client_order_id count to 0
2026-06-11T20:05:49.630852619Z [INFO] eToro-Momentum-LS.MLS_FlashCrashReversalStrategy_SQM.ETORO_139: Set ClientOrderIdGenerator order_list_id count to 0
2026-06-11T20:05:49.630856116Z [INFO] eToro-Momentum-LS.MLS_FlashCrashReversalStrategy_SQM.ETORO_139: Starte Flash Crash Reversal auf SQM.ETORO
2026-06-11T20:05:49.630863850Z [DEBUG] eToro-Momentum-LS.MessageBus: Added Subscription(topic=data.bars.SQM.ETORO-1-HOUR-MID-INTERNAL, handler=<bound method Actor.handle_bar of FlashCrashReversalStrategy(MLS_FlashCrashReversalStrategy_SQM.ETORO_139-139)>, priority=0)
2026-06-11T20:05:49.630867868Z [INFO] eToro-Momentum-LS.MLS_FlashCrashReversalStrategy_SQM.ETORO_139: [CMD]--> SubscribeBars(bar_type=SQM.ETORO-1-HOUR-MID-INTERNAL, client_id=None, venue=ETORO)
2026-06-11T20:05:49.630884760Z [INFO] eToro-Momentum-LS.MLS_FlashCrashReversalStrategy_SQM.ETORO_139: RUNNING
2026-06-11T20:05:49.630890630Z [DEBUG] eToro-Momentum-LS.MLS_FlashCrashReversalStrategy_SQM.ETORO_140: STARTING
2026-06-11T20:05:49.630890941Z [INFO] eToro-Momentum-LS.MLS_FlashCrashReversalStrategy_SQM.ETORO_140: self.config.oms_type=None
2026-06-11T20:05:49.630891101Z [INFO] eToro-Momentum-LS.MLS_FlashCrashReversalStrategy_SQM.ETORO_140: self.config.external_order_claims=None
2026-06-11T20:05:49.630891242Z [INFO] eToro-Momentum-LS.MLS_FlashCrashReversalStrategy_SQM.ETORO_140: self.config.manage_gtd_expiry=False
2026-06-11T20:05:49.630891843Z [INFO] eToro-Momentum-LS.MLS_FlashCrashReversalStrategy_SQM.ETORO_140: Set ClientOrderIdGenerator client_order_id count to 0
2026-06-11T20:05:49.630891983Z [INFO] eToro-Momentum-LS.MLS_FlashCrashReversalStrategy_SQM.ETORO_140: Set ClientOrderIdGenerator order_list_id count to 0
2026-06-11T20:05:49.630893015Z [INFO] eToro-Momentum-LS.MLS_FlashCrashReversalStrategy_SQM.ETORO_140: Starte Flash Crash Reversal auf SQM.ETORO
2026-06-11T20:05:49.630901461Z [DEBUG] eToro-Momentum-LS.MessageBus: Added Subscription(topic=data.bars.SQM.ETORO-1-HOUR-MID-INTERNAL, handler=<bound method Actor.handle_bar of FlashCrashReversalStrategy(MLS_FlashCrashReversalStrategy_SQM.ETORO_140-140)>, priority=0)
2026-06-11T20:05:49.630905248Z [INFO] eToro-Momentum-LS.MLS_FlashCrashReversalStrategy_SQM.ETORO_140: [CMD]--> SubscribeBars(bar_type=SQM.ETORO-1-HOUR-MID-INTERNAL, client_id=None, venue=ETORO)
2026-06-11T20:05:49.630930425Z [INFO] eToro-Momentum-LS.MLS_FlashCrashReversalStrategy_SQM.ETORO_140: RUNNING
2026-06-11T20:05:49.630934382Z [DEBUG] eToro-Momentum-LS.MLS_FlashCrashReversalStrategy_SQM.ETORO_141: STARTING
2026-06-11T20:05:49.630935324Z [INFO] eToro-Momentum-LS.MLS_FlashCrashReversalStrategy_SQM.ETORO_141: self.config.oms_type=None
2026-06-11T20:05:49.630935574Z [INFO] eToro-Momentum-LS.MLS_FlashCrashReversalStrategy_SQM.ETORO_141: self.config.external_order_claims=None
2026-06-11T20:05:49.630935805Z [INFO] eToro-Momentum-LS.MLS_FlashCrashReversalStrategy_SQM.ETORO_141: self.config.manage_gtd_expiry=False
2026-06-11T20:05:49.630936767Z [INFO] eToro-Momentum-LS.MLS_FlashCrashReversalStrategy_SQM.ETORO_141: Set ClientOrderIdGenerator client_order_id count to 0
2026-06-11T20:05:49.630937007Z [INFO] eToro-Momentum-LS.MLS_FlashCrashReversalStrategy_SQM.ETORO_141: Set ClientOrderIdGenerator order_list_id count to 0
2026-06-11T20:05:49.630939251Z [INFO] eToro-Momentum-LS.MLS_FlashCrashReversalStrategy_SQM.ETORO_141: Starte Flash Crash Reversal auf SQM.ETORO
2026-06-11T20:05:49.630951274Z [DEBUG] eToro-Momentum-LS.MessageBus: Added Subscription(topic=data.bars.SQM.ETORO-1-HOUR-MID-INTERNAL, handler=<bound method Actor.handle_bar of FlashCrashReversalStrategy(MLS_FlashCrashReversalStrategy_SQM.ETORO_141-141)>, priority=0)
2026-06-11T20:05:49.630954209Z [INFO] eToro-Momentum-LS.MLS_FlashCrashReversalStrategy_SQM.ETORO_141: [CMD]--> SubscribeBars(bar_type=SQM.ETORO-1-HOUR-MID-INTERNAL, client_id=None, venue=ETORO)
2026-06-11T20:05:49.630972223Z [INFO] eToro-Momentum-LS.MLS_FlashCrashReversalStrategy_SQM.ETORO_141: RUNNING
2026-06-11T20:05:49.630975178Z [DEBUG] eToro-Momentum-LS.MLS_FlashCrashReversalStrategy_SQM.ETORO_142: STARTING
2026-06-11T20:05:49.630975479Z [INFO] eToro-Momentum-LS.MLS_FlashCrashReversalStrategy_SQM.ETORO_142: self.config.oms_type=None
2026-06-11T20:05:49.630975679Z [INFO] eToro-Momentum-LS.MLS_FlashCrashReversalStrategy_SQM.ETORO_142: self.config.external_order_claims=None
2026-06-11T20:05:49.630975840Z [INFO] eToro-Momentum-LS.MLS_FlashCrashReversalStrategy_SQM.ETORO_142: self.config.manage_gtd_expiry=False
2026-06-11T20:05:49.630976541Z [INFO] eToro-Momentum-LS.MLS_FlashCrashReversalStrategy_SQM.ETORO_142: Set ClientOrderIdGenerator client_order_id count to 0
2026-06-11T20:05:49.630976781Z [INFO] eToro-Momentum-LS.MLS_FlashCrashReversalStrategy_SQM.ETORO_142: Set ClientOrderIdGenerator order_list_id count to 0
2026-06-11T20:05:49.630978234Z [INFO] eToro-Momentum-LS.MLS_FlashCrashReversalStrategy_SQM.ETORO_142: Starte Flash Crash Reversal auf SQM.ETORO
2026-06-11T20:05:49.630993452Z [DEBUG] eToro-Momentum-LS.MessageBus: Added Subscription(topic=data.bars.SQM.ETORO-1-HOUR-MID-INTERNAL, handler=<bound method Actor.handle_bar of FlashCrashReversalStrategy(MLS_FlashCrashReversalStrategy_SQM.ETORO_142-142)>, priority=0)
2026-06-11T20:05:49.630997079Z [INFO] eToro-Momentum-LS.MLS_FlashCrashReversalStrategy_SQM.ETORO_142: [CMD]--> SubscribeBars(bar_type=SQM.ETORO-1-HOUR-MID-INTERNAL, client_id=None, venue=ETORO)
2026-06-11T20:05:49.631014512Z [INFO] eToro-Momentum-LS.MLS_FlashCrashReversalStrategy_SQM.ETORO_142: RUNNING
2026-06-11T20:05:49.631019221Z [DEBUG] eToro-Momentum-LS.MLS_FlashCrashReversalStrategy_SQM.ETORO_143: STARTING
2026-06-11T20:05:49.631019601Z [INFO] eToro-Momentum-LS.MLS_FlashCrashReversalStrategy_SQM.ETORO_143: self.config.oms_type=None
2026-06-11T20:05:49.631019782Z [INFO] eToro-Momentum-LS.MLS_FlashCrashReversalStrategy_SQM.ETORO_143: self.config.external_order_claims=None
2026-06-11T20:05:49.631019942Z [INFO] eToro-Momentum-LS.MLS_FlashCrashReversalStrategy_SQM.ETORO_143: self.config.manage_gtd_expiry=False
2026-06-11T20:05:49.631020653Z [INFO] eToro-Momentum-LS.MLS_FlashCrashReversalStrategy_SQM.ETORO_143: Set ClientOrderIdGenerator client_order_id count to 0
2026-06-11T20:05:49.631021024Z [INFO] eToro-Momentum-LS.MLS_FlashCrashReversalStrategy_SQM.ETORO_143: Set ClientOrderIdGenerator order_list_id count to 0
2026-06-11T20:05:49.631024801Z [INFO] eToro-Momentum-LS.MLS_FlashCrashReversalStrategy_SQM.ETORO_143: Starte Flash Crash Reversal auf SQM.ETORO
2026-06-11T20:05:49.631033307Z [DEBUG] eToro-Momentum-LS.MessageBus: Added Subscription(topic=data.bars.SQM.ETORO-1-HOUR-MID-INTERNAL, handler=<bound method Actor.handle_bar of FlashCrashReversalStrategy(MLS_FlashCrashReversalStrategy_SQM.ETORO_143-143)>, priority=0)
2026-06-11T20:05:49.631037314Z [INFO] eToro-Momentum-LS.MLS_FlashCrashReversalStrategy_SQM.ETORO_143: [CMD]--> SubscribeBars(bar_type=SQM.ETORO-1-HOUR-MID-INTERNAL, client_id=None, venue=ETORO)
2026-06-11T20:05:49.631054486Z [INFO] eToro-Momentum-LS.MLS_FlashCrashReversalStrategy_SQM.ETORO_143: RUNNING
2026-06-11T20:05:49.631057021Z [DEBUG] eToro-Momentum-LS.MLS_FlashCrashReversalStrategy_SQM.ETORO_144: STARTING
2026-06-11T20:05:49.631057592Z [INFO] eToro-Momentum-LS.MLS_FlashCrashReversalStrategy_SQM.ETORO_144: self.config.oms_type=None
2026-06-11T20:05:49.631057983Z [INFO] eToro-Momentum-LS.MLS_FlashCrashReversalStrategy_SQM.ETORO_144: self.config.external_order_claims=None
2026-06-11T20:05:49.631058133Z [INFO] eToro-Momentum-LS.MLS_FlashCrashReversalStrategy_SQM.ETORO_144: self.config.manage_gtd_expiry=False
2026-06-11T20:05:49.631058925Z [INFO] eToro-Momentum-LS.MLS_FlashCrashReversalStrategy_SQM.ETORO_144: Set ClientOrderIdGenerator client_order_id count to 0
2026-06-11T20:05:49.631059155Z [INFO] eToro-Momentum-LS.MLS_FlashCrashReversalStrategy_SQM.ETORO_144: Set ClientOrderIdGenerator order_list_id count to 0
2026-06-11T20:05:49.631061600Z [INFO] eToro-Momentum-LS.MLS_FlashCrashReversalStrategy_SQM.ETORO_144: Starte Flash Crash Reversal auf SQM.ETORO
2026-06-11T20:05:49.631070326Z [DEBUG] eToro-Momentum-LS.MessageBus: Added Subscription(topic=data.bars.SQM.ETORO-1-HOUR-MID-INTERNAL, handler=<bound method Actor.handle_bar of FlashCrashReversalStrategy(MLS_FlashCrashReversalStrategy_SQM.ETORO_144-144)>, priority=0)
2026-06-11T20:05:49.631074634Z [INFO] eToro-Momentum-LS.MLS_FlashCrashReversalStrategy_SQM.ETORO_144: [CMD]--> SubscribeBars(bar_type=SQM.ETORO-1-HOUR-MID-INTERNAL, client_id=None, venue=ETORO)
2026-06-11T20:05:49.631092517Z [INFO] eToro-Momentum-LS.MLS_FlashCrashReversalStrategy_SQM.ETORO_144: RUNNING
2026-06-11T20:05:49.631094721Z [DEBUG] eToro-Momentum-LS.MLS_FlashCrashReversalStrategy_SQM.ETORO_145: STARTING
2026-06-11T20:05:49.631095212Z [INFO] eToro-Momentum-LS.MLS_FlashCrashReversalStrategy_SQM.ETORO_145: self.config.oms_type=None
2026-06-11T20:05:49.631095383Z [INFO] eToro-Momentum-LS.MLS_FlashCrashReversalStrategy_SQM.ETORO_145: self.config.external_order_claims=None
2026-06-11T20:05:49.631095553Z [INFO] eToro-Momentum-LS.MLS_FlashCrashReversalStrategy_SQM.ETORO_145: self.config.manage_gtd_expiry=False
2026-06-11T20:05:49.631096234Z [INFO] eToro-Momentum-LS.MLS_FlashCrashReversalStrategy_SQM.ETORO_145: Set ClientOrderIdGenerator client_order_id count to 0
2026-06-11T20:05:49.631096465Z [INFO] eToro-Momentum-LS.MLS_FlashCrashReversalStrategy_SQM.ETORO_145: Set ClientOrderIdGenerator order_list_id count to 0
2026-06-11T20:05:49.631098899Z [INFO] eToro-Momentum-LS.MLS_FlashCrashReversalStrategy_SQM.ETORO_145: Starte Flash Crash Reversal auf SQM.ETORO
2026-06-11T20:05:49.631108858Z [DEBUG] eToro-Momentum-LS.MessageBus: Added Subscription(topic=data.bars.SQM.ETORO-1-HOUR-MID-INTERNAL, handler=<bound method Actor.handle_bar of FlashCrashReversalStrategy(MLS_FlashCrashReversalStrategy_SQM.ETORO_145-145)>, priority=0)
2026-06-11T20:05:49.631112084Z [INFO] eToro-Momentum-LS.MLS_FlashCrashReversalStrategy_SQM.ETORO_145: [CMD]--> SubscribeBars(bar_type=SQM.ETORO-1-HOUR-MID-INTERNAL, client_id=None, venue=ETORO)
2026-06-11T20:05:49.631135588Z [INFO] eToro-Momentum-LS.MLS_FlashCrashReversalStrategy_SQM.ETORO_145: RUNNING
2026-06-11T20:05:49.631138563Z [DEBUG] eToro-Momentum-LS.MLS_FlashCrashReversalStrategy_SQM.ETORO_146: STARTING
2026-06-11T20:05:49.631141379Z [INFO] eToro-Momentum-LS.MLS_FlashCrashReversalStrategy_SQM.ETORO_146: self.config.oms_type=None
2026-06-11T20:05:49.631141539Z [INFO] eToro-Momentum-LS.MLS_FlashCrashReversalStrategy_SQM.ETORO_146: self.config.external_order_claims=None
2026-06-11T20:05:49.631141719Z [INFO] eToro-Momentum-LS.MLS_FlashCrashReversalStrategy_SQM.ETORO_146: self.config.manage_gtd_expiry=False
2026-06-11T20:05:49.631142280Z [INFO] eToro-Momentum-LS.MLS_FlashCrashReversalStrategy_SQM.ETORO_146: Set ClientOrderIdGenerator client_order_id count to 0
2026-06-11T20:05:49.631142481Z [INFO] eToro-Momentum-LS.MLS_FlashCrashReversalStrategy_SQM.ETORO_146: Set ClientOrderIdGenerator order_list_id count to 0
2026-06-11T20:05:49.631143543Z [INFO] eToro-Momentum-LS.MLS_FlashCrashReversalStrategy_SQM.ETORO_146: Starte Flash Crash Reversal auf SQM.ETORO
2026-06-11T20:05:49.631152860Z [DEBUG] eToro-Momentum-LS.MessageBus: Added Subscription(topic=data.bars.SQM.ETORO-1-HOUR-MID-INTERNAL, handler=<bound method Actor.handle_bar of FlashCrashReversalStrategy(MLS_FlashCrashReversalStrategy_SQM.ETORO_146-146)>, priority=0)
2026-06-11T20:05:49.631155916Z [INFO] eToro-Momentum-LS.MLS_FlashCrashReversalStrategy_SQM.ETORO_146: [CMD]--> SubscribeBars(bar_type=SQM.ETORO-1-HOUR-MID-INTERNAL, client_id=None, venue=ETORO)
2026-06-11T20:05:49.631173729Z [INFO] eToro-Momentum-LS.MLS_FlashCrashReversalStrategy_SQM.ETORO_146: RUNNING
2026-06-11T20:05:49.631176474Z [DEBUG] eToro-Momentum-LS.MLS_FlashCrashReversalStrategy_SQM.ETORO_147: STARTING
2026-06-11T20:05:49.631176995Z [INFO] eToro-Momentum-LS.MLS_FlashCrashReversalStrategy_SQM.ETORO_147: self.config.oms_type=None
2026-06-11T20:05:49.631177165Z [INFO] eToro-Momentum-LS.MLS_FlashCrashReversalStrategy_SQM.ETORO_147: self.config.external_order_claims=None
2026-06-11T20:05:49.631177396Z [INFO] eToro-Momentum-LS.MLS_FlashCrashReversalStrategy_SQM.ETORO_147: self.config.manage_gtd_expiry=False
2026-06-11T20:05:49.631178007Z [INFO] eToro-Momentum-LS.MLS_FlashCrashReversalStrategy_SQM.ETORO_147: Set ClientOrderIdGenerator client_order_id count to 0
2026-06-11T20:05:49.631178147Z [INFO] eToro-Momentum-LS.MLS_FlashCrashReversalStrategy_SQM.ETORO_147: Set ClientOrderIdGenerator order_list_id count to 0
2026-06-11T20:05:49.631179360Z [INFO] eToro-Momentum-LS.MLS_FlashCrashReversalStrategy_SQM.ETORO_147: Starte Flash Crash Reversal auf SQM.ETORO
2026-06-11T20:05:49.631188086Z [DEBUG] eToro-Momentum-LS.MessageBus: Added Subscription(topic=data.bars.SQM.ETORO-1-HOUR-MID-INTERNAL, handler=<bound method Actor.handle_bar of FlashCrashReversalStrategy(MLS_FlashCrashReversalStrategy_SQM.ETORO_147-147)>, priority=0)
2026-06-11T20:05:49.631190861Z [INFO] eToro-Momentum-LS.MLS_FlashCrashReversalStrategy_SQM.ETORO_147: [CMD]--> SubscribeBars(bar_type=SQM.ETORO-1-HOUR-MID-INTERNAL, client_id=None, venue=ETORO)
2026-06-11T20:05:49.631209506Z [INFO] eToro-Momentum-LS.MLS_FlashCrashReversalStrategy_SQM.ETORO_147: RUNNING
2026-06-11T20:05:49.631211930Z [DEBUG] eToro-Momentum-LS.MLS_FlashCrashReversalStrategy_SQM.ETORO_148: STARTING
2026-06-11T20:05:49.631212231Z [INFO] eToro-Momentum-LS.MLS_FlashCrashReversalStrategy_SQM.ETORO_148: self.config.oms_type=None
2026-06-11T20:05:49.631212401Z [INFO] eToro-Momentum-LS.MLS_FlashCrashReversalStrategy_SQM.ETORO_148: self.config.external_order_claims=None
2026-06-11T20:05:49.631212642Z [INFO] eToro-Momentum-LS.MLS_FlashCrashReversalStrategy_SQM.ETORO_148: self.config.manage_gtd_expiry=False
2026-06-11T20:05:49.631213263Z [INFO] eToro-Momentum-LS.MLS_FlashCrashReversalStrategy_SQM.ETORO_148: Set ClientOrderIdGenerator client_order_id count to 0
2026-06-11T20:05:49.631213483Z [INFO] eToro-Momentum-LS.MLS_FlashCrashReversalStrategy_SQM.ETORO_148: Set ClientOrderIdGenerator order_list_id count to 0
2026-06-11T20:05:49.631214385Z [INFO] eToro-Momentum-LS.MLS_FlashCrashReversalStrategy_SQM.ETORO_148: Starte Flash Crash Reversal auf SQM.ETORO
2026-06-11T20:05:49.631222500Z [DEBUG] eToro-Momentum-LS.MessageBus: Added Subscription(topic=data.bars.SQM.ETORO-1-HOUR-MID-INTERNAL, handler=<bound method Actor.handle_bar of FlashCrashReversalStrategy(MLS_FlashCrashReversalStrategy_SQM.ETORO_148-148)>, priority=0)
2026-06-11T20:05:49.631228962Z [INFO] eToro-Momentum-LS.MLS_FlashCrashReversalStrategy_SQM.ETORO_148: [CMD]--> SubscribeBars(bar_type=SQM.ETORO-1-HOUR-MID-INTERNAL, client_id=None, venue=ETORO)
2026-06-11T20:05:49.631246234Z [INFO] eToro-Momentum-LS.MLS_FlashCrashReversalStrategy_SQM.ETORO_148: RUNNING
2026-06-11T20:05:49.631249671Z [DEBUG] eToro-Momentum-LS.MLS_FlashCrashReversalStrategy_ASX.ETORO_149: STARTING
2026-06-11T20:05:49.631250162Z [INFO] eToro-Momentum-LS.MLS_FlashCrashReversalStrategy_ASX.ETORO_149: self.config.oms_type=None
2026-06-11T20:05:49.631252396Z [INFO] eToro-Momentum-LS.MLS_FlashCrashReversalStrategy_ASX.ETORO_149: self.config.external_order_claims=None
2026-06-11T20:05:49.631252546Z [INFO] eToro-Momentum-LS.MLS_FlashCrashReversalStrategy_ASX.ETORO_149: self.config.manage_gtd_expiry=False
2026-06-11T20:05:49.631253278Z [INFO] eToro-Momentum-LS.MLS_FlashCrashReversalStrategy_ASX.ETORO_149: Set ClientOrderIdGenerator client_order_id count to 0
2026-06-11T20:05:49.631253498Z [INFO] eToro-Momentum-LS.MLS_FlashCrashReversalStrategy_ASX.ETORO_149: Set ClientOrderIdGenerator order_list_id count to 0
2026-06-11T20:05:49.631254820Z [INFO] eToro-Momentum-LS.MLS_FlashCrashReversalStrategy_ASX.ETORO_149: Starte Flash Crash Reversal auf ASX.ETORO
2026-06-11T20:05:49.631260932Z [DEBUG] eToro-Momentum-LS.MessageBus: Added Subscription(topic=data.bars.ASX.ETORO-1-HOUR-MID-INTERNAL, handler=<bound method Actor.handle_bar of FlashCrashReversalStrategy(MLS_FlashCrashReversalStrategy_ASX.ETORO_149-149)>, priority=0)
2026-06-11T20:05:49.631264178Z [INFO] eToro-Momentum-LS.MLS_FlashCrashReversalStrategy_ASX.ETORO_149: [CMD]--> SubscribeBars(bar_type=ASX.ETORO-1-HOUR-MID-INTERNAL, client_id=None, venue=ETORO)
2026-06-11T20:05:49.631281811Z [INFO] eToro-Momentum-LS.MLS_FlashCrashReversalStrategy_ASX.ETORO_149: RUNNING
2026-06-11T20:05:49.631284376Z [DEBUG] eToro-Momentum-LS.MLS_FlashCrashReversalStrategy_ASX.ETORO_150: STARTING
2026-06-11T20:05:49.631284937Z [INFO] eToro-Momentum-LS.MLS_FlashCrashReversalStrategy_ASX.ETORO_150: self.config.oms_type=None
2026-06-11T20:05:49.631286399Z [INFO] eToro-Momentum-LS.MLS_FlashCrashReversalStrategy_ASX.ETORO_150: self.config.external_order_claims=None
2026-06-11T20:05:49.631286740Z [INFO] eToro-Momentum-LS.MLS_FlashCrashReversalStrategy_ASX.ETORO_150: self.config.manage_gtd_expiry=False
2026-06-11T20:05:49.631287401Z [INFO] eToro-Momentum-LS.MLS_FlashCrashReversalStrategy_ASX.ETORO_150: Set ClientOrderIdGenerator client_order_id count to 0
2026-06-11T20:05:49.631287702Z [INFO] eToro-Momentum-LS.MLS_FlashCrashReversalStrategy_ASX.ETORO_150: Set ClientOrderIdGenerator order_list_id count to 0
2026-06-11T20:05:49.631289084Z [INFO] eToro-Momentum-LS.MLS_FlashCrashReversalStrategy_ASX.ETORO_150: Starte Flash Crash Reversal auf ASX.ETORO
2026-06-11T20:05:49.631298432Z [DEBUG] eToro-Momentum-LS.MessageBus: Added Subscription(topic=data.bars.ASX.ETORO-1-HOUR-MID-INTERNAL, handler=<bound method Actor.handle_bar of FlashCrashReversalStrategy(MLS_FlashCrashReversalStrategy_ASX.ETORO_150-150)>, priority=0)
2026-06-11T20:05:49.631301858Z [INFO] eToro-Momentum-LS.MLS_FlashCrashReversalStrategy_ASX.ETORO_150: [CMD]--> SubscribeBars(bar_type=ASX.ETORO-1-HOUR-MID-INTERNAL, client_id=None, venue=ETORO)
2026-06-11T20:05:49.631318860Z [INFO] eToro-Momentum-LS.MLS_FlashCrashReversalStrategy_ASX.ETORO_150: RUNNING
2026-06-11T20:05:49.631321375Z [DEBUG] eToro-Momentum-LS.MLS_FlashCrashReversalStrategy_ASX.ETORO_151: STARTING
2026-06-11T20:05:49.631321906Z [INFO] eToro-Momentum-LS.MLS_FlashCrashReversalStrategy_ASX.ETORO_151: self.config.oms_type=None
2026-06-11T20:05:49.631322066Z [INFO] eToro-Momentum-LS.MLS_FlashCrashReversalStrategy_ASX.ETORO_151: self.config.external_order_claims=None
2026-06-11T20:05:49.631322206Z [INFO] eToro-Momentum-LS.MLS_FlashCrashReversalStrategy_ASX.ETORO_151: self.config.manage_gtd_expiry=False
2026-06-11T20:05:49.631322907Z [INFO] eToro-Momentum-LS.MLS_FlashCrashReversalStrategy_ASX.ETORO_151: Set ClientOrderIdGenerator client_order_id count to 0
2026-06-11T20:05:49.631323138Z [INFO] eToro-Momentum-LS.MLS_FlashCrashReversalStrategy_ASX.ETORO_151: Set ClientOrderIdGenerator order_list_id count to 0
2026-06-11T20:05:49.631325562Z [INFO] eToro-Momentum-LS.MLS_FlashCrashReversalStrategy_ASX.ETORO_151: Starte Flash Crash Reversal auf ASX.ETORO
2026-06-11T20:05:49.631333567Z [DEBUG] eToro-Momentum-LS.MessageBus: Added Subscription(topic=data.bars.ASX.ETORO-1-HOUR-MID-INTERNAL, handler=<bound method Actor.handle_bar of FlashCrashReversalStrategy(MLS_FlashCrashReversalStrategy_ASX.ETORO_151-151)>, priority=0)
2026-06-11T20:05:49.631336633Z [INFO] eToro-Momentum-LS.MLS_FlashCrashReversalStrategy_ASX.ETORO_151: [CMD]--> SubscribeBars(bar_type=ASX.ETORO-1-HOUR-MID-INTERNAL, client_id=None, venue=ETORO)
2026-06-11T20:05:49.631353094Z [INFO] eToro-Momentum-LS.MLS_FlashCrashReversalStrategy_ASX.ETORO_151: RUNNING
2026-06-11T20:05:49.631355959Z [DEBUG] eToro-Momentum-LS.MLS_FlashCrashReversalStrategy_ASX.ETORO_152: STARTING
2026-06-11T20:05:49.631356340Z [INFO] eToro-Momentum-LS.MLS_FlashCrashReversalStrategy_ASX.ETORO_152: self.config.oms_type=None
2026-06-11T20:05:49.631356600Z [INFO] eToro-Momentum-LS.MLS_FlashCrashReversalStrategy_ASX.ETORO_152: self.config.external_order_claims=None
2026-06-11T20:05:49.631358374Z [INFO] eToro-Momentum-LS.MLS_FlashCrashReversalStrategy_ASX.ETORO_152: self.config.manage_gtd_expiry=False
2026-06-11T20:05:49.631359055Z [INFO] eToro-Momentum-LS.MLS_FlashCrashReversalStrategy_ASX.ETORO_152: Set ClientOrderIdGenerator client_order_id count to 0
2026-06-11T20:05:49.631359265Z [INFO] eToro-Momentum-LS.MLS_FlashCrashReversalStrategy_ASX.ETORO_152: Set ClientOrderIdGenerator order_list_id count to 0
2026-06-11T20:05:49.631364094Z [INFO] eToro-Momentum-LS.MLS_FlashCrashReversalStrategy_ASX.ETORO_152: Starte Flash Crash Reversal auf ASX.ETORO
2026-06-11T20:05:49.631375315Z [DEBUG] eToro-Momentum-LS.MessageBus: Added Subscription(topic=data.bars.ASX.ETORO-1-HOUR-MID-INTERNAL, handler=<bound method Actor.handle_bar of FlashCrashReversalStrategy(MLS_FlashCrashReversalStrategy_ASX.ETORO_152-152)>, priority=0)
2026-06-11T20:05:49.631378601Z [INFO] eToro-Momentum-LS.MLS_FlashCrashReversalStrategy_ASX.ETORO_152: [CMD]--> SubscribeBars(bar_type=ASX.ETORO-1-HOUR-MID-INTERNAL, client_id=None, venue=ETORO)
2026-06-11T20:05:49.631395072Z [INFO] eToro-Momentum-LS.MLS_FlashCrashReversalStrategy_ASX.ETORO_152: RUNNING
2026-06-11T20:05:49.631397958Z [DEBUG] eToro-Momentum-LS.MLS_FlashCrashReversalStrategy_MNDY.ETORO_153: STARTING
2026-06-11T20:05:49.631398439Z [INFO] eToro-Momentum-LS.MLS_FlashCrashReversalStrategy_MNDY.ETORO_153: self.config.oms_type=None
2026-06-11T20:05:49.631398639Z [INFO] eToro-Momentum-LS.MLS_FlashCrashReversalStrategy_MNDY.ETORO_153: self.config.external_order_claims=None
2026-06-11T20:05:49.631398809Z [INFO] eToro-Momentum-LS.MLS_FlashCrashReversalStrategy_MNDY.ETORO_153: self.config.manage_gtd_expiry=False
2026-06-11T20:05:49.631399531Z [INFO] eToro-Momentum-LS.MLS_FlashCrashReversalStrategy_MNDY.ETORO_153: Set ClientOrderIdGenerator client_order_id count to 0
2026-06-11T20:05:49.631399671Z [INFO] eToro-Momentum-LS.MLS_FlashCrashReversalStrategy_MNDY.ETORO_153: Set ClientOrderIdGenerator order_list_id count to 0
2026-06-11T20:05:49.631402436Z [INFO] eToro-Momentum-LS.MLS_FlashCrashReversalStrategy_MNDY.ETORO_153: Starte Flash Crash Reversal auf MNDY.ETORO
2026-06-11T20:05:49.631411303Z [DEBUG] eToro-Momentum-LS.MessageBus: Added Subscription(topic=data.bars.MNDY.ETORO-1-HOUR-MID-INTERNAL, handler=<bound method Actor.handle_bar of FlashCrashReversalStrategy(MLS_FlashCrashReversalStrategy_MNDY.ETORO_153-153)>, priority=0)
2026-06-11T20:05:49.631415240Z [INFO] eToro-Momentum-LS.MLS_FlashCrashReversalStrategy_MNDY.ETORO_153: [CMD]--> SubscribeBars(bar_type=MNDY.ETORO-1-HOUR-MID-INTERNAL, client_id=None, venue=ETORO)
2026-06-11T20:05:49.631432031Z [INFO] eToro-Momentum-LS.MLS_FlashCrashReversalStrategy_MNDY.ETORO_153: RUNNING
2026-06-11T20:05:49.631437411Z [DEBUG] eToro-Momentum-LS.MLS_FlashCrashReversalStrategy_MNDY.ETORO_154: STARTING
2026-06-11T20:05:49.631437812Z [INFO] eToro-Momentum-LS.MLS_FlashCrashReversalStrategy_MNDY.ETORO_154: self.config.oms_type=None
2026-06-11T20:05:49.631437982Z [INFO] eToro-Momentum-LS.MLS_FlashCrashReversalStrategy_MNDY.ETORO_154: self.config.external_order_claims=None
2026-06-11T20:05:49.631438153Z [INFO] eToro-Momentum-LS.MLS_FlashCrashReversalStrategy_MNDY.ETORO_154: self.config.manage_gtd_expiry=False
2026-06-11T20:05:49.631438894Z [INFO] eToro-Momentum-LS.MLS_FlashCrashReversalStrategy_MNDY.ETORO_154: Set ClientOrderIdGenerator client_order_id count to 0
2026-06-11T20:05:49.631439034Z [INFO] eToro-Momentum-LS.MLS_FlashCrashReversalStrategy_MNDY.ETORO_154: Set ClientOrderIdGenerator order_list_id count to 0
2026-06-11T20:05:49.631440607Z [INFO] eToro-Momentum-LS.MLS_FlashCrashReversalStrategy_MNDY.ETORO_154: Starte Flash Crash Reversal auf MNDY.ETORO
2026-06-11T20:05:49.631456176Z [DEBUG] eToro-Momentum-LS.MessageBus: Added Subscription(topic=data.bars.MNDY.ETORO-1-HOUR-MID-INTERNAL, handler=<bound method Actor.handle_bar of FlashCrashReversalStrategy(MLS_FlashCrashReversalStrategy_MNDY.ETORO_154-154)>, priority=0)
2026-06-11T20:05:49.631480762Z [INFO] eToro-Momentum-LS.MLS_FlashCrashReversalStrategy_MNDY.ETORO_154: [CMD]--> SubscribeBars(bar_type=MNDY.ETORO-1-HOUR-MID-INTERNAL, client_id=None, venue=ETORO)
2026-06-11T20:05:49.631500699Z [INFO] eToro-Momentum-LS.MLS_FlashCrashReversalStrategy_MNDY.ETORO_154: RUNNING
2026-06-11T20:05:49.631503134Z [DEBUG] eToro-Momentum-LS.MLS_FlashCrashReversalStrategy_MNDY.ETORO_155: STARTING
2026-06-11T20:05:49.631503545Z [INFO] eToro-Momentum-LS.MLS_FlashCrashReversalStrategy_MNDY.ETORO_155: self.config.oms_type=None
2026-06-11T20:05:49.631503805Z [INFO] eToro-Momentum-LS.MLS_FlashCrashReversalStrategy_MNDY.ETORO_155: self.config.external_order_claims=None
2026-06-11T20:05:49.631504046Z [INFO] eToro-Momentum-LS.MLS_FlashCrashReversalStrategy_MNDY.ETORO_155: self.config.manage_gtd_expiry=False
2026-06-11T20:05:49.631507111Z [INFO] eToro-Momentum-LS.MLS_FlashCrashReversalStrategy_MNDY.ETORO_155: Set ClientOrderIdGenerator client_order_id count to 0
2026-06-11T20:05:49.631507282Z [INFO] eToro-Momentum-LS.MLS_FlashCrashReversalStrategy_MNDY.ETORO_155: Set ClientOrderIdGenerator order_list_id count to 0
2026-06-11T20:05:49.631508704Z [INFO] eToro-Momentum-LS.MLS_FlashCrashReversalStrategy_MNDY.ETORO_155: Starte Flash Crash Reversal auf MNDY.ETORO
2026-06-11T20:05:49.631520296Z [DEBUG] eToro-Momentum-LS.MessageBus: Added Subscription(topic=data.bars.MNDY.ETORO-1-HOUR-MID-INTERNAL, handler=<bound method Actor.handle_bar of FlashCrashReversalStrategy(MLS_FlashCrashReversalStrategy_MNDY.ETORO_155-155)>, priority=0)
2026-06-11T20:05:49.631523201Z [INFO] eToro-Momentum-LS.MLS_FlashCrashReversalStrategy_MNDY.ETORO_155: [CMD]--> SubscribeBars(bar_type=MNDY.ETORO-1-HOUR-MID-INTERNAL, client_id=None, venue=ETORO)
2026-06-11T20:05:49.631540253Z [INFO] eToro-Momentum-LS.MLS_FlashCrashReversalStrategy_MNDY.ETORO_155: RUNNING
2026-06-11T20:05:49.631542748Z [DEBUG] eToro-Momentum-LS.MLS_FlashCrashReversalStrategy_MNDY.ETORO_156: STARTING
2026-06-11T20:05:49.631543309Z [INFO] eToro-Momentum-LS.MLS_FlashCrashReversalStrategy_MNDY.ETORO_156: self.config.oms_type=None
2026-06-11T20:05:49.631543469Z [INFO] eToro-Momentum-LS.MLS_FlashCrashReversalStrategy_MNDY.ETORO_156: self.config.external_order_claims=None
2026-06-11T20:05:49.631543770Z [INFO] eToro-Momentum-LS.MLS_FlashCrashReversalStrategy_MNDY.ETORO_156: self.config.manage_gtd_expiry=False
2026-06-11T20:05:49.631544391Z [INFO] eToro-Momentum-LS.MLS_FlashCrashReversalStrategy_MNDY.ETORO_156: Set ClientOrderIdGenerator client_order_id count to 0
2026-06-11T20:05:49.631544591Z [INFO] eToro-Momentum-LS.MLS_FlashCrashReversalStrategy_MNDY.ETORO_156: Set ClientOrderIdGenerator order_list_id count to 0
2026-06-11T20:05:49.631545553Z [INFO] eToro-Momentum-LS.MLS_FlashCrashReversalStrategy_MNDY.ETORO_156: Starte Flash Crash Reversal auf MNDY.ETORO
2026-06-11T20:05:49.631555802Z [DEBUG] eToro-Momentum-LS.MessageBus: Added Subscription(topic=data.bars.MNDY.ETORO-1-HOUR-MID-INTERNAL, handler=<bound method Actor.handle_bar of FlashCrashReversalStrategy(MLS_FlashCrashReversalStrategy_MNDY.ETORO_156-156)>, priority=0)
2026-06-11T20:05:49.631558137Z [INFO] eToro-Momentum-LS.MLS_FlashCrashReversalStrategy_MNDY.ETORO_156: [CMD]--> SubscribeBars(bar_type=MNDY.ETORO-1-HOUR-MID-INTERNAL, client_id=None, venue=ETORO)
2026-06-11T20:05:49.631576010Z [INFO] eToro-Momentum-LS.MLS_FlashCrashReversalStrategy_MNDY.ETORO_156: RUNNING
2026-06-11T20:05:49.631580398Z [DEBUG] eToro-Momentum-LS.MLS_FlashCrashReversalStrategy_MNDY.ETORO_157: STARTING
2026-06-11T20:05:49.631580799Z [INFO] eToro-Momentum-LS.MLS_FlashCrashReversalStrategy_MNDY.ETORO_157: self.config.oms_type=None
2026-06-11T20:05:49.631580969Z [INFO] eToro-Momentum-LS.MLS_FlashCrashReversalStrategy_MNDY.ETORO_157: self.config.external_order_claims=None
2026-06-11T20:05:49.631581230Z [INFO] eToro-Momentum-LS.MLS_FlashCrashReversalStrategy_MNDY.ETORO_157: self.config.manage_gtd_expiry=False
2026-06-11T20:05:49.631581761Z [INFO] eToro-Momentum-LS.MLS_FlashCrashReversalStrategy_MNDY.ETORO_157: Set ClientOrderIdGenerator client_order_id count to 0
2026-06-11T20:05:49.631581901Z [INFO] eToro-Momentum-LS.MLS_FlashCrashReversalStrategy_MNDY.ETORO_157: Set ClientOrderIdGenerator order_list_id count to 0
2026-06-11T20:05:49.631583785Z [INFO] eToro-Momentum-LS.MLS_FlashCrashReversalStrategy_MNDY.ETORO_157: Starte Flash Crash Reversal auf MNDY.ETORO
2026-06-11T20:05:49.631592781Z [DEBUG] eToro-Momentum-LS.MessageBus: Added Subscription(topic=data.bars.MNDY.ETORO-1-HOUR-MID-INTERNAL, handler=<bound method Actor.handle_bar of FlashCrashReversalStrategy(MLS_FlashCrashReversalStrategy_MNDY.ETORO_157-157)>, priority=0)
2026-06-11T20:05:49.631598472Z [INFO] eToro-Momentum-LS.MLS_FlashCrashReversalStrategy_MNDY.ETORO_157: [CMD]--> SubscribeBars(bar_type=MNDY.ETORO-1-HOUR-MID-INTERNAL, client_id=None, venue=ETORO)
2026-06-11T20:05:49.631616976Z [INFO] eToro-Momentum-LS.MLS_FlashCrashReversalStrategy_MNDY.ETORO_157: RUNNING
2026-06-11T20:05:49.631619732Z [DEBUG] eToro-Momentum-LS.MLS_FlashCrashReversalStrategy_MNDY.ETORO_158: STARTING
2026-06-11T20:05:49.631620132Z [INFO] eToro-Momentum-LS.MLS_FlashCrashReversalStrategy_MNDY.ETORO_158: self.config.oms_type=None
2026-06-11T20:05:49.631620303Z [INFO] eToro-Momentum-LS.MLS_FlashCrashReversalStrategy_MNDY.ETORO_158: self.config.external_order_claims=None
2026-06-11T20:05:49.631620443Z [INFO] eToro-Momentum-LS.MLS_FlashCrashReversalStrategy_MNDY.ETORO_158: self.config.manage_gtd_expiry=False
2026-06-11T20:05:49.631621044Z [INFO] eToro-Momentum-LS.MLS_FlashCrashReversalStrategy_MNDY.ETORO_158: Set ClientOrderIdGenerator client_order_id count to 0
2026-06-11T20:05:49.631623278Z [INFO] eToro-Momentum-LS.MLS_FlashCrashReversalStrategy_MNDY.ETORO_158: Set ClientOrderIdGenerator order_list_id count to 0
2026-06-11T20:05:49.631624491Z [INFO] eToro-Momentum-LS.MLS_FlashCrashReversalStrategy_MNDY.ETORO_158: Starte Flash Crash Reversal auf MNDY.ETORO
2026-06-11T20:05:49.631631624Z [DEBUG] eToro-Momentum-LS.MessageBus: Added Subscription(topic=data.bars.MNDY.ETORO-1-HOUR-MID-INTERNAL, handler=<bound method Actor.handle_bar of FlashCrashReversalStrategy(MLS_FlashCrashReversalStrategy_MNDY.ETORO_158-158)>, priority=0)
2026-06-11T20:05:49.631633838Z [INFO] eToro-Momentum-LS.MLS_FlashCrashReversalStrategy_MNDY.ETORO_158: [CMD]--> SubscribeBars(bar_type=MNDY.ETORO-1-HOUR-MID-INTERNAL, client_id=None, venue=ETORO)
2026-06-11T20:05:49.631652763Z [INFO] eToro-Momentum-LS.MLS_FlashCrashReversalStrategy_MNDY.ETORO_158: RUNNING
2026-06-11T20:05:49.631655709Z [DEBUG] eToro-Momentum-LS.MLS_FlashCrashReversalStrategy_MNDY.ETORO_159: STARTING
2026-06-11T20:05:49.631656079Z [INFO] eToro-Momentum-LS.MLS_FlashCrashReversalStrategy_MNDY.ETORO_159: self.config.oms_type=None
2026-06-11T20:05:49.631656570Z [INFO] eToro-Momentum-LS.MLS_FlashCrashReversalStrategy_MNDY.ETORO_159: self.config.external_order_claims=None
2026-06-11T20:05:49.631656721Z [INFO] eToro-Momentum-LS.MLS_FlashCrashReversalStrategy_MNDY.ETORO_159: self.config.manage_gtd_expiry=False
2026-06-11T20:05:49.631657202Z [INFO] eToro-Momentum-LS.MLS_FlashCrashReversalStrategy_MNDY.ETORO_159: Set ClientOrderIdGenerator client_order_id count to 0
2026-06-11T20:05:49.631657342Z [INFO] eToro-Momentum-LS.MLS_FlashCrashReversalStrategy_MNDY.ETORO_159: Set ClientOrderIdGenerator order_list_id count to 0
2026-06-11T20:05:49.631658945Z [INFO] eToro-Momentum-LS.MLS_FlashCrashReversalStrategy_MNDY.ETORO_159: Starte Flash Crash Reversal auf MNDY.ETORO
2026-06-11T20:05:49.631668232Z [DEBUG] eToro-Momentum-LS.MessageBus: Added Subscription(topic=data.bars.MNDY.ETORO-1-HOUR-MID-INTERNAL, handler=<bound method Actor.handle_bar of FlashCrashReversalStrategy(MLS_FlashCrashReversalStrategy_MNDY.ETORO_159-159)>, priority=0)
2026-06-11T20:05:49.631671408Z [INFO] eToro-Momentum-LS.MLS_FlashCrashReversalStrategy_MNDY.ETORO_159: [CMD]--> SubscribeBars(bar_type=MNDY.ETORO-1-HOUR-MID-INTERNAL, client_id=None, venue=ETORO)
2026-06-11T20:05:49.631687949Z [INFO] eToro-Momentum-LS.MLS_FlashCrashReversalStrategy_MNDY.ETORO_159: RUNNING
2026-06-11T20:05:49.631690534Z [DEBUG] eToro-Momentum-LS.MLS_FlashCrashReversalStrategy_ELF.ETORO_160: STARTING
2026-06-11T20:05:49.631690824Z [INFO] eToro-Momentum-LS.MLS_FlashCrashReversalStrategy_ELF.ETORO_160: self.config.oms_type=None
2026-06-11T20:05:49.631691185Z [INFO] eToro-Momentum-LS.MLS_FlashCrashReversalStrategy_ELF.ETORO_160: self.config.external_order_claims=None
2026-06-11T20:05:49.631691355Z [INFO] eToro-Momentum-LS.MLS_FlashCrashReversalStrategy_ELF.ETORO_160: self.config.manage_gtd_expiry=False
2026-06-11T20:05:49.631691966Z [INFO] eToro-Momentum-LS.MLS_FlashCrashReversalStrategy_ELF.ETORO_160: Set ClientOrderIdGenerator client_order_id count to 0
2026-06-11T20:05:49.631692197Z [INFO] eToro-Momentum-LS.MLS_FlashCrashReversalStrategy_ELF.ETORO_160: Set ClientOrderIdGenerator order_list_id count to 0
2026-06-11T20:05:49.631694231Z [INFO] eToro-Momentum-LS.MLS_FlashCrashReversalStrategy_ELF.ETORO_160: Starte Flash Crash Reversal auf ELF.ETORO
2026-06-11T20:05:49.631704650Z [DEBUG] eToro-Momentum-LS.MessageBus: Added Subscription(topic=data.bars.ELF.ETORO-1-HOUR-MID-INTERNAL, handler=<bound method Actor.handle_bar of FlashCrashReversalStrategy(MLS_FlashCrashReversalStrategy_ELF.ETORO_160-160)>, priority=0)
2026-06-11T20:05:49.631707465Z [INFO] eToro-Momentum-LS.MLS_FlashCrashReversalStrategy_ELF.ETORO_160: [CMD]--> SubscribeBars(bar_type=ELF.ETORO-1-HOUR-MID-INTERNAL, client_id=None, venue=ETORO)
2026-06-11T20:05:49.631729757Z [INFO] eToro-Momentum-LS.MLS_FlashCrashReversalStrategy_ELF.ETORO_160: RUNNING
2026-06-11T20:05:49.631732763Z [DEBUG] eToro-Momentum-LS.MLS_FlashCrashReversalStrategy_ELF.ETORO_161: STARTING
2026-06-11T20:05:49.631736560Z [INFO] eToro-Momentum-LS.MLS_FlashCrashReversalStrategy_ELF.ETORO_161: self.config.oms_type=None
2026-06-11T20:05:49.631736730Z [INFO] eToro-Momentum-LS.MLS_FlashCrashReversalStrategy_ELF.ETORO_161: self.config.external_order_claims=None
2026-06-11T20:05:49.631736880Z [INFO] eToro-Momentum-LS.MLS_FlashCrashReversalStrategy_ELF.ETORO_161: self.config.manage_gtd_expiry=False
2026-06-11T20:05:49.631737542Z [INFO] eToro-Momentum-LS.MLS_FlashCrashReversalStrategy_ELF.ETORO_161: Set ClientOrderIdGenerator client_order_id count to 0
2026-06-11T20:05:49.631737702Z [INFO] eToro-Momentum-LS.MLS_FlashCrashReversalStrategy_ELF.ETORO_161: Set ClientOrderIdGenerator order_list_id count to 0
2026-06-11T20:05:49.631742300Z [INFO] eToro-Momentum-LS.MLS_FlashCrashReversalStrategy_ELF.ETORO_161: Starte Flash Crash Reversal auf ELF.ETORO
2026-06-11T20:05:49.631751668Z [DEBUG] eToro-Momentum-LS.MessageBus: Added Subscription(topic=data.bars.ELF.ETORO-1-HOUR-MID-INTERNAL, handler=<bound method Actor.handle_bar of FlashCrashReversalStrategy(MLS_FlashCrashReversalStrategy_ELF.ETORO_161-161)>, priority=0)
2026-06-11T20:05:49.631754674Z [INFO] eToro-Momentum-LS.MLS_FlashCrashReversalStrategy_ELF.ETORO_161: [CMD]--> SubscribeBars(bar_type=ELF.ETORO-1-HOUR-MID-INTERNAL, client_id=None, venue=ETORO)
2026-06-11T20:05:49.631772557Z [INFO] eToro-Momentum-LS.MLS_FlashCrashReversalStrategy_ELF.ETORO_161: RUNNING
2026-06-11T20:05:49.631778789Z [DEBUG] eToro-Momentum-LS.MLS_FlashCrashReversalStrategy_ELF.ETORO_162: STARTING
2026-06-11T20:05:49.631779139Z [INFO] eToro-Momentum-LS.MLS_FlashCrashReversalStrategy_ELF.ETORO_162: self.config.oms_type=None
2026-06-11T20:05:49.631779310Z [INFO] eToro-Momentum-LS.MLS_FlashCrashReversalStrategy_ELF.ETORO_162: self.config.external_order_claims=None
2026-06-11T20:05:49.631779470Z [INFO] eToro-Momentum-LS.MLS_FlashCrashReversalStrategy_ELF.ETORO_162: self.config.manage_gtd_expiry=False
2026-06-11T20:05:49.631780151Z [INFO] eToro-Momentum-LS.MLS_FlashCrashReversalStrategy_ELF.ETORO_162: Set ClientOrderIdGenerator client_order_id count to 0
2026-06-11T20:05:49.631780351Z [INFO] eToro-Momentum-LS.MLS_FlashCrashReversalStrategy_ELF.ETORO_162: Set ClientOrderIdGenerator order_list_id count to 0
2026-06-11T20:05:49.631782115Z [INFO] eToro-Momentum-LS.MLS_FlashCrashReversalStrategy_ELF.ETORO_162: Starte Flash Crash Reversal auf ELF.ETORO
2026-06-11T20:05:49.631795550Z [DEBUG] eToro-Momentum-LS.MessageBus: Added Subscription(topic=data.bars.ELF.ETORO-1-HOUR-MID-INTERNAL, handler=<bound method Actor.handle_bar of FlashCrashReversalStrategy(MLS_FlashCrashReversalStrategy_ELF.ETORO_162-162)>, priority=0)
2026-06-11T20:05:49.631800309Z [INFO] eToro-Momentum-LS.MLS_FlashCrashReversalStrategy_ELF.ETORO_162: [CMD]--> SubscribeBars(bar_type=ELF.ETORO-1-HOUR-MID-INTERNAL, client_id=None, venue=ETORO)
2026-06-11T20:05:49.631817210Z [INFO] eToro-Momentum-LS.MLS_FlashCrashReversalStrategy_ELF.ETORO_162: RUNNING
2026-06-11T20:05:49.631819675Z [DEBUG] eToro-Momentum-LS.MLS_FlashCrashReversalStrategy_ELF.ETORO_163: STARTING
2026-06-11T20:05:49.631820186Z [INFO] eToro-Momentum-LS.MLS_FlashCrashReversalStrategy_ELF.ETORO_163: self.config.oms_type=None
2026-06-11T20:05:49.631820366Z [INFO] eToro-Momentum-LS.MLS_FlashCrashReversalStrategy_ELF.ETORO_163: self.config.external_order_claims=None
2026-06-11T20:05:49.631820707Z [INFO] eToro-Momentum-LS.MLS_FlashCrashReversalStrategy_ELF.ETORO_163: self.config.manage_gtd_expiry=False
2026-06-11T20:05:49.631821508Z [INFO] eToro-Momentum-LS.MLS_FlashCrashReversalStrategy_ELF.ETORO_163: Set ClientOrderIdGenerator client_order_id count to 0
2026-06-11T20:05:49.631821669Z [INFO] eToro-Momentum-LS.MLS_FlashCrashReversalStrategy_ELF.ETORO_163: Set ClientOrderIdGenerator order_list_id count to 0
2026-06-11T20:05:49.631824394Z [INFO] eToro-Momentum-LS.MLS_FlashCrashReversalStrategy_ELF.ETORO_163: Starte Flash Crash Reversal auf ELF.ETORO
2026-06-11T20:05:49.631833541Z [DEBUG] eToro-Momentum-LS.MessageBus: Added Subscription(topic=data.bars.ELF.ETORO-1-HOUR-MID-INTERNAL, handler=<bound method Actor.handle_bar of FlashCrashReversalStrategy(MLS_FlashCrashReversalStrategy_ELF.ETORO_163-163)>, priority=0)
2026-06-11T20:05:49.631837127Z [INFO] eToro-Momentum-LS.MLS_FlashCrashReversalStrategy_ELF.ETORO_163: [CMD]--> SubscribeBars(bar_type=ELF.ETORO-1-HOUR-MID-INTERNAL, client_id=None, venue=ETORO)
2026-06-11T20:05:49.631855502Z [INFO] eToro-Momentum-LS.MLS_FlashCrashReversalStrategy_ELF.ETORO_163: RUNNING
2026-06-11T20:05:49.631859880Z [DEBUG] eToro-Momentum-LS.MLS_FlashCrashReversalStrategy_ELF.ETORO_164: STARTING
2026-06-11T20:05:49.631860281Z [INFO] eToro-Momentum-LS.MLS_FlashCrashReversalStrategy_ELF.ETORO_164: self.config.oms_type=None
2026-06-11T20:05:49.631860541Z [INFO] eToro-Momentum-LS.MLS_FlashCrashReversalStrategy_ELF.ETORO_164: self.config.external_order_claims=None
2026-06-11T20:05:49.631860772Z [INFO] eToro-Momentum-LS.MLS_FlashCrashReversalStrategy_ELF.ETORO_164: self.config.manage_gtd_expiry=False
2026-06-11T20:05:49.631861473Z [INFO] eToro-Momentum-LS.MLS_FlashCrashReversalStrategy_ELF.ETORO_164: Set ClientOrderIdGenerator client_order_id count to 0
2026-06-11T20:05:49.631861723Z [INFO] eToro-Momentum-LS.MLS_FlashCrashReversalStrategy_ELF.ETORO_164: Set ClientOrderIdGenerator order_list_id count to 0
2026-06-11T20:05:49.631864398Z [INFO] eToro-Momentum-LS.MLS_FlashCrashReversalStrategy_ELF.ETORO_164: Starte Flash Crash Reversal auf ELF.ETORO
2026-06-11T20:05:49.631871712Z [DEBUG] eToro-Momentum-LS.MessageBus: Added Subscription(topic=data.bars.ELF.ETORO-1-HOUR-MID-INTERNAL, handler=<bound method Actor.handle_bar of FlashCrashReversalStrategy(MLS_FlashCrashReversalStrategy_ELF.ETORO_164-164)>, priority=0)
2026-06-11T20:05:49.631874948Z [INFO] eToro-Momentum-LS.MLS_FlashCrashReversalStrategy_ELF.ETORO_164: [CMD]--> SubscribeBars(bar_type=ELF.ETORO-1-HOUR-MID-INTERNAL, client_id=None, venue=ETORO)
2026-06-11T20:05:49.631892962Z [INFO] eToro-Momentum-LS.MLS_FlashCrashReversalStrategy_ELF.ETORO_164: RUNNING
2026-06-11T20:05:49.631895917Z [DEBUG] eToro-Momentum-LS.MLS_FlashCrashReversalStrategy_ELF.ETORO_165: STARTING
2026-06-11T20:05:49.631896298Z [INFO] eToro-Momentum-LS.MLS_FlashCrashReversalStrategy_ELF.ETORO_165: self.config.oms_type=None
2026-06-11T20:05:49.631896639Z [INFO] eToro-Momentum-LS.MLS_FlashCrashReversalStrategy_ELF.ETORO_165: self.config.external_order_claims=None
2026-06-11T20:05:49.631896779Z [INFO] eToro-Momentum-LS.MLS_FlashCrashReversalStrategy_ELF.ETORO_165: self.config.manage_gtd_expiry=False
2026-06-11T20:05:49.631897360Z [INFO] eToro-Momentum-LS.MLS_FlashCrashReversalStrategy_ELF.ETORO_165: Set ClientOrderIdGenerator client_order_id count to 0
2026-06-11T20:05:49.631897681Z [INFO] eToro-Momentum-LS.MLS_FlashCrashReversalStrategy_ELF.ETORO_165: Set ClientOrderIdGenerator order_list_id count to 0
2026-06-11T20:05:49.631899915Z [INFO] eToro-Momentum-LS.MLS_FlashCrashReversalStrategy_ELF.ETORO_165: Starte Flash Crash Reversal auf ELF.ETORO
2026-06-11T20:05:49.631908080Z [DEBUG] eToro-Momentum-LS.MessageBus: Added Subscription(topic=data.bars.ELF.ETORO-1-HOUR-MID-INTERNAL, handler=<bound method Actor.handle_bar of FlashCrashReversalStrategy(MLS_FlashCrashReversalStrategy_ELF.ETORO_165-165)>, priority=0)
2026-06-11T20:05:49.631911446Z [INFO] eToro-Momentum-LS.MLS_FlashCrashReversalStrategy_ELF.ETORO_165: [CMD]--> SubscribeBars(bar_type=ELF.ETORO-1-HOUR-MID-INTERNAL, client_id=None, venue=ETORO)
2026-06-11T20:05:49.631941192Z [INFO] eToro-Momentum-LS.MLS_FlashCrashReversalStrategy_ELF.ETORO_165: RUNNING
2026-06-11T20:05:49.631944338Z [DEBUG] eToro-Momentum-LS.MLS_FlashCrashReversalStrategy_VRT.ETORO_166: STARTING
2026-06-11T20:05:49.631944668Z [INFO] eToro-Momentum-LS.MLS_FlashCrashReversalStrategy_VRT.ETORO_166: self.config.oms_type=None
2026-06-11T20:05:49.631945119Z [INFO] eToro-Momentum-LS.MLS_FlashCrashReversalStrategy_VRT.ETORO_166: self.config.external_order_claims=None
2026-06-11T20:05:49.631945329Z [INFO] eToro-Momentum-LS.MLS_FlashCrashReversalStrategy_VRT.ETORO_166: self.config.manage_gtd_expiry=False
2026-06-11T20:05:49.631946141Z [INFO] eToro-Momentum-LS.MLS_FlashCrashReversalStrategy_VRT.ETORO_166: Set ClientOrderIdGenerator client_order_id count to 0
2026-06-11T20:05:49.631946432Z [INFO] eToro-Momentum-LS.MLS_FlashCrashReversalStrategy_VRT.ETORO_166: Set ClientOrderIdGenerator order_list_id count to 0
2026-06-11T20:05:49.631948966Z [INFO] eToro-Momentum-LS.MLS_FlashCrashReversalStrategy_VRT.ETORO_166: Starte Flash Crash Reversal auf VRT.ETORO
2026-06-11T20:05:49.631957873Z [DEBUG] eToro-Momentum-LS.MessageBus: Added Subscription(topic=data.bars.VRT.ETORO-1-HOUR-MID-INTERNAL, handler=<bound method Actor.handle_bar of FlashCrashReversalStrategy(MLS_FlashCrashReversalStrategy_VRT.ETORO_166-166)>, priority=0)
2026-06-11T20:05:49.631962642Z [INFO] eToro-Momentum-LS.MLS_FlashCrashReversalStrategy_VRT.ETORO_166: [CMD]--> SubscribeBars(bar_type=VRT.ETORO-1-HOUR-MID-INTERNAL, client_id=None, venue=ETORO)
2026-06-11T20:05:49.631982208Z [INFO] eToro-Momentum-LS.MLS_FlashCrashReversalStrategy_VRT.ETORO_166: RUNNING
2026-06-11T20:05:49.631984873Z [DEBUG] eToro-Momentum-LS.MLS_FlashCrashReversalStrategy_VRT.ETORO_167: STARTING
2026-06-11T20:05:49.631985264Z [INFO] eToro-Momentum-LS.MLS_FlashCrashReversalStrategy_VRT.ETORO_167: self.config.oms_type=None
2026-06-11T20:05:49.631985515Z [INFO] eToro-Momentum-LS.MLS_FlashCrashReversalStrategy_VRT.ETORO_167: self.config.external_order_claims=None
2026-06-11T20:05:49.631985755Z [INFO] eToro-Momentum-LS.MLS_FlashCrashReversalStrategy_VRT.ETORO_167: self.config.manage_gtd_expiry=False
2026-06-11T20:05:49.631986296Z [INFO] eToro-Momentum-LS.MLS_FlashCrashReversalStrategy_VRT.ETORO_167: Set ClientOrderIdGenerator client_order_id count to 0
2026-06-11T20:05:49.631986516Z [INFO] eToro-Momentum-LS.MLS_FlashCrashReversalStrategy_VRT.ETORO_167: Set ClientOrderIdGenerator order_list_id count to 0
2026-06-11T20:05:49.631988360Z [INFO] eToro-Momentum-LS.MLS_FlashCrashReversalStrategy_VRT.ETORO_167: Starte Flash Crash Reversal auf VRT.ETORO
2026-06-11T20:05:49.632002927Z [DEBUG] eToro-Momentum-LS.MessageBus: Added Subscription(topic=data.bars.VRT.ETORO-1-HOUR-MID-INTERNAL, handler=<bound method Actor.handle_bar of FlashCrashReversalStrategy(MLS_FlashCrashReversalStrategy_VRT.ETORO_167-167)>, priority=0)
2026-06-11T20:05:49.632012866Z [INFO] eToro-Momentum-LS.MLS_FlashCrashReversalStrategy_VRT.ETORO_167: [CMD]--> SubscribeBars(bar_type=VRT.ETORO-1-HOUR-MID-INTERNAL, client_id=None, venue=ETORO)
2026-06-11T20:05:49.632030669Z [INFO] eToro-Momentum-LS.MLS_FlashCrashReversalStrategy_VRT.ETORO_167: RUNNING
2026-06-11T20:05:49.632034516Z [DEBUG] eToro-Momentum-LS.MLS_FlashCrashReversalStrategy_VRT.ETORO_168: STARTING
2026-06-11T20:05:49.632034736Z [INFO] eToro-Momentum-LS.MLS_FlashCrashReversalStrategy_VRT.ETORO_168: self.config.oms_type=None
2026-06-11T20:05:49.632034927Z [INFO] eToro-Momentum-LS.MLS_FlashCrashReversalStrategy_VRT.ETORO_168: self.config.external_order_claims=None
2026-06-11T20:05:49.632035067Z [INFO] eToro-Momentum-LS.MLS_FlashCrashReversalStrategy_VRT.ETORO_168: self.config.manage_gtd_expiry=False
2026-06-11T20:05:49.632035848Z [INFO] eToro-Momentum-LS.MLS_FlashCrashReversalStrategy_VRT.ETORO_168: Set ClientOrderIdGenerator client_order_id count to 0
2026-06-11T20:05:49.632036059Z [INFO] eToro-Momentum-LS.MLS_FlashCrashReversalStrategy_VRT.ETORO_168: Set ClientOrderIdGenerator order_list_id count to 0
2026-06-11T20:05:49.632040167Z [INFO] eToro-Momentum-LS.MLS_FlashCrashReversalStrategy_VRT.ETORO_168: Starte Flash Crash Reversal auf VRT.ETORO
2026-06-11T20:05:49.632049043Z [DEBUG] eToro-Momentum-LS.MessageBus: Added Subscription(topic=data.bars.VRT.ETORO-1-HOUR-MID-INTERNAL, handler=<bound method Actor.handle_bar of FlashCrashReversalStrategy(MLS_FlashCrashReversalStrategy_VRT.ETORO_168-168)>, priority=0)
2026-06-11T20:05:49.632052119Z [INFO] eToro-Momentum-LS.MLS_FlashCrashReversalStrategy_VRT.ETORO_168: [CMD]--> SubscribeBars(bar_type=VRT.ETORO-1-HOUR-MID-INTERNAL, client_id=None, venue=ETORO)
2026-06-11T20:05:49.632071565Z [INFO] eToro-Momentum-LS.MLS_FlashCrashReversalStrategy_VRT.ETORO_168: RUNNING
2026-06-11T20:05:49.632074320Z [DEBUG] eToro-Momentum-LS.MLS_FlashCrashReversalStrategy_VRT.ETORO_169: STARTING
2026-06-11T20:05:49.632074621Z [INFO] eToro-Momentum-LS.MLS_FlashCrashReversalStrategy_VRT.ETORO_169: self.config.oms_type=None
2026-06-11T20:05:49.632074891Z [INFO] eToro-Momentum-LS.MLS_FlashCrashReversalStrategy_VRT.ETORO_169: self.config.external_order_claims=None
2026-06-11T20:05:49.632075032Z [INFO] eToro-Momentum-LS.MLS_FlashCrashReversalStrategy_VRT.ETORO_169: self.config.manage_gtd_expiry=False
2026-06-11T20:05:49.632075953Z [INFO] eToro-Momentum-LS.MLS_FlashCrashReversalStrategy_VRT.ETORO_169: Set ClientOrderIdGenerator client_order_id count to 0
2026-06-11T20:05:49.632076204Z [INFO] eToro-Momentum-LS.MLS_FlashCrashReversalStrategy_VRT.ETORO_169: Set ClientOrderIdGenerator order_list_id count to 0
2026-06-11T20:05:49.632082415Z [INFO] eToro-Momentum-LS.MLS_FlashCrashReversalStrategy_VRT.ETORO_169: Starte Flash Crash Reversal auf VRT.ETORO
2026-06-11T20:05:49.632093095Z [DEBUG] eToro-Momentum-LS.MessageBus: Added Subscription(topic=data.bars.VRT.ETORO-1-HOUR-MID-INTERNAL, handler=<bound method Actor.handle_bar of FlashCrashReversalStrategy(MLS_FlashCrashReversalStrategy_VRT.ETORO_169-169)>, priority=0)
2026-06-11T20:05:49.632097163Z [INFO] eToro-Momentum-LS.MLS_FlashCrashReversalStrategy_VRT.ETORO_169: [CMD]--> SubscribeBars(bar_type=VRT.ETORO-1-HOUR-MID-INTERNAL, client_id=None, venue=ETORO)
2026-06-11T20:05:49.632116138Z [INFO] eToro-Momentum-LS.MLS_FlashCrashReversalStrategy_VRT.ETORO_169: RUNNING
2026-06-11T20:05:49.632118653Z [DEBUG] eToro-Momentum-LS.MLS_FlashCrashReversalStrategy_VRT.ETORO_170: STARTING
2026-06-11T20:05:49.632119054Z [INFO] eToro-Momentum-LS.MLS_FlashCrashReversalStrategy_VRT.ETORO_170: self.config.oms_type=None
2026-06-11T20:05:49.632119224Z [INFO] eToro-Momentum-LS.MLS_FlashCrashReversalStrategy_VRT.ETORO_170: self.config.external_order_claims=None
2026-06-11T20:05:49.632119364Z [INFO] eToro-Momentum-LS.MLS_FlashCrashReversalStrategy_VRT.ETORO_170: self.config.manage_gtd_expiry=False
2026-06-11T20:05:49.632120206Z [INFO] eToro-Momentum-LS.MLS_FlashCrashReversalStrategy_VRT.ETORO_170: Set ClientOrderIdGenerator client_order_id count to 0
2026-06-11T20:05:49.632120426Z [INFO] eToro-Momentum-LS.MLS_FlashCrashReversalStrategy_VRT.ETORO_170: Set ClientOrderIdGenerator order_list_id count to 0
2026-06-11T20:05:49.632121879Z [INFO] eToro-Momentum-LS.MLS_FlashCrashReversalStrategy_VRT.ETORO_170: Starte Flash Crash Reversal auf VRT.ETORO
2026-06-11T20:05:49.632135384Z [DEBUG] eToro-Momentum-LS.MessageBus: Added Subscription(topic=data.bars.VRT.ETORO-1-HOUR-MID-INTERNAL, handler=<bound method Actor.handle_bar of FlashCrashReversalStrategy(MLS_FlashCrashReversalStrategy_VRT.ETORO_170-170)>, priority=0)
2026-06-11T20:05:49.632141496Z [INFO] eToro-Momentum-LS.MLS_FlashCrashReversalStrategy_VRT.ETORO_170: [CMD]--> SubscribeBars(bar_type=VRT.ETORO-1-HOUR-MID-INTERNAL, client_id=None, venue=ETORO)
2026-06-11T20:05:49.632160100Z [INFO] eToro-Momentum-LS.MLS_FlashCrashReversalStrategy_VRT.ETORO_170: RUNNING
2026-06-11T20:05:49.632164609Z [DEBUG] eToro-Momentum-LS.MLS_FlashCrashReversalStrategy_VRT.ETORO_171: STARTING
2026-06-11T20:05:49.632165160Z [INFO] eToro-Momentum-LS.MLS_FlashCrashReversalStrategy_VRT.ETORO_171: self.config.oms_type=None
2026-06-11T20:05:49.632165310Z [INFO] eToro-Momentum-LS.MLS_FlashCrashReversalStrategy_VRT.ETORO_171: self.config.external_order_claims=None
2026-06-11T20:05:49.632165470Z [INFO] eToro-Momentum-LS.MLS_FlashCrashReversalStrategy_VRT.ETORO_171: self.config.manage_gtd_expiry=False
2026-06-11T20:05:49.632166102Z [INFO] eToro-Momentum-LS.MLS_FlashCrashReversalStrategy_VRT.ETORO_171: Set ClientOrderIdGenerator client_order_id count to 0
2026-06-11T20:05:49.632166232Z [INFO] eToro-Momentum-LS.MLS_FlashCrashReversalStrategy_VRT.ETORO_171: Set ClientOrderIdGenerator order_list_id count to 0
2026-06-11T20:05:49.632167675Z [INFO] eToro-Momentum-LS.MLS_FlashCrashReversalStrategy_VRT.ETORO_171: Starte Flash Crash Reversal auf VRT.ETORO
2026-06-11T20:05:49.632177222Z [DEBUG] eToro-Momentum-LS.MessageBus: Added Subscription(topic=data.bars.VRT.ETORO-1-HOUR-MID-INTERNAL, handler=<bound method Actor.handle_bar of FlashCrashReversalStrategy(MLS_FlashCrashReversalStrategy_VRT.ETORO_171-171)>, priority=0)
2026-06-11T20:05:49.632179948Z [INFO] eToro-Momentum-LS.MLS_FlashCrashReversalStrategy_VRT.ETORO_171: [CMD]--> SubscribeBars(bar_type=VRT.ETORO-1-HOUR-MID-INTERNAL, client_id=None, venue=ETORO)
2026-06-11T20:05:49.632200105Z [INFO] eToro-Momentum-LS.MLS_FlashCrashReversalStrategy_VRT.ETORO_171: RUNNING
2026-06-11T20:05:49.632203081Z [DEBUG] eToro-Momentum-LS.MLS_FlashCrashReversalStrategy_VRT.ETORO_172: STARTING
2026-06-11T20:05:49.632203461Z [INFO] eToro-Momentum-LS.MLS_FlashCrashReversalStrategy_VRT.ETORO_172: self.config.oms_type=None
2026-06-11T20:05:49.632203802Z [INFO] eToro-Momentum-LS.MLS_FlashCrashReversalStrategy_VRT.ETORO_172: self.config.external_order_claims=None
2026-06-11T20:05:49.632203942Z [INFO] eToro-Momentum-LS.MLS_FlashCrashReversalStrategy_VRT.ETORO_172: self.config.manage_gtd_expiry=False
2026-06-11T20:05:49.632204443Z [INFO] eToro-Momentum-LS.MLS_FlashCrashReversalStrategy_VRT.ETORO_172: Set ClientOrderIdGenerator client_order_id count to 0
2026-06-11T20:05:49.632204664Z [INFO] eToro-Momentum-LS.MLS_FlashCrashReversalStrategy_VRT.ETORO_172: Set ClientOrderIdGenerator order_list_id count to 0
2026-06-11T20:05:49.632206016Z [INFO] eToro-Momentum-LS.MLS_FlashCrashReversalStrategy_VRT.ETORO_172: Starte Flash Crash Reversal auf VRT.ETORO
2026-06-11T20:05:49.632215945Z [DEBUG] eToro-Momentum-LS.MessageBus: Added Subscription(topic=data.bars.VRT.ETORO-1-HOUR-MID-INTERNAL, handler=<bound method Actor.handle_bar of FlashCrashReversalStrategy(MLS_FlashCrashReversalStrategy_VRT.ETORO_172-172)>, priority=0)
2026-06-11T20:05:49.632222036Z [INFO] eToro-Momentum-LS.MLS_FlashCrashReversalStrategy_VRT.ETORO_172: [CMD]--> SubscribeBars(bar_type=VRT.ETORO-1-HOUR-MID-INTERNAL, client_id=None, venue=ETORO)
2026-06-11T20:05:49.632240581Z [INFO] eToro-Momentum-LS.MLS_FlashCrashReversalStrategy_VRT.ETORO_172: RUNNING
2026-06-11T20:05:49.632243186Z [DEBUG] eToro-Momentum-LS.MLS_FlashCrashReversalStrategy_VRT.ETORO_173: STARTING
2026-06-11T20:05:49.632243416Z [INFO] eToro-Momentum-LS.MLS_FlashCrashReversalStrategy_VRT.ETORO_173: self.config.oms_type=None
2026-06-11T20:05:49.632243686Z [INFO] eToro-Momentum-LS.MLS_FlashCrashReversalStrategy_VRT.ETORO_173: self.config.external_order_claims=None
2026-06-11T20:05:49.632243837Z [INFO] eToro-Momentum-LS.MLS_FlashCrashReversalStrategy_VRT.ETORO_173: self.config.manage_gtd_expiry=False
2026-06-11T20:05:49.632244488Z [INFO] eToro-Momentum-LS.MLS_FlashCrashReversalStrategy_VRT.ETORO_173: Set ClientOrderIdGenerator client_order_id count to 0
2026-06-11T20:05:49.632244718Z [INFO] eToro-Momentum-LS.MLS_FlashCrashReversalStrategy_VRT.ETORO_173: Set ClientOrderIdGenerator order_list_id count to 0
2026-06-11T20:05:49.632246261Z [INFO] eToro-Momentum-LS.MLS_FlashCrashReversalStrategy_VRT.ETORO_173: Starte Flash Crash Reversal auf VRT.ETORO
2026-06-11T20:05:49.632255328Z [DEBUG] eToro-Momentum-LS.MessageBus: Added Subscription(topic=data.bars.VRT.ETORO-1-HOUR-MID-INTERNAL, handler=<bound method Actor.handle_bar of FlashCrashReversalStrategy(MLS_FlashCrashReversalStrategy_VRT.ETORO_173-173)>, priority=0)
2026-06-11T20:05:49.632257933Z [INFO] eToro-Momentum-LS.MLS_FlashCrashReversalStrategy_VRT.ETORO_173: [CMD]--> SubscribeBars(bar_type=VRT.ETORO-1-HOUR-MID-INTERNAL, client_id=None, venue=ETORO)
2026-06-11T20:05:49.632277309Z [INFO] eToro-Momentum-LS.MLS_FlashCrashReversalStrategy_VRT.ETORO_173: RUNNING
2026-06-11T20:05:49.632281156Z [DEBUG] eToro-Momentum-LS.MLS_FlashCrashReversalStrategy_VRT.ETORO_174: STARTING
2026-06-11T20:05:49.632281637Z [INFO] eToro-Momentum-LS.MLS_FlashCrashReversalStrategy_VRT.ETORO_174: self.config.oms_type=None
2026-06-11T20:05:49.632281888Z [INFO] eToro-Momentum-LS.MLS_FlashCrashReversalStrategy_VRT.ETORO_174: self.config.external_order_claims=None
2026-06-11T20:05:49.632282068Z [INFO] eToro-Momentum-LS.MLS_FlashCrashReversalStrategy_VRT.ETORO_174: self.config.manage_gtd_expiry=False
2026-06-11T20:05:49.632282830Z [INFO] eToro-Momentum-LS.MLS_FlashCrashReversalStrategy_VRT.ETORO_174: Set ClientOrderIdGenerator client_order_id count to 0
2026-06-11T20:05:49.632282990Z [INFO] eToro-Momentum-LS.MLS_FlashCrashReversalStrategy_VRT.ETORO_174: Set ClientOrderIdGenerator order_list_id count to 0
2026-06-11T20:05:49.632284974Z [INFO] eToro-Momentum-LS.MLS_FlashCrashReversalStrategy_VRT.ETORO_174: Starte Flash Crash Reversal auf VRT.ETORO
2026-06-11T20:05:49.632294571Z [DEBUG] eToro-Momentum-LS.MessageBus: Added Subscription(topic=data.bars.VRT.ETORO-1-HOUR-MID-INTERNAL, handler=<bound method Actor.handle_bar of FlashCrashReversalStrategy(MLS_FlashCrashReversalStrategy_VRT.ETORO_174-174)>, priority=0)
2026-06-11T20:05:49.632297938Z [INFO] eToro-Momentum-LS.MLS_FlashCrashReversalStrategy_VRT.ETORO_174: [CMD]--> SubscribeBars(bar_type=VRT.ETORO-1-HOUR-MID-INTERNAL, client_id=None, venue=ETORO)
2026-06-11T20:05:49.632319889Z [INFO] eToro-Momentum-LS.MLS_FlashCrashReversalStrategy_VRT.ETORO_174: RUNNING
2026-06-11T20:05:49.632322444Z [DEBUG] eToro-Momentum-LS.MLS_FlashCrashReversalStrategy_CIEN.ETORO_175: STARTING
2026-06-11T20:05:49.632322944Z [INFO] eToro-Momentum-LS.MLS_FlashCrashReversalStrategy_CIEN.ETORO_175: self.config.oms_type=None
2026-06-11T20:05:49.632323305Z [INFO] eToro-Momentum-LS.MLS_FlashCrashReversalStrategy_CIEN.ETORO_175: self.config.external_order_claims=None
2026-06-11T20:05:49.632323485Z [INFO] eToro-Momentum-LS.MLS_FlashCrashReversalStrategy_CIEN.ETORO_175: self.config.manage_gtd_expiry=False
2026-06-11T20:05:49.632324107Z [INFO] eToro-Momentum-LS.MLS_FlashCrashReversalStrategy_CIEN.ETORO_175: Set ClientOrderIdGenerator client_order_id count to 0
2026-06-11T20:05:49.632324347Z [INFO] eToro-Momentum-LS.MLS_FlashCrashReversalStrategy_CIEN.ETORO_175: Set ClientOrderIdGenerator order_list_id count to 0
2026-06-11T20:05:49.632325720Z [INFO] eToro-Momentum-LS.MLS_FlashCrashReversalStrategy_CIEN.ETORO_175: Starte Flash Crash Reversal auf CIEN.ETORO
2026-06-11T20:05:49.632334466Z [DEBUG] eToro-Momentum-LS.MessageBus: Added Subscription(topic=data.bars.CIEN.ETORO-1-HOUR-MID-INTERNAL, handler=<bound method Actor.handle_bar of FlashCrashReversalStrategy(MLS_FlashCrashReversalStrategy_CIEN.ETORO_175-175)>, priority=0)
2026-06-11T20:05:49.632337301Z [INFO] eToro-Momentum-LS.MLS_FlashCrashReversalStrategy_CIEN.ETORO_175: [CMD]--> SubscribeBars(bar_type=CIEN.ETORO-1-HOUR-MID-INTERNAL, client_id=None, venue=ETORO)
2026-06-11T20:05:49.632360054Z [INFO] eToro-Momentum-LS.MLS_FlashCrashReversalStrategy_CIEN.ETORO_175: RUNNING
2026-06-11T20:05:49.632362709Z [DEBUG] eToro-Momentum-LS.MLS_FlashCrashReversalStrategy_CIEN.ETORO_176: STARTING
2026-06-11T20:05:49.632363019Z [INFO] eToro-Momentum-LS.MLS_FlashCrashReversalStrategy_CIEN.ETORO_176: self.config.oms_type=None
2026-06-11T20:05:49.632363190Z [INFO] eToro-Momentum-LS.MLS_FlashCrashReversalStrategy_CIEN.ETORO_176: self.config.external_order_claims=None
2026-06-11T20:05:49.632363350Z [INFO] eToro-Momentum-LS.MLS_FlashCrashReversalStrategy_CIEN.ETORO_176: self.config.manage_gtd_expiry=False
2026-06-11T20:05:49.632364021Z [INFO] eToro-Momentum-LS.MLS_FlashCrashReversalStrategy_CIEN.ETORO_176: Set ClientOrderIdGenerator client_order_id count to 0
2026-06-11T20:05:49.632364222Z [INFO] eToro-Momentum-LS.MLS_FlashCrashReversalStrategy_CIEN.ETORO_176: Set ClientOrderIdGenerator order_list_id count to 0
2026-06-11T20:05:49.632365183Z [INFO] eToro-Momentum-LS.MLS_FlashCrashReversalStrategy_CIEN.ETORO_176: Starte Flash Crash Reversal auf CIEN.ETORO
2026-06-11T20:05:49.632374901Z [DEBUG] eToro-Momentum-LS.MessageBus: Added Subscription(topic=data.bars.CIEN.ETORO-1-HOUR-MID-INTERNAL, handler=<bound method Actor.handle_bar of FlashCrashReversalStrategy(MLS_FlashCrashReversalStrategy_CIEN.ETORO_176-176)>, priority=0)
2026-06-11T20:05:49.632379109Z [INFO] eToro-Momentum-LS.MLS_FlashCrashReversalStrategy_CIEN.ETORO_176: [CMD]--> SubscribeBars(bar_type=CIEN.ETORO-1-HOUR-MID-INTERNAL, client_id=None, venue=ETORO)
2026-06-11T20:05:49.632397995Z [INFO] eToro-Momentum-LS.MLS_FlashCrashReversalStrategy_CIEN.ETORO_176: RUNNING
2026-06-11T20:05:49.632400609Z [DEBUG] eToro-Momentum-LS.MLS_FlashCrashReversalStrategy_CIEN.ETORO_177: STARTING
2026-06-11T20:05:49.632403284Z [INFO] eToro-Momentum-LS.MLS_FlashCrashReversalStrategy_CIEN.ETORO_177: self.config.oms_type=None
2026-06-11T20:05:49.632403455Z [INFO] eToro-Momentum-LS.MLS_FlashCrashReversalStrategy_CIEN.ETORO_177: self.config.external_order_claims=None
2026-06-11T20:05:49.632403615Z [INFO] eToro-Momentum-LS.MLS_FlashCrashReversalStrategy_CIEN.ETORO_177: self.config.manage_gtd_expiry=False
2026-06-11T20:05:49.632404336Z [INFO] eToro-Momentum-LS.MLS_FlashCrashReversalStrategy_CIEN.ETORO_177: Set ClientOrderIdGenerator client_order_id count to 0
2026-06-11T20:05:49.632404487Z [INFO] eToro-Momentum-LS.MLS_FlashCrashReversalStrategy_CIEN.ETORO_177: Set ClientOrderIdGenerator order_list_id count to 0
2026-06-11T20:05:49.632405719Z [INFO] eToro-Momentum-LS.MLS_FlashCrashReversalStrategy_CIEN.ETORO_177: Starte Flash Crash Reversal auf CIEN.ETORO
2026-06-11T20:05:49.632413524Z [DEBUG] eToro-Momentum-LS.MessageBus: Added Subscription(topic=data.bars.CIEN.ETORO-1-HOUR-MID-INTERNAL, handler=<bound method Actor.handle_bar of FlashCrashReversalStrategy(MLS_FlashCrashReversalStrategy_CIEN.ETORO_177-177)>, priority=0)
2026-06-11T20:05:49.632416569Z [INFO] eToro-Momentum-LS.MLS_FlashCrashReversalStrategy_CIEN.ETORO_177: [CMD]--> SubscribeBars(bar_type=CIEN.ETORO-1-HOUR-MID-INTERNAL, client_id=None, venue=ETORO)
2026-06-11T20:05:49.632434783Z [INFO] eToro-Momentum-LS.MLS_FlashCrashReversalStrategy_CIEN.ETORO_177: RUNNING
2026-06-11T20:05:49.632437538Z [DEBUG] eToro-Momentum-LS.MLS_FlashCrashReversalStrategy_CIEN.ETORO_178: STARTING
2026-06-11T20:05:49.632438019Z [INFO] eToro-Momentum-LS.MLS_FlashCrashReversalStrategy_CIEN.ETORO_178: self.config.oms_type=None
2026-06-11T20:05:49.632438260Z [INFO] eToro-Momentum-LS.MLS_FlashCrashReversalStrategy_CIEN.ETORO_178: self.config.external_order_claims=None
2026-06-11T20:05:49.632438410Z [INFO] eToro-Momentum-LS.MLS_FlashCrashReversalStrategy_CIEN.ETORO_178: self.config.manage_gtd_expiry=False
2026-06-11T20:05:49.632438931Z [INFO] eToro-Momentum-LS.MLS_FlashCrashReversalStrategy_CIEN.ETORO_178: Set ClientOrderIdGenerator client_order_id count to 0
2026-06-11T20:05:49.632439131Z [INFO] eToro-Momentum-LS.MLS_FlashCrashReversalStrategy_CIEN.ETORO_178: Set ClientOrderIdGenerator order_list_id count to 0
2026-06-11T20:05:49.632440354Z [INFO] eToro-Momentum-LS.MLS_FlashCrashReversalStrategy_CIEN.ETORO_178: Starte Flash Crash Reversal auf CIEN.ETORO
2026-06-11T20:05:49.632450442Z [DEBUG] eToro-Momentum-LS.MessageBus: Added Subscription(topic=data.bars.CIEN.ETORO-1-HOUR-MID-INTERNAL, handler=<bound method Actor.handle_bar of FlashCrashReversalStrategy(MLS_FlashCrashReversalStrategy_CIEN.ETORO_178-178)>, priority=0)
2026-06-11T20:05:49.632453518Z [INFO] eToro-Momentum-LS.MLS_FlashCrashReversalStrategy_CIEN.ETORO_178: [CMD]--> SubscribeBars(bar_type=CIEN.ETORO-1-HOUR-MID-INTERNAL, client_id=None, venue=ETORO)
2026-06-11T20:05:49.632470640Z [INFO] eToro-Momentum-LS.MLS_FlashCrashReversalStrategy_CIEN.ETORO_178: RUNNING
2026-06-11T20:05:49.632473015Z [DEBUG] eToro-Momentum-LS.MLS_FlashCrashReversalStrategy_CIEN.ETORO_179: STARTING
2026-06-11T20:05:49.632473215Z [INFO] eToro-Momentum-LS.MLS_FlashCrashReversalStrategy_CIEN.ETORO_179: self.config.oms_type=None
2026-06-11T20:05:49.632473375Z [INFO] eToro-Momentum-LS.MLS_FlashCrashReversalStrategy_CIEN.ETORO_179: self.config.external_order_claims=None
2026-06-11T20:05:49.632473526Z [INFO] eToro-Momentum-LS.MLS_FlashCrashReversalStrategy_CIEN.ETORO_179: self.config.manage_gtd_expiry=False
2026-06-11T20:05:49.632474097Z [INFO] eToro-Momentum-LS.MLS_FlashCrashReversalStrategy_CIEN.ETORO_179: Set ClientOrderIdGenerator client_order_id count to 0
2026-06-11T20:05:49.632474247Z [INFO] eToro-Momentum-LS.MLS_FlashCrashReversalStrategy_CIEN.ETORO_179: Set ClientOrderIdGenerator order_list_id count to 0
2026-06-11T20:05:49.632477673Z [INFO] eToro-Momentum-LS.MLS_FlashCrashReversalStrategy_CIEN.ETORO_179: Starte Flash Crash Reversal auf CIEN.ETORO
2026-06-11T20:05:49.632487121Z [DEBUG] eToro-Momentum-LS.MessageBus: Added Subscription(topic=data.bars.CIEN.ETORO-1-HOUR-MID-INTERNAL, handler=<bound method Actor.handle_bar of FlashCrashReversalStrategy(MLS_FlashCrashReversalStrategy_CIEN.ETORO_179-179)>, priority=0)
2026-06-11T20:05:49.632489726Z [INFO] eToro-Momentum-LS.MLS_FlashCrashReversalStrategy_CIEN.ETORO_179: [CMD]--> SubscribeBars(bar_type=CIEN.ETORO-1-HOUR-MID-INTERNAL, client_id=None, venue=ETORO)
2026-06-11T20:05:49.632508491Z [INFO] eToro-Momentum-LS.MLS_FlashCrashReversalStrategy_CIEN.ETORO_179: RUNNING
2026-06-11T20:05:49.632511236Z [DEBUG] eToro-Momentum-LS.MLS_FlashCrashReversalStrategy_CIEN.ETORO_180: STARTING
2026-06-11T20:05:49.632511617Z [INFO] eToro-Momentum-LS.MLS_FlashCrashReversalStrategy_CIEN.ETORO_180: self.config.oms_type=None
2026-06-11T20:05:49.632513791Z [INFO] eToro-Momentum-LS.MLS_FlashCrashReversalStrategy_CIEN.ETORO_180: self.config.external_order_claims=None
2026-06-11T20:05:49.632514121Z [INFO] eToro-Momentum-LS.MLS_FlashCrashReversalStrategy_CIEN.ETORO_180: self.config.manage_gtd_expiry=False
2026-06-11T20:05:49.632514823Z [INFO] eToro-Momentum-LS.MLS_FlashCrashReversalStrategy_CIEN.ETORO_180: Set ClientOrderIdGenerator client_order_id count to 0
2026-06-11T20:05:49.632515053Z [INFO] eToro-Momentum-LS.MLS_FlashCrashReversalStrategy_CIEN.ETORO_180: Set ClientOrderIdGenerator order_list_id count to 0
2026-06-11T20:05:49.632516085Z [INFO] eToro-Momentum-LS.MLS_FlashCrashReversalStrategy_CIEN.ETORO_180: Starte Flash Crash Reversal auf CIEN.ETORO
2026-06-11T20:05:49.632523549Z [DEBUG] eToro-Momentum-LS.MessageBus: Added Subscription(topic=data.bars.CIEN.ETORO-1-HOUR-MID-INTERNAL, handler=<bound method Actor.handle_bar of FlashCrashReversalStrategy(MLS_FlashCrashReversalStrategy_CIEN.ETORO_180-180)>, priority=0)
2026-06-11T20:05:49.632527546Z [INFO] eToro-Momentum-LS.MLS_FlashCrashReversalStrategy_CIEN.ETORO_180: [CMD]--> SubscribeBars(bar_type=CIEN.ETORO-1-HOUR-MID-INTERNAL, client_id=None, venue=ETORO)
2026-06-11T20:05:49.632544648Z [INFO] eToro-Momentum-LS.MLS_FlashCrashReversalStrategy_CIEN.ETORO_180: RUNNING
2026-06-11T20:05:49.632547233Z [DEBUG] eToro-Momentum-LS.MLS_FlashCrashReversalStrategy_POWL.ETORO_181: STARTING
2026-06-11T20:05:49.632547504Z [INFO] eToro-Momentum-LS.MLS_FlashCrashReversalStrategy_POWL.ETORO_181: self.config.oms_type=None
2026-06-11T20:05:49.632547854Z [INFO] eToro-Momentum-LS.MLS_FlashCrashReversalStrategy_POWL.ETORO_181: self.config.external_order_claims=None
2026-06-11T20:05:49.632547995Z [INFO] eToro-Momentum-LS.MLS_FlashCrashReversalStrategy_POWL.ETORO_181: self.config.manage_gtd_expiry=False
2026-06-11T20:05:49.632548586Z [INFO] eToro-Momentum-LS.MLS_FlashCrashReversalStrategy_POWL.ETORO_181: Set ClientOrderIdGenerator client_order_id count to 0
2026-06-11T20:05:49.632548716Z [INFO] eToro-Momentum-LS.MLS_FlashCrashReversalStrategy_POWL.ETORO_181: Set ClientOrderIdGenerator order_list_id count to 0
2026-06-11T20:05:49.632550379Z [INFO] eToro-Momentum-LS.MLS_FlashCrashReversalStrategy_POWL.ETORO_181: Starte Flash Crash Reversal auf POWL.ETORO
2026-06-11T20:05:49.632559015Z [DEBUG] eToro-Momentum-LS.MessageBus: Added Subscription(topic=data.bars.POWL.ETORO-1-HOUR-MID-INTERNAL, handler=<bound method Actor.handle_bar of FlashCrashReversalStrategy(MLS_FlashCrashReversalStrategy_POWL.ETORO_181-181)>, priority=0)
2026-06-11T20:05:49.632562061Z [INFO] eToro-Momentum-LS.MLS_FlashCrashReversalStrategy_POWL.ETORO_181: [CMD]--> SubscribeBars(bar_type=POWL.ETORO-1-HOUR-MID-INTERNAL, client_id=None, venue=ETORO)
2026-06-11T20:05:49.632583471Z [INFO] eToro-Momentum-LS.MLS_FlashCrashReversalStrategy_POWL.ETORO_181: RUNNING
2026-06-11T20:05:49.632585655Z [DEBUG] eToro-Momentum-LS.MLS_FlashCrashReversalStrategy_POWL.ETORO_182: STARTING
2026-06-11T20:05:49.632586126Z [INFO] eToro-Momentum-LS.MLS_FlashCrashReversalStrategy_POWL.ETORO_182: self.config.oms_type=None
2026-06-11T20:05:49.632586306Z [INFO] eToro-Momentum-LS.MLS_FlashCrashReversalStrategy_POWL.ETORO_182: self.config.external_order_claims=None
2026-06-11T20:05:49.632586456Z [INFO] eToro-Momentum-LS.MLS_FlashCrashReversalStrategy_POWL.ETORO_182: self.config.manage_gtd_expiry=False
2026-06-11T20:05:49.632587038Z [INFO] eToro-Momentum-LS.MLS_FlashCrashReversalStrategy_POWL.ETORO_182: Set ClientOrderIdGenerator client_order_id count to 0
2026-06-11T20:05:49.632587258Z [INFO] eToro-Momentum-LS.MLS_FlashCrashReversalStrategy_POWL.ETORO_182: Set ClientOrderIdGenerator order_list_id count to 0
2026-06-11T20:05:49.632589462Z [INFO] eToro-Momentum-LS.MLS_FlashCrashReversalStrategy_POWL.ETORO_182: Starte Flash Crash Reversal auf POWL.ETORO
2026-06-11T20:05:49.632597798Z [DEBUG] eToro-Momentum-LS.MessageBus: Added Subscription(topic=data.bars.POWL.ETORO-1-HOUR-MID-INTERNAL, handler=<bound method Actor.handle_bar of FlashCrashReversalStrategy(MLS_FlashCrashReversalStrategy_POWL.ETORO_182-182)>, priority=0)
2026-06-11T20:05:49.632602406Z [INFO] eToro-Momentum-LS.MLS_FlashCrashReversalStrategy_POWL.ETORO_182: [CMD]--> SubscribeBars(bar_type=POWL.ETORO-1-HOUR-MID-INTERNAL, client_id=None, venue=ETORO)
2026-06-11T20:05:49.632621472Z [INFO] eToro-Momentum-LS.MLS_FlashCrashReversalStrategy_POWL.ETORO_182: RUNNING
2026-06-11T20:05:49.632623856Z [DEBUG] eToro-Momentum-LS.MLS_FlashCrashReversalStrategy_POWL.ETORO_183: STARTING
2026-06-11T20:05:49.632624227Z [INFO] eToro-Momentum-LS.MLS_FlashCrashReversalStrategy_POWL.ETORO_183: self.config.oms_type=None
2026-06-11T20:05:49.632624477Z [INFO] eToro-Momentum-LS.MLS_FlashCrashReversalStrategy_POWL.ETORO_183: self.config.external_order_claims=None
2026-06-11T20:05:49.632627313Z [INFO] eToro-Momentum-LS.MLS_FlashCrashReversalStrategy_POWL.ETORO_183: self.config.manage_gtd_expiry=False
2026-06-11T20:05:49.632628014Z [INFO] eToro-Momentum-LS.MLS_FlashCrashReversalStrategy_POWL.ETORO_183: Set ClientOrderIdGenerator client_order_id count to 0
2026-06-11T20:05:49.632628154Z [INFO] eToro-Momentum-LS.MLS_FlashCrashReversalStrategy_POWL.ETORO_183: Set ClientOrderIdGenerator order_list_id count to 0
2026-06-11T20:05:49.632629417Z [INFO] eToro-Momentum-LS.MLS_FlashCrashReversalStrategy_POWL.ETORO_183: Starte Flash Crash Reversal auf POWL.ETORO
2026-06-11T20:05:49.632636830Z [DEBUG] eToro-Momentum-LS.MessageBus: Added Subscription(topic=data.bars.POWL.ETORO-1-HOUR-MID-INTERNAL, handler=<bound method Actor.handle_bar of FlashCrashReversalStrategy(MLS_FlashCrashReversalStrategy_POWL.ETORO_183-183)>, priority=0)
2026-06-11T20:05:49.632639536Z [INFO] eToro-Momentum-LS.MLS_FlashCrashReversalStrategy_POWL.ETORO_183: [CMD]--> SubscribeBars(bar_type=POWL.ETORO-1-HOUR-MID-INTERNAL, client_id=None, venue=ETORO)
2026-06-11T20:05:49.632658090Z [INFO] eToro-Momentum-LS.MLS_FlashCrashReversalStrategy_POWL.ETORO_183: RUNNING
2026-06-11T20:05:49.632660455Z [DEBUG] eToro-Momentum-LS.MLS_FlashCrashReversalStrategy_POWL.ETORO_184: STARTING
2026-06-11T20:05:49.632660815Z [INFO] eToro-Momentum-LS.MLS_FlashCrashReversalStrategy_POWL.ETORO_184: self.config.oms_type=None
2026-06-11T20:05:49.632660966Z [INFO] eToro-Momentum-LS.MLS_FlashCrashReversalStrategy_POWL.ETORO_184: self.config.external_order_claims=None
2026-06-11T20:05:49.632661106Z [INFO] eToro-Momentum-LS.MLS_FlashCrashReversalStrategy_POWL.ETORO_184: self.config.manage_gtd_expiry=False
2026-06-11T20:05:49.632661767Z [INFO] eToro-Momentum-LS.MLS_FlashCrashReversalStrategy_POWL.ETORO_184: Set ClientOrderIdGenerator client_order_id count to 0
2026-06-11T20:05:49.632661997Z [INFO] eToro-Momentum-LS.MLS_FlashCrashReversalStrategy_POWL.ETORO_184: Set ClientOrderIdGenerator order_list_id count to 0
2026-06-11T20:05:49.632663751Z [INFO] eToro-Momentum-LS.MLS_FlashCrashReversalStrategy_POWL.ETORO_184: Starte Flash Crash Reversal auf POWL.ETORO
2026-06-11T20:05:49.632675212Z [DEBUG] eToro-Momentum-LS.MessageBus: Added Subscription(topic=data.bars.POWL.ETORO-1-HOUR-MID-INTERNAL, handler=<bound method Actor.handle_bar of FlashCrashReversalStrategy(MLS_FlashCrashReversalStrategy_POWL.ETORO_184-184)>, priority=0)
2026-06-11T20:05:49.632680021Z [INFO] eToro-Momentum-LS.MLS_FlashCrashReversalStrategy_POWL.ETORO_184: [CMD]--> SubscribeBars(bar_type=POWL.ETORO-1-HOUR-MID-INTERNAL, client_id=None, venue=ETORO)
2026-06-11T20:05:49.632697173Z [INFO] eToro-Momentum-LS.MLS_FlashCrashReversalStrategy_POWL.ETORO_184: RUNNING
2026-06-11T20:05:49.632699698Z [DEBUG] eToro-Momentum-LS.MLS_FlashCrashReversalStrategy_POWL.ETORO_185: STARTING
2026-06-11T20:05:49.632700008Z [INFO] eToro-Momentum-LS.MLS_FlashCrashReversalStrategy_POWL.ETORO_185: self.config.oms_type=None
2026-06-11T20:05:49.632700269Z [INFO] eToro-Momentum-LS.MLS_FlashCrashReversalStrategy_POWL.ETORO_185: self.config.external_order_claims=None
2026-06-11T20:05:49.632700419Z [INFO] eToro-Momentum-LS.MLS_FlashCrashReversalStrategy_POWL.ETORO_185: self.config.manage_gtd_expiry=False
2026-06-11T20:05:49.632701351Z [INFO] eToro-Momentum-LS.MLS_FlashCrashReversalStrategy_POWL.ETORO_185: Set ClientOrderIdGenerator client_order_id count to 0
2026-06-11T20:05:49.632701581Z [INFO] eToro-Momentum-LS.MLS_FlashCrashReversalStrategy_POWL.ETORO_185: Set ClientOrderIdGenerator order_list_id count to 0
2026-06-11T20:05:49.632703615Z [INFO] eToro-Momentum-LS.MLS_FlashCrashReversalStrategy_POWL.ETORO_185: Starte Flash Crash Reversal auf POWL.ETORO
2026-06-11T20:05:49.632719525Z [DEBUG] eToro-Momentum-LS.MessageBus: Added Subscription(topic=data.bars.POWL.ETORO-1-HOUR-MID-INTERNAL, handler=<bound method Actor.handle_bar of FlashCrashReversalStrategy(MLS_FlashCrashReversalStrategy_POWL.ETORO_185-185)>, priority=0)
2026-06-11T20:05:49.632722210Z [INFO] eToro-Momentum-LS.MLS_FlashCrashReversalStrategy_POWL.ETORO_185: [CMD]--> SubscribeBars(bar_type=POWL.ETORO-1-HOUR-MID-INTERNAL, client_id=None, venue=ETORO)
2026-06-11T20:05:49.632742908Z [INFO] eToro-Momentum-LS.MLS_FlashCrashReversalStrategy_POWL.ETORO_185: RUNNING
2026-06-11T20:05:49.632746044Z [DEBUG] eToro-Momentum-LS.MLS_FlashCrashReversalStrategy_POWL.ETORO_186: STARTING
2026-06-11T20:05:49.632750112Z [INFO] eToro-Momentum-LS.MLS_FlashCrashReversalStrategy_POWL.ETORO_186: self.config.oms_type=None
2026-06-11T20:05:49.632750382Z [INFO] eToro-Momentum-LS.MLS_FlashCrashReversalStrategy_POWL.ETORO_186: self.config.external_order_claims=None
2026-06-11T20:05:49.632750723Z [INFO] eToro-Momentum-LS.MLS_FlashCrashReversalStrategy_POWL.ETORO_186: self.config.manage_gtd_expiry=False
2026-06-11T20:05:49.632753649Z [INFO] eToro-Momentum-LS.MLS_FlashCrashReversalStrategy_POWL.ETORO_186: Set ClientOrderIdGenerator client_order_id count to 0
2026-06-11T20:05:49.632753859Z [INFO] eToro-Momentum-LS.MLS_FlashCrashReversalStrategy_POWL.ETORO_186: Set ClientOrderIdGenerator order_list_id count to 0
2026-06-11T20:05:49.632755101Z [INFO] eToro-Momentum-LS.MLS_FlashCrashReversalStrategy_POWL.ETORO_186: Starte Flash Crash Reversal auf POWL.ETORO
2026-06-11T20:05:49.632762826Z [DEBUG] eToro-Momentum-LS.MessageBus: Added Subscription(topic=data.bars.POWL.ETORO-1-HOUR-MID-INTERNAL, handler=<bound method Actor.handle_bar of FlashCrashReversalStrategy(MLS_FlashCrashReversalStrategy_POWL.ETORO_186-186)>, priority=0)
2026-06-11T20:05:49.632765751Z [INFO] eToro-Momentum-LS.MLS_FlashCrashReversalStrategy_POWL.ETORO_186: [CMD]--> SubscribeBars(bar_type=POWL.ETORO-1-HOUR-MID-INTERNAL, client_id=None, venue=ETORO)
2026-06-11T20:05:49.632783715Z [INFO] eToro-Momentum-LS.MLS_FlashCrashReversalStrategy_POWL.ETORO_186: RUNNING
2026-06-11T20:05:49.632787382Z [DEBUG] eToro-Momentum-LS.MLS_FlashCrashReversalStrategy_POWL.ETORO_187: STARTING
2026-06-11T20:05:49.632787712Z [INFO] eToro-Momentum-LS.MLS_FlashCrashReversalStrategy_POWL.ETORO_187: self.config.oms_type=None
2026-06-11T20:05:49.632787892Z [INFO] eToro-Momentum-LS.MLS_FlashCrashReversalStrategy_POWL.ETORO_187: self.config.external_order_claims=None
2026-06-11T20:05:49.632788043Z [INFO] eToro-Momentum-LS.MLS_FlashCrashReversalStrategy_POWL.ETORO_187: self.config.manage_gtd_expiry=False
2026-06-11T20:05:49.632788754Z [INFO] eToro-Momentum-LS.MLS_FlashCrashReversalStrategy_POWL.ETORO_187: Set ClientOrderIdGenerator client_order_id count to 0
2026-06-11T20:05:49.632788985Z [INFO] eToro-Momentum-LS.MLS_FlashCrashReversalStrategy_POWL.ETORO_187: Set ClientOrderIdGenerator order_list_id count to 0
2026-06-11T20:05:49.632791219Z [INFO] eToro-Momentum-LS.MLS_FlashCrashReversalStrategy_POWL.ETORO_187: Starte Flash Crash Reversal auf POWL.ETORO
2026-06-11T20:05:49.632811096Z [DEBUG] eToro-Momentum-LS.MessageBus: Added Subscription(topic=data.bars.POWL.ETORO-1-HOUR-MID-INTERNAL, handler=<bound method Actor.handle_bar of FlashCrashReversalStrategy(MLS_FlashCrashReversalStrategy_POWL.ETORO_187-187)>, priority=0)
2026-06-11T20:05:49.632813881Z [INFO] eToro-Momentum-LS.MLS_FlashCrashReversalStrategy_POWL.ETORO_187: [CMD]--> SubscribeBars(bar_type=POWL.ETORO-1-HOUR-MID-INTERNAL, client_id=None, venue=ETORO)
2026-06-11T20:05:49.632837926Z [INFO] eToro-Momentum-LS.MLS_FlashCrashReversalStrategy_POWL.ETORO_187: RUNNING
2026-06-11T20:05:49.632840611Z [DEBUG] eToro-Momentum-LS.MLS_FlashCrashReversalStrategy_POWL.ETORO_188: STARTING
2026-06-11T20:05:49.632841072Z [INFO] eToro-Momentum-LS.MLS_FlashCrashReversalStrategy_POWL.ETORO_188: self.config.oms_type=None
2026-06-11T20:05:49.632841252Z [INFO] eToro-Momentum-LS.MLS_FlashCrashReversalStrategy_POWL.ETORO_188: self.config.external_order_claims=None
2026-06-11T20:05:49.632841412Z [INFO] eToro-Momentum-LS.MLS_FlashCrashReversalStrategy_POWL.ETORO_188: self.config.manage_gtd_expiry=False
2026-06-11T20:05:49.632842294Z [INFO] eToro-Momentum-LS.MLS_FlashCrashReversalStrategy_POWL.ETORO_188: Set ClientOrderIdGenerator client_order_id count to 0
2026-06-11T20:05:49.632842524Z [INFO] eToro-Momentum-LS.MLS_FlashCrashReversalStrategy_POWL.ETORO_188: Set ClientOrderIdGenerator order_list_id count to 0
2026-06-11T20:05:49.632847594Z [INFO] eToro-Momentum-LS.MLS_FlashCrashReversalStrategy_POWL.ETORO_188: Starte Flash Crash Reversal auf POWL.ETORO
2026-06-11T20:05:49.632856150Z [DEBUG] eToro-Momentum-LS.MessageBus: Added Subscription(topic=data.bars.POWL.ETORO-1-HOUR-MID-INTERNAL, handler=<bound method Actor.handle_bar of FlashCrashReversalStrategy(MLS_FlashCrashReversalStrategy_POWL.ETORO_188-188)>, priority=0)
2026-06-11T20:05:49.632859105Z [INFO] eToro-Momentum-LS.MLS_FlashCrashReversalStrategy_POWL.ETORO_188: [CMD]--> SubscribeBars(bar_type=POWL.ETORO-1-HOUR-MID-INTERNAL, client_id=None, venue=ETORO)
2026-06-11T20:05:49.632882128Z [INFO] eToro-Momentum-LS.MLS_FlashCrashReversalStrategy_POWL.ETORO_188: RUNNING
2026-06-11T20:05:49.632884483Z [DEBUG] eToro-Momentum-LS.MLS_FlashCrashReversalStrategy_POWL.ETORO_189: STARTING
2026-06-11T20:05:49.632884723Z [INFO] eToro-Momentum-LS.MLS_FlashCrashReversalStrategy_POWL.ETORO_189: self.config.oms_type=None
2026-06-11T20:05:49.632884904Z [INFO] eToro-Momentum-LS.MLS_FlashCrashReversalStrategy_POWL.ETORO_189: self.config.external_order_claims=None
2026-06-11T20:05:49.632885064Z [INFO] eToro-Momentum-LS.MLS_FlashCrashReversalStrategy_POWL.ETORO_189: self.config.manage_gtd_expiry=False
2026-06-11T20:05:49.632885785Z [INFO] eToro-Momentum-LS.MLS_FlashCrashReversalStrategy_POWL.ETORO_189: Set ClientOrderIdGenerator client_order_id count to 0
2026-06-11T20:05:49.632887118Z [INFO] eToro-Momentum-LS.MLS_FlashCrashReversalStrategy_POWL.ETORO_189: Set ClientOrderIdGenerator order_list_id count to 0
2026-06-11T20:05:49.632889282Z [INFO] eToro-Momentum-LS.MLS_FlashCrashReversalStrategy_POWL.ETORO_189: Starte Flash Crash Reversal auf POWL.ETORO
2026-06-11T20:05:49.632897607Z [DEBUG] eToro-Momentum-LS.MessageBus: Added Subscription(topic=data.bars.POWL.ETORO-1-HOUR-MID-INTERNAL, handler=<bound method Actor.handle_bar of FlashCrashReversalStrategy(MLS_FlashCrashReversalStrategy_POWL.ETORO_189-189)>, priority=0)
2026-06-11T20:05:49.632901465Z [INFO] eToro-Momentum-LS.MLS_FlashCrashReversalStrategy_POWL.ETORO_189: [CMD]--> SubscribeBars(bar_type=POWL.ETORO-1-HOUR-MID-INTERNAL, client_id=None, venue=ETORO)
2026-06-11T20:05:49.632927573Z [INFO] eToro-Momentum-LS.MLS_FlashCrashReversalStrategy_POWL.ETORO_189: RUNNING
2026-06-11T20:05:49.632930779Z [DEBUG] eToro-Momentum-LS.MLS_FlashCrashReversalStrategy_POWL.ETORO_190: STARTING
2026-06-11T20:05:49.632931320Z [INFO] eToro-Momentum-LS.MLS_FlashCrashReversalStrategy_POWL.ETORO_190: self.config.oms_type=None
2026-06-11T20:05:49.632931601Z [INFO] eToro-Momentum-LS.MLS_FlashCrashReversalStrategy_POWL.ETORO_190: self.config.external_order_claims=None
2026-06-11T20:05:49.632931821Z [INFO] eToro-Momentum-LS.MLS_FlashCrashReversalStrategy_POWL.ETORO_190: self.config.manage_gtd_expiry=False
2026-06-11T20:05:49.632932793Z [INFO] eToro-Momentum-LS.MLS_FlashCrashReversalStrategy_POWL.ETORO_190: Set ClientOrderIdGenerator client_order_id count to 0
2026-06-11T20:05:49.632933074Z [INFO] eToro-Momentum-LS.MLS_FlashCrashReversalStrategy_POWL.ETORO_190: Set ClientOrderIdGenerator order_list_id count to 0
2026-06-11T20:05:49.632935228Z [INFO] eToro-Momentum-LS.MLS_FlashCrashReversalStrategy_POWL.ETORO_190: Starte Flash Crash Reversal auf POWL.ETORO
2026-06-11T20:05:49.632947320Z [DEBUG] eToro-Momentum-LS.MessageBus: Added Subscription(topic=data.bars.POWL.ETORO-1-HOUR-MID-INTERNAL, handler=<bound method Actor.handle_bar of FlashCrashReversalStrategy(MLS_FlashCrashReversalStrategy_POWL.ETORO_190-190)>, priority=0)
2026-06-11T20:05:49.632950165Z [INFO] eToro-Momentum-LS.MLS_FlashCrashReversalStrategy_POWL.ETORO_190: [CMD]--> SubscribeBars(bar_type=POWL.ETORO-1-HOUR-MID-INTERNAL, client_id=None, venue=ETORO)
2026-06-11T20:05:49.632971265Z [INFO] eToro-Momentum-LS.MLS_FlashCrashReversalStrategy_POWL.ETORO_190: RUNNING
2026-06-11T20:05:49.632973629Z [DEBUG] eToro-Momentum-LS.MLS_FlashCrashReversalStrategy_PBR.ETORO_191: STARTING
2026-06-11T20:05:49.632974100Z [INFO] eToro-Momentum-LS.MLS_FlashCrashReversalStrategy_PBR.ETORO_191: self.config.oms_type=None
2026-06-11T20:05:49.632974290Z [INFO] eToro-Momentum-LS.MLS_FlashCrashReversalStrategy_PBR.ETORO_191: self.config.external_order_claims=None
2026-06-11T20:05:49.632974531Z [INFO] eToro-Momentum-LS.MLS_FlashCrashReversalStrategy_PBR.ETORO_191: self.config.manage_gtd_expiry=False
2026-06-11T20:05:49.632975162Z [INFO] eToro-Momentum-LS.MLS_FlashCrashReversalStrategy_PBR.ETORO_191: Set ClientOrderIdGenerator client_order_id count to 0
2026-06-11T20:05:49.632975393Z [INFO] eToro-Momentum-LS.MLS_FlashCrashReversalStrategy_PBR.ETORO_191: Set ClientOrderIdGenerator order_list_id count to 0
2026-06-11T20:05:49.632976965Z [INFO] eToro-Momentum-LS.MLS_FlashCrashReversalStrategy_PBR.ETORO_191: Starte Flash Crash Reversal auf PBR.ETORO
2026-06-11T20:05:49.632988848Z [DEBUG] eToro-Momentum-LS.MessageBus: Added Subscription(topic=data.bars.PBR.ETORO-1-HOUR-MID-INTERNAL, handler=<bound method Actor.handle_bar of FlashCrashReversalStrategy(MLS_FlashCrashReversalStrategy_PBR.ETORO_191-191)>, priority=0)
2026-06-11T20:05:49.632992304Z [INFO] eToro-Momentum-LS.MLS_FlashCrashReversalStrategy_PBR.ETORO_191: [CMD]--> SubscribeBars(bar_type=PBR.ETORO-1-HOUR-MID-INTERNAL, client_id=None, venue=ETORO)
2026-06-11T20:05:49.633011951Z [INFO] eToro-Momentum-LS.MLS_FlashCrashReversalStrategy_PBR.ETORO_191: RUNNING
2026-06-11T20:05:49.633014966Z [DEBUG] eToro-Momentum-LS.MLS_FlashCrashReversalStrategy_PBR.ETORO_192: STARTING
2026-06-11T20:05:49.633015317Z [INFO] eToro-Momentum-LS.MLS_FlashCrashReversalStrategy_PBR.ETORO_192: self.config.oms_type=None
2026-06-11T20:05:49.633015507Z [INFO] eToro-Momentum-LS.MLS_FlashCrashReversalStrategy_PBR.ETORO_192: self.config.external_order_claims=None
2026-06-11T20:05:49.633015838Z [INFO] eToro-Momentum-LS.MLS_FlashCrashReversalStrategy_PBR.ETORO_192: self.config.manage_gtd_expiry=False
2026-06-11T20:05:49.633016539Z [INFO] eToro-Momentum-LS.MLS_FlashCrashReversalStrategy_PBR.ETORO_192: Set ClientOrderIdGenerator client_order_id count to 0
2026-06-11T20:05:49.633016730Z [INFO] eToro-Momentum-LS.MLS_FlashCrashReversalStrategy_PBR.ETORO_192: Set ClientOrderIdGenerator order_list_id count to 0
2026-06-11T20:05:49.633019775Z [INFO] eToro-Momentum-LS.MLS_FlashCrashReversalStrategy_PBR.ETORO_192: Starte Flash Crash Reversal auf PBR.ETORO
2026-06-11T20:05:49.633028271Z [DEBUG] eToro-Momentum-LS.MessageBus: Added Subscription(topic=data.bars.PBR.ETORO-1-HOUR-MID-INTERNAL, handler=<bound method Actor.handle_bar of FlashCrashReversalStrategy(MLS_FlashCrashReversalStrategy_PBR.ETORO_192-192)>, priority=0)
2026-06-11T20:05:49.633030956Z [INFO] eToro-Momentum-LS.MLS_FlashCrashReversalStrategy_PBR.ETORO_192: [CMD]--> SubscribeBars(bar_type=PBR.ETORO-1-HOUR-MID-INTERNAL, client_id=None, venue=ETORO)
2026-06-11T20:05:49.633052286Z [INFO] eToro-Momentum-LS.MLS_FlashCrashReversalStrategy_PBR.ETORO_192: RUNNING
2026-06-11T20:05:49.633054961Z [DEBUG] eToro-Momentum-LS.MLS_FlashCrashReversalStrategy_PBR.ETORO_193: STARTING
2026-06-11T20:05:49.633055422Z [INFO] eToro-Momentum-LS.MLS_FlashCrashReversalStrategy_PBR.ETORO_193: self.config.oms_type=None
2026-06-11T20:05:49.633055733Z [INFO] eToro-Momentum-LS.MLS_FlashCrashReversalStrategy_PBR.ETORO_193: self.config.external_order_claims=None
2026-06-11T20:05:49.633055883Z [INFO] eToro-Momentum-LS.MLS_FlashCrashReversalStrategy_PBR.ETORO_193: self.config.manage_gtd_expiry=False
2026-06-11T20:05:49.633056484Z [INFO] eToro-Momentum-LS.MLS_FlashCrashReversalStrategy_PBR.ETORO_193: Set ClientOrderIdGenerator client_order_id count to 0
2026-06-11T20:05:49.633056634Z [INFO] eToro-Momentum-LS.MLS_FlashCrashReversalStrategy_PBR.ETORO_193: Set ClientOrderIdGenerator order_list_id count to 0
2026-06-11T20:05:49.633058698Z [INFO] eToro-Momentum-LS.MLS_FlashCrashReversalStrategy_PBR.ETORO_193: Starte Flash Crash Reversal auf PBR.ETORO
2026-06-11T20:05:49.633069578Z [DEBUG] eToro-Momentum-LS.MessageBus: Added Subscription(topic=data.bars.PBR.ETORO-1-HOUR-MID-INTERNAL, handler=<bound method Actor.handle_bar of FlashCrashReversalStrategy(MLS_FlashCrashReversalStrategy_PBR.ETORO_193-193)>, priority=0)
2026-06-11T20:05:49.633072544Z [INFO] eToro-Momentum-LS.MLS_FlashCrashReversalStrategy_PBR.ETORO_193: [CMD]--> SubscribeBars(bar_type=PBR.ETORO-1-HOUR-MID-INTERNAL, client_id=None, venue=ETORO)
2026-06-11T20:05:49.633095557Z [INFO] eToro-Momentum-LS.MLS_FlashCrashReversalStrategy_PBR.ETORO_193: RUNNING
2026-06-11T20:05:49.633097681Z [DEBUG] eToro-Momentum-LS.MLS_FlashCrashReversalStrategy_PBR.ETORO_194: STARTING
2026-06-11T20:05:49.633098172Z [INFO] eToro-Momentum-LS.MLS_FlashCrashReversalStrategy_PBR.ETORO_194: self.config.oms_type=None
2026-06-11T20:05:49.633098362Z [INFO] eToro-Momentum-LS.MLS_FlashCrashReversalStrategy_PBR.ETORO_194: self.config.external_order_claims=None
2026-06-11T20:05:49.633098542Z [INFO] eToro-Momentum-LS.MLS_FlashCrashReversalStrategy_PBR.ETORO_194: self.config.manage_gtd_expiry=False
2026-06-11T20:05:49.633099174Z [INFO] eToro-Momentum-LS.MLS_FlashCrashReversalStrategy_PBR.ETORO_194: Set ClientOrderIdGenerator client_order_id count to 0
2026-06-11T20:05:49.633099384Z [INFO] eToro-Momentum-LS.MLS_FlashCrashReversalStrategy_PBR.ETORO_194: Set ClientOrderIdGenerator order_list_id count to 0
2026-06-11T20:05:49.633101358Z [INFO] eToro-Momentum-LS.MLS_FlashCrashReversalStrategy_PBR.ETORO_194: Starte Flash Crash Reversal auf PBR.ETORO
2026-06-11T20:05:49.633109723Z [DEBUG] eToro-Momentum-LS.MessageBus: Added Subscription(topic=data.bars.PBR.ETORO-1-HOUR-MID-INTERNAL, handler=<bound method Actor.handle_bar of FlashCrashReversalStrategy(MLS_FlashCrashReversalStrategy_PBR.ETORO_194-194)>, priority=0)
2026-06-11T20:05:49.633112519Z [INFO] eToro-Momentum-LS.MLS_FlashCrashReversalStrategy_PBR.ETORO_194: [CMD]--> SubscribeBars(bar_type=PBR.ETORO-1-HOUR-MID-INTERNAL, client_id=None, venue=ETORO)
2026-06-11T20:05:49.633135461Z [INFO] eToro-Momentum-LS.MLS_FlashCrashReversalStrategy_PBR.ETORO_194: RUNNING
2026-06-11T20:05:49.633138006Z [DEBUG] eToro-Momentum-LS.MLS_FlashCrashReversalStrategy_PBR.ETORO_195: STARTING
2026-06-11T20:05:49.633138407Z [INFO] eToro-Momentum-LS.MLS_FlashCrashReversalStrategy_PBR.ETORO_195: self.config.oms_type=None
2026-06-11T20:05:49.633138577Z [INFO] eToro-Momentum-LS.MLS_FlashCrashReversalStrategy_PBR.ETORO_195: self.config.external_order_claims=None
2026-06-11T20:05:49.633138747Z [INFO] eToro-Momentum-LS.MLS_FlashCrashReversalStrategy_PBR.ETORO_195: self.config.manage_gtd_expiry=False
2026-06-11T20:05:49.633139749Z [INFO] eToro-Momentum-LS.MLS_FlashCrashReversalStrategy_PBR.ETORO_195: Set ClientOrderIdGenerator client_order_id count to 0
2026-06-11T20:05:49.633139900Z [INFO] eToro-Momentum-LS.MLS_FlashCrashReversalStrategy_PBR.ETORO_195: Set ClientOrderIdGenerator order_list_id count to 0
2026-06-11T20:05:49.633141823Z [INFO] eToro-Momentum-LS.MLS_FlashCrashReversalStrategy_PBR.ETORO_195: Starte Flash Crash Reversal auf PBR.ETORO
2026-06-11T20:05:49.633150119Z [DEBUG] eToro-Momentum-LS.MessageBus: Added Subscription(topic=data.bars.PBR.ETORO-1-HOUR-MID-INTERNAL, handler=<bound method Actor.handle_bar of FlashCrashReversalStrategy(MLS_FlashCrashReversalStrategy_PBR.ETORO_195-195)>, priority=0)
2026-06-11T20:05:49.633153956Z [INFO] eToro-Momentum-LS.MLS_FlashCrashReversalStrategy_PBR.ETORO_195: [CMD]--> SubscribeBars(bar_type=PBR.ETORO-1-HOUR-MID-INTERNAL, client_id=None, venue=ETORO)
2026-06-11T20:05:49.633173873Z [INFO] eToro-Momentum-LS.MLS_FlashCrashReversalStrategy_PBR.ETORO_195: RUNNING
2026-06-11T20:05:49.633176538Z [DEBUG] eToro-Momentum-LS.MLS_FlashCrashReversalStrategy_PINS.ETORO_196: STARTING
2026-06-11T20:05:49.633176939Z [INFO] eToro-Momentum-LS.MLS_FlashCrashReversalStrategy_PINS.ETORO_196: self.config.oms_type=None
2026-06-11T20:05:49.633177119Z [INFO] eToro-Momentum-LS.MLS_FlashCrashReversalStrategy_PINS.ETORO_196: self.config.external_order_claims=None
2026-06-11T20:05:49.633177279Z [INFO] eToro-Momentum-LS.MLS_FlashCrashReversalStrategy_PINS.ETORO_196: self.config.manage_gtd_expiry=False
2026-06-11T20:05:49.633177921Z [INFO] eToro-Momentum-LS.MLS_FlashCrashReversalStrategy_PINS.ETORO_196: Set ClientOrderIdGenerator client_order_id count to 0
2026-06-11T20:05:49.633178131Z [INFO] eToro-Momentum-LS.MLS_FlashCrashReversalStrategy_PINS.ETORO_196: Set ClientOrderIdGenerator order_list_id count to 0
2026-06-11T20:05:49.633179624Z [INFO] eToro-Momentum-LS.MLS_FlashCrashReversalStrategy_PINS.ETORO_196: Starte Flash Crash Reversal auf PINS.ETORO
2026-06-11T20:05:49.633190765Z [DEBUG] eToro-Momentum-LS.MessageBus: Added Subscription(topic=data.bars.PINS.ETORO-1-HOUR-MID-INTERNAL, handler=<bound method Actor.handle_bar of FlashCrashReversalStrategy(MLS_FlashCrashReversalStrategy_PINS.ETORO_196-196)>, priority=0)
2026-06-11T20:05:49.633194411Z [INFO] eToro-Momentum-LS.MLS_FlashCrashReversalStrategy_PINS.ETORO_196: [CMD]--> SubscribeBars(bar_type=PINS.ETORO-1-HOUR-MID-INTERNAL, client_id=None, venue=ETORO)
2026-06-11T20:05:49.633214369Z [INFO] eToro-Momentum-LS.MLS_FlashCrashReversalStrategy_PINS.ETORO_196: RUNNING
2026-06-11T20:05:49.633216763Z [DEBUG] eToro-Momentum-LS.MLS_FlashCrashReversalStrategy_PINS.ETORO_197: STARTING
2026-06-11T20:05:49.633217174Z [INFO] eToro-Momentum-LS.MLS_FlashCrashReversalStrategy_PINS.ETORO_197: self.config.oms_type=None
2026-06-11T20:05:49.633217484Z [INFO] eToro-Momentum-LS.MLS_FlashCrashReversalStrategy_PINS.ETORO_197: self.config.external_order_claims=None
2026-06-11T20:05:49.633217625Z [INFO] eToro-Momentum-LS.MLS_FlashCrashReversalStrategy_PINS.ETORO_197: self.config.manage_gtd_expiry=False
2026-06-11T20:05:49.633218236Z [INFO] eToro-Momentum-LS.MLS_FlashCrashReversalStrategy_PINS.ETORO_197: Set ClientOrderIdGenerator client_order_id count to 0
2026-06-11T20:05:49.633218406Z [INFO] eToro-Momentum-LS.MLS_FlashCrashReversalStrategy_PINS.ETORO_197: Set ClientOrderIdGenerator order_list_id count to 0
2026-06-11T20:05:49.633223446Z [INFO] eToro-Momentum-LS.MLS_FlashCrashReversalStrategy_PINS.ETORO_197: Starte Flash Crash Reversal auf PINS.ETORO
2026-06-11T20:05:49.633237893Z [DEBUG] eToro-Momentum-LS.MessageBus: Added Subscription(topic=data.bars.PINS.ETORO-1-HOUR-MID-INTERNAL, handler=<bound method Actor.handle_bar of FlashCrashReversalStrategy(MLS_FlashCrashReversalStrategy_PINS.ETORO_197-197)>, priority=0)
2026-06-11T20:05:49.633241900Z [INFO] eToro-Momentum-LS.MLS_FlashCrashReversalStrategy_PINS.ETORO_197: [CMD]--> SubscribeBars(bar_type=PINS.ETORO-1-HOUR-MID-INTERNAL, client_id=None, venue=ETORO)
2026-06-11T20:05:49.633266366Z [INFO] eToro-Momentum-LS.MLS_FlashCrashReversalStrategy_PINS.ETORO_197: RUNNING
2026-06-11T20:05:49.633270183Z [DEBUG] eToro-Momentum-LS.MLS_FlashCrashReversalStrategy_PINS.ETORO_198: STARTING
2026-06-11T20:05:49.633270774Z [INFO] eToro-Momentum-LS.MLS_FlashCrashReversalStrategy_PINS.ETORO_198: self.config.oms_type=None
2026-06-11T20:05:49.633270964Z [INFO] eToro-Momentum-LS.MLS_FlashCrashReversalStrategy_PINS.ETORO_198: self.config.external_order_claims=None
2026-06-11T20:05:49.633271135Z [INFO] eToro-Momentum-LS.MLS_FlashCrashReversalStrategy_PINS.ETORO_198: self.config.manage_gtd_expiry=False
2026-06-11T20:05:49.633271696Z [INFO] eToro-Momentum-LS.MLS_FlashCrashReversalStrategy_PINS.ETORO_198: Set ClientOrderIdGenerator client_order_id count to 0
2026-06-11T20:05:49.633272056Z [INFO] eToro-Momentum-LS.MLS_FlashCrashReversalStrategy_PINS.ETORO_198: Set ClientOrderIdGenerator order_list_id count to 0
2026-06-11T20:05:49.633273068Z [INFO] eToro-Momentum-LS.MLS_FlashCrashReversalStrategy_PINS.ETORO_198: Starte Flash Crash Reversal auf PINS.ETORO
2026-06-11T20:05:49.633282516Z [DEBUG] eToro-Momentum-LS.MessageBus: Added Subscription(topic=data.bars.PINS.ETORO-1-HOUR-MID-INTERNAL, handler=<bound method Actor.handle_bar of FlashCrashReversalStrategy(MLS_FlashCrashReversalStrategy_PINS.ETORO_198-198)>, priority=0)
2026-06-11T20:05:49.633287185Z [INFO] eToro-Momentum-LS.MLS_FlashCrashReversalStrategy_PINS.ETORO_198: [CMD]--> SubscribeBars(bar_type=PINS.ETORO-1-HOUR-MID-INTERNAL, client_id=None, venue=ETORO)
2026-06-11T20:05:49.633306881Z [INFO] eToro-Momentum-LS.MLS_FlashCrashReversalStrategy_PINS.ETORO_198: RUNNING
2026-06-11T20:05:49.633309055Z [DEBUG] eToro-Momentum-LS.MLS_FlashCrashReversalStrategy_PINS.ETORO_199: STARTING
2026-06-11T20:05:49.633309396Z [INFO] eToro-Momentum-LS.MLS_FlashCrashReversalStrategy_PINS.ETORO_199: self.config.oms_type=None
2026-06-11T20:05:49.633309576Z [INFO] eToro-Momentum-LS.MLS_FlashCrashReversalStrategy_PINS.ETORO_199: self.config.external_order_claims=None
2026-06-11T20:05:49.633309737Z [INFO] eToro-Momentum-LS.MLS_FlashCrashReversalStrategy_PINS.ETORO_199: self.config.manage_gtd_expiry=False
2026-06-11T20:05:49.633310268Z [INFO] eToro-Momentum-LS.MLS_FlashCrashReversalStrategy_PINS.ETORO_199: Set ClientOrderIdGenerator client_order_id count to 0
2026-06-11T20:05:49.633310408Z [INFO] eToro-Momentum-LS.MLS_FlashCrashReversalStrategy_PINS.ETORO_199: Set ClientOrderIdGenerator order_list_id count to 0
2026-06-11T20:05:49.633311750Z [INFO] eToro-Momentum-LS.MLS_FlashCrashReversalStrategy_PINS.ETORO_199: Starte Flash Crash Reversal auf PINS.ETORO
2026-06-11T20:05:49.633321579Z [DEBUG] eToro-Momentum-LS.MessageBus: Added Subscription(topic=data.bars.PINS.ETORO-1-HOUR-MID-INTERNAL, handler=<bound method Actor.handle_bar of FlashCrashReversalStrategy(MLS_FlashCrashReversalStrategy_PINS.ETORO_199-199)>, priority=0)
2026-06-11T20:05:49.633324995Z [INFO] eToro-Momentum-LS.MLS_FlashCrashReversalStrategy_PINS.ETORO_199: [CMD]--> SubscribeBars(bar_type=PINS.ETORO-1-HOUR-MID-INTERNAL, client_id=None, venue=ETORO)
2026-06-11T20:05:49.633344862Z [INFO] eToro-Momentum-LS.MLS_FlashCrashReversalStrategy_PINS.ETORO_199: RUNNING
2026-06-11T20:05:49.633347056Z [DEBUG] eToro-Momentum-LS.MLS_FlashCrashReversalStrategy_PINS.ETORO_200: STARTING
2026-06-11T20:05:49.633347377Z [INFO] eToro-Momentum-LS.MLS_FlashCrashReversalStrategy_PINS.ETORO_200: self.config.oms_type=None
2026-06-11T20:05:49.633347557Z [INFO] eToro-Momentum-LS.MLS_FlashCrashReversalStrategy_PINS.ETORO_200: self.config.external_order_claims=None
2026-06-11T20:05:49.633347898Z [INFO] eToro-Momentum-LS.MLS_FlashCrashReversalStrategy_PINS.ETORO_200: self.config.manage_gtd_expiry=False
2026-06-11T20:05:49.633348479Z [INFO] eToro-Momentum-LS.MLS_FlashCrashReversalStrategy_PINS.ETORO_200: Set ClientOrderIdGenerator client_order_id count to 0
2026-06-11T20:05:49.633348699Z [INFO] eToro-Momentum-LS.MLS_FlashCrashReversalStrategy_PINS.ETORO_200: Set ClientOrderIdGenerator order_list_id count to 0
2026-06-11T20:05:49.633350052Z [INFO] eToro-Momentum-LS.MLS_FlashCrashReversalStrategy_PINS.ETORO_200: Starte Flash Crash Reversal auf PINS.ETORO
2026-06-11T20:05:49.633358097Z [DEBUG] eToro-Momentum-LS.MessageBus: Added Subscription(topic=data.bars.PINS.ETORO-1-HOUR-MID-INTERNAL, handler=<bound method Actor.handle_bar of FlashCrashReversalStrategy(MLS_FlashCrashReversalStrategy_PINS.ETORO_200-200)>, priority=0)
2026-06-11T20:05:49.633360752Z [INFO] eToro-Momentum-LS.MLS_FlashCrashReversalStrategy_PINS.ETORO_200: [CMD]--> SubscribeBars(bar_type=PINS.ETORO-1-HOUR-MID-INTERNAL, client_id=None, venue=ETORO)
2026-06-11T20:05:49.633381471Z [INFO] eToro-Momentum-LS.MLS_FlashCrashReversalStrategy_PINS.ETORO_200: RUNNING
2026-06-11T20:05:49.633383895Z [DEBUG] eToro-Momentum-LS.MLS_FlashCrashReversalStrategy_PINS.ETORO_201: STARTING
2026-06-11T20:05:49.633384246Z [INFO] eToro-Momentum-LS.MLS_FlashCrashReversalStrategy_PINS.ETORO_201: self.config.oms_type=None
2026-06-11T20:05:49.633384396Z [INFO] eToro-Momentum-LS.MLS_FlashCrashReversalStrategy_PINS.ETORO_201: self.config.external_order_claims=None
2026-06-11T20:05:49.633384556Z [INFO] eToro-Momentum-LS.MLS_FlashCrashReversalStrategy_PINS.ETORO_201: self.config.manage_gtd_expiry=False
2026-06-11T20:05:49.633385198Z [INFO] eToro-Momentum-LS.MLS_FlashCrashReversalStrategy_PINS.ETORO_201: Set ClientOrderIdGenerator client_order_id count to 0
2026-06-11T20:05:49.633385348Z [INFO] eToro-Momentum-LS.MLS_FlashCrashReversalStrategy_PINS.ETORO_201: Set ClientOrderIdGenerator order_list_id count to 0
2026-06-11T20:05:49.633386189Z [INFO] eToro-Momentum-LS.MLS_FlashCrashReversalStrategy_PINS.ETORO_201: Starte Flash Crash Reversal auf PINS.ETORO
2026-06-11T20:05:49.633394224Z [DEBUG] eToro-Momentum-LS.MessageBus: Added Subscription(topic=data.bars.PINS.ETORO-1-HOUR-MID-INTERNAL, handler=<bound method Actor.handle_bar of FlashCrashReversalStrategy(MLS_FlashCrashReversalStrategy_PINS.ETORO_201-201)>, priority=0)
2026-06-11T20:05:49.633397360Z [INFO] eToro-Momentum-LS.MLS_FlashCrashReversalStrategy_PINS.ETORO_201: [CMD]--> SubscribeBars(bar_type=PINS.ETORO-1-HOUR-MID-INTERNAL, client_id=None, venue=ETORO)
2026-06-11T20:05:49.633417488Z [INFO] eToro-Momentum-LS.MLS_FlashCrashReversalStrategy_PINS.ETORO_201: RUNNING
2026-06-11T20:05:49.633420293Z [DEBUG] eToro-Momentum-LS.MLS_FlashCrashReversalStrategy_PINS.ETORO_202: STARTING
2026-06-11T20:05:49.633420704Z [INFO] eToro-Momentum-LS.MLS_FlashCrashReversalStrategy_PINS.ETORO_202: self.config.oms_type=None
2026-06-11T20:05:49.633420864Z [INFO] eToro-Momentum-LS.MLS_FlashCrashReversalStrategy_PINS.ETORO_202: self.config.external_order_claims=None
2026-06-11T20:05:49.633421004Z [INFO] eToro-Momentum-LS.MLS_FlashCrashReversalStrategy_PINS.ETORO_202: self.config.manage_gtd_expiry=False
2026-06-11T20:05:49.633421656Z [INFO] eToro-Momentum-LS.MLS_FlashCrashReversalStrategy_PINS.ETORO_202: Set ClientOrderIdGenerator client_order_id count to 0
2026-06-11T20:05:49.633421866Z [INFO] eToro-Momentum-LS.MLS_FlashCrashReversalStrategy_PINS.ETORO_202: Set ClientOrderIdGenerator order_list_id count to 0
2026-06-11T20:05:49.633423850Z [INFO] eToro-Momentum-LS.MLS_FlashCrashReversalStrategy_PINS.ETORO_202: Starte Flash Crash Reversal auf PINS.ETORO
2026-06-11T20:05:49.633433147Z [DEBUG] eToro-Momentum-LS.MessageBus: Added Subscription(topic=data.bars.PINS.ETORO-1-HOUR-MID-INTERNAL, handler=<bound method Actor.handle_bar of FlashCrashReversalStrategy(MLS_FlashCrashReversalStrategy_PINS.ETORO_202-202)>, priority=0)
2026-06-11T20:05:49.633435672Z [INFO] eToro-Momentum-LS.MLS_FlashCrashReversalStrategy_PINS.ETORO_202: [CMD]--> SubscribeBars(bar_type=PINS.ETORO-1-HOUR-MID-INTERNAL, client_id=None, venue=ETORO)
2026-06-11T20:05:49.633454998Z [INFO] eToro-Momentum-LS.MLS_FlashCrashReversalStrategy_PINS.ETORO_202: RUNNING
2026-06-11T20:05:49.633457803Z [DEBUG] eToro-Momentum-LS.MLS_FlashCrashReversalStrategy_PINS.ETORO_203: STARTING
2026-06-11T20:05:49.633458104Z [INFO] eToro-Momentum-LS.MLS_FlashCrashReversalStrategy_PINS.ETORO_203: self.config.oms_type=None
2026-06-11T20:05:49.633458264Z [INFO] eToro-Momentum-LS.MLS_FlashCrashReversalStrategy_PINS.ETORO_203: self.config.external_order_claims=None
2026-06-11T20:05:49.633458414Z [INFO] eToro-Momentum-LS.MLS_FlashCrashReversalStrategy_PINS.ETORO_203: self.config.manage_gtd_expiry=False
2026-06-11T20:05:49.633459146Z [INFO] eToro-Momentum-LS.MLS_FlashCrashReversalStrategy_PINS.ETORO_203: Set ClientOrderIdGenerator client_order_id count to 0
2026-06-11T20:05:49.633459286Z [INFO] eToro-Momentum-LS.MLS_FlashCrashReversalStrategy_PINS.ETORO_203: Set ClientOrderIdGenerator order_list_id count to 0
2026-06-11T20:05:49.633460709Z [INFO] eToro-Momentum-LS.MLS_FlashCrashReversalStrategy_PINS.ETORO_203: Starte Flash Crash Reversal auf PINS.ETORO
2026-06-11T20:05:49.633470016Z [DEBUG] eToro-Momentum-LS.MessageBus: Added Subscription(topic=data.bars.PINS.ETORO-1-HOUR-MID-INTERNAL, handler=<bound method Actor.handle_bar of FlashCrashReversalStrategy(MLS_FlashCrashReversalStrategy_PINS.ETORO_203-203)>, priority=0)
2026-06-11T20:05:49.633473903Z [INFO] eToro-Momentum-LS.MLS_FlashCrashReversalStrategy_PINS.ETORO_203: [CMD]--> SubscribeBars(bar_type=PINS.ETORO-1-HOUR-MID-INTERNAL, client_id=None, venue=ETORO)
2026-06-11T20:05:49.633499371Z [INFO] eToro-Momentum-LS.MLS_FlashCrashReversalStrategy_PINS.ETORO_203: RUNNING
2026-06-11T20:05:49.633502577Z [DEBUG] eToro-Momentum-LS.MLS_FlashCrashReversalStrategy_EEFT.ETORO_204: STARTING
2026-06-11T20:05:49.633503078Z [INFO] eToro-Momentum-LS.MLS_FlashCrashReversalStrategy_EEFT.ETORO_204: self.config.oms_type=None
2026-06-11T20:05:49.633503238Z [INFO] eToro-Momentum-LS.MLS_FlashCrashReversalStrategy_EEFT.ETORO_204: self.config.external_order_claims=None
2026-06-11T20:05:49.633503508Z [INFO] eToro-Momentum-LS.MLS_FlashCrashReversalStrategy_EEFT.ETORO_204: self.config.manage_gtd_expiry=False
2026-06-11T20:05:49.633504160Z [INFO] eToro-Momentum-LS.MLS_FlashCrashReversalStrategy_EEFT.ETORO_204: Set ClientOrderIdGenerator client_order_id count to 0
2026-06-11T20:05:49.633504360Z [INFO] eToro-Momentum-LS.MLS_FlashCrashReversalStrategy_EEFT.ETORO_204: Set ClientOrderIdGenerator order_list_id count to 0
2026-06-11T20:05:49.633505592Z [INFO] eToro-Momentum-LS.MLS_FlashCrashReversalStrategy_EEFT.ETORO_204: Starte Flash Crash Reversal auf EEFT.ETORO
2026-06-11T20:05:49.633513627Z [DEBUG] eToro-Momentum-LS.MessageBus: Added Subscription(topic=data.bars.EEFT.ETORO-1-HOUR-MID-INTERNAL, handler=<bound method Actor.handle_bar of FlashCrashReversalStrategy(MLS_FlashCrashReversalStrategy_EEFT.ETORO_204-204)>, priority=0)
2026-06-11T20:05:49.633516803Z [INFO] eToro-Momentum-LS.MLS_FlashCrashReversalStrategy_EEFT.ETORO_204: [CMD]--> SubscribeBars(bar_type=EEFT.ETORO-1-HOUR-MID-INTERNAL, client_id=None, venue=ETORO)
2026-06-11T20:05:49.633537632Z [INFO] eToro-Momentum-LS.MLS_FlashCrashReversalStrategy_EEFT.ETORO_204: RUNNING
2026-06-11T20:05:49.633541269Z [DEBUG] eToro-Momentum-LS.MLS_FlashCrashReversalStrategy_EEFT.ETORO_205: STARTING
2026-06-11T20:05:49.633541509Z [INFO] eToro-Momentum-LS.MLS_FlashCrashReversalStrategy_EEFT.ETORO_205: self.config.oms_type=None
2026-06-11T20:05:49.633541740Z [INFO] eToro-Momentum-LS.MLS_FlashCrashReversalStrategy_EEFT.ETORO_205: self.config.external_order_claims=None
2026-06-11T20:05:49.633541950Z [INFO] eToro-Momentum-LS.MLS_FlashCrashReversalStrategy_EEFT.ETORO_205: self.config.manage_gtd_expiry=False
2026-06-11T20:05:49.633542672Z [INFO] eToro-Momentum-LS.MLS_FlashCrashReversalStrategy_EEFT.ETORO_205: Set ClientOrderIdGenerator client_order_id count to 0
2026-06-11T20:05:49.633542832Z [INFO] eToro-Momentum-LS.MLS_FlashCrashReversalStrategy_EEFT.ETORO_205: Set ClientOrderIdGenerator order_list_id count to 0
2026-06-11T20:05:49.633544715Z [INFO] eToro-Momentum-LS.MLS_FlashCrashReversalStrategy_EEFT.ETORO_205: Starte Flash Crash Reversal auf EEFT.ETORO
2026-06-11T20:05:49.633552089Z [DEBUG] eToro-Momentum-LS.MessageBus: Added Subscription(topic=data.bars.EEFT.ETORO-1-HOUR-MID-INTERNAL, handler=<bound method Actor.handle_bar of FlashCrashReversalStrategy(MLS_FlashCrashReversalStrategy_EEFT.ETORO_205-205)>, priority=0)
2026-06-11T20:05:49.633556167Z [INFO] eToro-Momentum-LS.MLS_FlashCrashReversalStrategy_EEFT.ETORO_205: [CMD]--> SubscribeBars(bar_type=EEFT.ETORO-1-HOUR-MID-INTERNAL, client_id=None, venue=ETORO)
2026-06-11T20:05:49.633579560Z [INFO] eToro-Momentum-LS.MLS_FlashCrashReversalStrategy_EEFT.ETORO_205: RUNNING
2026-06-11T20:05:49.633583197Z [DEBUG] eToro-Momentum-LS.MLS_FlashCrashReversalStrategy_EEFT.ETORO_206: STARTING
2026-06-11T20:05:49.633583668Z [INFO] eToro-Momentum-LS.MLS_FlashCrashReversalStrategy_EEFT.ETORO_206: self.config.oms_type=None
2026-06-11T20:05:49.633583858Z [INFO] eToro-Momentum-LS.MLS_FlashCrashReversalStrategy_EEFT.ETORO_206: self.config.external_order_claims=None
2026-06-11T20:05:49.633584019Z [INFO] eToro-Momentum-LS.MLS_FlashCrashReversalStrategy_EEFT.ETORO_206: self.config.manage_gtd_expiry=False
2026-06-11T20:05:49.633584670Z [INFO] eToro-Momentum-LS.MLS_FlashCrashReversalStrategy_EEFT.ETORO_206: Set ClientOrderIdGenerator client_order_id count to 0
2026-06-11T20:05:49.633584890Z [INFO] eToro-Momentum-LS.MLS_FlashCrashReversalStrategy_EEFT.ETORO_206: Set ClientOrderIdGenerator order_list_id count to 0
2026-06-11T20:05:49.633586513Z [INFO] eToro-Momentum-LS.MLS_FlashCrashReversalStrategy_EEFT.ETORO_206: Starte Flash Crash Reversal auf EEFT.ETORO
2026-06-11T20:05:49.633596242Z [DEBUG] eToro-Momentum-LS.MessageBus: Added Subscription(topic=data.bars.EEFT.ETORO-1-HOUR-MID-INTERNAL, handler=<bound method Actor.handle_bar of FlashCrashReversalStrategy(MLS_FlashCrashReversalStrategy_EEFT.ETORO_206-206)>, priority=0)
2026-06-11T20:05:49.633599878Z [INFO] eToro-Momentum-LS.MLS_FlashCrashReversalStrategy_EEFT.ETORO_206: [CMD]--> SubscribeBars(bar_type=EEFT.ETORO-1-HOUR-MID-INTERNAL, client_id=None, venue=ETORO)
2026-06-11T20:05:49.633621859Z [INFO] eToro-Momentum-LS.MLS_FlashCrashReversalStrategy_EEFT.ETORO_206: RUNNING
2026-06-11T20:05:49.633624124Z [DEBUG] eToro-Momentum-LS.MLS_FlashCrashReversalStrategy_EEFT.ETORO_207: STARTING
2026-06-11T20:05:49.633624434Z [INFO] eToro-Momentum-LS.MLS_FlashCrashReversalStrategy_EEFT.ETORO_207: self.config.oms_type=None
2026-06-11T20:05:49.633624615Z [INFO] eToro-Momentum-LS.MLS_FlashCrashReversalStrategy_EEFT.ETORO_207: self.config.external_order_claims=None
2026-06-11T20:05:49.633624775Z [INFO] eToro-Momentum-LS.MLS_FlashCrashReversalStrategy_EEFT.ETORO_207: self.config.manage_gtd_expiry=False
2026-06-11T20:05:49.633625486Z [INFO] eToro-Momentum-LS.MLS_FlashCrashReversalStrategy_EEFT.ETORO_207: Set ClientOrderIdGenerator client_order_id count to 0
2026-06-11T20:05:49.633625626Z [INFO] eToro-Momentum-LS.MLS_FlashCrashReversalStrategy_EEFT.ETORO_207: Set ClientOrderIdGenerator order_list_id count to 0
2026-06-11T20:05:49.633627290Z [INFO] eToro-Momentum-LS.MLS_FlashCrashReversalStrategy_EEFT.ETORO_207: Starte Flash Crash Reversal auf EEFT.ETORO
2026-06-11T20:05:49.633635645Z [DEBUG] eToro-Momentum-LS.MessageBus: Added Subscription(topic=data.bars.EEFT.ETORO-1-HOUR-MID-INTERNAL, handler=<bound method Actor.handle_bar of FlashCrashReversalStrategy(MLS_FlashCrashReversalStrategy_EEFT.ETORO_207-207)>, priority=0)
2026-06-11T20:05:49.633638621Z [INFO] eToro-Momentum-LS.MLS_FlashCrashReversalStrategy_EEFT.ETORO_207: [CMD]--> SubscribeBars(bar_type=EEFT.ETORO-1-HOUR-MID-INTERNAL, client_id=None, venue=ETORO)
2026-06-11T20:05:49.633657306Z [INFO] eToro-Momentum-LS.MLS_FlashCrashReversalStrategy_EEFT.ETORO_207: RUNNING
2026-06-11T20:05:49.633659900Z [DEBUG] eToro-Momentum-LS.MLS_FlashCrashReversalStrategy_EEFT.ETORO_208: STARTING
2026-06-11T20:05:49.633662105Z [INFO] eToro-Momentum-LS.MLS_FlashCrashReversalStrategy_EEFT.ETORO_208: self.config.oms_type=None
2026-06-11T20:05:49.633662295Z [INFO] eToro-Momentum-LS.MLS_FlashCrashReversalStrategy_EEFT.ETORO_208: self.config.external_order_claims=None
2026-06-11T20:05:49.633662455Z [INFO] eToro-Momentum-LS.MLS_FlashCrashReversalStrategy_EEFT.ETORO_208: self.config.manage_gtd_expiry=False
2026-06-11T20:05:49.633663066Z [INFO] eToro-Momentum-LS.MLS_FlashCrashReversalStrategy_EEFT.ETORO_208: Set ClientOrderIdGenerator client_order_id count to 0
2026-06-11T20:05:49.633663227Z [INFO] eToro-Momentum-LS.MLS_FlashCrashReversalStrategy_EEFT.ETORO_208: Set ClientOrderIdGenerator order_list_id count to 0
2026-06-11T20:05:49.633664088Z [INFO] eToro-Momentum-LS.MLS_FlashCrashReversalStrategy_EEFT.ETORO_208: Starte Flash Crash Reversal auf EEFT.ETORO
2026-06-11T20:05:49.633675770Z [DEBUG] eToro-Momentum-LS.MessageBus: Added Subscription(topic=data.bars.EEFT.ETORO-1-HOUR-MID-INTERNAL, handler=<bound method Actor.handle_bar of FlashCrashReversalStrategy(MLS_FlashCrashReversalStrategy_EEFT.ETORO_208-208)>, priority=0)
2026-06-11T20:05:49.633678355Z [INFO] eToro-Momentum-LS.MLS_FlashCrashReversalStrategy_EEFT.ETORO_208: [CMD]--> SubscribeBars(bar_type=EEFT.ETORO-1-HOUR-MID-INTERNAL, client_id=None, venue=ETORO)
2026-06-11T20:05:49.633698823Z [INFO] eToro-Momentum-LS.MLS_FlashCrashReversalStrategy_EEFT.ETORO_208: RUNNING
2026-06-11T20:05:49.633701358Z [DEBUG] eToro-Momentum-LS.MLS_FlashCrashReversalStrategy_EEFT.ETORO_209: STARTING
2026-06-11T20:05:49.633701969Z [INFO] eToro-Momentum-LS.MLS_FlashCrashReversalStrategy_EEFT.ETORO_209: self.config.oms_type=None
2026-06-11T20:05:49.633702149Z [INFO] eToro-Momentum-LS.MLS_FlashCrashReversalStrategy_EEFT.ETORO_209: self.config.external_order_claims=None
2026-06-11T20:05:49.633702340Z [INFO] eToro-Momentum-LS.MLS_FlashCrashReversalStrategy_EEFT.ETORO_209: self.config.manage_gtd_expiry=False
2026-06-11T20:05:49.633703131Z [INFO] eToro-Momentum-LS.MLS_FlashCrashReversalStrategy_EEFT.ETORO_209: Set ClientOrderIdGenerator client_order_id count to 0
2026-06-11T20:05:49.633703291Z [INFO] eToro-Momentum-LS.MLS_FlashCrashReversalStrategy_EEFT.ETORO_209: Set ClientOrderIdGenerator order_list_id count to 0
2026-06-11T20:05:49.633705385Z [INFO] eToro-Momentum-LS.MLS_FlashCrashReversalStrategy_EEFT.ETORO_209: Starte Flash Crash Reversal auf EEFT.ETORO
2026-06-11T20:05:49.633714372Z [DEBUG] eToro-Momentum-LS.MessageBus: Added Subscription(topic=data.bars.EEFT.ETORO-1-HOUR-MID-INTERNAL, handler=<bound method Actor.handle_bar of FlashCrashReversalStrategy(MLS_FlashCrashReversalStrategy_EEFT.ETORO_209-209)>, priority=0)
2026-06-11T20:05:49.633717037Z [INFO] eToro-Momentum-LS.MLS_FlashCrashReversalStrategy_EEFT.ETORO_209: [CMD]--> SubscribeBars(bar_type=EEFT.ETORO-1-HOUR-MID-INTERNAL, client_id=None, venue=ETORO)
2026-06-11T20:05:49.633736213Z [INFO] eToro-Momentum-LS.MLS_FlashCrashReversalStrategy_EEFT.ETORO_209: RUNNING
2026-06-11T20:05:49.633738728Z [DEBUG] eToro-Momentum-LS.MLS_FlashCrashReversalStrategy_EEFT.ETORO_210: STARTING
2026-06-11T20:05:49.633739098Z [INFO] eToro-Momentum-LS.MLS_FlashCrashReversalStrategy_EEFT.ETORO_210: self.config.oms_type=None
2026-06-11T20:05:49.633739269Z [INFO] eToro-Momentum-LS.MLS_FlashCrashReversalStrategy_EEFT.ETORO_210: self.config.external_order_claims=None
2026-06-11T20:05:49.633739419Z [INFO] eToro-Momentum-LS.MLS_FlashCrashReversalStrategy_EEFT.ETORO_210: self.config.manage_gtd_expiry=False
2026-06-11T20:05:49.633740291Z [INFO] eToro-Momentum-LS.MLS_FlashCrashReversalStrategy_EEFT.ETORO_210: Set ClientOrderIdGenerator client_order_id count to 0
2026-06-11T20:05:49.633740501Z [INFO] eToro-Momentum-LS.MLS_FlashCrashReversalStrategy_EEFT.ETORO_210: Set ClientOrderIdGenerator order_list_id count to 0
2026-06-11T20:05:49.633742455Z [INFO] eToro-Momentum-LS.MLS_FlashCrashReversalStrategy_EEFT.ETORO_210: Starte Flash Crash Reversal auf EEFT.ETORO
2026-06-11T20:05:49.633750670Z [DEBUG] eToro-Momentum-LS.MessageBus: Added Subscription(topic=data.bars.EEFT.ETORO-1-HOUR-MID-INTERNAL, handler=<bound method Actor.handle_bar of FlashCrashReversalStrategy(MLS_FlashCrashReversalStrategy_EEFT.ETORO_210-210)>, priority=0)
2026-06-11T20:05:49.633753365Z [INFO] eToro-Momentum-LS.MLS_FlashCrashReversalStrategy_EEFT.ETORO_210: [CMD]--> SubscribeBars(bar_type=EEFT.ETORO-1-HOUR-MID-INTERNAL, client_id=None, venue=ETORO)
2026-06-11T20:05:49.633772641Z [INFO] eToro-Momentum-LS.MLS_FlashCrashReversalStrategy_EEFT.ETORO_210: RUNNING
2026-06-11T20:05:49.633775025Z [DEBUG] eToro-Momentum-LS.MLS_FlashCrashReversalStrategy_EEFT.ETORO_211: STARTING
2026-06-11T20:05:49.633775416Z [INFO] eToro-Momentum-LS.MLS_FlashCrashReversalStrategy_EEFT.ETORO_211: self.config.oms_type=None
2026-06-11T20:05:49.633777330Z [INFO] eToro-Momentum-LS.MLS_FlashCrashReversalStrategy_EEFT.ETORO_211: self.config.external_order_claims=None
2026-06-11T20:05:49.633777480Z [INFO] eToro-Momentum-LS.MLS_FlashCrashReversalStrategy_EEFT.ETORO_211: self.config.manage_gtd_expiry=False
2026-06-11T20:05:49.633778071Z [INFO] eToro-Momentum-LS.MLS_FlashCrashReversalStrategy_EEFT.ETORO_211: Set ClientOrderIdGenerator client_order_id count to 0
2026-06-11T20:05:49.633778301Z [INFO] eToro-Momentum-LS.MLS_FlashCrashReversalStrategy_EEFT.ETORO_211: Set ClientOrderIdGenerator order_list_id count to 0
2026-06-11T20:05:49.633779504Z [INFO] eToro-Momentum-LS.MLS_FlashCrashReversalStrategy_EEFT.ETORO_211: Starte Flash Crash Reversal auf EEFT.ETORO
2026-06-11T20:05:49.633786417Z [DEBUG] eToro-Momentum-LS.MessageBus: Added Subscription(topic=data.bars.EEFT.ETORO-1-HOUR-MID-INTERNAL, handler=<bound method Actor.handle_bar of FlashCrashReversalStrategy(MLS_FlashCrashReversalStrategy_EEFT.ETORO_211-211)>, priority=0)
2026-06-11T20:05:49.633789653Z [INFO] eToro-Momentum-LS.MLS_FlashCrashReversalStrategy_EEFT.ETORO_211: [CMD]--> SubscribeBars(bar_type=EEFT.ETORO-1-HOUR-MID-INTERNAL, client_id=None, venue=ETORO)
2026-06-11T20:05:49.633808257Z [INFO] eToro-Momentum-LS.MLS_FlashCrashReversalStrategy_EEFT.ETORO_211: RUNNING
2026-06-11T20:05:49.633811093Z [DEBUG] eToro-Momentum-LS.MLS_FlashCrashReversalStrategy_EEFT.ETORO_212: STARTING
2026-06-11T20:05:49.633811483Z [INFO] eToro-Momentum-LS.MLS_FlashCrashReversalStrategy_EEFT.ETORO_212: self.config.oms_type=None
2026-06-11T20:05:49.633811654Z [INFO] eToro-Momentum-LS.MLS_FlashCrashReversalStrategy_EEFT.ETORO_212: self.config.external_order_claims=None
2026-06-11T20:05:49.633812004Z [INFO] eToro-Momentum-LS.MLS_FlashCrashReversalStrategy_EEFT.ETORO_212: self.config.manage_gtd_expiry=False
2026-06-11T20:05:49.633812636Z [INFO] eToro-Momentum-LS.MLS_FlashCrashReversalStrategy_EEFT.ETORO_212: Set ClientOrderIdGenerator client_order_id count to 0
2026-06-11T20:05:49.633812866Z [INFO] eToro-Momentum-LS.MLS_FlashCrashReversalStrategy_EEFT.ETORO_212: Set ClientOrderIdGenerator order_list_id count to 0
2026-06-11T20:05:49.633814609Z [INFO] eToro-Momentum-LS.MLS_FlashCrashReversalStrategy_EEFT.ETORO_212: Starte Flash Crash Reversal auf EEFT.ETORO
2026-06-11T20:05:49.633823546Z [DEBUG] eToro-Momentum-LS.MessageBus: Added Subscription(topic=data.bars.EEFT.ETORO-1-HOUR-MID-INTERNAL, handler=<bound method Actor.handle_bar of FlashCrashReversalStrategy(MLS_FlashCrashReversalStrategy_EEFT.ETORO_212-212)>, priority=0)
2026-06-11T20:05:49.633826441Z [INFO] eToro-Momentum-LS.MLS_FlashCrashReversalStrategy_EEFT.ETORO_212: [CMD]--> SubscribeBars(bar_type=EEFT.ETORO-1-HOUR-MID-INTERNAL, client_id=None, venue=ETORO)
2026-06-11T20:05:49.633845627Z [INFO] eToro-Momentum-LS.MLS_FlashCrashReversalStrategy_EEFT.ETORO_212: RUNNING
2026-06-11T20:05:49.633847871Z [DEBUG] eToro-Momentum-LS.MLS_FlashCrashReversalStrategy_EEFT.ETORO_213: STARTING
2026-06-11T20:05:49.633848092Z [INFO] eToro-Momentum-LS.MLS_FlashCrashReversalStrategy_EEFT.ETORO_213: self.config.oms_type=None
2026-06-11T20:05:49.633848342Z [INFO] eToro-Momentum-LS.MLS_FlashCrashReversalStrategy_EEFT.ETORO_213: self.config.external_order_claims=None
2026-06-11T20:05:49.633848493Z [INFO] eToro-Momentum-LS.MLS_FlashCrashReversalStrategy_EEFT.ETORO_213: self.config.manage_gtd_expiry=False
2026-06-11T20:05:49.633849074Z [INFO] eToro-Momentum-LS.MLS_FlashCrashReversalStrategy_EEFT.ETORO_213: Set ClientOrderIdGenerator client_order_id count to 0
2026-06-11T20:05:49.633849214Z [INFO] eToro-Momentum-LS.MLS_FlashCrashReversalStrategy_EEFT.ETORO_213: Set ClientOrderIdGenerator order_list_id count to 0
2026-06-11T20:05:49.633867197Z [INFO] eToro-Momentum-LS.MLS_FlashCrashReversalStrategy_EEFT.ETORO_213: Starte Flash Crash Reversal auf EEFT.ETORO
2026-06-11T20:05:49.633875673Z [DEBUG] eToro-Momentum-LS.MessageBus: Added Subscription(topic=data.bars.EEFT.ETORO-1-HOUR-MID-INTERNAL, handler=<bound method Actor.handle_bar of FlashCrashReversalStrategy(MLS_FlashCrashReversalStrategy_EEFT.ETORO_213-213)>, priority=0)
2026-06-11T20:05:49.633878458Z [INFO] eToro-Momentum-LS.MLS_FlashCrashReversalStrategy_EEFT.ETORO_213: [CMD]--> SubscribeBars(bar_type=EEFT.ETORO-1-HOUR-MID-INTERNAL, client_id=None, venue=ETORO)
2026-06-11T20:05:49.633900149Z [INFO] eToro-Momentum-LS.MLS_FlashCrashReversalStrategy_EEFT.ETORO_213: RUNNING
2026-06-11T20:05:49.633902513Z [DEBUG] eToro-Momentum-LS.MLS_FlashCrashReversalStrategy_EEFT.ETORO_214: STARTING
2026-06-11T20:05:49.633902964Z [INFO] eToro-Momentum-LS.MLS_FlashCrashReversalStrategy_EEFT.ETORO_214: self.config.oms_type=None
2026-06-11T20:05:49.633903185Z [INFO] eToro-Momentum-LS.MLS_FlashCrashReversalStrategy_EEFT.ETORO_214: self.config.external_order_claims=None
2026-06-11T20:05:49.633905258Z [INFO] eToro-Momentum-LS.MLS_FlashCrashReversalStrategy_EEFT.ETORO_214: self.config.manage_gtd_expiry=False
2026-06-11T20:05:49.633905960Z [INFO] eToro-Momentum-LS.MLS_FlashCrashReversalStrategy_EEFT.ETORO_214: Set ClientOrderIdGenerator client_order_id count to 0
2026-06-11T20:05:49.633906170Z [INFO] eToro-Momentum-LS.MLS_FlashCrashReversalStrategy_EEFT.ETORO_214: Set ClientOrderIdGenerator order_list_id count to 0
2026-06-11T20:05:49.633911170Z [INFO] eToro-Momentum-LS.MLS_FlashCrashReversalStrategy_EEFT.ETORO_214: Starte Flash Crash Reversal auf EEFT.ETORO
2026-06-11T20:05:49.633930646Z [DEBUG] eToro-Momentum-LS.MessageBus: Added Subscription(topic=data.bars.EEFT.ETORO-1-HOUR-MID-INTERNAL, handler=<bound method Actor.handle_bar of FlashCrashReversalStrategy(MLS_FlashCrashReversalStrategy_EEFT.ETORO_214-214)>, priority=0)
2026-06-11T20:05:49.633936647Z [INFO] eToro-Momentum-LS.MLS_FlashCrashReversalStrategy_EEFT.ETORO_214: [CMD]--> SubscribeBars(bar_type=EEFT.ETORO-1-HOUR-MID-INTERNAL, client_id=None, venue=ETORO)
2026-06-11T20:05:49.633958768Z [INFO] eToro-Momentum-LS.MLS_FlashCrashReversalStrategy_EEFT.ETORO_214: RUNNING
2026-06-11T20:05:49.633961413Z [DEBUG] eToro-Momentum-LS.MLS_FlashCrashReversalStrategy_EEFT.ETORO_215: STARTING
2026-06-11T20:05:49.633961824Z [INFO] eToro-Momentum-LS.MLS_FlashCrashReversalStrategy_EEFT.ETORO_215: self.config.oms_type=None
2026-06-11T20:05:49.633962014Z [INFO] eToro-Momentum-LS.MLS_FlashCrashReversalStrategy_EEFT.ETORO_215: self.config.external_order_claims=None
2026-06-11T20:05:49.633962205Z [INFO] eToro-Momentum-LS.MLS_FlashCrashReversalStrategy_EEFT.ETORO_215: self.config.manage_gtd_expiry=False
2026-06-11T20:05:49.633962906Z [INFO] eToro-Momentum-LS.MLS_FlashCrashReversalStrategy_EEFT.ETORO_215: Set ClientOrderIdGenerator client_order_id count to 0
2026-06-11T20:05:49.633963147Z [INFO] eToro-Momentum-LS.MLS_FlashCrashReversalStrategy_EEFT.ETORO_215: Set ClientOrderIdGenerator order_list_id count to 0
2026-06-11T20:05:49.633965631Z [INFO] eToro-Momentum-LS.MLS_FlashCrashReversalStrategy_EEFT.ETORO_215: Starte Flash Crash Reversal auf EEFT.ETORO
2026-06-11T20:05:49.633973857Z [DEBUG] eToro-Momentum-LS.MessageBus: Added Subscription(topic=data.bars.EEFT.ETORO-1-HOUR-MID-INTERNAL, handler=<bound method Actor.handle_bar of FlashCrashReversalStrategy(MLS_FlashCrashReversalStrategy_EEFT.ETORO_215-215)>, priority=0)
2026-06-11T20:05:49.633976992Z [INFO] eToro-Momentum-LS.MLS_FlashCrashReversalStrategy_EEFT.ETORO_215: [CMD]--> SubscribeBars(bar_type=EEFT.ETORO-1-HOUR-MID-INTERNAL, client_id=None, venue=ETORO)
2026-06-11T20:05:49.633996539Z [INFO] eToro-Momentum-LS.MLS_FlashCrashReversalStrategy_EEFT.ETORO_215: RUNNING
2026-06-11T20:05:49.633999394Z [DEBUG] eToro-Momentum-LS.MLS_FlashCrashReversalStrategy_EEFT.ETORO_216: STARTING
2026-06-11T20:05:49.633999795Z [INFO] eToro-Momentum-LS.MLS_FlashCrashReversalStrategy_EEFT.ETORO_216: self.config.oms_type=None
2026-06-11T20:05:49.633999975Z [INFO] eToro-Momentum-LS.MLS_FlashCrashReversalStrategy_EEFT.ETORO_216: self.config.external_order_claims=None
2026-06-11T20:05:49.634000126Z [INFO] eToro-Momentum-LS.MLS_FlashCrashReversalStrategy_EEFT.ETORO_216: self.config.manage_gtd_expiry=False
2026-06-11T20:05:49.634000987Z [INFO] eToro-Momentum-LS.MLS_FlashCrashReversalStrategy_EEFT.ETORO_216: Set ClientOrderIdGenerator client_order_id count to 0
2026-06-11T20:05:49.634001208Z [INFO] eToro-Momentum-LS.MLS_FlashCrashReversalStrategy_EEFT.ETORO_216: Set ClientOrderIdGenerator order_list_id count to 0
2026-06-11T20:05:49.634002099Z [INFO] eToro-Momentum-LS.MLS_FlashCrashReversalStrategy_EEFT.ETORO_216: Starte Flash Crash Reversal auf EEFT.ETORO
2026-06-11T20:05:49.634011266Z [DEBUG] eToro-Momentum-LS.MessageBus: Added Subscription(topic=data.bars.EEFT.ETORO-1-HOUR-MID-INTERNAL, handler=<bound method Actor.handle_bar of FlashCrashReversalStrategy(MLS_FlashCrashReversalStrategy_EEFT.ETORO_216-216)>, priority=0)
2026-06-11T20:05:49.634014643Z [INFO] eToro-Momentum-LS.MLS_FlashCrashReversalStrategy_EEFT.ETORO_216: [CMD]--> SubscribeBars(bar_type=EEFT.ETORO-1-HOUR-MID-INTERNAL, client_id=None, venue=ETORO)
2026-06-11T20:05:49.634033548Z [INFO] eToro-Momentum-LS.MLS_FlashCrashReversalStrategy_EEFT.ETORO_216: RUNNING
2026-06-11T20:05:49.634040240Z [DEBUG] eToro-Momentum-LS.MLS_FlashCrashReversalStrategy_JAZZ.ETORO_217: STARTING
2026-06-11T20:05:49.634040651Z [INFO] eToro-Momentum-LS.MLS_FlashCrashReversalStrategy_JAZZ.ETORO_217: self.config.oms_type=None
2026-06-11T20:05:49.634040812Z [INFO] eToro-Momentum-LS.MLS_FlashCrashReversalStrategy_JAZZ.ETORO_217: self.config.external_order_claims=None
2026-06-11T20:05:49.634041062Z [INFO] eToro-Momentum-LS.MLS_FlashCrashReversalStrategy_JAZZ.ETORO_217: self.config.manage_gtd_expiry=False
2026-06-11T20:05:49.634043396Z [INFO] eToro-Momentum-LS.MLS_FlashCrashReversalStrategy_JAZZ.ETORO_217: Set ClientOrderIdGenerator client_order_id count to 0
2026-06-11T20:05:49.634043537Z [INFO] eToro-Momentum-LS.MLS_FlashCrashReversalStrategy_JAZZ.ETORO_217: Set ClientOrderIdGenerator order_list_id count to 0
2026-06-11T20:05:49.634051512Z [INFO] eToro-Momentum-LS.MLS_FlashCrashReversalStrategy_JAZZ.ETORO_217: Starte Flash Crash Reversal auf JAZZ.ETORO
2026-06-11T20:05:49.634058985Z [DEBUG] eToro-Momentum-LS.MessageBus: Added Subscription(topic=data.bars.JAZZ.ETORO-1-HOUR-MID-INTERNAL, handler=<bound method Actor.handle_bar of FlashCrashReversalStrategy(MLS_FlashCrashReversalStrategy_JAZZ.ETORO_217-217)>, priority=0)
2026-06-11T20:05:49.634062111Z [INFO] eToro-Momentum-LS.MLS_FlashCrashReversalStrategy_JAZZ.ETORO_217: [CMD]--> SubscribeBars(bar_type=JAZZ.ETORO-1-HOUR-MID-INTERNAL, client_id=None, venue=ETORO)
2026-06-11T20:05:49.634085485Z [INFO] eToro-Momentum-LS.MLS_FlashCrashReversalStrategy_JAZZ.ETORO_217: RUNNING
2026-06-11T20:05:49.634087729Z [DEBUG] eToro-Momentum-LS.MLS_FlashCrashReversalStrategy_JAZZ.ETORO_218: STARTING
2026-06-11T20:05:49.634088050Z [INFO] eToro-Momentum-LS.MLS_FlashCrashReversalStrategy_JAZZ.ETORO_218: self.config.oms_type=None
2026-06-11T20:05:49.634088310Z [INFO] eToro-Momentum-LS.MLS_FlashCrashReversalStrategy_JAZZ.ETORO_218: self.config.external_order_claims=None
2026-06-11T20:05:49.634088481Z [INFO] eToro-Momentum-LS.MLS_FlashCrashReversalStrategy_JAZZ.ETORO_218: self.config.manage_gtd_expiry=False
2026-06-11T20:05:49.634089182Z [INFO] eToro-Momentum-LS.MLS_FlashCrashReversalStrategy_JAZZ.ETORO_218: Set ClientOrderIdGenerator client_order_id count to 0
2026-06-11T20:05:49.634089402Z [INFO] eToro-Momentum-LS.MLS_FlashCrashReversalStrategy_JAZZ.ETORO_218: Set ClientOrderIdGenerator order_list_id count to 0
2026-06-11T20:05:49.634091166Z [INFO] eToro-Momentum-LS.MLS_FlashCrashReversalStrategy_JAZZ.ETORO_218: Starte Flash Crash Reversal auf JAZZ.ETORO
2026-06-11T20:05:49.634101104Z [DEBUG] eToro-Momentum-LS.MessageBus: Added Subscription(topic=data.bars.JAZZ.ETORO-1-HOUR-MID-INTERNAL, handler=<bound method Actor.handle_bar of FlashCrashReversalStrategy(MLS_FlashCrashReversalStrategy_JAZZ.ETORO_218-218)>, priority=0)
2026-06-11T20:05:49.634104150Z [INFO] eToro-Momentum-LS.MLS_FlashCrashReversalStrategy_JAZZ.ETORO_218: [CMD]--> SubscribeBars(bar_type=JAZZ.ETORO-1-HOUR-MID-INTERNAL, client_id=None, venue=ETORO)
2026-06-11T20:05:49.634123446Z [INFO] eToro-Momentum-LS.MLS_FlashCrashReversalStrategy_JAZZ.ETORO_218: RUNNING
2026-06-11T20:05:49.634129116Z [DEBUG] eToro-Momentum-LS.MLS_FlashCrashReversalStrategy_JAZZ.ETORO_219: STARTING
2026-06-11T20:05:49.634129617Z [INFO] eToro-Momentum-LS.MLS_FlashCrashReversalStrategy_JAZZ.ETORO_219: self.config.oms_type=None
2026-06-11T20:05:49.634129788Z [INFO] eToro-Momentum-LS.MLS_FlashCrashReversalStrategy_JAZZ.ETORO_219: self.config.external_order_claims=None
2026-06-11T20:05:49.634129938Z [INFO] eToro-Momentum-LS.MLS_FlashCrashReversalStrategy_JAZZ.ETORO_219: self.config.manage_gtd_expiry=False
2026-06-11T20:05:49.634130649Z [INFO] eToro-Momentum-LS.MLS_FlashCrashReversalStrategy_JAZZ.ETORO_219: Set ClientOrderIdGenerator client_order_id count to 0
2026-06-11T20:05:49.634130810Z [INFO] eToro-Momentum-LS.MLS_FlashCrashReversalStrategy_JAZZ.ETORO_219: Set ClientOrderIdGenerator order_list_id count to 0
2026-06-11T20:05:49.634132302Z [INFO] eToro-Momentum-LS.MLS_FlashCrashReversalStrategy_JAZZ.ETORO_219: Starte Flash Crash Reversal auf JAZZ.ETORO
2026-06-11T20:05:49.634145968Z [DEBUG] eToro-Momentum-LS.MessageBus: Added Subscription(topic=data.bars.JAZZ.ETORO-1-HOUR-MID-INTERNAL, handler=<bound method Actor.handle_bar of FlashCrashReversalStrategy(MLS_FlashCrashReversalStrategy_JAZZ.ETORO_219-219)>, priority=0)
2026-06-11T20:05:49.634149174Z [INFO] eToro-Momentum-LS.MLS_FlashCrashReversalStrategy_JAZZ.ETORO_219: [CMD]--> SubscribeBars(bar_type=JAZZ.ETORO-1-HOUR-MID-INTERNAL, client_id=None, venue=ETORO)
2026-06-11T20:05:49.634168730Z [INFO] eToro-Momentum-LS.MLS_FlashCrashReversalStrategy_JAZZ.ETORO_219: RUNNING
2026-06-11T20:05:49.634171856Z [DEBUG] eToro-Momentum-LS.MLS_FlashCrashReversalStrategy_JAZZ.ETORO_220: STARTING
2026-06-11T20:05:49.634172227Z [INFO] eToro-Momentum-LS.MLS_FlashCrashReversalStrategy_JAZZ.ETORO_220: self.config.oms_type=None
2026-06-11T20:05:49.634172397Z [INFO] eToro-Momentum-LS.MLS_FlashCrashReversalStrategy_JAZZ.ETORO_220: self.config.external_order_claims=None
2026-06-11T20:05:49.634172547Z [INFO] eToro-Momentum-LS.MLS_FlashCrashReversalStrategy_JAZZ.ETORO_220: self.config.manage_gtd_expiry=False
2026-06-11T20:05:49.634173199Z [INFO] eToro-Momentum-LS.MLS_FlashCrashReversalStrategy_JAZZ.ETORO_220: Set ClientOrderIdGenerator client_order_id count to 0
2026-06-11T20:05:49.634175563Z [INFO] eToro-Momentum-LS.MLS_FlashCrashReversalStrategy_JAZZ.ETORO_220: Set ClientOrderIdGenerator order_list_id count to 0
2026-06-11T20:05:49.634176595Z [INFO] eToro-Momentum-LS.MLS_FlashCrashReversalStrategy_JAZZ.ETORO_220: Starte Flash Crash Reversal auf JAZZ.ETORO
2026-06-11T20:05:49.634185371Z [DEBUG] eToro-Momentum-LS.MessageBus: Added Subscription(topic=data.bars.JAZZ.ETORO-1-HOUR-MID-INTERNAL, handler=<bound method Actor.handle_bar of FlashCrashReversalStrategy(MLS_FlashCrashReversalStrategy_JAZZ.ETORO_220-220)>, priority=0)
2026-06-11T20:05:49.634188788Z [INFO] eToro-Momentum-LS.MLS_FlashCrashReversalStrategy_JAZZ.ETORO_220: [CMD]--> SubscribeBars(bar_type=JAZZ.ETORO-1-HOUR-MID-INTERNAL, client_id=None, venue=ETORO)
2026-06-11T20:05:49.634210879Z [INFO] eToro-Momentum-LS.MLS_FlashCrashReversalStrategy_JAZZ.ETORO_220: RUNNING
2026-06-11T20:05:49.634214125Z [DEBUG] eToro-Momentum-LS.MLS_FlashCrashReversalStrategy_JAZZ.ETORO_221: STARTING
2026-06-11T20:05:49.634214546Z [INFO] eToro-Momentum-LS.MLS_FlashCrashReversalStrategy_JAZZ.ETORO_221: self.config.oms_type=None
2026-06-11T20:05:49.634214716Z [INFO] eToro-Momentum-LS.MLS_FlashCrashReversalStrategy_JAZZ.ETORO_221: self.config.external_order_claims=None
2026-06-11T20:05:49.634214866Z [INFO] eToro-Momentum-LS.MLS_FlashCrashReversalStrategy_JAZZ.ETORO_221: self.config.manage_gtd_expiry=False
2026-06-11T20:05:49.634215478Z [INFO] eToro-Momentum-LS.MLS_FlashCrashReversalStrategy_JAZZ.ETORO_221: Set ClientOrderIdGenerator client_order_id count to 0
2026-06-11T20:05:49.634215718Z [INFO] eToro-Momentum-LS.MLS_FlashCrashReversalStrategy_JAZZ.ETORO_221: Set ClientOrderIdGenerator order_list_id count to 0
2026-06-11T20:05:49.634217602Z [INFO] eToro-Momentum-LS.MLS_FlashCrashReversalStrategy_JAZZ.ETORO_221: Starte Flash Crash Reversal auf JAZZ.ETORO
2026-06-11T20:05:49.634226118Z [DEBUG] eToro-Momentum-LS.MessageBus: Added Subscription(topic=data.bars.JAZZ.ETORO-1-HOUR-MID-INTERNAL, handler=<bound method Actor.handle_bar of FlashCrashReversalStrategy(MLS_FlashCrashReversalStrategy_JAZZ.ETORO_221-221)>, priority=0)
2026-06-11T20:05:49.634228752Z [INFO] eToro-Momentum-LS.MLS_FlashCrashReversalStrategy_JAZZ.ETORO_221: [CMD]--> SubscribeBars(bar_type=JAZZ.ETORO-1-HOUR-MID-INTERNAL, client_id=None, venue=ETORO)
2026-06-11T20:05:49.634251585Z [INFO] eToro-Momentum-LS.MLS_FlashCrashReversalStrategy_JAZZ.ETORO_221: RUNNING
2026-06-11T20:05:49.634254110Z [DEBUG] eToro-Momentum-LS.MLS_FlashCrashReversalStrategy_JAZZ.ETORO_222: STARTING
2026-06-11T20:05:49.634254531Z [INFO] eToro-Momentum-LS.MLS_FlashCrashReversalStrategy_JAZZ.ETORO_222: self.config.oms_type=None
2026-06-11T20:05:49.634254691Z [INFO] eToro-Momentum-LS.MLS_FlashCrashReversalStrategy_JAZZ.ETORO_222: self.config.external_order_claims=None
2026-06-11T20:05:49.634254861Z [INFO] eToro-Momentum-LS.MLS_FlashCrashReversalStrategy_JAZZ.ETORO_222: self.config.manage_gtd_expiry=False
2026-06-11T20:05:49.634255322Z [INFO] eToro-Momentum-LS.MLS_FlashCrashReversalStrategy_JAZZ.ETORO_222: Set ClientOrderIdGenerator client_order_id count to 0
2026-06-11T20:05:49.634255552Z [INFO] eToro-Momentum-LS.MLS_FlashCrashReversalStrategy_JAZZ.ETORO_222: Set ClientOrderIdGenerator order_list_id count to 0
2026-06-11T20:05:49.634256955Z [INFO] eToro-Momentum-LS.MLS_FlashCrashReversalStrategy_JAZZ.ETORO_222: Starte Flash Crash Reversal auf JAZZ.ETORO
2026-06-11T20:05:49.634269028Z [DEBUG] eToro-Momentum-LS.MessageBus: Added Subscription(topic=data.bars.JAZZ.ETORO-1-HOUR-MID-INTERNAL, handler=<bound method Actor.handle_bar of FlashCrashReversalStrategy(MLS_FlashCrashReversalStrategy_JAZZ.ETORO_222-222)>, priority=0)
2026-06-11T20:05:49.634273326Z [INFO] eToro-Momentum-LS.MLS_FlashCrashReversalStrategy_JAZZ.ETORO_222: [CMD]--> SubscribeBars(bar_type=JAZZ.ETORO-1-HOUR-MID-INTERNAL, client_id=None, venue=ETORO)
2026-06-11T20:05:49.634292952Z [INFO] eToro-Momentum-LS.MLS_FlashCrashReversalStrategy_JAZZ.ETORO_222: RUNNING
2026-06-11T20:05:49.634295928Z [DEBUG] eToro-Momentum-LS.MLS_FlashCrashReversalStrategy_JAZZ.ETORO_223: STARTING
2026-06-11T20:05:49.634296148Z [INFO] eToro-Momentum-LS.MLS_FlashCrashReversalStrategy_JAZZ.ETORO_223: self.config.oms_type=None
2026-06-11T20:05:49.634296309Z [INFO] eToro-Momentum-LS.MLS_FlashCrashReversalStrategy_JAZZ.ETORO_223: self.config.external_order_claims=None
2026-06-11T20:05:49.634296479Z [INFO] eToro-Momentum-LS.MLS_FlashCrashReversalStrategy_JAZZ.ETORO_223: self.config.manage_gtd_expiry=False
2026-06-11T20:05:49.634297070Z [INFO] eToro-Momentum-LS.MLS_FlashCrashReversalStrategy_JAZZ.ETORO_223: Set ClientOrderIdGenerator client_order_id count to 0
2026-06-11T20:05:49.634297381Z [INFO] eToro-Momentum-LS.MLS_FlashCrashReversalStrategy_JAZZ.ETORO_223: Set ClientOrderIdGenerator order_list_id count to 0
2026-06-11T20:05:49.634299775Z [INFO] eToro-Momentum-LS.MLS_FlashCrashReversalStrategy_JAZZ.ETORO_223: Starte Flash Crash Reversal auf JAZZ.ETORO
2026-06-11T20:05:49.634308752Z [DEBUG] eToro-Momentum-LS.MessageBus: Added Subscription(topic=data.bars.JAZZ.ETORO-1-HOUR-MID-INTERNAL, handler=<bound method Actor.handle_bar of FlashCrashReversalStrategy(MLS_FlashCrashReversalStrategy_JAZZ.ETORO_223-223)>, priority=0)
2026-06-11T20:05:49.634311497Z [INFO] eToro-Momentum-LS.MLS_FlashCrashReversalStrategy_JAZZ.ETORO_223: [CMD]--> SubscribeBars(bar_type=JAZZ.ETORO-1-HOUR-MID-INTERNAL, client_id=None, venue=ETORO)
2026-06-11T20:05:49.634331905Z [INFO] eToro-Momentum-LS.MLS_FlashCrashReversalStrategy_JAZZ.ETORO_223: RUNNING
2026-06-11T20:05:49.634334460Z [DEBUG] eToro-Momentum-LS.MLS_FlashCrashReversalStrategy_JAZZ.ETORO_224: STARTING
2026-06-11T20:05:49.634334820Z [INFO] eToro-Momentum-LS.MLS_FlashCrashReversalStrategy_JAZZ.ETORO_224: self.config.oms_type=None
2026-06-11T20:05:49.634335001Z [INFO] eToro-Momentum-LS.MLS_FlashCrashReversalStrategy_JAZZ.ETORO_224: self.config.external_order_claims=None
2026-06-11T20:05:49.634335151Z [INFO] eToro-Momentum-LS.MLS_FlashCrashReversalStrategy_JAZZ.ETORO_224: self.config.manage_gtd_expiry=False
2026-06-11T20:05:49.634335933Z [INFO] eToro-Momentum-LS.MLS_FlashCrashReversalStrategy_JAZZ.ETORO_224: Set ClientOrderIdGenerator client_order_id count to 0
2026-06-11T20:05:49.634336183Z [INFO] eToro-Momentum-LS.MLS_FlashCrashReversalStrategy_JAZZ.ETORO_224: Set ClientOrderIdGenerator order_list_id count to 0
2026-06-11T20:05:49.634338948Z [INFO] eToro-Momentum-LS.MLS_FlashCrashReversalStrategy_JAZZ.ETORO_224: Starte Flash Crash Reversal auf JAZZ.ETORO
2026-06-11T20:05:49.634350961Z [DEBUG] eToro-Momentum-LS.MessageBus: Added Subscription(topic=data.bars.JAZZ.ETORO-1-HOUR-MID-INTERNAL, handler=<bound method Actor.handle_bar of FlashCrashReversalStrategy(MLS_FlashCrashReversalStrategy_JAZZ.ETORO_224-224)>, priority=0)
2026-06-11T20:05:49.634360418Z [INFO] eToro-Momentum-LS.MLS_FlashCrashReversalStrategy_JAZZ.ETORO_224: [CMD]--> SubscribeBars(bar_type=JAZZ.ETORO-1-HOUR-MID-INTERNAL, client_id=None, venue=ETORO)
2026-06-11T20:05:49.634381227Z [INFO] eToro-Momentum-LS.MLS_FlashCrashReversalStrategy_JAZZ.ETORO_224: RUNNING
2026-06-11T20:05:49.634383952Z [DEBUG] eToro-Momentum-LS.MLS_FlashCrashReversalStrategy_JAZZ.ETORO_225: STARTING
2026-06-11T20:05:49.634384443Z [INFO] eToro-Momentum-LS.MLS_FlashCrashReversalStrategy_JAZZ.ETORO_225: self.config.oms_type=None
2026-06-11T20:05:49.634384814Z [INFO] eToro-Momentum-LS.MLS_FlashCrashReversalStrategy_JAZZ.ETORO_225: self.config.external_order_claims=None
2026-06-11T20:05:49.634385124Z [INFO] eToro-Momentum-LS.MLS_FlashCrashReversalStrategy_JAZZ.ETORO_225: self.config.manage_gtd_expiry=False
2026-06-11T20:05:49.634385615Z [INFO] eToro-Momentum-LS.MLS_FlashCrashReversalStrategy_JAZZ.ETORO_225: Set ClientOrderIdGenerator client_order_id count to 0
2026-06-11T20:05:49.634385766Z [INFO] eToro-Momentum-LS.MLS_FlashCrashReversalStrategy_JAZZ.ETORO_225: Set ClientOrderIdGenerator order_list_id count to 0
2026-06-11T20:05:49.634386697Z [INFO] eToro-Momentum-LS.MLS_FlashCrashReversalStrategy_JAZZ.ETORO_225: Starte Flash Crash Reversal auf JAZZ.ETORO
2026-06-11T20:05:49.634396676Z [DEBUG] eToro-Momentum-LS.MessageBus: Added Subscription(topic=data.bars.JAZZ.ETORO-1-HOUR-MID-INTERNAL, handler=<bound method Actor.handle_bar of FlashCrashReversalStrategy(MLS_FlashCrashReversalStrategy_JAZZ.ETORO_225-225)>, priority=0)
2026-06-11T20:05:49.634399661Z [INFO] eToro-Momentum-LS.MLS_FlashCrashReversalStrategy_JAZZ.ETORO_225: [CMD]--> SubscribeBars(bar_type=JAZZ.ETORO-1-HOUR-MID-INTERNAL, client_id=None, venue=ETORO)
2026-06-11T20:05:49.634420300Z [INFO] eToro-Momentum-LS.MLS_FlashCrashReversalStrategy_JAZZ.ETORO_225: RUNNING
2026-06-11T20:05:49.634422725Z [DEBUG] eToro-Momentum-LS.MLS_FlashCrashReversalStrategy_JAZZ.ETORO_226: STARTING
2026-06-11T20:05:49.634423105Z [INFO] eToro-Momentum-LS.MLS_FlashCrashReversalStrategy_JAZZ.ETORO_226: self.config.oms_type=None
2026-06-11T20:05:49.634423376Z [INFO] eToro-Momentum-LS.MLS_FlashCrashReversalStrategy_JAZZ.ETORO_226: self.config.external_order_claims=None
2026-06-11T20:05:49.634423596Z [INFO] eToro-Momentum-LS.MLS_FlashCrashReversalStrategy_JAZZ.ETORO_226: self.config.manage_gtd_expiry=False
2026-06-11T20:05:49.634424207Z [INFO] eToro-Momentum-LS.MLS_FlashCrashReversalStrategy_JAZZ.ETORO_226: Set ClientOrderIdGenerator client_order_id count to 0
2026-06-11T20:05:49.634424428Z [INFO] eToro-Momentum-LS.MLS_FlashCrashReversalStrategy_JAZZ.ETORO_226: Set ClientOrderIdGenerator order_list_id count to 0
2026-06-11T20:05:49.634426111Z [INFO] eToro-Momentum-LS.MLS_FlashCrashReversalStrategy_JAZZ.ETORO_226: Starte Flash Crash Reversal auf JAZZ.ETORO
2026-06-11T20:05:49.634434527Z [DEBUG] eToro-Momentum-LS.MessageBus: Added Subscription(topic=data.bars.JAZZ.ETORO-1-HOUR-MID-INTERNAL, handler=<bound method Actor.handle_bar of FlashCrashReversalStrategy(MLS_FlashCrashReversalStrategy_JAZZ.ETORO_226-226)>, priority=0)
2026-06-11T20:05:49.634437843Z [INFO] eToro-Momentum-LS.MLS_FlashCrashReversalStrategy_JAZZ.ETORO_226: [CMD]--> SubscribeBars(bar_type=JAZZ.ETORO-1-HOUR-MID-INTERNAL, client_id=None, venue=ETORO)
2026-06-11T20:05:49.634459804Z [INFO] eToro-Momentum-LS.MLS_FlashCrashReversalStrategy_JAZZ.ETORO_226: RUNNING
2026-06-11T20:05:49.634462930Z [DEBUG] eToro-Momentum-LS.MLS_FlashCrashReversalStrategy_JAZZ.ETORO_227: STARTING
2026-06-11T20:05:49.634463330Z [INFO] eToro-Momentum-LS.MLS_FlashCrashReversalStrategy_JAZZ.ETORO_227: self.config.oms_type=None
2026-06-11T20:05:49.634463501Z [INFO] eToro-Momentum-LS.MLS_FlashCrashReversalStrategy_JAZZ.ETORO_227: self.config.external_order_claims=None
2026-06-11T20:05:49.634463661Z [INFO] eToro-Momentum-LS.MLS_FlashCrashReversalStrategy_JAZZ.ETORO_227: self.config.manage_gtd_expiry=False
2026-06-11T20:05:49.634464352Z [INFO] eToro-Momentum-LS.MLS_FlashCrashReversalStrategy_JAZZ.ETORO_227: Set ClientOrderIdGenerator client_order_id count to 0
2026-06-11T20:05:49.634464593Z [INFO] eToro-Momentum-LS.MLS_FlashCrashReversalStrategy_JAZZ.ETORO_227: Set ClientOrderIdGenerator order_list_id count to 0
2026-06-11T20:05:49.634465935Z [INFO] eToro-Momentum-LS.MLS_FlashCrashReversalStrategy_JAZZ.ETORO_227: Starte Flash Crash Reversal auf JAZZ.ETORO
2026-06-11T20:05:49.634474141Z [DEBUG] eToro-Momentum-LS.MessageBus: Added Subscription(topic=data.bars.JAZZ.ETORO-1-HOUR-MID-INTERNAL, handler=<bound method Actor.handle_bar of FlashCrashReversalStrategy(MLS_FlashCrashReversalStrategy_JAZZ.ETORO_227-227)>, priority=0)
2026-06-11T20:05:49.634478318Z [INFO] eToro-Momentum-LS.MLS_FlashCrashReversalStrategy_JAZZ.ETORO_227: [CMD]--> SubscribeBars(bar_type=JAZZ.ETORO-1-HOUR-MID-INTERNAL, client_id=None, venue=ETORO)
2026-06-11T20:05:49.634503215Z [INFO] eToro-Momentum-LS.MLS_FlashCrashReversalStrategy_JAZZ.ETORO_227: RUNNING
2026-06-11T20:05:49.634505740Z [DEBUG] eToro-Momentum-LS.MLS_FlashCrashReversalStrategy_JAZZ.ETORO_228: STARTING
2026-06-11T20:05:49.634506311Z [INFO] eToro-Momentum-LS.MLS_FlashCrashReversalStrategy_JAZZ.ETORO_228: self.config.oms_type=None
2026-06-11T20:05:49.634506491Z [INFO] eToro-Momentum-LS.MLS_FlashCrashReversalStrategy_JAZZ.ETORO_228: self.config.external_order_claims=None
2026-06-11T20:05:49.634506641Z [INFO] eToro-Momentum-LS.MLS_FlashCrashReversalStrategy_JAZZ.ETORO_228: self.config.manage_gtd_expiry=False
2026-06-11T20:05:49.634507322Z [INFO] eToro-Momentum-LS.MLS_FlashCrashReversalStrategy_JAZZ.ETORO_228: Set ClientOrderIdGenerator client_order_id count to 0
2026-06-11T20:05:49.634507683Z [INFO] eToro-Momentum-LS.MLS_FlashCrashReversalStrategy_JAZZ.ETORO_228: Set ClientOrderIdGenerator order_list_id count to 0
2026-06-11T20:05:49.634510168Z [INFO] eToro-Momentum-LS.MLS_FlashCrashReversalStrategy_JAZZ.ETORO_228: Starte Flash Crash Reversal auf JAZZ.ETORO
2026-06-11T20:05:49.634518634Z [DEBUG] eToro-Momentum-LS.MessageBus: Added Subscription(topic=data.bars.JAZZ.ETORO-1-HOUR-MID-INTERNAL, handler=<bound method Actor.handle_bar of FlashCrashReversalStrategy(MLS_FlashCrashReversalStrategy_JAZZ.ETORO_228-228)>, priority=0)
2026-06-11T20:05:49.634524965Z [INFO] eToro-Momentum-LS.MLS_FlashCrashReversalStrategy_JAZZ.ETORO_228: [CMD]--> SubscribeBars(bar_type=JAZZ.ETORO-1-HOUR-MID-INTERNAL, client_id=None, venue=ETORO)
2026-06-11T20:05:49.634548580Z [INFO] eToro-Momentum-LS.MLS_FlashCrashReversalStrategy_JAZZ.ETORO_228: RUNNING
2026-06-11T20:05:49.634551124Z [DEBUG] eToro-Momentum-LS.MLS_FlashCrashReversalStrategy_JAZZ.ETORO_229: STARTING
2026-06-11T20:05:49.634551535Z [INFO] eToro-Momentum-LS.MLS_FlashCrashReversalStrategy_JAZZ.ETORO_229: self.config.oms_type=None
2026-06-11T20:05:49.634551715Z [INFO] eToro-Momentum-LS.MLS_FlashCrashReversalStrategy_JAZZ.ETORO_229: self.config.external_order_claims=None
2026-06-11T20:05:49.634551896Z [INFO] eToro-Momentum-LS.MLS_FlashCrashReversalStrategy_JAZZ.ETORO_229: self.config.manage_gtd_expiry=False
2026-06-11T20:05:49.634552607Z [INFO] eToro-Momentum-LS.MLS_FlashCrashReversalStrategy_JAZZ.ETORO_229: Set ClientOrderIdGenerator client_order_id count to 0
2026-06-11T20:05:49.634552958Z [INFO] eToro-Momentum-LS.MLS_FlashCrashReversalStrategy_JAZZ.ETORO_229: Set ClientOrderIdGenerator order_list_id count to 0
2026-06-11T20:05:49.634554481Z [INFO] eToro-Momentum-LS.MLS_FlashCrashReversalStrategy_JAZZ.ETORO_229: Starte Flash Crash Reversal auf JAZZ.ETORO
2026-06-11T20:05:49.634564008Z [DEBUG] eToro-Momentum-LS.MessageBus: Added Subscription(topic=data.bars.JAZZ.ETORO-1-HOUR-MID-INTERNAL, handler=<bound method Actor.handle_bar of FlashCrashReversalStrategy(MLS_FlashCrashReversalStrategy_JAZZ.ETORO_229-229)>, priority=0)
2026-06-11T20:05:49.634568326Z [INFO] eToro-Momentum-LS.MLS_FlashCrashReversalStrategy_JAZZ.ETORO_229: [CMD]--> SubscribeBars(bar_type=JAZZ.ETORO-1-HOUR-MID-INTERNAL, client_id=None, venue=ETORO)
2026-06-11T20:05:49.634590428Z [INFO] eToro-Momentum-LS.MLS_FlashCrashReversalStrategy_JAZZ.ETORO_229: RUNNING
2026-06-11T20:05:49.634593233Z [DEBUG] eToro-Momentum-LS.MLS_FlashCrashReversalStrategy_JAZZ.ETORO_230: STARTING
2026-06-11T20:05:49.634593473Z [INFO] eToro-Momentum-LS.MLS_FlashCrashReversalStrategy_JAZZ.ETORO_230: self.config.oms_type=None
2026-06-11T20:05:49.634593734Z [INFO] eToro-Momentum-LS.MLS_FlashCrashReversalStrategy_JAZZ.ETORO_230: self.config.external_order_claims=None
2026-06-11T20:05:49.634594054Z [INFO] eToro-Momentum-LS.MLS_FlashCrashReversalStrategy_JAZZ.ETORO_230: self.config.manage_gtd_expiry=False
2026-06-11T20:05:49.634594565Z [INFO] eToro-Momentum-LS.MLS_FlashCrashReversalStrategy_JAZZ.ETORO_230: Set ClientOrderIdGenerator client_order_id count to 0
2026-06-11T20:05:49.634594766Z [INFO] eToro-Momentum-LS.MLS_FlashCrashReversalStrategy_JAZZ.ETORO_230: Set ClientOrderIdGenerator order_list_id count to 0
2026-06-11T20:05:49.634596509Z [INFO] eToro-Momentum-LS.MLS_FlashCrashReversalStrategy_JAZZ.ETORO_230: Starte Flash Crash Reversal auf JAZZ.ETORO
2026-06-11T20:05:49.634610275Z [DEBUG] eToro-Momentum-LS.MessageBus: Added Subscription(topic=data.bars.JAZZ.ETORO-1-HOUR-MID-INTERNAL, handler=<bound method Actor.handle_bar of FlashCrashReversalStrategy(MLS_FlashCrashReversalStrategy_JAZZ.ETORO_230-230)>, priority=0)
2026-06-11T20:05:49.634613711Z [INFO] eToro-Momentum-LS.MLS_FlashCrashReversalStrategy_JAZZ.ETORO_230: [CMD]--> SubscribeBars(bar_type=JAZZ.ETORO-1-HOUR-MID-INTERNAL, client_id=None, venue=ETORO)
2026-06-11T20:05:49.634632917Z [INFO] eToro-Momentum-LS.MLS_FlashCrashReversalStrategy_JAZZ.ETORO_230: RUNNING
2026-06-11T20:05:49.634635462Z [DEBUG] eToro-Momentum-LS.MLS_FlashCrashReversalStrategy_JAZZ.ETORO_231: STARTING
2026-06-11T20:05:49.634635812Z [INFO] eToro-Momentum-LS.MLS_FlashCrashReversalStrategy_JAZZ.ETORO_231: self.config.oms_type=None
2026-06-11T20:05:49.634636193Z [INFO] eToro-Momentum-LS.MLS_FlashCrashReversalStrategy_JAZZ.ETORO_231: self.config.external_order_claims=None
2026-06-11T20:05:49.634636363Z [INFO] eToro-Momentum-LS.MLS_FlashCrashReversalStrategy_JAZZ.ETORO_231: self.config.manage_gtd_expiry=False
2026-06-11T20:05:49.634636995Z [INFO] eToro-Momentum-LS.MLS_FlashCrashReversalStrategy_JAZZ.ETORO_231: Set ClientOrderIdGenerator client_order_id count to 0
2026-06-11T20:05:49.634637155Z [INFO] eToro-Momentum-LS.MLS_FlashCrashReversalStrategy_JAZZ.ETORO_231: Set ClientOrderIdGenerator order_list_id count to 0
2026-06-11T20:05:49.634638848Z [INFO] eToro-Momentum-LS.MLS_FlashCrashReversalStrategy_JAZZ.ETORO_231: Starte Flash Crash Reversal auf JAZZ.ETORO
2026-06-11T20:05:49.634647695Z [DEBUG] eToro-Momentum-LS.MessageBus: Added Subscription(topic=data.bars.JAZZ.ETORO-1-HOUR-MID-INTERNAL, handler=<bound method Actor.handle_bar of FlashCrashReversalStrategy(MLS_FlashCrashReversalStrategy_JAZZ.ETORO_231-231)>, priority=0)
2026-06-11T20:05:49.634650540Z [INFO] eToro-Momentum-LS.MLS_FlashCrashReversalStrategy_JAZZ.ETORO_231: [CMD]--> SubscribeBars(bar_type=JAZZ.ETORO-1-HOUR-MID-INTERNAL, client_id=None, venue=ETORO)
2026-06-11T20:05:49.634670477Z [INFO] eToro-Momentum-LS.MLS_FlashCrashReversalStrategy_JAZZ.ETORO_231: RUNNING
2026-06-11T20:05:49.634676318Z [DEBUG] eToro-Momentum-LS.MLS_FlashCrashReversalStrategy_RHM.DE.ETORO_232: STARTING
2026-06-11T20:05:49.634676739Z [INFO] eToro-Momentum-LS.MLS_FlashCrashReversalStrategy_RHM.DE.ETORO_232: self.config.oms_type=None
2026-06-11T20:05:49.634677089Z [INFO] eToro-Momentum-LS.MLS_FlashCrashReversalStrategy_RHM.DE.ETORO_232: self.config.external_order_claims=None
2026-06-11T20:05:49.634677260Z [INFO] eToro-Momentum-LS.MLS_FlashCrashReversalStrategy_RHM.DE.ETORO_232: self.config.manage_gtd_expiry=False
2026-06-11T20:05:49.634678061Z [INFO] eToro-Momentum-LS.MLS_FlashCrashReversalStrategy_RHM.DE.ETORO_232: Set ClientOrderIdGenerator client_order_id count to 0
2026-06-11T20:05:49.634678392Z [INFO] eToro-Momentum-LS.MLS_FlashCrashReversalStrategy_RHM.DE.ETORO_232: Set ClientOrderIdGenerator order_list_id count to 0
2026-06-11T20:05:49.634680596Z [INFO] eToro-Momentum-LS.MLS_FlashCrashReversalStrategy_RHM.DE.ETORO_232: Starte Flash Crash Reversal auf RHM.DE.ETORO
2026-06-11T20:05:49.634689603Z [DEBUG] eToro-Momentum-LS.MessageBus: Added Subscription(topic=data.bars.RHM.DE.ETORO-1-HOUR-MID-INTERNAL, handler=<bound method Actor.handle_bar of FlashCrashReversalStrategy(MLS_FlashCrashReversalStrategy_RHM.DE.ETORO_232-232)>, priority=0)
2026-06-11T20:05:49.634692107Z [INFO] eToro-Momentum-LS.MLS_FlashCrashReversalStrategy_RHM.DE.ETORO_232: [CMD]--> SubscribeBars(bar_type=RHM.DE.ETORO-1-HOUR-MID-INTERNAL, client_id=None, venue=ETORO)
2026-06-11T20:05:49.634712225Z [INFO] eToro-Momentum-LS.MLS_FlashCrashReversalStrategy_RHM.DE.ETORO_232: RUNNING
2026-06-11T20:05:49.634714750Z [DEBUG] eToro-Momentum-LS.MLS_FlashCrashReversalStrategy_PALL.ETORO_233: STARTING
2026-06-11T20:05:49.634715160Z [INFO] eToro-Momentum-LS.MLS_FlashCrashReversalStrategy_PALL.ETORO_233: self.config.oms_type=None
2026-06-11T20:05:49.634715371Z [INFO] eToro-Momentum-LS.MLS_FlashCrashReversalStrategy_PALL.ETORO_233: self.config.external_order_claims=None
2026-06-11T20:05:49.634715551Z [INFO] eToro-Momentum-LS.MLS_FlashCrashReversalStrategy_PALL.ETORO_233: self.config.manage_gtd_expiry=False
2026-06-11T20:05:49.634716363Z [INFO] eToro-Momentum-LS.MLS_FlashCrashReversalStrategy_PALL.ETORO_233: Set ClientOrderIdGenerator client_order_id count to 0
2026-06-11T20:05:49.634716533Z [INFO] eToro-Momentum-LS.MLS_FlashCrashReversalStrategy_PALL.ETORO_233: Set ClientOrderIdGenerator order_list_id count to 0
2026-06-11T20:05:49.634718747Z [INFO] eToro-Momentum-LS.MLS_FlashCrashReversalStrategy_PALL.ETORO_233: Starte Flash Crash Reversal auf PALL.ETORO
2026-06-11T20:05:49.634727173Z [DEBUG] eToro-Momentum-LS.MessageBus: Added Subscription(topic=data.bars.PALL.ETORO-1-HOUR-MID-INTERNAL, handler=<bound method Actor.handle_bar of FlashCrashReversalStrategy(MLS_FlashCrashReversalStrategy_PALL.ETORO_233-233)>, priority=0)
2026-06-11T20:05:49.634730860Z [INFO] eToro-Momentum-LS.MLS_FlashCrashReversalStrategy_PALL.ETORO_233: [CMD]--> SubscribeBars(bar_type=PALL.ETORO-1-HOUR-MID-INTERNAL, client_id=None, venue=ETORO)
2026-06-11T20:05:49.634751348Z [INFO] eToro-Momentum-LS.MLS_FlashCrashReversalStrategy_PALL.ETORO_233: RUNNING
2026-06-11T20:05:49.634753722Z [DEBUG] eToro-Momentum-LS.MLS_FlashCrashReversalStrategy_DOCU.ETORO_234: STARTING
2026-06-11T20:05:49.634754113Z [INFO] eToro-Momentum-LS.MLS_FlashCrashReversalStrategy_DOCU.ETORO_234: self.config.oms_type=None
2026-06-11T20:05:49.634754364Z [INFO] eToro-Momentum-LS.MLS_FlashCrashReversalStrategy_DOCU.ETORO_234: self.config.external_order_claims=None
2026-06-11T20:05:49.634754604Z [INFO] eToro-Momentum-LS.MLS_FlashCrashReversalStrategy_DOCU.ETORO_234: self.config.manage_gtd_expiry=False
2026-06-11T20:05:49.634755456Z [INFO] eToro-Momentum-LS.MLS_FlashCrashReversalStrategy_DOCU.ETORO_234: Set ClientOrderIdGenerator client_order_id count to 0
2026-06-11T20:05:49.634755606Z [INFO] eToro-Momentum-LS.MLS_FlashCrashReversalStrategy_DOCU.ETORO_234: Set ClientOrderIdGenerator order_list_id count to 0
2026-06-11T20:05:49.634757159Z [INFO] eToro-Momentum-LS.MLS_FlashCrashReversalStrategy_DOCU.ETORO_234: Starte Flash Crash Reversal auf DOCU.ETORO
2026-06-11T20:05:49.634766176Z [DEBUG] eToro-Momentum-LS.MessageBus: Added Subscription(topic=data.bars.DOCU.ETORO-1-HOUR-MID-INTERNAL, handler=<bound method Actor.handle_bar of FlashCrashReversalStrategy(MLS_FlashCrashReversalStrategy_DOCU.ETORO_234-234)>, priority=0)
2026-06-11T20:05:49.634769422Z [INFO] eToro-Momentum-LS.MLS_FlashCrashReversalStrategy_DOCU.ETORO_234: [CMD]--> SubscribeBars(bar_type=DOCU.ETORO-1-HOUR-MID-INTERNAL, client_id=None, venue=ETORO)
2026-06-11T20:05:49.634791152Z [INFO] eToro-Momentum-LS.MLS_FlashCrashReversalStrategy_DOCU.ETORO_234: RUNNING
2026-06-11T20:05:49.634793587Z [DEBUG] eToro-Momentum-LS.MLS_FlashCrashReversalStrategy_FSLY.ETORO_235: STARTING
2026-06-11T20:05:49.634793988Z [INFO] eToro-Momentum-LS.MLS_FlashCrashReversalStrategy_FSLY.ETORO_235: self.config.oms_type=None
2026-06-11T20:05:49.634794158Z [INFO] eToro-Momentum-LS.MLS_FlashCrashReversalStrategy_FSLY.ETORO_235: self.config.external_order_claims=None
2026-06-11T20:05:49.634794328Z [INFO] eToro-Momentum-LS.MLS_FlashCrashReversalStrategy_FSLY.ETORO_235: self.config.manage_gtd_expiry=False
2026-06-11T20:05:49.634794990Z [INFO] eToro-Momentum-LS.MLS_FlashCrashReversalStrategy_FSLY.ETORO_235: Set ClientOrderIdGenerator client_order_id count to 0
2026-06-11T20:05:49.634795320Z [INFO] eToro-Momentum-LS.MLS_FlashCrashReversalStrategy_FSLY.ETORO_235: Set ClientOrderIdGenerator order_list_id count to 0
2026-06-11T20:05:49.634796903Z [INFO] eToro-Momentum-LS.MLS_FlashCrashReversalStrategy_FSLY.ETORO_235: Starte Flash Crash Reversal auf FSLY.ETORO
2026-06-11T20:05:49.634806150Z [DEBUG] eToro-Momentum-LS.MessageBus: Added Subscription(topic=data.bars.FSLY.ETORO-1-HOUR-MID-INTERNAL, handler=<bound method Actor.handle_bar of FlashCrashReversalStrategy(MLS_FlashCrashReversalStrategy_FSLY.ETORO_235-235)>, priority=0)
2026-06-11T20:05:49.634809236Z [INFO] eToro-Momentum-LS.MLS_FlashCrashReversalStrategy_FSLY.ETORO_235: [CMD]--> SubscribeBars(bar_type=FSLY.ETORO-1-HOUR-MID-INTERNAL, client_id=None, venue=ETORO)
2026-06-11T20:05:49.634829093Z [INFO] eToro-Momentum-LS.MLS_FlashCrashReversalStrategy_FSLY.ETORO_235: RUNNING
2026-06-11T20:05:49.634832449Z [DEBUG] eToro-Momentum-LS.MLS_FlashCrashReversalStrategy_TSEM.ETORO_236: STARTING
2026-06-11T20:05:49.634832850Z [INFO] eToro-Momentum-LS.MLS_FlashCrashReversalStrategy_TSEM.ETORO_236: self.config.oms_type=None
2026-06-11T20:05:49.634833021Z [INFO] eToro-Momentum-LS.MLS_FlashCrashReversalStrategy_TSEM.ETORO_236: self.config.external_order_claims=None
2026-06-11T20:05:49.634833181Z [INFO] eToro-Momentum-LS.MLS_FlashCrashReversalStrategy_TSEM.ETORO_236: self.config.manage_gtd_expiry=False
2026-06-11T20:05:49.634833892Z [INFO] eToro-Momentum-LS.MLS_FlashCrashReversalStrategy_TSEM.ETORO_236: Set ClientOrderIdGenerator client_order_id count to 0
2026-06-11T20:05:49.634834103Z [INFO] eToro-Momentum-LS.MLS_FlashCrashReversalStrategy_TSEM.ETORO_236: Set ClientOrderIdGenerator order_list_id count to 0
2026-06-11T20:05:49.634835124Z [INFO] eToro-Momentum-LS.MLS_FlashCrashReversalStrategy_TSEM.ETORO_236: Starte Flash Crash Reversal auf TSEM.ETORO
2026-06-11T20:05:49.634843961Z [DEBUG] eToro-Momentum-LS.MessageBus: Added Subscription(topic=data.bars.TSEM.ETORO-1-HOUR-MID-INTERNAL, handler=<bound method Actor.handle_bar of FlashCrashReversalStrategy(MLS_FlashCrashReversalStrategy_TSEM.ETORO_236-236)>, priority=0)
2026-06-11T20:05:49.634848299Z [INFO] eToro-Momentum-LS.MLS_FlashCrashReversalStrategy_TSEM.ETORO_236: [CMD]--> SubscribeBars(bar_type=TSEM.ETORO-1-HOUR-MID-INTERNAL, client_id=None, venue=ETORO)
2026-06-11T20:05:49.634867064Z [INFO] eToro-Momentum-LS.MLS_FlashCrashReversalStrategy_TSEM.ETORO_236: RUNNING
2026-06-11T20:05:49.634873436Z [DEBUG] eToro-Momentum-LS.MLS_FlashCrashReversalStrategy_AG.ETORO_237: STARTING
2026-06-11T20:05:49.634873887Z [INFO] eToro-Momentum-LS.MLS_FlashCrashReversalStrategy_AG.ETORO_237: self.config.oms_type=None
2026-06-11T20:05:49.634874097Z [INFO] eToro-Momentum-LS.MLS_FlashCrashReversalStrategy_AG.ETORO_237: self.config.external_order_claims=None
2026-06-11T20:05:49.634874278Z [INFO] eToro-Momentum-LS.MLS_FlashCrashReversalStrategy_AG.ETORO_237: self.config.manage_gtd_expiry=False
2026-06-11T20:05:49.634874989Z [INFO] eToro-Momentum-LS.MLS_FlashCrashReversalStrategy_AG.ETORO_237: Set ClientOrderIdGenerator client_order_id count to 0
2026-06-11T20:05:49.634875319Z [INFO] eToro-Momentum-LS.MLS_FlashCrashReversalStrategy_AG.ETORO_237: Set ClientOrderIdGenerator order_list_id count to 0
2026-06-11T20:05:49.634876892Z [INFO] eToro-Momentum-LS.MLS_FlashCrashReversalStrategy_AG.ETORO_237: Starte Flash Crash Reversal auf AG.ETORO
2026-06-11T20:05:49.634888715Z [DEBUG] eToro-Momentum-LS.MessageBus: Added Subscription(topic=data.bars.AG.ETORO-1-HOUR-MID-INTERNAL, handler=<bound method Actor.handle_bar of FlashCrashReversalStrategy(MLS_FlashCrashReversalStrategy_AG.ETORO_237-237)>, priority=0)
2026-06-11T20:05:49.634892051Z [INFO] eToro-Momentum-LS.MLS_FlashCrashReversalStrategy_AG.ETORO_237: [CMD]--> SubscribeBars(bar_type=AG.ETORO-1-HOUR-MID-INTERNAL, client_id=None, venue=ETORO)
2026-06-11T20:05:49.634913942Z [INFO] eToro-Momentum-LS.MLS_FlashCrashReversalStrategy_AG.ETORO_237: RUNNING
2026-06-11T20:05:49.634920574Z [DEBUG] eToro-Momentum-LS.MLS_FlashCrashReversalStrategy_XPEV.ETORO_238: STARTING
2026-06-11T20:05:49.634921245Z [INFO] eToro-Momentum-LS.MLS_FlashCrashReversalStrategy_XPEV.ETORO_238: self.config.oms_type=None
2026-06-11T20:05:49.634921626Z [INFO] eToro-Momentum-LS.MLS_FlashCrashReversalStrategy_XPEV.ETORO_238: self.config.external_order_claims=None
2026-06-11T20:05:49.634921967Z [INFO] eToro-Momentum-LS.MLS_FlashCrashReversalStrategy_XPEV.ETORO_238: self.config.manage_gtd_expiry=False
2026-06-11T20:05:49.634923199Z [INFO] eToro-Momentum-LS.MLS_FlashCrashReversalStrategy_XPEV.ETORO_238: Set ClientOrderIdGenerator client_order_id count to 0
2026-06-11T20:05:49.634923690Z [INFO] eToro-Momentum-LS.MLS_FlashCrashReversalStrategy_XPEV.ETORO_238: Set ClientOrderIdGenerator order_list_id count to 0
2026-06-11T20:05:49.634925954Z [INFO] eToro-Momentum-LS.MLS_FlashCrashReversalStrategy_XPEV.ETORO_238: Starte Flash Crash Reversal auf XPEV.ETORO
2026-06-11T20:05:49.634941293Z [DEBUG] eToro-Momentum-LS.MessageBus: Added Subscription(topic=data.bars.XPEV.ETORO-1-HOUR-MID-INTERNAL, handler=<bound method Actor.handle_bar of FlashCrashReversalStrategy(MLS_FlashCrashReversalStrategy_XPEV.ETORO_238-238)>, priority=0)
2026-06-11T20:05:49.634946382Z [INFO] eToro-Momentum-LS.MLS_FlashCrashReversalStrategy_XPEV.ETORO_238: [CMD]--> SubscribeBars(bar_type=XPEV.ETORO-1-HOUR-MID-INTERNAL, client_id=None, venue=ETORO)
2026-06-11T20:05:49.634968694Z [INFO] eToro-Momentum-LS.MLS_FlashCrashReversalStrategy_XPEV.ETORO_238: RUNNING
2026-06-11T20:05:49.634971609Z [DEBUG] eToro-Momentum-LS.MLS_FlashCrashReversalStrategy_E.ETORO_239: STARTING
2026-06-11T20:05:49.634972411Z [INFO] eToro-Momentum-LS.MLS_FlashCrashReversalStrategy_E.ETORO_239: self.config.oms_type=None
2026-06-11T20:05:49.634972631Z [INFO] eToro-Momentum-LS.MLS_FlashCrashReversalStrategy_E.ETORO_239: self.config.external_order_claims=None
2026-06-11T20:05:49.634972842Z [INFO] eToro-Momentum-LS.MLS_FlashCrashReversalStrategy_E.ETORO_239: self.config.manage_gtd_expiry=False
2026-06-11T20:05:49.634973603Z [INFO] eToro-Momentum-LS.MLS_FlashCrashReversalStrategy_E.ETORO_239: Set ClientOrderIdGenerator client_order_id count to 0
2026-06-11T20:05:49.634973763Z [INFO] eToro-Momentum-LS.MLS_FlashCrashReversalStrategy_E.ETORO_239: Set ClientOrderIdGenerator order_list_id count to 0
2026-06-11T20:05:49.634975356Z [INFO] eToro-Momentum-LS.MLS_FlashCrashReversalStrategy_E.ETORO_239: Starte Flash Crash Reversal auf E.ETORO
2026-06-11T20:05:49.634985175Z [DEBUG] eToro-Momentum-LS.MessageBus: Added Subscription(topic=data.bars.E.ETORO-1-HOUR-MID-INTERNAL, handler=<bound method Actor.handle_bar of FlashCrashReversalStrategy(MLS_FlashCrashReversalStrategy_E.ETORO_239-239)>, priority=0)
2026-06-11T20:05:49.634990374Z [INFO] eToro-Momentum-LS.MLS_FlashCrashReversalStrategy_E.ETORO_239: [CMD]--> SubscribeBars(bar_type=E.ETORO-1-HOUR-MID-INTERNAL, client_id=None, venue=ETORO)
2026-06-11T20:05:49.635010933Z [INFO] eToro-Momentum-LS.MLS_FlashCrashReversalStrategy_E.ETORO_239: RUNNING
2026-06-11T20:05:49.635013688Z [DEBUG] eToro-Momentum-LS.MLS_FlashCrashReversalStrategy_HUT.ETORO_240: STARTING
2026-06-11T20:05:49.635014169Z [INFO] eToro-Momentum-LS.MLS_FlashCrashReversalStrategy_HUT.ETORO_240: self.config.oms_type=None
2026-06-11T20:05:49.635014439Z [INFO] eToro-Momentum-LS.MLS_FlashCrashReversalStrategy_HUT.ETORO_240: self.config.external_order_claims=None
2026-06-11T20:05:49.635014690Z [INFO] eToro-Momentum-LS.MLS_FlashCrashReversalStrategy_HUT.ETORO_240: self.config.manage_gtd_expiry=False
2026-06-11T20:05:49.635015451Z [INFO] eToro-Momentum-LS.MLS_FlashCrashReversalStrategy_HUT.ETORO_240: Set ClientOrderIdGenerator client_order_id count to 0
2026-06-11T20:05:49.635015782Z [INFO] eToro-Momentum-LS.MLS_FlashCrashReversalStrategy_HUT.ETORO_240: Set ClientOrderIdGenerator order_list_id count to 0
2026-06-11T20:05:49.635017104Z [INFO] eToro-Momentum-LS.MLS_FlashCrashReversalStrategy_HUT.ETORO_240: Starte Flash Crash Reversal auf HUT.ETORO
2026-06-11T20:05:49.635031361Z [DEBUG] eToro-Momentum-LS.MessageBus: Added Subscription(topic=data.bars.HUT.ETORO-1-HOUR-MID-INTERNAL, handler=<bound method Actor.handle_bar of FlashCrashReversalStrategy(MLS_FlashCrashReversalStrategy_HUT.ETORO_240-240)>, priority=0)
2026-06-11T20:05:49.635034897Z [INFO] eToro-Momentum-LS.MLS_FlashCrashReversalStrategy_HUT.ETORO_240: [CMD]--> SubscribeBars(bar_type=HUT.ETORO-1-HOUR-MID-INTERNAL, client_id=None, venue=ETORO)
2026-06-11T20:05:49.635056518Z [INFO] eToro-Momentum-LS.MLS_FlashCrashReversalStrategy_HUT.ETORO_240: RUNNING
2026-06-11T20:05:49.635059123Z [DEBUG] eToro-Momentum-LS.MLS_FlashCrashReversalStrategy_INSM.ETORO_241: STARTING
2026-06-11T20:05:49.635059664Z [INFO] eToro-Momentum-LS.MLS_FlashCrashReversalStrategy_INSM.ETORO_241: self.config.oms_type=None
2026-06-11T20:05:49.635059924Z [INFO] eToro-Momentum-LS.MLS_FlashCrashReversalStrategy_INSM.ETORO_241: self.config.external_order_claims=None
2026-06-11T20:05:49.635060265Z [INFO] eToro-Momentum-LS.MLS_FlashCrashReversalStrategy_INSM.ETORO_241: self.config.manage_gtd_expiry=False
2026-06-11T20:05:49.635060876Z [INFO] eToro-Momentum-LS.MLS_FlashCrashReversalStrategy_INSM.ETORO_241: Set ClientOrderIdGenerator client_order_id count to 0
2026-06-11T20:05:49.635061086Z [INFO] eToro-Momentum-LS.MLS_FlashCrashReversalStrategy_INSM.ETORO_241: Set ClientOrderIdGenerator order_list_id count to 0
2026-06-11T20:05:49.635062519Z [INFO] eToro-Momentum-LS.MLS_FlashCrashReversalStrategy_INSM.ETORO_241: Starte Flash Crash Reversal auf INSM.ETORO
2026-06-11T20:05:49.635071105Z [DEBUG] eToro-Momentum-LS.MessageBus: Added Subscription(topic=data.bars.INSM.ETORO-1-HOUR-MID-INTERNAL, handler=<bound method Actor.handle_bar of FlashCrashReversalStrategy(MLS_FlashCrashReversalStrategy_INSM.ETORO_241-241)>, priority=0)
2026-06-11T20:05:49.635076154Z [INFO] eToro-Momentum-LS.MLS_FlashCrashReversalStrategy_INSM.ETORO_241: [CMD]--> SubscribeBars(bar_type=INSM.ETORO-1-HOUR-MID-INTERNAL, client_id=None, venue=ETORO)
2026-06-11T20:05:49.635095771Z [INFO] eToro-Momentum-LS.MLS_FlashCrashReversalStrategy_INSM.ETORO_241: RUNNING
2026-06-11T20:05:49.635098065Z [DEBUG] eToro-Momentum-LS.MLS_FlashCrashReversalStrategy_INSW.ETORO_242: STARTING
2026-06-11T20:05:49.635098466Z [INFO] eToro-Momentum-LS.MLS_FlashCrashReversalStrategy_INSW.ETORO_242: self.config.oms_type=None
2026-06-11T20:05:49.635101111Z [INFO] eToro-Momentum-LS.MLS_FlashCrashReversalStrategy_INSW.ETORO_242: self.config.external_order_claims=None
2026-06-11T20:05:49.635101261Z [INFO] eToro-Momentum-LS.MLS_FlashCrashReversalStrategy_INSW.ETORO_242: self.config.manage_gtd_expiry=False
2026-06-11T20:05:49.635101762Z [INFO] eToro-Momentum-LS.MLS_FlashCrashReversalStrategy_INSW.ETORO_242: Set ClientOrderIdGenerator client_order_id count to 0
2026-06-11T20:05:49.635101973Z [INFO] eToro-Momentum-LS.MLS_FlashCrashReversalStrategy_INSW.ETORO_242: Set ClientOrderIdGenerator order_list_id count to 0
2026-06-11T20:05:49.635103696Z [INFO] eToro-Momentum-LS.MLS_FlashCrashReversalStrategy_INSW.ETORO_242: Starte Flash Crash Reversal auf INSW.ETORO
2026-06-11T20:05:49.635110869Z [DEBUG] eToro-Momentum-LS.MessageBus: Added Subscription(topic=data.bars.INSW.ETORO-1-HOUR-MID-INTERNAL, handler=<bound method Actor.handle_bar of FlashCrashReversalStrategy(MLS_FlashCrashReversalStrategy_INSW.ETORO_242-242)>, priority=0)
2026-06-11T20:05:49.635113975Z [INFO] eToro-Momentum-LS.MLS_FlashCrashReversalStrategy_INSW.ETORO_242: [CMD]--> SubscribeBars(bar_type=INSW.ETORO-1-HOUR-MID-INTERNAL, client_id=None, venue=ETORO)
2026-06-11T20:05:49.635134734Z [INFO] eToro-Momentum-LS.MLS_FlashCrashReversalStrategy_INSW.ETORO_242: RUNNING
2026-06-11T20:05:49.635137699Z [DEBUG] eToro-Momentum-LS.MLS_FlashCrashReversalStrategy_TTMI.ETORO_243: STARTING
2026-06-11T20:05:49.635138100Z [INFO] eToro-Momentum-LS.MLS_FlashCrashReversalStrategy_TTMI.ETORO_243: self.config.oms_type=None
2026-06-11T20:05:49.635138471Z [INFO] eToro-Momentum-LS.MLS_FlashCrashReversalStrategy_TTMI.ETORO_243: self.config.external_order_claims=None
2026-06-11T20:05:49.635138631Z [INFO] eToro-Momentum-LS.MLS_FlashCrashReversalStrategy_TTMI.ETORO_243: self.config.manage_gtd_expiry=False
2026-06-11T20:05:49.635139292Z [INFO] eToro-Momentum-LS.MLS_FlashCrashReversalStrategy_TTMI.ETORO_243: Set ClientOrderIdGenerator client_order_id count to 0
2026-06-11T20:05:49.635139433Z [INFO] eToro-Momentum-LS.MLS_FlashCrashReversalStrategy_TTMI.ETORO_243: Set ClientOrderIdGenerator order_list_id count to 0
2026-06-11T20:05:49.635144532Z [INFO] eToro-Momentum-LS.MLS_FlashCrashReversalStrategy_TTMI.ETORO_243: Starte Flash Crash Reversal auf TTMI.ETORO
2026-06-11T20:05:49.635156615Z [DEBUG] eToro-Momentum-LS.MessageBus: Added Subscription(topic=data.bars.TTMI.ETORO-1-HOUR-MID-INTERNAL, handler=<bound method Actor.handle_bar of FlashCrashReversalStrategy(MLS_FlashCrashReversalStrategy_TTMI.ETORO_243-243)>, priority=0)
2026-06-11T20:05:49.635160652Z [INFO] eToro-Momentum-LS.MLS_FlashCrashReversalStrategy_TTMI.ETORO_243: [CMD]--> SubscribeBars(bar_type=TTMI.ETORO-1-HOUR-MID-INTERNAL, client_id=None, venue=ETORO)
2026-06-11T20:05:49.635180409Z [INFO] eToro-Momentum-LS.MLS_FlashCrashReversalStrategy_TTMI.ETORO_243: RUNNING
2026-06-11T20:05:49.635188745Z [INFO] eToro-Momentum-LS.eToro-Momentum-LS: RUNNING
2026-06-11T20:05:49.635193924Z [INFO] eToro-Momentum-LS.TradingNode: RUNNING
2026-06-11T20:05:49.635875026Z [ERROR] eToro-Momentum-LS.DataEngine: Cannot start bar aggregation: no instrument found for SMTC.ETORO
2026-06-11T20:05:49.635880085Z [WARN] eToro-Momentum-LS.DataEngine: Cannot setup bar aggregator: no aggregator found for SMTC.ETORO-1-HOUR-MID-INTERNAL with key (SMTC.ETORO-1-HOUR-MID-INTERNAL, None)
2026-06-11T20:05:49.635883131Z [ERROR] eToro-Momentum-LS.DataEngine: Cannot subscribe bar aggregator: no aggregator found for SMTC.ETORO-1-HOUR-MID-INTERNAL with key (SMTC.ETORO-1-HOUR-MID-INTERNAL, None)
2026-06-11T20:05:49.635888671Z [ERROR] eToro-Momentum-LS.DataEngine: Cannot start bar aggregation: no instrument found for SMTC.ETORO
2026-06-11T20:05:49.635891436Z [WARN] eToro-Momentum-LS.DataEngine: Cannot setup bar aggregator: no aggregator found for SMTC.ETORO-1-HOUR-MID-INTERNAL with key (SMTC.ETORO-1-HOUR-MID-INTERNAL, None)
2026-06-11T20:05:49.635892549Z [ERROR] eToro-Momentum-LS.DataEngine: Cannot subscribe bar aggregator: no aggregator found for SMTC.ETORO-1-HOUR-MID-INTERNAL with key (SMTC.ETORO-1-HOUR-MID-INTERNAL, None)
2026-06-11T20:05:49.635895183Z [ERROR] eToro-Momentum-LS.DataEngine: Cannot start bar aggregation: no instrument found for SMTC.ETORO
2026-06-11T20:05:49.635896245Z [WARN] eToro-Momentum-LS.DataEngine: Cannot setup bar aggregator: no aggregator found for SMTC.ETORO-1-HOUR-MID-INTERNAL with key (SMTC.ETORO-1-HOUR-MID-INTERNAL, None)
2026-06-11T20:05:49.635897147Z [ERROR] eToro-Momentum-LS.DataEngine: Cannot subscribe bar aggregator: no aggregator found for SMTC.ETORO-1-HOUR-MID-INTERNAL with key (SMTC.ETORO-1-HOUR-MID-INTERNAL, None)
2026-06-11T20:05:49.635902507Z [ERROR] eToro-Momentum-LS.DataEngine: Cannot start bar aggregation: no instrument found for SMTC.ETORO
2026-06-11T20:05:49.635905583Z [WARN] eToro-Momentum-LS.DataEngine: Cannot setup bar aggregator: no aggregator found for SMTC.ETORO-1-HOUR-MID-INTERNAL with key (SMTC.ETORO-1-HOUR-MID-INTERNAL, None)
2026-06-11T20:05:49.635909440Z [ERROR] eToro-Momentum-LS.DataEngine: Cannot subscribe bar aggregator: no aggregator found for SMTC.ETORO-1-HOUR-MID-INTERNAL with key (SMTC.ETORO-1-HOUR-MID-INTERNAL, None)
2026-06-11T20:05:49.635911624Z [ERROR] eToro-Momentum-LS.DataEngine: Cannot start bar aggregation: no instrument found for SMTC.ETORO
2026-06-11T20:05:49.635912676Z [WARN] eToro-Momentum-LS.DataEngine: Cannot setup bar aggregator: no aggregator found for SMTC.ETORO-1-HOUR-MID-INTERNAL with key (SMTC.ETORO-1-HOUR-MID-INTERNAL, None)
2026-06-11T20:05:49.635918026Z [ERROR] eToro-Momentum-LS.DataEngine: Cannot subscribe bar aggregator: no aggregator found for SMTC.ETORO-1-HOUR-MID-INTERNAL with key (SMTC.ETORO-1-HOUR-MID-INTERNAL, None)
2026-06-11T20:05:49.635921262Z [ERROR] eToro-Momentum-LS.DataEngine: Cannot start bar aggregation: no instrument found for SMTC.ETORO
2026-06-11T20:05:49.635922665Z [WARN] eToro-Momentum-LS.DataEngine: Cannot setup bar aggregator: no aggregator found for SMTC.ETORO-1-HOUR-MID-INTERNAL with key (SMTC.ETORO-1-HOUR-MID-INTERNAL, None)
2026-06-11T20:05:49.635925190Z [ERROR] eToro-Momentum-LS.DataEngine: Cannot subscribe bar aggregator: no aggregator found for SMTC.ETORO-1-HOUR-MID-INTERNAL with key (SMTC.ETORO-1-HOUR-MID-INTERNAL, None)
2026-06-11T20:05:49.635929818Z [ERROR] eToro-Momentum-LS.DataEngine: Cannot start bar aggregation: no instrument found for SMTC.ETORO
2026-06-11T20:05:49.635931752Z [WARN] eToro-Momentum-LS.DataEngine: Cannot setup bar aggregator: no aggregator found for SMTC.ETORO-1-HOUR-MID-INTERNAL with key (SMTC.ETORO-1-HOUR-MID-INTERNAL, None)
2026-06-11T20:05:49.635938124Z [ERROR] eToro-Momentum-LS.DataEngine: Cannot subscribe bar aggregator: no aggregator found for SMTC.ETORO-1-HOUR-MID-INTERNAL with key (SMTC.ETORO-1-HOUR-MID-INTERNAL, None)
2026-06-11T20:05:49.635945107Z [ERROR] eToro-Momentum-LS.DataEngine: Cannot start bar aggregation: no instrument found for SEI.US.ETORO
2026-06-11T20:05:49.635946349Z [WARN] eToro-Momentum-LS.DataEngine: Cannot setup bar aggregator: no aggregator found for SEI.US.ETORO-1-HOUR-MID-INTERNAL with key (SEI.US.ETORO-1-HOUR-MID-INTERNAL, None)
2026-06-11T20:05:49.635949495Z [ERROR] eToro-Momentum-LS.DataEngine: Cannot subscribe bar aggregator: no aggregator found for SEI.US.ETORO-1-HOUR-MID-INTERNAL with key (SEI.US.ETORO-1-HOUR-MID-INTERNAL, None)
2026-06-11T20:05:49.635951549Z [ERROR] eToro-Momentum-LS.DataEngine: Cannot start bar aggregation: no instrument found for SEI.US.ETORO
2026-06-11T20:05:49.635953222Z [WARN] eToro-Momentum-LS.DataEngine: Cannot setup bar aggregator: no aggregator found for SEI.US.ETORO-1-HOUR-MID-INTERNAL with key (SEI.US.ETORO-1-HOUR-MID-INTERNAL, None)
2026-06-11T20:05:49.635954314Z [ERROR] eToro-Momentum-LS.DataEngine: Cannot subscribe bar aggregator: no aggregator found for SEI.US.ETORO-1-HOUR-MID-INTERNAL with key (SEI.US.ETORO-1-HOUR-MID-INTERNAL, None)
2026-06-11T20:05:49.635956889Z [ERROR] eToro-Momentum-LS.DataEngine: Cannot start bar aggregation: no instrument found for SEI.US.ETORO
2026-06-11T20:05:49.635959113Z [WARN] eToro-Momentum-LS.DataEngine: Cannot setup bar aggregator: no aggregator found for SEI.US.ETORO-1-HOUR-MID-INTERNAL with key (SEI.US.ETORO-1-HOUR-MID-INTERNAL, None)
2026-06-11T20:05:49.635960415Z [ERROR] eToro-Momentum-LS.DataEngine: Cannot subscribe bar aggregator: no aggregator found for SEI.US.ETORO-1-HOUR-MID-INTERNAL with key (SEI.US.ETORO-1-HOUR-MID-INTERNAL, None)
2026-06-11T20:05:49.635962349Z [ERROR] eToro-Momentum-LS.DataEngine: Cannot start bar aggregation: no instrument found for SEI.US.ETORO
2026-06-11T20:05:49.635963301Z [WARN] eToro-Momentum-LS.DataEngine: Cannot setup bar aggregator: no aggregator found for SEI.US.ETORO-1-HOUR-MID-INTERNAL with key (SEI.US.ETORO-1-HOUR-MID-INTERNAL, None)
2026-06-11T20:05:49.635964202Z [ERROR] eToro-Momentum-LS.DataEngine: Cannot subscribe bar aggregator: no aggregator found for SEI.US.ETORO-1-HOUR-MID-INTERNAL with key (SEI.US.ETORO-1-HOUR-MID-INTERNAL, None)
2026-06-11T20:05:49.635965946Z [ERROR] eToro-Momentum-LS.DataEngine: Cannot start bar aggregation: no instrument found for SEI.US.ETORO
2026-06-11T20:05:49.635967208Z [WARN] eToro-Momentum-LS.DataEngine: Cannot setup bar aggregator: no aggregator found for SEI.US.ETORO-1-HOUR-MID-INTERNAL with key (SEI.US.ETORO-1-HOUR-MID-INTERNAL, None)
2026-06-11T20:05:49.635968220Z [ERROR] eToro-Momentum-LS.DataEngine: Cannot subscribe bar aggregator: no aggregator found for SEI.US.ETORO-1-HOUR-MID-INTERNAL with key (SEI.US.ETORO-1-HOUR-MID-INTERNAL, None)
2026-06-11T20:05:49.635969863Z [ERROR] eToro-Momentum-LS.DataEngine: Cannot start bar aggregation: no instrument found for SEI.US.ETORO
2026-06-11T20:05:49.635970735Z [WARN] eToro-Momentum-LS.DataEngine: Cannot setup bar aggregator: no aggregator found for SEI.US.ETORO-1-HOUR-MID-INTERNAL with key (SEI.US.ETORO-1-HOUR-MID-INTERNAL, None)
2026-06-11T20:05:49.635971626Z [ERROR] eToro-Momentum-LS.DataEngine: Cannot subscribe bar aggregator: no aggregator found for SEI.US.ETORO-1-HOUR-MID-INTERNAL with key (SEI.US.ETORO-1-HOUR-MID-INTERNAL, None)
2026-06-11T20:05:49.635973339Z [ERROR] eToro-Momentum-LS.DataEngine: Cannot start bar aggregation: no instrument found for SEI.US.ETORO
2026-06-11T20:05:49.635974281Z [WARN] eToro-Momentum-LS.DataEngine: Cannot setup bar aggregator: no aggregator found for SEI.US.ETORO-1-HOUR-MID-INTERNAL with key (SEI.US.ETORO-1-HOUR-MID-INTERNAL, None)
2026-06-11T20:05:49.635975173Z [ERROR] eToro-Momentum-LS.DataEngine: Cannot subscribe bar aggregator: no aggregator found for SEI.US.ETORO-1-HOUR-MID-INTERNAL with key (SEI.US.ETORO-1-HOUR-MID-INTERNAL, None)
2026-06-11T20:05:49.635977678Z [ERROR] eToro-Momentum-LS.DataEngine: Cannot start bar aggregation: no instrument found for SEI.US.ETORO
2026-06-11T20:05:49.635978629Z [WARN] eToro-Momentum-LS.DataEngine: Cannot setup bar aggregator: no aggregator found for SEI.US.ETORO-1-HOUR-MID-INTERNAL with key (SEI.US.ETORO-1-HOUR-MID-INTERNAL, None)
2026-06-11T20:05:49.635979581Z [ERROR] eToro-Momentum-LS.DataEngine: Cannot subscribe bar aggregator: no aggregator found for SEI.US.ETORO-1-HOUR-MID-INTERNAL with key (SEI.US.ETORO-1-HOUR-MID-INTERNAL, None)
2026-06-11T20:05:49.635981615Z [ERROR] eToro-Momentum-LS.DataEngine: Cannot start bar aggregation: no instrument found for SEI.US.ETORO
2026-06-11T20:05:49.635982677Z [WARN] eToro-Momentum-LS.DataEngine: Cannot setup bar aggregator: no aggregator found for SEI.US.ETORO-1-HOUR-MID-INTERNAL with key (SEI.US.ETORO-1-HOUR-MID-INTERNAL, None)
2026-06-11T20:05:49.635986123Z [ERROR] eToro-Momentum-LS.DataEngine: Cannot subscribe bar aggregator: no aggregator found for SEI.US.ETORO-1-HOUR-MID-INTERNAL with key (SEI.US.ETORO-1-HOUR-MID-INTERNAL, None)
2026-06-11T20:05:49.635987897Z [ERROR] eToro-Momentum-LS.DataEngine: Cannot start bar aggregation: no instrument found for SEI.US.ETORO
2026-06-11T20:05:49.635992595Z [WARN] eToro-Momentum-LS.DataEngine: Cannot setup bar aggregator: no aggregator found for SEI.US.ETORO-1-HOUR-MID-INTERNAL with key (SEI.US.ETORO-1-HOUR-MID-INTERNAL, None)
2026-06-11T20:05:49.635995240Z [ERROR] eToro-Momentum-LS.DataEngine: Cannot subscribe bar aggregator: no aggregator found for SEI.US.ETORO-1-HOUR-MID-INTERNAL with key (SEI.US.ETORO-1-HOUR-MID-INTERNAL, None)
2026-06-11T20:05:49.635998637Z [ERROR] eToro-Momentum-LS.DataEngine: Cannot start bar aggregation: no instrument found for SEI.US.ETORO
2026-06-11T20:05:49.635999528Z [WARN] eToro-Momentum-LS.DataEngine: Cannot setup bar aggregator: no aggregator found for SEI.US.ETORO-1-HOUR-MID-INTERNAL with key (SEI.US.ETORO-1-HOUR-MID-INTERNAL, None)
2026-06-11T20:05:49.636001602Z [ERROR] eToro-Momentum-LS.DataEngine: Cannot subscribe bar aggregator: no aggregator found for SEI.US.ETORO-1-HOUR-MID-INTERNAL with key (SEI.US.ETORO-1-HOUR-MID-INTERNAL, None)
2026-06-11T20:05:49.636003656Z [ERROR] eToro-Momentum-LS.DataEngine: Cannot start bar aggregation: no instrument found for SEI.US.ETORO
2026-06-11T20:05:49.636007984Z [WARN] eToro-Momentum-LS.DataEngine: Cannot setup bar aggregator: no aggregator found for SEI.US.ETORO-1-HOUR-MID-INTERNAL with key (SEI.US.ETORO-1-HOUR-MID-INTERNAL, None)
2026-06-11T20:05:49.636012803Z [ERROR] eToro-Momentum-LS.DataEngine: Cannot subscribe bar aggregator: no aggregator found for SEI.US.ETORO-1-HOUR-MID-INTERNAL with key (SEI.US.ETORO-1-HOUR-MID-INTERNAL, None)
2026-06-11T20:05:49.636014987Z [ERROR] eToro-Momentum-LS.DataEngine: Cannot start bar aggregation: no instrument found for SEI.US.ETORO
2026-06-11T20:05:49.636017732Z [WARN] eToro-Momentum-LS.DataEngine: Cannot setup bar aggregator: no aggregator found for SEI.US.ETORO-1-HOUR-MID-INTERNAL with key (SEI.US.ETORO-1-HOUR-MID-INTERNAL, None)
2026-06-11T20:05:49.636018834Z [ERROR] eToro-Momentum-LS.DataEngine: Cannot subscribe bar aggregator: no aggregator found for SEI.US.ETORO-1-HOUR-MID-INTERNAL with key (SEI.US.ETORO-1-HOUR-MID-INTERNAL, None)
2026-06-11T20:05:49.636021399Z [ERROR] eToro-Momentum-LS.DataEngine: Cannot start bar aggregation: no instrument found for SEI.US.ETORO
2026-06-11T20:05:49.636022972Z [WARN] eToro-Momentum-LS.DataEngine: Cannot setup bar aggregator: no aggregator found for SEI.US.ETORO-1-HOUR-MID-INTERNAL with key (SEI.US.ETORO-1-HOUR-MID-INTERNAL, None)
2026-06-11T20:05:49.636023874Z [ERROR] eToro-Momentum-LS.DataEngine: Cannot subscribe bar aggregator: no aggregator found for SEI.US.ETORO-1-HOUR-MID-INTERNAL with key (SEI.US.ETORO-1-HOUR-MID-INTERNAL, None)
2026-06-11T20:05:49.636027040Z [ERROR] eToro-Momentum-LS.DataEngine: Cannot start bar aggregation: no instrument found for SEI.US.ETORO
2026-06-11T20:05:49.636028052Z [WARN] eToro-Momentum-LS.DataEngine: Cannot setup bar aggregator: no aggregator found for SEI.US.ETORO-1-HOUR-MID-INTERNAL with key (SEI.US.ETORO-1-HOUR-MID-INTERNAL, None)
2026-06-11T20:05:49.636033402Z [ERROR] eToro-Momentum-LS.DataEngine: Cannot subscribe bar aggregator: no aggregator found for SEI.US.ETORO-1-HOUR-MID-INTERNAL with key (SEI.US.ETORO-1-HOUR-MID-INTERNAL, None)
2026-06-11T20:05:49.636042599Z [ERROR] eToro-Momentum-LS.DataEngine: Cannot start bar aggregation: no instrument found for SEI.US.ETORO
2026-06-11T20:05:49.636045354Z [WARN] eToro-Momentum-LS.DataEngine: Cannot setup bar aggregator: no aggregator found for SEI.US.ETORO-1-HOUR-MID-INTERNAL with key (SEI.US.ETORO-1-HOUR-MID-INTERNAL, None)
2026-06-11T20:05:49.636046356Z [ERROR] eToro-Momentum-LS.DataEngine: Cannot subscribe bar aggregator: no aggregator found for SEI.US.ETORO-1-HOUR-MID-INTERNAL with key (SEI.US.ETORO-1-HOUR-MID-INTERNAL, None)
2026-06-11T20:05:49.636049081Z [ERROR] eToro-Momentum-LS.DataEngine: Cannot start bar aggregation: no instrument found for SEI.US.ETORO
2026-06-11T20:05:49.636050083Z [WARN] eToro-Momentum-LS.DataEngine: Cannot setup bar aggregator: no aggregator found for SEI.US.ETORO-1-HOUR-MID-INTERNAL with key (SEI.US.ETORO-1-HOUR-MID-INTERNAL, None)
2026-06-11T20:05:49.636051205Z [ERROR] eToro-Momentum-LS.DataEngine: Cannot subscribe bar aggregator: no aggregator found for SEI.US.ETORO-1-HOUR-MID-INTERNAL with key (SEI.US.ETORO-1-HOUR-MID-INTERNAL, None)
2026-06-11T20:05:49.636053649Z [ERROR] eToro-Momentum-LS.DataEngine: Cannot start bar aggregation: no instrument found for SEI.US.ETORO
2026-06-11T20:05:49.636058809Z [WARN] eToro-Momentum-LS.DataEngine: Cannot setup bar aggregator: no aggregator found for SEI.US.ETORO-1-HOUR-MID-INTERNAL with key (SEI.US.ETORO-1-HOUR-MID-INTERNAL, None)
2026-06-11T20:05:49.636060182Z [ERROR] eToro-Momentum-LS.DataEngine: Cannot subscribe bar aggregator: no aggregator found for SEI.US.ETORO-1-HOUR-MID-INTERNAL with key (SEI.US.ETORO-1-HOUR-MID-INTERNAL, None)
2026-06-11T20:05:49.636065161Z [ERROR] eToro-Momentum-LS.DataEngine: Cannot start bar aggregation: no instrument found for SEI.US.ETORO
2026-06-11T20:05:49.636066203Z [WARN] eToro-Momentum-LS.DataEngine: Cannot setup bar aggregator: no aggregator found for SEI.US.ETORO-1-HOUR-MID-INTERNAL with key (SEI.US.ETORO-1-HOUR-MID-INTERNAL, None)
2026-06-11T20:05:49.636069058Z [ERROR] eToro-Momentum-LS.DataEngine: Cannot subscribe bar aggregator: no aggregator found for SEI.US.ETORO-1-HOUR-MID-INTERNAL with key (SEI.US.ETORO-1-HOUR-MID-INTERNAL, None)
2026-06-11T20:05:49.636071222Z [ERROR] eToro-Momentum-LS.DataEngine: Cannot start bar aggregation: no instrument found for SEI.US.ETORO
2026-06-11T20:05:49.636073907Z [WARN] eToro-Momentum-LS.DataEngine: Cannot setup bar aggregator: no aggregator found for SEI.US.ETORO-1-HOUR-MID-INTERNAL with key (SEI.US.ETORO-1-HOUR-MID-INTERNAL, None)
2026-06-11T20:05:49.636075270Z [ERROR] eToro-Momentum-LS.DataEngine: Cannot subscribe bar aggregator: no aggregator found for SEI.US.ETORO-1-HOUR-MID-INTERNAL with key (SEI.US.ETORO-1-HOUR-MID-INTERNAL, None)
2026-06-11T20:05:49.636077103Z [ERROR] eToro-Momentum-LS.DataEngine: Cannot start bar aggregation: no instrument found for SEI.US.ETORO
2026-06-11T20:05:49.636080810Z [WARN] eToro-Momentum-LS.DataEngine: Cannot setup bar aggregator: no aggregator found for SEI.US.ETORO-1-HOUR-MID-INTERNAL with key (SEI.US.ETORO-1-HOUR-MID-INTERNAL, None)
2026-06-11T20:05:49.636082724Z [ERROR] eToro-Momentum-LS.DataEngine: Cannot subscribe bar aggregator: no aggregator found for SEI.US.ETORO-1-HOUR-MID-INTERNAL with key (SEI.US.ETORO-1-HOUR-MID-INTERNAL, None)
2026-06-11T20:05:49.636086200Z [ERROR] eToro-Momentum-LS.DataEngine: Cannot start bar aggregation: no instrument found for SEI.US.ETORO
2026-06-11T20:05:49.636087112Z [WARN] eToro-Momentum-LS.DataEngine: Cannot setup bar aggregator: no aggregator found for SEI.US.ETORO-1-HOUR-MID-INTERNAL with key (SEI.US.ETORO-1-HOUR-MID-INTERNAL, None)
2026-06-11T20:05:49.636089396Z [ERROR] eToro-Momentum-LS.DataEngine: Cannot subscribe bar aggregator: no aggregator found for SEI.US.ETORO-1-HOUR-MID-INTERNAL with key (SEI.US.ETORO-1-HOUR-MID-INTERNAL, None)
2026-06-11T20:05:49.636091089Z [ERROR] eToro-Momentum-LS.DataEngine: Cannot start bar aggregation: no instrument found for SEI.US.ETORO
2026-06-11T20:05:49.636094766Z [WARN] eToro-Momentum-LS.DataEngine: Cannot setup bar aggregator: no aggregator found for SEI.US.ETORO-1-HOUR-MID-INTERNAL with key (SEI.US.ETORO-1-HOUR-MID-INTERNAL, None)
2026-06-11T20:05:49.636096790Z [ERROR] eToro-Momentum-LS.DataEngine: Cannot subscribe bar aggregator: no aggregator found for SEI.US.ETORO-1-HOUR-MID-INTERNAL with key (SEI.US.ETORO-1-HOUR-MID-INTERNAL, None)
2026-06-11T20:05:49.636104534Z [ERROR] eToro-Momentum-LS.DataEngine: Cannot start bar aggregation: no instrument found for SEI.US.ETORO
2026-06-11T20:05:49.636107360Z [WARN] eToro-Momentum-LS.DataEngine: Cannot setup bar aggregator: no aggregator found for SEI.US.ETORO-1-HOUR-MID-INTERNAL with key (SEI.US.ETORO-1-HOUR-MID-INTERNAL, None)
2026-06-11T20:05:49.636108622Z [ERROR] eToro-Momentum-LS.DataEngine: Cannot subscribe bar aggregator: no aggregator found for SEI.US.ETORO-1-HOUR-MID-INTERNAL with key (SEI.US.ETORO-1-HOUR-MID-INTERNAL, None)
2026-06-11T20:05:49.636110375Z [ERROR] eToro-Momentum-LS.DataEngine: Cannot start bar aggregation: no instrument found for SEI.US.ETORO
2026-06-11T20:05:49.636112770Z [WARN] eToro-Momentum-LS.DataEngine: Cannot setup bar aggregator: no aggregator found for SEI.US.ETORO-1-HOUR-MID-INTERNAL with key (SEI.US.ETORO-1-HOUR-MID-INTERNAL, None)
2026-06-11T20:05:49.636113912Z [ERROR] eToro-Momentum-LS.DataEngine: Cannot subscribe bar aggregator: no aggregator found for SEI.US.ETORO-1-HOUR-MID-INTERNAL with key (SEI.US.ETORO-1-HOUR-MID-INTERNAL, None)
2026-06-11T20:05:49.636116847Z [ERROR] eToro-Momentum-LS.DataEngine: Cannot start bar aggregation: no instrument found for SEI.US.ETORO
2026-06-11T20:05:49.636117939Z [WARN] eToro-Momentum-LS.DataEngine: Cannot setup bar aggregator: no aggregator found for SEI.US.ETORO-1-HOUR-MID-INTERNAL with key (SEI.US.ETORO-1-HOUR-MID-INTERNAL, None)
2026-06-11T20:05:49.636118971Z [ERROR] eToro-Momentum-LS.DataEngine: Cannot subscribe bar aggregator: no aggregator found for SEI.US.ETORO-1-HOUR-MID-INTERNAL with key (SEI.US.ETORO-1-HOUR-MID-INTERNAL, None)
2026-06-11T20:05:49.636121376Z [ERROR] eToro-Momentum-LS.DataEngine: Cannot start bar aggregation: no instrument found for SEI.US.ETORO
2026-06-11T20:05:49.636122368Z [WARN] eToro-Momentum-LS.DataEngine: Cannot setup bar aggregator: no aggregator found for SEI.US.ETORO-1-HOUR-MID-INTERNAL with key (SEI.US.ETORO-1-HOUR-MID-INTERNAL, None)
2026-06-11T20:05:49.636123640Z [ERROR] eToro-Momentum-LS.DataEngine: Cannot subscribe bar aggregator: no aggregator found for SEI.US.ETORO-1-HOUR-MID-INTERNAL with key (SEI.US.ETORO-1-HOUR-MID-INTERNAL, None)
2026-06-11T20:05:49.636126395Z [ERROR] eToro-Momentum-LS.DataEngine: Cannot start bar aggregation: no instrument found for SEI.US.ETORO
2026-06-11T20:05:49.636127638Z [WARN] eToro-Momentum-LS.DataEngine: Cannot setup bar aggregator: no aggregator found for SEI.US.ETORO-1-HOUR-MID-INTERNAL with key (SEI.US.ETORO-1-HOUR-MID-INTERNAL, None)
2026-06-11T20:05:49.636130974Z [ERROR] eToro-Momentum-LS.DataEngine: Cannot subscribe bar aggregator: no aggregator found for SEI.US.ETORO-1-HOUR-MID-INTERNAL with key (SEI.US.ETORO-1-HOUR-MID-INTERNAL, None)
2026-06-11T20:05:49.636132677Z [ERROR] eToro-Momentum-LS.DataEngine: Cannot start bar aggregation: no instrument found for SEI.US.ETORO
2026-06-11T20:05:49.636135162Z [WARN] eToro-Momentum-LS.DataEngine: Cannot setup bar aggregator: no aggregator found for SEI.US.ETORO-1-HOUR-MID-INTERNAL with key (SEI.US.ETORO-1-HOUR-MID-INTERNAL, None)
2026-06-11T20:05:49.636136644Z [ERROR] eToro-Momentum-LS.DataEngine: Cannot subscribe bar aggregator: no aggregator found for SEI.US.ETORO-1-HOUR-MID-INTERNAL with key (SEI.US.ETORO-1-HOUR-MID-INTERNAL, None)
2026-06-11T20:05:49.636138538Z [ERROR] eToro-Momentum-LS.DataEngine: Cannot start bar aggregation: no instrument found for SEI.US.ETORO
2026-06-11T20:05:49.636139480Z [WARN] eToro-Momentum-LS.DataEngine: Cannot setup bar aggregator: no aggregator found for SEI.US.ETORO-1-HOUR-MID-INTERNAL with key (SEI.US.ETORO-1-HOUR-MID-INTERNAL, None)
2026-06-11T20:05:49.636140451Z [ERROR] eToro-Momentum-LS.DataEngine: Cannot subscribe bar aggregator: no aggregator found for SEI.US.ETORO-1-HOUR-MID-INTERNAL with key (SEI.US.ETORO-1-HOUR-MID-INTERNAL, None)
2026-06-11T20:05:49.636142866Z [ERROR] eToro-Momentum-LS.DataEngine: Cannot start bar aggregation: no instrument found for SEI.US.ETORO
2026-06-11T20:05:49.636144108Z [WARN] eToro-Momentum-LS.DataEngine: Cannot setup bar aggregator: no aggregator found for SEI.US.ETORO-1-HOUR-MID-INTERNAL with key (SEI.US.ETORO-1-HOUR-MID-INTERNAL, None)
2026-06-11T20:05:49.636148196Z [ERROR] eToro-Momentum-LS.DataEngine: Cannot subscribe bar aggregator: no aggregator found for SEI.US.ETORO-1-HOUR-MID-INTERNAL with key (SEI.US.ETORO-1-HOUR-MID-INTERNAL, None)
2026-06-11T20:05:49.636150300Z [ERROR] eToro-Momentum-LS.DataEngine: Cannot start bar aggregation: no instrument found for SEI.US.ETORO
2026-06-11T20:05:49.636154397Z [WARN] eToro-Momentum-LS.DataEngine: Cannot setup bar aggregator: no aggregator found for SEI.US.ETORO-1-HOUR-MID-INTERNAL with key (SEI.US.ETORO-1-HOUR-MID-INTERNAL, None)
2026-06-11T20:05:49.636156401Z [ERROR] eToro-Momentum-LS.DataEngine: Cannot subscribe bar aggregator: no aggregator found for SEI.US.ETORO-1-HOUR-MID-INTERNAL with key (SEI.US.ETORO-1-HOUR-MID-INTERNAL, None)
2026-06-11T20:05:49.636159186Z [ERROR] eToro-Momentum-LS.DataEngine: Cannot start bar aggregation: no instrument found for SEI.US.ETORO
2026-06-11T20:05:49.636159998Z [WARN] eToro-Momentum-LS.DataEngine: Cannot setup bar aggregator: no aggregator found for SEI.US.ETORO-1-HOUR-MID-INTERNAL with key (SEI.US.ETORO-1-HOUR-MID-INTERNAL, None)
2026-06-11T20:05:49.636164146Z [ERROR] eToro-Momentum-LS.DataEngine: Cannot subscribe bar aggregator: no aggregator found for SEI.US.ETORO-1-HOUR-MID-INTERNAL with key (SEI.US.ETORO-1-HOUR-MID-INTERNAL, None)
2026-06-11T20:05:49.636167001Z [ERROR] eToro-Momentum-LS.DataEngine: Cannot start bar aggregation: no instrument found for SEI.US.ETORO
2026-06-11T20:05:49.636171269Z [WARN] eToro-Momentum-LS.DataEngine: Cannot setup bar aggregator: no aggregator found for SEI.US.ETORO-1-HOUR-MID-INTERNAL with key (SEI.US.ETORO-1-HOUR-MID-INTERNAL, None)
2026-06-11T20:05:49.636176258Z [ERROR] eToro-Momentum-LS.DataEngine: Cannot subscribe bar aggregator: no aggregator found for SEI.US.ETORO-1-HOUR-MID-INTERNAL with key (SEI.US.ETORO-1-HOUR-MID-INTERNAL, None)
2026-06-11T20:05:49.636179104Z [ERROR] eToro-Momentum-LS.DataEngine: Cannot start bar aggregation: no instrument found for SEI.US.ETORO
2026-06-11T20:05:49.636180226Z [WARN] eToro-Momentum-LS.DataEngine: Cannot setup bar aggregator: no aggregator found for SEI.US.ETORO-1-HOUR-MID-INTERNAL with key (SEI.US.ETORO-1-HOUR-MID-INTERNAL, None)
2026-06-11T20:05:49.636181177Z [ERROR] eToro-Momentum-LS.DataEngine: Cannot subscribe bar aggregator: no aggregator found for SEI.US.ETORO-1-HOUR-MID-INTERNAL with key (SEI.US.ETORO-1-HOUR-MID-INTERNAL, None)
2026-06-11T20:05:49.636186047Z [ERROR] eToro-Momentum-LS.DataEngine: Cannot start bar aggregation: no instrument found for NOK.ETORO
2026-06-11T20:05:49.636190635Z [WARN] eToro-Momentum-LS.DataEngine: Cannot setup bar aggregator: no aggregator found for NOK.ETORO-1-HOUR-MID-INTERNAL with key (NOK.ETORO-1-HOUR-MID-INTERNAL, None)
2026-06-11T20:05:49.636191908Z [ERROR] eToro-Momentum-LS.DataEngine: Cannot subscribe bar aggregator: no aggregator found for NOK.ETORO-1-HOUR-MID-INTERNAL with key (NOK.ETORO-1-HOUR-MID-INTERNAL, None)
2026-06-11T20:05:49.636194673Z [ERROR] eToro-Momentum-LS.DataEngine: Cannot start bar aggregation: no instrument found for NOK.ETORO
2026-06-11T20:05:49.636195835Z [WARN] eToro-Momentum-LS.DataEngine: Cannot setup bar aggregator: no aggregator found for NOK.ETORO-1-HOUR-MID-INTERNAL with key (NOK.ETORO-1-HOUR-MID-INTERNAL, None)
2026-06-11T20:05:49.636199892Z [ERROR] eToro-Momentum-LS.DataEngine: Cannot subscribe bar aggregator: no aggregator found for NOK.ETORO-1-HOUR-MID-INTERNAL with key (NOK.ETORO-1-HOUR-MID-INTERNAL, None)
2026-06-11T20:05:49.637190913Z [DEBUG] eToro-Momentum-LS.DataEngine: Created aggregator for key=(BarType(COHR.ETORO-1-HOUR-MID-INTERNAL), None)
2026-06-11T20:05:49.637448814Z [DEBUG] eToro-Momentum-LS.MessageBus: Added Subscription(topic=data.quotes.ETORO.COHR, handler=<bound method BarAggregator.handle_quote_tick of <nautilus_trader.data.aggregation.TimeBarAggregator object at 0x71dd66d134c0>>, priority=5)
2026-06-11T20:05:49.638806088Z [DEBUG] eToro-Momentum-LS.nautilus_common::live::timer: Creating timer 'TIME_BAR_COHR.ETORO-1-HOUR-MID-INTERNAL'
2026-06-11T20:05:49.640058266Z [DEBUG] eToro-Momentum-LS.TimeBarAggregator: [start_timer] fire_immediately=False, _skip_first_non_full_bar=False, now=2026-06-11 20:05:49.637455396+00:00, start_time=2026-06-11 20:00:00+00:00, first_close_ns=1970-01-01 00:00:00+00:00, next_close_ns=2026-06-11 21:00:00+00:00
2026-06-11T20:05:49.640162550Z [WARN] eToro-Momentum-LS.DataEngine: Aggregator for COHR.ETORO-1-HOUR-MID-INTERNAL is currently in use, subscription can't be started.
2026-06-11T20:05:49.640166849Z [WARN] eToro-Momentum-LS.DataEngine: Aggregator for COHR.ETORO-1-HOUR-MID-INTERNAL is currently in use, subscription can't be started.
2026-06-11T20:05:49.640169383Z [WARN] eToro-Momentum-LS.DataEngine: Aggregator for COHR.ETORO-1-HOUR-MID-INTERNAL is currently in use, subscription can't be started.
2026-06-11T20:05:49.640171607Z [WARN] eToro-Momentum-LS.DataEngine: Aggregator for COHR.ETORO-1-HOUR-MID-INTERNAL is currently in use, subscription can't be started.
2026-06-11T20:05:49.640173631Z [WARN] eToro-Momentum-LS.DataEngine: Aggregator for COHR.ETORO-1-HOUR-MID-INTERNAL is currently in use, subscription can't be started.
2026-06-11T20:05:49.640175685Z [WARN] eToro-Momentum-LS.DataEngine: Aggregator for COHR.ETORO-1-HOUR-MID-INTERNAL is currently in use, subscription can't be started.
2026-06-11T20:05:49.640177759Z [WARN] eToro-Momentum-LS.DataEngine: Aggregator for COHR.ETORO-1-HOUR-MID-INTERNAL is currently in use, subscription can't be started.
2026-06-11T20:05:49.640181726Z [WARN] eToro-Momentum-LS.DataEngine: Aggregator for COHR.ETORO-1-HOUR-MID-INTERNAL is currently in use, subscription can't be started.
2026-06-11T20:05:49.640186615Z [WARN] eToro-Momentum-LS.DataEngine: Aggregator for COHR.ETORO-1-HOUR-MID-INTERNAL is currently in use, subscription can't be started.
2026-06-11T20:05:49.640188970Z [WARN] eToro-Momentum-LS.DataEngine: Aggregator for COHR.ETORO-1-HOUR-MID-INTERNAL is currently in use, subscription can't be started.
2026-06-11T20:05:49.640197275Z [ERROR] eToro-Momentum-LS.DataEngine: Cannot start bar aggregation: no instrument found for LQDA.ETORO
2026-06-11T20:05:49.640199429Z [WARN] eToro-Momentum-LS.DataEngine: Cannot setup bar aggregator: no aggregator found for LQDA.ETORO-1-HOUR-MID-INTERNAL with key (LQDA.ETORO-1-HOUR-MID-INTERNAL, None)
2026-06-11T20:05:49.640201824Z [ERROR] eToro-Momentum-LS.DataEngine: Cannot subscribe bar aggregator: no aggregator found for LQDA.ETORO-1-HOUR-MID-INTERNAL with key (LQDA.ETORO-1-HOUR-MID-INTERNAL, None)
2026-06-11T20:05:49.640203888Z [ERROR] eToro-Momentum-LS.DataEngine: Cannot start bar aggregation: no instrument found for LQDA.ETORO
2026-06-11T20:05:49.640206643Z [WARN] eToro-Momentum-LS.DataEngine: Cannot setup bar aggregator: no aggregator found for LQDA.ETORO-1-HOUR-MID-INTERNAL with key (LQDA.ETORO-1-HOUR-MID-INTERNAL, None)
2026-06-11T20:05:49.640207745Z [ERROR] eToro-Momentum-LS.DataEngine: Cannot subscribe bar aggregator: no aggregator found for LQDA.ETORO-1-HOUR-MID-INTERNAL with key (LQDA.ETORO-1-HOUR-MID-INTERNAL, None)
2026-06-11T20:05:49.640209759Z [ERROR] eToro-Momentum-LS.DataEngine: Cannot start bar aggregation: no instrument found for LQDA.ETORO
2026-06-11T20:05:49.640211913Z [WARN] eToro-Momentum-LS.DataEngine: Cannot setup bar aggregator: no aggregator found for LQDA.ETORO-1-HOUR-MID-INTERNAL with key (LQDA.ETORO-1-HOUR-MID-INTERNAL, None)
2026-06-11T20:05:49.640213405Z [ERROR] eToro-Momentum-LS.DataEngine: Cannot subscribe bar aggregator: no aggregator found for LQDA.ETORO-1-HOUR-MID-INTERNAL with key (LQDA.ETORO-1-HOUR-MID-INTERNAL, None)
2026-06-11T20:05:49.640215810Z [ERROR] eToro-Momentum-LS.DataEngine: Cannot start bar aggregation: no instrument found for LQDA.ETORO
2026-06-11T20:05:49.640217102Z [WARN] eToro-Momentum-LS.DataEngine: Cannot setup bar aggregator: no aggregator found for LQDA.ETORO-1-HOUR-MID-INTERNAL with key (LQDA.ETORO-1-HOUR-MID-INTERNAL, None)
2026-06-11T20:05:49.640219126Z [ERROR] eToro-Momentum-LS.DataEngine: Cannot subscribe bar aggregator: no aggregator found for LQDA.ETORO-1-HOUR-MID-INTERNAL with key (LQDA.ETORO-1-HOUR-MID-INTERNAL, None)
2026-06-11T20:05:49.640221801Z [ERROR] eToro-Momentum-LS.DataEngine: Cannot start bar aggregation: no instrument found for LQDA.ETORO
2026-06-11T20:05:49.640223574Z [WARN] eToro-Momentum-LS.DataEngine: Cannot setup bar aggregator: no aggregator found for LQDA.ETORO-1-HOUR-MID-INTERNAL with key (LQDA.ETORO-1-HOUR-MID-INTERNAL, None)
2026-06-11T20:05:49.640226670Z [ERROR] eToro-Momentum-LS.DataEngine: Cannot subscribe bar aggregator: no aggregator found for LQDA.ETORO-1-HOUR-MID-INTERNAL with key (LQDA.ETORO-1-HOUR-MID-INTERNAL, None)
2026-06-11T20:05:49.640228333Z [ERROR] eToro-Momentum-LS.DataEngine: Cannot start bar aggregation: no instrument found for LQDA.ETORO
2026-06-11T20:05:49.640233112Z [WARN] eToro-Momentum-LS.DataEngine: Cannot setup bar aggregator: no aggregator found for LQDA.ETORO-1-HOUR-MID-INTERNAL with key (LQDA.ETORO-1-HOUR-MID-INTERNAL, None)
2026-06-11T20:05:49.640234294Z [ERROR] eToro-Momentum-LS.DataEngine: Cannot subscribe bar aggregator: no aggregator found for LQDA.ETORO-1-HOUR-MID-INTERNAL with key (LQDA.ETORO-1-HOUR-MID-INTERNAL, None)
2026-06-11T20:05:49.640236298Z [ERROR] eToro-Momentum-LS.DataEngine: Cannot start bar aggregation: no instrument found for LQDA.ETORO
2026-06-11T20:05:49.640237550Z [WARN] eToro-Momentum-LS.DataEngine: Cannot setup bar aggregator: no aggregator found for LQDA.ETORO-1-HOUR-MID-INTERNAL with key (LQDA.ETORO-1-HOUR-MID-INTERNAL, None)
2026-06-11T20:05:49.640241267Z [ERROR] eToro-Momentum-LS.DataEngine: Cannot subscribe bar aggregator: no aggregator found for LQDA.ETORO-1-HOUR-MID-INTERNAL with key (LQDA.ETORO-1-HOUR-MID-INTERNAL, None)
2026-06-11T20:05:49.640247269Z [ERROR] eToro-Momentum-LS.DataEngine: Cannot start bar aggregation: no instrument found for LQDA.ETORO
2026-06-11T20:05:49.640248461Z [WARN] eToro-Momentum-LS.DataEngine: Cannot setup bar aggregator: no aggregator found for LQDA.ETORO-1-HOUR-MID-INTERNAL with key (LQDA.ETORO-1-HOUR-MID-INTERNAL, None)
2026-06-11T20:05:49.640249974Z [ERROR] eToro-Momentum-LS.DataEngine: Cannot subscribe bar aggregator: no aggregator found for LQDA.ETORO-1-HOUR-MID-INTERNAL with key (LQDA.ETORO-1-HOUR-MID-INTERNAL, None)
2026-06-11T20:05:49.640254342Z [ERROR] eToro-Momentum-LS.DataEngine: Cannot start bar aggregation: no instrument found for LQDA.ETORO
2026-06-11T20:05:49.640257979Z [WARN] eToro-Momentum-LS.DataEngine: Cannot setup bar aggregator: no aggregator found for LQDA.ETORO-1-HOUR-MID-INTERNAL with key (LQDA.ETORO-1-HOUR-MID-INTERNAL, None)
2026-06-11T20:05:49.640259181Z [ERROR] eToro-Momentum-LS.DataEngine: Cannot subscribe bar aggregator: no aggregator found for LQDA.ETORO-1-HOUR-MID-INTERNAL with key (LQDA.ETORO-1-HOUR-MID-INTERNAL, None)
2026-06-11T20:05:49.640261325Z [ERROR] eToro-Momentum-LS.DataEngine: Cannot start bar aggregation: no instrument found for LQDA.ETORO
2026-06-11T20:05:49.640263739Z [WARN] eToro-Momentum-LS.DataEngine: Cannot setup bar aggregator: no aggregator found for LQDA.ETORO-1-HOUR-MID-INTERNAL with key (LQDA.ETORO-1-HOUR-MID-INTERNAL, None)
2026-06-11T20:05:49.640264841Z [ERROR] eToro-Momentum-LS.DataEngine: Cannot subscribe bar aggregator: no aggregator found for LQDA.ETORO-1-HOUR-MID-INTERNAL with key (LQDA.ETORO-1-HOUR-MID-INTERNAL, None)
2026-06-11T20:05:49.640266675Z [ERROR] eToro-Momentum-LS.DataEngine: Cannot start bar aggregation: no instrument found for LQDA.ETORO
2026-06-11T20:05:49.640267516Z [WARN] eToro-Momentum-LS.DataEngine: Cannot setup bar aggregator: no aggregator found for LQDA.ETORO-1-HOUR-MID-INTERNAL with key (LQDA.ETORO-1-HOUR-MID-INTERNAL, None)
2026-06-11T20:05:49.640268538Z [ERROR] eToro-Momentum-LS.DataEngine: Cannot subscribe bar aggregator: no aggregator found for LQDA.ETORO-1-HOUR-MID-INTERNAL with key (LQDA.ETORO-1-HOUR-MID-INTERNAL, None)
2026-06-11T20:05:49.640270191Z [ERROR] eToro-Momentum-LS.DataEngine: Cannot start bar aggregation: no instrument found for LQDA.ETORO
2026-06-11T20:05:49.640271103Z [WARN] eToro-Momentum-LS.DataEngine: Cannot setup bar aggregator: no aggregator found for LQDA.ETORO-1-HOUR-MID-INTERNAL with key (LQDA.ETORO-1-HOUR-MID-INTERNAL, None)
2026-06-11T20:05:49.640273077Z [ERROR] eToro-Momentum-LS.DataEngine: Cannot subscribe bar aggregator: no aggregator found for LQDA.ETORO-1-HOUR-MID-INTERNAL with key (LQDA.ETORO-1-HOUR-MID-INTERNAL, None)
2026-06-11T20:05:49.640275311Z [ERROR] eToro-Momentum-LS.DataEngine: Cannot start bar aggregation: no instrument found for LQDA.ETORO
2026-06-11T20:05:49.640277906Z [WARN] eToro-Momentum-LS.DataEngine: Cannot setup bar aggregator: no aggregator found for LQDA.ETORO-1-HOUR-MID-INTERNAL with key (LQDA.ETORO-1-HOUR-MID-INTERNAL, None)
2026-06-11T20:05:49.640279208Z [ERROR] eToro-Momentum-LS.DataEngine: Cannot subscribe bar aggregator: no aggregator found for LQDA.ETORO-1-HOUR-MID-INTERNAL with key (LQDA.ETORO-1-HOUR-MID-INTERNAL, None)
2026-06-11T20:05:49.640282925Z [ERROR] eToro-Momentum-LS.DataEngine: Cannot start bar aggregation: no instrument found for LQDA.ETORO
2026-06-11T20:05:49.640287874Z [WARN] eToro-Momentum-LS.DataEngine: Cannot setup bar aggregator: no aggregator found for LQDA.ETORO-1-HOUR-MID-INTERNAL with key (LQDA.ETORO-1-HOUR-MID-INTERNAL, None)
2026-06-11T20:05:49.640288776Z [ERROR] eToro-Momentum-LS.DataEngine: Cannot subscribe bar aggregator: no aggregator found for LQDA.ETORO-1-HOUR-MID-INTERNAL with key (LQDA.ETORO-1-HOUR-MID-INTERNAL, None)
2026-06-11T20:05:49.640291882Z [ERROR] eToro-Momentum-LS.DataEngine: Cannot start bar aggregation: no instrument found for LQDA.ETORO
2026-06-11T20:05:49.640293275Z [WARN] eToro-Momentum-LS.DataEngine: Cannot setup bar aggregator: no aggregator found for LQDA.ETORO-1-HOUR-MID-INTERNAL with key (LQDA.ETORO-1-HOUR-MID-INTERNAL, None)
2026-06-11T20:05:49.640297432Z [ERROR] eToro-Momentum-LS.DataEngine: Cannot subscribe bar aggregator: no aggregator found for LQDA.ETORO-1-HOUR-MID-INTERNAL with key (LQDA.ETORO-1-HOUR-MID-INTERNAL, None)
2026-06-11T20:05:49.640301921Z [ERROR] eToro-Momentum-LS.DataEngine: Cannot start bar aggregation: no instrument found for LQDA.ETORO
2026-06-11T20:05:49.640302872Z [WARN] eToro-Momentum-LS.DataEngine: Cannot setup bar aggregator: no aggregator found for LQDA.ETORO-1-HOUR-MID-INTERNAL with key (LQDA.ETORO-1-HOUR-MID-INTERNAL, None)
2026-06-11T20:05:49.640303894Z [ERROR] eToro-Momentum-LS.DataEngine: Cannot subscribe bar aggregator: no aggregator found for LQDA.ETORO-1-HOUR-MID-INTERNAL with key (LQDA.ETORO-1-HOUR-MID-INTERNAL, None)
2026-06-11T20:05:49.640306509Z [ERROR] eToro-Momentum-LS.DataEngine: Cannot start bar aggregation: no instrument found for LQDA.ETORO
2026-06-11T20:05:49.640307942Z [WARN] eToro-Momentum-LS.DataEngine: Cannot setup bar aggregator: no aggregator found for LQDA.ETORO-1-HOUR-MID-INTERNAL with key (LQDA.ETORO-1-HOUR-MID-INTERNAL, None)
2026-06-11T20:05:49.640311959Z [ERROR] eToro-Momentum-LS.DataEngine: Cannot subscribe bar aggregator: no aggregator found for LQDA.ETORO-1-HOUR-MID-INTERNAL with key (LQDA.ETORO-1-HOUR-MID-INTERNAL, None)
2026-06-11T20:05:49.640318572Z [ERROR] eToro-Momentum-LS.DataEngine: Cannot start bar aggregation: no instrument found for LQDA.ETORO
2026-06-11T20:05:49.640319534Z [WARN] eToro-Momentum-LS.DataEngine: Cannot setup bar aggregator: no aggregator found for LQDA.ETORO-1-HOUR-MID-INTERNAL with key (LQDA.ETORO-1-HOUR-MID-INTERNAL, None)
2026-06-11T20:05:49.640323701Z [ERROR] eToro-Momentum-LS.DataEngine: Cannot subscribe bar aggregator: no aggregator found for LQDA.ETORO-1-HOUR-MID-INTERNAL with key (LQDA.ETORO-1-HOUR-MID-INTERNAL, None)
2026-06-11T20:05:49.640326236Z [ERROR] eToro-Momentum-LS.DataEngine: Cannot start bar aggregation: no instrument found for LQDA.ETORO
2026-06-11T20:05:49.640327278Z [WARN] eToro-Momentum-LS.DataEngine: Cannot setup bar aggregator: no aggregator found for LQDA.ETORO-1-HOUR-MID-INTERNAL with key (LQDA.ETORO-1-HOUR-MID-INTERNAL, None)
2026-06-11T20:05:49.640329232Z [ERROR] eToro-Momentum-LS.DataEngine: Cannot subscribe bar aggregator: no aggregator found for LQDA.ETORO-1-HOUR-MID-INTERNAL with key (LQDA.ETORO-1-HOUR-MID-INTERNAL, None)
2026-06-11T20:05:49.640332117Z [ERROR] eToro-Momentum-LS.DataEngine: Cannot start bar aggregation: no instrument found for FRO.ETORO
2026-06-11T20:05:49.640333319Z [WARN] eToro-Momentum-LS.DataEngine: Cannot setup bar aggregator: no aggregator found for FRO.ETORO-1-HOUR-MID-INTERNAL with key (FRO.ETORO-1-HOUR-MID-INTERNAL, None)
2026-06-11T20:05:49.640334251Z [ERROR] eToro-Momentum-LS.DataEngine: Cannot subscribe bar aggregator: no aggregator found for FRO.ETORO-1-HOUR-MID-INTERNAL with key (FRO.ETORO-1-HOUR-MID-INTERNAL, None)
2026-06-11T20:05:49.640336926Z [ERROR] eToro-Momentum-LS.DataEngine: Cannot start bar aggregation: no instrument found for FRO.ETORO
2026-06-11T20:05:49.640338178Z [WARN] eToro-Momentum-LS.DataEngine: Cannot setup bar aggregator: no aggregator found for FRO.ETORO-1-HOUR-MID-INTERNAL with key (FRO.ETORO-1-HOUR-MID-INTERNAL, None)
2026-06-11T20:05:49.640339320Z [ERROR] eToro-Momentum-LS.DataEngine: Cannot subscribe bar aggregator: no aggregator found for FRO.ETORO-1-HOUR-MID-INTERNAL with key (FRO.ETORO-1-HOUR-MID-INTERNAL, None)
2026-06-11T20:05:49.640341945Z [ERROR] eToro-Momentum-LS.DataEngine: Cannot start bar aggregation: no instrument found for FRO.ETORO
2026-06-11T20:05:49.640343108Z [WARN] eToro-Momentum-LS.DataEngine: Cannot setup bar aggregator: no aggregator found for FRO.ETORO-1-HOUR-MID-INTERNAL with key (FRO.ETORO-1-HOUR-MID-INTERNAL, None)
2026-06-11T20:05:49.640345171Z [ERROR] eToro-Momentum-LS.DataEngine: Cannot subscribe bar aggregator: no aggregator found for FRO.ETORO-1-HOUR-MID-INTERNAL with key (FRO.ETORO-1-HOUR-MID-INTERNAL, None)
2026-06-11T20:05:49.640347406Z [ERROR] eToro-Momentum-LS.DataEngine: Cannot start bar aggregation: no instrument found for FRO.ETORO
2026-06-11T20:05:49.640348327Z [WARN] eToro-Momentum-LS.DataEngine: Cannot setup bar aggregator: no aggregator found for FRO.ETORO-1-HOUR-MID-INTERNAL with key (FRO.ETORO-1-HOUR-MID-INTERNAL, None)
2026-06-11T20:05:49.640349329Z [ERROR] eToro-Momentum-LS.DataEngine: Cannot subscribe bar aggregator: no aggregator found for FRO.ETORO-1-HOUR-MID-INTERNAL with key (FRO.ETORO-1-HOUR-MID-INTERNAL, None)
2026-06-11T20:05:49.640354940Z [ERROR] eToro-Momentum-LS.DataEngine: Cannot start bar aggregation: no instrument found for FRO.ETORO
2026-06-11T20:05:49.640356583Z [WARN] eToro-Momentum-LS.DataEngine: Cannot setup bar aggregator: no aggregator found for FRO.ETORO-1-HOUR-MID-INTERNAL with key (FRO.ETORO-1-HOUR-MID-INTERNAL, None)
2026-06-11T20:05:49.640357534Z [ERROR] eToro-Momentum-LS.DataEngine: Cannot subscribe bar aggregator: no aggregator found for FRO.ETORO-1-HOUR-MID-INTERNAL with key (FRO.ETORO-1-HOUR-MID-INTERNAL, None)
2026-06-11T20:05:49.640362594Z [ERROR] eToro-Momentum-LS.DataEngine: Cannot start bar aggregation: no instrument found for FRO.ETORO
2026-06-11T20:05:49.640363756Z [WARN] eToro-Momentum-LS.DataEngine: Cannot setup bar aggregator: no aggregator found for FRO.ETORO-1-HOUR-MID-INTERNAL with key (FRO.ETORO-1-HOUR-MID-INTERNAL, None)
2026-06-11T20:05:49.640367854Z [ERROR] eToro-Momentum-LS.DataEngine: Cannot subscribe bar aggregator: no aggregator found for FRO.ETORO-1-HOUR-MID-INTERNAL with key (FRO.ETORO-1-HOUR-MID-INTERNAL, None)
2026-06-11T20:05:49.640372743Z [ERROR] eToro-Momentum-LS.DataEngine: Cannot start bar aggregation: no instrument found for FRO.ETORO
2026-06-11T20:05:49.640373705Z [WARN] eToro-Momentum-LS.DataEngine: Cannot setup bar aggregator: no aggregator found for FRO.ETORO-1-HOUR-MID-INTERNAL with key (FRO.ETORO-1-HOUR-MID-INTERNAL, None)
2026-06-11T20:05:49.640374737Z [ERROR] eToro-Momentum-LS.DataEngine: Cannot subscribe bar aggregator: no aggregator found for FRO.ETORO-1-HOUR-MID-INTERNAL with key (FRO.ETORO-1-HOUR-MID-INTERNAL, None)
2026-06-11T20:05:49.640377552Z [ERROR] eToro-Momentum-LS.DataEngine: Cannot start bar aggregation: no instrument found for FRO.ETORO
2026-06-11T20:05:49.640378914Z [WARN] eToro-Momentum-LS.DataEngine: Cannot setup bar aggregator: no aggregator found for FRO.ETORO-1-HOUR-MID-INTERNAL with key (FRO.ETORO-1-HOUR-MID-INTERNAL, None)
2026-06-11T20:05:49.640382822Z [ERROR] eToro-Momentum-LS.DataEngine: Cannot subscribe bar aggregator: no aggregator found for FRO.ETORO-1-HOUR-MID-INTERNAL with key (FRO.ETORO-1-HOUR-MID-INTERNAL, None)
2026-06-11T20:05:49.640384845Z [ERROR] eToro-Momentum-LS.DataEngine: Cannot start bar aggregation: no instrument found for FRO.ETORO
2026-06-11T20:05:49.640388142Z [WARN] eToro-Momentum-LS.DataEngine: Cannot setup bar aggregator: no aggregator found for FRO.ETORO-1-HOUR-MID-INTERNAL with key (FRO.ETORO-1-HOUR-MID-INTERNAL, None)
2026-06-11T20:05:49.640389524Z [ERROR] eToro-Momentum-LS.DataEngine: Cannot subscribe bar aggregator: no aggregator found for FRO.ETORO-1-HOUR-MID-INTERNAL with key (FRO.ETORO-1-HOUR-MID-INTERNAL, None)
2026-06-11T20:05:49.640393251Z [ERROR] eToro-Momentum-LS.DataEngine: Cannot start bar aggregation: no instrument found for FRO.ETORO
2026-06-11T20:05:49.640394183Z [WARN] eToro-Momentum-LS.DataEngine: Cannot setup bar aggregator: no aggregator found for FRO.ETORO-1-HOUR-MID-INTERNAL with key (FRO.ETORO-1-HOUR-MID-INTERNAL, None)
2026-06-11T20:05:49.640400294Z [ERROR] eToro-Momentum-LS.DataEngine: Cannot subscribe bar aggregator: no aggregator found for FRO.ETORO-1-HOUR-MID-INTERNAL with key (FRO.ETORO-1-HOUR-MID-INTERNAL, None)
2026-06-11T20:05:49.640403751Z [ERROR] eToro-Momentum-LS.DataEngine: Cannot start bar aggregation: no instrument found for FRO.ETORO
2026-06-11T20:05:49.640404903Z [WARN] eToro-Momentum-LS.DataEngine: Cannot setup bar aggregator: no aggregator found for FRO.ETORO-1-HOUR-MID-INTERNAL with key (FRO.ETORO-1-HOUR-MID-INTERNAL, None)
2026-06-11T20:05:49.640408129Z [ERROR] eToro-Momentum-LS.DataEngine: Cannot subscribe bar aggregator: no aggregator found for FRO.ETORO-1-HOUR-MID-INTERNAL with key (FRO.ETORO-1-HOUR-MID-INTERNAL, None)
2026-06-11T20:05:49.640410894Z [ERROR] eToro-Momentum-LS.DataEngine: Cannot start bar aggregation: no instrument found for FRO.ETORO
2026-06-11T20:05:49.640411776Z [WARN] eToro-Momentum-LS.DataEngine: Cannot setup bar aggregator: no aggregator found for FRO.ETORO-1-HOUR-MID-INTERNAL with key (FRO.ETORO-1-HOUR-MID-INTERNAL, None)
2026-06-11T20:05:49.640414401Z [ERROR] eToro-Momentum-LS.DataEngine: Cannot subscribe bar aggregator: no aggregator found for FRO.ETORO-1-HOUR-MID-INTERNAL with key (FRO.ETORO-1-HOUR-MID-INTERNAL, None)
2026-06-11T20:05:49.640417476Z [ERROR] eToro-Momentum-LS.DataEngine: Cannot start bar aggregation: no instrument found for KD.ETORO
2026-06-11T20:05:49.640418989Z [WARN] eToro-Momentum-LS.DataEngine: Cannot setup bar aggregator: no aggregator found for KD.ETORO-1-HOUR-MID-INTERNAL with key (KD.ETORO-1-HOUR-MID-INTERNAL, None)
2026-06-11T20:05:49.640419921Z [ERROR] eToro-Momentum-LS.DataEngine: Cannot subscribe bar aggregator: no aggregator found for KD.ETORO-1-HOUR-MID-INTERNAL with key (KD.ETORO-1-HOUR-MID-INTERNAL, None)
2026-06-11T20:05:49.640421664Z [ERROR] eToro-Momentum-LS.DataEngine: Cannot start bar aggregation: no instrument found for KD.ETORO
2026-06-11T20:05:49.640424339Z [WARN] eToro-Momentum-LS.DataEngine: Cannot setup bar aggregator: no aggregator found for KD.ETORO-1-HOUR-MID-INTERNAL with key (KD.ETORO-1-HOUR-MID-INTERNAL, None)
2026-06-11T20:05:49.640425521Z [ERROR] eToro-Momentum-LS.DataEngine: Cannot subscribe bar aggregator: no aggregator found for KD.ETORO-1-HOUR-MID-INTERNAL with key (KD.ETORO-1-HOUR-MID-INTERNAL, None)
2026-06-11T20:05:49.640427675Z [ERROR] eToro-Momentum-LS.DataEngine: Cannot start bar aggregation: no instrument found for KD.ETORO
2026-06-11T20:05:49.640428918Z [WARN] eToro-Momentum-LS.DataEngine: Cannot setup bar aggregator: no aggregator found for KD.ETORO-1-HOUR-MID-INTERNAL with key (KD.ETORO-1-HOUR-MID-INTERNAL, None)
2026-06-11T20:05:49.640429970Z [ERROR] eToro-Momentum-LS.DataEngine: Cannot subscribe bar aggregator: no aggregator found for KD.ETORO-1-HOUR-MID-INTERNAL with key (KD.ETORO-1-HOUR-MID-INTERNAL, None)
2026-06-11T20:05:49.640432334Z [ERROR] eToro-Momentum-LS.DataEngine: Cannot start bar aggregation: no instrument found for KD.ETORO
2026-06-11T20:05:49.640433386Z [WARN] eToro-Momentum-LS.DataEngine: Cannot setup bar aggregator: no aggregator found for KD.ETORO-1-HOUR-MID-INTERNAL with key (KD.ETORO-1-HOUR-MID-INTERNAL, None)
2026-06-11T20:05:49.640434408Z [ERROR] eToro-Momentum-LS.DataEngine: Cannot subscribe bar aggregator: no aggregator found for KD.ETORO-1-HOUR-MID-INTERNAL with key (KD.ETORO-1-HOUR-MID-INTERNAL, None)
2026-06-11T20:05:49.640437263Z [ERROR] eToro-Momentum-LS.DataEngine: Cannot start bar aggregation: no instrument found for KD.ETORO
2026-06-11T20:05:49.640438446Z [WARN] eToro-Momentum-LS.DataEngine: Cannot setup bar aggregator: no aggregator found for KD.ETORO-1-HOUR-MID-INTERNAL with key (KD.ETORO-1-HOUR-MID-INTERNAL, None)
2026-06-11T20:05:49.640442152Z [ERROR] eToro-Momentum-LS.DataEngine: Cannot subscribe bar aggregator: no aggregator found for KD.ETORO-1-HOUR-MID-INTERNAL with key (KD.ETORO-1-HOUR-MID-INTERNAL, None)
2026-06-11T20:05:49.640444026Z [ERROR] eToro-Momentum-LS.DataEngine: Cannot start bar aggregation: no instrument found for KD.ETORO
2026-06-11T20:05:49.640447683Z [WARN] eToro-Momentum-LS.DataEngine: Cannot setup bar aggregator: no aggregator found for KD.ETORO-1-HOUR-MID-INTERNAL with key (KD.ETORO-1-HOUR-MID-INTERNAL, None)
2026-06-11T20:05:49.640448584Z [ERROR] eToro-Momentum-LS.DataEngine: Cannot subscribe bar aggregator: no aggregator found for KD.ETORO-1-HOUR-MID-INTERNAL with key (KD.ETORO-1-HOUR-MID-INTERNAL, None)
2026-06-11T20:05:49.640450999Z [ERROR] eToro-Momentum-LS.DataEngine: Cannot start bar aggregation: no instrument found for KD.ETORO
2026-06-11T20:05:49.640452311Z [WARN] eToro-Momentum-LS.DataEngine: Cannot setup bar aggregator: no aggregator found for KD.ETORO-1-HOUR-MID-INTERNAL with key (KD.ETORO-1-HOUR-MID-INTERNAL, None)
2026-06-11T20:05:49.640457010Z [ERROR] eToro-Momentum-LS.DataEngine: Cannot subscribe bar aggregator: no aggregator found for KD.ETORO-1-HOUR-MID-INTERNAL with key (KD.ETORO-1-HOUR-MID-INTERNAL, None)
2026-06-11T20:05:49.640458934Z [ERROR] eToro-Momentum-LS.DataEngine: Cannot start bar aggregation: no instrument found for KD.ETORO
2026-06-11T20:05:49.640462691Z [WARN] eToro-Momentum-LS.DataEngine: Cannot setup bar aggregator: no aggregator found for KD.ETORO-1-HOUR-MID-INTERNAL with key (KD.ETORO-1-HOUR-MID-INTERNAL, None)
2026-06-11T20:05:49.640463903Z [ERROR] eToro-Momentum-LS.DataEngine: Cannot subscribe bar aggregator: no aggregator found for KD.ETORO-1-HOUR-MID-INTERNAL with key (KD.ETORO-1-HOUR-MID-INTERNAL, None)
2026-06-11T20:05:49.640466418Z [ERROR] eToro-Momentum-LS.DataEngine: Cannot start bar aggregation: no instrument found for KD.ETORO
2026-06-11T20:05:49.640467670Z [WARN] eToro-Momentum-LS.DataEngine: Cannot setup bar aggregator: no aggregator found for KD.ETORO-1-HOUR-MID-INTERNAL with key (KD.ETORO-1-HOUR-MID-INTERNAL, None)
2026-06-11T20:05:49.640468552Z [ERROR] eToro-Momentum-LS.DataEngine: Cannot subscribe bar aggregator: no aggregator found for KD.ETORO-1-HOUR-MID-INTERNAL with key (KD.ETORO-1-HOUR-MID-INTERNAL, None)
2026-06-11T20:05:49.640503176Z [DEBUG] eToro-Momentum-LS.DataEngine: Created aggregator for key=(BarType(MTZ.ETORO-1-HOUR-MID-INTERNAL), None)
2026-06-11T20:05:49.640529646Z [DEBUG] eToro-Momentum-LS.MessageBus: Added Subscription(topic=data.quotes.ETORO.MTZ, handler=<bound method BarAggregator.handle_quote_tick of <nautilus_trader.data.aggregation.TimeBarAggregator object at 0x71dd669d77c0>>, priority=5)
2026-06-11T20:05:49.640597502Z [DEBUG] eToro-Momentum-LS.nautilus_common::live::timer: Creating timer 'TIME_BAR_MTZ.ETORO-1-HOUR-MID-INTERNAL'
2026-06-11T20:05:49.640618371Z [DEBUG] eToro-Momentum-LS.TimeBarAggregator: [start_timer] fire_immediately=False, _skip_first_non_full_bar=False, now=2026-06-11 20:05:49.640530988+00:00, start_time=2026-06-11 20:00:00+00:00, first_close_ns=1970-01-01 00:00:00+00:00, next_close_ns=2026-06-11 21:00:00+00:00
2026-06-11T20:05:49.640635884Z [WARN] eToro-Momentum-LS.DataEngine: Aggregator for MTZ.ETORO-1-HOUR-MID-INTERNAL is currently in use, subscription can't be started.
2026-06-11T20:05:49.640638239Z [WARN] eToro-Momentum-LS.DataEngine: Aggregator for MTZ.ETORO-1-HOUR-MID-INTERNAL is currently in use, subscription can't be started.
2026-06-11T20:05:49.640647145Z [WARN] eToro-Momentum-LS.DataEngine: Aggregator for MTZ.ETORO-1-HOUR-MID-INTERNAL is currently in use, subscription can't be started.
2026-06-11T20:05:49.640653968Z [WARN] eToro-Momentum-LS.DataEngine: Aggregator for MTZ.ETORO-1-HOUR-MID-INTERNAL is currently in use, subscription can't be started.
2026-06-11T20:05:49.640661843Z [WARN] eToro-Momentum-LS.DataEngine: Aggregator for MTZ.ETORO-1-HOUR-MID-INTERNAL is currently in use, subscription can't be started.
2026-06-11T20:05:49.640664918Z [WARN] eToro-Momentum-LS.DataEngine: Aggregator for MTZ.ETORO-1-HOUR-MID-INTERNAL is currently in use, subscription can't be started.
2026-06-11T20:05:49.640667223Z [WARN] eToro-Momentum-LS.DataEngine: Aggregator for MTZ.ETORO-1-HOUR-MID-INTERNAL is currently in use, subscription can't be started.
2026-06-11T20:05:49.640672432Z [WARN] eToro-Momentum-LS.DataEngine: Aggregator for MTZ.ETORO-1-HOUR-MID-INTERNAL is currently in use, subscription can't be started.
2026-06-11T20:05:49.640676640Z [WARN] eToro-Momentum-LS.DataEngine: Aggregator for MTZ.ETORO-1-HOUR-MID-INTERNAL is currently in use, subscription can't be started.
2026-06-11T20:05:49.640679025Z [WARN] eToro-Momentum-LS.DataEngine: Aggregator for MTZ.ETORO-1-HOUR-MID-INTERNAL is currently in use, subscription can't be started.
2026-06-11T20:05:49.640682992Z [WARN] eToro-Momentum-LS.DataEngine: Aggregator for MTZ.ETORO-1-HOUR-MID-INTERNAL is currently in use, subscription can't be started.
2026-06-11T20:05:49.640687050Z [WARN] eToro-Momentum-LS.DataEngine: Aggregator for MTZ.ETORO-1-HOUR-MID-INTERNAL is currently in use, subscription can't be started.
2026-06-11T20:05:49.640689364Z [WARN] eToro-Momentum-LS.DataEngine: Aggregator for MTZ.ETORO-1-HOUR-MID-INTERNAL is currently in use, subscription can't be started.
2026-06-11T20:05:49.640695826Z [WARN] eToro-Momentum-LS.DataEngine: Aggregator for MTZ.ETORO-1-HOUR-MID-INTERNAL is currently in use, subscription can't be started.
2026-06-11T20:05:49.640699152Z [WARN] eToro-Momentum-LS.DataEngine: Aggregator for MTZ.ETORO-1-HOUR-MID-INTERNAL is currently in use, subscription can't be started.
2026-06-11T20:05:49.640701156Z [WARN] eToro-Momentum-LS.DataEngine: Aggregator for MTZ.ETORO-1-HOUR-MID-INTERNAL is currently in use, subscription can't be started.
2026-06-11T20:05:49.640703971Z [ERROR] eToro-Momentum-LS.DataEngine: Cannot start bar aggregation: no instrument found for AMKR.ETORO
2026-06-11T20:05:49.640706095Z [WARN] eToro-Momentum-LS.DataEngine: Cannot setup bar aggregator: no aggregator found for AMKR.ETORO-1-HOUR-MID-INTERNAL with key (AMKR.ETORO-1-HOUR-MID-INTERNAL, None)
2026-06-11T20:05:49.640708359Z [ERROR] eToro-Momentum-LS.DataEngine: Cannot subscribe bar aggregator: no aggregator found for AMKR.ETORO-1-HOUR-MID-INTERNAL with key (AMKR.ETORO-1-HOUR-MID-INTERNAL, None)
2026-06-11T20:05:49.640711646Z [ERROR] eToro-Momentum-LS.DataEngine: Cannot start bar aggregation: no instrument found for AMKR.ETORO
2026-06-11T20:05:49.640715643Z [WARN] eToro-Momentum-LS.DataEngine: Cannot setup bar aggregator: no aggregator found for AMKR.ETORO-1-HOUR-MID-INTERNAL with key (AMKR.ETORO-1-HOUR-MID-INTERNAL, None)
2026-06-11T20:05:49.640716585Z [ERROR] eToro-Momentum-LS.DataEngine: Cannot subscribe bar aggregator: no aggregator found for AMKR.ETORO-1-HOUR-MID-INTERNAL with key (AMKR.ETORO-1-HOUR-MID-INTERNAL, None)
2026-06-11T20:05:49.640719270Z [ERROR] eToro-Momentum-LS.DataEngine: Cannot start bar aggregation: no instrument found for AMKR.ETORO
2026-06-11T20:05:49.640720332Z [WARN] eToro-Momentum-LS.DataEngine: Cannot setup bar aggregator: no aggregator found for AMKR.ETORO-1-HOUR-MID-INTERNAL with key (AMKR.ETORO-1-HOUR-MID-INTERNAL, None)
2026-06-11T20:05:49.640721514Z [ERROR] eToro-Momentum-LS.DataEngine: Cannot subscribe bar aggregator: no aggregator found for AMKR.ETORO-1-HOUR-MID-INTERNAL with key (AMKR.ETORO-1-HOUR-MID-INTERNAL, None)
2026-06-11T20:05:49.640724229Z [ERROR] eToro-Momentum-LS.DataEngine: Cannot start bar aggregation: no instrument found for AMKR.ETORO
2026-06-11T20:05:49.640726173Z [WARN] eToro-Momentum-LS.DataEngine: Cannot setup bar aggregator: no aggregator found for AMKR.ETORO-1-HOUR-MID-INTERNAL with key (AMKR.ETORO-1-HOUR-MID-INTERNAL, None)
2026-06-11T20:05:49.640728086Z [ERROR] eToro-Momentum-LS.DataEngine: Cannot subscribe bar aggregator: no aggregator found for AMKR.ETORO-1-HOUR-MID-INTERNAL with key (AMKR.ETORO-1-HOUR-MID-INTERNAL, None)
2026-06-11T20:05:49.640730531Z [ERROR] eToro-Momentum-LS.DataEngine: Cannot start bar aggregation: no instrument found for AMKR.ETORO
2026-06-11T20:05:49.640731463Z [WARN] eToro-Momentum-LS.DataEngine: Cannot setup bar aggregator: no aggregator found for AMKR.ETORO-1-HOUR-MID-INTERNAL with key (AMKR.ETORO-1-HOUR-MID-INTERNAL, None)
2026-06-11T20:05:49.640732625Z [ERROR] eToro-Momentum-LS.DataEngine: Cannot subscribe bar aggregator: no aggregator found for AMKR.ETORO-1-HOUR-MID-INTERNAL with key (AMKR.ETORO-1-HOUR-MID-INTERNAL, None)
2026-06-11T20:05:49.640734368Z [ERROR] eToro-Momentum-LS.DataEngine: Cannot start bar aggregation: no instrument found for AMKR.ETORO
2026-06-11T20:05:49.640736432Z [WARN] eToro-Momentum-LS.DataEngine: Cannot setup bar aggregator: no aggregator found for AMKR.ETORO-1-HOUR-MID-INTERNAL with key (AMKR.ETORO-1-HOUR-MID-INTERNAL, None)
2026-06-11T20:05:49.640738005Z [ERROR] eToro-Momentum-LS.DataEngine: Cannot subscribe bar aggregator: no aggregator found for AMKR.ETORO-1-HOUR-MID-INTERNAL with key (AMKR.ETORO-1-HOUR-MID-INTERNAL, None)
2026-06-11T20:05:49.640742934Z [ERROR] eToro-Momentum-LS.DataEngine: Cannot start bar aggregation: no instrument found for AMKR.ETORO
2026-06-11T20:05:49.640745599Z [WARN] eToro-Momentum-LS.DataEngine: Cannot setup bar aggregator: no aggregator found for AMKR.ETORO-1-HOUR-MID-INTERNAL with key (AMKR.ETORO-1-HOUR-MID-INTERNAL, None)
2026-06-11T20:05:49.640747733Z [ERROR] eToro-Momentum-LS.DataEngine: Cannot subscribe bar aggregator: no aggregator found for AMKR.ETORO-1-HOUR-MID-INTERNAL with key (AMKR.ETORO-1-HOUR-MID-INTERNAL, None)
2026-06-11T20:05:49.640749466Z [ERROR] eToro-Momentum-LS.DataEngine: Cannot start bar aggregation: no instrument found for AMKR.ETORO
2026-06-11T20:05:49.640751019Z [WARN] eToro-Momentum-LS.DataEngine: Cannot setup bar aggregator: no aggregator found for AMKR.ETORO-1-HOUR-MID-INTERNAL with key (AMKR.ETORO-1-HOUR-MID-INTERNAL, None)
2026-06-11T20:05:49.640752291Z [ERROR] eToro-Momentum-LS.DataEngine: Cannot subscribe bar aggregator: no aggregator found for AMKR.ETORO-1-HOUR-MID-INTERNAL with key (AMKR.ETORO-1-HOUR-MID-INTERNAL, None)
2026-06-11T20:05:49.640754115Z [ERROR] eToro-Momentum-LS.DataEngine: Cannot start bar aggregation: no instrument found for AMKR.ETORO
2026-06-11T20:05:49.640761899Z [WARN] eToro-Momentum-LS.DataEngine: Cannot setup bar aggregator: no aggregator found for AMKR.ETORO-1-HOUR-MID-INTERNAL with key (AMKR.ETORO-1-HOUR-MID-INTERNAL, None)
2026-06-11T20:05:49.640763021Z [ERROR] eToro-Momentum-LS.DataEngine: Cannot subscribe bar aggregator: no aggregator found for AMKR.ETORO-1-HOUR-MID-INTERNAL with key (AMKR.ETORO-1-HOUR-MID-INTERNAL, None)
2026-06-11T20:05:49.640764995Z [ERROR] eToro-Momentum-LS.DataEngine: Cannot start bar aggregation: no instrument found for AMKR.ETORO
2026-06-11T20:05:49.640768993Z [WARN] eToro-Momentum-LS.DataEngine: Cannot setup bar aggregator: no aggregator found for AMKR.ETORO-1-HOUR-MID-INTERNAL with key (AMKR.ETORO-1-HOUR-MID-INTERNAL, None)
2026-06-11T20:05:49.640772479Z [ERROR] eToro-Momentum-LS.DataEngine: Cannot subscribe bar aggregator: no aggregator found for AMKR.ETORO-1-HOUR-MID-INTERNAL with key (AMKR.ETORO-1-HOUR-MID-INTERNAL, None)
2026-06-11T20:05:49.640791815Z [DEBUG] eToro-Momentum-LS.DataEngine: Created aggregator for key=(BarType(SE.ETORO-1-HOUR-MID-INTERNAL), None)
2026-06-11T20:05:49.640810230Z [DEBUG] eToro-Momentum-LS.MessageBus: Added Subscription(topic=data.quotes.ETORO.SE, handler=<bound method BarAggregator.handle_quote_tick of <nautilus_trader.data.aggregation.TimeBarAggregator object at 0x71dd66a353c0>>, priority=5)
2026-06-11T20:05:49.640846918Z [DEBUG] eToro-Momentum-LS.nautilus_common::live::timer: Creating timer 'TIME_BAR_SE.ETORO-1-HOUR-MID-INTERNAL'
2026-06-11T20:05:49.640864401Z [DEBUG] eToro-Momentum-LS.TimeBarAggregator: [start_timer] fire_immediately=False, _skip_first_non_full_bar=False, now=2026-06-11 20:05:49.640812283+00:00, start_time=2026-06-11 20:00:00+00:00, first_close_ns=1970-01-01 00:00:00+00:00, next_close_ns=2026-06-11 21:00:00+00:00
2026-06-11T20:05:49.640891592Z [WARN] eToro-Momentum-LS.DataEngine: Aggregator for SE.ETORO-1-HOUR-MID-INTERNAL is currently in use, subscription can't be started.
2026-06-11T20:05:49.640897072Z [WARN] eToro-Momentum-LS.DataEngine: Aggregator for SE.ETORO-1-HOUR-MID-INTERNAL is currently in use, subscription can't be started.
2026-06-11T20:05:49.640900438Z [WARN] eToro-Momentum-LS.DataEngine: Aggregator for SE.ETORO-1-HOUR-MID-INTERNAL is currently in use, subscription can't be started.
2026-06-11T20:05:49.640906239Z [WARN] eToro-Momentum-LS.DataEngine: Aggregator for SE.ETORO-1-HOUR-MID-INTERNAL is currently in use, subscription can't be started.
2026-06-11T20:05:49.640908373Z [WARN] eToro-Momentum-LS.DataEngine: Aggregator for SE.ETORO-1-HOUR-MID-INTERNAL is currently in use, subscription can't be started.
2026-06-11T20:05:49.640910527Z [WARN] eToro-Momentum-LS.DataEngine: Aggregator for SE.ETORO-1-HOUR-MID-INTERNAL is currently in use, subscription can't be started.
2026-06-11T20:05:49.640920566Z [WARN] eToro-Momentum-LS.DataEngine: Aggregator for SE.ETORO-1-HOUR-MID-INTERNAL is currently in use, subscription can't be started.
2026-06-11T20:05:49.640934622Z [DEBUG] eToro-Momentum-LS.DataEngine: Created aggregator for key=(BarType(SQM.ETORO-1-HOUR-MID-INTERNAL), None)
2026-06-11T20:05:49.640958436Z [DEBUG] eToro-Momentum-LS.MessageBus: Added Subscription(topic=data.quotes.ETORO.SQM, handler=<bound method BarAggregator.handle_quote_tick of <nautilus_trader.data.aggregation.TimeBarAggregator object at 0x71dd66a36bc0>>, priority=5)
2026-06-11T20:05:49.640987100Z [DEBUG] eToro-Momentum-LS.nautilus_common::live::timer: Creating timer 'TIME_BAR_SQM.ETORO-1-HOUR-MID-INTERNAL'
2026-06-11T20:05:49.640999493Z [DEBUG] eToro-Momentum-LS.TimeBarAggregator: [start_timer] fire_immediately=False, _skip_first_non_full_bar=False, now=2026-06-11 20:05:49.640959488+00:00, start_time=2026-06-11 20:00:00+00:00, first_close_ns=1970-01-01 00:00:00+00:00, next_close_ns=2026-06-11 21:00:00+00:00
2026-06-11T20:05:49.641011856Z [WARN] eToro-Momentum-LS.DataEngine: Aggregator for SQM.ETORO-1-HOUR-MID-INTERNAL is currently in use, subscription can't be started.
2026-06-11T20:05:49.641015653Z [WARN] eToro-Momentum-LS.DataEngine: Aggregator for SQM.ETORO-1-HOUR-MID-INTERNAL is currently in use, subscription can't be started.
2026-06-11T20:05:49.641019741Z [WARN] eToro-Momentum-LS.DataEngine: Aggregator for SQM.ETORO-1-HOUR-MID-INTERNAL is currently in use, subscription can't be started.
2026-06-11T20:05:49.641021815Z [WARN] eToro-Momentum-LS.DataEngine: Aggregator for SQM.ETORO-1-HOUR-MID-INTERNAL is currently in use, subscription can't be started.
2026-06-11T20:05:49.641033567Z [WARN] eToro-Momentum-LS.DataEngine: Aggregator for SQM.ETORO-1-HOUR-MID-INTERNAL is currently in use, subscription can't be started.
2026-06-11T20:05:49.641035560Z [WARN] eToro-Momentum-LS.DataEngine: Aggregator for SQM.ETORO-1-HOUR-MID-INTERNAL is currently in use, subscription can't be started.
2026-06-11T20:05:49.641040289Z [WARN] eToro-Momentum-LS.DataEngine: Aggregator for SQM.ETORO-1-HOUR-MID-INTERNAL is currently in use, subscription can't be started.
2026-06-11T20:05:49.641048635Z [WARN] eToro-Momentum-LS.DataEngine: Aggregator for SQM.ETORO-1-HOUR-MID-INTERNAL is currently in use, subscription can't be started.
2026-06-11T20:05:49.641050819Z [WARN] eToro-Momentum-LS.DataEngine: Aggregator for SQM.ETORO-1-HOUR-MID-INTERNAL is currently in use, subscription can't be started.
2026-06-11T20:05:49.641054816Z [WARN] eToro-Momentum-LS.DataEngine: Aggregator for SQM.ETORO-1-HOUR-MID-INTERNAL is currently in use, subscription can't be started.
2026-06-11T20:05:49.641058724Z [WARN] eToro-Momentum-LS.DataEngine: Aggregator for SQM.ETORO-1-HOUR-MID-INTERNAL is currently in use, subscription can't be started.
2026-06-11T20:05:49.641064464Z [WARN] eToro-Momentum-LS.DataEngine: Aggregator for SQM.ETORO-1-HOUR-MID-INTERNAL is currently in use, subscription can't be started.
2026-06-11T20:05:49.641068311Z [WARN] eToro-Momentum-LS.DataEngine: Aggregator for SQM.ETORO-1-HOUR-MID-INTERNAL is currently in use, subscription can't be started.
2026-06-11T20:05:49.641070275Z [WARN] eToro-Momentum-LS.DataEngine: Aggregator for SQM.ETORO-1-HOUR-MID-INTERNAL is currently in use, subscription can't be started.
2026-06-11T20:05:49.641074413Z [WARN] eToro-Momentum-LS.DataEngine: Aggregator for SQM.ETORO-1-HOUR-MID-INTERNAL is currently in use, subscription can't be started.
2026-06-11T20:05:49.641079452Z [WARN] eToro-Momentum-LS.DataEngine: Aggregator for SQM.ETORO-1-HOUR-MID-INTERNAL is currently in use, subscription can't be started.
2026-06-11T20:05:49.641085724Z [WARN] eToro-Momentum-LS.DataEngine: Aggregator for SQM.ETORO-1-HOUR-MID-INTERNAL is currently in use, subscription can't be started.
2026-06-11T20:05:49.641096113Z [WARN] eToro-Momentum-LS.DataEngine: Aggregator for SQM.ETORO-1-HOUR-MID-INTERNAL is currently in use, subscription can't be started.
2026-06-11T20:05:49.641103217Z [ERROR] eToro-Momentum-LS.DataEngine: Cannot start bar aggregation: no instrument found for ASX.ETORO
2026-06-11T20:05:49.641104529Z [WARN] eToro-Momentum-LS.DataEngine: Cannot setup bar aggregator: no aggregator found for ASX.ETORO-1-HOUR-MID-INTERNAL with key (ASX.ETORO-1-HOUR-MID-INTERNAL, None)
2026-06-11T20:05:49.641107475Z [ERROR] eToro-Momentum-LS.DataEngine: Cannot subscribe bar aggregator: no aggregator found for ASX.ETORO-1-HOUR-MID-INTERNAL with key (ASX.ETORO-1-HOUR-MID-INTERNAL, None)
2026-06-11T20:05:49.641115069Z [ERROR] eToro-Momentum-LS.DataEngine: Cannot start bar aggregation: no instrument found for ASX.ETORO
2026-06-11T20:05:49.641116632Z [WARN] eToro-Momentum-LS.DataEngine: Cannot setup bar aggregator: no aggregator found for ASX.ETORO-1-HOUR-MID-INTERNAL with key (ASX.ETORO-1-HOUR-MID-INTERNAL, None)
2026-06-11T20:05:49.641117924Z [ERROR] eToro-Momentum-LS.DataEngine: Cannot subscribe bar aggregator: no aggregator found for ASX.ETORO-1-HOUR-MID-INTERNAL with key (ASX.ETORO-1-HOUR-MID-INTERNAL, None)
2026-06-11T20:05:49.641124837Z [ERROR] eToro-Momentum-LS.DataEngine: Cannot start bar aggregation: no instrument found for ASX.ETORO
2026-06-11T20:05:49.641125889Z [WARN] eToro-Momentum-LS.DataEngine: Cannot setup bar aggregator: no aggregator found for ASX.ETORO-1-HOUR-MID-INTERNAL with key (ASX.ETORO-1-HOUR-MID-INTERNAL, None)
2026-06-11T20:05:49.641132652Z [ERROR] eToro-Momentum-LS.DataEngine: Cannot subscribe bar aggregator: no aggregator found for ASX.ETORO-1-HOUR-MID-INTERNAL with key (ASX.ETORO-1-HOUR-MID-INTERNAL, None)
2026-06-11T20:05:49.641135928Z [ERROR] eToro-Momentum-LS.DataEngine: Cannot start bar aggregation: no instrument found for ASX.ETORO
2026-06-11T20:05:49.641137541Z [WARN] eToro-Momentum-LS.DataEngine: Cannot setup bar aggregator: no aggregator found for ASX.ETORO-1-HOUR-MID-INTERNAL with key (ASX.ETORO-1-HOUR-MID-INTERNAL, None)
2026-06-11T20:05:49.641138983Z [ERROR] eToro-Momentum-LS.DataEngine: Cannot subscribe bar aggregator: no aggregator found for ASX.ETORO-1-HOUR-MID-INTERNAL with key (ASX.ETORO-1-HOUR-MID-INTERNAL, None)
2026-06-11T20:05:49.641156406Z [DEBUG] eToro-Momentum-LS.DataEngine: Created aggregator for key=(BarType(MNDY.ETORO-1-HOUR-MID-INTERNAL), None)
2026-06-11T20:05:49.641173919Z [DEBUG] eToro-Momentum-LS.MessageBus: Added Subscription(topic=data.quotes.ETORO.MNDY, handler=<bound method BarAggregator.handle_quote_tick of <nautilus_trader.data.aggregation.TimeBarAggregator object at 0x71dd66a36c80>>, priority=5)
2026-06-11T20:05:49.641195940Z [DEBUG] eToro-Momentum-LS.nautilus_common::live::timer: Creating timer 'TIME_BAR_MNDY.ETORO-1-HOUR-MID-INTERNAL'
2026-06-11T20:05:49.641210978Z [DEBUG] eToro-Momentum-LS.TimeBarAggregator: [start_timer] fire_immediately=False, _skip_first_non_full_bar=False, now=2026-06-11 20:05:49.641174630+00:00, start_time=2026-06-11 20:00:00+00:00, first_close_ns=1970-01-01 00:00:00+00:00, next_close_ns=2026-06-11 21:00:00+00:00
2026-06-11T20:05:49.641223341Z [WARN] eToro-Momentum-LS.DataEngine: Aggregator for MNDY.ETORO-1-HOUR-MID-INTERNAL is currently in use, subscription can't be started.
2026-06-11T20:05:49.641226256Z [WARN] eToro-Momentum-LS.DataEngine: Aggregator for MNDY.ETORO-1-HOUR-MID-INTERNAL is currently in use, subscription can't be started.
2026-06-11T20:05:49.641228440Z [WARN] eToro-Momentum-LS.DataEngine: Aggregator for MNDY.ETORO-1-HOUR-MID-INTERNAL is currently in use, subscription can't be started.
2026-06-11T20:05:49.641232288Z [WARN] eToro-Momentum-LS.DataEngine: Aggregator for MNDY.ETORO-1-HOUR-MID-INTERNAL is currently in use, subscription can't be started.
2026-06-11T20:05:49.641238068Z [WARN] eToro-Momentum-LS.DataEngine: Aggregator for MNDY.ETORO-1-HOUR-MID-INTERNAL is currently in use, subscription can't be started.
2026-06-11T20:05:49.641241184Z [WARN] eToro-Momentum-LS.DataEngine: Aggregator for MNDY.ETORO-1-HOUR-MID-INTERNAL is currently in use, subscription can't be started.
2026-06-11T20:05:49.641243969Z [ERROR] eToro-Momentum-LS.DataEngine: Cannot start bar aggregation: no instrument found for ELF.ETORO
2026-06-11T20:05:49.641244951Z [WARN] eToro-Momentum-LS.DataEngine: Cannot setup bar aggregator: no aggregator found for ELF.ETORO-1-HOUR-MID-INTERNAL with key (ELF.ETORO-1-HOUR-MID-INTERNAL, None)
2026-06-11T20:05:49.641250712Z [ERROR] eToro-Momentum-LS.DataEngine: Cannot subscribe bar aggregator: no aggregator found for ELF.ETORO-1-HOUR-MID-INTERNAL with key (ELF.ETORO-1-HOUR-MID-INTERNAL, None)
2026-06-11T20:05:49.641253557Z [ERROR] eToro-Momentum-LS.DataEngine: Cannot start bar aggregation: no instrument found for ELF.ETORO
2026-06-11T20:05:49.641255862Z [WARN] eToro-Momentum-LS.DataEngine: Cannot setup bar aggregator: no aggregator found for ELF.ETORO-1-HOUR-MID-INTERNAL with key (ELF.ETORO-1-HOUR-MID-INTERNAL, None)
2026-06-11T20:05:49.641257204Z [ERROR] eToro-Momentum-LS.DataEngine: Cannot subscribe bar aggregator: no aggregator found for ELF.ETORO-1-HOUR-MID-INTERNAL with key (ELF.ETORO-1-HOUR-MID-INTERNAL, None)
2026-06-11T20:05:49.641263917Z [ERROR] eToro-Momentum-LS.DataEngine: Cannot start bar aggregation: no instrument found for ELF.ETORO
2026-06-11T20:05:49.641265009Z [WARN] eToro-Momentum-LS.DataEngine: Cannot setup bar aggregator: no aggregator found for ELF.ETORO-1-HOUR-MID-INTERNAL with key (ELF.ETORO-1-HOUR-MID-INTERNAL, None)
2026-06-11T20:05:49.641266131Z [ERROR] eToro-Momentum-LS.DataEngine: Cannot subscribe bar aggregator: no aggregator found for ELF.ETORO-1-HOUR-MID-INTERNAL with key (ELF.ETORO-1-HOUR-MID-INTERNAL, None)
2026-06-11T20:05:49.641268726Z [ERROR] eToro-Momentum-LS.DataEngine: Cannot start bar aggregation: no instrument found for ELF.ETORO
2026-06-11T20:05:49.641269657Z [WARN] eToro-Momentum-LS.DataEngine: Cannot setup bar aggregator: no aggregator found for ELF.ETORO-1-HOUR-MID-INTERNAL with key (ELF.ETORO-1-HOUR-MID-INTERNAL, None)
2026-06-11T20:05:49.641274747Z [ERROR] eToro-Momentum-LS.DataEngine: Cannot subscribe bar aggregator: no aggregator found for ELF.ETORO-1-HOUR-MID-INTERNAL with key (ELF.ETORO-1-HOUR-MID-INTERNAL, None)
2026-06-11T20:05:49.641284285Z [ERROR] eToro-Momentum-LS.DataEngine: Cannot start bar aggregation: no instrument found for ELF.ETORO
2026-06-11T20:05:49.641287320Z [WARN] eToro-Momentum-LS.DataEngine: Cannot setup bar aggregator: no aggregator found for ELF.ETORO-1-HOUR-MID-INTERNAL with key (ELF.ETORO-1-HOUR-MID-INTERNAL, None)
2026-06-11T20:05:49.641288553Z [ERROR] eToro-Momentum-LS.DataEngine: Cannot subscribe bar aggregator: no aggregator found for ELF.ETORO-1-HOUR-MID-INTERNAL with key (ELF.ETORO-1-HOUR-MID-INTERNAL, None)
2026-06-11T20:05:49.641293532Z [ERROR] eToro-Momentum-LS.DataEngine: Cannot start bar aggregation: no instrument found for ELF.ETORO
2026-06-11T20:05:49.641294444Z [WARN] eToro-Momentum-LS.DataEngine: Cannot setup bar aggregator: no aggregator found for ELF.ETORO-1-HOUR-MID-INTERNAL with key (ELF.ETORO-1-HOUR-MID-INTERNAL, None)
2026-06-11T20:05:49.641297630Z [ERROR] eToro-Momentum-LS.DataEngine: Cannot subscribe bar aggregator: no aggregator found for ELF.ETORO-1-HOUR-MID-INTERNAL with key (ELF.ETORO-1-HOUR-MID-INTERNAL, None)
2026-06-11T20:05:49.641310944Z [DEBUG] eToro-Momentum-LS.DataEngine: Created aggregator for key=(BarType(VRT.ETORO-1-HOUR-MID-INTERNAL), None)
2026-06-11T20:05:49.641327155Z [DEBUG] eToro-Momentum-LS.MessageBus: Added Subscription(topic=data.quotes.ETORO.VRT, handler=<bound method BarAggregator.handle_quote_tick of <nautilus_trader.data.aggregation.TimeBarAggregator object at 0x71dd66a36d40>>, priority=5)
2026-06-11T20:05:49.641353003Z [DEBUG] eToro-Momentum-LS.nautilus_common::live::timer: Creating timer 'TIME_BAR_VRT.ETORO-1-HOUR-MID-INTERNAL'
2026-06-11T20:05:49.641364003Z [DEBUG] eToro-Momentum-LS.TimeBarAggregator: [start_timer] fire_immediately=False, _skip_first_non_full_bar=False, now=2026-06-11 20:05:49.641328407+00:00, start_time=2026-06-11 20:00:00+00:00, first_close_ns=1970-01-01 00:00:00+00:00, next_close_ns=2026-06-11 21:00:00+00:00
2026-06-11T20:05:49.641375004Z [WARN] eToro-Momentum-LS.DataEngine: Aggregator for VRT.ETORO-1-HOUR-MID-INTERNAL is currently in use, subscription can't be started.
2026-06-11T20:05:49.641380685Z [WARN] eToro-Momentum-LS.DataEngine: Aggregator for VRT.ETORO-1-HOUR-MID-INTERNAL is currently in use, subscription can't be started.
2026-06-11T20:05:49.641382979Z [WARN] eToro-Momentum-LS.DataEngine: Aggregator for VRT.ETORO-1-HOUR-MID-INTERNAL is currently in use, subscription can't be started.
2026-06-11T20:05:49.641385003Z [WARN] eToro-Momentum-LS.DataEngine: Aggregator for VRT.ETORO-1-HOUR-MID-INTERNAL is currently in use, subscription can't be started.
2026-06-11T20:05:49.641387397Z [WARN] eToro-Momentum-LS.DataEngine: Aggregator for VRT.ETORO-1-HOUR-MID-INTERNAL is currently in use, subscription can't be started.
2026-06-11T20:05:49.641393138Z [WARN] eToro-Momentum-LS.DataEngine: Aggregator for VRT.ETORO-1-HOUR-MID-INTERNAL is currently in use, subscription can't be started.
2026-06-11T20:05:49.641395342Z [WARN] eToro-Momentum-LS.DataEngine: Aggregator for VRT.ETORO-1-HOUR-MID-INTERNAL is currently in use, subscription can't be started.
2026-06-11T20:05:49.641399299Z [WARN] eToro-Momentum-LS.DataEngine: Aggregator for VRT.ETORO-1-HOUR-MID-INTERNAL is currently in use, subscription can't be started.
2026-06-11T20:05:49.641409749Z [DEBUG] eToro-Momentum-LS.DataEngine: Created aggregator for key=(BarType(CIEN.ETORO-1-HOUR-MID-INTERNAL), None)
2026-06-11T20:05:49.641426320Z [DEBUG] eToro-Momentum-LS.MessageBus: Added Subscription(topic=data.quotes.ETORO.CIEN, handler=<bound method BarAggregator.handle_quote_tick of <nautilus_trader.data.aggregation.TimeBarAggregator object at 0x71dd66a36e00>>, priority=5)
2026-06-11T20:05:49.641454082Z [DEBUG] eToro-Momentum-LS.nautilus_common::live::timer: Creating timer 'TIME_BAR_CIEN.ETORO-1-HOUR-MID-INTERNAL'
2026-06-11T20:05:49.641465884Z [DEBUG] eToro-Momentum-LS.TimeBarAggregator: [start_timer] fire_immediately=False, _skip_first_non_full_bar=False, now=2026-06-11 20:05:49.641427452+00:00, start_time=2026-06-11 20:00:00+00:00, first_close_ns=1970-01-01 00:00:00+00:00, next_close_ns=2026-06-11 21:00:00+00:00
2026-06-11T20:05:49.641474931Z [WARN] eToro-Momentum-LS.DataEngine: Aggregator for CIEN.ETORO-1-HOUR-MID-INTERNAL is currently in use, subscription can't be started.
2026-06-11T20:05:49.641477255Z [WARN] eToro-Momentum-LS.DataEngine: Aggregator for CIEN.ETORO-1-HOUR-MID-INTERNAL is currently in use, subscription can't be started.
2026-06-11T20:05:49.641484198Z [WARN] eToro-Momentum-LS.DataEngine: Aggregator for CIEN.ETORO-1-HOUR-MID-INTERNAL is currently in use, subscription can't be started.
2026-06-11T20:05:49.641488145Z [WARN] eToro-Momentum-LS.DataEngine: Aggregator for CIEN.ETORO-1-HOUR-MID-INTERNAL is currently in use, subscription can't be started.
2026-06-11T20:05:49.641491481Z [WARN] eToro-Momentum-LS.DataEngine: Aggregator for CIEN.ETORO-1-HOUR-MID-INTERNAL is currently in use, subscription can't be started.
2026-06-11T20:05:49.641502893Z [DEBUG] eToro-Momentum-LS.DataEngine: Created aggregator for key=(BarType(POWL.ETORO-1-HOUR-MID-INTERNAL), None)
2026-06-11T20:05:49.641521337Z [DEBUG] eToro-Momentum-LS.MessageBus: Added Subscription(topic=data.quotes.ETORO.POWL, handler=<bound method BarAggregator.handle_quote_tick of <nautilus_trader.data.aggregation.TimeBarAggregator object at 0x71dd66a36ec0>>, priority=5)
2026-06-11T20:05:49.641547296Z [DEBUG] eToro-Momentum-LS.nautilus_common::live::timer: Creating timer 'TIME_BAR_POWL.ETORO-1-HOUR-MID-INTERNAL'
2026-06-11T20:05:49.641559148Z [DEBUG] eToro-Momentum-LS.TimeBarAggregator: [start_timer] fire_immediately=False, _skip_first_non_full_bar=False, now=2026-06-11 20:05:49.641523301+00:00, start_time=2026-06-11 20:00:00+00:00, first_close_ns=1970-01-01 00:00:00+00:00, next_close_ns=2026-06-11 21:00:00+00:00
2026-06-11T20:05:49.641569036Z [WARN] eToro-Momentum-LS.DataEngine: Aggregator for POWL.ETORO-1-HOUR-MID-INTERNAL is currently in use, subscription can't be started.
2026-06-11T20:05:49.641572092Z [WARN] eToro-Momentum-LS.DataEngine: Aggregator for POWL.ETORO-1-HOUR-MID-INTERNAL is currently in use, subscription can't be started.
2026-06-11T20:05:49.641574186Z [WARN] eToro-Momentum-LS.DataEngine: Aggregator for POWL.ETORO-1-HOUR-MID-INTERNAL is currently in use, subscription can't be started.
2026-06-11T20:05:49.641578774Z [WARN] eToro-Momentum-LS.DataEngine: Aggregator for POWL.ETORO-1-HOUR-MID-INTERNAL is currently in use, subscription can't be started.
2026-06-11T20:05:49.641584826Z [WARN] eToro-Momentum-LS.DataEngine: Aggregator for POWL.ETORO-1-HOUR-MID-INTERNAL is currently in use, subscription can't be started.
2026-06-11T20:05:49.641587060Z [WARN] eToro-Momentum-LS.DataEngine: Aggregator for POWL.ETORO-1-HOUR-MID-INTERNAL is currently in use, subscription can't be started.
2026-06-11T20:05:49.641590777Z [WARN] eToro-Momentum-LS.DataEngine: Aggregator for POWL.ETORO-1-HOUR-MID-INTERNAL is currently in use, subscription can't be started.
2026-06-11T20:05:49.641593322Z [WARN] eToro-Momentum-LS.DataEngine: Aggregator for POWL.ETORO-1-HOUR-MID-INTERNAL is currently in use, subscription can't be started.
2026-06-11T20:05:49.641595405Z [WARN] eToro-Momentum-LS.DataEngine: Aggregator for POWL.ETORO-1-HOUR-MID-INTERNAL is currently in use, subscription can't be started.
2026-06-11T20:05:49.641611275Z [DEBUG] eToro-Momentum-LS.DataEngine: Created aggregator for key=(BarType(PBR.ETORO-1-HOUR-MID-INTERNAL), None)
2026-06-11T20:05:49.641633406Z [DEBUG] eToro-Momentum-LS.MessageBus: Added Subscription(topic=data.quotes.ETORO.PBR, handler=<bound method BarAggregator.handle_quote_tick of <nautilus_trader.data.aggregation.TimeBarAggregator object at 0x71dd66a36f80>>, priority=5)
2026-06-11T20:05:49.641658674Z [DEBUG] eToro-Momentum-LS.nautilus_common::live::timer: Creating timer 'TIME_BAR_PBR.ETORO-1-HOUR-MID-INTERNAL'
2026-06-11T20:05:49.641670566Z [DEBUG] eToro-Momentum-LS.TimeBarAggregator: [start_timer] fire_immediately=False, _skip_first_non_full_bar=False, now=2026-06-11 20:05:49.641635380+00:00, start_time=2026-06-11 20:00:00+00:00, first_close_ns=1970-01-01 00:00:00+00:00, next_close_ns=2026-06-11 21:00:00+00:00
2026-06-11T20:05:49.641679573Z [WARN] eToro-Momentum-LS.DataEngine: Aggregator for PBR.ETORO-1-HOUR-MID-INTERNAL is currently in use, subscription can't be started.
2026-06-11T20:05:49.641682458Z [WARN] eToro-Momentum-LS.DataEngine: Aggregator for PBR.ETORO-1-HOUR-MID-INTERNAL is currently in use, subscription can't be started.
2026-06-11T20:05:49.641684993Z [WARN] eToro-Momentum-LS.DataEngine: Aggregator for PBR.ETORO-1-HOUR-MID-INTERNAL is currently in use, subscription can't be started.
2026-06-11T20:05:49.641686906Z [WARN] eToro-Momentum-LS.DataEngine: Aggregator for PBR.ETORO-1-HOUR-MID-INTERNAL is currently in use, subscription can't be started.
2026-06-11T20:05:49.641701113Z [DEBUG] eToro-Momentum-LS.DataEngine: Created aggregator for key=(BarType(PINS.ETORO-1-HOUR-MID-INTERNAL), None)
2026-06-11T20:05:49.641716201Z [DEBUG] eToro-Momentum-LS.MessageBus: Added Subscription(topic=data.quotes.ETORO.PINS, handler=<bound method BarAggregator.handle_quote_tick of <nautilus_trader.data.aggregation.TimeBarAggregator object at 0x71dd66a37040>>, priority=5)
2026-06-11T20:05:49.641744083Z [DEBUG] eToro-Momentum-LS.nautilus_common::live::timer: Creating timer 'TIME_BAR_PINS.ETORO-1-HOUR-MID-INTERNAL'
2026-06-11T20:05:49.641755595Z [DEBUG] eToro-Momentum-LS.TimeBarAggregator: [start_timer] fire_immediately=False, _skip_first_non_full_bar=False, now=2026-06-11 20:05:49.641717734+00:00, start_time=2026-06-11 20:00:00+00:00, first_close_ns=1970-01-01 00:00:00+00:00, next_close_ns=2026-06-11 21:00:00+00:00
2026-06-11T20:05:49.641764411Z [WARN] eToro-Momentum-LS.DataEngine: Aggregator for PINS.ETORO-1-HOUR-MID-INTERNAL is currently in use, subscription can't be started.
2026-06-11T20:05:49.641767346Z [WARN] eToro-Momentum-LS.DataEngine: Aggregator for PINS.ETORO-1-HOUR-MID-INTERNAL is currently in use, subscription can't be started.
2026-06-11T20:05:49.641769240Z [WARN] eToro-Momentum-LS.DataEngine: Aggregator for PINS.ETORO-1-HOUR-MID-INTERNAL is currently in use, subscription can't be started.
2026-06-11T20:05:49.641774760Z [WARN] eToro-Momentum-LS.DataEngine: Aggregator for PINS.ETORO-1-HOUR-MID-INTERNAL is currently in use, subscription can't be started.
2026-06-11T20:05:49.641777135Z [WARN] eToro-Momentum-LS.DataEngine: Aggregator for PINS.ETORO-1-HOUR-MID-INTERNAL is currently in use, subscription can't be started.
2026-06-11T20:05:49.641780421Z [WARN] eToro-Momentum-LS.DataEngine: Aggregator for PINS.ETORO-1-HOUR-MID-INTERNAL is currently in use, subscription can't be started.
2026-06-11T20:05:49.641785871Z [WARN] eToro-Momentum-LS.DataEngine: Aggregator for PINS.ETORO-1-HOUR-MID-INTERNAL is currently in use, subscription can't be started.
2026-06-11T20:05:49.641797733Z [DEBUG] eToro-Momentum-LS.DataEngine: Created aggregator for key=(BarType(EEFT.ETORO-1-HOUR-MID-INTERNAL), None)
2026-06-11T20:05:49.641814354Z [DEBUG] eToro-Momentum-LS.MessageBus: Added Subscription(topic=data.quotes.ETORO.EEFT, handler=<bound method BarAggregator.handle_quote_tick of <nautilus_trader.data.aggregation.TimeBarAggregator object at 0x71dd66a37100>>, priority=5)
2026-06-11T20:05:49.641838379Z [DEBUG] eToro-Momentum-LS.nautilus_common::live::timer: Creating timer 'TIME_BAR_EEFT.ETORO-1-HOUR-MID-INTERNAL'
2026-06-11T20:05:49.641850552Z [DEBUG] eToro-Momentum-LS.TimeBarAggregator: [start_timer] fire_immediately=False, _skip_first_non_full_bar=False, now=2026-06-11 20:05:49.641816578+00:00, start_time=2026-06-11 20:00:00+00:00, first_close_ns=1970-01-01 00:00:00+00:00, next_close_ns=2026-06-11 21:00:00+00:00
2026-06-11T20:05:49.641858988Z [WARN] eToro-Momentum-LS.DataEngine: Aggregator for EEFT.ETORO-1-HOUR-MID-INTERNAL is currently in use, subscription can't be started.
2026-06-11T20:05:49.641861883Z [WARN] eToro-Momentum-LS.DataEngine: Aggregator for EEFT.ETORO-1-HOUR-MID-INTERNAL is currently in use, subscription can't be started.
2026-06-11T20:05:49.641864237Z [WARN] eToro-Momentum-LS.DataEngine: Aggregator for EEFT.ETORO-1-HOUR-MID-INTERNAL is currently in use, subscription can't be started.
2026-06-11T20:05:49.641872272Z [WARN] eToro-Momentum-LS.DataEngine: Aggregator for EEFT.ETORO-1-HOUR-MID-INTERNAL is currently in use, subscription can't be started.
2026-06-11T20:05:49.641874537Z [WARN] eToro-Momentum-LS.DataEngine: Aggregator for EEFT.ETORO-1-HOUR-MID-INTERNAL is currently in use, subscription can't be started.
2026-06-11T20:05:49.641876731Z [WARN] eToro-Momentum-LS.DataEngine: Aggregator for EEFT.ETORO-1-HOUR-MID-INTERNAL is currently in use, subscription can't be started.
2026-06-11T20:05:49.641880227Z [WARN] eToro-Momentum-LS.DataEngine: Aggregator for EEFT.ETORO-1-HOUR-MID-INTERNAL is currently in use, subscription can't be started.
2026-06-11T20:05:49.641882291Z [WARN] eToro-Momentum-LS.DataEngine: Aggregator for EEFT.ETORO-1-HOUR-MID-INTERNAL is currently in use, subscription can't be started.
2026-06-11T20:05:49.641884525Z [WARN] eToro-Momentum-LS.DataEngine: Aggregator for EEFT.ETORO-1-HOUR-MID-INTERNAL is currently in use, subscription can't be started.
2026-06-11T20:05:49.641886789Z [WARN] eToro-Momentum-LS.DataEngine: Aggregator for EEFT.ETORO-1-HOUR-MID-INTERNAL is currently in use, subscription can't be started.
2026-06-11T20:05:49.641893712Z [WARN] eToro-Momentum-LS.DataEngine: Aggregator for EEFT.ETORO-1-HOUR-MID-INTERNAL is currently in use, subscription can't be started.
2026-06-11T20:05:49.641895977Z [WARN] eToro-Momentum-LS.DataEngine: Aggregator for EEFT.ETORO-1-HOUR-MID-INTERNAL is currently in use, subscription can't be started.
2026-06-11T20:05:49.641898491Z [ERROR] eToro-Momentum-LS.DataEngine: Cannot start bar aggregation: no instrument found for JAZZ.ETORO
2026-06-11T20:05:49.641902679Z [WARN] eToro-Momentum-LS.DataEngine: Cannot setup bar aggregator: no aggregator found for JAZZ.ETORO-1-HOUR-MID-INTERNAL with key (JAZZ.ETORO-1-HOUR-MID-INTERNAL, None)
2026-06-11T20:05:49.641904002Z [ERROR] eToro-Momentum-LS.DataEngine: Cannot subscribe bar aggregator: no aggregator found for JAZZ.ETORO-1-HOUR-MID-INTERNAL with key (JAZZ.ETORO-1-HOUR-MID-INTERNAL, None)
2026-06-11T20:05:49.641906797Z [ERROR] eToro-Momentum-LS.DataEngine: Cannot start bar aggregation: no instrument found for JAZZ.ETORO
2026-06-11T20:05:49.641907869Z [WARN] eToro-Momentum-LS.DataEngine: Cannot setup bar aggregator: no aggregator found for JAZZ.ETORO-1-HOUR-MID-INTERNAL with key (JAZZ.ETORO-1-HOUR-MID-INTERNAL, None)
2026-06-11T20:05:49.641908831Z [ERROR] eToro-Momentum-LS.DataEngine: Cannot subscribe bar aggregator: no aggregator found for JAZZ.ETORO-1-HOUR-MID-INTERNAL with key (JAZZ.ETORO-1-HOUR-MID-INTERNAL, None)
2026-06-11T20:05:49.641910614Z [ERROR] eToro-Momentum-LS.DataEngine: Cannot start bar aggregation: no instrument found for JAZZ.ETORO
2026-06-11T20:05:49.641911726Z [WARN] eToro-Momentum-LS.DataEngine: Cannot setup bar aggregator: no aggregator found for JAZZ.ETORO-1-HOUR-MID-INTERNAL with key (JAZZ.ETORO-1-HOUR-MID-INTERNAL, None)
2026-06-11T20:05:49.641914010Z [ERROR] eToro-Momentum-LS.DataEngine: Cannot subscribe bar aggregator: no aggregator found for JAZZ.ETORO-1-HOUR-MID-INTERNAL with key (JAZZ.ETORO-1-HOUR-MID-INTERNAL, None)
2026-06-11T20:05:49.641920452Z [ERROR] eToro-Momentum-LS.DataEngine: Cannot start bar aggregation: no instrument found for JAZZ.ETORO
2026-06-11T20:05:49.641922717Z [WARN] eToro-Momentum-LS.DataEngine: Cannot setup bar aggregator: no aggregator found for JAZZ.ETORO-1-HOUR-MID-INTERNAL with key (JAZZ.ETORO-1-HOUR-MID-INTERNAL, None)
2026-06-11T20:05:49.641923869Z [ERROR] eToro-Momentum-LS.DataEngine: Cannot subscribe bar aggregator: no aggregator found for JAZZ.ETORO-1-HOUR-MID-INTERNAL with key (JAZZ.ETORO-1-HOUR-MID-INTERNAL, None)
2026-06-11T20:05:49.641927305Z [ERROR] eToro-Momentum-LS.DataEngine: Cannot start bar aggregation: no instrument found for JAZZ.ETORO
2026-06-11T20:05:49.641928658Z [WARN] eToro-Momentum-LS.DataEngine: Cannot setup bar aggregator: no aggregator found for JAZZ.ETORO-1-HOUR-MID-INTERNAL with key (JAZZ.ETORO-1-HOUR-MID-INTERNAL, None)
2026-06-11T20:05:49.641931383Z [ERROR] eToro-Momentum-LS.DataEngine: Cannot subscribe bar aggregator: no aggregator found for JAZZ.ETORO-1-HOUR-MID-INTERNAL with key (JAZZ.ETORO-1-HOUR-MID-INTERNAL, None)
2026-06-11T20:05:49.641940860Z [ERROR] eToro-Momentum-LS.DataEngine: Cannot start bar aggregation: no instrument found for JAZZ.ETORO
2026-06-11T20:05:49.641942804Z [WARN] eToro-Momentum-LS.DataEngine: Cannot setup bar aggregator: no aggregator found for JAZZ.ETORO-1-HOUR-MID-INTERNAL with key (JAZZ.ETORO-1-HOUR-MID-INTERNAL, None)
2026-06-11T20:05:49.641943996Z [ERROR] eToro-Momentum-LS.DataEngine: Cannot subscribe bar aggregator: no aggregator found for JAZZ.ETORO-1-HOUR-MID-INTERNAL with key (JAZZ.ETORO-1-HOUR-MID-INTERNAL, None)
2026-06-11T20:05:49.641949096Z [ERROR] eToro-Momentum-LS.DataEngine: Cannot start bar aggregation: no instrument found for JAZZ.ETORO
2026-06-11T20:05:49.641953454Z [WARN] eToro-Momentum-LS.DataEngine: Cannot setup bar aggregator: no aggregator found for JAZZ.ETORO-1-HOUR-MID-INTERNAL with key (JAZZ.ETORO-1-HOUR-MID-INTERNAL, None)
2026-06-11T20:05:49.641954516Z [ERROR] eToro-Momentum-LS.DataEngine: Cannot subscribe bar aggregator: no aggregator found for JAZZ.ETORO-1-HOUR-MID-INTERNAL with key (JAZZ.ETORO-1-HOUR-MID-INTERNAL, None)
2026-06-11T20:05:49.641956179Z [ERROR] eToro-Momentum-LS.DataEngine: Cannot start bar aggregation: no instrument found for JAZZ.ETORO
2026-06-11T20:05:49.641956981Z [WARN] eToro-Momentum-LS.DataEngine: Cannot setup bar aggregator: no aggregator found for JAZZ.ETORO-1-HOUR-MID-INTERNAL with key (JAZZ.ETORO-1-HOUR-MID-INTERNAL, None)
2026-06-11T20:05:49.641958333Z [ERROR] eToro-Momentum-LS.DataEngine: Cannot subscribe bar aggregator: no aggregator found for JAZZ.ETORO-1-HOUR-MID-INTERNAL with key (JAZZ.ETORO-1-HOUR-MID-INTERNAL, None)
2026-06-11T20:05:49.641959866Z [ERROR] eToro-Momentum-LS.DataEngine: Cannot start bar aggregation: no instrument found for JAZZ.ETORO
2026-06-11T20:05:49.641968813Z [WARN] eToro-Momentum-LS.DataEngine: Cannot setup bar aggregator: no aggregator found for JAZZ.ETORO-1-HOUR-MID-INTERNAL with key (JAZZ.ETORO-1-HOUR-MID-INTERNAL, None)
2026-06-11T20:05:49.641970406Z [ERROR] eToro-Momentum-LS.DataEngine: Cannot subscribe bar aggregator: no aggregator found for JAZZ.ETORO-1-HOUR-MID-INTERNAL with key (JAZZ.ETORO-1-HOUR-MID-INTERNAL, None)
2026-06-11T20:05:49.641975305Z [ERROR] eToro-Momentum-LS.DataEngine: Cannot start bar aggregation: no instrument found for JAZZ.ETORO
2026-06-11T20:05:49.641978751Z [WARN] eToro-Momentum-LS.DataEngine: Cannot setup bar aggregator: no aggregator found for JAZZ.ETORO-1-HOUR-MID-INTERNAL with key (JAZZ.ETORO-1-HOUR-MID-INTERNAL, None)
2026-06-11T20:05:49.641979833Z [ERROR] eToro-Momentum-LS.DataEngine: Cannot subscribe bar aggregator: no aggregator found for JAZZ.ETORO-1-HOUR-MID-INTERNAL with key (JAZZ.ETORO-1-HOUR-MID-INTERNAL, None)
2026-06-11T20:05:49.641982017Z [ERROR] eToro-Momentum-LS.DataEngine: Cannot start bar aggregation: no instrument found for JAZZ.ETORO
2026-06-11T20:05:49.641983240Z [WARN] eToro-Momentum-LS.DataEngine: Cannot setup bar aggregator: no aggregator found for JAZZ.ETORO-1-HOUR-MID-INTERNAL with key (JAZZ.ETORO-1-HOUR-MID-INTERNAL, None)
2026-06-11T20:05:49.641985674Z [ERROR] eToro-Momentum-LS.DataEngine: Cannot subscribe bar aggregator: no aggregator found for JAZZ.ETORO-1-HOUR-MID-INTERNAL with key (JAZZ.ETORO-1-HOUR-MID-INTERNAL, None)
2026-06-11T20:05:49.641989521Z [ERROR] eToro-Momentum-LS.DataEngine: Cannot start bar aggregation: no instrument found for JAZZ.ETORO
2026-06-11T20:05:49.641990754Z [WARN] eToro-Momentum-LS.DataEngine: Cannot setup bar aggregator: no aggregator found for JAZZ.ETORO-1-HOUR-MID-INTERNAL with key (JAZZ.ETORO-1-HOUR-MID-INTERNAL, None)
2026-06-11T20:05:49.641992337Z [ERROR] eToro-Momentum-LS.DataEngine: Cannot subscribe bar aggregator: no aggregator found for JAZZ.ETORO-1-HOUR-MID-INTERNAL with key (JAZZ.ETORO-1-HOUR-MID-INTERNAL, None)
2026-06-11T20:05:49.641993950Z [ERROR] eToro-Momentum-LS.DataEngine: Cannot start bar aggregation: no instrument found for JAZZ.ETORO
2026-06-11T20:05:49.641998258Z [WARN] eToro-Momentum-LS.DataEngine: Cannot setup bar aggregator: no aggregator found for JAZZ.ETORO-1-HOUR-MID-INTERNAL with key (JAZZ.ETORO-1-HOUR-MID-INTERNAL, None)
2026-06-11T20:05:49.642002075Z [ERROR] eToro-Momentum-LS.DataEngine: Cannot subscribe bar aggregator: no aggregator found for JAZZ.ETORO-1-HOUR-MID-INTERNAL with key (JAZZ.ETORO-1-HOUR-MID-INTERNAL, None)
2026-06-11T20:05:49.642004800Z [ERROR] eToro-Momentum-LS.DataEngine: Cannot start bar aggregation: no instrument found for JAZZ.ETORO
2026-06-11T20:05:49.642006172Z [WARN] eToro-Momentum-LS.DataEngine: Cannot setup bar aggregator: no aggregator found for JAZZ.ETORO-1-HOUR-MID-INTERNAL with key (JAZZ.ETORO-1-HOUR-MID-INTERNAL, None)
2026-06-11T20:05:49.642008948Z [ERROR] eToro-Momentum-LS.DataEngine: Cannot subscribe bar aggregator: no aggregator found for JAZZ.ETORO-1-HOUR-MID-INTERNAL with key (JAZZ.ETORO-1-HOUR-MID-INTERNAL, None)
2026-06-11T20:05:49.642011011Z [ERROR] eToro-Momentum-LS.DataEngine: Cannot start bar aggregation: no instrument found for JAZZ.ETORO
2026-06-11T20:05:49.642012995Z [WARN] eToro-Momentum-LS.DataEngine: Cannot setup bar aggregator: no aggregator found for JAZZ.ETORO-1-HOUR-MID-INTERNAL with key (JAZZ.ETORO-1-HOUR-MID-INTERNAL, None)
2026-06-11T20:05:49.642015329Z [ERROR] eToro-Momentum-LS.DataEngine: Cannot subscribe bar aggregator: no aggregator found for JAZZ.ETORO-1-HOUR-MID-INTERNAL with key (JAZZ.ETORO-1-HOUR-MID-INTERNAL, None)
2026-06-11T20:05:49.642027222Z [DEBUG] eToro-Momentum-LS.DataEngine: Created aggregator for key=(BarType(RHM.DE.ETORO-1-HOUR-MID-INTERNAL), None)
2026-06-11T20:05:49.642043201Z [DEBUG] eToro-Momentum-LS.MessageBus: Added Subscription(topic=data.quotes.ETORO.RHM.DE, handler=<bound method BarAggregator.handle_quote_tick of <nautilus_trader.data.aggregation.TimeBarAggregator object at 0x71dd66a371c0>>, priority=5)
2026-06-11T20:05:49.642073147Z [DEBUG] eToro-Momentum-LS.nautilus_common::live::timer: Creating timer 'TIME_BAR_RHM.DE.ETORO-1-HOUR-MID-INTERNAL'
2026-06-11T20:05:49.642087324Z [DEBUG] eToro-Momentum-LS.TimeBarAggregator: [start_timer] fire_immediately=False, _skip_first_non_full_bar=False, now=2026-06-11 20:05:49.642044183+00:00, start_time=2026-06-11 20:00:00+00:00, first_close_ns=1970-01-01 00:00:00+00:00, next_close_ns=2026-06-11 21:00:00+00:00
2026-06-11T20:05:49.642108503Z [DEBUG] eToro-Momentum-LS.DataEngine: Created aggregator for key=(BarType(PALL.ETORO-1-HOUR-MID-INTERNAL), None)
2026-06-11T20:05:49.642125696Z [DEBUG] eToro-Momentum-LS.MessageBus: Added Subscription(topic=data.quotes.ETORO.PALL, handler=<bound method BarAggregator.handle_quote_tick of <nautilus_trader.data.aggregation.TimeBarAggregator object at 0x71dd66a37280>>, priority=5)
2026-06-11T20:05:49.642152165Z [DEBUG] eToro-Momentum-LS.nautilus_common::live::timer: Creating timer 'TIME_BAR_PALL.ETORO-1-HOUR-MID-INTERNAL'
2026-06-11T20:05:49.642163837Z [DEBUG] eToro-Momentum-LS.TimeBarAggregator: [start_timer] fire_immediately=False, _skip_first_non_full_bar=False, now=2026-06-11 20:05:49.642127439+00:00, start_time=2026-06-11 20:00:00+00:00, first_close_ns=1970-01-01 00:00:00+00:00, next_close_ns=2026-06-11 21:00:00+00:00
2026-06-11T20:05:49.642179616Z [DEBUG] eToro-Momentum-LS.DataEngine: Created aggregator for key=(BarType(DOCU.ETORO-1-HOUR-MID-INTERNAL), None)
2026-06-11T20:05:49.642194734Z [DEBUG] eToro-Momentum-LS.MessageBus: Added Subscription(topic=data.quotes.ETORO.DOCU, handler=<bound method BarAggregator.handle_quote_tick of <nautilus_trader.data.aggregation.TimeBarAggregator object at 0x71dd66a37340>>, priority=5)
2026-06-11T20:05:49.642216515Z [DEBUG] eToro-Momentum-LS.nautilus_common::live::timer: Creating timer 'TIME_BAR_DOCU.ETORO-1-HOUR-MID-INTERNAL'
2026-06-11T20:05:49.642226674Z [DEBUG] eToro-Momentum-LS.TimeBarAggregator: [start_timer] fire_immediately=False, _skip_first_non_full_bar=False, now=2026-06-11 20:05:49.642196708+00:00, start_time=2026-06-11 20:00:00+00:00, first_close_ns=1970-01-01 00:00:00+00:00, next_close_ns=2026-06-11 21:00:00+00:00
2026-06-11T20:05:49.642241722Z [DEBUG] eToro-Momentum-LS.DataEngine: Created aggregator for key=(BarType(FSLY.ETORO-1-HOUR-MID-INTERNAL), None)
2026-06-11T20:05:49.642256129Z [DEBUG] eToro-Momentum-LS.MessageBus: Added Subscription(topic=data.quotes.ETORO.FSLY, handler=<bound method BarAggregator.handle_quote_tick of <nautilus_trader.data.aggregation.TimeBarAggregator object at 0x71dd66a37400>>, priority=5)
2026-06-11T20:05:49.642282118Z [DEBUG] eToro-Momentum-LS.nautilus_common::live::timer: Creating timer 'TIME_BAR_FSLY.ETORO-1-HOUR-MID-INTERNAL'
2026-06-11T20:05:49.642293920Z [DEBUG] eToro-Momentum-LS.TimeBarAggregator: [start_timer] fire_immediately=False, _skip_first_non_full_bar=False, now=2026-06-11 20:05:49.642257632+00:00, start_time=2026-06-11 20:00:00+00:00, first_close_ns=1970-01-01 00:00:00+00:00, next_close_ns=2026-06-11 21:00:00+00:00
2026-06-11T20:05:49.642309839Z [DEBUG] eToro-Momentum-LS.DataEngine: Created aggregator for key=(BarType(TSEM.ETORO-1-HOUR-MID-INTERNAL), None)
2026-06-11T20:05:49.642326971Z [DEBUG] eToro-Momentum-LS.MessageBus: Added Subscription(topic=data.quotes.ETORO.TSEM, handler=<bound method BarAggregator.handle_quote_tick of <nautilus_trader.data.aggregation.TimeBarAggregator object at 0x71dd66a374c0>>, priority=5)
2026-06-11T20:05:49.642365153Z [DEBUG] eToro-Momentum-LS.nautilus_common::live::timer: Creating timer 'TIME_BAR_TSEM.ETORO-1-HOUR-MID-INTERNAL'
2026-06-11T20:05:49.642383878Z [DEBUG] eToro-Momentum-LS.TimeBarAggregator: [start_timer] fire_immediately=False, _skip_first_non_full_bar=False, now=2026-06-11 20:05:49.642329296+00:00, start_time=2026-06-11 20:00:00+00:00, first_close_ns=1970-01-01 00:00:00+00:00, next_close_ns=2026-06-11 21:00:00+00:00
2026-06-11T20:05:49.642424814Z [DEBUG] eToro-Momentum-LS.DataEngine: Created aggregator for key=(BarType(AG.ETORO-1-HOUR-MID-INTERNAL), None)
2026-06-11T20:05:49.642451484Z [DEBUG] eToro-Momentum-LS.MessageBus: Added Subscription(topic=data.quotes.ETORO.AG, handler=<bound method BarAggregator.handle_quote_tick of <nautilus_trader.data.aggregation.TimeBarAggregator object at 0x71dd66a37580>>, priority=5)
2026-06-11T20:05:49.642496197Z [DEBUG] eToro-Momentum-LS.nautilus_common::live::timer: Creating timer 'TIME_BAR_AG.ETORO-1-HOUR-MID-INTERNAL'
2026-06-11T20:05:49.642518218Z [DEBUG] eToro-Momentum-LS.TimeBarAggregator: [start_timer] fire_immediately=False, _skip_first_non_full_bar=False, now=2026-06-11 20:05:49.642453838+00:00, start_time=2026-06-11 20:00:00+00:00, first_close_ns=1970-01-01 00:00:00+00:00, next_close_ns=2026-06-11 21:00:00+00:00
2026-06-11T20:05:49.642549677Z [DEBUG] eToro-Momentum-LS.DataEngine: Created aggregator for key=(BarType(XPEV.ETORO-1-HOUR-MID-INTERNAL), None)
2026-06-11T20:05:49.642575555Z [DEBUG] eToro-Momentum-LS.MessageBus: Added Subscription(topic=data.quotes.ETORO.XPEV, handler=<bound method BarAggregator.handle_quote_tick of <nautilus_trader.data.aggregation.TimeBarAggregator object at 0x71dd66a37640>>, priority=5)
2026-06-11T20:05:49.642613246Z [DEBUG] eToro-Momentum-LS.nautilus_common::live::timer: Creating timer 'TIME_BAR_XPEV.ETORO-1-HOUR-MID-INTERNAL'
2026-06-11T20:05:49.642631310Z [DEBUG] eToro-Momentum-LS.TimeBarAggregator: [start_timer] fire_immediately=False, _skip_first_non_full_bar=False, now=2026-06-11 20:05:49.642578080+00:00, start_time=2026-06-11 20:00:00+00:00, first_close_ns=1970-01-01 00:00:00+00:00, next_close_ns=2026-06-11 21:00:00+00:00
2026-06-11T20:05:49.642659763Z [DEBUG] eToro-Momentum-LS.DataEngine: Created aggregator for key=(BarType(E.ETORO-1-HOUR-MID-INTERNAL), None)
2026-06-11T20:05:49.642679239Z [DEBUG] eToro-Momentum-LS.MessageBus: Added Subscription(topic=data.quotes.ETORO.E, handler=<bound method BarAggregator.handle_quote_tick of <nautilus_trader.data.aggregation.TimeBarAggregator object at 0x71dd66a37700>>, priority=5)
2026-06-11T20:05:49.642711960Z [DEBUG] eToro-Momentum-LS.nautilus_common::live::timer: Creating timer 'TIME_BAR_E.ETORO-1-HOUR-MID-INTERNAL'
2026-06-11T20:05:49.642730244Z [DEBUG] eToro-Momentum-LS.TimeBarAggregator: [start_timer] fire_immediately=False, _skip_first_non_full_bar=False, now=2026-06-11 20:05:49.642681133+00:00, start_time=2026-06-11 20:00:00+00:00, first_close_ns=1970-01-01 00:00:00+00:00, next_close_ns=2026-06-11 21:00:00+00:00
2026-06-11T20:05:49.642753137Z [DEBUG] eToro-Momentum-LS.DataEngine: Created aggregator for key=(BarType(HUT.ETORO-1-HOUR-MID-INTERNAL), None)
2026-06-11T20:05:49.642771061Z [DEBUG] eToro-Momentum-LS.MessageBus: Added Subscription(topic=data.quotes.ETORO.HUT, handler=<bound method BarAggregator.handle_quote_tick of <nautilus_trader.data.aggregation.TimeBarAggregator object at 0x71dd66a377c0>>, priority=5)
2026-06-11T20:05:49.642799614Z [DEBUG] eToro-Momentum-LS.nautilus_common::live::timer: Creating timer 'TIME_BAR_HUT.ETORO-1-HOUR-MID-INTERNAL'
2026-06-11T20:05:49.642812087Z [DEBUG] eToro-Momentum-LS.TimeBarAggregator: [start_timer] fire_immediately=False, _skip_first_non_full_bar=False, now=2026-06-11 20:05:49.642772794+00:00, start_time=2026-06-11 20:00:00+00:00, first_close_ns=1970-01-01 00:00:00+00:00, next_close_ns=2026-06-11 21:00:00+00:00
2026-06-11T20:05:49.642830321Z [DEBUG] eToro-Momentum-LS.DataEngine: Created aggregator for key=(BarType(INSM.ETORO-1-HOUR-MID-INTERNAL), None)
2026-06-11T20:05:49.642846852Z [DEBUG] eToro-Momentum-LS.MessageBus: Added Subscription(topic=data.quotes.ETORO.INSM, handler=<bound method BarAggregator.handle_quote_tick of <nautilus_trader.data.aggregation.TimeBarAggregator object at 0x71dd66a37880>>, priority=5)
2026-06-11T20:05:49.642870586Z [DEBUG] eToro-Momentum-LS.nautilus_common::live::timer: Creating timer 'TIME_BAR_INSM.ETORO-1-HOUR-MID-INTERNAL'
2026-06-11T20:05:49.642882148Z [DEBUG] eToro-Momentum-LS.TimeBarAggregator: [start_timer] fire_immediately=False, _skip_first_non_full_bar=False, now=2026-06-11 20:05:49.642848635+00:00, start_time=2026-06-11 20:00:00+00:00, first_close_ns=1970-01-01 00:00:00+00:00, next_close_ns=2026-06-11 21:00:00+00:00
2026-06-11T20:05:49.642898889Z [DEBUG] eToro-Momentum-LS.DataEngine: Created aggregator for key=(BarType(INSW.ETORO-1-HOUR-MID-INTERNAL), None)
2026-06-11T20:05:49.642921261Z [DEBUG] eToro-Momentum-LS.MessageBus: Added Subscription(topic=data.quotes.ETORO.INSW, handler=<bound method BarAggregator.handle_quote_tick of <nautilus_trader.data.aggregation.TimeBarAggregator object at 0x71dd66a37940>>, priority=5)
2026-06-11T20:05:49.642954202Z [DEBUG] eToro-Momentum-LS.nautilus_common::live::timer: Creating timer 'TIME_BAR_INSW.ETORO-1-HOUR-MID-INTERNAL'
2026-06-11T20:05:49.642965624Z [DEBUG] eToro-Momentum-LS.TimeBarAggregator: [start_timer] fire_immediately=False, _skip_first_non_full_bar=False, now=2026-06-11 20:05:49.642923265+00:00, start_time=2026-06-11 20:00:00+00:00, first_close_ns=1970-01-01 00:00:00+00:00, next_close_ns=2026-06-11 21:00:00+00:00
2026-06-11T20:05:49.642983167Z [DEBUG] eToro-Momentum-LS.DataEngine: Created aggregator for key=(BarType(TTMI.ETORO-1-HOUR-MID-INTERNAL), None)
2026-06-11T20:05:49.642998305Z [DEBUG] eToro-Momentum-LS.MessageBus: Added Subscription(topic=data.quotes.ETORO.TTMI, handler=<bound method BarAggregator.handle_quote_tick of <nautilus_trader.data.aggregation.TimeBarAggregator object at 0x71dd66a37a00>>, priority=5)
2026-06-11T20:05:49.643021318Z [DEBUG] eToro-Momentum-LS.nautilus_common::live::timer: Creating timer 'TIME_BAR_TTMI.ETORO-1-HOUR-MID-INTERNAL'
2026-06-11T20:05:49.643032328Z [DEBUG] eToro-Momentum-LS.TimeBarAggregator: [start_timer] fire_immediately=False, _skip_first_non_full_bar=False, now=2026-06-11 20:05:49.642999768+00:00, start_time=2026-06-11 20:00:00+00:00, first_close_ns=1970-01-01 00:00:00+00:00, next_close_ns=2026-06-11 21:00:00+00:00
2026-06-11T20:05:49.643077803Z [DEBUG] eToro-Momentum-LS.DataClient-ETORO_WS_CLIENT: Creating async task 'subscribe: quote_ticks COHR.ETORO'
2026-06-11T20:05:49.643091910Z [DEBUG] eToro-Momentum-LS.DataClient-ETORO_WS_CLIENT: Creating async task 'subscribe: quote_ticks MTZ.ETORO'
2026-06-11T20:05:49.643097801Z [DEBUG] eToro-Momentum-LS.DataClient-ETORO_WS_CLIENT: Creating async task 'subscribe: quote_ticks SE.ETORO'
2026-06-11T20:05:49.643102710Z [DEBUG] eToro-Momentum-LS.DataClient-ETORO_WS_CLIENT: Creating async task 'subscribe: quote_ticks SQM.ETORO'
2026-06-11T20:05:49.643107849Z [DEBUG] eToro-Momentum-LS.DataClient-ETORO_WS_CLIENT: Creating async task 'subscribe: quote_ticks MNDY.ETORO'
2026-06-11T20:05:49.643113460Z [DEBUG] eToro-Momentum-LS.DataClient-ETORO_WS_CLIENT: Creating async task 'subscribe: quote_ticks VRT.ETORO'
2026-06-11T20:05:49.643118680Z [DEBUG] eToro-Momentum-LS.DataClient-ETORO_WS_CLIENT: Creating async task 'subscribe: quote_ticks CIEN.ETORO'
2026-06-11T20:05:49.643124260Z [DEBUG] eToro-Momentum-LS.DataClient-ETORO_WS_CLIENT: Creating async task 'subscribe: quote_ticks POWL.ETORO'
2026-06-11T20:05:49.643130802Z [DEBUG] eToro-Momentum-LS.DataClient-ETORO_WS_CLIENT: Creating async task 'subscribe: quote_ticks PBR.ETORO'
2026-06-11T20:05:49.643137695Z [DEBUG] eToro-Momentum-LS.DataClient-ETORO_WS_CLIENT: Creating async task 'subscribe: quote_ticks PINS.ETORO'
2026-06-11T20:05:49.643144828Z [DEBUG] eToro-Momentum-LS.DataClient-ETORO_WS_CLIENT: Creating async task 'subscribe: quote_ticks EEFT.ETORO'
2026-06-11T20:05:49.643152563Z [DEBUG] eToro-Momentum-LS.DataClient-ETORO_WS_CLIENT: Creating async task 'subscribe: quote_ticks RHM.DE.ETORO'
2026-06-11T20:05:49.643161640Z [DEBUG] eToro-Momentum-LS.DataClient-ETORO_WS_CLIENT: Creating async task 'subscribe: quote_ticks PALL.ETORO'
2026-06-11T20:05:49.643169825Z [DEBUG] eToro-Momentum-LS.DataClient-ETORO_WS_CLIENT: Creating async task 'subscribe: quote_ticks DOCU.ETORO'
2026-06-11T20:05:49.643178912Z [DEBUG] eToro-Momentum-LS.DataClient-ETORO_WS_CLIENT: Creating async task 'subscribe: quote_ticks FSLY.ETORO'
2026-06-11T20:05:49.643188620Z [DEBUG] eToro-Momentum-LS.DataClient-ETORO_WS_CLIENT: Creating async task 'subscribe: quote_ticks TSEM.ETORO'
2026-06-11T20:05:49.643198789Z [DEBUG] eToro-Momentum-LS.DataClient-ETORO_WS_CLIENT: Creating async task 'subscribe: quote_ticks AG.ETORO'
2026-06-11T20:05:49.643210781Z [DEBUG] eToro-Momentum-LS.DataClient-ETORO_WS_CLIENT: Creating async task 'subscribe: quote_ticks XPEV.ETORO'
2026-06-11T20:05:49.643225138Z [DEBUG] eToro-Momentum-LS.DataClient-ETORO_WS_CLIENT: Creating async task 'subscribe: quote_ticks E.ETORO'
2026-06-11T20:05:49.643237902Z [DEBUG] eToro-Momentum-LS.DataClient-ETORO_WS_CLIENT: Creating async task 'subscribe: quote_ticks HUT.ETORO'
2026-06-11T20:05:49.643251638Z [DEBUG] eToro-Momentum-LS.DataClient-ETORO_WS_CLIENT: Creating async task 'subscribe: quote_ticks INSM.ETORO'
2026-06-11T20:05:49.643265794Z [DEBUG] eToro-Momentum-LS.DataClient-ETORO_WS_CLIENT: Creating async task 'subscribe: quote_ticks INSW.ETORO'
2026-06-11T20:05:49.643283217Z [DEBUG] eToro-Momentum-LS.DataClient-ETORO_WS_CLIENT: Creating async task 'subscribe: quote_ticks TTMI.ETORO'
2026-06-11T20:05:49.643297604Z [DEBUG] eToro-Momentum-LS.DataClient-ETORO_WS_CLIENT: Coroutine 'subscribe: quote_ticks COHR.ETORO' completed
2026-06-11T20:05:49.643299357Z [INFO] eToro-Momentum-LS.DataClient-ETORO_WS_CLIENT: Subscribed COHR.ETORO quotes
2026-06-11T20:05:49.643302122Z [DEBUG] eToro-Momentum-LS.DataClient-ETORO_WS_CLIENT: Coroutine 'subscribe: quote_ticks MTZ.ETORO' completed
2026-06-11T20:05:49.643304196Z [INFO] eToro-Momentum-LS.DataClient-ETORO_WS_CLIENT: Subscribed MTZ.ETORO quotes
2026-06-11T20:05:49.643305308Z [DEBUG] eToro-Momentum-LS.DataClient-ETORO_WS_CLIENT: Coroutine 'subscribe: quote_ticks SE.ETORO' completed
2026-06-11T20:05:49.643305608Z [INFO] eToro-Momentum-LS.DataClient-ETORO_WS_CLIENT: Subscribed SE.ETORO quotes
2026-06-11T20:05:49.643306510Z [DEBUG] eToro-Momentum-LS.DataClient-ETORO_WS_CLIENT: Coroutine 'subscribe: quote_ticks SQM.ETORO' completed
2026-06-11T20:05:49.643307021Z [INFO] eToro-Momentum-LS.DataClient-ETORO_WS_CLIENT: Subscribed SQM.ETORO quotes
2026-06-11T20:05:49.643307813Z [DEBUG] eToro-Momentum-LS.DataClient-ETORO_WS_CLIENT: Coroutine 'subscribe: quote_ticks MNDY.ETORO' completed
2026-06-11T20:05:49.643308223Z [INFO] eToro-Momentum-LS.DataClient-ETORO_WS_CLIENT: Subscribed MNDY.ETORO quotes
2026-06-11T20:05:49.643308875Z [DEBUG] eToro-Momentum-LS.DataClient-ETORO_WS_CLIENT: Coroutine 'subscribe: quote_ticks VRT.ETORO' completed
2026-06-11T20:05:49.643309215Z [INFO] eToro-Momentum-LS.DataClient-ETORO_WS_CLIENT: Subscribed VRT.ETORO quotes
2026-06-11T20:05:49.643309937Z [DEBUG] eToro-Momentum-LS.DataClient-ETORO_WS_CLIENT: Coroutine 'subscribe: quote_ticks CIEN.ETORO' completed
2026-06-11T20:05:49.643310598Z [INFO] eToro-Momentum-LS.DataClient-ETORO_WS_CLIENT: Subscribed CIEN.ETORO quotes
2026-06-11T20:05:49.643311239Z [DEBUG] eToro-Momentum-LS.DataClient-ETORO_WS_CLIENT: Coroutine 'subscribe: quote_ticks POWL.ETORO' completed
2026-06-11T20:05:49.643312722Z [INFO] eToro-Momentum-LS.DataClient-ETORO_WS_CLIENT: Subscribed POWL.ETORO quotes
2026-06-11T20:05:49.643313353Z [DEBUG] eToro-Momentum-LS.DataClient-ETORO_WS_CLIENT: Coroutine 'subscribe: quote_ticks PBR.ETORO' completed
2026-06-11T20:05:49.643313864Z [INFO] eToro-Momentum-LS.DataClient-ETORO_WS_CLIENT: Subscribed PBR.ETORO quotes
2026-06-11T20:05:49.643314505Z [DEBUG] eToro-Momentum-LS.DataClient-ETORO_WS_CLIENT: Coroutine 'subscribe: quote_ticks PINS.ETORO' completed
2026-06-11T20:05:49.643315437Z [INFO] eToro-Momentum-LS.DataClient-ETORO_WS_CLIENT: Subscribed PINS.ETORO quotes
2026-06-11T20:05:49.643316138Z [DEBUG] eToro-Momentum-LS.DataClient-ETORO_WS_CLIENT: Coroutine 'subscribe: quote_ticks EEFT.ETORO' completed
2026-06-11T20:05:49.643317190Z [INFO] eToro-Momentum-LS.DataClient-ETORO_WS_CLIENT: Subscribed EEFT.ETORO quotes
2026-06-11T20:05:49.643317881Z [DEBUG] eToro-Momentum-LS.DataClient-ETORO_WS_CLIENT: Coroutine 'subscribe: quote_ticks RHM.DE.ETORO' completed
2026-06-11T20:05:49.643318462Z [INFO] eToro-Momentum-LS.DataClient-ETORO_WS_CLIENT: Subscribed RHM.DE.ETORO quotes
2026-06-11T20:05:49.643319114Z [DEBUG] eToro-Momentum-LS.DataClient-ETORO_WS_CLIENT: Coroutine 'subscribe: quote_ticks PALL.ETORO' completed
2026-06-11T20:05:49.643327229Z [INFO] eToro-Momentum-LS.DataClient-ETORO_WS_CLIENT: Subscribed PALL.ETORO quotes
2026-06-11T20:05:49.643333180Z [DEBUG] eToro-Momentum-LS.DataClient-ETORO_WS_CLIENT: Coroutine 'subscribe: quote_ticks DOCU.ETORO' completed
2026-06-11T20:05:49.643333471Z [INFO] eToro-Momentum-LS.DataClient-ETORO_WS_CLIENT: Subscribed DOCU.ETORO quotes
2026-06-11T20:05:49.643334082Z [DEBUG] eToro-Momentum-LS.DataClient-ETORO_WS_CLIENT: Coroutine 'subscribe: quote_ticks FSLY.ETORO' completed
