2026-05-12T12:35:12.390738001Z [INFO] eToro-MultiBot.TradingNode: =================================================================
2026-05-12T12:35:12.390742995Z [INFO] eToro-MultiBot.TradingNode:  NAUTILUS TRADER - Automated Algorithmic Trading Platform
2026-05-12T12:35:12.390743381Z [INFO] eToro-MultiBot.TradingNode:  by Nautech Systems Pty Ltd.
2026-05-12T12:35:12.390743575Z [INFO] eToro-MultiBot.TradingNode:  Copyright (C) 2015-2026. All rights reserved.
2026-05-12T12:35:12.390743958Z [INFO] eToro-MultiBot.TradingNode: =================================================================
2026-05-12T12:35:12.390744223Z [INFO] eToro-MultiBot.TradingNode: 
2026-05-12T12:35:12.390744417Z [INFO] eToro-MultiBot.TradingNode: ⠀⠀⠀⠀⠀⠀⠀⠀⠀⠀⠀⠀⠀⣠⣴⣶⡟⠀⠀⠀⠀⠀⠀⠀⠀⠀⠀⠀⠀⠀⠀
2026-05-12T12:35:12.390744598Z [INFO] eToro-MultiBot.TradingNode: ⠀⠀⠀⠀⠀⠀⠀⠀⠀⠀⠀⣰⣾⣿⣿⣿⠀⢸⣿⣿⣿⣿⣶⣶⣤⣀⠀⠀⠀⠀⠀
2026-05-12T12:35:12.390744842Z [INFO] eToro-MultiBot.TradingNode: ⠀⠀⠀⠀⠀⠀⢀⣴⡇⢀⣾⣿⣿⣿⣿⣿⠀⣾⣿⣿⣿⣿⣿⣿⣿⠿⠓⠀⠀⠀⠀
2026-05-12T12:35:12.390745076Z [INFO] eToro-MultiBot.TradingNode: ⠀⠀⠀⠀⠀⣰⣿⣿⡀⢸⣿⣿⣿⣿⣿⣿⠀⣿⣿⣿⣿⣿⣿⠟⠁⣠⣄⠀⠀⠀⠀
2026-05-12T12:35:12.390745308Z [INFO] eToro-MultiBot.TradingNode: ⠀⠀⠀⠀⢠⣿⣿⣿⣇⠀⢿⣿⣿⣿⣿⣿⠀⢻⣿⣿⣿⡿⢃⣠⣾⣿⣿⣧⡀⠀⠀
2026-05-12T12:35:12.390745556Z [INFO] eToro-MultiBot.TradingNode: ⠀⠀⠀⠠⣾⣿⣿⣿⣿⣿⣧⠈⠋⢀⣴⣧⠀⣿⡏⢠⡀⢸⣿⣿⣿⣿⣿⣿⣿⡇⠀
2026-05-12T12:35:12.390745785Z [INFO] eToro-MultiBot.TradingNode: ⠀⠀⠀⣀⠙⢿⣿⣿⣿⣿⣿⠇⢠⣿⣿⣿⡄⠹⠃⠼⠃⠈⠉⠛⠛⠛⠛⠛⠻⠇⠀
2026-05-12T12:35:12.390756508Z [INFO] eToro-MultiBot.TradingNode: ⠀⠀⢸⡟⢠⣤⠉⠛⠿⢿⣿⠀⢸⣿⡿⠋⣠⣤⣄⠀⣾⣿⣿⣶⣶⣶⣦⡄⠀⠀⠀
2026-05-12T12:35:12.390756734Z [INFO] eToro-MultiBot.TradingNode: ⠀⠀⠸⠀⣾⠏⣸⣷⠂⣠⣤⠀⠘⢁⣴⣾⣿⣿⣿⡆⠘⣿⣿⣿⣿⣿⣿⠀⠀⠀⠀
2026-05-12T12:35:12.390756915Z [INFO] eToro-MultiBot.TradingNode: ⠀⠀⠀⠀⠛⠀⣿⡟⠀⢻⣿⡄⠸⣿⣿⣿⣿⣿⣿⣿⡀⠘⣿⣿⣿⣿⠟⠀⠀⠀⠀
2026-05-12T12:35:12.390757083Z [INFO] eToro-MultiBot.TradingNode: ⠀⠀⠀⠀⠀⠀⣿⠇⠀⠀⢻⡿⠀⠈⠻⣿⣿⣿⣿⣿⡇⠀⢹⣿⠿⠋⠀⠀⠀⠀⠀
2026-05-12T12:35:12.390757441Z [INFO] eToro-MultiBot.TradingNode: ⠀⠀⠀⠀⠀⠀⠋⠀⠀⠀⡘⠁⠀⠀⠀⠀⠀⠀⠀⠀⠀⠀⠈⠁⠀⠀⠀⠀⠀⠀⠀
2026-05-12T12:35:12.390757984Z [INFO] eToro-MultiBot.TradingNode: 
2026-05-12T12:35:12.390758149Z [INFO] eToro-MultiBot.TradingNode: =================================================================
2026-05-12T12:35:12.390758478Z [INFO] eToro-MultiBot.TradingNode:  SYSTEM SPECIFICATION
2026-05-12T12:35:12.390758673Z [INFO] eToro-MultiBot.TradingNode: =================================================================
2026-05-12T12:35:12.390759956Z [INFO] eToro-MultiBot.TradingNode: CPU architecture: Intel(R) Core(TM) i7-4810MQ CPU @ 2.80GHz
2026-05-12T12:35:12.390760555Z [INFO] eToro-MultiBot.TradingNode: CPU(s): 8 @ 800 MHz
2026-05-12T12:35:12.390761272Z [INFO] eToro-MultiBot.TradingNode: OS: kernel-6.17.0-23-generic Linux (Ubuntu 24.04)
2026-05-12T12:35:12.390819483Z [INFO] eToro-MultiBot.TradingNode: =================================================================
2026-05-12T12:35:12.390820568Z [INFO] eToro-MultiBot.TradingNode:  MEMORY USAGE
2026-05-12T12:35:12.390821050Z [INFO] eToro-MultiBot.TradingNode: =================================================================
2026-05-12T12:35:12.390823311Z [INFO] eToro-MultiBot.TradingNode: RAM-Total: 31.22 GiB
2026-05-12T12:35:12.390824695Z [INFO] eToro-MultiBot.TradingNode: RAM-Used: 6.96 GiB (22.28%)
2026-05-12T12:35:12.390825763Z [INFO] eToro-MultiBot.TradingNode: RAM-Avail: 24.26 GiB (77.72%)
2026-05-12T12:35:12.390827072Z [INFO] eToro-MultiBot.TradingNode: Swap-Total: 8.00 GiB
2026-05-12T12:35:12.390827765Z [INFO] eToro-MultiBot.TradingNode: Swap-Used: 0.00 GiB (0.00%)
2026-05-12T12:35:12.390830691Z [INFO] eToro-MultiBot.TradingNode: Swap-Avail: 8.00 GiB (100.00%)
2026-05-12T12:35:12.390841249Z [INFO] eToro-MultiBot.TradingNode: =================================================================
2026-05-12T12:35:12.390841519Z [INFO] eToro-MultiBot.TradingNode:  IDENTIFIERS
2026-05-12T12:35:12.390841878Z [INFO] eToro-MultiBot.TradingNode: =================================================================
2026-05-12T12:35:12.390842946Z [INFO] eToro-MultiBot.TradingNode: trader_id: eToro-MultiBot
2026-05-12T12:35:12.390843652Z [INFO] eToro-MultiBot.TradingNode: machine_id: user-ThinkPad-W541
2026-05-12T12:35:12.390845454Z [INFO] eToro-MultiBot.TradingNode: instance_id: 8d680e8a-ee7a-4b47-870c-f93bf8193580
2026-05-12T12:35:12.390846379Z [INFO] eToro-MultiBot.TradingNode: PID: 27215
2026-05-12T12:35:12.390846994Z [INFO] eToro-MultiBot.TradingNode: =================================================================
2026-05-12T12:35:12.390847396Z [INFO] eToro-MultiBot.TradingNode:  VERSIONING
2026-05-12T12:35:12.390847712Z [INFO] eToro-MultiBot.TradingNode: =================================================================
2026-05-12T12:35:12.390883447Z [INFO] eToro-MultiBot.TradingNode: nautilus_trader: 1.226.0
2026-05-12T12:35:12.390889415Z [INFO] eToro-MultiBot.TradingNode: python: 3.12.3
2026-05-12T12:35:12.390892654Z [INFO] eToro-MultiBot.TradingNode: numpy: 2.4.4
2026-05-12T12:35:12.390895977Z [INFO] eToro-MultiBot.TradingNode: pandas: 2.3.3
2026-05-12T12:35:12.390898182Z [INFO] eToro-MultiBot.TradingNode: msgspec: 0.21.1
2026-05-12T12:35:12.390900595Z [INFO] eToro-MultiBot.TradingNode: pyarrow: 24.0.0
2026-05-12T12:35:12.390903762Z [INFO] eToro-MultiBot.TradingNode: pytz: 2026.2
2026-05-12T12:35:12.390906104Z [INFO] eToro-MultiBot.TradingNode: uvloop: 0.22.1
2026-05-12T12:35:12.390906385Z [INFO] eToro-MultiBot.TradingNode: =================================================================
2026-05-12T12:35:12.390919673Z [INFO] eToro-MultiBot.TradingNode: Building system kernel
2026-05-12T12:35:12.391119754Z [DEBUG] eToro-MultiBot.TradingNode: Event loop signal handling setup for (<Signals.SIGTERM: 15>, <Signals.SIGINT: 2>, <Signals.SIGABRT: 6>)
2026-05-12T12:35:12.391141592Z [INFO] eToro-MultiBot.MessageBus: config.database=None
2026-05-12T12:35:12.391142684Z [INFO] eToro-MultiBot.MessageBus: config.encoding='msgpack'
2026-05-12T12:35:12.391143873Z [INFO] eToro-MultiBot.MessageBus: config.timestamps_as_iso8601=False
2026-05-12T12:35:12.391144578Z [INFO] eToro-MultiBot.MessageBus: config.buffer_interval_ms=None
2026-05-12T12:35:12.391145452Z [INFO] eToro-MultiBot.MessageBus: config.autotrim_mins=None
2026-05-12T12:35:12.391146321Z [INFO] eToro-MultiBot.MessageBus: config.use_trader_prefix=True
2026-05-12T12:35:12.391147329Z [INFO] eToro-MultiBot.MessageBus: config.use_trader_id=True
2026-05-12T12:35:12.391148874Z [INFO] eToro-MultiBot.MessageBus: config.use_instance_id=False
2026-05-12T12:35:12.391149999Z [INFO] eToro-MultiBot.MessageBus: config.streams_prefix='stream'
2026-05-12T12:35:12.391150770Z [INFO] eToro-MultiBot.MessageBus: config.types_filter=None
2026-05-12T12:35:12.391181640Z [DEBUG] eToro-MultiBot.MessageBus: Added Subscription(topic=commands.system.shutdown, handler=<bound method NautilusKernel._on_shutdown_system of <nautilus_trader.system.kernel.NautilusKernel object at 0x7fd69414de20>>, priority=0)
2026-05-12T12:35:12.391223722Z [INFO] eToro-MultiBot.Cache: READY
2026-05-12T12:35:12.391887858Z [DEBUG] eToro-MultiBot.MessageBus: Added endpoint 'Portfolio.update_account' <bound method Portfolio.update_account of <nautilus_trader.portfolio.portfolio.Portfolio object at 0x7fd694145340>>
2026-05-12T12:35:12.391894215Z [DEBUG] eToro-MultiBot.MessageBus: Added endpoint 'Portfolio.update_order' <bound method Portfolio.update_order of <nautilus_trader.portfolio.portfolio.Portfolio object at 0x7fd694145340>>
2026-05-12T12:35:12.391896295Z [DEBUG] eToro-MultiBot.MessageBus: Added endpoint 'Portfolio.update_position' <bound method Portfolio.update_position of <nautilus_trader.portfolio.portfolio.Portfolio object at 0x7fd694145340>>
2026-05-12T12:35:12.391904823Z [DEBUG] eToro-MultiBot.MessageBus: Added Subscription(topic=events.order.*, handler=<bound method Portfolio.on_order_event of <nautilus_trader.portfolio.portfolio.Portfolio object at 0x7fd694145340>>, priority=10)
2026-05-12T12:35:12.391910327Z [DEBUG] eToro-MultiBot.MessageBus: Added Subscription(topic=events.position.*, handler=<bound method Portfolio.on_position_event of <nautilus_trader.portfolio.portfolio.Portfolio object at 0x7fd694145340>>, priority=10)
2026-05-12T12:35:12.391915086Z [DEBUG] eToro-MultiBot.MessageBus: Added Subscription(topic=data.quotes.*, handler=<bound method Portfolio.update_quote_tick of <nautilus_trader.portfolio.portfolio.Portfolio object at 0x7fd694145340>>, priority=10)
2026-05-12T12:35:12.391920181Z [DEBUG] eToro-MultiBot.MessageBus: Added Subscription(topic=data.bars.*EXTERNAL, handler=<bound method Portfolio.update_bar of <nautilus_trader.portfolio.portfolio.Portfolio object at 0x7fd694145340>>, priority=10)
2026-05-12T12:35:12.392010385Z [INFO] eToro-MultiBot.DataEngine: READY
2026-05-12T12:35:12.392103521Z [DEBUG] eToro-MultiBot.MessageBus: Added endpoint 'DataEngine.execute' <bound method LiveDataEngine.execute of LiveDataEngine(DataEngine)>
2026-05-12T12:35:12.392108671Z [DEBUG] eToro-MultiBot.MessageBus: Added endpoint 'DataEngine.process' <bound method LiveDataEngine.process of LiveDataEngine(DataEngine)>
2026-05-12T12:35:12.392120271Z [DEBUG] eToro-MultiBot.MessageBus: Added endpoint 'DataEngine.request' <bound method LiveDataEngine.request of LiveDataEngine(DataEngine)>
2026-05-12T12:35:12.392121989Z [DEBUG] eToro-MultiBot.MessageBus: Added endpoint 'DataEngine.response' <bound method LiveDataEngine.response of LiveDataEngine(DataEngine)>
2026-05-12T12:35:12.392124067Z [DEBUG] eToro-MultiBot.MessageBus: Added endpoint 'DataEngine.process_historical' <bound method DataEngine.process_historical of LiveDataEngine(DataEngine)>
2026-05-12T12:35:12.392203047Z [INFO] eToro-MultiBot.DataEngine: config.graceful_shutdown_on_exception=False
2026-05-12T12:35:12.392272001Z [INFO] eToro-MultiBot.RiskEngine: READY
2026-05-12T12:35:12.392572476Z [INFO] eToro-MultiBot.RiskEngine: TradingState is ACTIVE
2026-05-12T12:35:12.392662043Z [INFO] eToro-MultiBot.Throttler-ORDER_SUBMIT_THROTTLER: READY
2026-05-12T12:35:12.392687337Z [INFO] eToro-MultiBot.RiskEngine: Set MAX_ORDER_SUBMIT_RATE: 100/00:00:01
2026-05-12T12:35:12.392720357Z [INFO] eToro-MultiBot.Throttler-ORDER_MODIFY_THROTTLER: READY
2026-05-12T12:35:12.392732424Z [INFO] eToro-MultiBot.RiskEngine: Set MAX_ORDER_MODIFY_RATE: 100/00:00:01
2026-05-12T12:35:12.392739800Z [DEBUG] eToro-MultiBot.MessageBus: Added endpoint 'RiskEngine.execute' <bound method LiveRiskEngine.execute of LiveRiskEngine(RiskEngine)>
2026-05-12T12:35:12.392741850Z [DEBUG] eToro-MultiBot.MessageBus: Added endpoint 'RiskEngine.process' <bound method LiveRiskEngine.process of LiveRiskEngine(RiskEngine)>
2026-05-12T12:35:12.392749030Z [DEBUG] eToro-MultiBot.MessageBus: Added Subscription(topic=events.order.*, handler=<bound method RiskEngine._handle_event of LiveRiskEngine(RiskEngine)>, priority=10)
2026-05-12T12:35:12.392754027Z [DEBUG] eToro-MultiBot.MessageBus: Added Subscription(topic=events.position.*, handler=<bound method RiskEngine._handle_event of LiveRiskEngine(RiskEngine)>, priority=10)
2026-05-12T12:35:12.392777020Z [INFO] eToro-MultiBot.RiskEngine: config.graceful_shutdown_on_exception=False
2026-05-12T12:35:12.392830120Z [INFO] eToro-MultiBot.ExecEngine: READY
2026-05-12T12:35:12.392863014Z [INFO] eToro-MultiBot.ExecEngine: config.snapshot_orders=False
2026-05-12T12:35:12.392865869Z [INFO] eToro-MultiBot.ExecEngine: config.snapshot_positions=False
2026-05-12T12:35:12.392866754Z [INFO] eToro-MultiBot.ExecEngine: config.snapshot_positions_interval_secs=None
2026-05-12T12:35:12.392867423Z [INFO] eToro-MultiBot.ExecEngine: config.allow_overfills=False
2026-05-12T12:35:12.392871421Z [DEBUG] eToro-MultiBot.MessageBus: Added endpoint 'ExecEngine.execute' <bound method LiveExecutionEngine.execute of LiveExecutionEngine(ExecEngine)>
2026-05-12T12:35:12.392873955Z [DEBUG] eToro-MultiBot.MessageBus: Added endpoint 'ExecEngine.process' <bound method LiveExecutionEngine.process of LiveExecutionEngine(ExecEngine)>
2026-05-12T12:35:12.392923390Z [INFO] eToro-MultiBot.ExecEngine: config.reconciliation=True
2026-05-12T12:35:12.392926161Z [INFO] eToro-MultiBot.ExecEngine: config.reconciliation_lookback_mins=None
2026-05-12T12:35:12.392927042Z [INFO] eToro-MultiBot.ExecEngine: config.reconciliation_instrument_ids=None
2026-05-12T12:35:12.392928053Z [INFO] eToro-MultiBot.ExecEngine: config.filter_unclaimed_external_orders=False
2026-05-12T12:35:12.392928890Z [INFO] eToro-MultiBot.ExecEngine: config.filter_position_reports=False
2026-05-12T12:35:12.392929454Z [INFO] eToro-MultiBot.ExecEngine: config.filtered_client_order_ids=None
2026-05-12T12:35:12.392930445Z [INFO] eToro-MultiBot.ExecEngine: config.inflight_check_interval_ms=2000
2026-05-12T12:35:12.392931149Z [INFO] eToro-MultiBot.ExecEngine: config.inflight_check_threshold_ms=5000
2026-05-12T12:35:12.392931961Z [INFO] eToro-MultiBot.ExecEngine: config.inflight_check_retries=5
2026-05-12T12:35:12.392932685Z [INFO] eToro-MultiBot.ExecEngine: config.own_books_audit_interval_secs=None
2026-05-12T12:35:12.392933392Z [INFO] eToro-MultiBot.ExecEngine: config.open_check_interval_secs=None
2026-05-12T12:35:12.392934043Z [INFO] eToro-MultiBot.ExecEngine: config.open_check_open_only=True
2026-05-12T12:35:12.392934979Z [INFO] eToro-MultiBot.ExecEngine: config.open_check_lookback_mins=60
2026-05-12T12:35:12.392935620Z [INFO] eToro-MultiBot.ExecEngine: config.open_check_threshold_ms=5000
2026-05-12T12:35:12.392936300Z [INFO] eToro-MultiBot.ExecEngine: config.open_check_missing_retries=5
2026-05-12T12:35:12.392937067Z [INFO] eToro-MultiBot.ExecEngine: config.max_single_order_queries_per_cycle=10
2026-05-12T12:35:12.392937738Z [INFO] eToro-MultiBot.ExecEngine: config.single_order_query_delay_ms=100
2026-05-12T12:35:12.392938426Z [INFO] eToro-MultiBot.ExecEngine: config.position_check_interval_secs=None
2026-05-12T12:35:12.392939002Z [INFO] eToro-MultiBot.ExecEngine: config.position_check_lookback_mins=60
2026-05-12T12:35:12.392939818Z [INFO] eToro-MultiBot.ExecEngine: config.position_check_threshold_ms=5000
2026-05-12T12:35:12.392940440Z [INFO] eToro-MultiBot.ExecEngine: config.position_check_retries=3
2026-05-12T12:35:12.392943372Z [INFO] eToro-MultiBot.ExecEngine: config.reconciliation_startup_delay_secs=10.0
2026-05-12T12:35:12.392944126Z [INFO] eToro-MultiBot.ExecEngine: config.purge_closed_orders_interval_mins=None
2026-05-12T12:35:12.392945578Z [INFO] eToro-MultiBot.ExecEngine: config.purge_closed_orders_buffer_mins=None
2026-05-12T12:35:12.392946573Z [INFO] eToro-MultiBot.ExecEngine: config.purge_closed_positions_interval_mins=None
2026-05-12T12:35:12.392950883Z [INFO] eToro-MultiBot.ExecEngine: config.purge_closed_positions_buffer_mins=None
2026-05-12T12:35:12.392951790Z [INFO] eToro-MultiBot.ExecEngine: config.purge_account_events_interval_mins=None
2026-05-12T12:35:12.392952552Z [INFO] eToro-MultiBot.ExecEngine: config.purge_account_events_lookback_mins=None
2026-05-12T12:35:12.392955978Z [INFO] eToro-MultiBot.ExecEngine: config.purge_from_database=False
2026-05-12T12:35:12.392956697Z [INFO] eToro-MultiBot.ExecEngine: config.graceful_shutdown_on_exception=False
2026-05-12T12:35:12.392964892Z [DEBUG] eToro-MultiBot.MessageBus: Added endpoint 'ExecEngine.reconcile_execution_report' <bound method LiveExecutionEngine.reconcile_execution_report of LiveExecutionEngine(ExecEngine)>
2026-05-12T12:35:12.392967530Z [DEBUG] eToro-MultiBot.MessageBus: Added endpoint 'ExecEngine.reconcile_execution_mass_status' <bound method LiveExecutionEngine.reconcile_execution_mass_status of LiveExecutionEngine(ExecEngine)>
2026-05-12T12:35:12.392989250Z [DEBUG] eToro-MultiBot.Cache: Clearing index
2026-05-12T12:35:12.392991610Z [DEBUG] eToro-MultiBot.Cache: Cleared index
2026-05-12T12:35:12.392994135Z [DEBUG] eToro-MultiBot.ExecEngine: clear_index took 0ms
2026-05-12T12:35:12.393002101Z [DEBUG] eToro-MultiBot.Cache: Loading general cache from database
2026-05-12T12:35:12.393007242Z [INFO] eToro-MultiBot.Cache: Cached 0 general objects from database
2026-05-12T12:35:12.393008733Z [DEBUG] eToro-MultiBot.ExecEngine: cache_general took 1ms
2026-05-12T12:35:12.393009731Z [DEBUG] eToro-MultiBot.Cache: Loading currencies from database
2026-05-12T12:35:12.393011337Z [INFO] eToro-MultiBot.Cache: Cached 0 currencies from database
2026-05-12T12:35:12.393012738Z [DEBUG] eToro-MultiBot.ExecEngine: cache_currencies took 0ms
2026-05-12T12:35:12.393013759Z [DEBUG] eToro-MultiBot.Cache: Loading instruments from database
2026-05-12T12:35:12.393014671Z [INFO] eToro-MultiBot.Cache: Cached 0 instruments from database
2026-05-12T12:35:12.393015615Z [DEBUG] eToro-MultiBot.ExecEngine: cache_instruments took 0ms
2026-05-12T12:35:12.393017008Z [DEBUG] eToro-MultiBot.Cache: Loading accounts from database
2026-05-12T12:35:12.393018515Z [INFO] eToro-MultiBot.Cache: Cached 0 accounts from database
2026-05-12T12:35:12.393019917Z [DEBUG] eToro-MultiBot.ExecEngine: cache_accounts took 0ms
2026-05-12T12:35:12.393021380Z [DEBUG] eToro-MultiBot.Cache: Loading orders from database
2026-05-12T12:35:12.393023289Z [INFO] eToro-MultiBot.Cache: Cached 0 orders from database
2026-05-12T12:35:12.393025364Z [DEBUG] eToro-MultiBot.ExecEngine: cache_orders took 0ms
2026-05-12T12:35:12.393026568Z [DEBUG] eToro-MultiBot.Cache: Loading order lists
2026-05-12T12:35:12.393028834Z [INFO] eToro-MultiBot.Cache: Cached 0 order lists from database
2026-05-12T12:35:12.393030530Z [DEBUG] eToro-MultiBot.ExecEngine: cache_order_lists took 0ms
2026-05-12T12:35:12.393031874Z [DEBUG] eToro-MultiBot.Cache: Loading positions from database
2026-05-12T12:35:12.393033284Z [INFO] eToro-MultiBot.Cache: Cached 0 positions from database
2026-05-12T12:35:12.393034824Z [DEBUG] eToro-MultiBot.ExecEngine: cache_positions took 0ms
2026-05-12T12:35:12.393040273Z [DEBUG] eToro-MultiBot.Cache: Building index
2026-05-12T12:35:12.393049617Z [DEBUG] eToro-MultiBot.Cache: Index built in 0.000s
2026-05-12T12:35:12.393051615Z [DEBUG] eToro-MultiBot.ExecEngine: build_index took 0ms
2026-05-12T12:35:12.393062188Z [INFO] eToro-MultiBot.Cache: Checking data integrity
2026-05-12T12:35:12.393074046Z [INFO] eToro-MultiBot.Cache: Integrity check passed in 14μs
2026-05-12T12:35:12.393076384Z [DEBUG] eToro-MultiBot.ExecEngine: check_integrity took 0ms
2026-05-12T12:35:12.393088079Z [DEBUG] eToro-MultiBot.ExecEngine: _set_position_id_counts took 0ms
2026-05-12T12:35:12.393090698Z [INFO] eToro-MultiBot.ExecEngine: Loaded cache in 1ms
2026-05-12T12:35:12.393162830Z [INFO] eToro-MultiBot.OrderEmulator: READY
2026-05-12T12:35:12.393214856Z [DEBUG] eToro-MultiBot.MessageBus: Added endpoint 'OrderEmulator.execute' <bound method OrderEmulator.execute of OrderEmulator(OrderEmulator)>
2026-05-12T12:35:12.393249708Z [INFO] eToro-MultiBot.eToro-MultiBot: READY
2026-05-12T12:35:12.393299617Z [INFO] eToro-MultiBot.TradingNode: Initialized in 5ms
2026-05-12T12:35:12.393321200Z [INFO] eToro-MultiBot.TradingNode: has_cache_backing=False
2026-05-12T12:35:12.393324138Z [INFO] eToro-MultiBot.TradingNode: has_msgbus_backing=False
2026-05-12T12:35:12.397354181Z [INFO] eToro-MultiBot.SmaCrossoverStrategy_TSLA.ETORO_0: READY
2026-05-12T12:35:12.397497251Z [DEBUG] eToro-MultiBot.MessageBus: Added Subscription(topic=events.order.SmaCrossoverStrategy_TSLA.ETORO_0-000, handler=<bound method Strategy.handle_event of SmaCrossoverStrategy(SmaCrossoverStrategy_TSLA.ETORO_0-000)>, priority=0)
2026-05-12T12:35:12.397514031Z [DEBUG] eToro-MultiBot.MessageBus: Added Subscription(topic=events.position.SmaCrossoverStrategy_TSLA.ETORO_0-000, handler=<bound method Strategy.handle_event of SmaCrossoverStrategy(SmaCrossoverStrategy_TSLA.ETORO_0-000)>, priority=0)
2026-05-12T12:35:12.397544199Z [INFO] eToro-MultiBot.ExecEngine: Registered OMS.UNSPECIFIED for Strategy SmaCrossoverStrategy_TSLA.ETORO_0-000
2026-05-12T12:35:12.397562923Z [INFO] eToro-MultiBot.eToro-MultiBot: Registered Strategy SmaCrossoverStrategy_TSLA.ETORO_0-000
2026-05-12T12:35:12.397955683Z [INFO] eToro-MultiBot.SmaCrossoverStrategy_HUT.ETORO_1: READY
2026-05-12T12:35:12.398049071Z [DEBUG] eToro-MultiBot.MessageBus: Added Subscription(topic=events.order.SmaCrossoverStrategy_HUT.ETORO_1-001, handler=<bound method Strategy.handle_event of SmaCrossoverStrategy(SmaCrossoverStrategy_HUT.ETORO_1-001)>, priority=0)
2026-05-12T12:35:12.398060605Z [DEBUG] eToro-MultiBot.MessageBus: Added Subscription(topic=events.position.SmaCrossoverStrategy_HUT.ETORO_1-001, handler=<bound method Strategy.handle_event of SmaCrossoverStrategy(SmaCrossoverStrategy_HUT.ETORO_1-001)>, priority=0)
2026-05-12T12:35:12.398066765Z [INFO] eToro-MultiBot.ExecEngine: Registered OMS.UNSPECIFIED for Strategy SmaCrossoverStrategy_HUT.ETORO_1-001
2026-05-12T12:35:12.398070735Z [INFO] eToro-MultiBot.eToro-MultiBot: Registered Strategy SmaCrossoverStrategy_HUT.ETORO_1-001
2026-05-12T12:35:12.398314186Z [INFO] eToro-MultiBot.SmaCrossoverStrategy_RIOT.ETORO_2: READY
2026-05-12T12:35:12.398422541Z [DEBUG] eToro-MultiBot.MessageBus: Added Subscription(topic=events.order.SmaCrossoverStrategy_RIOT.ETORO_2-002, handler=<bound method Strategy.handle_event of SmaCrossoverStrategy(SmaCrossoverStrategy_RIOT.ETORO_2-002)>, priority=0)
2026-05-12T12:35:12.398443088Z [DEBUG] eToro-MultiBot.MessageBus: Added Subscription(topic=events.position.SmaCrossoverStrategy_RIOT.ETORO_2-002, handler=<bound method Strategy.handle_event of SmaCrossoverStrategy(SmaCrossoverStrategy_RIOT.ETORO_2-002)>, priority=0)
2026-05-12T12:35:12.398447852Z [INFO] eToro-MultiBot.ExecEngine: Registered OMS.UNSPECIFIED for Strategy SmaCrossoverStrategy_RIOT.ETORO_2-002
2026-05-12T12:35:12.398451272Z [INFO] eToro-MultiBot.eToro-MultiBot: Registered Strategy SmaCrossoverStrategy_RIOT.ETORO_2-002
2026-05-12T12:35:12.398650867Z [INFO] eToro-MultiBot.SmaCrossoverStrategy_NVDA.ETORO_3: READY
2026-05-12T12:35:12.398709889Z [DEBUG] eToro-MultiBot.MessageBus: Added Subscription(topic=events.order.SmaCrossoverStrategy_NVDA.ETORO_3-003, handler=<bound method Strategy.handle_event of SmaCrossoverStrategy(SmaCrossoverStrategy_NVDA.ETORO_3-003)>, priority=0)
2026-05-12T12:35:12.398722740Z [DEBUG] eToro-MultiBot.MessageBus: Added Subscription(topic=events.position.SmaCrossoverStrategy_NVDA.ETORO_3-003, handler=<bound method Strategy.handle_event of SmaCrossoverStrategy(SmaCrossoverStrategy_NVDA.ETORO_3-003)>, priority=0)
2026-05-12T12:35:12.398729132Z [INFO] eToro-MultiBot.ExecEngine: Registered OMS.UNSPECIFIED for Strategy SmaCrossoverStrategy_NVDA.ETORO_3-003
2026-05-12T12:35:12.398732275Z [INFO] eToro-MultiBot.eToro-MultiBot: Registered Strategy SmaCrossoverStrategy_NVDA.ETORO_3-003
2026-05-12T12:35:12.398912228Z [INFO] eToro-MultiBot.SmaCrossoverStrategy_FSLY.ETORO_4: READY
2026-05-12T12:35:12.398974836Z [DEBUG] eToro-MultiBot.MessageBus: Added Subscription(topic=events.order.SmaCrossoverStrategy_FSLY.ETORO_4-004, handler=<bound method Strategy.handle_event of SmaCrossoverStrategy(SmaCrossoverStrategy_FSLY.ETORO_4-004)>, priority=0)
2026-05-12T12:35:12.398995559Z [DEBUG] eToro-MultiBot.MessageBus: Added Subscription(topic=events.position.SmaCrossoverStrategy_FSLY.ETORO_4-004, handler=<bound method Strategy.handle_event of SmaCrossoverStrategy(SmaCrossoverStrategy_FSLY.ETORO_4-004)>, priority=0)
2026-05-12T12:35:12.399000738Z [INFO] eToro-MultiBot.ExecEngine: Registered OMS.UNSPECIFIED for Strategy SmaCrossoverStrategy_FSLY.ETORO_4-004
2026-05-12T12:35:12.399004188Z [INFO] eToro-MultiBot.eToro-MultiBot: Registered Strategy SmaCrossoverStrategy_FSLY.ETORO_4-004
2026-05-12T12:35:12.399215114Z [INFO] eToro-MultiBot.SmaCrossoverStrategy_INSM.ETORO_5: READY
2026-05-12T12:35:12.399271252Z [DEBUG] eToro-MultiBot.MessageBus: Added Subscription(topic=events.order.SmaCrossoverStrategy_INSM.ETORO_5-005, handler=<bound method Strategy.handle_event of SmaCrossoverStrategy(SmaCrossoverStrategy_INSM.ETORO_5-005)>, priority=0)
2026-05-12T12:35:12.399282258Z [DEBUG] eToro-MultiBot.MessageBus: Added Subscription(topic=events.position.SmaCrossoverStrategy_INSM.ETORO_5-005, handler=<bound method Strategy.handle_event of SmaCrossoverStrategy(SmaCrossoverStrategy_INSM.ETORO_5-005)>, priority=0)
2026-05-12T12:35:12.399288179Z [INFO] eToro-MultiBot.ExecEngine: Registered OMS.UNSPECIFIED for Strategy SmaCrossoverStrategy_INSM.ETORO_5-005
2026-05-12T12:35:12.399291510Z [INFO] eToro-MultiBot.eToro-MultiBot: Registered Strategy SmaCrossoverStrategy_INSM.ETORO_5-005
2026-05-12T12:35:12.399478104Z [INFO] eToro-MultiBot.SmaCrossoverStrategy_BTC.ETORO_6: READY
2026-05-12T12:35:12.399545871Z [DEBUG] eToro-MultiBot.MessageBus: Added Subscription(topic=events.order.SmaCrossoverStrategy_BTC.ETORO_6-006, handler=<bound method Strategy.handle_event of SmaCrossoverStrategy(SmaCrossoverStrategy_BTC.ETORO_6-006)>, priority=0)
2026-05-12T12:35:12.399575652Z [DEBUG] eToro-MultiBot.MessageBus: Added Subscription(topic=events.position.SmaCrossoverStrategy_BTC.ETORO_6-006, handler=<bound method Strategy.handle_event of SmaCrossoverStrategy(SmaCrossoverStrategy_BTC.ETORO_6-006)>, priority=0)
2026-05-12T12:35:12.399581413Z [INFO] eToro-MultiBot.ExecEngine: Registered OMS.UNSPECIFIED for Strategy SmaCrossoverStrategy_BTC.ETORO_6-006
2026-05-12T12:35:12.399584487Z [INFO] eToro-MultiBot.eToro-MultiBot: Registered Strategy SmaCrossoverStrategy_BTC.ETORO_6-006
2026-05-12T12:35:12.399773461Z [INFO] eToro-MultiBot.SmaCrossoverStrategy_ETH.ETORO_7: READY
2026-05-12T12:35:12.399956605Z [DEBUG] eToro-MultiBot.MessageBus: Added Subscription(topic=events.order.SmaCrossoverStrategy_ETH.ETORO_7-007, handler=<bound method Strategy.handle_event of SmaCrossoverStrategy(SmaCrossoverStrategy_ETH.ETORO_7-007)>, priority=0)
2026-05-12T12:35:12.399970846Z [DEBUG] eToro-MultiBot.MessageBus: Added Subscription(topic=events.position.SmaCrossoverStrategy_ETH.ETORO_7-007, handler=<bound method Strategy.handle_event of SmaCrossoverStrategy(SmaCrossoverStrategy_ETH.ETORO_7-007)>, priority=0)
2026-05-12T12:35:12.399978886Z [INFO] eToro-MultiBot.ExecEngine: Registered OMS.UNSPECIFIED for Strategy SmaCrossoverStrategy_ETH.ETORO_7-007
2026-05-12T12:35:12.399982495Z [INFO] eToro-MultiBot.eToro-MultiBot: Registered Strategy SmaCrossoverStrategy_ETH.ETORO_7-007
2026-05-12T12:35:12.400201469Z [INFO] eToro-MultiBot.SmaCrossoverStrategy_ADA.ETORO_8: READY
2026-05-12T12:35:12.400274754Z [DEBUG] eToro-MultiBot.MessageBus: Added Subscription(topic=events.order.SmaCrossoverStrategy_ADA.ETORO_8-008, handler=<bound method Strategy.handle_event of SmaCrossoverStrategy(SmaCrossoverStrategy_ADA.ETORO_8-008)>, priority=0)
2026-05-12T12:35:12.400294717Z [DEBUG] eToro-MultiBot.MessageBus: Added Subscription(topic=events.position.SmaCrossoverStrategy_ADA.ETORO_8-008, handler=<bound method Strategy.handle_event of SmaCrossoverStrategy(SmaCrossoverStrategy_ADA.ETORO_8-008)>, priority=0)
2026-05-12T12:35:12.400299518Z [INFO] eToro-MultiBot.ExecEngine: Registered OMS.UNSPECIFIED for Strategy SmaCrossoverStrategy_ADA.ETORO_8-008
2026-05-12T12:35:12.400302271Z [INFO] eToro-MultiBot.eToro-MultiBot: Registered Strategy SmaCrossoverStrategy_ADA.ETORO_8-008
2026-05-12T12:35:12.400505283Z [INFO] eToro-MultiBot.SmaCrossoverStrategy_XRP.ETORO_9: READY
2026-05-12T12:35:12.400572923Z [DEBUG] eToro-MultiBot.MessageBus: Added Subscription(topic=events.order.SmaCrossoverStrategy_XRP.ETORO_9-009, handler=<bound method Strategy.handle_event of SmaCrossoverStrategy(SmaCrossoverStrategy_XRP.ETORO_9-009)>, priority=0)
2026-05-12T12:35:12.400585554Z [DEBUG] eToro-MultiBot.MessageBus: Added Subscription(topic=events.position.SmaCrossoverStrategy_XRP.ETORO_9-009, handler=<bound method Strategy.handle_event of SmaCrossoverStrategy(SmaCrossoverStrategy_XRP.ETORO_9-009)>, priority=0)
2026-05-12T12:35:12.400595032Z [INFO] eToro-MultiBot.ExecEngine: Registered OMS.UNSPECIFIED for Strategy SmaCrossoverStrategy_XRP.ETORO_9-009
2026-05-12T12:35:12.400599639Z [INFO] eToro-MultiBot.eToro-MultiBot: Registered Strategy SmaCrossoverStrategy_XRP.ETORO_9-009
2026-05-12T12:35:12.400800287Z [INFO] eToro-MultiBot.SmaCrossoverStrategy_AERO.ETORO_10: READY
2026-05-12T12:35:12.400866890Z [DEBUG] eToro-MultiBot.MessageBus: Added Subscription(topic=events.order.SmaCrossoverStrategy_AERO.ETORO_10-010, handler=<bound method Strategy.handle_event of SmaCrossoverStrategy(SmaCrossoverStrategy_AERO.ETORO_10-010)>, priority=0)
2026-05-12T12:35:12.400881385Z [DEBUG] eToro-MultiBot.MessageBus: Added Subscription(topic=events.position.SmaCrossoverStrategy_AERO.ETORO_10-010, handler=<bound method Strategy.handle_event of SmaCrossoverStrategy(SmaCrossoverStrategy_AERO.ETORO_10-010)>, priority=0)
2026-05-12T12:35:12.400888247Z [INFO] eToro-MultiBot.ExecEngine: Registered OMS.UNSPECIFIED for Strategy SmaCrossoverStrategy_AERO.ETORO_10-010
2026-05-12T12:35:12.400892159Z [INFO] eToro-MultiBot.eToro-MultiBot: Registered Strategy SmaCrossoverStrategy_AERO.ETORO_10-010
2026-05-12T12:35:12.401099486Z [INFO] eToro-MultiBot.SmaCrossoverStrategy_HYPE.ETORO_11: READY
2026-05-12T12:35:12.401170562Z [DEBUG] eToro-MultiBot.MessageBus: Added Subscription(topic=events.order.SmaCrossoverStrategy_HYPE.ETORO_11-011, handler=<bound method Strategy.handle_event of SmaCrossoverStrategy(SmaCrossoverStrategy_HYPE.ETORO_11-011)>, priority=0)
2026-05-12T12:35:12.401182541Z [DEBUG] eToro-MultiBot.MessageBus: Added Subscription(topic=events.position.SmaCrossoverStrategy_HYPE.ETORO_11-011, handler=<bound method Strategy.handle_event of SmaCrossoverStrategy(SmaCrossoverStrategy_HYPE.ETORO_11-011)>, priority=0)
2026-05-12T12:35:12.401189181Z [INFO] eToro-MultiBot.ExecEngine: Registered OMS.UNSPECIFIED for Strategy SmaCrossoverStrategy_HYPE.ETORO_11-011
2026-05-12T12:35:12.401194497Z [INFO] eToro-MultiBot.eToro-MultiBot: Registered Strategy SmaCrossoverStrategy_HYPE.ETORO_11-011
2026-05-12T12:35:12.401408578Z [INFO] eToro-MultiBot.SmaCrossoverStrategy_ONDO.ETORO_12: READY
2026-05-12T12:35:12.401478352Z [DEBUG] eToro-MultiBot.MessageBus: Added Subscription(topic=events.order.SmaCrossoverStrategy_ONDO.ETORO_12-012, handler=<bound method Strategy.handle_event of SmaCrossoverStrategy(SmaCrossoverStrategy_ONDO.ETORO_12-012)>, priority=0)
2026-05-12T12:35:12.401489623Z [DEBUG] eToro-MultiBot.MessageBus: Added Subscription(topic=events.position.SmaCrossoverStrategy_ONDO.ETORO_12-012, handler=<bound method Strategy.handle_event of SmaCrossoverStrategy(SmaCrossoverStrategy_ONDO.ETORO_12-012)>, priority=0)
2026-05-12T12:35:12.401498789Z [INFO] eToro-MultiBot.ExecEngine: Registered OMS.UNSPECIFIED for Strategy SmaCrossoverStrategy_ONDO.ETORO_12-012
2026-05-12T12:35:12.401503641Z [INFO] eToro-MultiBot.eToro-MultiBot: Registered Strategy SmaCrossoverStrategy_ONDO.ETORO_12-012
2026-05-12T12:35:12.401728127Z [INFO] eToro-MultiBot.SmaCrossoverStrategy_01211.HK.ETORO_13: READY
2026-05-12T12:35:12.401792878Z [DEBUG] eToro-MultiBot.MessageBus: Added Subscription(topic=events.order.SmaCrossoverStrategy_01211.HK.ETORO_13-013, handler=<bound method Strategy.handle_event of SmaCrossoverStrategy(SmaCrossoverStrategy_01211.HK.ETORO_13-013)>, priority=0)
2026-05-12T12:35:12.401804954Z [DEBUG] eToro-MultiBot.MessageBus: Added Subscription(topic=events.position.SmaCrossoverStrategy_01211.HK.ETORO_13-013, handler=<bound method Strategy.handle_event of SmaCrossoverStrategy(SmaCrossoverStrategy_01211.HK.ETORO_13-013)>, priority=0)
2026-05-12T12:35:12.401811960Z [INFO] eToro-MultiBot.ExecEngine: Registered OMS.UNSPECIFIED for Strategy SmaCrossoverStrategy_01211.HK.ETORO_13-013
2026-05-12T12:35:12.401816955Z [INFO] eToro-MultiBot.eToro-MultiBot: Registered Strategy SmaCrossoverStrategy_01211.HK.ETORO_13-013
2026-05-12T12:35:12.402009925Z [INFO] eToro-MultiBot.SmaCrossoverStrategy_XPEV.ETORO_14: READY
2026-05-12T12:35:12.402074390Z [DEBUG] eToro-MultiBot.MessageBus: Added Subscription(topic=events.order.SmaCrossoverStrategy_XPEV.ETORO_14-014, handler=<bound method Strategy.handle_event of SmaCrossoverStrategy(SmaCrossoverStrategy_XPEV.ETORO_14-014)>, priority=0)
2026-05-12T12:35:12.402087020Z [DEBUG] eToro-MultiBot.MessageBus: Added Subscription(topic=events.position.SmaCrossoverStrategy_XPEV.ETORO_14-014, handler=<bound method Strategy.handle_event of SmaCrossoverStrategy(SmaCrossoverStrategy_XPEV.ETORO_14-014)>, priority=0)
2026-05-12T12:35:12.402092440Z [INFO] eToro-MultiBot.ExecEngine: Registered OMS.UNSPECIFIED for Strategy SmaCrossoverStrategy_XPEV.ETORO_14-014
2026-05-12T12:35:12.402095708Z [INFO] eToro-MultiBot.eToro-MultiBot: Registered Strategy SmaCrossoverStrategy_XPEV.ETORO_14-014
2026-05-12T12:35:12.402276795Z [INFO] eToro-MultiBot.SmaCrossoverStrategy_PLTR.ETORO_15: READY
2026-05-12T12:35:12.402340517Z [DEBUG] eToro-MultiBot.MessageBus: Added Subscription(topic=events.order.SmaCrossoverStrategy_PLTR.ETORO_15-015, handler=<bound method Strategy.handle_event of SmaCrossoverStrategy(SmaCrossoverStrategy_PLTR.ETORO_15-015)>, priority=0)
2026-05-12T12:35:12.402352119Z [DEBUG] eToro-MultiBot.MessageBus: Added Subscription(topic=events.position.SmaCrossoverStrategy_PLTR.ETORO_15-015, handler=<bound method Strategy.handle_event of SmaCrossoverStrategy(SmaCrossoverStrategy_PLTR.ETORO_15-015)>, priority=0)
2026-05-12T12:35:12.402358868Z [INFO] eToro-MultiBot.ExecEngine: Registered OMS.UNSPECIFIED for Strategy SmaCrossoverStrategy_PLTR.ETORO_15-015
2026-05-12T12:35:12.402364399Z [INFO] eToro-MultiBot.eToro-MultiBot: Registered Strategy SmaCrossoverStrategy_PLTR.ETORO_15-015
2026-05-12T12:35:12.402565003Z [INFO] eToro-MultiBot.SmaCrossoverStrategy_RHM.DE.ETORO_16: READY
2026-05-12T12:35:12.402625721Z [DEBUG] eToro-MultiBot.MessageBus: Added Subscription(topic=events.order.SmaCrossoverStrategy_RHM.DE.ETORO_16-016, handler=<bound method Strategy.handle_event of SmaCrossoverStrategy(SmaCrossoverStrategy_RHM.DE.ETORO_16-016)>, priority=0)
2026-05-12T12:35:12.402637280Z [DEBUG] eToro-MultiBot.MessageBus: Added Subscription(topic=events.position.SmaCrossoverStrategy_RHM.DE.ETORO_16-016, handler=<bound method Strategy.handle_event of SmaCrossoverStrategy(SmaCrossoverStrategy_RHM.DE.ETORO_16-016)>, priority=0)
2026-05-12T12:35:12.402643673Z [INFO] eToro-MultiBot.ExecEngine: Registered OMS.UNSPECIFIED for Strategy SmaCrossoverStrategy_RHM.DE.ETORO_16-016
2026-05-12T12:35:12.402646963Z [INFO] eToro-MultiBot.eToro-MultiBot: Registered Strategy SmaCrossoverStrategy_RHM.DE.ETORO_16-016
2026-05-12T12:35:12.402839539Z [INFO] eToro-MultiBot.SmaCrossoverStrategy_NVS.ETORO_17: READY
2026-05-12T12:35:12.402906976Z [DEBUG] eToro-MultiBot.MessageBus: Added Subscription(topic=events.order.SmaCrossoverStrategy_NVS.ETORO_17-017, handler=<bound method Strategy.handle_event of SmaCrossoverStrategy(SmaCrossoverStrategy_NVS.ETORO_17-017)>, priority=0)
2026-05-12T12:35:12.402920414Z [DEBUG] eToro-MultiBot.MessageBus: Added Subscription(topic=events.position.SmaCrossoverStrategy_NVS.ETORO_17-017, handler=<bound method Strategy.handle_event of SmaCrossoverStrategy(SmaCrossoverStrategy_NVS.ETORO_17-017)>, priority=0)
2026-05-12T12:35:12.402926976Z [INFO] eToro-MultiBot.ExecEngine: Registered OMS.UNSPECIFIED for Strategy SmaCrossoverStrategy_NVS.ETORO_17-017
2026-05-12T12:35:12.402930274Z [INFO] eToro-MultiBot.eToro-MultiBot: Registered Strategy SmaCrossoverStrategy_NVS.ETORO_17-017
2026-05-12T12:35:12.403128722Z [INFO] eToro-MultiBot.SmaCrossoverStrategy_ROP.ZU.ETORO_18: READY
2026-05-12T12:35:12.403194481Z [DEBUG] eToro-MultiBot.MessageBus: Added Subscription(topic=events.order.SmaCrossoverStrategy_ROP.ZU.ETORO_18-018, handler=<bound method Strategy.handle_event of SmaCrossoverStrategy(SmaCrossoverStrategy_ROP.ZU.ETORO_18-018)>, priority=0)
2026-05-12T12:35:12.403206571Z [DEBUG] eToro-MultiBot.MessageBus: Added Subscription(topic=events.position.SmaCrossoverStrategy_ROP.ZU.ETORO_18-018, handler=<bound method Strategy.handle_event of SmaCrossoverStrategy(SmaCrossoverStrategy_ROP.ZU.ETORO_18-018)>, priority=0)
2026-05-12T12:35:12.403212761Z [INFO] eToro-MultiBot.ExecEngine: Registered OMS.UNSPECIFIED for Strategy SmaCrossoverStrategy_ROP.ZU.ETORO_18-018
2026-05-12T12:35:12.403216045Z [INFO] eToro-MultiBot.eToro-MultiBot: Registered Strategy SmaCrossoverStrategy_ROP.ZU.ETORO_18-018
2026-05-12T12:35:12.403404484Z [INFO] eToro-MultiBot.SmaCrossoverStrategy_DOGE.ETORO_19: READY
2026-05-12T12:35:12.403519751Z [DEBUG] eToro-MultiBot.MessageBus: Added Subscription(topic=events.order.SmaCrossoverStrategy_DOGE.ETORO_19-019, handler=<bound method Strategy.handle_event of SmaCrossoverStrategy(SmaCrossoverStrategy_DOGE.ETORO_19-019)>, priority=0)
2026-05-12T12:35:12.403547986Z [DEBUG] eToro-MultiBot.MessageBus: Added Subscription(topic=events.position.SmaCrossoverStrategy_DOGE.ETORO_19-019, handler=<bound method Strategy.handle_event of SmaCrossoverStrategy(SmaCrossoverStrategy_DOGE.ETORO_19-019)>, priority=0)
2026-05-12T12:35:12.403555615Z [INFO] eToro-MultiBot.ExecEngine: Registered OMS.UNSPECIFIED for Strategy SmaCrossoverStrategy_DOGE.ETORO_19-019
2026-05-12T12:35:12.403560587Z [INFO] eToro-MultiBot.eToro-MultiBot: Registered Strategy SmaCrossoverStrategy_DOGE.ETORO_19-019
2026-05-12T12:35:12.403744674Z [INFO] eToro-MultiBot.SmaCrossoverStrategy_SHIBxM.ETORO_20: READY
2026-05-12T12:35:12.403804597Z [DEBUG] eToro-MultiBot.MessageBus: Added Subscription(topic=events.order.SmaCrossoverStrategy_SHIBxM.ETORO_20-020, handler=<bound method Strategy.handle_event of SmaCrossoverStrategy(SmaCrossoverStrategy_SHIBxM.ETORO_20-020)>, priority=0)
2026-05-12T12:35:12.403817082Z [DEBUG] eToro-MultiBot.MessageBus: Added Subscription(topic=events.position.SmaCrossoverStrategy_SHIBxM.ETORO_20-020, handler=<bound method Strategy.handle_event of SmaCrossoverStrategy(SmaCrossoverStrategy_SHIBxM.ETORO_20-020)>, priority=0)
2026-05-12T12:35:12.403823521Z [INFO] eToro-MultiBot.ExecEngine: Registered OMS.UNSPECIFIED for Strategy SmaCrossoverStrategy_SHIBxM.ETORO_20-020
2026-05-12T12:35:12.403828278Z [INFO] eToro-MultiBot.eToro-MultiBot: Registered Strategy SmaCrossoverStrategy_SHIBxM.ETORO_20-020
2026-05-12T12:35:12.404011594Z [INFO] eToro-MultiBot.SmaCrossoverStrategy_PEPExM.ETORO_21: READY
2026-05-12T12:35:12.404075388Z [DEBUG] eToro-MultiBot.MessageBus: Added Subscription(topic=events.order.SmaCrossoverStrategy_PEPExM.ETORO_21-021, handler=<bound method Strategy.handle_event of SmaCrossoverStrategy(SmaCrossoverStrategy_PEPExM.ETORO_21-021)>, priority=0)
2026-05-12T12:35:12.404087961Z [DEBUG] eToro-MultiBot.MessageBus: Added Subscription(topic=events.position.SmaCrossoverStrategy_PEPExM.ETORO_21-021, handler=<bound method Strategy.handle_event of SmaCrossoverStrategy(SmaCrossoverStrategy_PEPExM.ETORO_21-021)>, priority=0)
2026-05-12T12:35:12.404095344Z [INFO] eToro-MultiBot.ExecEngine: Registered OMS.UNSPECIFIED for Strategy SmaCrossoverStrategy_PEPExM.ETORO_21-021
2026-05-12T12:35:12.404100646Z [INFO] eToro-MultiBot.eToro-MultiBot: Registered Strategy SmaCrossoverStrategy_PEPExM.ETORO_21-021
2026-05-12T12:35:12.404295018Z [INFO] eToro-MultiBot.SmaCrossoverStrategy_SOL.ETORO_22: READY
2026-05-12T12:35:12.404355555Z [DEBUG] eToro-MultiBot.MessageBus: Added Subscription(topic=events.order.SmaCrossoverStrategy_SOL.ETORO_22-022, handler=<bound method Strategy.handle_event of SmaCrossoverStrategy(SmaCrossoverStrategy_SOL.ETORO_22-022)>, priority=0)
2026-05-12T12:35:12.404367934Z [DEBUG] eToro-MultiBot.MessageBus: Added Subscription(topic=events.position.SmaCrossoverStrategy_SOL.ETORO_22-022, handler=<bound method Strategy.handle_event of SmaCrossoverStrategy(SmaCrossoverStrategy_SOL.ETORO_22-022)>, priority=0)
2026-05-12T12:35:12.404374539Z [INFO] eToro-MultiBot.ExecEngine: Registered OMS.UNSPECIFIED for Strategy SmaCrossoverStrategy_SOL.ETORO_22-022
2026-05-12T12:35:12.404378468Z [INFO] eToro-MultiBot.eToro-MultiBot: Registered Strategy SmaCrossoverStrategy_SOL.ETORO_22-022
2026-05-12T12:35:12.404572504Z [INFO] eToro-MultiBot.SmaCrossoverStrategy_AVAX.ETORO_23: READY
2026-05-12T12:35:12.404635633Z [DEBUG] eToro-MultiBot.MessageBus: Added Subscription(topic=events.order.SmaCrossoverStrategy_AVAX.ETORO_23-023, handler=<bound method Strategy.handle_event of SmaCrossoverStrategy(SmaCrossoverStrategy_AVAX.ETORO_23-023)>, priority=0)
2026-05-12T12:35:12.404648204Z [DEBUG] eToro-MultiBot.MessageBus: Added Subscription(topic=events.position.SmaCrossoverStrategy_AVAX.ETORO_23-023, handler=<bound method Strategy.handle_event of SmaCrossoverStrategy(SmaCrossoverStrategy_AVAX.ETORO_23-023)>, priority=0)
2026-05-12T12:35:12.404653412Z [INFO] eToro-MultiBot.ExecEngine: Registered OMS.UNSPECIFIED for Strategy SmaCrossoverStrategy_AVAX.ETORO_23-023
2026-05-12T12:35:12.404656419Z [INFO] eToro-MultiBot.eToro-MultiBot: Registered Strategy SmaCrossoverStrategy_AVAX.ETORO_23-023
2026-05-12T12:35:12.404846415Z [INFO] eToro-MultiBot.SmaCrossoverStrategy_NATGAS.ETORO_24: READY
2026-05-12T12:35:12.404905246Z [DEBUG] eToro-MultiBot.MessageBus: Added Subscription(topic=events.order.SmaCrossoverStrategy_NATGAS.ETORO_24-024, handler=<bound method Strategy.handle_event of SmaCrossoverStrategy(SmaCrossoverStrategy_NATGAS.ETORO_24-024)>, priority=0)
2026-05-12T12:35:12.404918334Z [DEBUG] eToro-MultiBot.MessageBus: Added Subscription(topic=events.position.SmaCrossoverStrategy_NATGAS.ETORO_24-024, handler=<bound method Strategy.handle_event of SmaCrossoverStrategy(SmaCrossoverStrategy_NATGAS.ETORO_24-024)>, priority=0)
2026-05-12T12:35:12.404925052Z [INFO] eToro-MultiBot.ExecEngine: Registered OMS.UNSPECIFIED for Strategy SmaCrossoverStrategy_NATGAS.ETORO_24-024
2026-05-12T12:35:12.404929725Z [INFO] eToro-MultiBot.eToro-MultiBot: Registered Strategy SmaCrossoverStrategy_NATGAS.ETORO_24-024
2026-05-12T12:35:12.405133443Z [INFO] eToro-MultiBot.SmaCrossoverStrategy_PALL.ETORO_25: READY
2026-05-12T12:35:12.405195842Z [DEBUG] eToro-MultiBot.MessageBus: Added Subscription(topic=events.order.SmaCrossoverStrategy_PALL.ETORO_25-025, handler=<bound method Strategy.handle_event of SmaCrossoverStrategy(SmaCrossoverStrategy_PALL.ETORO_25-025)>, priority=0)
2026-05-12T12:35:12.405208075Z [DEBUG] eToro-MultiBot.MessageBus: Added Subscription(topic=events.position.SmaCrossoverStrategy_PALL.ETORO_25-025, handler=<bound method Strategy.handle_event of SmaCrossoverStrategy(SmaCrossoverStrategy_PALL.ETORO_25-025)>, priority=0)
2026-05-12T12:35:12.405217387Z [INFO] eToro-MultiBot.ExecEngine: Registered OMS.UNSPECIFIED for Strategy SmaCrossoverStrategy_PALL.ETORO_25-025
2026-05-12T12:35:12.405221986Z [INFO] eToro-MultiBot.eToro-MultiBot: Registered Strategy SmaCrossoverStrategy_PALL.ETORO_25-025
2026-05-12T12:35:12.405403596Z [INFO] eToro-MultiBot.SmaCrossoverStrategy_USDTRY.ETORO_26: READY
2026-05-12T12:35:12.405453416Z [DEBUG] eToro-MultiBot.MessageBus: Added Subscription(topic=events.order.SmaCrossoverStrategy_USDTRY.ETORO_26-026, handler=<bound method Strategy.handle_event of SmaCrossoverStrategy(SmaCrossoverStrategy_USDTRY.ETORO_26-026)>, priority=0)
2026-05-12T12:35:12.405462589Z [DEBUG] eToro-MultiBot.MessageBus: Added Subscription(topic=events.position.SmaCrossoverStrategy_USDTRY.ETORO_26-026, handler=<bound method Strategy.handle_event of SmaCrossoverStrategy(SmaCrossoverStrategy_USDTRY.ETORO_26-026)>, priority=0)
2026-05-12T12:35:12.405466884Z [INFO] eToro-MultiBot.ExecEngine: Registered OMS.UNSPECIFIED for Strategy SmaCrossoverStrategy_USDTRY.ETORO_26-026
2026-05-12T12:35:12.405469256Z [INFO] eToro-MultiBot.eToro-MultiBot: Registered Strategy SmaCrossoverStrategy_USDTRY.ETORO_26-026
2026-05-12T12:35:12.405626071Z [INFO] eToro-MultiBot.SmaCrossoverStrategy_USDZAR.ETORO_27: READY
2026-05-12T12:35:12.405673982Z [DEBUG] eToro-MultiBot.MessageBus: Added Subscription(topic=events.order.SmaCrossoverStrategy_USDZAR.ETORO_27-027, handler=<bound method Strategy.handle_event of SmaCrossoverStrategy(SmaCrossoverStrategy_USDZAR.ETORO_27-027)>, priority=0)
2026-05-12T12:35:12.405681860Z [DEBUG] eToro-MultiBot.MessageBus: Added Subscription(topic=events.position.SmaCrossoverStrategy_USDZAR.ETORO_27-027, handler=<bound method Strategy.handle_event of SmaCrossoverStrategy(SmaCrossoverStrategy_USDZAR.ETORO_27-027)>, priority=0)
2026-05-12T12:35:12.405686156Z [INFO] eToro-MultiBot.ExecEngine: Registered OMS.UNSPECIFIED for Strategy SmaCrossoverStrategy_USDZAR.ETORO_27-027
2026-05-12T12:35:12.405688248Z [INFO] eToro-MultiBot.eToro-MultiBot: Registered Strategy SmaCrossoverStrategy_USDZAR.ETORO_27-027
2026-05-12T12:35:12.405766843Z [INFO] eToro-MultiBot.TradingNode: Building data client for ETORO_WS_CLIENT
2026-05-12T12:35:12.405792376Z [INFO] eToro-MultiBot.InstrumentProvider: READY
2026-05-12T12:35:12.405836594Z [INFO] eToro-MultiBot.DataClient-ETORO_WS_CLIENT: READY
2026-05-12T12:35:12.405922694Z [INFO] eToro-MultiBot.DataEngine: Registered ETORO_WS_CLIENT
2026-05-12T12:35:12.405935692Z [INFO] eToro-MultiBot.TradingNode: Building execution client for ETORO
2026-05-12T12:35:12.405955435Z [INFO] eToro-MultiBot.InstrumentProvider: READY
2026-05-12T12:35:12.405988298Z [INFO] eToro-MultiBot.ExecClient-ETORO: READY
2026-05-12T12:35:12.406106088Z [INFO] eToro-MultiBot.ExecEngine: Registered ExecutionClient-ETORO
2026-05-12T12:35:12.406471746Z [INFO] eToro-MultiBot.TradingNode: STARTING
2026-05-12T12:35:12.406556218Z [DEBUG] eToro-MultiBot.SmaCrossoverStrategy_TSLA.ETORO_0: Registered <concurrent.futures.thread.ThreadPoolExecutor object at 0x7fd69414e120>
2026-05-12T12:35:12.406572893Z [DEBUG] eToro-MultiBot.SmaCrossoverStrategy_HUT.ETORO_1: Registered <concurrent.futures.thread.ThreadPoolExecutor object at 0x7fd69414e120>
2026-05-12T12:35:12.406586113Z [DEBUG] eToro-MultiBot.SmaCrossoverStrategy_RIOT.ETORO_2: Registered <concurrent.futures.thread.ThreadPoolExecutor object at 0x7fd69414e120>
2026-05-12T12:35:12.406600582Z [DEBUG] eToro-MultiBot.SmaCrossoverStrategy_NVDA.ETORO_3: Registered <concurrent.futures.thread.ThreadPoolExecutor object at 0x7fd69414e120>
2026-05-12T12:35:12.406608903Z [DEBUG] eToro-MultiBot.SmaCrossoverStrategy_FSLY.ETORO_4: Registered <concurrent.futures.thread.ThreadPoolExecutor object at 0x7fd69414e120>
2026-05-12T12:35:12.406629064Z [DEBUG] eToro-MultiBot.SmaCrossoverStrategy_INSM.ETORO_5: Registered <concurrent.futures.thread.ThreadPoolExecutor object at 0x7fd69414e120>
2026-05-12T12:35:12.406636607Z [DEBUG] eToro-MultiBot.SmaCrossoverStrategy_BTC.ETORO_6: Registered <concurrent.futures.thread.ThreadPoolExecutor object at 0x7fd69414e120>
2026-05-12T12:35:12.406658078Z [DEBUG] eToro-MultiBot.SmaCrossoverStrategy_ETH.ETORO_7: Registered <concurrent.futures.thread.ThreadPoolExecutor object at 0x7fd69414e120>
2026-05-12T12:35:12.406749739Z [DEBUG] eToro-MultiBot.SmaCrossoverStrategy_ADA.ETORO_8: Registered <concurrent.futures.thread.ThreadPoolExecutor object at 0x7fd69414e120>
2026-05-12T12:35:12.406773531Z [DEBUG] eToro-MultiBot.SmaCrossoverStrategy_XRP.ETORO_9: Registered <concurrent.futures.thread.ThreadPoolExecutor object at 0x7fd69414e120>
2026-05-12T12:35:12.406792413Z [DEBUG] eToro-MultiBot.SmaCrossoverStrategy_AERO.ETORO_10: Registered <concurrent.futures.thread.ThreadPoolExecutor object at 0x7fd69414e120>
2026-05-12T12:35:12.406805304Z [DEBUG] eToro-MultiBot.SmaCrossoverStrategy_HYPE.ETORO_11: Registered <concurrent.futures.thread.ThreadPoolExecutor object at 0x7fd69414e120>
2026-05-12T12:35:12.406821941Z [DEBUG] eToro-MultiBot.SmaCrossoverStrategy_ONDO.ETORO_12: Registered <concurrent.futures.thread.ThreadPoolExecutor object at 0x7fd69414e120>
2026-05-12T12:35:12.406841844Z [DEBUG] eToro-MultiBot.SmaCrossoverStrategy_01211.HK.ETORO_13: Registered <concurrent.futures.thread.ThreadPoolExecutor object at 0x7fd69414e120>
2026-05-12T12:35:12.406862515Z [DEBUG] eToro-MultiBot.SmaCrossoverStrategy_XPEV.ETORO_14: Registered <concurrent.futures.thread.ThreadPoolExecutor object at 0x7fd69414e120>
2026-05-12T12:35:12.406874247Z [DEBUG] eToro-MultiBot.SmaCrossoverStrategy_PLTR.ETORO_15: Registered <concurrent.futures.thread.ThreadPoolExecutor object at 0x7fd69414e120>
2026-05-12T12:35:12.406894856Z [DEBUG] eToro-MultiBot.SmaCrossoverStrategy_RHM.DE.ETORO_16: Registered <concurrent.futures.thread.ThreadPoolExecutor object at 0x7fd69414e120>
2026-05-12T12:35:12.406912331Z [DEBUG] eToro-MultiBot.SmaCrossoverStrategy_NVS.ETORO_17: Registered <concurrent.futures.thread.ThreadPoolExecutor object at 0x7fd69414e120>
2026-05-12T12:35:12.406925169Z [DEBUG] eToro-MultiBot.SmaCrossoverStrategy_ROP.ZU.ETORO_18: Registered <concurrent.futures.thread.ThreadPoolExecutor object at 0x7fd69414e120>
2026-05-12T12:35:12.406935533Z [DEBUG] eToro-MultiBot.SmaCrossoverStrategy_DOGE.ETORO_19: Registered <concurrent.futures.thread.ThreadPoolExecutor object at 0x7fd69414e120>
2026-05-12T12:35:12.406944884Z [DEBUG] eToro-MultiBot.SmaCrossoverStrategy_SHIBxM.ETORO_20: Registered <concurrent.futures.thread.ThreadPoolExecutor object at 0x7fd69414e120>
2026-05-12T12:35:12.406955833Z [DEBUG] eToro-MultiBot.SmaCrossoverStrategy_PEPExM.ETORO_21: Registered <concurrent.futures.thread.ThreadPoolExecutor object at 0x7fd69414e120>
2026-05-12T12:35:12.406965020Z [DEBUG] eToro-MultiBot.SmaCrossoverStrategy_SOL.ETORO_22: Registered <concurrent.futures.thread.ThreadPoolExecutor object at 0x7fd69414e120>
2026-05-12T12:35:12.406976947Z [DEBUG] eToro-MultiBot.SmaCrossoverStrategy_AVAX.ETORO_23: Registered <concurrent.futures.thread.ThreadPoolExecutor object at 0x7fd69414e120>
2026-05-12T12:35:12.406985855Z [DEBUG] eToro-MultiBot.SmaCrossoverStrategy_NATGAS.ETORO_24: Registered <concurrent.futures.thread.ThreadPoolExecutor object at 0x7fd69414e120>
2026-05-12T12:35:12.407005050Z [DEBUG] eToro-MultiBot.SmaCrossoverStrategy_PALL.ETORO_25: Registered <concurrent.futures.thread.ThreadPoolExecutor object at 0x7fd69414e120>
2026-05-12T12:35:12.407018963Z [DEBUG] eToro-MultiBot.SmaCrossoverStrategy_USDTRY.ETORO_26: Registered <concurrent.futures.thread.ThreadPoolExecutor object at 0x7fd69414e120>
2026-05-12T12:35:12.407039729Z [DEBUG] eToro-MultiBot.SmaCrossoverStrategy_USDZAR.ETORO_27: Registered <concurrent.futures.thread.ThreadPoolExecutor object at 0x7fd69414e120>
2026-05-12T12:35:12.407056238Z [DEBUG] eToro-MultiBot.DataEngine: STARTING
2026-05-12T12:35:12.407063807Z [DEBUG] eToro-MultiBot.DataClient-ETORO_WS_CLIENT: STARTING
2026-05-12T12:35:12.407083068Z [INFO] eToro-MultiBot.DataClient-ETORO_WS_CLIENT: RUNNING
2026-05-12T12:35:12.407109822Z [DEBUG] eToro-MultiBot.DataEngine: Scheduled task 'cmd_queue'
2026-05-12T12:35:12.407111361Z [DEBUG] eToro-MultiBot.DataEngine: Scheduled task 'req_queue'
2026-05-12T12:35:12.407112407Z [DEBUG] eToro-MultiBot.DataEngine: Scheduled task 'res_queue'
2026-05-12T12:35:12.407113497Z [DEBUG] eToro-MultiBot.DataEngine: Scheduled task 'data_queue'
2026-05-12T12:35:12.407123188Z [INFO] eToro-MultiBot.DataEngine: RUNNING
2026-05-12T12:35:12.407133893Z [DEBUG] eToro-MultiBot.RiskEngine: STARTING
2026-05-12T12:35:12.407148797Z [DEBUG] eToro-MultiBot.RiskEngine: Scheduled task 'cmd_queue'
2026-05-12T12:35:12.407150425Z [DEBUG] eToro-MultiBot.RiskEngine: Scheduled task 'evt_queue'
2026-05-12T12:35:12.407160267Z [INFO] eToro-MultiBot.RiskEngine: RUNNING
2026-05-12T12:35:12.407169027Z [DEBUG] eToro-MultiBot.ExecEngine: STARTING
2026-05-12T12:35:12.407173264Z [DEBUG] eToro-MultiBot.ExecClient-ETORO: STARTING
2026-05-12T12:35:12.407180807Z [INFO] eToro-MultiBot.ExecClient-ETORO: RUNNING
2026-05-12T12:35:12.407199016Z [DEBUG] eToro-MultiBot.ExecEngine: Scheduled task 'cmd_queue'
2026-05-12T12:35:12.407200361Z [DEBUG] eToro-MultiBot.ExecEngine: Scheduled task 'evt_queue'
2026-05-12T12:35:12.407205734Z [DEBUG] eToro-MultiBot.ExecEngine: Scheduled task 'continuous_reconciliation'
2026-05-12T12:35:12.407207619Z [INFO] eToro-MultiBot.ExecEngine: Started reconciliation task
2026-05-12T12:35:12.407216541Z [INFO] eToro-MultiBot.ExecEngine: RUNNING
2026-05-12T12:35:12.407225312Z [INFO] eToro-MultiBot.DataEngine: Connecting all clients...
2026-05-12T12:35:12.407228701Z [INFO] eToro-MultiBot.DataClient-ETORO_WS_CLIENT: Connecting...
2026-05-12T12:35:12.407235616Z [DEBUG] eToro-MultiBot.DataClient-ETORO_WS_CLIENT: Creating async task '_connect'
2026-05-12T12:35:12.407246246Z [INFO] eToro-MultiBot.ExecEngine: Connecting all clients...
2026-05-12T12:35:12.407249519Z [INFO] eToro-MultiBot.ExecClient-ETORO: Connecting...
2026-05-12T12:35:12.407253776Z [DEBUG] eToro-MultiBot.ExecClient-ETORO: Creating task '_connect'
2026-05-12T12:35:12.407273225Z [INFO] eToro-MultiBot.TradingNode: Awaiting engine connections and initializations (120.0s timeout)...
2026-05-12T12:35:12.407496732Z [DEBUG] eToro-MultiBot.DataEngine: DataCommand message queue processing starting (qsize=0)
2026-05-12T12:35:12.407504914Z [DEBUG] eToro-MultiBot.DataEngine: RequestData message queue processing starting (qsize=0)
2026-05-12T12:35:12.407511242Z [DEBUG] eToro-MultiBot.DataEngine: DataResponse message queue processing starting (qsize=0)
2026-05-12T12:35:12.407516648Z [DEBUG] eToro-MultiBot.DataEngine: Data queue processing starting (qsize=0)
2026-05-12T12:35:12.407530258Z [DEBUG] eToro-MultiBot.RiskEngine: Command message queue processing (qsize=0)
2026-05-12T12:35:12.407537776Z [DEBUG] eToro-MultiBot.RiskEngine: Event message queue processing starting (qsize=0)
2026-05-12T12:35:12.407543319Z [DEBUG] eToro-MultiBot.ExecEngine: Command message queue processing starting (qsize=0)
2026-05-12T12:35:12.407553168Z [DEBUG] eToro-MultiBot.ExecEngine: Event message queue processing starting (qsize=0)
2026-05-12T12:35:12.407570588Z [INFO] eToro-MultiBot.ExecEngine: Starting continuous reconciliation with intervals: inflight=2000ms, consistency=Nones, position=Nones
2026-05-12T12:35:12.407573468Z [INFO] eToro-MultiBot.ExecEngine: Awaiting startup reconciliation completion before starting continuous checks
2026-05-12T12:35:12.463022676Z [INFO] eToro-MultiBot.DataClient-ETORO_WS_CLIENT: WebSocket Verbindungsversuch 1/5 zu wss://ws.etoro.com/ws ...
2026-05-12T12:35:12.484629539Z [INFO] eToro-MultiBot.ExecClient-ETORO: ⚠️  DRY-RUN MODE: no real orders will be sent.
2026-05-12T12:35:12.531781451Z [INFO] eToro-MultiBot.ExecClient-ETORO: Execution WS connect attempt 1/5 ...
2026-05-12T12:35:12.852574021Z [WARN] eToro-MultiBot.ExecClient-ETORO: Auth response not JSON: b'\x00'
2026-05-12T12:35:12.852678902Z [INFO] eToro-MultiBot.ExecClient-ETORO: Subscribed to trading notification topics.
2026-05-12T12:35:12.852696913Z [DEBUG] eToro-MultiBot.ExecClient-ETORO: Creating task 'exec_ws_loop'
2026-05-12T12:35:12.852711937Z [INFO] eToro-MultiBot.ExecClient-ETORO: Execution WS connected and authenticated.
2026-05-12T12:35:12.852876434Z [DEBUG] eToro-MultiBot.Cache: Added Account(id=ETORO-DEMO-001)
2026-05-12T12:35:12.852893287Z [DEBUG] eToro-MultiBot.Cache: Indexed AccountId('ETORO-DEMO-001')
2026-05-12T12:35:12.852917069Z [INFO] eToro-MultiBot.Portfolio: Updated AccountState(account_id=ETORO-DEMO-001, account_type=MARGIN, base_currency=USD, is_reported=False, balances=[AccountBalance(total=0.00 USD, locked=0.00 USD, free=0.00 USD)], margins=[], event_id=6e8d3c61-6787-497b-b620-0cf139ab7cdd)
2026-05-12T12:35:12.853118160Z [INFO] eToro-MultiBot.ExecClient-ETORO: Connected
2026-05-12T12:35:12.856313862Z [INFO] eToro-MultiBot.DataClient-ETORO_WS_CLIENT: WebSocket verbunden. Authentifiziere...
2026-05-12T12:35:12.856474584Z [DEBUG] eToro-MultiBot.Cache: Added currency USD
2026-05-12T12:35:12.856493179Z [DEBUG] eToro-MultiBot.Cache: Added instrument NVS.ETORO
2026-05-12T12:35:12.856564777Z [INFO] eToro-MultiBot.DataClient-ETORO_WS_CLIENT: Instrument registriert: NVS.ETORO [Equity] price_prec=5, size_prec=0
2026-05-12T12:35:12.856636705Z [DEBUG] eToro-MultiBot.Cache: Added instrument ROP.ZU.ETORO
2026-05-12T12:35:12.856676124Z [INFO] eToro-MultiBot.DataClient-ETORO_WS_CLIENT: Instrument registriert: ROP.ZU.ETORO [Equity] price_prec=5, size_prec=0
2026-05-12T12:35:12.856744594Z [DEBUG] eToro-MultiBot.Cache: Added instrument RHM.DE.ETORO
2026-05-12T12:35:12.856793910Z [INFO] eToro-MultiBot.DataClient-ETORO_WS_CLIENT: Instrument registriert: RHM.DE.ETORO [Equity] price_prec=5, size_prec=0
2026-05-12T12:35:12.856856204Z [DEBUG] eToro-MultiBot.Cache: Added instrument AVAX.ETORO
2026-05-12T12:35:12.856905395Z [INFO] eToro-MultiBot.DataClient-ETORO_WS_CLIENT: Instrument registriert: AVAX.ETORO [Crypto] price_prec=5, size_prec=0
2026-05-12T12:35:12.856960104Z [DEBUG] eToro-MultiBot.Cache: Added instrument PEPExM.ETORO
2026-05-12T12:35:12.857004437Z [INFO] eToro-MultiBot.DataClient-ETORO_WS_CLIENT: Instrument registriert: PEPExM.ETORO [Equity] price_prec=8, size_prec=0
2026-05-12T12:35:12.857058640Z [DEBUG] eToro-MultiBot.Cache: Added instrument 01211.HK.ETORO
2026-05-12T12:35:12.857088533Z [INFO] eToro-MultiBot.DataClient-ETORO_WS_CLIENT: Instrument registriert: 01211.HK.ETORO [Equity] price_prec=5, size_prec=0
2026-05-12T12:35:12.857132082Z [DEBUG] eToro-MultiBot.Cache: Added instrument RIOT.ETORO
2026-05-12T12:35:12.857165681Z [INFO] eToro-MultiBot.DataClient-ETORO_WS_CLIENT: Instrument registriert: RIOT.ETORO [Equity] price_prec=5, size_prec=0
2026-05-12T12:35:12.857207310Z [DEBUG] eToro-MultiBot.Cache: Added instrument USDTRY.ETORO
2026-05-12T12:35:12.857239797Z [INFO] eToro-MultiBot.DataClient-ETORO_WS_CLIENT: Instrument registriert: USDTRY.ETORO [Equity] price_prec=5, size_prec=0
2026-05-12T12:35:12.857281129Z [DEBUG] eToro-MultiBot.Cache: Added instrument INSM.ETORO
2026-05-12T12:35:12.857312230Z [INFO] eToro-MultiBot.DataClient-ETORO_WS_CLIENT: Instrument registriert: INSM.ETORO [Equity] price_prec=5, size_prec=0
2026-05-12T12:35:12.857352574Z [DEBUG] eToro-MultiBot.Cache: Added instrument PALL.ETORO
2026-05-12T12:35:12.857382528Z [INFO] eToro-MultiBot.DataClient-ETORO_WS_CLIENT: Instrument registriert: PALL.ETORO [Equity] price_prec=5, size_prec=0
2026-05-12T12:35:12.857431993Z [DEBUG] eToro-MultiBot.Cache: Added instrument ADA.ETORO
2026-05-12T12:35:12.857463890Z [INFO] eToro-MultiBot.DataClient-ETORO_WS_CLIENT: Instrument registriert: ADA.ETORO [Crypto] price_prec=5, size_prec=0
2026-05-12T12:35:12.857504261Z [DEBUG] eToro-MultiBot.Cache: Added instrument PLTR.ETORO
2026-05-12T12:35:12.857543064Z [INFO] eToro-MultiBot.DataClient-ETORO_WS_CLIENT: Instrument registriert: PLTR.ETORO [Equity] price_prec=5, size_prec=0
2026-05-12T12:35:12.857580943Z [DEBUG] eToro-MultiBot.Cache: Added instrument HYPE.ETORO
2026-05-12T12:35:12.857609803Z [INFO] eToro-MultiBot.DataClient-ETORO_WS_CLIENT: Instrument registriert: HYPE.ETORO [Crypto] price_prec=5, size_prec=0
2026-05-12T12:35:12.857646935Z [DEBUG] eToro-MultiBot.Cache: Added instrument NVDA.ETORO
2026-05-12T12:35:12.857700947Z [INFO] eToro-MultiBot.DataClient-ETORO_WS_CLIENT: Instrument registriert: NVDA.ETORO [Equity] price_prec=5, size_prec=0
2026-05-12T12:35:12.857740206Z [DEBUG] eToro-MultiBot.Cache: Added instrument FSLY.ETORO
2026-05-12T12:35:12.857774046Z [INFO] eToro-MultiBot.DataClient-ETORO_WS_CLIENT: Instrument registriert: FSLY.ETORO [Equity] price_prec=5, size_prec=0
2026-05-12T12:35:12.857813371Z [DEBUG] eToro-MultiBot.Cache: Added instrument AERO.ETORO
2026-05-12T12:35:12.857838517Z [INFO] eToro-MultiBot.DataClient-ETORO_WS_CLIENT: Instrument registriert: AERO.ETORO [Crypto] price_prec=5, size_prec=0
2026-05-12T12:35:12.857878571Z [DEBUG] eToro-MultiBot.Cache: Added instrument USDZAR.ETORO
2026-05-12T12:35:12.857907447Z [INFO] eToro-MultiBot.DataClient-ETORO_WS_CLIENT: Instrument registriert: USDZAR.ETORO [Equity] price_prec=5, size_prec=0
2026-05-12T12:35:12.857949597Z [DEBUG] eToro-MultiBot.Cache: Added instrument BTC.ETORO
2026-05-12T12:35:12.857979894Z [INFO] eToro-MultiBot.DataClient-ETORO_WS_CLIENT: Instrument registriert: BTC.ETORO [Crypto] price_prec=2, size_prec=0
2026-05-12T12:35:12.858018742Z [DEBUG] eToro-MultiBot.Cache: Added instrument ETH.ETORO
2026-05-12T12:35:12.858047334Z [INFO] eToro-MultiBot.DataClient-ETORO_WS_CLIENT: Instrument registriert: ETH.ETORO [Crypto] price_prec=2, size_prec=0
2026-05-12T12:35:12.858089557Z [DEBUG] eToro-MultiBot.Cache: Added instrument ONDO.ETORO
2026-05-12T12:35:12.858120548Z [INFO] eToro-MultiBot.DataClient-ETORO_WS_CLIENT: Instrument registriert: ONDO.ETORO [Crypto] price_prec=5, size_prec=0
2026-05-12T12:35:12.858166703Z [DEBUG] eToro-MultiBot.Cache: Added instrument SOL.ETORO
2026-05-12T12:35:12.858196527Z [INFO] eToro-MultiBot.DataClient-ETORO_WS_CLIENT: Instrument registriert: SOL.ETORO [Crypto] price_prec=5, size_prec=0
2026-05-12T12:35:12.858240668Z [DEBUG] eToro-MultiBot.Cache: Added instrument XPEV.ETORO
2026-05-12T12:35:12.858268825Z [INFO] eToro-MultiBot.DataClient-ETORO_WS_CLIENT: Instrument registriert: XPEV.ETORO [Equity] price_prec=5, size_prec=0
2026-05-12T12:35:12.858311461Z [DEBUG] eToro-MultiBot.Cache: Added instrument SHIBxM.ETORO
2026-05-12T12:35:12.858342186Z [INFO] eToro-MultiBot.DataClient-ETORO_WS_CLIENT: Instrument registriert: SHIBxM.ETORO [Equity] price_prec=8, size_prec=0
2026-05-12T12:35:12.858386521Z [DEBUG] eToro-MultiBot.Cache: Added instrument DOGE.ETORO
2026-05-12T12:35:12.858416017Z [INFO] eToro-MultiBot.DataClient-ETORO_WS_CLIENT: Instrument registriert: DOGE.ETORO [Crypto] price_prec=5, size_prec=0
2026-05-12T12:35:12.858455778Z [DEBUG] eToro-MultiBot.Cache: Added instrument TSLA.ETORO
2026-05-12T12:35:12.858489209Z [INFO] eToro-MultiBot.DataClient-ETORO_WS_CLIENT: Instrument registriert: TSLA.ETORO [Equity] price_prec=5, size_prec=0
2026-05-12T12:35:12.858542442Z [DEBUG] eToro-MultiBot.Cache: Added instrument XRP.ETORO
2026-05-12T12:35:12.858571630Z [INFO] eToro-MultiBot.DataClient-ETORO_WS_CLIENT: Instrument registriert: XRP.ETORO [Crypto] price_prec=5, size_prec=0
2026-05-12T12:35:12.858615342Z [DEBUG] eToro-MultiBot.Cache: Added instrument HUT.ETORO
2026-05-12T12:35:12.858640901Z [INFO] eToro-MultiBot.DataClient-ETORO_WS_CLIENT: Instrument registriert: HUT.ETORO [Equity] price_prec=5, size_prec=0
2026-05-12T12:35:12.858675247Z [DEBUG] eToro-MultiBot.Cache: Added instrument NATGAS.ETORO
2026-05-12T12:35:12.858698073Z [INFO] eToro-MultiBot.DataClient-ETORO_WS_CLIENT: Instrument registriert: NATGAS.ETORO [Equity] price_prec=5, size_prec=0
2026-05-12T12:35:12.936409160Z [INFO] eToro-MultiBot.DataClient-ETORO_WS_CLIENT: Auth-Antwort: {'id': 'efc21ffc-ce46-4ff9-aad4-5fa455664f92', 'success': True, 'operation': 'Authenticate'}
2026-05-12T12:35:12.936603609Z [INFO] eToro-MultiBot.DataClient-ETORO_WS_CLIENT: Abonniert: ['instrument:4232', 'instrument:1402', 'instrument:2587', 'instrument:100085', 'instrument:100303', 'instrument:2380', 'instrument:6270', 'instrument:62', 'instrument:9119', 'instrument:3208', 'instrument:100017', 'instrument:7991', 'instrument:100446', 'instrument:1137', 'instrument:5045', 'instrument:100421', 'instrument:42', 'instrument:100000', 'instrument:100001', 'instrument:100323', 'instrument:100063', 'instrument:6700', 'instrument:100080', 'instrument:100043', 'instrument:1111', 'instrument:100003', 'instrument:8671', 'instrument:22']
2026-05-12T12:35:12.936628254Z [DEBUG] eToro-MultiBot.DataClient-ETORO_WS_CLIENT: Creating async task 'message_loop'
2026-05-12T12:35:12.936769335Z [DEBUG] eToro-MultiBot.DataClient-ETORO_WS_CLIENT: Coroutine '_connect' completed
2026-05-12T12:35:12.936777380Z [INFO] eToro-MultiBot.DataClient-ETORO_WS_CLIENT: Connected
2026-05-12T12:35:12.936841751Z [INFO] eToro-MultiBot.TradingNode: Awaiting execution state reconciliation (30.0s timeout)...
2026-05-12T12:35:12.936955883Z [INFO] eToro-MultiBot.ExecClient-ETORO: Generating ExecutionMassStatus...
2026-05-12T12:35:12.937127213Z [WARN] eToro-MultiBot.ExecClient-ETORO: generate_order_status_reports: Kein Query-Endpoint verfügbar. Gebe leere Liste zurück.
2026-05-12T12:35:12.937232848Z [DEBUG] eToro-MultiBot.ExecEngine: <--[RPT] ExecutionMassStatus(client_id=ETORO, account_id=ETORO-DEMO-001, venue=ETORO, order_reports={}, fill_reports={}, position_reports={}, report_id=0de1b371-e554-4ca8-9d5c-6aa731d8b535, ts_init=1778589312936981745)
2026-05-12T12:35:12.937241337Z [INFO] eToro-MultiBot.ExecEngine: Reconciling ExecutionMassStatus for ETORO
2026-05-12T12:35:12.937259092Z [INFO] eToro-MultiBot.ExecEngine: Attempting to adjust fills for 0 instruments
2026-05-12T12:35:12.939383211Z [INFO] eToro-MultiBot.ExecEngine: Updating adjusted fills for 0 instruments
2026-05-12T12:35:12.939391792Z [INFO] eToro-MultiBot.ExecEngine: Final order_reports contains 0 orders, fill_reports contains 0 fills across all instruments
2026-05-12T12:35:12.939469907Z [DEBUG] eToro-MultiBot.ExecEngine: Reconciliation state validation passed for 0 order(s)
2026-05-12T12:35:12.939510548Z [INFO] eToro-MultiBot.ExecEngine: Reconciliation for ETORO succeeded
2026-05-12T12:35:12.939554999Z [INFO] eToro-MultiBot.TradingNode: Execution state reconciled
2026-05-12T12:35:12.939570726Z [DEBUG] eToro-MultiBot.OrderEmulator: STARTING
2026-05-12T12:35:12.939575322Z [INFO] eToro-MultiBot.OrderEmulator: No emulated orders to reactivate
2026-05-12T12:35:12.939625821Z [INFO] eToro-MultiBot.OrderEmulator: RUNNING
2026-05-12T12:35:12.939654528Z [INFO] eToro-MultiBot.Portfolio: Initialized 0 open orders
2026-05-12T12:35:12.939671407Z [INFO] eToro-MultiBot.Portfolio: Initialized 0 open positions
2026-05-12T12:35:12.939682581Z [INFO] eToro-MultiBot.TradingNode: Awaiting portfolio initialization (10.0s timeout)...
2026-05-12T12:35:12.939824373Z [INFO] eToro-MultiBot.ExecEngine: Startup reconciliation completed
2026-05-12T12:35:12.939842152Z [INFO] eToro-MultiBot.ExecEngine: Applying post-reconciliation startup delay (10.0s)
2026-05-12T12:35:12.939874710Z [INFO] eToro-MultiBot.TradingNode: Portfolio initialized
2026-05-12T12:35:12.939882787Z [DEBUG] eToro-MultiBot.eToro-MultiBot: STARTING
2026-05-12T12:35:12.939897599Z [DEBUG] eToro-MultiBot.SmaCrossoverStrategy_TSLA.ETORO_0: STARTING
2026-05-12T12:35:12.939904568Z [INFO] eToro-MultiBot.SmaCrossoverStrategy_TSLA.ETORO_0: self.config.oms_type=None
2026-05-12T12:35:12.939906090Z [INFO] eToro-MultiBot.SmaCrossoverStrategy_TSLA.ETORO_0: self.config.external_order_claims=None
2026-05-12T12:35:12.939908076Z [INFO] eToro-MultiBot.SmaCrossoverStrategy_TSLA.ETORO_0: self.config.manage_gtd_expiry=False
2026-05-12T12:35:12.939916689Z [INFO] eToro-MultiBot.SmaCrossoverStrategy_TSLA.ETORO_0: Set ClientOrderIdGenerator client_order_id count to 0
2026-05-12T12:35:12.939918776Z [INFO] eToro-MultiBot.SmaCrossoverStrategy_TSLA.ETORO_0: Set ClientOrderIdGenerator order_list_id count to 0
2026-05-12T12:35:12.939932659Z [INFO] eToro-MultiBot.SmaCrossoverStrategy_TSLA.ETORO_0: Starte SMA Crossover auf TSLA.ETORO
2026-05-12T12:35:12.939982869Z [DEBUG] eToro-MultiBot.MessageBus: Added Subscription(topic=data.quotes.ETORO.TSLA, handler=<bound method Actor.handle_quote_tick of SmaCrossoverStrategy(SmaCrossoverStrategy_TSLA.ETORO_0-000)>, priority=0)
2026-05-12T12:35:12.940028836Z [INFO] eToro-MultiBot.SmaCrossoverStrategy_TSLA.ETORO_0: [CMD]--> SubscribeQuoteTicks(instrument_id=TSLA.ETORO, client_id=None, venue=ETORO)
2026-05-12T12:35:12.940089722Z [DEBUG] eToro-MultiBot.MessageBus: Added Subscription(topic=data.bars.TSLA.ETORO-1-MINUTE-MID-INTERNAL, handler=<bound method Actor.handle_bar of SmaCrossoverStrategy(SmaCrossoverStrategy_TSLA.ETORO_0-000)>, priority=0)
2026-05-12T12:35:12.940121166Z [INFO] eToro-MultiBot.SmaCrossoverStrategy_TSLA.ETORO_0: [CMD]--> SubscribeBars(bar_type=TSLA.ETORO-1-MINUTE-MID-INTERNAL, client_id=None, venue=ETORO)
2026-05-12T12:35:12.940170276Z [INFO] eToro-MultiBot.SmaCrossoverStrategy_TSLA.ETORO_0: RUNNING
2026-05-12T12:35:12.940189437Z [DEBUG] eToro-MultiBot.SmaCrossoverStrategy_HUT.ETORO_1: STARTING
2026-05-12T12:35:12.940193863Z [INFO] eToro-MultiBot.SmaCrossoverStrategy_HUT.ETORO_1: self.config.oms_type=None
2026-05-12T12:35:12.940195040Z [INFO] eToro-MultiBot.SmaCrossoverStrategy_HUT.ETORO_1: self.config.external_order_claims=None
2026-05-12T12:35:12.940195847Z [INFO] eToro-MultiBot.SmaCrossoverStrategy_HUT.ETORO_1: self.config.manage_gtd_expiry=False
2026-05-12T12:35:12.940200313Z [INFO] eToro-MultiBot.SmaCrossoverStrategy_HUT.ETORO_1: Set ClientOrderIdGenerator client_order_id count to 0
2026-05-12T12:35:12.940201582Z [INFO] eToro-MultiBot.SmaCrossoverStrategy_HUT.ETORO_1: Set ClientOrderIdGenerator order_list_id count to 0
2026-05-12T12:35:12.940213618Z [INFO] eToro-MultiBot.SmaCrossoverStrategy_HUT.ETORO_1: Starte SMA Crossover auf HUT.ETORO
2026-05-12T12:35:12.940234911Z [DEBUG] eToro-MultiBot.MessageBus: Added Subscription(topic=data.quotes.ETORO.HUT, handler=<bound method Actor.handle_quote_tick of SmaCrossoverStrategy(SmaCrossoverStrategy_HUT.ETORO_1-001)>, priority=0)
2026-05-12T12:35:12.940266759Z [INFO] eToro-MultiBot.SmaCrossoverStrategy_HUT.ETORO_1: [CMD]--> SubscribeQuoteTicks(instrument_id=HUT.ETORO, client_id=None, venue=ETORO)
2026-05-12T12:35:12.940299294Z [DEBUG] eToro-MultiBot.MessageBus: Added Subscription(topic=data.bars.HUT.ETORO-1-MINUTE-MID-INTERNAL, handler=<bound method Actor.handle_bar of SmaCrossoverStrategy(SmaCrossoverStrategy_HUT.ETORO_1-001)>, priority=0)
2026-05-12T12:35:12.940319641Z [INFO] eToro-MultiBot.SmaCrossoverStrategy_HUT.ETORO_1: [CMD]--> SubscribeBars(bar_type=HUT.ETORO-1-MINUTE-MID-INTERNAL, client_id=None, venue=ETORO)
2026-05-12T12:35:12.940366540Z [INFO] eToro-MultiBot.SmaCrossoverStrategy_HUT.ETORO_1: RUNNING
2026-05-12T12:35:12.940385833Z [DEBUG] eToro-MultiBot.SmaCrossoverStrategy_RIOT.ETORO_2: STARTING
2026-05-12T12:35:12.940390049Z [INFO] eToro-MultiBot.SmaCrossoverStrategy_RIOT.ETORO_2: self.config.oms_type=None
2026-05-12T12:35:12.940391183Z [INFO] eToro-MultiBot.SmaCrossoverStrategy_RIOT.ETORO_2: self.config.external_order_claims=None
2026-05-12T12:35:12.940392086Z [INFO] eToro-MultiBot.SmaCrossoverStrategy_RIOT.ETORO_2: self.config.manage_gtd_expiry=False
2026-05-12T12:35:12.940396433Z [INFO] eToro-MultiBot.SmaCrossoverStrategy_RIOT.ETORO_2: Set ClientOrderIdGenerator client_order_id count to 0
2026-05-12T12:35:12.940397701Z [INFO] eToro-MultiBot.SmaCrossoverStrategy_RIOT.ETORO_2: Set ClientOrderIdGenerator order_list_id count to 0
2026-05-12T12:35:12.940404485Z [INFO] eToro-MultiBot.SmaCrossoverStrategy_RIOT.ETORO_2: Starte SMA Crossover auf RIOT.ETORO
2026-05-12T12:35:12.940424513Z [DEBUG] eToro-MultiBot.MessageBus: Added Subscription(topic=data.quotes.ETORO.RIOT, handler=<bound method Actor.handle_quote_tick of SmaCrossoverStrategy(SmaCrossoverStrategy_RIOT.ETORO_2-002)>, priority=0)
2026-05-12T12:35:12.940449376Z [INFO] eToro-MultiBot.SmaCrossoverStrategy_RIOT.ETORO_2: [CMD]--> SubscribeQuoteTicks(instrument_id=RIOT.ETORO, client_id=None, venue=ETORO)
2026-05-12T12:35:12.940479694Z [DEBUG] eToro-MultiBot.MessageBus: Added Subscription(topic=data.bars.RIOT.ETORO-1-MINUTE-MID-INTERNAL, handler=<bound method Actor.handle_bar of SmaCrossoverStrategy(SmaCrossoverStrategy_RIOT.ETORO_2-002)>, priority=0)
2026-05-12T12:35:12.940500013Z [INFO] eToro-MultiBot.SmaCrossoverStrategy_RIOT.ETORO_2: [CMD]--> SubscribeBars(bar_type=RIOT.ETORO-1-MINUTE-MID-INTERNAL, client_id=None, venue=ETORO)
2026-05-12T12:35:12.940553392Z [INFO] eToro-MultiBot.SmaCrossoverStrategy_RIOT.ETORO_2: RUNNING
2026-05-12T12:35:12.940572928Z [DEBUG] eToro-MultiBot.SmaCrossoverStrategy_NVDA.ETORO_3: STARTING
2026-05-12T12:35:12.940576985Z [INFO] eToro-MultiBot.SmaCrossoverStrategy_NVDA.ETORO_3: self.config.oms_type=None
2026-05-12T12:35:12.940578225Z [INFO] eToro-MultiBot.SmaCrossoverStrategy_NVDA.ETORO_3: self.config.external_order_claims=None
2026-05-12T12:35:12.940579067Z [INFO] eToro-MultiBot.SmaCrossoverStrategy_NVDA.ETORO_3: self.config.manage_gtd_expiry=False
2026-05-12T12:35:12.940583077Z [INFO] eToro-MultiBot.SmaCrossoverStrategy_NVDA.ETORO_3: Set ClientOrderIdGenerator client_order_id count to 0
2026-05-12T12:35:12.940584353Z [INFO] eToro-MultiBot.SmaCrossoverStrategy_NVDA.ETORO_3: Set ClientOrderIdGenerator order_list_id count to 0
2026-05-12T12:35:12.940599083Z [INFO] eToro-MultiBot.SmaCrossoverStrategy_NVDA.ETORO_3: Starte SMA Crossover auf NVDA.ETORO
2026-05-12T12:35:12.940621202Z [DEBUG] eToro-MultiBot.MessageBus: Added Subscription(topic=data.quotes.ETORO.NVDA, handler=<bound method Actor.handle_quote_tick of SmaCrossoverStrategy(SmaCrossoverStrategy_NVDA.ETORO_3-003)>, priority=0)
2026-05-12T12:35:12.940645607Z [INFO] eToro-MultiBot.SmaCrossoverStrategy_NVDA.ETORO_3: [CMD]--> SubscribeQuoteTicks(instrument_id=NVDA.ETORO, client_id=None, venue=ETORO)
2026-05-12T12:35:12.940674774Z [DEBUG] eToro-MultiBot.MessageBus: Added Subscription(topic=data.bars.NVDA.ETORO-1-MINUTE-MID-INTERNAL, handler=<bound method Actor.handle_bar of SmaCrossoverStrategy(SmaCrossoverStrategy_NVDA.ETORO_3-003)>, priority=0)
2026-05-12T12:35:12.940694555Z [INFO] eToro-MultiBot.SmaCrossoverStrategy_NVDA.ETORO_3: [CMD]--> SubscribeBars(bar_type=NVDA.ETORO-1-MINUTE-MID-INTERNAL, client_id=None, venue=ETORO)
2026-05-12T12:35:12.940739969Z [INFO] eToro-MultiBot.SmaCrossoverStrategy_NVDA.ETORO_3: RUNNING
2026-05-12T12:35:12.940760115Z [DEBUG] eToro-MultiBot.SmaCrossoverStrategy_FSLY.ETORO_4: STARTING
2026-05-12T12:35:12.940764844Z [INFO] eToro-MultiBot.SmaCrossoverStrategy_FSLY.ETORO_4: self.config.oms_type=None
2026-05-12T12:35:12.940765974Z [INFO] eToro-MultiBot.SmaCrossoverStrategy_FSLY.ETORO_4: self.config.external_order_claims=None
2026-05-12T12:35:12.940766774Z [INFO] eToro-MultiBot.SmaCrossoverStrategy_FSLY.ETORO_4: self.config.manage_gtd_expiry=False
2026-05-12T12:35:12.940770863Z [INFO] eToro-MultiBot.SmaCrossoverStrategy_FSLY.ETORO_4: Set ClientOrderIdGenerator client_order_id count to 0
2026-05-12T12:35:12.940773064Z [INFO] eToro-MultiBot.SmaCrossoverStrategy_FSLY.ETORO_4: Set ClientOrderIdGenerator order_list_id count to 0
2026-05-12T12:35:12.940779995Z [INFO] eToro-MultiBot.SmaCrossoverStrategy_FSLY.ETORO_4: Starte SMA Crossover auf FSLY.ETORO
2026-05-12T12:35:12.940799170Z [DEBUG] eToro-MultiBot.MessageBus: Added Subscription(topic=data.quotes.ETORO.FSLY, handler=<bound method Actor.handle_quote_tick of SmaCrossoverStrategy(SmaCrossoverStrategy_FSLY.ETORO_4-004)>, priority=0)
2026-05-12T12:35:12.940823041Z [INFO] eToro-MultiBot.SmaCrossoverStrategy_FSLY.ETORO_4: [CMD]--> SubscribeQuoteTicks(instrument_id=FSLY.ETORO, client_id=None, venue=ETORO)
2026-05-12T12:35:12.940852559Z [DEBUG] eToro-MultiBot.MessageBus: Added Subscription(topic=data.bars.FSLY.ETORO-1-MINUTE-MID-INTERNAL, handler=<bound method Actor.handle_bar of SmaCrossoverStrategy(SmaCrossoverStrategy_FSLY.ETORO_4-004)>, priority=0)
2026-05-12T12:35:12.940877532Z [INFO] eToro-MultiBot.SmaCrossoverStrategy_FSLY.ETORO_4: [CMD]--> SubscribeBars(bar_type=FSLY.ETORO-1-MINUTE-MID-INTERNAL, client_id=None, venue=ETORO)
2026-05-12T12:35:12.940923103Z [INFO] eToro-MultiBot.SmaCrossoverStrategy_FSLY.ETORO_4: RUNNING
2026-05-12T12:35:12.940941153Z [DEBUG] eToro-MultiBot.SmaCrossoverStrategy_INSM.ETORO_5: STARTING
2026-05-12T12:35:12.940945210Z [INFO] eToro-MultiBot.SmaCrossoverStrategy_INSM.ETORO_5: self.config.oms_type=None
2026-05-12T12:35:12.940946461Z [INFO] eToro-MultiBot.SmaCrossoverStrategy_INSM.ETORO_5: self.config.external_order_claims=None
2026-05-12T12:35:12.940947381Z [INFO] eToro-MultiBot.SmaCrossoverStrategy_INSM.ETORO_5: self.config.manage_gtd_expiry=False
2026-05-12T12:35:12.940951433Z [INFO] eToro-MultiBot.SmaCrossoverStrategy_INSM.ETORO_5: Set ClientOrderIdGenerator client_order_id count to 0
2026-05-12T12:35:12.940952631Z [INFO] eToro-MultiBot.SmaCrossoverStrategy_INSM.ETORO_5: Set ClientOrderIdGenerator order_list_id count to 0
2026-05-12T12:35:12.940960506Z [INFO] eToro-MultiBot.SmaCrossoverStrategy_INSM.ETORO_5: Starte SMA Crossover auf INSM.ETORO
2026-05-12T12:35:12.940979638Z [DEBUG] eToro-MultiBot.MessageBus: Added Subscription(topic=data.quotes.ETORO.INSM, handler=<bound method Actor.handle_quote_tick of SmaCrossoverStrategy(SmaCrossoverStrategy_INSM.ETORO_5-005)>, priority=0)
2026-05-12T12:35:12.941003068Z [INFO] eToro-MultiBot.SmaCrossoverStrategy_INSM.ETORO_5: [CMD]--> SubscribeQuoteTicks(instrument_id=INSM.ETORO, client_id=None, venue=ETORO)
2026-05-12T12:35:12.941031679Z [DEBUG] eToro-MultiBot.MessageBus: Added Subscription(topic=data.bars.INSM.ETORO-1-MINUTE-MID-INTERNAL, handler=<bound method Actor.handle_bar of SmaCrossoverStrategy(SmaCrossoverStrategy_INSM.ETORO_5-005)>, priority=0)
2026-05-12T12:35:12.941050910Z [INFO] eToro-MultiBot.SmaCrossoverStrategy_INSM.ETORO_5: [CMD]--> SubscribeBars(bar_type=INSM.ETORO-1-MINUTE-MID-INTERNAL, client_id=None, venue=ETORO)
2026-05-12T12:35:12.941105261Z [INFO] eToro-MultiBot.SmaCrossoverStrategy_INSM.ETORO_5: RUNNING
2026-05-12T12:35:12.941117920Z [DEBUG] eToro-MultiBot.SmaCrossoverStrategy_BTC.ETORO_6: STARTING
2026-05-12T12:35:12.941120599Z [INFO] eToro-MultiBot.SmaCrossoverStrategy_BTC.ETORO_6: self.config.oms_type=None
2026-05-12T12:35:12.941121626Z [INFO] eToro-MultiBot.SmaCrossoverStrategy_BTC.ETORO_6: self.config.external_order_claims=None
2026-05-12T12:35:12.941122540Z [INFO] eToro-MultiBot.SmaCrossoverStrategy_BTC.ETORO_6: self.config.manage_gtd_expiry=False
2026-05-12T12:35:12.941126689Z [INFO] eToro-MultiBot.SmaCrossoverStrategy_BTC.ETORO_6: Set ClientOrderIdGenerator client_order_id count to 0
2026-05-12T12:35:12.941128863Z [INFO] eToro-MultiBot.SmaCrossoverStrategy_BTC.ETORO_6: Set ClientOrderIdGenerator order_list_id count to 0
2026-05-12T12:35:12.941135860Z [INFO] eToro-MultiBot.SmaCrossoverStrategy_BTC.ETORO_6: Starte SMA Crossover auf BTC.ETORO
2026-05-12T12:35:12.941154367Z [DEBUG] eToro-MultiBot.MessageBus: Added Subscription(topic=data.quotes.ETORO.BTC, handler=<bound method Actor.handle_quote_tick of SmaCrossoverStrategy(SmaCrossoverStrategy_BTC.ETORO_6-006)>, priority=0)
2026-05-12T12:35:12.941179252Z [INFO] eToro-MultiBot.SmaCrossoverStrategy_BTC.ETORO_6: [CMD]--> SubscribeQuoteTicks(instrument_id=BTC.ETORO, client_id=None, venue=ETORO)
2026-05-12T12:35:12.941209177Z [DEBUG] eToro-MultiBot.MessageBus: Added Subscription(topic=data.bars.BTC.ETORO-1-MINUTE-MID-INTERNAL, handler=<bound method Actor.handle_bar of SmaCrossoverStrategy(SmaCrossoverStrategy_BTC.ETORO_6-006)>, priority=0)
2026-05-12T12:35:12.941228827Z [INFO] eToro-MultiBot.SmaCrossoverStrategy_BTC.ETORO_6: [CMD]--> SubscribeBars(bar_type=BTC.ETORO-1-MINUTE-MID-INTERNAL, client_id=None, venue=ETORO)
2026-05-12T12:35:12.941273364Z [INFO] eToro-MultiBot.SmaCrossoverStrategy_BTC.ETORO_6: RUNNING
2026-05-12T12:35:12.941290301Z [DEBUG] eToro-MultiBot.SmaCrossoverStrategy_ETH.ETORO_7: STARTING
2026-05-12T12:35:12.941294504Z [INFO] eToro-MultiBot.SmaCrossoverStrategy_ETH.ETORO_7: self.config.oms_type=None
2026-05-12T12:35:12.941295534Z [INFO] eToro-MultiBot.SmaCrossoverStrategy_ETH.ETORO_7: self.config.external_order_claims=None
2026-05-12T12:35:12.941296324Z [INFO] eToro-MultiBot.SmaCrossoverStrategy_ETH.ETORO_7: self.config.manage_gtd_expiry=False
2026-05-12T12:35:12.941300497Z [INFO] eToro-MultiBot.SmaCrossoverStrategy_ETH.ETORO_7: Set ClientOrderIdGenerator client_order_id count to 0
2026-05-12T12:35:12.941301725Z [INFO] eToro-MultiBot.SmaCrossoverStrategy_ETH.ETORO_7: Set ClientOrderIdGenerator order_list_id count to 0
2026-05-12T12:35:12.941308101Z [INFO] eToro-MultiBot.SmaCrossoverStrategy_ETH.ETORO_7: Starte SMA Crossover auf ETH.ETORO
2026-05-12T12:35:12.941332228Z [DEBUG] eToro-MultiBot.MessageBus: Added Subscription(topic=data.quotes.ETORO.ETH, handler=<bound method Actor.handle_quote_tick of SmaCrossoverStrategy(SmaCrossoverStrategy_ETH.ETORO_7-007)>, priority=0)
2026-05-12T12:35:12.941360428Z [INFO] eToro-MultiBot.SmaCrossoverStrategy_ETH.ETORO_7: [CMD]--> SubscribeQuoteTicks(instrument_id=ETH.ETORO, client_id=None, venue=ETORO)
2026-05-12T12:35:12.941394915Z [DEBUG] eToro-MultiBot.MessageBus: Added Subscription(topic=data.bars.ETH.ETORO-1-MINUTE-MID-INTERNAL, handler=<bound method Actor.handle_bar of SmaCrossoverStrategy(SmaCrossoverStrategy_ETH.ETORO_7-007)>, priority=0)
2026-05-12T12:35:12.941419521Z [INFO] eToro-MultiBot.SmaCrossoverStrategy_ETH.ETORO_7: [CMD]--> SubscribeBars(bar_type=ETH.ETORO-1-MINUTE-MID-INTERNAL, client_id=None, venue=ETORO)
2026-05-12T12:35:12.941465892Z [INFO] eToro-MultiBot.SmaCrossoverStrategy_ETH.ETORO_7: RUNNING
2026-05-12T12:35:12.941484596Z [DEBUG] eToro-MultiBot.SmaCrossoverStrategy_ADA.ETORO_8: STARTING
2026-05-12T12:35:12.941488668Z [INFO] eToro-MultiBot.SmaCrossoverStrategy_ADA.ETORO_8: self.config.oms_type=None
2026-05-12T12:35:12.941489766Z [INFO] eToro-MultiBot.SmaCrossoverStrategy_ADA.ETORO_8: self.config.external_order_claims=None
2026-05-12T12:35:12.941490735Z [INFO] eToro-MultiBot.SmaCrossoverStrategy_ADA.ETORO_8: self.config.manage_gtd_expiry=False
2026-05-12T12:35:12.941494738Z [INFO] eToro-MultiBot.SmaCrossoverStrategy_ADA.ETORO_8: Set ClientOrderIdGenerator client_order_id count to 0
2026-05-12T12:35:12.941495944Z [INFO] eToro-MultiBot.SmaCrossoverStrategy_ADA.ETORO_8: Set ClientOrderIdGenerator order_list_id count to 0
2026-05-12T12:35:12.941502430Z [INFO] eToro-MultiBot.SmaCrossoverStrategy_ADA.ETORO_8: Starte SMA Crossover auf ADA.ETORO
2026-05-12T12:35:12.941529088Z [DEBUG] eToro-MultiBot.MessageBus: Added Subscription(topic=data.quotes.ETORO.ADA, handler=<bound method Actor.handle_quote_tick of SmaCrossoverStrategy(SmaCrossoverStrategy_ADA.ETORO_8-008)>, priority=0)
2026-05-12T12:35:12.941552641Z [INFO] eToro-MultiBot.SmaCrossoverStrategy_ADA.ETORO_8: [CMD]--> SubscribeQuoteTicks(instrument_id=ADA.ETORO, client_id=None, venue=ETORO)
2026-05-12T12:35:12.941581042Z [DEBUG] eToro-MultiBot.MessageBus: Added Subscription(topic=data.bars.ADA.ETORO-1-MINUTE-MID-INTERNAL, handler=<bound method Actor.handle_bar of SmaCrossoverStrategy(SmaCrossoverStrategy_ADA.ETORO_8-008)>, priority=0)
2026-05-12T12:35:12.941596922Z [INFO] eToro-MultiBot.SmaCrossoverStrategy_ADA.ETORO_8: [CMD]--> SubscribeBars(bar_type=ADA.ETORO-1-MINUTE-MID-INTERNAL, client_id=None, venue=ETORO)
2026-05-12T12:35:12.941637481Z [INFO] eToro-MultiBot.SmaCrossoverStrategy_ADA.ETORO_8: RUNNING
2026-05-12T12:35:12.941651760Z [DEBUG] eToro-MultiBot.SmaCrossoverStrategy_XRP.ETORO_9: STARTING
2026-05-12T12:35:12.941654659Z [INFO] eToro-MultiBot.SmaCrossoverStrategy_XRP.ETORO_9: self.config.oms_type=None
2026-05-12T12:35:12.941655648Z [INFO] eToro-MultiBot.SmaCrossoverStrategy_XRP.ETORO_9: self.config.external_order_claims=None
2026-05-12T12:35:12.941657231Z [INFO] eToro-MultiBot.SmaCrossoverStrategy_XRP.ETORO_9: self.config.manage_gtd_expiry=False
2026-05-12T12:35:12.941660819Z [INFO] eToro-MultiBot.SmaCrossoverStrategy_XRP.ETORO_9: Set ClientOrderIdGenerator client_order_id count to 0
2026-05-12T12:35:12.941661955Z [INFO] eToro-MultiBot.SmaCrossoverStrategy_XRP.ETORO_9: Set ClientOrderIdGenerator order_list_id count to 0
2026-05-12T12:35:12.941667767Z [INFO] eToro-MultiBot.SmaCrossoverStrategy_XRP.ETORO_9: Starte SMA Crossover auf XRP.ETORO
2026-05-12T12:35:12.941687280Z [DEBUG] eToro-MultiBot.MessageBus: Added Subscription(topic=data.quotes.ETORO.XRP, handler=<bound method Actor.handle_quote_tick of SmaCrossoverStrategy(SmaCrossoverStrategy_XRP.ETORO_9-009)>, priority=0)
2026-05-12T12:35:12.941708297Z [INFO] eToro-MultiBot.SmaCrossoverStrategy_XRP.ETORO_9: [CMD]--> SubscribeQuoteTicks(instrument_id=XRP.ETORO, client_id=None, venue=ETORO)
2026-05-12T12:35:12.941733455Z [DEBUG] eToro-MultiBot.MessageBus: Added Subscription(topic=data.bars.XRP.ETORO-1-MINUTE-MID-INTERNAL, handler=<bound method Actor.handle_bar of SmaCrossoverStrategy(SmaCrossoverStrategy_XRP.ETORO_9-009)>, priority=0)
2026-05-12T12:35:12.941749531Z [INFO] eToro-MultiBot.SmaCrossoverStrategy_XRP.ETORO_9: [CMD]--> SubscribeBars(bar_type=XRP.ETORO-1-MINUTE-MID-INTERNAL, client_id=None, venue=ETORO)
2026-05-12T12:35:12.941790062Z [INFO] eToro-MultiBot.SmaCrossoverStrategy_XRP.ETORO_9: RUNNING
2026-05-12T12:35:12.941804732Z [DEBUG] eToro-MultiBot.SmaCrossoverStrategy_AERO.ETORO_10: STARTING
2026-05-12T12:35:12.941807887Z [INFO] eToro-MultiBot.SmaCrossoverStrategy_AERO.ETORO_10: self.config.oms_type=None
2026-05-12T12:35:12.941808945Z [INFO] eToro-MultiBot.SmaCrossoverStrategy_AERO.ETORO_10: self.config.external_order_claims=None
2026-05-12T12:35:12.941809887Z [INFO] eToro-MultiBot.SmaCrossoverStrategy_AERO.ETORO_10: self.config.manage_gtd_expiry=False
2026-05-12T12:35:12.941813480Z [INFO] eToro-MultiBot.SmaCrossoverStrategy_AERO.ETORO_10: Set ClientOrderIdGenerator client_order_id count to 0
2026-05-12T12:35:12.941814684Z [INFO] eToro-MultiBot.SmaCrossoverStrategy_AERO.ETORO_10: Set ClientOrderIdGenerator order_list_id count to 0
2026-05-12T12:35:12.941820628Z [INFO] eToro-MultiBot.SmaCrossoverStrategy_AERO.ETORO_10: Starte SMA Crossover auf AERO.ETORO
2026-05-12T12:35:12.941838642Z [DEBUG] eToro-MultiBot.MessageBus: Added Subscription(topic=data.quotes.ETORO.AERO, handler=<bound method Actor.handle_quote_tick of SmaCrossoverStrategy(SmaCrossoverStrategy_AERO.ETORO_10-010)>, priority=0)
2026-05-12T12:35:12.941859035Z [INFO] eToro-MultiBot.SmaCrossoverStrategy_AERO.ETORO_10: [CMD]--> SubscribeQuoteTicks(instrument_id=AERO.ETORO, client_id=None, venue=ETORO)
2026-05-12T12:35:12.941889507Z [DEBUG] eToro-MultiBot.MessageBus: Added Subscription(topic=data.bars.AERO.ETORO-1-MINUTE-MID-INTERNAL, handler=<bound method Actor.handle_bar of SmaCrossoverStrategy(SmaCrossoverStrategy_AERO.ETORO_10-010)>, priority=0)
2026-05-12T12:35:12.941907393Z [INFO] eToro-MultiBot.SmaCrossoverStrategy_AERO.ETORO_10: [CMD]--> SubscribeBars(bar_type=AERO.ETORO-1-MINUTE-MID-INTERNAL, client_id=None, venue=ETORO)
2026-05-12T12:35:12.941948730Z [INFO] eToro-MultiBot.SmaCrossoverStrategy_AERO.ETORO_10: RUNNING
2026-05-12T12:35:12.941965372Z [DEBUG] eToro-MultiBot.SmaCrossoverStrategy_HYPE.ETORO_11: STARTING
2026-05-12T12:35:12.941968913Z [INFO] eToro-MultiBot.SmaCrossoverStrategy_HYPE.ETORO_11: self.config.oms_type=None
2026-05-12T12:35:12.941969922Z [INFO] eToro-MultiBot.SmaCrossoverStrategy_HYPE.ETORO_11: self.config.external_order_claims=None
2026-05-12T12:35:12.941970793Z [INFO] eToro-MultiBot.SmaCrossoverStrategy_HYPE.ETORO_11: self.config.manage_gtd_expiry=False
2026-05-12T12:35:12.941974440Z [INFO] eToro-MultiBot.SmaCrossoverStrategy_HYPE.ETORO_11: Set ClientOrderIdGenerator client_order_id count to 0
2026-05-12T12:35:12.941975529Z [INFO] eToro-MultiBot.SmaCrossoverStrategy_HYPE.ETORO_11: Set ClientOrderIdGenerator order_list_id count to 0
2026-05-12T12:35:12.941981497Z [INFO] eToro-MultiBot.SmaCrossoverStrategy_HYPE.ETORO_11: Starte SMA Crossover auf HYPE.ETORO
2026-05-12T12:35:12.942002087Z [DEBUG] eToro-MultiBot.MessageBus: Added Subscription(topic=data.quotes.ETORO.HYPE, handler=<bound method Actor.handle_quote_tick of SmaCrossoverStrategy(SmaCrossoverStrategy_HYPE.ETORO_11-011)>, priority=0)
2026-05-12T12:35:12.942022459Z [INFO] eToro-MultiBot.SmaCrossoverStrategy_HYPE.ETORO_11: [CMD]--> SubscribeQuoteTicks(instrument_id=HYPE.ETORO, client_id=None, venue=ETORO)
2026-05-12T12:35:12.942049904Z [DEBUG] eToro-MultiBot.MessageBus: Added Subscription(topic=data.bars.HYPE.ETORO-1-MINUTE-MID-INTERNAL, handler=<bound method Actor.handle_bar of SmaCrossoverStrategy(SmaCrossoverStrategy_HYPE.ETORO_11-011)>, priority=0)
2026-05-12T12:35:12.942069844Z [INFO] eToro-MultiBot.SmaCrossoverStrategy_HYPE.ETORO_11: [CMD]--> SubscribeBars(bar_type=HYPE.ETORO-1-MINUTE-MID-INTERNAL, client_id=None, venue=ETORO)
2026-05-12T12:35:12.942117519Z [INFO] eToro-MultiBot.SmaCrossoverStrategy_HYPE.ETORO_11: RUNNING
2026-05-12T12:35:12.942135379Z [DEBUG] eToro-MultiBot.SmaCrossoverStrategy_ONDO.ETORO_12: STARTING
2026-05-12T12:35:12.942139225Z [INFO] eToro-MultiBot.SmaCrossoverStrategy_ONDO.ETORO_12: self.config.oms_type=None
2026-05-12T12:35:12.942140467Z [INFO] eToro-MultiBot.SmaCrossoverStrategy_ONDO.ETORO_12: self.config.external_order_claims=None
2026-05-12T12:35:12.942141375Z [INFO] eToro-MultiBot.SmaCrossoverStrategy_ONDO.ETORO_12: self.config.manage_gtd_expiry=False
2026-05-12T12:35:12.942145481Z [INFO] eToro-MultiBot.SmaCrossoverStrategy_ONDO.ETORO_12: Set ClientOrderIdGenerator client_order_id count to 0
2026-05-12T12:35:12.942147709Z [INFO] eToro-MultiBot.SmaCrossoverStrategy_ONDO.ETORO_12: Set ClientOrderIdGenerator order_list_id count to 0
2026-05-12T12:35:12.942160264Z [INFO] eToro-MultiBot.SmaCrossoverStrategy_ONDO.ETORO_12: Starte SMA Crossover auf ONDO.ETORO
2026-05-12T12:35:12.942179542Z [DEBUG] eToro-MultiBot.MessageBus: Added Subscription(topic=data.quotes.ETORO.ONDO, handler=<bound method Actor.handle_quote_tick of SmaCrossoverStrategy(SmaCrossoverStrategy_ONDO.ETORO_12-012)>, priority=0)
2026-05-12T12:35:12.942202940Z [INFO] eToro-MultiBot.SmaCrossoverStrategy_ONDO.ETORO_12: [CMD]--> SubscribeQuoteTicks(instrument_id=ONDO.ETORO, client_id=None, venue=ETORO)
2026-05-12T12:35:12.942231252Z [DEBUG] eToro-MultiBot.MessageBus: Added Subscription(topic=data.bars.ONDO.ETORO-1-MINUTE-MID-INTERNAL, handler=<bound method Actor.handle_bar of SmaCrossoverStrategy(SmaCrossoverStrategy_ONDO.ETORO_12-012)>, priority=0)
2026-05-12T12:35:12.942250254Z [INFO] eToro-MultiBot.SmaCrossoverStrategy_ONDO.ETORO_12: [CMD]--> SubscribeBars(bar_type=ONDO.ETORO-1-MINUTE-MID-INTERNAL, client_id=None, venue=ETORO)
2026-05-12T12:35:12.942295763Z [INFO] eToro-MultiBot.SmaCrossoverStrategy_ONDO.ETORO_12: RUNNING
2026-05-12T12:35:12.942313783Z [DEBUG] eToro-MultiBot.SmaCrossoverStrategy_01211.HK.ETORO_13: STARTING
2026-05-12T12:35:12.942318072Z [INFO] eToro-MultiBot.SmaCrossoverStrategy_01211.HK.ETORO_13: self.config.oms_type=None
2026-05-12T12:35:12.942319301Z [INFO] eToro-MultiBot.SmaCrossoverStrategy_01211.HK.ETORO_13: self.config.external_order_claims=None
2026-05-12T12:35:12.942320198Z [INFO] eToro-MultiBot.SmaCrossoverStrategy_01211.HK.ETORO_13: self.config.manage_gtd_expiry=False
2026-05-12T12:35:12.942324766Z [INFO] eToro-MultiBot.SmaCrossoverStrategy_01211.HK.ETORO_13: Set ClientOrderIdGenerator client_order_id count to 0
2026-05-12T12:35:12.942325972Z [INFO] eToro-MultiBot.SmaCrossoverStrategy_01211.HK.ETORO_13: Set ClientOrderIdGenerator order_list_id count to 0
2026-05-12T12:35:12.942332678Z [INFO] eToro-MultiBot.SmaCrossoverStrategy_01211.HK.ETORO_13: Starte SMA Crossover auf 01211.HK.ETORO
2026-05-12T12:35:12.942351726Z [DEBUG] eToro-MultiBot.MessageBus: Added Subscription(topic=data.quotes.ETORO.01211.HK, handler=<bound method Actor.handle_quote_tick of SmaCrossoverStrategy(SmaCrossoverStrategy_01211.HK.ETORO_13-013)>, priority=0)
2026-05-12T12:35:12.942375688Z [INFO] eToro-MultiBot.SmaCrossoverStrategy_01211.HK.ETORO_13: [CMD]--> SubscribeQuoteTicks(instrument_id=01211.HK.ETORO, client_id=None, venue=ETORO)
2026-05-12T12:35:12.942412216Z [DEBUG] eToro-MultiBot.MessageBus: Added Subscription(topic=data.bars.01211.HK.ETORO-1-MINUTE-MID-INTERNAL, handler=<bound method Actor.handle_bar of SmaCrossoverStrategy(SmaCrossoverStrategy_01211.HK.ETORO_13-013)>, priority=0)
2026-05-12T12:35:12.942432924Z [INFO] eToro-MultiBot.SmaCrossoverStrategy_01211.HK.ETORO_13: [CMD]--> SubscribeBars(bar_type=01211.HK.ETORO-1-MINUTE-MID-INTERNAL, client_id=None, venue=ETORO)
2026-05-12T12:35:12.942479623Z [INFO] eToro-MultiBot.SmaCrossoverStrategy_01211.HK.ETORO_13: RUNNING
2026-05-12T12:35:12.942496438Z [DEBUG] eToro-MultiBot.SmaCrossoverStrategy_XPEV.ETORO_14: STARTING
2026-05-12T12:35:12.942500404Z [INFO] eToro-MultiBot.SmaCrossoverStrategy_XPEV.ETORO_14: self.config.oms_type=None
2026-05-12T12:35:12.942501495Z [INFO] eToro-MultiBot.SmaCrossoverStrategy_XPEV.ETORO_14: self.config.external_order_claims=None
2026-05-12T12:35:12.942502648Z [INFO] eToro-MultiBot.SmaCrossoverStrategy_XPEV.ETORO_14: self.config.manage_gtd_expiry=False
2026-05-12T12:35:12.942506783Z [INFO] eToro-MultiBot.SmaCrossoverStrategy_XPEV.ETORO_14: Set ClientOrderIdGenerator client_order_id count to 0
2026-05-12T12:35:12.942509638Z [INFO] eToro-MultiBot.SmaCrossoverStrategy_XPEV.ETORO_14: Set ClientOrderIdGenerator order_list_id count to 0
2026-05-12T12:35:12.942516582Z [INFO] eToro-MultiBot.SmaCrossoverStrategy_XPEV.ETORO_14: Starte SMA Crossover auf XPEV.ETORO
2026-05-12T12:35:12.942542196Z [DEBUG] eToro-MultiBot.MessageBus: Added Subscription(topic=data.quotes.ETORO.XPEV, handler=<bound method Actor.handle_quote_tick of SmaCrossoverStrategy(SmaCrossoverStrategy_XPEV.ETORO_14-014)>, priority=0)
2026-05-12T12:35:12.942563672Z [INFO] eToro-MultiBot.SmaCrossoverStrategy_XPEV.ETORO_14: [CMD]--> SubscribeQuoteTicks(instrument_id=XPEV.ETORO, client_id=None, venue=ETORO)
2026-05-12T12:35:12.942588847Z [DEBUG] eToro-MultiBot.MessageBus: Added Subscription(topic=data.bars.XPEV.ETORO-1-MINUTE-MID-INTERNAL, handler=<bound method Actor.handle_bar of SmaCrossoverStrategy(SmaCrossoverStrategy_XPEV.ETORO_14-014)>, priority=0)
2026-05-12T12:35:12.942602575Z [INFO] eToro-MultiBot.SmaCrossoverStrategy_XPEV.ETORO_14: [CMD]--> SubscribeBars(bar_type=XPEV.ETORO-1-MINUTE-MID-INTERNAL, client_id=None, venue=ETORO)
2026-05-12T12:35:12.942640983Z [INFO] eToro-MultiBot.SmaCrossoverStrategy_XPEV.ETORO_14: RUNNING
2026-05-12T12:35:12.942654269Z [DEBUG] eToro-MultiBot.SmaCrossoverStrategy_PLTR.ETORO_15: STARTING
2026-05-12T12:35:12.942657313Z [INFO] eToro-MultiBot.SmaCrossoverStrategy_PLTR.ETORO_15: self.config.oms_type=None
2026-05-12T12:35:12.942658352Z [INFO] eToro-MultiBot.SmaCrossoverStrategy_PLTR.ETORO_15: self.config.external_order_claims=None
2026-05-12T12:35:12.942659253Z [INFO] eToro-MultiBot.SmaCrossoverStrategy_PLTR.ETORO_15: self.config.manage_gtd_expiry=False
2026-05-12T12:35:12.942662998Z [INFO] eToro-MultiBot.SmaCrossoverStrategy_PLTR.ETORO_15: Set ClientOrderIdGenerator client_order_id count to 0
2026-05-12T12:35:12.942664086Z [INFO] eToro-MultiBot.SmaCrossoverStrategy_PLTR.ETORO_15: Set ClientOrderIdGenerator order_list_id count to 0
2026-05-12T12:35:12.942670197Z [INFO] eToro-MultiBot.SmaCrossoverStrategy_PLTR.ETORO_15: Starte SMA Crossover auf PLTR.ETORO
2026-05-12T12:35:12.942686294Z [DEBUG] eToro-MultiBot.MessageBus: Added Subscription(topic=data.quotes.ETORO.PLTR, handler=<bound method Actor.handle_quote_tick of SmaCrossoverStrategy(SmaCrossoverStrategy_PLTR.ETORO_15-015)>, priority=0)
2026-05-12T12:35:12.942703361Z [INFO] eToro-MultiBot.SmaCrossoverStrategy_PLTR.ETORO_15: [CMD]--> SubscribeQuoteTicks(instrument_id=PLTR.ETORO, client_id=None, venue=ETORO)
2026-05-12T12:35:12.942727585Z [DEBUG] eToro-MultiBot.MessageBus: Added Subscription(topic=data.bars.PLTR.ETORO-1-MINUTE-MID-INTERNAL, handler=<bound method Actor.handle_bar of SmaCrossoverStrategy(SmaCrossoverStrategy_PLTR.ETORO_15-015)>, priority=0)
2026-05-12T12:35:12.942741935Z [INFO] eToro-MultiBot.SmaCrossoverStrategy_PLTR.ETORO_15: [CMD]--> SubscribeBars(bar_type=PLTR.ETORO-1-MINUTE-MID-INTERNAL, client_id=None, venue=ETORO)
2026-05-12T12:35:12.942785662Z [INFO] eToro-MultiBot.SmaCrossoverStrategy_PLTR.ETORO_15: RUNNING
2026-05-12T12:35:12.942799328Z [DEBUG] eToro-MultiBot.SmaCrossoverStrategy_RHM.DE.ETORO_16: STARTING
2026-05-12T12:35:12.942802349Z [INFO] eToro-MultiBot.SmaCrossoverStrategy_RHM.DE.ETORO_16: self.config.oms_type=None
2026-05-12T12:35:12.942803320Z [INFO] eToro-MultiBot.SmaCrossoverStrategy_RHM.DE.ETORO_16: self.config.external_order_claims=None
2026-05-12T12:35:12.942804329Z [INFO] eToro-MultiBot.SmaCrossoverStrategy_RHM.DE.ETORO_16: self.config.manage_gtd_expiry=False
2026-05-12T12:35:12.942807644Z [INFO] eToro-MultiBot.SmaCrossoverStrategy_RHM.DE.ETORO_16: Set ClientOrderIdGenerator client_order_id count to 0
2026-05-12T12:35:12.942808613Z [INFO] eToro-MultiBot.SmaCrossoverStrategy_RHM.DE.ETORO_16: Set ClientOrderIdGenerator order_list_id count to 0
2026-05-12T12:35:12.942813681Z [INFO] eToro-MultiBot.SmaCrossoverStrategy_RHM.DE.ETORO_16: Starte SMA Crossover auf RHM.DE.ETORO
2026-05-12T12:35:12.942829903Z [DEBUG] eToro-MultiBot.MessageBus: Added Subscription(topic=data.quotes.ETORO.RHM.DE, handler=<bound method Actor.handle_quote_tick of SmaCrossoverStrategy(SmaCrossoverStrategy_RHM.DE.ETORO_16-016)>, priority=0)
2026-05-12T12:35:12.942853091Z [INFO] eToro-MultiBot.SmaCrossoverStrategy_RHM.DE.ETORO_16: [CMD]--> SubscribeQuoteTicks(instrument_id=RHM.DE.ETORO, client_id=None, venue=ETORO)
2026-05-12T12:35:12.942882237Z [DEBUG] eToro-MultiBot.MessageBus: Added Subscription(topic=data.bars.RHM.DE.ETORO-1-MINUTE-MID-INTERNAL, handler=<bound method Actor.handle_bar of SmaCrossoverStrategy(SmaCrossoverStrategy_RHM.DE.ETORO_16-016)>, priority=0)
2026-05-12T12:35:12.942897226Z [INFO] eToro-MultiBot.SmaCrossoverStrategy_RHM.DE.ETORO_16: [CMD]--> SubscribeBars(bar_type=RHM.DE.ETORO-1-MINUTE-MID-INTERNAL, client_id=None, venue=ETORO)
2026-05-12T12:35:12.942936316Z [INFO] eToro-MultiBot.SmaCrossoverStrategy_RHM.DE.ETORO_16: RUNNING
2026-05-12T12:35:12.942950556Z [DEBUG] eToro-MultiBot.SmaCrossoverStrategy_NVS.ETORO_17: STARTING
2026-05-12T12:35:12.942953792Z [INFO] eToro-MultiBot.SmaCrossoverStrategy_NVS.ETORO_17: self.config.oms_type=None
2026-05-12T12:35:12.942954863Z [INFO] eToro-MultiBot.SmaCrossoverStrategy_NVS.ETORO_17: self.config.external_order_claims=None
2026-05-12T12:35:12.942955820Z [INFO] eToro-MultiBot.SmaCrossoverStrategy_NVS.ETORO_17: self.config.manage_gtd_expiry=False
2026-05-12T12:35:12.942959237Z [INFO] eToro-MultiBot.SmaCrossoverStrategy_NVS.ETORO_17: Set ClientOrderIdGenerator client_order_id count to 0
2026-05-12T12:35:12.942960222Z [INFO] eToro-MultiBot.SmaCrossoverStrategy_NVS.ETORO_17: Set ClientOrderIdGenerator order_list_id count to 0
2026-05-12T12:35:12.942965058Z [INFO] eToro-MultiBot.SmaCrossoverStrategy_NVS.ETORO_17: Starte SMA Crossover auf NVS.ETORO
2026-05-12T12:35:12.942981550Z [DEBUG] eToro-MultiBot.MessageBus: Added Subscription(topic=data.quotes.ETORO.NVS, handler=<bound method Actor.handle_quote_tick of SmaCrossoverStrategy(SmaCrossoverStrategy_NVS.ETORO_17-017)>, priority=0)
2026-05-12T12:35:12.943002370Z [INFO] eToro-MultiBot.SmaCrossoverStrategy_NVS.ETORO_17: [CMD]--> SubscribeQuoteTicks(instrument_id=NVS.ETORO, client_id=None, venue=ETORO)
2026-05-12T12:35:12.943029910Z [DEBUG] eToro-MultiBot.MessageBus: Added Subscription(topic=data.bars.NVS.ETORO-1-MINUTE-MID-INTERNAL, handler=<bound method Actor.handle_bar of SmaCrossoverStrategy(SmaCrossoverStrategy_NVS.ETORO_17-017)>, priority=0)
2026-05-12T12:35:12.943044534Z [INFO] eToro-MultiBot.SmaCrossoverStrategy_NVS.ETORO_17: [CMD]--> SubscribeBars(bar_type=NVS.ETORO-1-MINUTE-MID-INTERNAL, client_id=None, venue=ETORO)
2026-05-12T12:35:12.943082586Z [INFO] eToro-MultiBot.SmaCrossoverStrategy_NVS.ETORO_17: RUNNING
2026-05-12T12:35:12.943095610Z [DEBUG] eToro-MultiBot.SmaCrossoverStrategy_ROP.ZU.ETORO_18: STARTING
2026-05-12T12:35:12.943098722Z [INFO] eToro-MultiBot.SmaCrossoverStrategy_ROP.ZU.ETORO_18: self.config.oms_type=None
2026-05-12T12:35:12.943099858Z [INFO] eToro-MultiBot.SmaCrossoverStrategy_ROP.ZU.ETORO_18: self.config.external_order_claims=None
2026-05-12T12:35:12.943100833Z [INFO] eToro-MultiBot.SmaCrossoverStrategy_ROP.ZU.ETORO_18: self.config.manage_gtd_expiry=False
2026-05-12T12:35:12.943104425Z [INFO] eToro-MultiBot.SmaCrossoverStrategy_ROP.ZU.ETORO_18: Set ClientOrderIdGenerator client_order_id count to 0
2026-05-12T12:35:12.943105608Z [INFO] eToro-MultiBot.SmaCrossoverStrategy_ROP.ZU.ETORO_18: Set ClientOrderIdGenerator order_list_id count to 0
2026-05-12T12:35:12.943110475Z [INFO] eToro-MultiBot.SmaCrossoverStrategy_ROP.ZU.ETORO_18: Starte SMA Crossover auf ROP.ZU.ETORO
2026-05-12T12:35:12.943127482Z [DEBUG] eToro-MultiBot.MessageBus: Added Subscription(topic=data.quotes.ETORO.ROP.ZU, handler=<bound method Actor.handle_quote_tick of SmaCrossoverStrategy(SmaCrossoverStrategy_ROP.ZU.ETORO_18-018)>, priority=0)
2026-05-12T12:35:12.943269336Z [INFO] eToro-MultiBot.SmaCrossoverStrategy_ROP.ZU.ETORO_18: [CMD]--> SubscribeQuoteTicks(instrument_id=ROP.ZU.ETORO, client_id=None, venue=ETORO)
2026-05-12T12:35:12.943299692Z [DEBUG] eToro-MultiBot.MessageBus: Added Subscription(topic=data.bars.ROP.ZU.ETORO-1-MINUTE-MID-INTERNAL, handler=<bound method Actor.handle_bar of SmaCrossoverStrategy(SmaCrossoverStrategy_ROP.ZU.ETORO_18-018)>, priority=0)
2026-05-12T12:35:12.943319745Z [INFO] eToro-MultiBot.SmaCrossoverStrategy_ROP.ZU.ETORO_18: [CMD]--> SubscribeBars(bar_type=ROP.ZU.ETORO-1-MINUTE-MID-INTERNAL, client_id=None, venue=ETORO)
2026-05-12T12:35:12.943366956Z [INFO] eToro-MultiBot.SmaCrossoverStrategy_ROP.ZU.ETORO_18: RUNNING
2026-05-12T12:35:12.943384758Z [DEBUG] eToro-MultiBot.SmaCrossoverStrategy_DOGE.ETORO_19: STARTING
2026-05-12T12:35:12.943388552Z [INFO] eToro-MultiBot.SmaCrossoverStrategy_DOGE.ETORO_19: self.config.oms_type=None
2026-05-12T12:35:12.943389741Z [INFO] eToro-MultiBot.SmaCrossoverStrategy_DOGE.ETORO_19: self.config.external_order_claims=None
2026-05-12T12:35:12.943390629Z [INFO] eToro-MultiBot.SmaCrossoverStrategy_DOGE.ETORO_19: self.config.manage_gtd_expiry=False
2026-05-12T12:35:12.943394769Z [INFO] eToro-MultiBot.SmaCrossoverStrategy_DOGE.ETORO_19: Set ClientOrderIdGenerator client_order_id count to 0
2026-05-12T12:35:12.943395764Z [INFO] eToro-MultiBot.SmaCrossoverStrategy_DOGE.ETORO_19: Set ClientOrderIdGenerator order_list_id count to 0
2026-05-12T12:35:12.943402300Z [INFO] eToro-MultiBot.SmaCrossoverStrategy_DOGE.ETORO_19: Starte SMA Crossover auf DOGE.ETORO
2026-05-12T12:35:12.943425887Z [DEBUG] eToro-MultiBot.MessageBus: Added Subscription(topic=data.quotes.ETORO.DOGE, handler=<bound method Actor.handle_quote_tick of SmaCrossoverStrategy(SmaCrossoverStrategy_DOGE.ETORO_19-019)>, priority=0)
2026-05-12T12:35:12.943455914Z [INFO] eToro-MultiBot.SmaCrossoverStrategy_DOGE.ETORO_19: [CMD]--> SubscribeQuoteTicks(instrument_id=DOGE.ETORO, client_id=None, venue=ETORO)
2026-05-12T12:35:12.943487577Z [DEBUG] eToro-MultiBot.MessageBus: Added Subscription(topic=data.bars.DOGE.ETORO-1-MINUTE-MID-INTERNAL, handler=<bound method Actor.handle_bar of SmaCrossoverStrategy(SmaCrossoverStrategy_DOGE.ETORO_19-019)>, priority=0)
2026-05-12T12:35:12.943507776Z [INFO] eToro-MultiBot.SmaCrossoverStrategy_DOGE.ETORO_19: [CMD]--> SubscribeBars(bar_type=DOGE.ETORO-1-MINUTE-MID-INTERNAL, client_id=None, venue=ETORO)
2026-05-12T12:35:12.943563106Z [INFO] eToro-MultiBot.SmaCrossoverStrategy_DOGE.ETORO_19: RUNNING
2026-05-12T12:35:12.943581317Z [DEBUG] eToro-MultiBot.SmaCrossoverStrategy_SHIBxM.ETORO_20: STARTING
2026-05-12T12:35:12.943585468Z [INFO] eToro-MultiBot.SmaCrossoverStrategy_SHIBxM.ETORO_20: self.config.oms_type=None
2026-05-12T12:35:12.943586594Z [INFO] eToro-MultiBot.SmaCrossoverStrategy_SHIBxM.ETORO_20: self.config.external_order_claims=None
2026-05-12T12:35:12.943587522Z [INFO] eToro-MultiBot.SmaCrossoverStrategy_SHIBxM.ETORO_20: self.config.manage_gtd_expiry=False
2026-05-12T12:35:12.943591638Z [INFO] eToro-MultiBot.SmaCrossoverStrategy_SHIBxM.ETORO_20: Set ClientOrderIdGenerator client_order_id count to 0
2026-05-12T12:35:12.943592686Z [INFO] eToro-MultiBot.SmaCrossoverStrategy_SHIBxM.ETORO_20: Set ClientOrderIdGenerator order_list_id count to 0
2026-05-12T12:35:12.943599466Z [INFO] eToro-MultiBot.SmaCrossoverStrategy_SHIBxM.ETORO_20: Starte SMA Crossover auf SHIBxM.ETORO
2026-05-12T12:35:12.943624737Z [DEBUG] eToro-MultiBot.MessageBus: Added Subscription(topic=data.quotes.ETORO.SHIBxM, handler=<bound method Actor.handle_quote_tick of SmaCrossoverStrategy(SmaCrossoverStrategy_SHIBxM.ETORO_20-020)>, priority=0)
2026-05-12T12:35:12.943649394Z [INFO] eToro-MultiBot.SmaCrossoverStrategy_SHIBxM.ETORO_20: [CMD]--> SubscribeQuoteTicks(instrument_id=SHIBxM.ETORO, client_id=None, venue=ETORO)
2026-05-12T12:35:12.943671891Z [DEBUG] eToro-MultiBot.MessageBus: Added Subscription(topic=data.bars.SHIBxM.ETORO-1-MINUTE-MID-INTERNAL, handler=<bound method Actor.handle_bar of SmaCrossoverStrategy(SmaCrossoverStrategy_SHIBxM.ETORO_20-020)>, priority=0)
2026-05-12T12:35:12.943689350Z [INFO] eToro-MultiBot.SmaCrossoverStrategy_SHIBxM.ETORO_20: [CMD]--> SubscribeBars(bar_type=SHIBxM.ETORO-1-MINUTE-MID-INTERNAL, client_id=None, venue=ETORO)
2026-05-12T12:35:12.943735184Z [INFO] eToro-MultiBot.SmaCrossoverStrategy_SHIBxM.ETORO_20: RUNNING
2026-05-12T12:35:12.943752331Z [DEBUG] eToro-MultiBot.SmaCrossoverStrategy_PEPExM.ETORO_21: STARTING
2026-05-12T12:35:12.943755814Z [INFO] eToro-MultiBot.SmaCrossoverStrategy_PEPExM.ETORO_21: self.config.oms_type=None
2026-05-12T12:35:12.943756901Z [INFO] eToro-MultiBot.SmaCrossoverStrategy_PEPExM.ETORO_21: self.config.external_order_claims=None
2026-05-12T12:35:12.943757790Z [INFO] eToro-MultiBot.SmaCrossoverStrategy_PEPExM.ETORO_21: self.config.manage_gtd_expiry=False
2026-05-12T12:35:12.943761715Z [INFO] eToro-MultiBot.SmaCrossoverStrategy_PEPExM.ETORO_21: Set ClientOrderIdGenerator client_order_id count to 0
2026-05-12T12:35:12.943762713Z [INFO] eToro-MultiBot.SmaCrossoverStrategy_PEPExM.ETORO_21: Set ClientOrderIdGenerator order_list_id count to 0
2026-05-12T12:35:12.943773740Z [INFO] eToro-MultiBot.SmaCrossoverStrategy_PEPExM.ETORO_21: Starte SMA Crossover auf PEPExM.ETORO
2026-05-12T12:35:12.943793208Z [DEBUG] eToro-MultiBot.MessageBus: Added Subscription(topic=data.quotes.ETORO.PEPExM, handler=<bound method Actor.handle_quote_tick of SmaCrossoverStrategy(SmaCrossoverStrategy_PEPExM.ETORO_21-021)>, priority=0)
2026-05-12T12:35:12.943813098Z [INFO] eToro-MultiBot.SmaCrossoverStrategy_PEPExM.ETORO_21: [CMD]--> SubscribeQuoteTicks(instrument_id=PEPExM.ETORO, client_id=None, venue=ETORO)
2026-05-12T12:35:12.943840865Z [DEBUG] eToro-MultiBot.MessageBus: Added Subscription(topic=data.bars.PEPExM.ETORO-1-MINUTE-MID-INTERNAL, handler=<bound method Actor.handle_bar of SmaCrossoverStrategy(SmaCrossoverStrategy_PEPExM.ETORO_21-021)>, priority=0)
2026-05-12T12:35:12.943857740Z [INFO] eToro-MultiBot.SmaCrossoverStrategy_PEPExM.ETORO_21: [CMD]--> SubscribeBars(bar_type=PEPExM.ETORO-1-MINUTE-MID-INTERNAL, client_id=None, venue=ETORO)
2026-05-12T12:35:12.943898549Z [INFO] eToro-MultiBot.SmaCrossoverStrategy_PEPExM.ETORO_21: RUNNING
2026-05-12T12:35:12.943914925Z [DEBUG] eToro-MultiBot.SmaCrossoverStrategy_SOL.ETORO_22: STARTING
2026-05-12T12:35:12.943918318Z [INFO] eToro-MultiBot.SmaCrossoverStrategy_SOL.ETORO_22: self.config.oms_type=None
2026-05-12T12:35:12.943920410Z [INFO] eToro-MultiBot.SmaCrossoverStrategy_SOL.ETORO_22: self.config.external_order_claims=None
2026-05-12T12:35:12.943921263Z [INFO] eToro-MultiBot.SmaCrossoverStrategy_SOL.ETORO_22: self.config.manage_gtd_expiry=False
2026-05-12T12:35:12.943925241Z [INFO] eToro-MultiBot.SmaCrossoverStrategy_SOL.ETORO_22: Set ClientOrderIdGenerator client_order_id count to 0
2026-05-12T12:35:12.943926254Z [INFO] eToro-MultiBot.SmaCrossoverStrategy_SOL.ETORO_22: Set ClientOrderIdGenerator order_list_id count to 0
2026-05-12T12:35:12.943932616Z [INFO] eToro-MultiBot.SmaCrossoverStrategy_SOL.ETORO_22: Starte SMA Crossover auf SOL.ETORO
2026-05-12T12:35:12.943951216Z [DEBUG] eToro-MultiBot.MessageBus: Added Subscription(topic=data.quotes.ETORO.SOL, handler=<bound method Actor.handle_quote_tick of SmaCrossoverStrategy(SmaCrossoverStrategy_SOL.ETORO_22-022)>, priority=0)
2026-05-12T12:35:12.943979506Z [INFO] eToro-MultiBot.SmaCrossoverStrategy_SOL.ETORO_22: [CMD]--> SubscribeQuoteTicks(instrument_id=SOL.ETORO, client_id=None, venue=ETORO)
2026-05-12T12:35:12.944009379Z [DEBUG] eToro-MultiBot.MessageBus: Added Subscription(topic=data.bars.SOL.ETORO-1-MINUTE-MID-INTERNAL, handler=<bound method Actor.handle_bar of SmaCrossoverStrategy(SmaCrossoverStrategy_SOL.ETORO_22-022)>, priority=0)
2026-05-12T12:35:12.944028103Z [INFO] eToro-MultiBot.SmaCrossoverStrategy_SOL.ETORO_22: [CMD]--> SubscribeBars(bar_type=SOL.ETORO-1-MINUTE-MID-INTERNAL, client_id=None, venue=ETORO)
2026-05-12T12:35:12.944073635Z [INFO] eToro-MultiBot.SmaCrossoverStrategy_SOL.ETORO_22: RUNNING
2026-05-12T12:35:12.944089072Z [DEBUG] eToro-MultiBot.SmaCrossoverStrategy_AVAX.ETORO_23: STARTING
2026-05-12T12:35:12.944092533Z [INFO] eToro-MultiBot.SmaCrossoverStrategy_AVAX.ETORO_23: self.config.oms_type=None
2026-05-12T12:35:12.944093480Z [INFO] eToro-MultiBot.SmaCrossoverStrategy_AVAX.ETORO_23: self.config.external_order_claims=None
2026-05-12T12:35:12.944094328Z [INFO] eToro-MultiBot.SmaCrossoverStrategy_AVAX.ETORO_23: self.config.manage_gtd_expiry=False
2026-05-12T12:35:12.944098296Z [INFO] eToro-MultiBot.SmaCrossoverStrategy_AVAX.ETORO_23: Set ClientOrderIdGenerator client_order_id count to 0
2026-05-12T12:35:12.944099310Z [INFO] eToro-MultiBot.SmaCrossoverStrategy_AVAX.ETORO_23: Set ClientOrderIdGenerator order_list_id count to 0
2026-05-12T12:35:12.944105544Z [INFO] eToro-MultiBot.SmaCrossoverStrategy_AVAX.ETORO_23: Starte SMA Crossover auf AVAX.ETORO
2026-05-12T12:35:12.944123542Z [DEBUG] eToro-MultiBot.MessageBus: Added Subscription(topic=data.quotes.ETORO.AVAX, handler=<bound method Actor.handle_quote_tick of SmaCrossoverStrategy(SmaCrossoverStrategy_AVAX.ETORO_23-023)>, priority=0)
2026-05-12T12:35:12.944145885Z [INFO] eToro-MultiBot.SmaCrossoverStrategy_AVAX.ETORO_23: [CMD]--> SubscribeQuoteTicks(instrument_id=AVAX.ETORO, client_id=None, venue=ETORO)
2026-05-12T12:35:12.944173227Z [DEBUG] eToro-MultiBot.MessageBus: Added Subscription(topic=data.bars.AVAX.ETORO-1-MINUTE-MID-INTERNAL, handler=<bound method Actor.handle_bar of SmaCrossoverStrategy(SmaCrossoverStrategy_AVAX.ETORO_23-023)>, priority=0)
2026-05-12T12:35:12.944191258Z [INFO] eToro-MultiBot.SmaCrossoverStrategy_AVAX.ETORO_23: [CMD]--> SubscribeBars(bar_type=AVAX.ETORO-1-MINUTE-MID-INTERNAL, client_id=None, venue=ETORO)
2026-05-12T12:35:12.944234291Z [INFO] eToro-MultiBot.SmaCrossoverStrategy_AVAX.ETORO_23: RUNNING
2026-05-12T12:35:12.944249832Z [DEBUG] eToro-MultiBot.SmaCrossoverStrategy_NATGAS.ETORO_24: STARTING
2026-05-12T12:35:12.944253276Z [INFO] eToro-MultiBot.SmaCrossoverStrategy_NATGAS.ETORO_24: self.config.oms_type=None
2026-05-12T12:35:12.944254189Z [INFO] eToro-MultiBot.SmaCrossoverStrategy_NATGAS.ETORO_24: self.config.external_order_claims=None
2026-05-12T12:35:12.944254966Z [INFO] eToro-MultiBot.SmaCrossoverStrategy_NATGAS.ETORO_24: self.config.manage_gtd_expiry=False
2026-05-12T12:35:12.944258585Z [INFO] eToro-MultiBot.SmaCrossoverStrategy_NATGAS.ETORO_24: Set ClientOrderIdGenerator client_order_id count to 0
2026-05-12T12:35:12.944259407Z [INFO] eToro-MultiBot.SmaCrossoverStrategy_NATGAS.ETORO_24: Set ClientOrderIdGenerator order_list_id count to 0
2026-05-12T12:35:12.944266344Z [INFO] eToro-MultiBot.SmaCrossoverStrategy_NATGAS.ETORO_24: Starte SMA Crossover auf NATGAS.ETORO
2026-05-12T12:35:12.944284403Z [DEBUG] eToro-MultiBot.MessageBus: Added Subscription(topic=data.quotes.ETORO.NATGAS, handler=<bound method Actor.handle_quote_tick of SmaCrossoverStrategy(SmaCrossoverStrategy_NATGAS.ETORO_24-024)>, priority=0)
2026-05-12T12:35:12.944305835Z [INFO] eToro-MultiBot.SmaCrossoverStrategy_NATGAS.ETORO_24: [CMD]--> SubscribeQuoteTicks(instrument_id=NATGAS.ETORO, client_id=None, venue=ETORO)
2026-05-12T12:35:12.944342566Z [DEBUG] eToro-MultiBot.MessageBus: Added Subscription(topic=data.bars.NATGAS.ETORO-1-MINUTE-MID-INTERNAL, handler=<bound method Actor.handle_bar of SmaCrossoverStrategy(SmaCrossoverStrategy_NATGAS.ETORO_24-024)>, priority=0)
2026-05-12T12:35:12.944362918Z [INFO] eToro-MultiBot.SmaCrossoverStrategy_NATGAS.ETORO_24: [CMD]--> SubscribeBars(bar_type=NATGAS.ETORO-1-MINUTE-MID-INTERNAL, client_id=None, venue=ETORO)
2026-05-12T12:35:12.944410843Z [INFO] eToro-MultiBot.SmaCrossoverStrategy_NATGAS.ETORO_24: RUNNING
2026-05-12T12:35:12.944428632Z [DEBUG] eToro-MultiBot.SmaCrossoverStrategy_PALL.ETORO_25: STARTING
2026-05-12T12:35:12.944432609Z [INFO] eToro-MultiBot.SmaCrossoverStrategy_PALL.ETORO_25: self.config.oms_type=None
2026-05-12T12:35:12.944433780Z [INFO] eToro-MultiBot.SmaCrossoverStrategy_PALL.ETORO_25: self.config.external_order_claims=None
2026-05-12T12:35:12.944434815Z [INFO] eToro-MultiBot.SmaCrossoverStrategy_PALL.ETORO_25: self.config.manage_gtd_expiry=False
2026-05-12T12:35:12.944439038Z [INFO] eToro-MultiBot.SmaCrossoverStrategy_PALL.ETORO_25: Set ClientOrderIdGenerator client_order_id count to 0
2026-05-12T12:35:12.944440073Z [INFO] eToro-MultiBot.SmaCrossoverStrategy_PALL.ETORO_25: Set ClientOrderIdGenerator order_list_id count to 0
2026-05-12T12:35:12.944446508Z [INFO] eToro-MultiBot.SmaCrossoverStrategy_PALL.ETORO_25: Starte SMA Crossover auf PALL.ETORO
2026-05-12T12:35:12.944465146Z [DEBUG] eToro-MultiBot.MessageBus: Added Subscription(topic=data.quotes.ETORO.PALL, handler=<bound method Actor.handle_quote_tick of SmaCrossoverStrategy(SmaCrossoverStrategy_PALL.ETORO_25-025)>, priority=0)
2026-05-12T12:35:12.944494110Z [INFO] eToro-MultiBot.SmaCrossoverStrategy_PALL.ETORO_25: [CMD]--> SubscribeQuoteTicks(instrument_id=PALL.ETORO, client_id=None, venue=ETORO)
2026-05-12T12:35:12.944531655Z [DEBUG] eToro-MultiBot.MessageBus: Added Subscription(topic=data.bars.PALL.ETORO-1-MINUTE-MID-INTERNAL, handler=<bound method Actor.handle_bar of SmaCrossoverStrategy(SmaCrossoverStrategy_PALL.ETORO_25-025)>, priority=0)
2026-05-12T12:35:12.944552504Z [INFO] eToro-MultiBot.SmaCrossoverStrategy_PALL.ETORO_25: [CMD]--> SubscribeBars(bar_type=PALL.ETORO-1-MINUTE-MID-INTERNAL, client_id=None, venue=ETORO)
2026-05-12T12:35:12.944600607Z [INFO] eToro-MultiBot.SmaCrossoverStrategy_PALL.ETORO_25: RUNNING
2026-05-12T12:35:12.944618814Z [DEBUG] eToro-MultiBot.SmaCrossoverStrategy_USDTRY.ETORO_26: STARTING
2026-05-12T12:35:12.944622785Z [INFO] eToro-MultiBot.SmaCrossoverStrategy_USDTRY.ETORO_26: self.config.oms_type=None
2026-05-12T12:35:12.944624045Z [INFO] eToro-MultiBot.SmaCrossoverStrategy_USDTRY.ETORO_26: self.config.external_order_claims=None
2026-05-12T12:35:12.944625163Z [INFO] eToro-MultiBot.SmaCrossoverStrategy_USDTRY.ETORO_26: self.config.manage_gtd_expiry=False
2026-05-12T12:35:12.944629427Z [INFO] eToro-MultiBot.SmaCrossoverStrategy_USDTRY.ETORO_26: Set ClientOrderIdGenerator client_order_id count to 0
2026-05-12T12:35:12.944630726Z [INFO] eToro-MultiBot.SmaCrossoverStrategy_USDTRY.ETORO_26: Set ClientOrderIdGenerator order_list_id count to 0
2026-05-12T12:35:12.944637752Z [INFO] eToro-MultiBot.SmaCrossoverStrategy_USDTRY.ETORO_26: Starte SMA Crossover auf USDTRY.ETORO
2026-05-12T12:35:12.944656753Z [DEBUG] eToro-MultiBot.MessageBus: Added Subscription(topic=data.quotes.ETORO.USDTRY, handler=<bound method Actor.handle_quote_tick of SmaCrossoverStrategy(SmaCrossoverStrategy_USDTRY.ETORO_26-026)>, priority=0)
2026-05-12T12:35:12.944677182Z [INFO] eToro-MultiBot.SmaCrossoverStrategy_USDTRY.ETORO_26: [CMD]--> SubscribeQuoteTicks(instrument_id=USDTRY.ETORO, client_id=None, venue=ETORO)
2026-05-12T12:35:12.944708711Z [DEBUG] eToro-MultiBot.MessageBus: Added Subscription(topic=data.bars.USDTRY.ETORO-1-MINUTE-MID-INTERNAL, handler=<bound method Actor.handle_bar of SmaCrossoverStrategy(SmaCrossoverStrategy_USDTRY.ETORO_26-026)>, priority=0)
2026-05-12T12:35:12.944727601Z [INFO] eToro-MultiBot.SmaCrossoverStrategy_USDTRY.ETORO_26: [CMD]--> SubscribeBars(bar_type=USDTRY.ETORO-1-MINUTE-MID-INTERNAL, client_id=None, venue=ETORO)
2026-05-12T12:35:12.944774728Z [INFO] eToro-MultiBot.SmaCrossoverStrategy_USDTRY.ETORO_26: RUNNING
2026-05-12T12:35:12.944792701Z [DEBUG] eToro-MultiBot.SmaCrossoverStrategy_USDZAR.ETORO_27: STARTING
2026-05-12T12:35:12.944796551Z [INFO] eToro-MultiBot.SmaCrossoverStrategy_USDZAR.ETORO_27: self.config.oms_type=None
2026-05-12T12:35:12.944797812Z [INFO] eToro-MultiBot.SmaCrossoverStrategy_USDZAR.ETORO_27: self.config.external_order_claims=None
2026-05-12T12:35:12.944798747Z [INFO] eToro-MultiBot.SmaCrossoverStrategy_USDZAR.ETORO_27: self.config.manage_gtd_expiry=False
2026-05-12T12:35:12.944804543Z [INFO] eToro-MultiBot.SmaCrossoverStrategy_USDZAR.ETORO_27: Set ClientOrderIdGenerator client_order_id count to 0
2026-05-12T12:35:12.944805617Z [INFO] eToro-MultiBot.SmaCrossoverStrategy_USDZAR.ETORO_27: Set ClientOrderIdGenerator order_list_id count to 0
2026-05-12T12:35:12.944811957Z [INFO] eToro-MultiBot.SmaCrossoverStrategy_USDZAR.ETORO_27: Starte SMA Crossover auf USDZAR.ETORO
2026-05-12T12:35:12.944831548Z [DEBUG] eToro-MultiBot.MessageBus: Added Subscription(topic=data.quotes.ETORO.USDZAR, handler=<bound method Actor.handle_quote_tick of SmaCrossoverStrategy(SmaCrossoverStrategy_USDZAR.ETORO_27-027)>, priority=0)
2026-05-12T12:35:12.944854797Z [INFO] eToro-MultiBot.SmaCrossoverStrategy_USDZAR.ETORO_27: [CMD]--> SubscribeQuoteTicks(instrument_id=USDZAR.ETORO, client_id=None, venue=ETORO)
2026-05-12T12:35:12.944884073Z [DEBUG] eToro-MultiBot.MessageBus: Added Subscription(topic=data.bars.USDZAR.ETORO-1-MINUTE-MID-INTERNAL, handler=<bound method Actor.handle_bar of SmaCrossoverStrategy(SmaCrossoverStrategy_USDZAR.ETORO_27-027)>, priority=0)
2026-05-12T12:35:12.944903858Z [INFO] eToro-MultiBot.SmaCrossoverStrategy_USDZAR.ETORO_27: [CMD]--> SubscribeBars(bar_type=USDZAR.ETORO-1-MINUTE-MID-INTERNAL, client_id=None, venue=ETORO)
2026-05-12T12:35:12.944951503Z [INFO] eToro-MultiBot.SmaCrossoverStrategy_USDZAR.ETORO_27: RUNNING
2026-05-12T12:35:12.944981172Z [INFO] eToro-MultiBot.eToro-MultiBot: RUNNING
2026-05-12T12:35:12.945000757Z [INFO] eToro-MultiBot.TradingNode: RUNNING
2026-05-12T12:35:12.945182392Z [DEBUG] eToro-MultiBot.DataClient-ETORO_WS_CLIENT: Creating async task 'subscribe: quote_ticks TSLA.ETORO'
2026-05-12T12:35:12.945332778Z [DEBUG] eToro-MultiBot.DataEngine: Created aggregator for key=(BarType(TSLA.ETORO-1-MINUTE-MID-INTERNAL), None)
2026-05-12T12:35:12.945387020Z [DEBUG] eToro-MultiBot.MessageBus: Added Subscription(topic=data.quotes.ETORO.TSLA, handler=<bound method BarAggregator.handle_quote_tick of <nautilus_trader.data.aggregation.TimeBarAggregator object at 0x7fd693fafb80>>, priority=5)
2026-05-12T12:35:12.945639098Z [DEBUG] eToro-MultiBot.nautilus_common::live::timer: Creating timer 'TIME_BAR_TSLA.ETORO-1-MINUTE-MID-INTERNAL'
2026-05-12T12:35:12.946302789Z [DEBUG] eToro-MultiBot.TimeBarAggregator: [start_timer] fire_immediately=False, _skip_first_non_full_bar=False, now=2026-05-12 12:35:12.945390761+00:00, start_time=2026-05-12 12:35:00+00:00, first_close_ns=1970-01-01 00:00:00+00:00, next_close_ns=2026-05-12 12:36:00+00:00
2026-05-12T12:35:12.946363814Z [DEBUG] eToro-MultiBot.DataClient-ETORO_WS_CLIENT: Creating async task 'subscribe: quote_ticks HUT.ETORO'
2026-05-12T12:35:12.946441903Z [DEBUG] eToro-MultiBot.DataEngine: Created aggregator for key=(BarType(HUT.ETORO-1-MINUTE-MID-INTERNAL), None)
2026-05-12T12:35:12.946473292Z [DEBUG] eToro-MultiBot.MessageBus: Added Subscription(topic=data.quotes.ETORO.HUT, handler=<bound method BarAggregator.handle_quote_tick of <nautilus_trader.data.aggregation.TimeBarAggregator object at 0x7fd693fafdc0>>, priority=5)
2026-05-12T12:35:12.946610436Z [DEBUG] eToro-MultiBot.nautilus_common::live::timer: Creating timer 'TIME_BAR_HUT.ETORO-1-MINUTE-MID-INTERNAL'
2026-05-12T12:35:12.946667668Z [DEBUG] eToro-MultiBot.TimeBarAggregator: [start_timer] fire_immediately=False, _skip_first_non_full_bar=False, now=2026-05-12 12:35:12.946476337+00:00, start_time=2026-05-12 12:35:00+00:00, first_close_ns=1970-01-01 00:00:00+00:00, next_close_ns=2026-05-12 12:36:00+00:00
2026-05-12T12:35:12.946713683Z [DEBUG] eToro-MultiBot.DataClient-ETORO_WS_CLIENT: Creating async task 'subscribe: quote_ticks RIOT.ETORO'
2026-05-12T12:35:12.946782240Z [DEBUG] eToro-MultiBot.DataEngine: Created aggregator for key=(BarType(RIOT.ETORO-1-MINUTE-MID-INTERNAL), None)
2026-05-12T12:35:12.946809776Z [DEBUG] eToro-MultiBot.MessageBus: Added Subscription(topic=data.quotes.ETORO.RIOT, handler=<bound method BarAggregator.handle_quote_tick of <nautilus_trader.data.aggregation.TimeBarAggregator object at 0x7fd691c7c040>>, priority=5)
2026-05-12T12:35:12.946928565Z [DEBUG] eToro-MultiBot.nautilus_common::live::timer: Creating timer 'TIME_BAR_RIOT.ETORO-1-MINUTE-MID-INTERNAL'
2026-05-12T12:35:12.946997512Z [DEBUG] eToro-MultiBot.TimeBarAggregator: [start_timer] fire_immediately=False, _skip_first_non_full_bar=False, now=2026-05-12 12:35:12.946812869+00:00, start_time=2026-05-12 12:35:00+00:00, first_close_ns=1970-01-01 00:00:00+00:00, next_close_ns=2026-05-12 12:36:00+00:00
2026-05-12T12:35:12.947038606Z [DEBUG] eToro-MultiBot.DataClient-ETORO_WS_CLIENT: Creating async task 'subscribe: quote_ticks NVDA.ETORO'
2026-05-12T12:35:12.947099817Z [DEBUG] eToro-MultiBot.DataEngine: Created aggregator for key=(BarType(NVDA.ETORO-1-MINUTE-MID-INTERNAL), None)
2026-05-12T12:35:12.947125692Z [DEBUG] eToro-MultiBot.MessageBus: Added Subscription(topic=data.quotes.ETORO.NVDA, handler=<bound method BarAggregator.handle_quote_tick of <nautilus_trader.data.aggregation.TimeBarAggregator object at 0x7fd691c7c280>>, priority=5)
2026-05-12T12:35:12.947280538Z [DEBUG] eToro-MultiBot.nautilus_common::live::timer: Creating timer 'TIME_BAR_NVDA.ETORO-1-MINUTE-MID-INTERNAL'
2026-05-12T12:35:12.947359490Z [DEBUG] eToro-MultiBot.TimeBarAggregator: [start_timer] fire_immediately=False, _skip_first_non_full_bar=False, now=2026-05-12 12:35:12.947128632+00:00, start_time=2026-05-12 12:35:00+00:00, first_close_ns=1970-01-01 00:00:00+00:00, next_close_ns=2026-05-12 12:36:00+00:00
2026-05-12T12:35:12.947422338Z [DEBUG] eToro-MultiBot.DataClient-ETORO_WS_CLIENT: Creating async task 'subscribe: quote_ticks FSLY.ETORO'
2026-05-12T12:35:12.947513299Z [DEBUG] eToro-MultiBot.DataEngine: Created aggregator for key=(BarType(FSLY.ETORO-1-MINUTE-MID-INTERNAL), None)
2026-05-12T12:35:12.947588218Z [DEBUG] eToro-MultiBot.MessageBus: Added Subscription(topic=data.quotes.ETORO.FSLY, handler=<bound method BarAggregator.handle_quote_tick of <nautilus_trader.data.aggregation.TimeBarAggregator object at 0x7fd691c7c4c0>>, priority=5)
2026-05-12T12:35:12.947746430Z [DEBUG] eToro-MultiBot.nautilus_common::live::timer: Creating timer 'TIME_BAR_FSLY.ETORO-1-MINUTE-MID-INTERNAL'
2026-05-12T12:35:12.947846471Z [DEBUG] eToro-MultiBot.TimeBarAggregator: [start_timer] fire_immediately=False, _skip_first_non_full_bar=False, now=2026-05-12 12:35:12.947592548+00:00, start_time=2026-05-12 12:35:00+00:00, first_close_ns=1970-01-01 00:00:00+00:00, next_close_ns=2026-05-12 12:36:00+00:00
2026-05-12T12:35:12.947919489Z [DEBUG] eToro-MultiBot.DataClient-ETORO_WS_CLIENT: Creating async task 'subscribe: quote_ticks INSM.ETORO'
2026-05-12T12:35:12.948015380Z [DEBUG] eToro-MultiBot.DataEngine: Created aggregator for key=(BarType(INSM.ETORO-1-MINUTE-MID-INTERNAL), None)
2026-05-12T12:35:12.948065037Z [DEBUG] eToro-MultiBot.MessageBus: Added Subscription(topic=data.quotes.ETORO.INSM, handler=<bound method BarAggregator.handle_quote_tick of <nautilus_trader.data.aggregation.TimeBarAggregator object at 0x7fd691c7c700>>, priority=5)
2026-05-12T12:35:12.948232669Z [DEBUG] eToro-MultiBot.nautilus_common::live::timer: Creating timer 'TIME_BAR_INSM.ETORO-1-MINUTE-MID-INTERNAL'
2026-05-12T12:35:12.948320447Z [DEBUG] eToro-MultiBot.TimeBarAggregator: [start_timer] fire_immediately=False, _skip_first_non_full_bar=False, now=2026-05-12 12:35:12.948068773+00:00, start_time=2026-05-12 12:35:00+00:00, first_close_ns=1970-01-01 00:00:00+00:00, next_close_ns=2026-05-12 12:36:00+00:00
2026-05-12T12:35:12.948408476Z [DEBUG] eToro-MultiBot.DataClient-ETORO_WS_CLIENT: Creating async task 'subscribe: quote_ticks BTC.ETORO'
2026-05-12T12:35:12.948504578Z [DEBUG] eToro-MultiBot.DataEngine: Created aggregator for key=(BarType(BTC.ETORO-1-MINUTE-MID-INTERNAL), None)
2026-05-12T12:35:12.948555509Z [DEBUG] eToro-MultiBot.MessageBus: Added Subscription(topic=data.quotes.ETORO.BTC, handler=<bound method BarAggregator.handle_quote_tick of <nautilus_trader.data.aggregation.TimeBarAggregator object at 0x7fd691c7c940>>, priority=5)
2026-05-12T12:35:12.948705919Z [DEBUG] eToro-MultiBot.nautilus_common::live::timer: Creating timer 'TIME_BAR_BTC.ETORO-1-MINUTE-MID-INTERNAL'
2026-05-12T12:35:12.948782862Z [DEBUG] eToro-MultiBot.TimeBarAggregator: [start_timer] fire_immediately=False, _skip_first_non_full_bar=False, now=2026-05-12 12:35:12.948559886+00:00, start_time=2026-05-12 12:35:00+00:00, first_close_ns=1970-01-01 00:00:00+00:00, next_close_ns=2026-05-12 12:36:00+00:00
2026-05-12T12:35:12.948869307Z [DEBUG] eToro-MultiBot.DataClient-ETORO_WS_CLIENT: Creating async task 'subscribe: quote_ticks ETH.ETORO'
2026-05-12T12:35:12.948962942Z [DEBUG] eToro-MultiBot.DataEngine: Created aggregator for key=(BarType(ETH.ETORO-1-MINUTE-MID-INTERNAL), None)
2026-05-12T12:35:12.949001852Z [DEBUG] eToro-MultiBot.MessageBus: Added Subscription(topic=data.quotes.ETORO.ETH, handler=<bound method BarAggregator.handle_quote_tick of <nautilus_trader.data.aggregation.TimeBarAggregator object at 0x7fd691c7cb80>>, priority=5)
2026-05-12T12:35:12.949141941Z [DEBUG] eToro-MultiBot.nautilus_common::live::timer: Creating timer 'TIME_BAR_ETH.ETORO-1-MINUTE-MID-INTERNAL'
2026-05-12T12:35:12.949218254Z [DEBUG] eToro-MultiBot.TimeBarAggregator: [start_timer] fire_immediately=False, _skip_first_non_full_bar=False, now=2026-05-12 12:35:12.949005811+00:00, start_time=2026-05-12 12:35:00+00:00, first_close_ns=1970-01-01 00:00:00+00:00, next_close_ns=2026-05-12 12:36:00+00:00
2026-05-12T12:35:12.949295411Z [DEBUG] eToro-MultiBot.DataClient-ETORO_WS_CLIENT: Creating async task 'subscribe: quote_ticks ADA.ETORO'
2026-05-12T12:35:12.949379963Z [DEBUG] eToro-MultiBot.DataEngine: Created aggregator for key=(BarType(ADA.ETORO-1-MINUTE-MID-INTERNAL), None)
2026-05-12T12:35:12.949422157Z [DEBUG] eToro-MultiBot.MessageBus: Added Subscription(topic=data.quotes.ETORO.ADA, handler=<bound method BarAggregator.handle_quote_tick of <nautilus_trader.data.aggregation.TimeBarAggregator object at 0x7fd691c7cdc0>>, priority=5)
2026-05-12T12:35:12.949568565Z [DEBUG] eToro-MultiBot.nautilus_common::live::timer: Creating timer 'TIME_BAR_ADA.ETORO-1-MINUTE-MID-INTERNAL'
2026-05-12T12:35:12.949615875Z [DEBUG] eToro-MultiBot.TimeBarAggregator: [start_timer] fire_immediately=False, _skip_first_non_full_bar=False, now=2026-05-12 12:35:12.949426237+00:00, start_time=2026-05-12 12:35:00+00:00, first_close_ns=1970-01-01 00:00:00+00:00, next_close_ns=2026-05-12 12:36:00+00:00
2026-05-12T12:35:12.949667763Z [DEBUG] eToro-MultiBot.DataClient-ETORO_WS_CLIENT: Creating async task 'subscribe: quote_ticks XRP.ETORO'
2026-05-12T12:35:12.949737304Z [DEBUG] eToro-MultiBot.DataEngine: Created aggregator for key=(BarType(XRP.ETORO-1-MINUTE-MID-INTERNAL), None)
2026-05-12T12:35:12.949768755Z [DEBUG] eToro-MultiBot.MessageBus: Added Subscription(topic=data.quotes.ETORO.XRP, handler=<bound method BarAggregator.handle_quote_tick of <nautilus_trader.data.aggregation.TimeBarAggregator object at 0x7fd691c7d000>>, priority=5)
2026-05-12T12:35:12.949871476Z [DEBUG] eToro-MultiBot.nautilus_common::live::timer: Creating timer 'TIME_BAR_XRP.ETORO-1-MINUTE-MID-INTERNAL'
2026-05-12T12:35:12.949916741Z [DEBUG] eToro-MultiBot.TimeBarAggregator: [start_timer] fire_immediately=False, _skip_first_non_full_bar=False, now=2026-05-12 12:35:12.949771746+00:00, start_time=2026-05-12 12:35:00+00:00, first_close_ns=1970-01-01 00:00:00+00:00, next_close_ns=2026-05-12 12:36:00+00:00
2026-05-12T12:35:12.949968061Z [DEBUG] eToro-MultiBot.DataClient-ETORO_WS_CLIENT: Creating async task 'subscribe: quote_ticks AERO.ETORO'
2026-05-12T12:35:12.950036022Z [DEBUG] eToro-MultiBot.DataEngine: Created aggregator for key=(BarType(AERO.ETORO-1-MINUTE-MID-INTERNAL), None)
2026-05-12T12:35:12.950069379Z [DEBUG] eToro-MultiBot.MessageBus: Added Subscription(topic=data.quotes.ETORO.AERO, handler=<bound method BarAggregator.handle_quote_tick of <nautilus_trader.data.aggregation.TimeBarAggregator object at 0x7fd691c7d240>>, priority=5)
2026-05-12T12:35:12.950174820Z [DEBUG] eToro-MultiBot.nautilus_common::live::timer: Creating timer 'TIME_BAR_AERO.ETORO-1-MINUTE-MID-INTERNAL'
2026-05-12T12:35:12.950219347Z [DEBUG] eToro-MultiBot.TimeBarAggregator: [start_timer] fire_immediately=False, _skip_first_non_full_bar=False, now=2026-05-12 12:35:12.950072741+00:00, start_time=2026-05-12 12:35:00+00:00, first_close_ns=1970-01-01 00:00:00+00:00, next_close_ns=2026-05-12 12:36:00+00:00
2026-05-12T12:35:12.950272239Z [DEBUG] eToro-MultiBot.DataClient-ETORO_WS_CLIENT: Creating async task 'subscribe: quote_ticks HYPE.ETORO'
2026-05-12T12:35:12.950333790Z [DEBUG] eToro-MultiBot.DataEngine: Created aggregator for key=(BarType(HYPE.ETORO-1-MINUTE-MID-INTERNAL), None)
2026-05-12T12:35:12.950364503Z [DEBUG] eToro-MultiBot.MessageBus: Added Subscription(topic=data.quotes.ETORO.HYPE, handler=<bound method BarAggregator.handle_quote_tick of <nautilus_trader.data.aggregation.TimeBarAggregator object at 0x7fd691c7d480>>, priority=5)
2026-05-12T12:35:12.950466281Z [DEBUG] eToro-MultiBot.nautilus_common::live::timer: Creating timer 'TIME_BAR_HYPE.ETORO-1-MINUTE-MID-INTERNAL'
2026-05-12T12:35:12.950512094Z [DEBUG] eToro-MultiBot.TimeBarAggregator: [start_timer] fire_immediately=False, _skip_first_non_full_bar=False, now=2026-05-12 12:35:12.950367298+00:00, start_time=2026-05-12 12:35:00+00:00, first_close_ns=1970-01-01 00:00:00+00:00, next_close_ns=2026-05-12 12:36:00+00:00
2026-05-12T12:35:12.950574136Z [DEBUG] eToro-MultiBot.DataClient-ETORO_WS_CLIENT: Creating async task 'subscribe: quote_ticks ONDO.ETORO'
2026-05-12T12:35:12.950637551Z [DEBUG] eToro-MultiBot.DataEngine: Created aggregator for key=(BarType(ONDO.ETORO-1-MINUTE-MID-INTERNAL), None)
2026-05-12T12:35:12.950677600Z [DEBUG] eToro-MultiBot.MessageBus: Added Subscription(topic=data.quotes.ETORO.ONDO, handler=<bound method BarAggregator.handle_quote_tick of <nautilus_trader.data.aggregation.TimeBarAggregator object at 0x7fd691c7d6c0>>, priority=5)
2026-05-12T12:35:12.950840368Z [DEBUG] eToro-MultiBot.nautilus_common::live::timer: Creating timer 'TIME_BAR_ONDO.ETORO-1-MINUTE-MID-INTERNAL'
2026-05-12T12:35:12.950914897Z [DEBUG] eToro-MultiBot.TimeBarAggregator: [start_timer] fire_immediately=False, _skip_first_non_full_bar=False, now=2026-05-12 12:35:12.950681959+00:00, start_time=2026-05-12 12:35:00+00:00, first_close_ns=1970-01-01 00:00:00+00:00, next_close_ns=2026-05-12 12:36:00+00:00
2026-05-12T12:35:12.951005913Z [DEBUG] eToro-MultiBot.DataClient-ETORO_WS_CLIENT: Creating async task 'subscribe: quote_ticks 01211.HK.ETORO'
2026-05-12T12:35:12.951115442Z [DEBUG] eToro-MultiBot.DataEngine: Created aggregator for key=(BarType(01211.HK.ETORO-1-MINUTE-MID-INTERNAL), None)
2026-05-12T12:35:12.951170824Z [DEBUG] eToro-MultiBot.MessageBus: Added Subscription(topic=data.quotes.ETORO.01211.HK, handler=<bound method BarAggregator.handle_quote_tick of <nautilus_trader.data.aggregation.TimeBarAggregator object at 0x7fd691c7d900>>, priority=5)
2026-05-12T12:35:12.951359406Z [DEBUG] eToro-MultiBot.nautilus_common::live::timer: Creating timer 'TIME_BAR_01211.HK.ETORO-1-MINUTE-MID-INTERNAL'
2026-05-12T12:35:12.951452254Z [DEBUG] eToro-MultiBot.TimeBarAggregator: [start_timer] fire_immediately=False, _skip_first_non_full_bar=False, now=2026-05-12 12:35:12.951180181+00:00, start_time=2026-05-12 12:35:00+00:00, first_close_ns=1970-01-01 00:00:00+00:00, next_close_ns=2026-05-12 12:36:00+00:00
2026-05-12T12:35:12.951579510Z [DEBUG] eToro-MultiBot.DataClient-ETORO_WS_CLIENT: Creating async task 'subscribe: quote_ticks XPEV.ETORO'
2026-05-12T12:35:12.951705967Z [DEBUG] eToro-MultiBot.DataEngine: Created aggregator for key=(BarType(XPEV.ETORO-1-MINUTE-MID-INTERNAL), None)
2026-05-12T12:35:12.951749790Z [DEBUG] eToro-MultiBot.MessageBus: Added Subscription(topic=data.quotes.ETORO.XPEV, handler=<bound method BarAggregator.handle_quote_tick of <nautilus_trader.data.aggregation.TimeBarAggregator object at 0x7fd691c7db40>>, priority=5)
2026-05-12T12:35:12.951881713Z [DEBUG] eToro-MultiBot.nautilus_common::live::timer: Creating timer 'TIME_BAR_XPEV.ETORO-1-MINUTE-MID-INTERNAL'
2026-05-12T12:35:12.951933121Z [DEBUG] eToro-MultiBot.TimeBarAggregator: [start_timer] fire_immediately=False, _skip_first_non_full_bar=False, now=2026-05-12 12:35:12.951753409+00:00, start_time=2026-05-12 12:35:00+00:00, first_close_ns=1970-01-01 00:00:00+00:00, next_close_ns=2026-05-12 12:36:00+00:00
2026-05-12T12:35:12.951996414Z [DEBUG] eToro-MultiBot.DataClient-ETORO_WS_CLIENT: Creating async task 'subscribe: quote_ticks PLTR.ETORO'
2026-05-12T12:35:12.952061539Z [DEBUG] eToro-MultiBot.DataEngine: Created aggregator for key=(BarType(PLTR.ETORO-1-MINUTE-MID-INTERNAL), None)
2026-05-12T12:35:12.952093083Z [DEBUG] eToro-MultiBot.MessageBus: Added Subscription(topic=data.quotes.ETORO.PLTR, handler=<bound method BarAggregator.handle_quote_tick of <nautilus_trader.data.aggregation.TimeBarAggregator object at 0x7fd691c7dd80>>, priority=5)
2026-05-12T12:35:12.952204206Z [DEBUG] eToro-MultiBot.nautilus_common::live::timer: Creating timer 'TIME_BAR_PLTR.ETORO-1-MINUTE-MID-INTERNAL'
2026-05-12T12:35:12.952255593Z [DEBUG] eToro-MultiBot.TimeBarAggregator: [start_timer] fire_immediately=False, _skip_first_non_full_bar=False, now=2026-05-12 12:35:12.952096089+00:00, start_time=2026-05-12 12:35:00+00:00, first_close_ns=1970-01-01 00:00:00+00:00, next_close_ns=2026-05-12 12:36:00+00:00
2026-05-12T12:35:12.952315795Z [DEBUG] eToro-MultiBot.DataClient-ETORO_WS_CLIENT: Creating async task 'subscribe: quote_ticks RHM.DE.ETORO'
2026-05-12T12:35:12.952381608Z [DEBUG] eToro-MultiBot.DataEngine: Created aggregator for key=(BarType(RHM.DE.ETORO-1-MINUTE-MID-INTERNAL), None)
2026-05-12T12:35:12.952413555Z [DEBUG] eToro-MultiBot.MessageBus: Added Subscription(topic=data.quotes.ETORO.RHM.DE, handler=<bound method BarAggregator.handle_quote_tick of <nautilus_trader.data.aggregation.TimeBarAggregator object at 0x7fd691c7dfc0>>, priority=5)
2026-05-12T12:35:12.952537509Z [DEBUG] eToro-MultiBot.nautilus_common::live::timer: Creating timer 'TIME_BAR_RHM.DE.ETORO-1-MINUTE-MID-INTERNAL'
2026-05-12T12:35:12.952587934Z [DEBUG] eToro-MultiBot.TimeBarAggregator: [start_timer] fire_immediately=False, _skip_first_non_full_bar=False, now=2026-05-12 12:35:12.952417732+00:00, start_time=2026-05-12 12:35:00+00:00, first_close_ns=1970-01-01 00:00:00+00:00, next_close_ns=2026-05-12 12:36:00+00:00
2026-05-12T12:35:12.952655074Z [DEBUG] eToro-MultiBot.DataClient-ETORO_WS_CLIENT: Creating async task 'subscribe: quote_ticks NVS.ETORO'
2026-05-12T12:35:12.952721549Z [DEBUG] eToro-MultiBot.DataEngine: Created aggregator for key=(BarType(NVS.ETORO-1-MINUTE-MID-INTERNAL), None)
2026-05-12T12:35:12.952754059Z [DEBUG] eToro-MultiBot.MessageBus: Added Subscription(topic=data.quotes.ETORO.NVS, handler=<bound method BarAggregator.handle_quote_tick of <nautilus_trader.data.aggregation.TimeBarAggregator object at 0x7fd691c7e200>>, priority=5)
2026-05-12T12:35:12.952864172Z [DEBUG] eToro-MultiBot.nautilus_common::live::timer: Creating timer 'TIME_BAR_NVS.ETORO-1-MINUTE-MID-INTERNAL'
2026-05-12T12:35:12.952908838Z [DEBUG] eToro-MultiBot.TimeBarAggregator: [start_timer] fire_immediately=False, _skip_first_non_full_bar=False, now=2026-05-12 12:35:12.952757930+00:00, start_time=2026-05-12 12:35:00+00:00, first_close_ns=1970-01-01 00:00:00+00:00, next_close_ns=2026-05-12 12:36:00+00:00
2026-05-12T12:35:12.952973719Z [DEBUG] eToro-MultiBot.DataClient-ETORO_WS_CLIENT: Creating async task 'subscribe: quote_ticks ROP.ZU.ETORO'
2026-05-12T12:35:12.953041081Z [DEBUG] eToro-MultiBot.DataEngine: Created aggregator for key=(BarType(ROP.ZU.ETORO-1-MINUTE-MID-INTERNAL), None)
2026-05-12T12:35:12.953076225Z [DEBUG] eToro-MultiBot.MessageBus: Added Subscription(topic=data.quotes.ETORO.ROP.ZU, handler=<bound method BarAggregator.handle_quote_tick of <nautilus_trader.data.aggregation.TimeBarAggregator object at 0x7fd691c7e440>>, priority=5)
2026-05-12T12:35:12.953185340Z [DEBUG] eToro-MultiBot.nautilus_common::live::timer: Creating timer 'TIME_BAR_ROP.ZU.ETORO-1-MINUTE-MID-INTERNAL'
2026-05-12T12:35:12.953230863Z [DEBUG] eToro-MultiBot.TimeBarAggregator: [start_timer] fire_immediately=False, _skip_first_non_full_bar=False, now=2026-05-12 12:35:12.953079326+00:00, start_time=2026-05-12 12:35:00+00:00, first_close_ns=1970-01-01 00:00:00+00:00, next_close_ns=2026-05-12 12:36:00+00:00
2026-05-12T12:35:12.953297813Z [DEBUG] eToro-MultiBot.DataClient-ETORO_WS_CLIENT: Creating async task 'subscribe: quote_ticks DOGE.ETORO'
2026-05-12T12:35:12.953361852Z [DEBUG] eToro-MultiBot.DataEngine: Created aggregator for key=(BarType(DOGE.ETORO-1-MINUTE-MID-INTERNAL), None)
2026-05-12T12:35:12.953394541Z [DEBUG] eToro-MultiBot.MessageBus: Added Subscription(topic=data.quotes.ETORO.DOGE, handler=<bound method BarAggregator.handle_quote_tick of <nautilus_trader.data.aggregation.TimeBarAggregator object at 0x7fd691c7e680>>, priority=5)
2026-05-12T12:35:12.953507060Z [DEBUG] eToro-MultiBot.nautilus_common::live::timer: Creating timer 'TIME_BAR_DOGE.ETORO-1-MINUTE-MID-INTERNAL'
2026-05-12T12:35:12.953573091Z [DEBUG] eToro-MultiBot.TimeBarAggregator: [start_timer] fire_immediately=False, _skip_first_non_full_bar=False, now=2026-05-12 12:35:12.953397473+00:00, start_time=2026-05-12 12:35:00+00:00, first_close_ns=1970-01-01 00:00:00+00:00, next_close_ns=2026-05-12 12:36:00+00:00
2026-05-12T12:35:12.953668901Z [DEBUG] eToro-MultiBot.DataClient-ETORO_WS_CLIENT: Creating async task 'subscribe: quote_ticks SHIBxM.ETORO'
2026-05-12T12:35:12.953852018Z [DEBUG] eToro-MultiBot.DataEngine: Created aggregator for key=(BarType(SHIBxM.ETORO-1-MINUTE-MID-INTERNAL), None)
2026-05-12T12:35:12.953891414Z [DEBUG] eToro-MultiBot.MessageBus: Added Subscription(topic=data.quotes.ETORO.SHIBxM, handler=<bound method BarAggregator.handle_quote_tick of <nautilus_trader.data.aggregation.TimeBarAggregator object at 0x7fd691c7e8c0>>, priority=5)
2026-05-12T12:35:12.954033238Z [DEBUG] eToro-MultiBot.nautilus_common::live::timer: Creating timer 'TIME_BAR_SHIBxM.ETORO-1-MINUTE-MID-INTERNAL'
2026-05-12T12:35:12.954088160Z [DEBUG] eToro-MultiBot.TimeBarAggregator: [start_timer] fire_immediately=False, _skip_first_non_full_bar=False, now=2026-05-12 12:35:12.953894917+00:00, start_time=2026-05-12 12:35:00+00:00, first_close_ns=1970-01-01 00:00:00+00:00, next_close_ns=2026-05-12 12:36:00+00:00
2026-05-12T12:35:12.954170288Z [DEBUG] eToro-MultiBot.DataClient-ETORO_WS_CLIENT: Creating async task 'subscribe: quote_ticks PEPExM.ETORO'
2026-05-12T12:35:12.954263851Z [DEBUG] eToro-MultiBot.DataEngine: Created aggregator for key=(BarType(PEPExM.ETORO-1-MINUTE-MID-INTERNAL), None)
2026-05-12T12:35:12.954312561Z [DEBUG] eToro-MultiBot.MessageBus: Added Subscription(topic=data.quotes.ETORO.PEPExM, handler=<bound method BarAggregator.handle_quote_tick of <nautilus_trader.data.aggregation.TimeBarAggregator object at 0x7fd691c7eb00>>, priority=5)
2026-05-12T12:35:12.954488050Z [DEBUG] eToro-MultiBot.nautilus_common::live::timer: Creating timer 'TIME_BAR_PEPExM.ETORO-1-MINUTE-MID-INTERNAL'
2026-05-12T12:35:12.954615737Z [DEBUG] eToro-MultiBot.TimeBarAggregator: [start_timer] fire_immediately=False, _skip_first_non_full_bar=False, now=2026-05-12 12:35:12.954316404+00:00, start_time=2026-05-12 12:35:00+00:00, first_close_ns=1970-01-01 00:00:00+00:00, next_close_ns=2026-05-12 12:36:00+00:00
2026-05-12T12:35:12.954762407Z [DEBUG] eToro-MultiBot.DataClient-ETORO_WS_CLIENT: Creating async task 'subscribe: quote_ticks SOL.ETORO'
2026-05-12T12:35:12.954846570Z [DEBUG] eToro-MultiBot.DataEngine: Created aggregator for key=(BarType(SOL.ETORO-1-MINUTE-MID-INTERNAL), None)
2026-05-12T12:35:12.954894826Z [DEBUG] eToro-MultiBot.MessageBus: Added Subscription(topic=data.quotes.ETORO.SOL, handler=<bound method BarAggregator.handle_quote_tick of <nautilus_trader.data.aggregation.TimeBarAggregator object at 0x7fd691c7ed40>>, priority=5)
2026-05-12T12:35:12.955034861Z [DEBUG] eToro-MultiBot.nautilus_common::live::timer: Creating timer 'TIME_BAR_SOL.ETORO-1-MINUTE-MID-INTERNAL'
2026-05-12T12:35:12.955117626Z [DEBUG] eToro-MultiBot.TimeBarAggregator: [start_timer] fire_immediately=False, _skip_first_non_full_bar=False, now=2026-05-12 12:35:12.954897142+00:00, start_time=2026-05-12 12:35:00+00:00, first_close_ns=1970-01-01 00:00:00+00:00, next_close_ns=2026-05-12 12:36:00+00:00
2026-05-12T12:35:12.955234599Z [DEBUG] eToro-MultiBot.DataClient-ETORO_WS_CLIENT: Creating async task 'subscribe: quote_ticks AVAX.ETORO'
2026-05-12T12:35:12.955316231Z [DEBUG] eToro-MultiBot.DataEngine: Created aggregator for key=(BarType(AVAX.ETORO-1-MINUTE-MID-INTERNAL), None)
2026-05-12T12:35:12.955358259Z [DEBUG] eToro-MultiBot.MessageBus: Added Subscription(topic=data.quotes.ETORO.AVAX, handler=<bound method BarAggregator.handle_quote_tick of <nautilus_trader.data.aggregation.TimeBarAggregator object at 0x7fd691c7ef80>>, priority=5)
2026-05-12T12:35:12.955491126Z [DEBUG] eToro-MultiBot.nautilus_common::live::timer: Creating timer 'TIME_BAR_AVAX.ETORO-1-MINUTE-MID-INTERNAL'
2026-05-12T12:35:12.955584746Z [DEBUG] eToro-MultiBot.TimeBarAggregator: [start_timer] fire_immediately=False, _skip_first_non_full_bar=False, now=2026-05-12 12:35:12.955360522+00:00, start_time=2026-05-12 12:35:00+00:00, first_close_ns=1970-01-01 00:00:00+00:00, next_close_ns=2026-05-12 12:36:00+00:00
2026-05-12T12:35:12.955703316Z [DEBUG] eToro-MultiBot.DataClient-ETORO_WS_CLIENT: Creating async task 'subscribe: quote_ticks NATGAS.ETORO'
2026-05-12T12:35:12.955781725Z [DEBUG] eToro-MultiBot.DataEngine: Created aggregator for key=(BarType(NATGAS.ETORO-1-MINUTE-MID-INTERNAL), None)
2026-05-12T12:35:12.955820809Z [DEBUG] eToro-MultiBot.MessageBus: Added Subscription(topic=data.quotes.ETORO.NATGAS, handler=<bound method BarAggregator.handle_quote_tick of <nautilus_trader.data.aggregation.TimeBarAggregator object at 0x7fd691c7f1c0>>, priority=5)
2026-05-12T12:35:12.955963017Z [DEBUG] eToro-MultiBot.nautilus_common::live::timer: Creating timer 'TIME_BAR_NATGAS.ETORO-1-MINUTE-MID-INTERNAL'
2026-05-12T12:35:12.956046970Z [DEBUG] eToro-MultiBot.TimeBarAggregator: [start_timer] fire_immediately=False, _skip_first_non_full_bar=False, now=2026-05-12 12:35:12.955822940+00:00, start_time=2026-05-12 12:35:00+00:00, first_close_ns=1970-01-01 00:00:00+00:00, next_close_ns=2026-05-12 12:36:00+00:00
2026-05-12T12:35:12.956170434Z [DEBUG] eToro-MultiBot.DataClient-ETORO_WS_CLIENT: Creating async task 'subscribe: quote_ticks PALL.ETORO'
2026-05-12T12:35:12.956248105Z [DEBUG] eToro-MultiBot.DataEngine: Created aggregator for key=(BarType(PALL.ETORO-1-MINUTE-MID-INTERNAL), None)
2026-05-12T12:35:12.956290953Z [DEBUG] eToro-MultiBot.MessageBus: Added Subscription(topic=data.quotes.ETORO.PALL, handler=<bound method BarAggregator.handle_quote_tick of <nautilus_trader.data.aggregation.TimeBarAggregator object at 0x7fd691c7f400>>, priority=5)
2026-05-12T12:35:12.956431452Z [DEBUG] eToro-MultiBot.nautilus_common::live::timer: Creating timer 'TIME_BAR_PALL.ETORO-1-MINUTE-MID-INTERNAL'
2026-05-12T12:35:12.956517353Z [DEBUG] eToro-MultiBot.TimeBarAggregator: [start_timer] fire_immediately=False, _skip_first_non_full_bar=False, now=2026-05-12 12:35:12.956293131+00:00, start_time=2026-05-12 12:35:00+00:00, first_close_ns=1970-01-01 00:00:00+00:00, next_close_ns=2026-05-12 12:36:00+00:00
2026-05-12T12:35:12.956653622Z [DEBUG] eToro-MultiBot.DataClient-ETORO_WS_CLIENT: Creating async task 'subscribe: quote_ticks USDTRY.ETORO'
2026-05-12T12:35:12.956731487Z [DEBUG] eToro-MultiBot.DataEngine: Created aggregator for key=(BarType(USDTRY.ETORO-1-MINUTE-MID-INTERNAL), None)
2026-05-12T12:35:12.956770776Z [DEBUG] eToro-MultiBot.MessageBus: Added Subscription(topic=data.quotes.ETORO.USDTRY, handler=<bound method BarAggregator.handle_quote_tick of <nautilus_trader.data.aggregation.TimeBarAggregator object at 0x7fd691c7f640>>, priority=5)
2026-05-12T12:35:12.956903788Z [DEBUG] eToro-MultiBot.nautilus_common::live::timer: Creating timer 'TIME_BAR_USDTRY.ETORO-1-MINUTE-MID-INTERNAL'
2026-05-12T12:35:12.956986423Z [DEBUG] eToro-MultiBot.TimeBarAggregator: [start_timer] fire_immediately=False, _skip_first_non_full_bar=False, now=2026-05-12 12:35:12.956772716+00:00, start_time=2026-05-12 12:35:00+00:00, first_close_ns=1970-01-01 00:00:00+00:00, next_close_ns=2026-05-12 12:36:00+00:00
2026-05-12T12:35:12.957117534Z [DEBUG] eToro-MultiBot.DataClient-ETORO_WS_CLIENT: Creating async task 'subscribe: quote_ticks USDZAR.ETORO'
2026-05-12T12:35:12.957194928Z [DEBUG] eToro-MultiBot.DataEngine: Created aggregator for key=(BarType(USDZAR.ETORO-1-MINUTE-MID-INTERNAL), None)
2026-05-12T12:35:12.957234205Z [DEBUG] eToro-MultiBot.MessageBus: Added Subscription(topic=data.quotes.ETORO.USDZAR, handler=<bound method BarAggregator.handle_quote_tick of <nautilus_trader.data.aggregation.TimeBarAggregator object at 0x7fd691c7f880>>, priority=5)
2026-05-12T12:35:12.957372754Z [DEBUG] eToro-MultiBot.nautilus_common::live::timer: Creating timer 'TIME_BAR_USDZAR.ETORO-1-MINUTE-MID-INTERNAL'
2026-05-12T12:35:12.957465078Z [DEBUG] eToro-MultiBot.TimeBarAggregator: [start_timer] fire_immediately=False, _skip_first_non_full_bar=False, now=2026-05-12 12:35:12.957236202+00:00, start_time=2026-05-12 12:35:00+00:00, first_close_ns=1970-01-01 00:00:00+00:00, next_close_ns=2026-05-12 12:36:00+00:00
2026-05-12T12:35:12.957652834Z [DEBUG] eToro-MultiBot.DataClient-ETORO_WS_CLIENT: Coroutine 'subscribe: quote_ticks TSLA.ETORO' completed
2026-05-12T12:35:12.957662972Z [INFO] eToro-MultiBot.DataClient-ETORO_WS_CLIENT: Subscribed TSLA.ETORO quotes
2026-05-12T12:35:12.960220635Z [DEBUG] eToro-MultiBot.DataClient-ETORO_WS_CLIENT: Coroutine 'subscribe: quote_ticks HUT.ETORO' completed
2026-05-12T12:35:12.960225890Z [INFO] eToro-MultiBot.DataClient-ETORO_WS_CLIENT: Subscribed HUT.ETORO quotes
2026-05-12T12:35:12.960232875Z [DEBUG] eToro-MultiBot.DataClient-ETORO_WS_CLIENT: Coroutine 'subscribe: quote_ticks RIOT.ETORO' completed
2026-05-12T12:35:12.960238089Z [INFO] eToro-MultiBot.DataClient-ETORO_WS_CLIENT: Subscribed RIOT.ETORO quotes
2026-05-12T12:35:12.960242558Z [DEBUG] eToro-MultiBot.DataClient-ETORO_WS_CLIENT: Coroutine 'subscribe: quote_ticks NVDA.ETORO' completed
2026-05-12T12:35:12.960243865Z [INFO] eToro-MultiBot.DataClient-ETORO_WS_CLIENT: Subscribed NVDA.ETORO quotes
2026-05-12T12:35:12.960247143Z [DEBUG] eToro-MultiBot.DataClient-ETORO_WS_CLIENT: Coroutine 'subscribe: quote_ticks FSLY.ETORO' completed
2026-05-12T12:35:12.960248043Z [INFO] eToro-MultiBot.DataClient-ETORO_WS_CLIENT: Subscribed FSLY.ETORO quotes
2026-05-12T12:35:12.960251360Z [DEBUG] eToro-MultiBot.DataClient-ETORO_WS_CLIENT: Coroutine 'subscribe: quote_ticks INSM.ETORO' completed
2026-05-12T12:35:12.960252364Z [INFO] eToro-MultiBot.DataClient-ETORO_WS_CLIENT: Subscribed INSM.ETORO quotes
2026-05-12T12:35:12.960255514Z [DEBUG] eToro-MultiBot.DataClient-ETORO_WS_CLIENT: Coroutine 'subscribe: quote_ticks BTC.ETORO' completed
2026-05-12T12:35:12.960256788Z [INFO] eToro-MultiBot.DataClient-ETORO_WS_CLIENT: Subscribed BTC.ETORO quotes
2026-05-12T12:35:12.960260071Z [DEBUG] eToro-MultiBot.DataClient-ETORO_WS_CLIENT: Coroutine 'subscribe: quote_ticks ETH.ETORO' completed
2026-05-12T12:35:12.960260988Z [INFO] eToro-MultiBot.DataClient-ETORO_WS_CLIENT: Subscribed ETH.ETORO quotes
2026-05-12T12:35:12.960263932Z [DEBUG] eToro-MultiBot.DataClient-ETORO_WS_CLIENT: Coroutine 'subscribe: quote_ticks ADA.ETORO' completed
2026-05-12T12:35:12.960264890Z [INFO] eToro-MultiBot.DataClient-ETORO_WS_CLIENT: Subscribed ADA.ETORO quotes
2026-05-12T12:35:12.960267789Z [DEBUG] eToro-MultiBot.DataClient-ETORO_WS_CLIENT: Coroutine 'subscribe: quote_ticks XRP.ETORO' completed
2026-05-12T12:35:12.960268605Z [INFO] eToro-MultiBot.DataClient-ETORO_WS_CLIENT: Subscribed XRP.ETORO quotes
2026-05-12T12:35:12.960271959Z [DEBUG] eToro-MultiBot.DataClient-ETORO_WS_CLIENT: Coroutine 'subscribe: quote_ticks AERO.ETORO' completed
2026-05-12T12:35:12.960273017Z [INFO] eToro-MultiBot.DataClient-ETORO_WS_CLIENT: Subscribed AERO.ETORO quotes
2026-05-12T12:35:12.960276173Z [DEBUG] eToro-MultiBot.DataClient-ETORO_WS_CLIENT: Coroutine 'subscribe: quote_ticks HYPE.ETORO' completed
2026-05-12T12:35:12.960277200Z [INFO] eToro-MultiBot.DataClient-ETORO_WS_CLIENT: Subscribed HYPE.ETORO quotes
2026-05-12T12:35:12.960280956Z [DEBUG] eToro-MultiBot.DataClient-ETORO_WS_CLIENT: Coroutine 'subscribe: quote_ticks ONDO.ETORO' completed
2026-05-12T12:35:12.960281862Z [INFO] eToro-MultiBot.DataClient-ETORO_WS_CLIENT: Subscribed ONDO.ETORO quotes
2026-05-12T12:35:12.960285250Z [DEBUG] eToro-MultiBot.DataClient-ETORO_WS_CLIENT: Coroutine 'subscribe: quote_ticks 01211.HK.ETORO' completed
2026-05-12T12:35:12.960286178Z [INFO] eToro-MultiBot.DataClient-ETORO_WS_CLIENT: Subscribed 01211.HK.ETORO quotes
2026-05-12T12:35:12.960289130Z [DEBUG] eToro-MultiBot.DataClient-ETORO_WS_CLIENT: Coroutine 'subscribe: quote_ticks XPEV.ETORO' completed
2026-05-12T12:35:12.960290070Z [INFO] eToro-MultiBot.DataClient-ETORO_WS_CLIENT: Subscribed XPEV.ETORO quotes
2026-05-12T12:35:12.960293076Z [DEBUG] eToro-MultiBot.DataClient-ETORO_WS_CLIENT: Coroutine 'subscribe: quote_ticks PLTR.ETORO' completed
2026-05-12T12:35:12.960295225Z [INFO] eToro-MultiBot.DataClient-ETORO_WS_CLIENT: Subscribed PLTR.ETORO quotes
2026-05-12T12:35:12.960298529Z [DEBUG] eToro-MultiBot.DataClient-ETORO_WS_CLIENT: Coroutine 'subscribe: quote_ticks RHM.DE.ETORO' completed
2026-05-12T12:35:12.960299400Z [INFO] eToro-MultiBot.DataClient-ETORO_WS_CLIENT: Subscribed RHM.DE.ETORO quotes
2026-05-12T12:35:12.960302524Z [DEBUG] eToro-MultiBot.DataClient-ETORO_WS_CLIENT: Coroutine 'subscribe: quote_ticks NVS.ETORO' completed
2026-05-12T12:35:12.960303758Z [INFO] eToro-MultiBot.DataClient-ETORO_WS_CLIENT: Subscribed NVS.ETORO quotes
2026-05-12T12:35:12.960307872Z [DEBUG] eToro-MultiBot.DataClient-ETORO_WS_CLIENT: Coroutine 'subscribe: quote_ticks ROP.ZU.ETORO' completed
2026-05-12T12:35:12.960308728Z [INFO] eToro-MultiBot.DataClient-ETORO_WS_CLIENT: Subscribed ROP.ZU.ETORO quotes
2026-05-12T12:35:12.960311973Z [DEBUG] eToro-MultiBot.DataClient-ETORO_WS_CLIENT: Coroutine 'subscribe: quote_ticks DOGE.ETORO' completed
2026-05-12T12:35:12.960312734Z [INFO] eToro-MultiBot.DataClient-ETORO_WS_CLIENT: Subscribed DOGE.ETORO quotes
2026-05-12T12:35:12.960315640Z [DEBUG] eToro-MultiBot.DataClient-ETORO_WS_CLIENT: Coroutine 'subscribe: quote_ticks SHIBxM.ETORO' completed
2026-05-12T12:35:12.960316583Z [INFO] eToro-MultiBot.DataClient-ETORO_WS_CLIENT: Subscribed SHIBxM.ETORO quotes
2026-05-12T12:35:12.960319564Z [DEBUG] eToro-MultiBot.DataClient-ETORO_WS_CLIENT: Coroutine 'subscribe: quote_ticks PEPExM.ETORO' completed
2026-05-12T12:35:12.960320405Z [INFO] eToro-MultiBot.DataClient-ETORO_WS_CLIENT: Subscribed PEPExM.ETORO quotes
2026-05-12T12:35:12.960323298Z [DEBUG] eToro-MultiBot.DataClient-ETORO_WS_CLIENT: Coroutine 'subscribe: quote_ticks SOL.ETORO' completed
2026-05-12T12:35:12.960324216Z [INFO] eToro-MultiBot.DataClient-ETORO_WS_CLIENT: Subscribed SOL.ETORO quotes
2026-05-12T12:35:12.960327047Z [DEBUG] eToro-MultiBot.DataClient-ETORO_WS_CLIENT: Coroutine 'subscribe: quote_ticks AVAX.ETORO' completed
2026-05-12T12:35:12.960327972Z [INFO] eToro-MultiBot.DataClient-ETORO_WS_CLIENT: Subscribed AVAX.ETORO quotes
2026-05-12T12:35:12.960330811Z [DEBUG] eToro-MultiBot.DataClient-ETORO_WS_CLIENT: Coroutine 'subscribe: quote_ticks NATGAS.ETORO' completed
2026-05-12T12:35:12.960331535Z [INFO] eToro-MultiBot.DataClient-ETORO_WS_CLIENT: Subscribed NATGAS.ETORO quotes
2026-05-12T12:35:12.960334645Z [DEBUG] eToro-MultiBot.DataClient-ETORO_WS_CLIENT: Coroutine 'subscribe: quote_ticks PALL.ETORO' completed
2026-05-12T12:35:12.960335651Z [INFO] eToro-MultiBot.DataClient-ETORO_WS_CLIENT: Subscribed PALL.ETORO quotes
2026-05-12T12:35:12.960338397Z [DEBUG] eToro-MultiBot.DataClient-ETORO_WS_CLIENT: Coroutine 'subscribe: quote_ticks USDTRY.ETORO' completed
2026-05-12T12:35:12.960339181Z [INFO] eToro-MultiBot.DataClient-ETORO_WS_CLIENT: Subscribed USDTRY.ETORO quotes
2026-05-12T12:35:12.960341780Z [DEBUG] eToro-MultiBot.DataClient-ETORO_WS_CLIENT: Coroutine 'subscribe: quote_ticks USDZAR.ETORO' completed
2026-05-12T12:35:12.960342951Z [INFO] eToro-MultiBot.DataClient-ETORO_WS_CLIENT: Subscribed USDZAR.ETORO quotes
2026-05-12T12:35:13.006434095Z [INFO] eToro-MultiBot.DataClient-ETORO_WS_CLIENT: Snapshot NVS.ETORO: MarketOpen=False, AllowBuy=True
2026-05-12T12:35:13.006585986Z [INFO] eToro-MultiBot.DataClient-ETORO_WS_CLIENT: Snapshot ROP.ZU.ETORO: MarketOpen=True, AllowBuy=True
2026-05-12T12:35:13.006640223Z [INFO] eToro-MultiBot.DataClient-ETORO_WS_CLIENT: Snapshot RHM.DE.ETORO: MarketOpen=True, AllowBuy=True
2026-05-12T12:35:13.006678407Z [INFO] eToro-MultiBot.DataClient-ETORO_WS_CLIENT: Snapshot AVAX.ETORO: MarketOpen=True, AllowBuy=True
2026-05-12T12:35:13.006714596Z [INFO] eToro-MultiBot.DataClient-ETORO_WS_CLIENT: Snapshot PEPExM.ETORO: MarketOpen=True, AllowBuy=True
2026-05-12T12:35:13.006750638Z [INFO] eToro-MultiBot.DataClient-ETORO_WS_CLIENT: Snapshot 01211.HK.ETORO: MarketOpen=False, AllowBuy=True
2026-05-12T12:35:13.006792438Z [INFO] eToro-MultiBot.DataClient-ETORO_WS_CLIENT: Snapshot RIOT.ETORO: MarketOpen=True, AllowBuy=True
2026-05-12T12:35:13.006825787Z [INFO] eToro-MultiBot.DataClient-ETORO_WS_CLIENT: Snapshot USDTRY.ETORO: MarketOpen=True, AllowBuy=True
2026-05-12T12:35:13.006857664Z [INFO] eToro-MultiBot.DataClient-ETORO_WS_CLIENT: Snapshot INSM.ETORO: MarketOpen=False, AllowBuy=True
2026-05-12T12:35:13.006888694Z [INFO] eToro-MultiBot.DataClient-ETORO_WS_CLIENT: Snapshot PALL.ETORO: MarketOpen=False, AllowBuy=True
2026-05-12T12:35:13.006920523Z [INFO] eToro-MultiBot.DataClient-ETORO_WS_CLIENT: Snapshot ADA.ETORO: MarketOpen=True, AllowBuy=True
2026-05-12T12:35:13.006953908Z [INFO] eToro-MultiBot.DataClient-ETORO_WS_CLIENT: Snapshot PLTR.ETORO: MarketOpen=True, AllowBuy=True
2026-05-12T12:35:13.006986483Z [INFO] eToro-MultiBot.DataClient-ETORO_WS_CLIENT: Snapshot HYPE.ETORO: MarketOpen=True, AllowBuy=True
2026-05-12T12:35:13.007016620Z [INFO] eToro-MultiBot.DataClient-ETORO_WS_CLIENT: Snapshot NVDA.ETORO: MarketOpen=True, AllowBuy=True
2026-05-12T12:35:13.007046558Z [INFO] eToro-MultiBot.DataClient-ETORO_WS_CLIENT: Snapshot FSLY.ETORO: MarketOpen=False, AllowBuy=True
2026-05-12T12:35:13.007077134Z [INFO] eToro-MultiBot.DataClient-ETORO_WS_CLIENT: Snapshot AERO.ETORO: MarketOpen=True, AllowBuy=True
2026-05-12T12:35:13.007109026Z [INFO] eToro-MultiBot.DataClient-ETORO_WS_CLIENT: Snapshot USDZAR.ETORO: MarketOpen=True, AllowBuy=True
2026-05-12T12:35:13.007139130Z [INFO] eToro-MultiBot.DataClient-ETORO_WS_CLIENT: Snapshot BTC.ETORO: MarketOpen=True, AllowBuy=True
2026-05-12T12:35:13.007169311Z [INFO] eToro-MultiBot.DataClient-ETORO_WS_CLIENT: Snapshot ETH.ETORO: MarketOpen=True, AllowBuy=True
2026-05-12T12:35:13.007200097Z [INFO] eToro-MultiBot.DataClient-ETORO_WS_CLIENT: Snapshot ONDO.ETORO: MarketOpen=True, AllowBuy=True
2026-05-12T12:35:13.007230232Z [INFO] eToro-MultiBot.DataClient-ETORO_WS_CLIENT: Snapshot SOL.ETORO: MarketOpen=True, AllowBuy=True
2026-05-12T12:35:13.007261422Z [INFO] eToro-MultiBot.DataClient-ETORO_WS_CLIENT: Snapshot XPEV.ETORO: MarketOpen=False, AllowBuy=True
2026-05-12T12:35:13.007292917Z [INFO] eToro-MultiBot.DataClient-ETORO_WS_CLIENT: Snapshot SHIBxM.ETORO: MarketOpen=True, AllowBuy=True
2026-05-12T12:35:13.007322957Z [INFO] eToro-MultiBot.DataClient-ETORO_WS_CLIENT: Snapshot DOGE.ETORO: MarketOpen=True, AllowBuy=True
2026-05-12T12:35:13.007352765Z [INFO] eToro-MultiBot.DataClient-ETORO_WS_CLIENT: Snapshot TSLA.ETORO: MarketOpen=True, AllowBuy=True
2026-05-12T12:35:13.007382964Z [INFO] eToro-MultiBot.DataClient-ETORO_WS_CLIENT: Snapshot XRP.ETORO: MarketOpen=True, AllowBuy=True
2026-05-12T12:35:13.007413594Z [INFO] eToro-MultiBot.DataClient-ETORO_WS_CLIENT: Snapshot HUT.ETORO: MarketOpen=False, AllowBuy=True
2026-05-12T12:35:13.007445245Z [INFO] eToro-MultiBot.DataClient-ETORO_WS_CLIENT: Snapshot NATGAS.ETORO: MarketOpen=True, AllowBuy=True
2026-05-12T12:35:16.634755968Z [INFO] eToro-MultiBot.DataClient-ETORO_WS_CLIENT: Heartbeat: 60 Ticks verarbeitet.
2026-05-12T12:35:23.921591774Z [WARN] eToro-MultiBot.TradingNode: Received SIGINT, shutting down
2026-05-12T12:35:23.921703485Z [INFO] eToro-MultiBot.TradingNode: STOPPING
2026-05-12T12:35:23.921741698Z [DEBUG] eToro-MultiBot.eToro-MultiBot: STOPPING
2026-05-12T12:35:23.921804081Z [DEBUG] eToro-MultiBot.SmaCrossoverStrategy_TSLA.ETORO_0: STOPPING
2026-05-12T12:35:23.921851425Z [INFO] eToro-MultiBot.SmaCrossoverStrategy_TSLA.ETORO_0: Strategie auf TSLA.ETORO gestoppt.
2026-05-12T12:35:23.922080345Z [DEBUG] eToro-MultiBot.MessageBus: Removed Subscription(topic=data.quotes.ETORO.TSLA, handler=<bound method Actor.handle_quote_tick of SmaCrossoverStrategy(SmaCrossoverStrategy_TSLA.ETORO_0-000)>, priority=0)
2026-05-12T12:35:23.922249559Z [INFO] eToro-MultiBot.SmaCrossoverStrategy_TSLA.ETORO_0: [CMD]--> UnsubscribeQuoteTicks(instrument_id=TSLA.ETORO, client_id=None, venue=ETORO)
2026-05-12T12:35:23.922386839Z [DEBUG] eToro-MultiBot.MessageBus: Removed Subscription(topic=data.bars.TSLA.ETORO-1-MINUTE-MID-INTERNAL, handler=<bound method Actor.handle_bar of SmaCrossoverStrategy(SmaCrossoverStrategy_TSLA.ETORO_0-000)>, priority=0)
2026-05-12T12:35:23.922499768Z [INFO] eToro-MultiBot.SmaCrossoverStrategy_TSLA.ETORO_0: [CMD]--> UnsubscribeBars(bar_type=TSLA.ETORO-1-MINUTE-MID-INTERNAL, client_id=None, venue=ETORO)
2026-05-12T12:35:23.922575331Z [INFO] eToro-MultiBot.SmaCrossoverStrategy_TSLA.ETORO_0: Unsubscribed from TSLA.ETORO-1-MINUTE-MID-INTERNAL bar data
2026-05-12T12:35:23.922593012Z [INFO] eToro-MultiBot.SmaCrossoverStrategy_TSLA.ETORO_0: Canceling executor tasks
2026-05-12T12:35:23.922839603Z [INFO] eToro-MultiBot.SmaCrossoverStrategy_TSLA.ETORO_0: STOPPED
2026-05-12T12:35:23.922914575Z [DEBUG] eToro-MultiBot.SmaCrossoverStrategy_HUT.ETORO_1: STOPPING
2026-05-12T12:35:23.922946638Z [INFO] eToro-MultiBot.SmaCrossoverStrategy_HUT.ETORO_1: Strategie auf HUT.ETORO gestoppt.
2026-05-12T12:35:23.923073840Z [DEBUG] eToro-MultiBot.MessageBus: Removed Subscription(topic=data.quotes.ETORO.HUT, handler=<bound method Actor.handle_quote_tick of SmaCrossoverStrategy(SmaCrossoverStrategy_HUT.ETORO_1-001)>, priority=0)
2026-05-12T12:35:23.923182850Z [INFO] eToro-MultiBot.SmaCrossoverStrategy_HUT.ETORO_1: [CMD]--> UnsubscribeQuoteTicks(instrument_id=HUT.ETORO, client_id=None, venue=ETORO)
2026-05-12T12:35:23.923280840Z [DEBUG] eToro-MultiBot.MessageBus: Removed Subscription(topic=data.bars.HUT.ETORO-1-MINUTE-MID-INTERNAL, handler=<bound method Actor.handle_bar of SmaCrossoverStrategy(SmaCrossoverStrategy_HUT.ETORO_1-001)>, priority=0)
2026-05-12T12:35:23.923356594Z [INFO] eToro-MultiBot.SmaCrossoverStrategy_HUT.ETORO_1: [CMD]--> UnsubscribeBars(bar_type=HUT.ETORO-1-MINUTE-MID-INTERNAL, client_id=None, venue=ETORO)
2026-05-12T12:35:23.923389555Z [INFO] eToro-MultiBot.SmaCrossoverStrategy_HUT.ETORO_1: Unsubscribed from HUT.ETORO-1-MINUTE-MID-INTERNAL bar data
2026-05-12T12:35:23.923401963Z [INFO] eToro-MultiBot.SmaCrossoverStrategy_HUT.ETORO_1: Canceling executor tasks
2026-05-12T12:35:23.923624534Z [INFO] eToro-MultiBot.SmaCrossoverStrategy_HUT.ETORO_1: STOPPED
2026-05-12T12:35:23.923695787Z [DEBUG] eToro-MultiBot.SmaCrossoverStrategy_RIOT.ETORO_2: STOPPING
2026-05-12T12:35:23.923725606Z [INFO] eToro-MultiBot.SmaCrossoverStrategy_RIOT.ETORO_2: Strategie auf RIOT.ETORO gestoppt.
2026-05-12T12:35:23.923848979Z [DEBUG] eToro-MultiBot.MessageBus: Removed Subscription(topic=data.quotes.ETORO.RIOT, handler=<bound method Actor.handle_quote_tick of SmaCrossoverStrategy(SmaCrossoverStrategy_RIOT.ETORO_2-002)>, priority=0)
2026-05-12T12:35:23.923948262Z [INFO] eToro-MultiBot.SmaCrossoverStrategy_RIOT.ETORO_2: [CMD]--> UnsubscribeQuoteTicks(instrument_id=RIOT.ETORO, client_id=None, venue=ETORO)
2026-05-12T12:35:23.924042909Z [DEBUG] eToro-MultiBot.MessageBus: Removed Subscription(topic=data.bars.RIOT.ETORO-1-MINUTE-MID-INTERNAL, handler=<bound method Actor.handle_bar of SmaCrossoverStrategy(SmaCrossoverStrategy_RIOT.ETORO_2-002)>, priority=0)
2026-05-12T12:35:23.924118733Z [INFO] eToro-MultiBot.SmaCrossoverStrategy_RIOT.ETORO_2: [CMD]--> UnsubscribeBars(bar_type=RIOT.ETORO-1-MINUTE-MID-INTERNAL, client_id=None, venue=ETORO)
2026-05-12T12:35:23.924154184Z [INFO] eToro-MultiBot.SmaCrossoverStrategy_RIOT.ETORO_2: Unsubscribed from RIOT.ETORO-1-MINUTE-MID-INTERNAL bar data
2026-05-12T12:35:23.924167224Z [INFO] eToro-MultiBot.SmaCrossoverStrategy_RIOT.ETORO_2: Canceling executor tasks
2026-05-12T12:35:23.924372109Z [INFO] eToro-MultiBot.SmaCrossoverStrategy_RIOT.ETORO_2: STOPPED
2026-05-12T12:35:23.924438031Z [DEBUG] eToro-MultiBot.SmaCrossoverStrategy_NVDA.ETORO_3: STOPPING
2026-05-12T12:35:23.924464958Z [INFO] eToro-MultiBot.SmaCrossoverStrategy_NVDA.ETORO_3: Strategie auf NVDA.ETORO gestoppt.
2026-05-12T12:35:23.924611138Z [DEBUG] eToro-MultiBot.MessageBus: Removed Subscription(topic=data.quotes.ETORO.NVDA, handler=<bound method Actor.handle_quote_tick of SmaCrossoverStrategy(SmaCrossoverStrategy_NVDA.ETORO_3-003)>, priority=0)
2026-05-12T12:35:23.924719236Z [INFO] eToro-MultiBot.SmaCrossoverStrategy_NVDA.ETORO_3: [CMD]--> UnsubscribeQuoteTicks(instrument_id=NVDA.ETORO, client_id=None, venue=ETORO)
2026-05-12T12:35:23.924810551Z [DEBUG] eToro-MultiBot.MessageBus: Removed Subscription(topic=data.bars.NVDA.ETORO-1-MINUTE-MID-INTERNAL, handler=<bound method Actor.handle_bar of SmaCrossoverStrategy(SmaCrossoverStrategy_NVDA.ETORO_3-003)>, priority=0)
2026-05-12T12:35:23.924882000Z [INFO] eToro-MultiBot.SmaCrossoverStrategy_NVDA.ETORO_3: [CMD]--> UnsubscribeBars(bar_type=NVDA.ETORO-1-MINUTE-MID-INTERNAL, client_id=None, venue=ETORO)
2026-05-12T12:35:23.924913171Z [INFO] eToro-MultiBot.SmaCrossoverStrategy_NVDA.ETORO_3: Unsubscribed from NVDA.ETORO-1-MINUTE-MID-INTERNAL bar data
2026-05-12T12:35:23.924925209Z [INFO] eToro-MultiBot.SmaCrossoverStrategy_NVDA.ETORO_3: Canceling executor tasks
2026-05-12T12:35:23.925095540Z [INFO] eToro-MultiBot.SmaCrossoverStrategy_NVDA.ETORO_3: STOPPED
2026-05-12T12:35:23.925169790Z [DEBUG] eToro-MultiBot.SmaCrossoverStrategy_FSLY.ETORO_4: STOPPING
2026-05-12T12:35:23.925197699Z [INFO] eToro-MultiBot.SmaCrossoverStrategy_FSLY.ETORO_4: Strategie auf FSLY.ETORO gestoppt.
2026-05-12T12:35:23.925313199Z [DEBUG] eToro-MultiBot.MessageBus: Removed Subscription(topic=data.quotes.ETORO.FSLY, handler=<bound method Actor.handle_quote_tick of SmaCrossoverStrategy(SmaCrossoverStrategy_FSLY.ETORO_4-004)>, priority=0)
2026-05-12T12:35:23.925409350Z [INFO] eToro-MultiBot.SmaCrossoverStrategy_FSLY.ETORO_4: [CMD]--> UnsubscribeQuoteTicks(instrument_id=FSLY.ETORO, client_id=None, venue=ETORO)
2026-05-12T12:35:23.925495728Z [DEBUG] eToro-MultiBot.MessageBus: Removed Subscription(topic=data.bars.FSLY.ETORO-1-MINUTE-MID-INTERNAL, handler=<bound method Actor.handle_bar of SmaCrossoverStrategy(SmaCrossoverStrategy_FSLY.ETORO_4-004)>, priority=0)
2026-05-12T12:35:23.925597777Z [INFO] eToro-MultiBot.SmaCrossoverStrategy_FSLY.ETORO_4: [CMD]--> UnsubscribeBars(bar_type=FSLY.ETORO-1-MINUTE-MID-INTERNAL, client_id=None, venue=ETORO)
2026-05-12T12:35:23.925635634Z [INFO] eToro-MultiBot.SmaCrossoverStrategy_FSLY.ETORO_4: Unsubscribed from FSLY.ETORO-1-MINUTE-MID-INTERNAL bar data
2026-05-12T12:35:23.925648318Z [INFO] eToro-MultiBot.SmaCrossoverStrategy_FSLY.ETORO_4: Canceling executor tasks
2026-05-12T12:35:23.925825846Z [INFO] eToro-MultiBot.SmaCrossoverStrategy_FSLY.ETORO_4: STOPPED
2026-05-12T12:35:23.925890374Z [DEBUG] eToro-MultiBot.SmaCrossoverStrategy_INSM.ETORO_5: STOPPING
2026-05-12T12:35:23.925921846Z [INFO] eToro-MultiBot.SmaCrossoverStrategy_INSM.ETORO_5: Strategie auf INSM.ETORO gestoppt.
2026-05-12T12:35:23.926041245Z [DEBUG] eToro-MultiBot.MessageBus: Removed Subscription(topic=data.quotes.ETORO.INSM, handler=<bound method Actor.handle_quote_tick of SmaCrossoverStrategy(SmaCrossoverStrategy_INSM.ETORO_5-005)>, priority=0)
2026-05-12T12:35:23.926134414Z [INFO] eToro-MultiBot.SmaCrossoverStrategy_INSM.ETORO_5: [CMD]--> UnsubscribeQuoteTicks(instrument_id=INSM.ETORO, client_id=None, venue=ETORO)
2026-05-12T12:35:23.926225944Z [DEBUG] eToro-MultiBot.MessageBus: Removed Subscription(topic=data.bars.INSM.ETORO-1-MINUTE-MID-INTERNAL, handler=<bound method Actor.handle_bar of SmaCrossoverStrategy(SmaCrossoverStrategy_INSM.ETORO_5-005)>, priority=0)
2026-05-12T12:35:23.926297924Z [INFO] eToro-MultiBot.SmaCrossoverStrategy_INSM.ETORO_5: [CMD]--> UnsubscribeBars(bar_type=INSM.ETORO-1-MINUTE-MID-INTERNAL, client_id=None, venue=ETORO)
2026-05-12T12:35:23.926329251Z [INFO] eToro-MultiBot.SmaCrossoverStrategy_INSM.ETORO_5: Unsubscribed from INSM.ETORO-1-MINUTE-MID-INTERNAL bar data
2026-05-12T12:35:23.926340832Z [INFO] eToro-MultiBot.SmaCrossoverStrategy_INSM.ETORO_5: Canceling executor tasks
2026-05-12T12:35:23.926514566Z [INFO] eToro-MultiBot.SmaCrossoverStrategy_INSM.ETORO_5: STOPPED
2026-05-12T12:35:23.926615844Z [DEBUG] eToro-MultiBot.SmaCrossoverStrategy_BTC.ETORO_6: STOPPING
2026-05-12T12:35:23.926646644Z [INFO] eToro-MultiBot.SmaCrossoverStrategy_BTC.ETORO_6: Strategie auf BTC.ETORO gestoppt.
2026-05-12T12:35:23.926752617Z [DEBUG] eToro-MultiBot.MessageBus: Removed Subscription(topic=data.quotes.ETORO.BTC, handler=<bound method Actor.handle_quote_tick of SmaCrossoverStrategy(SmaCrossoverStrategy_BTC.ETORO_6-006)>, priority=0)
2026-05-12T12:35:23.926844418Z [INFO] eToro-MultiBot.SmaCrossoverStrategy_BTC.ETORO_6: [CMD]--> UnsubscribeQuoteTicks(instrument_id=BTC.ETORO, client_id=None, venue=ETORO)
2026-05-12T12:35:23.926934079Z [DEBUG] eToro-MultiBot.MessageBus: Removed Subscription(topic=data.bars.BTC.ETORO-1-MINUTE-MID-INTERNAL, handler=<bound method Actor.handle_bar of SmaCrossoverStrategy(SmaCrossoverStrategy_BTC.ETORO_6-006)>, priority=0)
2026-05-12T12:35:23.927004881Z [INFO] eToro-MultiBot.SmaCrossoverStrategy_BTC.ETORO_6: [CMD]--> UnsubscribeBars(bar_type=BTC.ETORO-1-MINUTE-MID-INTERNAL, client_id=None, venue=ETORO)
2026-05-12T12:35:23.927035532Z [INFO] eToro-MultiBot.SmaCrossoverStrategy_BTC.ETORO_6: Unsubscribed from BTC.ETORO-1-MINUTE-MID-INTERNAL bar data
2026-05-12T12:35:23.927047073Z [INFO] eToro-MultiBot.SmaCrossoverStrategy_BTC.ETORO_6: Canceling executor tasks
2026-05-12T12:35:23.927243750Z [INFO] eToro-MultiBot.SmaCrossoverStrategy_BTC.ETORO_6: STOPPED
2026-05-12T12:35:23.927314427Z [DEBUG] eToro-MultiBot.SmaCrossoverStrategy_ETH.ETORO_7: STOPPING
2026-05-12T12:35:23.927354474Z [INFO] eToro-MultiBot.SmaCrossoverStrategy_ETH.ETORO_7: Strategie auf ETH.ETORO gestoppt.
2026-05-12T12:35:23.927464090Z [DEBUG] eToro-MultiBot.MessageBus: Removed Subscription(topic=data.quotes.ETORO.ETH, handler=<bound method Actor.handle_quote_tick of SmaCrossoverStrategy(SmaCrossoverStrategy_ETH.ETORO_7-007)>, priority=0)
2026-05-12T12:35:23.927607610Z [INFO] eToro-MultiBot.SmaCrossoverStrategy_ETH.ETORO_7: [CMD]--> UnsubscribeQuoteTicks(instrument_id=ETH.ETORO, client_id=None, venue=ETORO)
2026-05-12T12:35:23.927711318Z [DEBUG] eToro-MultiBot.MessageBus: Removed Subscription(topic=data.bars.ETH.ETORO-1-MINUTE-MID-INTERNAL, handler=<bound method Actor.handle_bar of SmaCrossoverStrategy(SmaCrossoverStrategy_ETH.ETORO_7-007)>, priority=0)
2026-05-12T12:35:23.927794944Z [INFO] eToro-MultiBot.SmaCrossoverStrategy_ETH.ETORO_7: [CMD]--> UnsubscribeBars(bar_type=ETH.ETORO-1-MINUTE-MID-INTERNAL, client_id=None, venue=ETORO)
2026-05-12T12:35:23.927830767Z [INFO] eToro-MultiBot.SmaCrossoverStrategy_ETH.ETORO_7: Unsubscribed from ETH.ETORO-1-MINUTE-MID-INTERNAL bar data
2026-05-12T12:35:23.927845220Z [INFO] eToro-MultiBot.SmaCrossoverStrategy_ETH.ETORO_7: Canceling executor tasks
2026-05-12T12:35:23.928063701Z [INFO] eToro-MultiBot.SmaCrossoverStrategy_ETH.ETORO_7: STOPPED
2026-05-12T12:35:23.928139390Z [DEBUG] eToro-MultiBot.SmaCrossoverStrategy_ADA.ETORO_8: STOPPING
2026-05-12T12:35:23.928169664Z [INFO] eToro-MultiBot.SmaCrossoverStrategy_ADA.ETORO_8: Strategie auf ADA.ETORO gestoppt.
2026-05-12T12:35:23.928299968Z [DEBUG] eToro-MultiBot.MessageBus: Removed Subscription(topic=data.quotes.ETORO.ADA, handler=<bound method Actor.handle_quote_tick of SmaCrossoverStrategy(SmaCrossoverStrategy_ADA.ETORO_8-008)>, priority=0)
2026-05-12T12:35:23.928406027Z [INFO] eToro-MultiBot.SmaCrossoverStrategy_ADA.ETORO_8: [CMD]--> UnsubscribeQuoteTicks(instrument_id=ADA.ETORO, client_id=None, venue=ETORO)
2026-05-12T12:35:23.928505239Z [DEBUG] eToro-MultiBot.MessageBus: Removed Subscription(topic=data.bars.ADA.ETORO-1-MINUTE-MID-INTERNAL, handler=<bound method Actor.handle_bar of SmaCrossoverStrategy(SmaCrossoverStrategy_ADA.ETORO_8-008)>, priority=0)
2026-05-12T12:35:23.928643878Z [INFO] eToro-MultiBot.SmaCrossoverStrategy_ADA.ETORO_8: [CMD]--> UnsubscribeBars(bar_type=ADA.ETORO-1-MINUTE-MID-INTERNAL, client_id=None, venue=ETORO)
2026-05-12T12:35:23.928690986Z [INFO] eToro-MultiBot.SmaCrossoverStrategy_ADA.ETORO_8: Unsubscribed from ADA.ETORO-1-MINUTE-MID-INTERNAL bar data
2026-05-12T12:35:23.928705138Z [INFO] eToro-MultiBot.SmaCrossoverStrategy_ADA.ETORO_8: Canceling executor tasks
2026-05-12T12:35:23.928958029Z [INFO] eToro-MultiBot.SmaCrossoverStrategy_ADA.ETORO_8: STOPPED
2026-05-12T12:35:23.929028510Z [DEBUG] eToro-MultiBot.SmaCrossoverStrategy_XRP.ETORO_9: STOPPING
2026-05-12T12:35:23.929053237Z [INFO] eToro-MultiBot.SmaCrossoverStrategy_XRP.ETORO_9: Strategie auf XRP.ETORO gestoppt.
2026-05-12T12:35:23.929175653Z [DEBUG] eToro-MultiBot.MessageBus: Removed Subscription(topic=data.quotes.ETORO.XRP, handler=<bound method Actor.handle_quote_tick of SmaCrossoverStrategy(SmaCrossoverStrategy_XRP.ETORO_9-009)>, priority=0)
2026-05-12T12:35:23.929272009Z [INFO] eToro-MultiBot.SmaCrossoverStrategy_XRP.ETORO_9: [CMD]--> UnsubscribeQuoteTicks(instrument_id=XRP.ETORO, client_id=None, venue=ETORO)
2026-05-12T12:35:23.929355541Z [DEBUG] eToro-MultiBot.MessageBus: Removed Subscription(topic=data.bars.XRP.ETORO-1-MINUTE-MID-INTERNAL, handler=<bound method Actor.handle_bar of SmaCrossoverStrategy(SmaCrossoverStrategy_XRP.ETORO_9-009)>, priority=0)
2026-05-12T12:35:23.929424133Z [INFO] eToro-MultiBot.SmaCrossoverStrategy_XRP.ETORO_9: [CMD]--> UnsubscribeBars(bar_type=XRP.ETORO-1-MINUTE-MID-INTERNAL, client_id=None, venue=ETORO)
2026-05-12T12:35:23.929454067Z [INFO] eToro-MultiBot.SmaCrossoverStrategy_XRP.ETORO_9: Unsubscribed from XRP.ETORO-1-MINUTE-MID-INTERNAL bar data
2026-05-12T12:35:23.929465117Z [INFO] eToro-MultiBot.SmaCrossoverStrategy_XRP.ETORO_9: Canceling executor tasks
2026-05-12T12:35:23.929704166Z [INFO] eToro-MultiBot.SmaCrossoverStrategy_XRP.ETORO_9: STOPPED
2026-05-12T12:35:23.929774272Z [DEBUG] eToro-MultiBot.SmaCrossoverStrategy_AERO.ETORO_10: STOPPING
2026-05-12T12:35:23.929797164Z [INFO] eToro-MultiBot.SmaCrossoverStrategy_AERO.ETORO_10: Strategie auf AERO.ETORO gestoppt.
2026-05-12T12:35:23.929917390Z [DEBUG] eToro-MultiBot.MessageBus: Removed Subscription(topic=data.quotes.ETORO.AERO, handler=<bound method Actor.handle_quote_tick of SmaCrossoverStrategy(SmaCrossoverStrategy_AERO.ETORO_10-010)>, priority=0)
2026-05-12T12:35:23.930013706Z [INFO] eToro-MultiBot.SmaCrossoverStrategy_AERO.ETORO_10: [CMD]--> UnsubscribeQuoteTicks(instrument_id=AERO.ETORO, client_id=None, venue=ETORO)
2026-05-12T12:35:23.930116783Z [DEBUG] eToro-MultiBot.MessageBus: Removed Subscription(topic=data.bars.AERO.ETORO-1-MINUTE-MID-INTERNAL, handler=<bound method Actor.handle_bar of SmaCrossoverStrategy(SmaCrossoverStrategy_AERO.ETORO_10-010)>, priority=0)
2026-05-12T12:35:23.930196310Z [INFO] eToro-MultiBot.SmaCrossoverStrategy_AERO.ETORO_10: [CMD]--> UnsubscribeBars(bar_type=AERO.ETORO-1-MINUTE-MID-INTERNAL, client_id=None, venue=ETORO)
2026-05-12T12:35:23.930235575Z [INFO] eToro-MultiBot.SmaCrossoverStrategy_AERO.ETORO_10: Unsubscribed from AERO.ETORO-1-MINUTE-MID-INTERNAL bar data
2026-05-12T12:35:23.930257420Z [INFO] eToro-MultiBot.SmaCrossoverStrategy_AERO.ETORO_10: Canceling executor tasks
2026-05-12T12:35:23.930462852Z [INFO] eToro-MultiBot.SmaCrossoverStrategy_AERO.ETORO_10: STOPPED
2026-05-12T12:35:23.930568725Z [DEBUG] eToro-MultiBot.SmaCrossoverStrategy_HYPE.ETORO_11: STOPPING
2026-05-12T12:35:23.930603605Z [INFO] eToro-MultiBot.SmaCrossoverStrategy_HYPE.ETORO_11: Strategie auf HYPE.ETORO gestoppt.
2026-05-12T12:35:23.930728732Z [DEBUG] eToro-MultiBot.MessageBus: Removed Subscription(topic=data.quotes.ETORO.HYPE, handler=<bound method Actor.handle_quote_tick of SmaCrossoverStrategy(SmaCrossoverStrategy_HYPE.ETORO_11-011)>, priority=0)
2026-05-12T12:35:23.930835272Z [INFO] eToro-MultiBot.SmaCrossoverStrategy_HYPE.ETORO_11: [CMD]--> UnsubscribeQuoteTicks(instrument_id=HYPE.ETORO, client_id=None, venue=ETORO)
2026-05-12T12:35:23.930934805Z [DEBUG] eToro-MultiBot.MessageBus: Removed Subscription(topic=data.bars.HYPE.ETORO-1-MINUTE-MID-INTERNAL, handler=<bound method Actor.handle_bar of SmaCrossoverStrategy(SmaCrossoverStrategy_HYPE.ETORO_11-011)>, priority=0)
2026-05-12T12:35:23.931004600Z [INFO] eToro-MultiBot.SmaCrossoverStrategy_HYPE.ETORO_11: [CMD]--> UnsubscribeBars(bar_type=HYPE.ETORO-1-MINUTE-MID-INTERNAL, client_id=None, venue=ETORO)
2026-05-12T12:35:23.931041926Z [INFO] eToro-MultiBot.SmaCrossoverStrategy_HYPE.ETORO_11: Unsubscribed from HYPE.ETORO-1-MINUTE-MID-INTERNAL bar data
2026-05-12T12:35:23.931055322Z [INFO] eToro-MultiBot.SmaCrossoverStrategy_HYPE.ETORO_11: Canceling executor tasks
2026-05-12T12:35:23.931273913Z [INFO] eToro-MultiBot.SmaCrossoverStrategy_HYPE.ETORO_11: STOPPED
2026-05-12T12:35:23.931352032Z [DEBUG] eToro-MultiBot.SmaCrossoverStrategy_ONDO.ETORO_12: STOPPING
2026-05-12T12:35:23.931377285Z [INFO] eToro-MultiBot.SmaCrossoverStrategy_ONDO.ETORO_12: Strategie auf ONDO.ETORO gestoppt.
2026-05-12T12:35:23.931502909Z [DEBUG] eToro-MultiBot.MessageBus: Removed Subscription(topic=data.quotes.ETORO.ONDO, handler=<bound method Actor.handle_quote_tick of SmaCrossoverStrategy(SmaCrossoverStrategy_ONDO.ETORO_12-012)>, priority=0)
2026-05-12T12:35:23.931638911Z [INFO] eToro-MultiBot.SmaCrossoverStrategy_ONDO.ETORO_12: [CMD]--> UnsubscribeQuoteTicks(instrument_id=ONDO.ETORO, client_id=None, venue=ETORO)
2026-05-12T12:35:23.931738575Z [DEBUG] eToro-MultiBot.MessageBus: Removed Subscription(topic=data.bars.ONDO.ETORO-1-MINUTE-MID-INTERNAL, handler=<bound method Actor.handle_bar of SmaCrossoverStrategy(SmaCrossoverStrategy_ONDO.ETORO_12-012)>, priority=0)
2026-05-12T12:35:23.931807974Z [INFO] eToro-MultiBot.SmaCrossoverStrategy_ONDO.ETORO_12: [CMD]--> UnsubscribeBars(bar_type=ONDO.ETORO-1-MINUTE-MID-INTERNAL, client_id=None, venue=ETORO)
2026-05-12T12:35:23.931837907Z [INFO] eToro-MultiBot.SmaCrossoverStrategy_ONDO.ETORO_12: Unsubscribed from ONDO.ETORO-1-MINUTE-MID-INTERNAL bar data
2026-05-12T12:35:23.931850647Z [INFO] eToro-MultiBot.SmaCrossoverStrategy_ONDO.ETORO_12: Canceling executor tasks
2026-05-12T12:35:23.932051673Z [INFO] eToro-MultiBot.SmaCrossoverStrategy_ONDO.ETORO_12: STOPPED
2026-05-12T12:35:23.932117349Z [DEBUG] eToro-MultiBot.SmaCrossoverStrategy_01211.HK.ETORO_13: STOPPING
2026-05-12T12:35:23.932147017Z [INFO] eToro-MultiBot.SmaCrossoverStrategy_01211.HK.ETORO_13: Strategie auf 01211.HK.ETORO gestoppt.
2026-05-12T12:35:23.932272004Z [DEBUG] eToro-MultiBot.MessageBus: Removed Subscription(topic=data.quotes.ETORO.01211.HK, handler=<bound method Actor.handle_quote_tick of SmaCrossoverStrategy(SmaCrossoverStrategy_01211.HK.ETORO_13-013)>, priority=0)
2026-05-12T12:35:23.932363549Z [INFO] eToro-MultiBot.SmaCrossoverStrategy_01211.HK.ETORO_13: [CMD]--> UnsubscribeQuoteTicks(instrument_id=01211.HK.ETORO, client_id=None, venue=ETORO)
2026-05-12T12:35:23.932460902Z [DEBUG] eToro-MultiBot.MessageBus: Removed Subscription(topic=data.bars.01211.HK.ETORO-1-MINUTE-MID-INTERNAL, handler=<bound method Actor.handle_bar of SmaCrossoverStrategy(SmaCrossoverStrategy_01211.HK.ETORO_13-013)>, priority=0)
2026-05-12T12:35:23.932551350Z [INFO] eToro-MultiBot.SmaCrossoverStrategy_01211.HK.ETORO_13: [CMD]--> UnsubscribeBars(bar_type=01211.HK.ETORO-1-MINUTE-MID-INTERNAL, client_id=None, venue=ETORO)
2026-05-12T12:35:23.932579620Z [INFO] eToro-MultiBot.SmaCrossoverStrategy_01211.HK.ETORO_13: Unsubscribed from 01211.HK.ETORO-1-MINUTE-MID-INTERNAL bar data
2026-05-12T12:35:23.932591888Z [INFO] eToro-MultiBot.SmaCrossoverStrategy_01211.HK.ETORO_13: Canceling executor tasks
2026-05-12T12:35:23.932823870Z [INFO] eToro-MultiBot.SmaCrossoverStrategy_01211.HK.ETORO_13: STOPPED
2026-05-12T12:35:23.932890232Z [DEBUG] eToro-MultiBot.SmaCrossoverStrategy_XPEV.ETORO_14: STOPPING
2026-05-12T12:35:23.932912248Z [INFO] eToro-MultiBot.SmaCrossoverStrategy_XPEV.ETORO_14: Strategie auf XPEV.ETORO gestoppt.
2026-05-12T12:35:23.933024896Z [DEBUG] eToro-MultiBot.MessageBus: Removed Subscription(topic=data.quotes.ETORO.XPEV, handler=<bound method Actor.handle_quote_tick of SmaCrossoverStrategy(SmaCrossoverStrategy_XPEV.ETORO_14-014)>, priority=0)
2026-05-12T12:35:23.933118236Z [INFO] eToro-MultiBot.SmaCrossoverStrategy_XPEV.ETORO_14: [CMD]--> UnsubscribeQuoteTicks(instrument_id=XPEV.ETORO, client_id=None, venue=ETORO)
2026-05-12T12:35:23.933196260Z [DEBUG] eToro-MultiBot.MessageBus: Removed Subscription(topic=data.bars.XPEV.ETORO-1-MINUTE-MID-INTERNAL, handler=<bound method Actor.handle_bar of SmaCrossoverStrategy(SmaCrossoverStrategy_XPEV.ETORO_14-014)>, priority=0)
2026-05-12T12:35:23.933260292Z [INFO] eToro-MultiBot.SmaCrossoverStrategy_XPEV.ETORO_14: [CMD]--> UnsubscribeBars(bar_type=XPEV.ETORO-1-MINUTE-MID-INTERNAL, client_id=None, venue=ETORO)
2026-05-12T12:35:23.933288126Z [INFO] eToro-MultiBot.SmaCrossoverStrategy_XPEV.ETORO_14: Unsubscribed from XPEV.ETORO-1-MINUTE-MID-INTERNAL bar data
2026-05-12T12:35:23.933299447Z [INFO] eToro-MultiBot.SmaCrossoverStrategy_XPEV.ETORO_14: Canceling executor tasks
2026-05-12T12:35:23.933490720Z [INFO] eToro-MultiBot.SmaCrossoverStrategy_XPEV.ETORO_14: STOPPED
2026-05-12T12:35:23.933590104Z [DEBUG] eToro-MultiBot.SmaCrossoverStrategy_PLTR.ETORO_15: STOPPING
2026-05-12T12:35:23.933619025Z [INFO] eToro-MultiBot.SmaCrossoverStrategy_PLTR.ETORO_15: Strategie auf PLTR.ETORO gestoppt.
2026-05-12T12:35:23.933735447Z [DEBUG] eToro-MultiBot.MessageBus: Removed Subscription(topic=data.quotes.ETORO.PLTR, handler=<bound method Actor.handle_quote_tick of SmaCrossoverStrategy(SmaCrossoverStrategy_PLTR.ETORO_15-015)>, priority=0)
2026-05-12T12:35:23.933826596Z [INFO] eToro-MultiBot.SmaCrossoverStrategy_PLTR.ETORO_15: [CMD]--> UnsubscribeQuoteTicks(instrument_id=PLTR.ETORO, client_id=None, venue=ETORO)
2026-05-12T12:35:23.933904074Z [DEBUG] eToro-MultiBot.MessageBus: Removed Subscription(topic=data.bars.PLTR.ETORO-1-MINUTE-MID-INTERNAL, handler=<bound method Actor.handle_bar of SmaCrossoverStrategy(SmaCrossoverStrategy_PLTR.ETORO_15-015)>, priority=0)
2026-05-12T12:35:23.933969324Z [INFO] eToro-MultiBot.SmaCrossoverStrategy_PLTR.ETORO_15: [CMD]--> UnsubscribeBars(bar_type=PLTR.ETORO-1-MINUTE-MID-INTERNAL, client_id=None, venue=ETORO)
2026-05-12T12:35:23.933990101Z [INFO] eToro-MultiBot.SmaCrossoverStrategy_PLTR.ETORO_15: Unsubscribed from PLTR.ETORO-1-MINUTE-MID-INTERNAL bar data
2026-05-12T12:35:23.934001588Z [INFO] eToro-MultiBot.SmaCrossoverStrategy_PLTR.ETORO_15: Canceling executor tasks
2026-05-12T12:35:23.934186222Z [INFO] eToro-MultiBot.SmaCrossoverStrategy_PLTR.ETORO_15: STOPPED
2026-05-12T12:35:23.934251025Z [DEBUG] eToro-MultiBot.SmaCrossoverStrategy_RHM.DE.ETORO_16: STOPPING
2026-05-12T12:35:23.934280829Z [INFO] eToro-MultiBot.SmaCrossoverStrategy_RHM.DE.ETORO_16: Strategie auf RHM.DE.ETORO gestoppt.
2026-05-12T12:35:23.934421156Z [DEBUG] eToro-MultiBot.MessageBus: Removed Subscription(topic=data.quotes.ETORO.RHM.DE, handler=<bound method Actor.handle_quote_tick of SmaCrossoverStrategy(SmaCrossoverStrategy_RHM.DE.ETORO_16-016)>, priority=0)
2026-05-12T12:35:23.934514595Z [INFO] eToro-MultiBot.SmaCrossoverStrategy_RHM.DE.ETORO_16: [CMD]--> UnsubscribeQuoteTicks(instrument_id=RHM.DE.ETORO, client_id=None, venue=ETORO)
2026-05-12T12:35:23.934632892Z [DEBUG] eToro-MultiBot.MessageBus: Removed Subscription(topic=data.bars.RHM.DE.ETORO-1-MINUTE-MID-INTERNAL, handler=<bound method Actor.handle_bar of SmaCrossoverStrategy(SmaCrossoverStrategy_RHM.DE.ETORO_16-016)>, priority=0)
2026-05-12T12:35:23.934700602Z [INFO] eToro-MultiBot.SmaCrossoverStrategy_RHM.DE.ETORO_16: [CMD]--> UnsubscribeBars(bar_type=RHM.DE.ETORO-1-MINUTE-MID-INTERNAL, client_id=None, venue=ETORO)
2026-05-12T12:35:23.934722156Z [INFO] eToro-MultiBot.SmaCrossoverStrategy_RHM.DE.ETORO_16: Unsubscribed from RHM.DE.ETORO-1-MINUTE-MID-INTERNAL bar data
2026-05-12T12:35:23.934733663Z [INFO] eToro-MultiBot.SmaCrossoverStrategy_RHM.DE.ETORO_16: Canceling executor tasks
2026-05-12T12:35:23.934927212Z [INFO] eToro-MultiBot.SmaCrossoverStrategy_RHM.DE.ETORO_16: STOPPED
2026-05-12T12:35:23.934991986Z [DEBUG] eToro-MultiBot.SmaCrossoverStrategy_NVS.ETORO_17: STOPPING
2026-05-12T12:35:23.935012894Z [INFO] eToro-MultiBot.SmaCrossoverStrategy_NVS.ETORO_17: Strategie auf NVS.ETORO gestoppt.
2026-05-12T12:35:23.935123242Z [DEBUG] eToro-MultiBot.MessageBus: Removed Subscription(topic=data.quotes.ETORO.NVS, handler=<bound method Actor.handle_quote_tick of SmaCrossoverStrategy(SmaCrossoverStrategy_NVS.ETORO_17-017)>, priority=0)
2026-05-12T12:35:23.935213123Z [INFO] eToro-MultiBot.SmaCrossoverStrategy_NVS.ETORO_17: [CMD]--> UnsubscribeQuoteTicks(instrument_id=NVS.ETORO, client_id=None, venue=ETORO)
2026-05-12T12:35:23.935300739Z [DEBUG] eToro-MultiBot.MessageBus: Removed Subscription(topic=data.bars.NVS.ETORO-1-MINUTE-MID-INTERNAL, handler=<bound method Actor.handle_bar of SmaCrossoverStrategy(SmaCrossoverStrategy_NVS.ETORO_17-017)>, priority=0)
2026-05-12T12:35:23.935365227Z [INFO] eToro-MultiBot.SmaCrossoverStrategy_NVS.ETORO_17: [CMD]--> UnsubscribeBars(bar_type=NVS.ETORO-1-MINUTE-MID-INTERNAL, client_id=None, venue=ETORO)
2026-05-12T12:35:23.935395642Z [INFO] eToro-MultiBot.SmaCrossoverStrategy_NVS.ETORO_17: Unsubscribed from NVS.ETORO-1-MINUTE-MID-INTERNAL bar data
2026-05-12T12:35:23.935406993Z [INFO] eToro-MultiBot.SmaCrossoverStrategy_NVS.ETORO_17: Canceling executor tasks
2026-05-12T12:35:23.935621004Z [INFO] eToro-MultiBot.SmaCrossoverStrategy_NVS.ETORO_17: STOPPED
2026-05-12T12:35:23.935687171Z [DEBUG] eToro-MultiBot.SmaCrossoverStrategy_ROP.ZU.ETORO_18: STOPPING
2026-05-12T12:35:23.935707748Z [INFO] eToro-MultiBot.SmaCrossoverStrategy_ROP.ZU.ETORO_18: Strategie auf ROP.ZU.ETORO gestoppt.
2026-05-12T12:35:23.935817350Z [DEBUG] eToro-MultiBot.MessageBus: Removed Subscription(topic=data.quotes.ETORO.ROP.ZU, handler=<bound method Actor.handle_quote_tick of SmaCrossoverStrategy(SmaCrossoverStrategy_ROP.ZU.ETORO_18-018)>, priority=0)
2026-05-12T12:35:23.935911937Z [INFO] eToro-MultiBot.SmaCrossoverStrategy_ROP.ZU.ETORO_18: [CMD]--> UnsubscribeQuoteTicks(instrument_id=ROP.ZU.ETORO, client_id=None, venue=ETORO)
2026-05-12T12:35:23.936007687Z [DEBUG] eToro-MultiBot.MessageBus: Removed Subscription(topic=data.bars.ROP.ZU.ETORO-1-MINUTE-MID-INTERNAL, handler=<bound method Actor.handle_bar of SmaCrossoverStrategy(SmaCrossoverStrategy_ROP.ZU.ETORO_18-018)>, priority=0)
2026-05-12T12:35:23.936072696Z [INFO] eToro-MultiBot.SmaCrossoverStrategy_ROP.ZU.ETORO_18: [CMD]--> UnsubscribeBars(bar_type=ROP.ZU.ETORO-1-MINUTE-MID-INTERNAL, client_id=None, venue=ETORO)
2026-05-12T12:35:23.936104669Z [INFO] eToro-MultiBot.SmaCrossoverStrategy_ROP.ZU.ETORO_18: Unsubscribed from ROP.ZU.ETORO-1-MINUTE-MID-INTERNAL bar data
2026-05-12T12:35:23.936116000Z [INFO] eToro-MultiBot.SmaCrossoverStrategy_ROP.ZU.ETORO_18: Canceling executor tasks
2026-05-12T12:35:23.936308352Z [INFO] eToro-MultiBot.SmaCrossoverStrategy_ROP.ZU.ETORO_18: STOPPED
2026-05-12T12:35:23.936370153Z [DEBUG] eToro-MultiBot.SmaCrossoverStrategy_DOGE.ETORO_19: STOPPING
2026-05-12T12:35:23.936389914Z [INFO] eToro-MultiBot.SmaCrossoverStrategy_DOGE.ETORO_19: Strategie auf DOGE.ETORO gestoppt.
2026-05-12T12:35:23.936496458Z [DEBUG] eToro-MultiBot.MessageBus: Removed Subscription(topic=data.quotes.ETORO.DOGE, handler=<bound method Actor.handle_quote_tick of SmaCrossoverStrategy(SmaCrossoverStrategy_DOGE.ETORO_19-019)>, priority=0)
2026-05-12T12:35:23.936615441Z [INFO] eToro-MultiBot.SmaCrossoverStrategy_DOGE.ETORO_19: [CMD]--> UnsubscribeQuoteTicks(instrument_id=DOGE.ETORO, client_id=None, venue=ETORO)
2026-05-12T12:35:23.936705227Z [DEBUG] eToro-MultiBot.MessageBus: Removed Subscription(topic=data.bars.DOGE.ETORO-1-MINUTE-MID-INTERNAL, handler=<bound method Actor.handle_bar of SmaCrossoverStrategy(SmaCrossoverStrategy_DOGE.ETORO_19-019)>, priority=0)
2026-05-12T12:35:23.936762955Z [INFO] eToro-MultiBot.SmaCrossoverStrategy_DOGE.ETORO_19: [CMD]--> UnsubscribeBars(bar_type=DOGE.ETORO-1-MINUTE-MID-INTERNAL, client_id=None, venue=ETORO)
2026-05-12T12:35:23.936793284Z [INFO] eToro-MultiBot.SmaCrossoverStrategy_DOGE.ETORO_19: Unsubscribed from DOGE.ETORO-1-MINUTE-MID-INTERNAL bar data
2026-05-12T12:35:23.936804751Z [INFO] eToro-MultiBot.SmaCrossoverStrategy_DOGE.ETORO_19: Canceling executor tasks
2026-05-12T12:35:23.936983185Z [INFO] eToro-MultiBot.SmaCrossoverStrategy_DOGE.ETORO_19: STOPPED
2026-05-12T12:35:23.937046400Z [DEBUG] eToro-MultiBot.SmaCrossoverStrategy_SHIBxM.ETORO_20: STOPPING
2026-05-12T12:35:23.937066877Z [INFO] eToro-MultiBot.SmaCrossoverStrategy_SHIBxM.ETORO_20: Strategie auf SHIBxM.ETORO gestoppt.
2026-05-12T12:35:23.937174735Z [DEBUG] eToro-MultiBot.MessageBus: Removed Subscription(topic=data.quotes.ETORO.SHIBxM, handler=<bound method Actor.handle_quote_tick of SmaCrossoverStrategy(SmaCrossoverStrategy_SHIBxM.ETORO_20-020)>, priority=0)
2026-05-12T12:35:23.937263078Z [INFO] eToro-MultiBot.SmaCrossoverStrategy_SHIBxM.ETORO_20: [CMD]--> UnsubscribeQuoteTicks(instrument_id=SHIBxM.ETORO, client_id=None, venue=ETORO)
2026-05-12T12:35:23.937346519Z [DEBUG] eToro-MultiBot.MessageBus: Removed Subscription(topic=data.bars.SHIBxM.ETORO-1-MINUTE-MID-INTERNAL, handler=<bound method Actor.handle_bar of SmaCrossoverStrategy(SmaCrossoverStrategy_SHIBxM.ETORO_20-020)>, priority=0)
2026-05-12T12:35:23.937408872Z [INFO] eToro-MultiBot.SmaCrossoverStrategy_SHIBxM.ETORO_20: [CMD]--> UnsubscribeBars(bar_type=SHIBxM.ETORO-1-MINUTE-MID-INTERNAL, client_id=None, venue=ETORO)
2026-05-12T12:35:23.937441412Z [INFO] eToro-MultiBot.SmaCrossoverStrategy_SHIBxM.ETORO_20: Unsubscribed from SHIBxM.ETORO-1-MINUTE-MID-INTERNAL bar data
2026-05-12T12:35:23.937457178Z [INFO] eToro-MultiBot.SmaCrossoverStrategy_SHIBxM.ETORO_20: Canceling executor tasks
2026-05-12T12:35:23.937672272Z [INFO] eToro-MultiBot.SmaCrossoverStrategy_SHIBxM.ETORO_20: STOPPED
2026-05-12T12:35:23.937737466Z [DEBUG] eToro-MultiBot.SmaCrossoverStrategy_PEPExM.ETORO_21: STOPPING
2026-05-12T12:35:23.937759507Z [INFO] eToro-MultiBot.SmaCrossoverStrategy_PEPExM.ETORO_21: Strategie auf PEPExM.ETORO gestoppt.
2026-05-12T12:35:23.937870441Z [DEBUG] eToro-MultiBot.MessageBus: Removed Subscription(topic=data.quotes.ETORO.PEPExM, handler=<bound method Actor.handle_quote_tick of SmaCrossoverStrategy(SmaCrossoverStrategy_PEPExM.ETORO_21-021)>, priority=0)
2026-05-12T12:35:23.937948080Z [INFO] eToro-MultiBot.SmaCrossoverStrategy_PEPExM.ETORO_21: [CMD]--> UnsubscribeQuoteTicks(instrument_id=PEPExM.ETORO, client_id=None, venue=ETORO)
2026-05-12T12:35:23.938033641Z [DEBUG] eToro-MultiBot.MessageBus: Removed Subscription(topic=data.bars.PEPExM.ETORO-1-MINUTE-MID-INTERNAL, handler=<bound method Actor.handle_bar of SmaCrossoverStrategy(SmaCrossoverStrategy_PEPExM.ETORO_21-021)>, priority=0)
2026-05-12T12:35:23.938103115Z [INFO] eToro-MultiBot.SmaCrossoverStrategy_PEPExM.ETORO_21: [CMD]--> UnsubscribeBars(bar_type=PEPExM.ETORO-1-MINUTE-MID-INTERNAL, client_id=None, venue=ETORO)
2026-05-12T12:35:23.938135054Z [INFO] eToro-MultiBot.SmaCrossoverStrategy_PEPExM.ETORO_21: Unsubscribed from PEPExM.ETORO-1-MINUTE-MID-INTERNAL bar data
2026-05-12T12:35:23.938151135Z [INFO] eToro-MultiBot.SmaCrossoverStrategy_PEPExM.ETORO_21: Canceling executor tasks
2026-05-12T12:35:23.938362070Z [INFO] eToro-MultiBot.SmaCrossoverStrategy_PEPExM.ETORO_21: STOPPED
2026-05-12T12:35:23.938440675Z [DEBUG] eToro-MultiBot.SmaCrossoverStrategy_SOL.ETORO_22: STOPPING
2026-05-12T12:35:23.938464785Z [INFO] eToro-MultiBot.SmaCrossoverStrategy_SOL.ETORO_22: Strategie auf SOL.ETORO gestoppt.
2026-05-12T12:35:23.938626872Z [DEBUG] eToro-MultiBot.MessageBus: Removed Subscription(topic=data.quotes.ETORO.SOL, handler=<bound method Actor.handle_quote_tick of SmaCrossoverStrategy(SmaCrossoverStrategy_SOL.ETORO_22-022)>, priority=0)
2026-05-12T12:35:23.938728190Z [INFO] eToro-MultiBot.SmaCrossoverStrategy_SOL.ETORO_22: [CMD]--> UnsubscribeQuoteTicks(instrument_id=SOL.ETORO, client_id=None, venue=ETORO)
2026-05-12T12:35:23.938824726Z [DEBUG] eToro-MultiBot.MessageBus: Removed Subscription(topic=data.bars.SOL.ETORO-1-MINUTE-MID-INTERNAL, handler=<bound method Actor.handle_bar of SmaCrossoverStrategy(SmaCrossoverStrategy_SOL.ETORO_22-022)>, priority=0)
2026-05-12T12:35:23.938901277Z [INFO] eToro-MultiBot.SmaCrossoverStrategy_SOL.ETORO_22: [CMD]--> UnsubscribeBars(bar_type=SOL.ETORO-1-MINUTE-MID-INTERNAL, client_id=None, venue=ETORO)
2026-05-12T12:35:23.938927522Z [INFO] eToro-MultiBot.SmaCrossoverStrategy_SOL.ETORO_22: Unsubscribed from SOL.ETORO-1-MINUTE-MID-INTERNAL bar data
2026-05-12T12:35:23.938939840Z [INFO] eToro-MultiBot.SmaCrossoverStrategy_SOL.ETORO_22: Canceling executor tasks
2026-05-12T12:35:23.939139018Z [INFO] eToro-MultiBot.SmaCrossoverStrategy_SOL.ETORO_22: STOPPED
2026-05-12T12:35:23.939210076Z [DEBUG] eToro-MultiBot.SmaCrossoverStrategy_AVAX.ETORO_23: STOPPING
2026-05-12T12:35:23.939232903Z [INFO] eToro-MultiBot.SmaCrossoverStrategy_AVAX.ETORO_23: Strategie auf AVAX.ETORO gestoppt.
2026-05-12T12:35:23.939385498Z [DEBUG] eToro-MultiBot.MessageBus: Removed Subscription(topic=data.quotes.ETORO.AVAX, handler=<bound method Actor.handle_quote_tick of SmaCrossoverStrategy(SmaCrossoverStrategy_AVAX.ETORO_23-023)>, priority=0)
2026-05-12T12:35:23.939485217Z [INFO] eToro-MultiBot.SmaCrossoverStrategy_AVAX.ETORO_23: [CMD]--> UnsubscribeQuoteTicks(instrument_id=AVAX.ETORO, client_id=None, venue=ETORO)
2026-05-12T12:35:23.939609462Z [DEBUG] eToro-MultiBot.MessageBus: Removed Subscription(topic=data.bars.AVAX.ETORO-1-MINUTE-MID-INTERNAL, handler=<bound method Actor.handle_bar of SmaCrossoverStrategy(SmaCrossoverStrategy_AVAX.ETORO_23-023)>, priority=0)
2026-05-12T12:35:23.939688504Z [INFO] eToro-MultiBot.SmaCrossoverStrategy_AVAX.ETORO_23: [CMD]--> UnsubscribeBars(bar_type=AVAX.ETORO-1-MINUTE-MID-INTERNAL, client_id=None, venue=ETORO)
2026-05-12T12:35:23.939708640Z [INFO] eToro-MultiBot.SmaCrossoverStrategy_AVAX.ETORO_23: Unsubscribed from AVAX.ETORO-1-MINUTE-MID-INTERNAL bar data
2026-05-12T12:35:23.939717585Z [INFO] eToro-MultiBot.SmaCrossoverStrategy_AVAX.ETORO_23: Canceling executor tasks
2026-05-12T12:35:23.939906805Z [INFO] eToro-MultiBot.SmaCrossoverStrategy_AVAX.ETORO_23: STOPPED
2026-05-12T12:35:23.939979451Z [DEBUG] eToro-MultiBot.SmaCrossoverStrategy_NATGAS.ETORO_24: STOPPING
2026-05-12T12:35:23.940010553Z [INFO] eToro-MultiBot.SmaCrossoverStrategy_NATGAS.ETORO_24: Strategie auf NATGAS.ETORO gestoppt.
2026-05-12T12:35:23.940134948Z [DEBUG] eToro-MultiBot.MessageBus: Removed Subscription(topic=data.quotes.ETORO.NATGAS, handler=<bound method Actor.handle_quote_tick of SmaCrossoverStrategy(SmaCrossoverStrategy_NATGAS.ETORO_24-024)>, priority=0)
2026-05-12T12:35:23.940210156Z [INFO] eToro-MultiBot.SmaCrossoverStrategy_NATGAS.ETORO_24: [CMD]--> UnsubscribeQuoteTicks(instrument_id=NATGAS.ETORO, client_id=None, venue=ETORO)
2026-05-12T12:35:23.940279785Z [DEBUG] eToro-MultiBot.MessageBus: Removed Subscription(topic=data.bars.NATGAS.ETORO-1-MINUTE-MID-INTERNAL, handler=<bound method Actor.handle_bar of SmaCrossoverStrategy(SmaCrossoverStrategy_NATGAS.ETORO_24-024)>, priority=0)
2026-05-12T12:35:23.940323957Z [INFO] eToro-MultiBot.SmaCrossoverStrategy_NATGAS.ETORO_24: [CMD]--> UnsubscribeBars(bar_type=NATGAS.ETORO-1-MINUTE-MID-INTERNAL, client_id=None, venue=ETORO)
2026-05-12T12:35:23.940338716Z [INFO] eToro-MultiBot.SmaCrossoverStrategy_NATGAS.ETORO_24: Unsubscribed from NATGAS.ETORO-1-MINUTE-MID-INTERNAL bar data
2026-05-12T12:35:23.940346689Z [INFO] eToro-MultiBot.SmaCrossoverStrategy_NATGAS.ETORO_24: Canceling executor tasks
2026-05-12T12:35:23.940500572Z [INFO] eToro-MultiBot.SmaCrossoverStrategy_NATGAS.ETORO_24: STOPPED
2026-05-12T12:35:23.940574838Z [DEBUG] eToro-MultiBot.SmaCrossoverStrategy_PALL.ETORO_25: STOPPING
2026-05-12T12:35:23.940596938Z [INFO] eToro-MultiBot.SmaCrossoverStrategy_PALL.ETORO_25: Strategie auf PALL.ETORO gestoppt.
2026-05-12T12:35:23.940686589Z [DEBUG] eToro-MultiBot.MessageBus: Removed Subscription(topic=data.quotes.ETORO.PALL, handler=<bound method Actor.handle_quote_tick of SmaCrossoverStrategy(SmaCrossoverStrategy_PALL.ETORO_25-025)>, priority=0)
2026-05-12T12:35:23.940758990Z [INFO] eToro-MultiBot.SmaCrossoverStrategy_PALL.ETORO_25: [CMD]--> UnsubscribeQuoteTicks(instrument_id=PALL.ETORO, client_id=None, venue=ETORO)
2026-05-12T12:35:23.940849804Z [DEBUG] eToro-MultiBot.MessageBus: Removed Subscription(topic=data.bars.PALL.ETORO-1-MINUTE-MID-INTERNAL, handler=<bound method Actor.handle_bar of SmaCrossoverStrategy(SmaCrossoverStrategy_PALL.ETORO_25-025)>, priority=0)
2026-05-12T12:35:23.940917529Z [INFO] eToro-MultiBot.SmaCrossoverStrategy_PALL.ETORO_25: [CMD]--> UnsubscribeBars(bar_type=PALL.ETORO-1-MINUTE-MID-INTERNAL, client_id=None, venue=ETORO)
2026-05-12T12:35:23.940935079Z [INFO] eToro-MultiBot.SmaCrossoverStrategy_PALL.ETORO_25: Unsubscribed from PALL.ETORO-1-MINUTE-MID-INTERNAL bar data
2026-05-12T12:35:23.940943378Z [INFO] eToro-MultiBot.SmaCrossoverStrategy_PALL.ETORO_25: Canceling executor tasks
2026-05-12T12:35:23.941083024Z [INFO] eToro-MultiBot.SmaCrossoverStrategy_PALL.ETORO_25: STOPPED
2026-05-12T12:35:23.941132182Z [DEBUG] eToro-MultiBot.SmaCrossoverStrategy_USDTRY.ETORO_26: STOPPING
2026-05-12T12:35:23.941151461Z [INFO] eToro-MultiBot.SmaCrossoverStrategy_USDTRY.ETORO_26: Strategie auf USDTRY.ETORO gestoppt.
2026-05-12T12:35:23.941229570Z [DEBUG] eToro-MultiBot.MessageBus: Removed Subscription(topic=data.quotes.ETORO.USDTRY, handler=<bound method Actor.handle_quote_tick of SmaCrossoverStrategy(SmaCrossoverStrategy_USDTRY.ETORO_26-026)>, priority=0)
2026-05-12T12:35:23.941289853Z [INFO] eToro-MultiBot.SmaCrossoverStrategy_USDTRY.ETORO_26: [CMD]--> UnsubscribeQuoteTicks(instrument_id=USDTRY.ETORO, client_id=None, venue=ETORO)
2026-05-12T12:35:23.941353469Z [DEBUG] eToro-MultiBot.MessageBus: Removed Subscription(topic=data.bars.USDTRY.ETORO-1-MINUTE-MID-INTERNAL, handler=<bound method Actor.handle_bar of SmaCrossoverStrategy(SmaCrossoverStrategy_USDTRY.ETORO_26-026)>, priority=0)
2026-05-12T12:35:23.941415667Z [INFO] eToro-MultiBot.SmaCrossoverStrategy_USDTRY.ETORO_26: [CMD]--> UnsubscribeBars(bar_type=USDTRY.ETORO-1-MINUTE-MID-INTERNAL, client_id=None, venue=ETORO)
2026-05-12T12:35:23.941437217Z [INFO] eToro-MultiBot.SmaCrossoverStrategy_USDTRY.ETORO_26: Unsubscribed from USDTRY.ETORO-1-MINUTE-MID-INTERNAL bar data
2026-05-12T12:35:23.941445215Z [INFO] eToro-MultiBot.SmaCrossoverStrategy_USDTRY.ETORO_26: Canceling executor tasks
2026-05-12T12:35:23.941620843Z [INFO] eToro-MultiBot.SmaCrossoverStrategy_USDTRY.ETORO_26: STOPPED
2026-05-12T12:35:23.941656392Z [DEBUG] eToro-MultiBot.SmaCrossoverStrategy_USDZAR.ETORO_27: STOPPING
2026-05-12T12:35:23.941672076Z [INFO] eToro-MultiBot.SmaCrossoverStrategy_USDZAR.ETORO_27: Strategie auf USDZAR.ETORO gestoppt.
2026-05-12T12:35:23.941736704Z [DEBUG] eToro-MultiBot.MessageBus: Removed Subscription(topic=data.quotes.ETORO.USDZAR, handler=<bound method Actor.handle_quote_tick of SmaCrossoverStrategy(SmaCrossoverStrategy_USDZAR.ETORO_27-027)>, priority=0)
2026-05-12T12:35:23.941777072Z [INFO] eToro-MultiBot.SmaCrossoverStrategy_USDZAR.ETORO_27: [CMD]--> UnsubscribeQuoteTicks(instrument_id=USDZAR.ETORO, client_id=None, venue=ETORO)
2026-05-12T12:35:23.941815595Z [DEBUG] eToro-MultiBot.MessageBus: Removed Subscription(topic=data.bars.USDZAR.ETORO-1-MINUTE-MID-INTERNAL, handler=<bound method Actor.handle_bar of SmaCrossoverStrategy(SmaCrossoverStrategy_USDZAR.ETORO_27-027)>, priority=0)
2026-05-12T12:35:23.941839051Z [INFO] eToro-MultiBot.SmaCrossoverStrategy_USDZAR.ETORO_27: [CMD]--> UnsubscribeBars(bar_type=USDZAR.ETORO-1-MINUTE-MID-INTERNAL, client_id=None, venue=ETORO)
2026-05-12T12:35:23.941849305Z [INFO] eToro-MultiBot.SmaCrossoverStrategy_USDZAR.ETORO_27: Unsubscribed from USDZAR.ETORO-1-MINUTE-MID-INTERNAL bar data
2026-05-12T12:35:23.941853169Z [INFO] eToro-MultiBot.SmaCrossoverStrategy_USDZAR.ETORO_27: Canceling executor tasks
2026-05-12T12:35:23.941968885Z [INFO] eToro-MultiBot.SmaCrossoverStrategy_USDZAR.ETORO_27: STOPPED
2026-05-12T12:35:23.942012542Z [INFO] eToro-MultiBot.eToro-MultiBot: STOPPED
2026-05-12T12:35:23.942040453Z [INFO] eToro-MultiBot.TradingNode: Awaiting post stop (10.0s timeout)...
2026-05-12T12:35:23.942133983Z [DEBUG] eToro-MultiBot.SmaCrossoverStrategy_TSLA.ETORO_0: Executor: Canceled inner worker task
2026-05-12T12:35:23.942170096Z [DEBUG] eToro-MultiBot.SmaCrossoverStrategy_HUT.ETORO_1: Executor: Canceled inner worker task
2026-05-12T12:35:23.942190550Z [DEBUG] eToro-MultiBot.SmaCrossoverStrategy_RIOT.ETORO_2: Executor: Canceled inner worker task
2026-05-12T12:35:23.942208822Z [DEBUG] eToro-MultiBot.SmaCrossoverStrategy_NVDA.ETORO_3: Executor: Canceled inner worker task
2026-05-12T12:35:23.942228875Z [DEBUG] eToro-MultiBot.SmaCrossoverStrategy_FSLY.ETORO_4: Executor: Canceled inner worker task
2026-05-12T12:35:23.942245915Z [DEBUG] eToro-MultiBot.SmaCrossoverStrategy_INSM.ETORO_5: Executor: Canceled inner worker task
2026-05-12T12:35:23.942262193Z [DEBUG] eToro-MultiBot.SmaCrossoverStrategy_BTC.ETORO_6: Executor: Canceled inner worker task
2026-05-12T12:35:23.942279178Z [DEBUG] eToro-MultiBot.SmaCrossoverStrategy_ETH.ETORO_7: Executor: Canceled inner worker task
2026-05-12T12:35:23.942295245Z [DEBUG] eToro-MultiBot.SmaCrossoverStrategy_ADA.ETORO_8: Executor: Canceled inner worker task
2026-05-12T12:35:23.942311839Z [DEBUG] eToro-MultiBot.SmaCrossoverStrategy_XRP.ETORO_9: Executor: Canceled inner worker task
2026-05-12T12:35:23.942328223Z [DEBUG] eToro-MultiBot.SmaCrossoverStrategy_AERO.ETORO_10: Executor: Canceled inner worker task
2026-05-12T12:35:23.942345684Z [DEBUG] eToro-MultiBot.SmaCrossoverStrategy_HYPE.ETORO_11: Executor: Canceled inner worker task
2026-05-12T12:35:23.942361672Z [DEBUG] eToro-MultiBot.SmaCrossoverStrategy_ONDO.ETORO_12: Executor: Canceled inner worker task
2026-05-12T12:35:23.942378526Z [DEBUG] eToro-MultiBot.SmaCrossoverStrategy_01211.HK.ETORO_13: Executor: Canceled inner worker task
2026-05-12T12:35:23.942394876Z [DEBUG] eToro-MultiBot.SmaCrossoverStrategy_XPEV.ETORO_14: Executor: Canceled inner worker task
2026-05-12T12:35:23.942412043Z [DEBUG] eToro-MultiBot.SmaCrossoverStrategy_PLTR.ETORO_15: Executor: Canceled inner worker task
2026-05-12T12:35:23.942428677Z [DEBUG] eToro-MultiBot.SmaCrossoverStrategy_RHM.DE.ETORO_16: Executor: Canceled inner worker task
2026-05-12T12:35:23.942445799Z [DEBUG] eToro-MultiBot.SmaCrossoverStrategy_NVS.ETORO_17: Executor: Canceled inner worker task
2026-05-12T12:35:23.942461671Z [DEBUG] eToro-MultiBot.SmaCrossoverStrategy_ROP.ZU.ETORO_18: Executor: Canceled inner worker task
2026-05-12T12:35:23.942477936Z [DEBUG] eToro-MultiBot.SmaCrossoverStrategy_DOGE.ETORO_19: Executor: Canceled inner worker task
2026-05-12T12:35:23.942494151Z [DEBUG] eToro-MultiBot.SmaCrossoverStrategy_SHIBxM.ETORO_20: Executor: Canceled inner worker task
2026-05-12T12:35:23.942510702Z [DEBUG] eToro-MultiBot.SmaCrossoverStrategy_PEPExM.ETORO_21: Executor: Canceled inner worker task
2026-05-12T12:35:23.945542685Z [DEBUG] eToro-MultiBot.SmaCrossoverStrategy_SOL.ETORO_22: Executor: Canceled inner worker task
2026-05-12T12:35:23.945571809Z [DEBUG] eToro-MultiBot.SmaCrossoverStrategy_AVAX.ETORO_23: Executor: Canceled inner worker task
2026-05-12T12:35:23.945584436Z [DEBUG] eToro-MultiBot.SmaCrossoverStrategy_NATGAS.ETORO_24: Executor: Canceled inner worker task
2026-05-12T12:35:23.945596298Z [DEBUG] eToro-MultiBot.SmaCrossoverStrategy_PALL.ETORO_25: Executor: Canceled inner worker task
2026-05-12T12:35:23.945607519Z [DEBUG] eToro-MultiBot.SmaCrossoverStrategy_USDTRY.ETORO_26: Executor: Canceled inner worker task
2026-05-12T12:35:23.945617988Z [DEBUG] eToro-MultiBot.SmaCrossoverStrategy_USDZAR.ETORO_27: Executor: Canceled inner worker task
2026-05-12T12:35:23.945753575Z [DEBUG] eToro-MultiBot.nautilus_common::live::timer: Cancel timer 'TIME_BAR_TSLA.ETORO-1-MINUTE-MID-INTERNAL'
2026-05-12T12:35:23.945830987Z [DEBUG] eToro-MultiBot.MessageBus: Removed Subscription(topic=data.quotes.ETORO.TSLA, handler=<bound method BarAggregator.handle_quote_tick of <nautilus_trader.data.aggregation.TimeBarAggregator object at 0x7fd693fafb80>>, priority=0)
2026-05-12T12:35:23.945882985Z [DEBUG] eToro-MultiBot.DataEngine: Removed aggregator for key=(BarType(TSLA.ETORO-1-MINUTE-MID-INTERNAL), None)
2026-05-12T12:35:23.945948971Z [DEBUG] eToro-MultiBot.nautilus_common::live::timer: Cancel timer 'TIME_BAR_HUT.ETORO-1-MINUTE-MID-INTERNAL'
2026-05-12T12:35:23.945989187Z [DEBUG] eToro-MultiBot.MessageBus: Removed Subscription(topic=data.quotes.ETORO.HUT, handler=<bound method BarAggregator.handle_quote_tick of <nautilus_trader.data.aggregation.TimeBarAggregator object at 0x7fd693fafdc0>>, priority=0)
2026-05-12T12:35:23.946021219Z [DEBUG] eToro-MultiBot.DataEngine: Removed aggregator for key=(BarType(HUT.ETORO-1-MINUTE-MID-INTERNAL), None)
2026-05-12T12:35:23.946084870Z [DEBUG] eToro-MultiBot.nautilus_common::live::timer: Cancel timer 'TIME_BAR_RIOT.ETORO-1-MINUTE-MID-INTERNAL'
2026-05-12T12:35:23.946124230Z [DEBUG] eToro-MultiBot.MessageBus: Removed Subscription(topic=data.quotes.ETORO.RIOT, handler=<bound method BarAggregator.handle_quote_tick of <nautilus_trader.data.aggregation.TimeBarAggregator object at 0x7fd691c7c040>>, priority=0)
2026-05-12T12:35:23.946154875Z [DEBUG] eToro-MultiBot.DataEngine: Removed aggregator for key=(BarType(RIOT.ETORO-1-MINUTE-MID-INTERNAL), None)
2026-05-12T12:35:23.946216023Z [DEBUG] eToro-MultiBot.nautilus_common::live::timer: Cancel timer 'TIME_BAR_NVDA.ETORO-1-MINUTE-MID-INTERNAL'
2026-05-12T12:35:23.946252706Z [DEBUG] eToro-MultiBot.MessageBus: Removed Subscription(topic=data.quotes.ETORO.NVDA, handler=<bound method BarAggregator.handle_quote_tick of <nautilus_trader.data.aggregation.TimeBarAggregator object at 0x7fd691c7c280>>, priority=0)
2026-05-12T12:35:23.946282336Z [DEBUG] eToro-MultiBot.DataEngine: Removed aggregator for key=(BarType(NVDA.ETORO-1-MINUTE-MID-INTERNAL), None)
2026-05-12T12:35:23.946341871Z [DEBUG] eToro-MultiBot.nautilus_common::live::timer: Cancel timer 'TIME_BAR_FSLY.ETORO-1-MINUTE-MID-INTERNAL'
2026-05-12T12:35:23.946378463Z [DEBUG] eToro-MultiBot.MessageBus: Removed Subscription(topic=data.quotes.ETORO.FSLY, handler=<bound method BarAggregator.handle_quote_tick of <nautilus_trader.data.aggregation.TimeBarAggregator object at 0x7fd691c7c4c0>>, priority=0)
2026-05-12T12:35:23.946407644Z [DEBUG] eToro-MultiBot.DataEngine: Removed aggregator for key=(BarType(FSLY.ETORO-1-MINUTE-MID-INTERNAL), None)
2026-05-12T12:35:23.946468006Z [DEBUG] eToro-MultiBot.nautilus_common::live::timer: Cancel timer 'TIME_BAR_INSM.ETORO-1-MINUTE-MID-INTERNAL'
2026-05-12T12:35:23.946507527Z [DEBUG] eToro-MultiBot.MessageBus: Removed Subscription(topic=data.quotes.ETORO.INSM, handler=<bound method BarAggregator.handle_quote_tick of <nautilus_trader.data.aggregation.TimeBarAggregator object at 0x7fd691c7c700>>, priority=0)
2026-05-12T12:35:23.946555170Z [DEBUG] eToro-MultiBot.DataEngine: Removed aggregator for key=(BarType(INSM.ETORO-1-MINUTE-MID-INTERNAL), None)
2026-05-12T12:35:23.946619283Z [DEBUG] eToro-MultiBot.nautilus_common::live::timer: Cancel timer 'TIME_BAR_BTC.ETORO-1-MINUTE-MID-INTERNAL'
2026-05-12T12:35:23.946681527Z [DEBUG] eToro-MultiBot.MessageBus: Removed Subscription(topic=data.quotes.ETORO.BTC, handler=<bound method BarAggregator.handle_quote_tick of <nautilus_trader.data.aggregation.TimeBarAggregator object at 0x7fd691c7c940>>, priority=0)
2026-05-12T12:35:23.946716631Z [DEBUG] eToro-MultiBot.DataEngine: Removed aggregator for key=(BarType(BTC.ETORO-1-MINUTE-MID-INTERNAL), None)
2026-05-12T12:35:23.946781311Z [DEBUG] eToro-MultiBot.nautilus_common::live::timer: Cancel timer 'TIME_BAR_ETH.ETORO-1-MINUTE-MID-INTERNAL'
2026-05-12T12:35:23.946843397Z [DEBUG] eToro-MultiBot.MessageBus: Removed Subscription(topic=data.quotes.ETORO.ETH, handler=<bound method BarAggregator.handle_quote_tick of <nautilus_trader.data.aggregation.TimeBarAggregator object at 0x7fd691c7cb80>>, priority=0)
2026-05-12T12:35:23.946877662Z [DEBUG] eToro-MultiBot.DataEngine: Removed aggregator for key=(BarType(ETH.ETORO-1-MINUTE-MID-INTERNAL), None)
2026-05-12T12:35:23.946943756Z [DEBUG] eToro-MultiBot.nautilus_common::live::timer: Cancel timer 'TIME_BAR_ADA.ETORO-1-MINUTE-MID-INTERNAL'
2026-05-12T12:35:23.946987518Z [DEBUG] eToro-MultiBot.MessageBus: Removed Subscription(topic=data.quotes.ETORO.ADA, handler=<bound method BarAggregator.handle_quote_tick of <nautilus_trader.data.aggregation.TimeBarAggregator object at 0x7fd691c7cdc0>>, priority=0)
2026-05-12T12:35:23.947022306Z [DEBUG] eToro-MultiBot.DataEngine: Removed aggregator for key=(BarType(ADA.ETORO-1-MINUTE-MID-INTERNAL), None)
2026-05-12T12:35:23.947086689Z [DEBUG] eToro-MultiBot.nautilus_common::live::timer: Cancel timer 'TIME_BAR_XRP.ETORO-1-MINUTE-MID-INTERNAL'
2026-05-12T12:35:23.947127526Z [DEBUG] eToro-MultiBot.MessageBus: Removed Subscription(topic=data.quotes.ETORO.XRP, handler=<bound method BarAggregator.handle_quote_tick of <nautilus_trader.data.aggregation.TimeBarAggregator object at 0x7fd691c7d000>>, priority=0)
2026-05-12T12:35:23.947161282Z [DEBUG] eToro-MultiBot.DataEngine: Removed aggregator for key=(BarType(XRP.ETORO-1-MINUTE-MID-INTERNAL), None)
2026-05-12T12:35:23.947222782Z [DEBUG] eToro-MultiBot.nautilus_common::live::timer: Cancel timer 'TIME_BAR_AERO.ETORO-1-MINUTE-MID-INTERNAL'
2026-05-12T12:35:23.947263312Z [DEBUG] eToro-MultiBot.MessageBus: Removed Subscription(topic=data.quotes.ETORO.AERO, handler=<bound method BarAggregator.handle_quote_tick of <nautilus_trader.data.aggregation.TimeBarAggregator object at 0x7fd691c7d240>>, priority=0)
2026-05-12T12:35:23.947297288Z [DEBUG] eToro-MultiBot.DataEngine: Removed aggregator for key=(BarType(AERO.ETORO-1-MINUTE-MID-INTERNAL), None)
2026-05-12T12:35:23.947357361Z [DEBUG] eToro-MultiBot.nautilus_common::live::timer: Cancel timer 'TIME_BAR_HYPE.ETORO-1-MINUTE-MID-INTERNAL'
2026-05-12T12:35:23.947397253Z [DEBUG] eToro-MultiBot.MessageBus: Removed Subscription(topic=data.quotes.ETORO.HYPE, handler=<bound method BarAggregator.handle_quote_tick of <nautilus_trader.data.aggregation.TimeBarAggregator object at 0x7fd691c7d480>>, priority=0)
2026-05-12T12:35:23.947430761Z [DEBUG] eToro-MultiBot.DataEngine: Removed aggregator for key=(BarType(HYPE.ETORO-1-MINUTE-MID-INTERNAL), None)
2026-05-12T12:35:23.947489322Z [DEBUG] eToro-MultiBot.nautilus_common::live::timer: Cancel timer 'TIME_BAR_ONDO.ETORO-1-MINUTE-MID-INTERNAL'
2026-05-12T12:35:23.947531860Z [DEBUG] eToro-MultiBot.MessageBus: Removed Subscription(topic=data.quotes.ETORO.ONDO, handler=<bound method BarAggregator.handle_quote_tick of <nautilus_trader.data.aggregation.TimeBarAggregator object at 0x7fd691c7d6c0>>, priority=0)
2026-05-12T12:35:23.947569573Z [DEBUG] eToro-MultiBot.DataEngine: Removed aggregator for key=(BarType(ONDO.ETORO-1-MINUTE-MID-INTERNAL), None)
2026-05-12T12:35:23.947629581Z [DEBUG] eToro-MultiBot.nautilus_common::live::timer: Cancel timer 'TIME_BAR_01211.HK.ETORO-1-MINUTE-MID-INTERNAL'
2026-05-12T12:35:23.947692358Z [DEBUG] eToro-MultiBot.MessageBus: Removed Subscription(topic=data.quotes.ETORO.01211.HK, handler=<bound method BarAggregator.handle_quote_tick of <nautilus_trader.data.aggregation.TimeBarAggregator object at 0x7fd691c7d900>>, priority=0)
2026-05-12T12:35:23.947727833Z [DEBUG] eToro-MultiBot.DataEngine: Removed aggregator for key=(BarType(01211.HK.ETORO-1-MINUTE-MID-INTERNAL), None)
2026-05-12T12:35:23.947787195Z [DEBUG] eToro-MultiBot.nautilus_common::live::timer: Cancel timer 'TIME_BAR_XPEV.ETORO-1-MINUTE-MID-INTERNAL'
2026-05-12T12:35:23.947823723Z [DEBUG] eToro-MultiBot.MessageBus: Removed Subscription(topic=data.quotes.ETORO.XPEV, handler=<bound method BarAggregator.handle_quote_tick of <nautilus_trader.data.aggregation.TimeBarAggregator object at 0x7fd691c7db40>>, priority=0)
2026-05-12T12:35:23.947856108Z [DEBUG] eToro-MultiBot.DataEngine: Removed aggregator for key=(BarType(XPEV.ETORO-1-MINUTE-MID-INTERNAL), None)
2026-05-12T12:35:23.947912984Z [DEBUG] eToro-MultiBot.nautilus_common::live::timer: Cancel timer 'TIME_BAR_PLTR.ETORO-1-MINUTE-MID-INTERNAL'
2026-05-12T12:35:23.947947087Z [DEBUG] eToro-MultiBot.MessageBus: Removed Subscription(topic=data.quotes.ETORO.PLTR, handler=<bound method BarAggregator.handle_quote_tick of <nautilus_trader.data.aggregation.TimeBarAggregator object at 0x7fd691c7dd80>>, priority=0)
2026-05-12T12:35:23.947979193Z [DEBUG] eToro-MultiBot.DataEngine: Removed aggregator for key=(BarType(PLTR.ETORO-1-MINUTE-MID-INTERNAL), None)
2026-05-12T12:35:23.948036316Z [DEBUG] eToro-MultiBot.nautilus_common::live::timer: Cancel timer 'TIME_BAR_RHM.DE.ETORO-1-MINUTE-MID-INTERNAL'
2026-05-12T12:35:23.948071279Z [DEBUG] eToro-MultiBot.MessageBus: Removed Subscription(topic=data.quotes.ETORO.RHM.DE, handler=<bound method BarAggregator.handle_quote_tick of <nautilus_trader.data.aggregation.TimeBarAggregator object at 0x7fd691c7dfc0>>, priority=0)
2026-05-12T12:35:23.948103623Z [DEBUG] eToro-MultiBot.DataEngine: Removed aggregator for key=(BarType(RHM.DE.ETORO-1-MINUTE-MID-INTERNAL), None)
2026-05-12T12:35:23.948159834Z [DEBUG] eToro-MultiBot.nautilus_common::live::timer: Cancel timer 'TIME_BAR_NVS.ETORO-1-MINUTE-MID-INTERNAL'
2026-05-12T12:35:23.948194015Z [DEBUG] eToro-MultiBot.MessageBus: Removed Subscription(topic=data.quotes.ETORO.NVS, handler=<bound method BarAggregator.handle_quote_tick of <nautilus_trader.data.aggregation.TimeBarAggregator object at 0x7fd691c7e200>>, priority=0)
2026-05-12T12:35:23.948227102Z [DEBUG] eToro-MultiBot.DataEngine: Removed aggregator for key=(BarType(NVS.ETORO-1-MINUTE-MID-INTERNAL), None)
2026-05-12T12:35:23.948283211Z [DEBUG] eToro-MultiBot.nautilus_common::live::timer: Cancel timer 'TIME_BAR_ROP.ZU.ETORO-1-MINUTE-MID-INTERNAL'
2026-05-12T12:35:23.948317422Z [DEBUG] eToro-MultiBot.MessageBus: Removed Subscription(topic=data.quotes.ETORO.ROP.ZU, handler=<bound method BarAggregator.handle_quote_tick of <nautilus_trader.data.aggregation.TimeBarAggregator object at 0x7fd691c7e440>>, priority=0)
2026-05-12T12:35:23.948349585Z [DEBUG] eToro-MultiBot.DataEngine: Removed aggregator for key=(BarType(ROP.ZU.ETORO-1-MINUTE-MID-INTERNAL), None)
2026-05-12T12:35:23.948403604Z [DEBUG] eToro-MultiBot.nautilus_common::live::timer: Cancel timer 'TIME_BAR_DOGE.ETORO-1-MINUTE-MID-INTERNAL'
2026-05-12T12:35:23.948436954Z [DEBUG] eToro-MultiBot.MessageBus: Removed Subscription(topic=data.quotes.ETORO.DOGE, handler=<bound method BarAggregator.handle_quote_tick of <nautilus_trader.data.aggregation.TimeBarAggregator object at 0x7fd691c7e680>>, priority=0)
2026-05-12T12:35:23.948468313Z [DEBUG] eToro-MultiBot.DataEngine: Removed aggregator for key=(BarType(DOGE.ETORO-1-MINUTE-MID-INTERNAL), None)
2026-05-12T12:35:23.948530335Z [DEBUG] eToro-MultiBot.nautilus_common::live::timer: Cancel timer 'TIME_BAR_SHIBxM.ETORO-1-MINUTE-MID-INTERNAL'
2026-05-12T12:35:23.948567583Z [DEBUG] eToro-MultiBot.MessageBus: Removed Subscription(topic=data.quotes.ETORO.SHIBxM, handler=<bound method BarAggregator.handle_quote_tick of <nautilus_trader.data.aggregation.TimeBarAggregator object at 0x7fd691c7e8c0>>, priority=0)
2026-05-12T12:35:23.948600919Z [DEBUG] eToro-MultiBot.DataEngine: Removed aggregator for key=(BarType(SHIBxM.ETORO-1-MINUTE-MID-INTERNAL), None)
2026-05-12T12:35:23.948655027Z [DEBUG] eToro-MultiBot.nautilus_common::live::timer: Cancel timer 'TIME_BAR_PEPExM.ETORO-1-MINUTE-MID-INTERNAL'
2026-05-12T12:35:23.948703412Z [DEBUG] eToro-MultiBot.MessageBus: Removed Subscription(topic=data.quotes.ETORO.PEPExM, handler=<bound method BarAggregator.handle_quote_tick of <nautilus_trader.data.aggregation.TimeBarAggregator object at 0x7fd691c7eb00>>, priority=0)
2026-05-12T12:35:23.948746193Z [DEBUG] eToro-MultiBot.DataEngine: Removed aggregator for key=(BarType(PEPExM.ETORO-1-MINUTE-MID-INTERNAL), None)
2026-05-12T12:35:23.948812153Z [DEBUG] eToro-MultiBot.nautilus_common::live::timer: Cancel timer 'TIME_BAR_SOL.ETORO-1-MINUTE-MID-INTERNAL'
2026-05-12T12:35:23.948855557Z [DEBUG] eToro-MultiBot.MessageBus: Removed Subscription(topic=data.quotes.ETORO.SOL, handler=<bound method BarAggregator.handle_quote_tick of <nautilus_trader.data.aggregation.TimeBarAggregator object at 0x7fd691c7ed40>>, priority=0)
2026-05-12T12:35:23.948897184Z [DEBUG] eToro-MultiBot.DataEngine: Removed aggregator for key=(BarType(SOL.ETORO-1-MINUTE-MID-INTERNAL), None)
2026-05-12T12:35:23.948962395Z [DEBUG] eToro-MultiBot.nautilus_common::live::timer: Cancel timer 'TIME_BAR_AVAX.ETORO-1-MINUTE-MID-INTERNAL'
2026-05-12T12:35:23.949004834Z [DEBUG] eToro-MultiBot.MessageBus: Removed Subscription(topic=data.quotes.ETORO.AVAX, handler=<bound method BarAggregator.handle_quote_tick of <nautilus_trader.data.aggregation.TimeBarAggregator object at 0x7fd691c7ef80>>, priority=0)
2026-05-12T12:35:23.949044227Z [DEBUG] eToro-MultiBot.DataEngine: Removed aggregator for key=(BarType(AVAX.ETORO-1-MINUTE-MID-INTERNAL), None)
2026-05-12T12:35:23.949107578Z [DEBUG] eToro-MultiBot.nautilus_common::live::timer: Cancel timer 'TIME_BAR_NATGAS.ETORO-1-MINUTE-MID-INTERNAL'
2026-05-12T12:35:23.949151104Z [DEBUG] eToro-MultiBot.MessageBus: Removed Subscription(topic=data.quotes.ETORO.NATGAS, handler=<bound method BarAggregator.handle_quote_tick of <nautilus_trader.data.aggregation.TimeBarAggregator object at 0x7fd691c7f1c0>>, priority=0)
2026-05-12T12:35:23.949196564Z [DEBUG] eToro-MultiBot.DataEngine: Removed aggregator for key=(BarType(NATGAS.ETORO-1-MINUTE-MID-INTERNAL), None)
2026-05-12T12:35:23.949266451Z [DEBUG] eToro-MultiBot.nautilus_common::live::timer: Cancel timer 'TIME_BAR_PALL.ETORO-1-MINUTE-MID-INTERNAL'
2026-05-12T12:35:23.949324964Z [DEBUG] eToro-MultiBot.MessageBus: Removed Subscription(topic=data.quotes.ETORO.PALL, handler=<bound method BarAggregator.handle_quote_tick of <nautilus_trader.data.aggregation.TimeBarAggregator object at 0x7fd691c7f400>>, priority=0)
2026-05-12T12:35:23.949376162Z [DEBUG] eToro-MultiBot.DataEngine: Removed aggregator for key=(BarType(PALL.ETORO-1-MINUTE-MID-INTERNAL), None)
2026-05-12T12:35:23.949442926Z [DEBUG] eToro-MultiBot.nautilus_common::live::timer: Cancel timer 'TIME_BAR_USDTRY.ETORO-1-MINUTE-MID-INTERNAL'
2026-05-12T12:35:23.949501414Z [DEBUG] eToro-MultiBot.MessageBus: Removed Subscription(topic=data.quotes.ETORO.USDTRY, handler=<bound method BarAggregator.handle_quote_tick of <nautilus_trader.data.aggregation.TimeBarAggregator object at 0x7fd691c7f640>>, priority=0)
2026-05-12T12:35:23.949566845Z [DEBUG] eToro-MultiBot.DataEngine: Removed aggregator for key=(BarType(USDTRY.ETORO-1-MINUTE-MID-INTERNAL), None)
2026-05-12T12:35:23.949619825Z [DEBUG] eToro-MultiBot.nautilus_common::live::timer: Cancel timer 'TIME_BAR_USDZAR.ETORO-1-MINUTE-MID-INTERNAL'
2026-05-12T12:35:23.949663195Z [DEBUG] eToro-MultiBot.MessageBus: Removed Subscription(topic=data.quotes.ETORO.USDZAR, handler=<bound method BarAggregator.handle_quote_tick of <nautilus_trader.data.aggregation.TimeBarAggregator object at 0x7fd691c7f880>>, priority=0)
2026-05-12T12:35:23.949701061Z [DEBUG] eToro-MultiBot.DataEngine: Removed aggregator for key=(BarType(USDZAR.ETORO-1-MINUTE-MID-INTERNAL), None)
2026-05-12T12:35:23.949883655Z [DEBUG] eToro-MultiBot.DataClient-ETORO_WS_CLIENT: Creating async task 'unsubscribe: quote_ticks TSLA.ETORO'
2026-05-12T12:35:23.950013931Z [DEBUG] eToro-MultiBot.DataClient-ETORO_WS_CLIENT: Creating async task 'unsubscribe: quote_ticks HUT.ETORO'
2026-05-12T12:35:23.950123211Z [DEBUG] eToro-MultiBot.DataClient-ETORO_WS_CLIENT: Creating async task 'unsubscribe: quote_ticks RIOT.ETORO'
2026-05-12T12:35:23.950223639Z [DEBUG] eToro-MultiBot.DataClient-ETORO_WS_CLIENT: Creating async task 'unsubscribe: quote_ticks NVDA.ETORO'
2026-05-12T12:35:23.950321281Z [DEBUG] eToro-MultiBot.DataClient-ETORO_WS_CLIENT: Creating async task 'unsubscribe: quote_ticks FSLY.ETORO'
2026-05-12T12:35:23.950415493Z [DEBUG] eToro-MultiBot.DataClient-ETORO_WS_CLIENT: Creating async task 'unsubscribe: quote_ticks INSM.ETORO'
2026-05-12T12:35:23.950507329Z [DEBUG] eToro-MultiBot.DataClient-ETORO_WS_CLIENT: Creating async task 'unsubscribe: quote_ticks BTC.ETORO'
2026-05-12T12:35:23.950603915Z [DEBUG] eToro-MultiBot.DataClient-ETORO_WS_CLIENT: Creating async task 'unsubscribe: quote_ticks ETH.ETORO'
2026-05-12T12:35:23.950688351Z [DEBUG] eToro-MultiBot.DataClient-ETORO_WS_CLIENT: Creating async task 'unsubscribe: quote_ticks ADA.ETORO'
2026-05-12T12:35:23.950761019Z [DEBUG] eToro-MultiBot.DataClient-ETORO_WS_CLIENT: Creating async task 'unsubscribe: quote_ticks XRP.ETORO'
2026-05-12T12:35:23.950835146Z [DEBUG] eToro-MultiBot.DataClient-ETORO_WS_CLIENT: Creating async task 'unsubscribe: quote_ticks AERO.ETORO'
2026-05-12T12:35:23.950906652Z [DEBUG] eToro-MultiBot.DataClient-ETORO_WS_CLIENT: Creating async task 'unsubscribe: quote_ticks HYPE.ETORO'
2026-05-12T12:35:23.950974448Z [DEBUG] eToro-MultiBot.DataClient-ETORO_WS_CLIENT: Creating async task 'unsubscribe: quote_ticks ONDO.ETORO'
2026-05-12T12:35:23.951040564Z [DEBUG] eToro-MultiBot.DataClient-ETORO_WS_CLIENT: Creating async task 'unsubscribe: quote_ticks 01211.HK.ETORO'
2026-05-12T12:35:23.951099655Z [DEBUG] eToro-MultiBot.DataClient-ETORO_WS_CLIENT: Creating async task 'unsubscribe: quote_ticks XPEV.ETORO'
2026-05-12T12:35:23.951166338Z [DEBUG] eToro-MultiBot.DataClient-ETORO_WS_CLIENT: Creating async task 'unsubscribe: quote_ticks PLTR.ETORO'
2026-05-12T12:35:23.951225621Z [DEBUG] eToro-MultiBot.DataClient-ETORO_WS_CLIENT: Creating async task 'unsubscribe: quote_ticks RHM.DE.ETORO'
2026-05-12T12:35:23.951278538Z [DEBUG] eToro-MultiBot.DataClient-ETORO_WS_CLIENT: Creating async task 'unsubscribe: quote_ticks NVS.ETORO'
2026-05-12T12:35:23.951324450Z [DEBUG] eToro-MultiBot.DataClient-ETORO_WS_CLIENT: Creating async task 'unsubscribe: quote_ticks ROP.ZU.ETORO'
2026-05-12T12:35:23.951368563Z [DEBUG] eToro-MultiBot.DataClient-ETORO_WS_CLIENT: Creating async task 'unsubscribe: quote_ticks DOGE.ETORO'
2026-05-12T12:35:23.951411856Z [DEBUG] eToro-MultiBot.DataClient-ETORO_WS_CLIENT: Creating async task 'unsubscribe: quote_ticks SHIBxM.ETORO'
2026-05-12T12:35:23.951451943Z [DEBUG] eToro-MultiBot.DataClient-ETORO_WS_CLIENT: Creating async task 'unsubscribe: quote_ticks PEPExM.ETORO'
2026-05-12T12:35:23.951490168Z [DEBUG] eToro-MultiBot.DataClient-ETORO_WS_CLIENT: Creating async task 'unsubscribe: quote_ticks SOL.ETORO'
2026-05-12T12:35:23.951532319Z [DEBUG] eToro-MultiBot.DataClient-ETORO_WS_CLIENT: Creating async task 'unsubscribe: quote_ticks AVAX.ETORO'
2026-05-12T12:35:23.951562324Z [DEBUG] eToro-MultiBot.DataClient-ETORO_WS_CLIENT: Creating async task 'unsubscribe: quote_ticks NATGAS.ETORO'
2026-05-12T12:35:23.951588416Z [DEBUG] eToro-MultiBot.DataClient-ETORO_WS_CLIENT: Creating async task 'unsubscribe: quote_ticks PALL.ETORO'
2026-05-12T12:35:23.951640075Z [DEBUG] eToro-MultiBot.DataClient-ETORO_WS_CLIENT: Creating async task 'unsubscribe: quote_ticks USDTRY.ETORO'
2026-05-12T12:35:23.951669692Z [DEBUG] eToro-MultiBot.DataClient-ETORO_WS_CLIENT: Creating async task 'unsubscribe: quote_ticks USDZAR.ETORO'
2026-05-12T12:35:23.951738949Z [DEBUG] eToro-MultiBot.DataClient-ETORO_WS_CLIENT: Coroutine 'unsubscribe: quote_ticks TSLA.ETORO' completed
2026-05-12T12:35:23.951747560Z [INFO] eToro-MultiBot.DataClient-ETORO_WS_CLIENT: Unsubscribed TSLA.ETORO quotes
2026-05-12T12:35:23.951755044Z [DEBUG] eToro-MultiBot.DataClient-ETORO_WS_CLIENT: Coroutine 'unsubscribe: quote_ticks HUT.ETORO' completed
2026-05-12T12:35:23.951756314Z [INFO] eToro-MultiBot.DataClient-ETORO_WS_CLIENT: Unsubscribed HUT.ETORO quotes
2026-05-12T12:35:23.951759869Z [DEBUG] eToro-MultiBot.DataClient-ETORO_WS_CLIENT: Coroutine 'unsubscribe: quote_ticks RIOT.ETORO' completed
2026-05-12T12:35:23.951760805Z [INFO] eToro-MultiBot.DataClient-ETORO_WS_CLIENT: Unsubscribed RIOT.ETORO quotes
2026-05-12T12:35:23.951763780Z [DEBUG] eToro-MultiBot.DataClient-ETORO_WS_CLIENT: Coroutine 'unsubscribe: quote_ticks NVDA.ETORO' completed
2026-05-12T12:35:23.951764604Z [INFO] eToro-MultiBot.DataClient-ETORO_WS_CLIENT: Unsubscribed NVDA.ETORO quotes
2026-05-12T12:35:23.951767616Z [DEBUG] eToro-MultiBot.DataClient-ETORO_WS_CLIENT: Coroutine 'unsubscribe: quote_ticks FSLY.ETORO' completed
2026-05-12T12:35:23.951768470Z [INFO] eToro-MultiBot.DataClient-ETORO_WS_CLIENT: Unsubscribed FSLY.ETORO quotes
2026-05-12T12:35:23.951771249Z [DEBUG] eToro-MultiBot.DataClient-ETORO_WS_CLIENT: Coroutine 'unsubscribe: quote_ticks INSM.ETORO' completed
2026-05-12T12:35:23.951772097Z [INFO] eToro-MultiBot.DataClient-ETORO_WS_CLIENT: Unsubscribed INSM.ETORO quotes
2026-05-12T12:35:23.951775038Z [DEBUG] eToro-MultiBot.DataClient-ETORO_WS_CLIENT: Coroutine 'unsubscribe: quote_ticks BTC.ETORO' completed
2026-05-12T12:35:23.951775880Z [INFO] eToro-MultiBot.DataClient-ETORO_WS_CLIENT: Unsubscribed BTC.ETORO quotes
2026-05-12T12:35:23.951778658Z [DEBUG] eToro-MultiBot.DataClient-ETORO_WS_CLIENT: Coroutine 'unsubscribe: quote_ticks ETH.ETORO' completed
2026-05-12T12:35:23.951779789Z [INFO] eToro-MultiBot.DataClient-ETORO_WS_CLIENT: Unsubscribed ETH.ETORO quotes
2026-05-12T12:35:23.951782675Z [DEBUG] eToro-MultiBot.DataClient-ETORO_WS_CLIENT: Coroutine 'unsubscribe: quote_ticks ADA.ETORO' completed
2026-05-12T12:35:23.951783768Z [INFO] eToro-MultiBot.DataClient-ETORO_WS_CLIENT: Unsubscribed ADA.ETORO quotes
2026-05-12T12:35:23.951786682Z [DEBUG] eToro-MultiBot.DataClient-ETORO_WS_CLIENT: Coroutine 'unsubscribe: quote_ticks XRP.ETORO' completed
2026-05-12T12:35:23.951788865Z [INFO] eToro-MultiBot.DataClient-ETORO_WS_CLIENT: Unsubscribed XRP.ETORO quotes
2026-05-12T12:35:23.951791930Z [DEBUG] eToro-MultiBot.DataClient-ETORO_WS_CLIENT: Coroutine 'unsubscribe: quote_ticks AERO.ETORO' completed
2026-05-12T12:35:23.951792850Z [INFO] eToro-MultiBot.DataClient-ETORO_WS_CLIENT: Unsubscribed AERO.ETORO quotes
2026-05-12T12:35:23.951795361Z [DEBUG] eToro-MultiBot.DataClient-ETORO_WS_CLIENT: Coroutine 'unsubscribe: quote_ticks HYPE.ETORO' completed
2026-05-12T12:35:23.951796232Z [INFO] eToro-MultiBot.DataClient-ETORO_WS_CLIENT: Unsubscribed HYPE.ETORO quotes
2026-05-12T12:35:23.951799066Z [DEBUG] eToro-MultiBot.DataClient-ETORO_WS_CLIENT: Coroutine 'unsubscribe: quote_ticks ONDO.ETORO' completed
2026-05-12T12:35:23.951800005Z [INFO] eToro-MultiBot.DataClient-ETORO_WS_CLIENT: Unsubscribed ONDO.ETORO quotes
2026-05-12T12:35:23.951803029Z [DEBUG] eToro-MultiBot.DataClient-ETORO_WS_CLIENT: Coroutine 'unsubscribe: quote_ticks 01211.HK.ETORO' completed
2026-05-12T12:35:23.951805218Z [INFO] eToro-MultiBot.DataClient-ETORO_WS_CLIENT: Unsubscribed 01211.HK.ETORO quotes
2026-05-12T12:35:23.951808386Z [DEBUG] eToro-MultiBot.DataClient-ETORO_WS_CLIENT: Coroutine 'unsubscribe: quote_ticks XPEV.ETORO' completed
2026-05-12T12:35:23.951809214Z [INFO] eToro-MultiBot.DataClient-ETORO_WS_CLIENT: Unsubscribed XPEV.ETORO quotes
2026-05-12T12:35:23.951811905Z [DEBUG] eToro-MultiBot.DataClient-ETORO_WS_CLIENT: Coroutine 'unsubscribe: quote_ticks PLTR.ETORO' completed
2026-05-12T12:35:23.951812928Z [INFO] eToro-MultiBot.DataClient-ETORO_WS_CLIENT: Unsubscribed PLTR.ETORO quotes
2026-05-12T12:35:23.951815608Z [DEBUG] eToro-MultiBot.DataClient-ETORO_WS_CLIENT: Coroutine 'unsubscribe: quote_ticks RHM.DE.ETORO' completed
2026-05-12T12:35:23.951816795Z [INFO] eToro-MultiBot.DataClient-ETORO_WS_CLIENT: Unsubscribed RHM.DE.ETORO quotes
2026-05-12T12:35:23.951819697Z [DEBUG] eToro-MultiBot.DataClient-ETORO_WS_CLIENT: Coroutine 'unsubscribe: quote_ticks NVS.ETORO' completed
2026-05-12T12:35:23.951821563Z [INFO] eToro-MultiBot.DataClient-ETORO_WS_CLIENT: Unsubscribed NVS.ETORO quotes
2026-05-12T12:35:23.951824645Z [DEBUG] eToro-MultiBot.DataClient-ETORO_WS_CLIENT: Coroutine 'unsubscribe: quote_ticks ROP.ZU.ETORO' completed
2026-05-12T12:35:23.951825531Z [INFO] eToro-MultiBot.DataClient-ETORO_WS_CLIENT: Unsubscribed ROP.ZU.ETORO quotes
2026-05-12T12:35:23.951828501Z [DEBUG] eToro-MultiBot.DataClient-ETORO_WS_CLIENT: Coroutine 'unsubscribe: quote_ticks DOGE.ETORO' completed
2026-05-12T12:35:23.951829523Z [INFO] eToro-MultiBot.DataClient-ETORO_WS_CLIENT: Unsubscribed DOGE.ETORO quotes
2026-05-12T12:35:23.951832286Z [DEBUG] eToro-MultiBot.DataClient-ETORO_WS_CLIENT: Coroutine 'unsubscribe: quote_ticks SHIBxM.ETORO' completed
2026-05-12T12:35:23.951833111Z [INFO] eToro-MultiBot.DataClient-ETORO_WS_CLIENT: Unsubscribed SHIBxM.ETORO quotes
2026-05-12T12:35:23.951835898Z [DEBUG] eToro-MultiBot.DataClient-ETORO_WS_CLIENT: Coroutine 'unsubscribe: quote_ticks PEPExM.ETORO' completed
2026-05-12T12:35:23.951836759Z [INFO] eToro-MultiBot.DataClient-ETORO_WS_CLIENT: Unsubscribed PEPExM.ETORO quotes
2026-05-12T12:35:23.951839371Z [DEBUG] eToro-MultiBot.DataClient-ETORO_WS_CLIENT: Coroutine 'unsubscribe: quote_ticks SOL.ETORO' completed
2026-05-12T12:35:23.951840288Z [INFO] eToro-MultiBot.DataClient-ETORO_WS_CLIENT: Unsubscribed SOL.ETORO quotes
2026-05-12T12:35:23.951842976Z [DEBUG] eToro-MultiBot.DataClient-ETORO_WS_CLIENT: Coroutine 'unsubscribe: quote_ticks AVAX.ETORO' completed
2026-05-12T12:35:23.951852432Z [INFO] eToro-MultiBot.DataClient-ETORO_WS_CLIENT: Unsubscribed AVAX.ETORO quotes
2026-05-12T12:35:23.951855904Z [DEBUG] eToro-MultiBot.DataClient-ETORO_WS_CLIENT: Coroutine 'unsubscribe: quote_ticks NATGAS.ETORO' completed
2026-05-12T12:35:23.951856878Z [INFO] eToro-MultiBot.DataClient-ETORO_WS_CLIENT: Unsubscribed NATGAS.ETORO quotes
2026-05-12T12:35:23.951860628Z [DEBUG] eToro-MultiBot.DataClient-ETORO_WS_CLIENT: Coroutine 'unsubscribe: quote_ticks PALL.ETORO' completed
2026-05-12T12:35:23.951861622Z [INFO] eToro-MultiBot.DataClient-ETORO_WS_CLIENT: Unsubscribed PALL.ETORO quotes
2026-05-12T12:35:23.951864543Z [DEBUG] eToro-MultiBot.DataClient-ETORO_WS_CLIENT: Coroutine 'unsubscribe: quote_ticks USDTRY.ETORO' completed
2026-05-12T12:35:23.951867622Z [INFO] eToro-MultiBot.DataClient-ETORO_WS_CLIENT: Unsubscribed USDTRY.ETORO quotes
2026-05-12T12:35:23.951870557Z [DEBUG] eToro-MultiBot.DataClient-ETORO_WS_CLIENT: Coroutine 'unsubscribe: quote_ticks USDZAR.ETORO' completed
2026-05-12T12:35:23.951871527Z [INFO] eToro-MultiBot.DataClient-ETORO_WS_CLIENT: Unsubscribed USDZAR.ETORO quotes
2026-05-12T12:35:24.321865934Z [INFO] eToro-MultiBot.DataClient-ETORO_WS_CLIENT: Heartbeat: 120 Ticks verarbeitet.
2026-05-12T12:35:24.940981303Z [DEBUG] eToro-MultiBot.ExecEngine: Checking in-flight orders status
