2026-05-12T10:21:14.638119991Z [INFO] eToro-MultiBot.TradingNode: =================================================================
2026-05-12T10:21:14.638125068Z [INFO] eToro-MultiBot.TradingNode:  NAUTILUS TRADER - Automated Algorithmic Trading Platform
2026-05-12T10:21:14.638125546Z [INFO] eToro-MultiBot.TradingNode:  by Nautech Systems Pty Ltd.
2026-05-12T10:21:14.638125741Z [INFO] eToro-MultiBot.TradingNode:  Copyright (C) 2015-2026. All rights reserved.
2026-05-12T10:21:14.638126123Z [INFO] eToro-MultiBot.TradingNode: =================================================================
2026-05-12T10:21:14.638126405Z [INFO] eToro-MultiBot.TradingNode: 
2026-05-12T10:21:14.638126704Z [INFO] eToro-MultiBot.TradingNode: ⠀⠀⠀⠀⠀⠀⠀⠀⠀⠀⠀⠀⠀⣠⣴⣶⡟⠀⠀⠀⠀⠀⠀⠀⠀⠀⠀⠀⠀⠀⠀
2026-05-12T10:21:14.638126972Z [INFO] eToro-MultiBot.TradingNode: ⠀⠀⠀⠀⠀⠀⠀⠀⠀⠀⠀⣰⣾⣿⣿⣿⠀⢸⣿⣿⣿⣿⣶⣶⣤⣀⠀⠀⠀⠀⠀
2026-05-12T10:21:14.638127248Z [INFO] eToro-MultiBot.TradingNode: ⠀⠀⠀⠀⠀⠀⢀⣴⡇⢀⣾⣿⣿⣿⣿⣿⠀⣾⣿⣿⣿⣿⣿⣿⣿⠿⠓⠀⠀⠀⠀
2026-05-12T10:21:14.638127504Z [INFO] eToro-MultiBot.TradingNode: ⠀⠀⠀⠀⠀⣰⣿⣿⡀⢸⣿⣿⣿⣿⣿⣿⠀⣿⣿⣿⣿⣿⣿⠟⠁⣠⣄⠀⠀⠀⠀
2026-05-12T10:21:14.638127755Z [INFO] eToro-MultiBot.TradingNode: ⠀⠀⠀⠀⢠⣿⣿⣿⣇⠀⢿⣿⣿⣿⣿⣿⠀⢻⣿⣿⣿⡿⢃⣠⣾⣿⣿⣧⡀⠀⠀
2026-05-12T10:21:14.638128014Z [INFO] eToro-MultiBot.TradingNode: ⠀⠀⠀⠠⣾⣿⣿⣿⣿⣿⣧⠈⠋⢀⣴⣧⠀⣿⡏⢠⡀⢸⣿⣿⣿⣿⣿⣿⣿⡇⠀
2026-05-12T10:21:14.638128445Z [INFO] eToro-MultiBot.TradingNode: ⠀⠀⠀⣀⠙⢿⣿⣿⣿⣿⣿⠇⢠⣿⣿⣿⡄⠹⠃⠼⠃⠈⠉⠛⠛⠛⠛⠛⠻⠇⠀
2026-05-12T10:21:14.638128746Z [INFO] eToro-MultiBot.TradingNode: ⠀⠀⢸⡟⢠⣤⠉⠛⠿⢿⣿⠀⢸⣿⡿⠋⣠⣤⣄⠀⣾⣿⣿⣶⣶⣶⣦⡄⠀⠀⠀
2026-05-12T10:21:14.638129120Z [INFO] eToro-MultiBot.TradingNode: ⠀⠀⠸⠀⣾⠏⣸⣷⠂⣠⣤⠀⠘⢁⣴⣾⣿⣿⣿⡆⠘⣿⣿⣿⣿⣿⣿⠀⠀⠀⠀
2026-05-12T10:21:14.638129298Z [INFO] eToro-MultiBot.TradingNode: ⠀⠀⠀⠀⠛⠀⣿⡟⠀⢻⣿⡄⠸⣿⣿⣿⣿⣿⣿⣿⡀⠘⣿⣿⣿⣿⠟⠀⠀⠀⠀
2026-05-12T10:21:14.638129705Z [INFO] eToro-MultiBot.TradingNode: ⠀⠀⠀⠀⠀⠀⣿⠇⠀⠀⢻⡿⠀⠈⠻⣿⣿⣿⣿⣿⡇⠀⢹⣿⠿⠋⠀⠀⠀⠀⠀
2026-05-12T10:21:14.638130014Z [INFO] eToro-MultiBot.TradingNode: ⠀⠀⠀⠀⠀⠀⠋⠀⠀⠀⡘⠁⠀⠀⠀⠀⠀⠀⠀⠀⠀⠀⠈⠁⠀⠀⠀⠀⠀⠀⠀
2026-05-12T10:21:14.638130452Z [INFO] eToro-MultiBot.TradingNode: 
2026-05-12T10:21:14.638130717Z [INFO] eToro-MultiBot.TradingNode: =================================================================
2026-05-12T10:21:14.638131005Z [INFO] eToro-MultiBot.TradingNode:  SYSTEM SPECIFICATION
2026-05-12T10:21:14.638131214Z [INFO] eToro-MultiBot.TradingNode: =================================================================
2026-05-12T10:21:14.638132624Z [INFO] eToro-MultiBot.TradingNode: CPU architecture: Intel(R) Core(TM) i7-4810MQ CPU @ 2.80GHz
2026-05-12T10:21:14.638133290Z [INFO] eToro-MultiBot.TradingNode: CPU(s): 8 @ 3591 MHz
2026-05-12T10:21:14.638133948Z [INFO] eToro-MultiBot.TradingNode: OS: kernel-6.17.0-23-generic Linux (Ubuntu 24.04)
2026-05-12T10:21:14.638181941Z [INFO] eToro-MultiBot.TradingNode: =================================================================
2026-05-12T10:21:14.638182541Z [INFO] eToro-MultiBot.TradingNode:  MEMORY USAGE
2026-05-12T10:21:14.638182828Z [INFO] eToro-MultiBot.TradingNode: =================================================================
2026-05-12T10:21:14.638184498Z [INFO] eToro-MultiBot.TradingNode: RAM-Total: 31.22 GiB
2026-05-12T10:21:14.638185368Z [INFO] eToro-MultiBot.TradingNode: RAM-Used: 6.44 GiB (20.61%)
2026-05-12T10:21:14.638185966Z [INFO] eToro-MultiBot.TradingNode: RAM-Avail: 24.78 GiB (79.39%)
2026-05-12T10:21:14.638186927Z [INFO] eToro-MultiBot.TradingNode: Swap-Total: 8.00 GiB
2026-05-12T10:21:14.638187417Z [INFO] eToro-MultiBot.TradingNode: Swap-Used: 0.00 GiB (0.00%)
2026-05-12T10:21:14.638189835Z [INFO] eToro-MultiBot.TradingNode: Swap-Avail: 8.00 GiB (100.00%)
2026-05-12T10:21:14.638190474Z [INFO] eToro-MultiBot.TradingNode: =================================================================
2026-05-12T10:21:14.638190777Z [INFO] eToro-MultiBot.TradingNode:  IDENTIFIERS
2026-05-12T10:21:14.638191050Z [INFO] eToro-MultiBot.TradingNode: =================================================================
2026-05-12T10:21:14.638191915Z [INFO] eToro-MultiBot.TradingNode: trader_id: eToro-MultiBot
2026-05-12T10:21:14.638192570Z [INFO] eToro-MultiBot.TradingNode: machine_id: user-ThinkPad-W541
2026-05-12T10:21:14.638194152Z [INFO] eToro-MultiBot.TradingNode: instance_id: 04c90b3a-4517-4876-bed2-c58fbaf8594d
2026-05-12T10:21:14.638194676Z [INFO] eToro-MultiBot.TradingNode: PID: 20339
2026-05-12T10:21:14.638195059Z [INFO] eToro-MultiBot.TradingNode: =================================================================
2026-05-12T10:21:14.638195365Z [INFO] eToro-MultiBot.TradingNode:  VERSIONING
2026-05-12T10:21:14.638195568Z [INFO] eToro-MultiBot.TradingNode: =================================================================
2026-05-12T10:21:14.638217522Z [INFO] eToro-MultiBot.TradingNode: nautilus_trader: 1.226.0
2026-05-12T10:21:14.638223041Z [INFO] eToro-MultiBot.TradingNode: python: 3.12.3
2026-05-12T10:21:14.638226271Z [INFO] eToro-MultiBot.TradingNode: numpy: 2.4.4
2026-05-12T10:21:14.638229439Z [INFO] eToro-MultiBot.TradingNode: pandas: 2.3.3
2026-05-12T10:21:14.638231712Z [INFO] eToro-MultiBot.TradingNode: msgspec: 0.21.1
2026-05-12T10:21:14.638233887Z [INFO] eToro-MultiBot.TradingNode: pyarrow: 24.0.0
2026-05-12T10:21:14.638235843Z [INFO] eToro-MultiBot.TradingNode: pytz: 2026.2
2026-05-12T10:21:14.638238331Z [INFO] eToro-MultiBot.TradingNode: uvloop: 0.22.1
2026-05-12T10:21:14.638238639Z [INFO] eToro-MultiBot.TradingNode: =================================================================
2026-05-12T10:21:14.638254548Z [INFO] eToro-MultiBot.TradingNode: Building system kernel
2026-05-12T10:21:14.638434513Z [DEBUG] eToro-MultiBot.TradingNode: Event loop signal handling setup for (<Signals.SIGTERM: 15>, <Signals.SIGINT: 2>, <Signals.SIGABRT: 6>)
2026-05-12T10:21:14.638463585Z [INFO] eToro-MultiBot.MessageBus: config.database=None
2026-05-12T10:21:14.638465173Z [INFO] eToro-MultiBot.MessageBus: config.encoding='msgpack'
2026-05-12T10:21:14.638466538Z [INFO] eToro-MultiBot.MessageBus: config.timestamps_as_iso8601=False
2026-05-12T10:21:14.638467622Z [INFO] eToro-MultiBot.MessageBus: config.buffer_interval_ms=None
2026-05-12T10:21:14.638468550Z [INFO] eToro-MultiBot.MessageBus: config.autotrim_mins=None
2026-05-12T10:21:14.638469480Z [INFO] eToro-MultiBot.MessageBus: config.use_trader_prefix=True
2026-05-12T10:21:14.638470630Z [INFO] eToro-MultiBot.MessageBus: config.use_trader_id=True
2026-05-12T10:21:14.638472774Z [INFO] eToro-MultiBot.MessageBus: config.use_instance_id=False
2026-05-12T10:21:14.638473852Z [INFO] eToro-MultiBot.MessageBus: config.streams_prefix='stream'
2026-05-12T10:21:14.638474588Z [INFO] eToro-MultiBot.MessageBus: config.types_filter=None
2026-05-12T10:21:14.638507452Z [DEBUG] eToro-MultiBot.MessageBus: Added Subscription(topic=commands.system.shutdown, handler=<bound method NautilusKernel._on_shutdown_system of <nautilus_trader.system.kernel.NautilusKernel object at 0x7e71ab938e30>>, priority=0)
2026-05-12T10:21:14.638523644Z [INFO] eToro-MultiBot.Cache: READY
2026-05-12T10:21:14.639123929Z [DEBUG] eToro-MultiBot.MessageBus: Added endpoint 'Portfolio.update_account' <bound method Portfolio.update_account of <nautilus_trader.portfolio.portfolio.Portfolio object at 0x7e7169fa9240>>
2026-05-12T10:21:14.639129816Z [DEBUG] eToro-MultiBot.MessageBus: Added endpoint 'Portfolio.update_order' <bound method Portfolio.update_order of <nautilus_trader.portfolio.portfolio.Portfolio object at 0x7e7169fa9240>>
2026-05-12T10:21:14.639141793Z [DEBUG] eToro-MultiBot.MessageBus: Added endpoint 'Portfolio.update_position' <bound method Portfolio.update_position of <nautilus_trader.portfolio.portfolio.Portfolio object at 0x7e7169fa9240>>
2026-05-12T10:21:14.639150419Z [DEBUG] eToro-MultiBot.MessageBus: Added Subscription(topic=events.order.*, handler=<bound method Portfolio.on_order_event of <nautilus_trader.portfolio.portfolio.Portfolio object at 0x7e7169fa9240>>, priority=10)
2026-05-12T10:21:14.639155666Z [DEBUG] eToro-MultiBot.MessageBus: Added Subscription(topic=events.position.*, handler=<bound method Portfolio.on_position_event of <nautilus_trader.portfolio.portfolio.Portfolio object at 0x7e7169fa9240>>, priority=10)
2026-05-12T10:21:14.639161016Z [DEBUG] eToro-MultiBot.MessageBus: Added Subscription(topic=data.quotes.*, handler=<bound method Portfolio.update_quote_tick of <nautilus_trader.portfolio.portfolio.Portfolio object at 0x7e7169fa9240>>, priority=10)
2026-05-12T10:21:14.639166305Z [DEBUG] eToro-MultiBot.MessageBus: Added Subscription(topic=data.bars.*EXTERNAL, handler=<bound method Portfolio.update_bar of <nautilus_trader.portfolio.portfolio.Portfolio object at 0x7e7169fa9240>>, priority=10)
2026-05-12T10:21:14.639245190Z [INFO] eToro-MultiBot.DataEngine: READY
2026-05-12T10:21:14.639326702Z [DEBUG] eToro-MultiBot.MessageBus: Added endpoint 'DataEngine.execute' <bound method LiveDataEngine.execute of LiveDataEngine(DataEngine)>
2026-05-12T10:21:14.639331495Z [DEBUG] eToro-MultiBot.MessageBus: Added endpoint 'DataEngine.process' <bound method LiveDataEngine.process of LiveDataEngine(DataEngine)>
2026-05-12T10:21:14.639343223Z [DEBUG] eToro-MultiBot.MessageBus: Added endpoint 'DataEngine.request' <bound method LiveDataEngine.request of LiveDataEngine(DataEngine)>
2026-05-12T10:21:14.639344915Z [DEBUG] eToro-MultiBot.MessageBus: Added endpoint 'DataEngine.response' <bound method LiveDataEngine.response of LiveDataEngine(DataEngine)>
2026-05-12T10:21:14.639347178Z [DEBUG] eToro-MultiBot.MessageBus: Added endpoint 'DataEngine.process_historical' <bound method DataEngine.process_historical of LiveDataEngine(DataEngine)>
2026-05-12T10:21:14.639398032Z [INFO] eToro-MultiBot.DataEngine: config.graceful_shutdown_on_exception=False
2026-05-12T10:21:14.639437458Z [INFO] eToro-MultiBot.RiskEngine: READY
2026-05-12T10:21:14.639698408Z [INFO] eToro-MultiBot.RiskEngine: TradingState is ACTIVE
2026-05-12T10:21:14.639764256Z [INFO] eToro-MultiBot.Throttler-ORDER_SUBMIT_THROTTLER: READY
2026-05-12T10:21:14.639787925Z [INFO] eToro-MultiBot.RiskEngine: Set MAX_ORDER_SUBMIT_RATE: 100/00:00:01
2026-05-12T10:21:14.639822894Z [INFO] eToro-MultiBot.Throttler-ORDER_MODIFY_THROTTLER: READY
2026-05-12T10:21:14.639834710Z [INFO] eToro-MultiBot.RiskEngine: Set MAX_ORDER_MODIFY_RATE: 100/00:00:01
2026-05-12T10:21:14.639841561Z [DEBUG] eToro-MultiBot.MessageBus: Added endpoint 'RiskEngine.execute' <bound method LiveRiskEngine.execute of LiveRiskEngine(RiskEngine)>
2026-05-12T10:21:14.639843514Z [DEBUG] eToro-MultiBot.MessageBus: Added endpoint 'RiskEngine.process' <bound method LiveRiskEngine.process of LiveRiskEngine(RiskEngine)>
2026-05-12T10:21:14.639850918Z [DEBUG] eToro-MultiBot.MessageBus: Added Subscription(topic=events.order.*, handler=<bound method RiskEngine._handle_event of LiveRiskEngine(RiskEngine)>, priority=10)
2026-05-12T10:21:14.639856346Z [DEBUG] eToro-MultiBot.MessageBus: Added Subscription(topic=events.position.*, handler=<bound method RiskEngine._handle_event of LiveRiskEngine(RiskEngine)>, priority=10)
2026-05-12T10:21:14.639881053Z [INFO] eToro-MultiBot.RiskEngine: config.graceful_shutdown_on_exception=False
2026-05-12T10:21:14.639930422Z [INFO] eToro-MultiBot.ExecEngine: READY
2026-05-12T10:21:14.639967372Z [INFO] eToro-MultiBot.ExecEngine: config.snapshot_orders=False
2026-05-12T10:21:14.639970092Z [INFO] eToro-MultiBot.ExecEngine: config.snapshot_positions=False
2026-05-12T10:21:14.639971012Z [INFO] eToro-MultiBot.ExecEngine: config.snapshot_positions_interval_secs=None
2026-05-12T10:21:14.639971656Z [INFO] eToro-MultiBot.ExecEngine: config.allow_overfills=False
2026-05-12T10:21:14.639975117Z [DEBUG] eToro-MultiBot.MessageBus: Added endpoint 'ExecEngine.execute' <bound method LiveExecutionEngine.execute of LiveExecutionEngine(ExecEngine)>
2026-05-12T10:21:14.639976884Z [DEBUG] eToro-MultiBot.MessageBus: Added endpoint 'ExecEngine.process' <bound method LiveExecutionEngine.process of LiveExecutionEngine(ExecEngine)>
2026-05-12T10:21:14.640022992Z [INFO] eToro-MultiBot.ExecEngine: config.reconciliation=True
2026-05-12T10:21:14.640026111Z [INFO] eToro-MultiBot.ExecEngine: config.reconciliation_lookback_mins=None
2026-05-12T10:21:14.640026798Z [INFO] eToro-MultiBot.ExecEngine: config.reconciliation_instrument_ids=None
2026-05-12T10:21:14.640027843Z [INFO] eToro-MultiBot.ExecEngine: config.filter_unclaimed_external_orders=False
2026-05-12T10:21:14.640028579Z [INFO] eToro-MultiBot.ExecEngine: config.filter_position_reports=False
2026-05-12T10:21:14.640029429Z [INFO] eToro-MultiBot.ExecEngine: config.filtered_client_order_ids=None
2026-05-12T10:21:14.640030369Z [INFO] eToro-MultiBot.ExecEngine: config.inflight_check_interval_ms=2000
2026-05-12T10:21:14.640031324Z [INFO] eToro-MultiBot.ExecEngine: config.inflight_check_threshold_ms=5000
2026-05-12T10:21:14.640032538Z [INFO] eToro-MultiBot.ExecEngine: config.inflight_check_retries=5
2026-05-12T10:21:14.640033460Z [INFO] eToro-MultiBot.ExecEngine: config.own_books_audit_interval_secs=None
2026-05-12T10:21:14.640034098Z [INFO] eToro-MultiBot.ExecEngine: config.open_check_interval_secs=None
2026-05-12T10:21:14.640034680Z [INFO] eToro-MultiBot.ExecEngine: config.open_check_open_only=True
2026-05-12T10:21:14.640035586Z [INFO] eToro-MultiBot.ExecEngine: config.open_check_lookback_mins=60
2026-05-12T10:21:14.640036305Z [INFO] eToro-MultiBot.ExecEngine: config.open_check_threshold_ms=5000
2026-05-12T10:21:14.640036887Z [INFO] eToro-MultiBot.ExecEngine: config.open_check_missing_retries=5
2026-05-12T10:21:14.640037550Z [INFO] eToro-MultiBot.ExecEngine: config.max_single_order_queries_per_cycle=10
2026-05-12T10:21:14.640038315Z [INFO] eToro-MultiBot.ExecEngine: config.single_order_query_delay_ms=100
2026-05-12T10:21:14.640038965Z [INFO] eToro-MultiBot.ExecEngine: config.position_check_interval_secs=None
2026-05-12T10:21:14.640039671Z [INFO] eToro-MultiBot.ExecEngine: config.position_check_lookback_mins=60
2026-05-12T10:21:14.640040856Z [INFO] eToro-MultiBot.ExecEngine: config.position_check_threshold_ms=5000
2026-05-12T10:21:14.640041486Z [INFO] eToro-MultiBot.ExecEngine: config.position_check_retries=3
2026-05-12T10:21:14.640044380Z [INFO] eToro-MultiBot.ExecEngine: config.reconciliation_startup_delay_secs=10.0
2026-05-12T10:21:14.640045159Z [INFO] eToro-MultiBot.ExecEngine: config.purge_closed_orders_interval_mins=None
2026-05-12T10:21:14.640045942Z [INFO] eToro-MultiBot.ExecEngine: config.purge_closed_orders_buffer_mins=None
2026-05-12T10:21:14.640046591Z [INFO] eToro-MultiBot.ExecEngine: config.purge_closed_positions_interval_mins=None
2026-05-12T10:21:14.640049838Z [INFO] eToro-MultiBot.ExecEngine: config.purge_closed_positions_buffer_mins=None
2026-05-12T10:21:14.640050605Z [INFO] eToro-MultiBot.ExecEngine: config.purge_account_events_interval_mins=None
2026-05-12T10:21:14.640051412Z [INFO] eToro-MultiBot.ExecEngine: config.purge_account_events_lookback_mins=None
2026-05-12T10:21:14.640052808Z [INFO] eToro-MultiBot.ExecEngine: config.purge_from_database=False
2026-05-12T10:21:14.640053627Z [INFO] eToro-MultiBot.ExecEngine: config.graceful_shutdown_on_exception=False
2026-05-12T10:21:14.640062223Z [DEBUG] eToro-MultiBot.MessageBus: Added endpoint 'ExecEngine.reconcile_execution_report' <bound method LiveExecutionEngine.reconcile_execution_report of LiveExecutionEngine(ExecEngine)>
2026-05-12T10:21:14.640064592Z [DEBUG] eToro-MultiBot.MessageBus: Added endpoint 'ExecEngine.reconcile_execution_mass_status' <bound method LiveExecutionEngine.reconcile_execution_mass_status of LiveExecutionEngine(ExecEngine)>
2026-05-12T10:21:14.640081628Z [DEBUG] eToro-MultiBot.Cache: Clearing index
2026-05-12T10:21:14.640083135Z [DEBUG] eToro-MultiBot.Cache: Cleared index
2026-05-12T10:21:14.640084795Z [DEBUG] eToro-MultiBot.ExecEngine: clear_index took 0ms
2026-05-12T10:21:14.640102653Z [DEBUG] eToro-MultiBot.Cache: Loading general cache from database
2026-05-12T10:21:14.640107379Z [INFO] eToro-MultiBot.Cache: Cached 0 general objects from database
2026-05-12T10:21:14.640108857Z [DEBUG] eToro-MultiBot.ExecEngine: cache_general took 0ms
2026-05-12T10:21:14.640109786Z [DEBUG] eToro-MultiBot.Cache: Loading currencies from database
2026-05-12T10:21:14.640111277Z [INFO] eToro-MultiBot.Cache: Cached 0 currencies from database
2026-05-12T10:21:14.640112798Z [DEBUG] eToro-MultiBot.ExecEngine: cache_currencies took 0ms
2026-05-12T10:21:14.640115843Z [DEBUG] eToro-MultiBot.Cache: Loading instruments from database
2026-05-12T10:21:14.640116638Z [INFO] eToro-MultiBot.Cache: Cached 0 instruments from database
2026-05-12T10:21:14.640117810Z [DEBUG] eToro-MultiBot.ExecEngine: cache_instruments took 0ms
2026-05-12T10:21:14.640118990Z [DEBUG] eToro-MultiBot.Cache: Loading accounts from database
2026-05-12T10:21:14.640120120Z [INFO] eToro-MultiBot.Cache: Cached 0 accounts from database
2026-05-12T10:21:14.640121028Z [DEBUG] eToro-MultiBot.ExecEngine: cache_accounts took 0ms
2026-05-12T10:21:14.640121870Z [DEBUG] eToro-MultiBot.Cache: Loading orders from database
2026-05-12T10:21:14.640123236Z [INFO] eToro-MultiBot.Cache: Cached 0 orders from database
2026-05-12T10:21:14.640124275Z [DEBUG] eToro-MultiBot.ExecEngine: cache_orders took 0ms
2026-05-12T10:21:14.640125057Z [DEBUG] eToro-MultiBot.Cache: Loading order lists
2026-05-12T10:21:14.640126607Z [INFO] eToro-MultiBot.Cache: Cached 0 order lists from database
2026-05-12T10:21:14.640128050Z [DEBUG] eToro-MultiBot.ExecEngine: cache_order_lists took 0ms
2026-05-12T10:21:14.640129070Z [DEBUG] eToro-MultiBot.Cache: Loading positions from database
2026-05-12T10:21:14.640129809Z [INFO] eToro-MultiBot.Cache: Cached 0 positions from database
2026-05-12T10:21:14.640131532Z [DEBUG] eToro-MultiBot.ExecEngine: cache_positions took 0ms
2026-05-12T10:21:14.640134805Z [DEBUG] eToro-MultiBot.Cache: Building index
2026-05-12T10:21:14.640140965Z [DEBUG] eToro-MultiBot.Cache: Index built in 0.000s
2026-05-12T10:21:14.640142179Z [DEBUG] eToro-MultiBot.ExecEngine: build_index took 0ms
2026-05-12T10:21:14.640148437Z [INFO] eToro-MultiBot.Cache: Checking data integrity
2026-05-12T10:21:14.640157309Z [INFO] eToro-MultiBot.Cache: Integrity check passed in 9μs
2026-05-12T10:21:14.640159028Z [DEBUG] eToro-MultiBot.ExecEngine: check_integrity took 0ms
2026-05-12T10:21:14.640167511Z [DEBUG] eToro-MultiBot.ExecEngine: _set_position_id_counts took 0ms
2026-05-12T10:21:14.640169305Z [INFO] eToro-MultiBot.ExecEngine: Loaded cache in 0ms
2026-05-12T10:21:14.640227725Z [INFO] eToro-MultiBot.OrderEmulator: READY
2026-05-12T10:21:14.640282716Z [DEBUG] eToro-MultiBot.MessageBus: Added endpoint 'OrderEmulator.execute' <bound method OrderEmulator.execute of OrderEmulator(OrderEmulator)>
2026-05-12T10:21:14.640306360Z [INFO] eToro-MultiBot.eToro-MultiBot: READY
2026-05-12T10:21:14.640339198Z [INFO] eToro-MultiBot.TradingNode: Initialized in 4ms
2026-05-12T10:21:14.640354870Z [INFO] eToro-MultiBot.TradingNode: has_cache_backing=False
2026-05-12T10:21:14.640356882Z [INFO] eToro-MultiBot.TradingNode: has_msgbus_backing=False
2026-05-12T10:21:14.643427621Z [INFO] eToro-MultiBot.SmaCrossoverStrategy_TSLA.ETORO_0: READY
2026-05-12T10:21:14.643542291Z [DEBUG] eToro-MultiBot.MessageBus: Added Subscription(topic=events.order.SmaCrossoverStrategy_TSLA.ETORO_0-000, handler=<bound method Strategy.handle_event of SmaCrossoverStrategy(SmaCrossoverStrategy_TSLA.ETORO_0-000)>, priority=0)
2026-05-12T10:21:14.643551724Z [DEBUG] eToro-MultiBot.MessageBus: Added Subscription(topic=events.position.SmaCrossoverStrategy_TSLA.ETORO_0-000, handler=<bound method Strategy.handle_event of SmaCrossoverStrategy(SmaCrossoverStrategy_TSLA.ETORO_0-000)>, priority=0)
2026-05-12T10:21:14.643565315Z [INFO] eToro-MultiBot.ExecEngine: Registered OMS.UNSPECIFIED for Strategy SmaCrossoverStrategy_TSLA.ETORO_0-000
2026-05-12T10:21:14.643570744Z [INFO] eToro-MultiBot.eToro-MultiBot: Registered Strategy SmaCrossoverStrategy_TSLA.ETORO_0-000
2026-05-12T10:21:14.643867954Z [INFO] eToro-MultiBot.SmaCrossoverStrategy_HUT.ETORO_1: READY
2026-05-12T10:21:14.643919499Z [DEBUG] eToro-MultiBot.MessageBus: Added Subscription(topic=events.order.SmaCrossoverStrategy_HUT.ETORO_1-001, handler=<bound method Strategy.handle_event of SmaCrossoverStrategy(SmaCrossoverStrategy_HUT.ETORO_1-001)>, priority=0)
2026-05-12T10:21:14.643927448Z [DEBUG] eToro-MultiBot.MessageBus: Added Subscription(topic=events.position.SmaCrossoverStrategy_HUT.ETORO_1-001, handler=<bound method Strategy.handle_event of SmaCrossoverStrategy(SmaCrossoverStrategy_HUT.ETORO_1-001)>, priority=0)
2026-05-12T10:21:14.643932210Z [INFO] eToro-MultiBot.ExecEngine: Registered OMS.UNSPECIFIED for Strategy SmaCrossoverStrategy_HUT.ETORO_1-001
2026-05-12T10:21:14.643935293Z [INFO] eToro-MultiBot.eToro-MultiBot: Registered Strategy SmaCrossoverStrategy_HUT.ETORO_1-001
2026-05-12T10:21:14.644099435Z [INFO] eToro-MultiBot.SmaCrossoverStrategy_RIOT.ETORO_2: READY
2026-05-12T10:21:14.644148398Z [DEBUG] eToro-MultiBot.MessageBus: Added Subscription(topic=events.order.SmaCrossoverStrategy_RIOT.ETORO_2-002, handler=<bound method Strategy.handle_event of SmaCrossoverStrategy(SmaCrossoverStrategy_RIOT.ETORO_2-002)>, priority=0)
2026-05-12T10:21:14.644155632Z [DEBUG] eToro-MultiBot.MessageBus: Added Subscription(topic=events.position.SmaCrossoverStrategy_RIOT.ETORO_2-002, handler=<bound method Strategy.handle_event of SmaCrossoverStrategy(SmaCrossoverStrategy_RIOT.ETORO_2-002)>, priority=0)
2026-05-12T10:21:14.644159383Z [INFO] eToro-MultiBot.ExecEngine: Registered OMS.UNSPECIFIED for Strategy SmaCrossoverStrategy_RIOT.ETORO_2-002
2026-05-12T10:21:14.644161731Z [INFO] eToro-MultiBot.eToro-MultiBot: Registered Strategy SmaCrossoverStrategy_RIOT.ETORO_2-002
2026-05-12T10:21:14.644300885Z [INFO] eToro-MultiBot.SmaCrossoverStrategy_NVDA.ETORO_3: READY
2026-05-12T10:21:14.644341209Z [DEBUG] eToro-MultiBot.MessageBus: Added Subscription(topic=events.order.SmaCrossoverStrategy_NVDA.ETORO_3-003, handler=<bound method Strategy.handle_event of SmaCrossoverStrategy(SmaCrossoverStrategy_NVDA.ETORO_3-003)>, priority=0)
2026-05-12T10:21:14.644348560Z [DEBUG] eToro-MultiBot.MessageBus: Added Subscription(topic=events.position.SmaCrossoverStrategy_NVDA.ETORO_3-003, handler=<bound method Strategy.handle_event of SmaCrossoverStrategy(SmaCrossoverStrategy_NVDA.ETORO_3-003)>, priority=0)
2026-05-12T10:21:14.644352563Z [INFO] eToro-MultiBot.ExecEngine: Registered OMS.UNSPECIFIED for Strategy SmaCrossoverStrategy_NVDA.ETORO_3-003
2026-05-12T10:21:14.644354815Z [INFO] eToro-MultiBot.eToro-MultiBot: Registered Strategy SmaCrossoverStrategy_NVDA.ETORO_3-003
2026-05-12T10:21:14.644503117Z [INFO] eToro-MultiBot.SmaCrossoverStrategy_FSLY.ETORO_4: READY
2026-05-12T10:21:14.644545314Z [DEBUG] eToro-MultiBot.MessageBus: Added Subscription(topic=events.order.SmaCrossoverStrategy_FSLY.ETORO_4-004, handler=<bound method Strategy.handle_event of SmaCrossoverStrategy(SmaCrossoverStrategy_FSLY.ETORO_4-004)>, priority=0)
2026-05-12T10:21:14.644552188Z [DEBUG] eToro-MultiBot.MessageBus: Added Subscription(topic=events.position.SmaCrossoverStrategy_FSLY.ETORO_4-004, handler=<bound method Strategy.handle_event of SmaCrossoverStrategy(SmaCrossoverStrategy_FSLY.ETORO_4-004)>, priority=0)
2026-05-12T10:21:14.644556238Z [INFO] eToro-MultiBot.ExecEngine: Registered OMS.UNSPECIFIED for Strategy SmaCrossoverStrategy_FSLY.ETORO_4-004
2026-05-12T10:21:14.644558610Z [INFO] eToro-MultiBot.eToro-MultiBot: Registered Strategy SmaCrossoverStrategy_FSLY.ETORO_4-004
2026-05-12T10:21:14.644710494Z [INFO] eToro-MultiBot.SmaCrossoverStrategy_INSM.ETORO_5: READY
2026-05-12T10:21:14.644752061Z [DEBUG] eToro-MultiBot.MessageBus: Added Subscription(topic=events.order.SmaCrossoverStrategy_INSM.ETORO_5-005, handler=<bound method Strategy.handle_event of SmaCrossoverStrategy(SmaCrossoverStrategy_INSM.ETORO_5-005)>, priority=0)
2026-05-12T10:21:14.644759025Z [DEBUG] eToro-MultiBot.MessageBus: Added Subscription(topic=events.position.SmaCrossoverStrategy_INSM.ETORO_5-005, handler=<bound method Strategy.handle_event of SmaCrossoverStrategy(SmaCrossoverStrategy_INSM.ETORO_5-005)>, priority=0)
2026-05-12T10:21:14.644763361Z [INFO] eToro-MultiBot.ExecEngine: Registered OMS.UNSPECIFIED for Strategy SmaCrossoverStrategy_INSM.ETORO_5-005
2026-05-12T10:21:14.644765841Z [INFO] eToro-MultiBot.eToro-MultiBot: Registered Strategy SmaCrossoverStrategy_INSM.ETORO_5-005
2026-05-12T10:21:14.644912847Z [INFO] eToro-MultiBot.SmaCrossoverStrategy_BTC.ETORO_6: READY
2026-05-12T10:21:14.644960865Z [DEBUG] eToro-MultiBot.MessageBus: Added Subscription(topic=events.order.SmaCrossoverStrategy_BTC.ETORO_6-006, handler=<bound method Strategy.handle_event of SmaCrossoverStrategy(SmaCrossoverStrategy_BTC.ETORO_6-006)>, priority=0)
2026-05-12T10:21:14.644969462Z [DEBUG] eToro-MultiBot.MessageBus: Added Subscription(topic=events.position.SmaCrossoverStrategy_BTC.ETORO_6-006, handler=<bound method Strategy.handle_event of SmaCrossoverStrategy(SmaCrossoverStrategy_BTC.ETORO_6-006)>, priority=0)
2026-05-12T10:21:14.644973551Z [INFO] eToro-MultiBot.ExecEngine: Registered OMS.UNSPECIFIED for Strategy SmaCrossoverStrategy_BTC.ETORO_6-006
2026-05-12T10:21:14.644975888Z [INFO] eToro-MultiBot.eToro-MultiBot: Registered Strategy SmaCrossoverStrategy_BTC.ETORO_6-006
2026-05-12T10:21:14.645154972Z [INFO] eToro-MultiBot.SmaCrossoverStrategy_ETH.ETORO_7: READY
2026-05-12T10:21:14.645322068Z [DEBUG] eToro-MultiBot.MessageBus: Added Subscription(topic=events.order.SmaCrossoverStrategy_ETH.ETORO_7-007, handler=<bound method Strategy.handle_event of SmaCrossoverStrategy(SmaCrossoverStrategy_ETH.ETORO_7-007)>, priority=0)
2026-05-12T10:21:14.645330504Z [DEBUG] eToro-MultiBot.MessageBus: Added Subscription(topic=events.position.SmaCrossoverStrategy_ETH.ETORO_7-007, handler=<bound method Strategy.handle_event of SmaCrossoverStrategy(SmaCrossoverStrategy_ETH.ETORO_7-007)>, priority=0)
2026-05-12T10:21:14.645337331Z [INFO] eToro-MultiBot.ExecEngine: Registered OMS.UNSPECIFIED for Strategy SmaCrossoverStrategy_ETH.ETORO_7-007
2026-05-12T10:21:14.645340095Z [INFO] eToro-MultiBot.eToro-MultiBot: Registered Strategy SmaCrossoverStrategy_ETH.ETORO_7-007
2026-05-12T10:21:14.645512205Z [INFO] eToro-MultiBot.SmaCrossoverStrategy_ADA.ETORO_8: READY
2026-05-12T10:21:14.645564575Z [DEBUG] eToro-MultiBot.MessageBus: Added Subscription(topic=events.order.SmaCrossoverStrategy_ADA.ETORO_8-008, handler=<bound method Strategy.handle_event of SmaCrossoverStrategy(SmaCrossoverStrategy_ADA.ETORO_8-008)>, priority=0)
2026-05-12T10:21:14.645572292Z [DEBUG] eToro-MultiBot.MessageBus: Added Subscription(topic=events.position.SmaCrossoverStrategy_ADA.ETORO_8-008, handler=<bound method Strategy.handle_event of SmaCrossoverStrategy(SmaCrossoverStrategy_ADA.ETORO_8-008)>, priority=0)
2026-05-12T10:21:14.645576405Z [INFO] eToro-MultiBot.ExecEngine: Registered OMS.UNSPECIFIED for Strategy SmaCrossoverStrategy_ADA.ETORO_8-008
2026-05-12T10:21:14.645578848Z [INFO] eToro-MultiBot.eToro-MultiBot: Registered Strategy SmaCrossoverStrategy_ADA.ETORO_8-008
2026-05-12T10:21:14.645765270Z [INFO] eToro-MultiBot.SmaCrossoverStrategy_XRP.ETORO_9: READY
2026-05-12T10:21:14.645826980Z [DEBUG] eToro-MultiBot.MessageBus: Added Subscription(topic=events.order.SmaCrossoverStrategy_XRP.ETORO_9-009, handler=<bound method Strategy.handle_event of SmaCrossoverStrategy(SmaCrossoverStrategy_XRP.ETORO_9-009)>, priority=0)
2026-05-12T10:21:14.645838609Z [DEBUG] eToro-MultiBot.MessageBus: Added Subscription(topic=events.position.SmaCrossoverStrategy_XRP.ETORO_9-009, handler=<bound method Strategy.handle_event of SmaCrossoverStrategy(SmaCrossoverStrategy_XRP.ETORO_9-009)>, priority=0)
2026-05-12T10:21:14.645846040Z [INFO] eToro-MultiBot.ExecEngine: Registered OMS.UNSPECIFIED for Strategy SmaCrossoverStrategy_XRP.ETORO_9-009
2026-05-12T10:21:14.645849361Z [INFO] eToro-MultiBot.eToro-MultiBot: Registered Strategy SmaCrossoverStrategy_XRP.ETORO_9-009
2026-05-12T10:21:14.646050420Z [INFO] eToro-MultiBot.SmaCrossoverStrategy_AERO.ETORO_10: READY
2026-05-12T10:21:14.646129449Z [DEBUG] eToro-MultiBot.MessageBus: Added Subscription(topic=events.order.SmaCrossoverStrategy_AERO.ETORO_10-010, handler=<bound method Strategy.handle_event of SmaCrossoverStrategy(SmaCrossoverStrategy_AERO.ETORO_10-010)>, priority=0)
2026-05-12T10:21:14.646141459Z [DEBUG] eToro-MultiBot.MessageBus: Added Subscription(topic=events.position.SmaCrossoverStrategy_AERO.ETORO_10-010, handler=<bound method Strategy.handle_event of SmaCrossoverStrategy(SmaCrossoverStrategy_AERO.ETORO_10-010)>, priority=0)
2026-05-12T10:21:14.646148308Z [INFO] eToro-MultiBot.ExecEngine: Registered OMS.UNSPECIFIED for Strategy SmaCrossoverStrategy_AERO.ETORO_10-010
2026-05-12T10:21:14.646153960Z [INFO] eToro-MultiBot.eToro-MultiBot: Registered Strategy SmaCrossoverStrategy_AERO.ETORO_10-010
2026-05-12T10:21:14.646385144Z [INFO] eToro-MultiBot.SmaCrossoverStrategy_HYPE.ETORO_11: READY
2026-05-12T10:21:14.646438729Z [DEBUG] eToro-MultiBot.MessageBus: Added Subscription(topic=events.order.SmaCrossoverStrategy_HYPE.ETORO_11-011, handler=<bound method Strategy.handle_event of SmaCrossoverStrategy(SmaCrossoverStrategy_HYPE.ETORO_11-011)>, priority=0)
2026-05-12T10:21:14.646446235Z [DEBUG] eToro-MultiBot.MessageBus: Added Subscription(topic=events.position.SmaCrossoverStrategy_HYPE.ETORO_11-011, handler=<bound method Strategy.handle_event of SmaCrossoverStrategy(SmaCrossoverStrategy_HYPE.ETORO_11-011)>, priority=0)
2026-05-12T10:21:14.646451498Z [INFO] eToro-MultiBot.ExecEngine: Registered OMS.UNSPECIFIED for Strategy SmaCrossoverStrategy_HYPE.ETORO_11-011
2026-05-12T10:21:14.646454424Z [INFO] eToro-MultiBot.eToro-MultiBot: Registered Strategy SmaCrossoverStrategy_HYPE.ETORO_11-011
2026-05-12T10:21:14.646642991Z [INFO] eToro-MultiBot.SmaCrossoverStrategy_ONDO.ETORO_12: READY
2026-05-12T10:21:14.646706850Z [DEBUG] eToro-MultiBot.MessageBus: Added Subscription(topic=events.order.SmaCrossoverStrategy_ONDO.ETORO_12-012, handler=<bound method Strategy.handle_event of SmaCrossoverStrategy(SmaCrossoverStrategy_ONDO.ETORO_12-012)>, priority=0)
2026-05-12T10:21:14.646719687Z [DEBUG] eToro-MultiBot.MessageBus: Added Subscription(topic=events.position.SmaCrossoverStrategy_ONDO.ETORO_12-012, handler=<bound method Strategy.handle_event of SmaCrossoverStrategy(SmaCrossoverStrategy_ONDO.ETORO_12-012)>, priority=0)
2026-05-12T10:21:14.646725821Z [INFO] eToro-MultiBot.ExecEngine: Registered OMS.UNSPECIFIED for Strategy SmaCrossoverStrategy_ONDO.ETORO_12-012
2026-05-12T10:21:14.646729000Z [INFO] eToro-MultiBot.eToro-MultiBot: Registered Strategy SmaCrossoverStrategy_ONDO.ETORO_12-012
2026-05-12T10:21:14.646917171Z [INFO] eToro-MultiBot.SmaCrossoverStrategy_01211.HK.ETORO_13: READY
2026-05-12T10:21:14.646979410Z [DEBUG] eToro-MultiBot.MessageBus: Added Subscription(topic=events.order.SmaCrossoverStrategy_01211.HK.ETORO_13-013, handler=<bound method Strategy.handle_event of SmaCrossoverStrategy(SmaCrossoverStrategy_01211.HK.ETORO_13-013)>, priority=0)
2026-05-12T10:21:14.646987391Z [DEBUG] eToro-MultiBot.MessageBus: Added Subscription(topic=events.position.SmaCrossoverStrategy_01211.HK.ETORO_13-013, handler=<bound method Strategy.handle_event of SmaCrossoverStrategy(SmaCrossoverStrategy_01211.HK.ETORO_13-013)>, priority=0)
2026-05-12T10:21:14.646991897Z [INFO] eToro-MultiBot.ExecEngine: Registered OMS.UNSPECIFIED for Strategy SmaCrossoverStrategy_01211.HK.ETORO_13-013
2026-05-12T10:21:14.646994614Z [INFO] eToro-MultiBot.eToro-MultiBot: Registered Strategy SmaCrossoverStrategy_01211.HK.ETORO_13-013
2026-05-12T10:21:14.647172768Z [INFO] eToro-MultiBot.SmaCrossoverStrategy_XPEV.ETORO_14: READY
2026-05-12T10:21:14.647219473Z [DEBUG] eToro-MultiBot.MessageBus: Added Subscription(topic=events.order.SmaCrossoverStrategy_XPEV.ETORO_14-014, handler=<bound method Strategy.handle_event of SmaCrossoverStrategy(SmaCrossoverStrategy_XPEV.ETORO_14-014)>, priority=0)
2026-05-12T10:21:14.647227844Z [DEBUG] eToro-MultiBot.MessageBus: Added Subscription(topic=events.position.SmaCrossoverStrategy_XPEV.ETORO_14-014, handler=<bound method Strategy.handle_event of SmaCrossoverStrategy(SmaCrossoverStrategy_XPEV.ETORO_14-014)>, priority=0)
2026-05-12T10:21:14.647234133Z [INFO] eToro-MultiBot.ExecEngine: Registered OMS.UNSPECIFIED for Strategy SmaCrossoverStrategy_XPEV.ETORO_14-014
2026-05-12T10:21:14.647236679Z [INFO] eToro-MultiBot.eToro-MultiBot: Registered Strategy SmaCrossoverStrategy_XPEV.ETORO_14-014
2026-05-12T10:21:14.647385963Z [INFO] eToro-MultiBot.SmaCrossoverStrategy_PLTR.ETORO_15: READY
2026-05-12T10:21:14.647430428Z [DEBUG] eToro-MultiBot.MessageBus: Added Subscription(topic=events.order.SmaCrossoverStrategy_PLTR.ETORO_15-015, handler=<bound method Strategy.handle_event of SmaCrossoverStrategy(SmaCrossoverStrategy_PLTR.ETORO_15-015)>, priority=0)
2026-05-12T10:21:14.647437804Z [DEBUG] eToro-MultiBot.MessageBus: Added Subscription(topic=events.position.SmaCrossoverStrategy_PLTR.ETORO_15-015, handler=<bound method Strategy.handle_event of SmaCrossoverStrategy(SmaCrossoverStrategy_PLTR.ETORO_15-015)>, priority=0)
2026-05-12T10:21:14.647441631Z [INFO] eToro-MultiBot.ExecEngine: Registered OMS.UNSPECIFIED for Strategy SmaCrossoverStrategy_PLTR.ETORO_15-015
2026-05-12T10:21:14.647444397Z [INFO] eToro-MultiBot.eToro-MultiBot: Registered Strategy SmaCrossoverStrategy_PLTR.ETORO_15-015
2026-05-12T10:21:14.647591792Z [INFO] eToro-MultiBot.SmaCrossoverStrategy_RHM.DE.ETORO_16: READY
2026-05-12T10:21:14.647640772Z [DEBUG] eToro-MultiBot.MessageBus: Added Subscription(topic=events.order.SmaCrossoverStrategy_RHM.DE.ETORO_16-016, handler=<bound method Strategy.handle_event of SmaCrossoverStrategy(SmaCrossoverStrategy_RHM.DE.ETORO_16-016)>, priority=0)
2026-05-12T10:21:14.647648698Z [DEBUG] eToro-MultiBot.MessageBus: Added Subscription(topic=events.position.SmaCrossoverStrategy_RHM.DE.ETORO_16-016, handler=<bound method Strategy.handle_event of SmaCrossoverStrategy(SmaCrossoverStrategy_RHM.DE.ETORO_16-016)>, priority=0)
2026-05-12T10:21:14.647652360Z [INFO] eToro-MultiBot.ExecEngine: Registered OMS.UNSPECIFIED for Strategy SmaCrossoverStrategy_RHM.DE.ETORO_16-016
2026-05-12T10:21:14.647654527Z [INFO] eToro-MultiBot.eToro-MultiBot: Registered Strategy SmaCrossoverStrategy_RHM.DE.ETORO_16-016
2026-05-12T10:21:14.647807687Z [INFO] eToro-MultiBot.SmaCrossoverStrategy_NVS.ETORO_17: READY
2026-05-12T10:21:14.647862785Z [DEBUG] eToro-MultiBot.MessageBus: Added Subscription(topic=events.order.SmaCrossoverStrategy_NVS.ETORO_17-017, handler=<bound method Strategy.handle_event of SmaCrossoverStrategy(SmaCrossoverStrategy_NVS.ETORO_17-017)>, priority=0)
2026-05-12T10:21:14.647878814Z [DEBUG] eToro-MultiBot.MessageBus: Added Subscription(topic=events.position.SmaCrossoverStrategy_NVS.ETORO_17-017, handler=<bound method Strategy.handle_event of SmaCrossoverStrategy(SmaCrossoverStrategy_NVS.ETORO_17-017)>, priority=0)
2026-05-12T10:21:14.647883810Z [INFO] eToro-MultiBot.ExecEngine: Registered OMS.UNSPECIFIED for Strategy SmaCrossoverStrategy_NVS.ETORO_17-017
2026-05-12T10:21:14.647886033Z [INFO] eToro-MultiBot.eToro-MultiBot: Registered Strategy SmaCrossoverStrategy_NVS.ETORO_17-017
2026-05-12T10:21:14.648047783Z [INFO] eToro-MultiBot.SmaCrossoverStrategy_ROP.ZU.ETORO_18: READY
2026-05-12T10:21:14.648105712Z [DEBUG] eToro-MultiBot.MessageBus: Added Subscription(topic=events.order.SmaCrossoverStrategy_ROP.ZU.ETORO_18-018, handler=<bound method Strategy.handle_event of SmaCrossoverStrategy(SmaCrossoverStrategy_ROP.ZU.ETORO_18-018)>, priority=0)
2026-05-12T10:21:14.648113734Z [DEBUG] eToro-MultiBot.MessageBus: Added Subscription(topic=events.position.SmaCrossoverStrategy_ROP.ZU.ETORO_18-018, handler=<bound method Strategy.handle_event of SmaCrossoverStrategy(SmaCrossoverStrategy_ROP.ZU.ETORO_18-018)>, priority=0)
2026-05-12T10:21:14.648117828Z [INFO] eToro-MultiBot.ExecEngine: Registered OMS.UNSPECIFIED for Strategy SmaCrossoverStrategy_ROP.ZU.ETORO_18-018
2026-05-12T10:21:14.648120047Z [INFO] eToro-MultiBot.eToro-MultiBot: Registered Strategy SmaCrossoverStrategy_ROP.ZU.ETORO_18-018
2026-05-12T10:21:14.648266374Z [INFO] eToro-MultiBot.SmaCrossoverStrategy_DOGE.ETORO_19: READY
2026-05-12T10:21:14.648353025Z [DEBUG] eToro-MultiBot.MessageBus: Added Subscription(topic=events.order.SmaCrossoverStrategy_DOGE.ETORO_19-019, handler=<bound method Strategy.handle_event of SmaCrossoverStrategy(SmaCrossoverStrategy_DOGE.ETORO_19-019)>, priority=0)
2026-05-12T10:21:14.648361485Z [DEBUG] eToro-MultiBot.MessageBus: Added Subscription(topic=events.position.SmaCrossoverStrategy_DOGE.ETORO_19-019, handler=<bound method Strategy.handle_event of SmaCrossoverStrategy(SmaCrossoverStrategy_DOGE.ETORO_19-019)>, priority=0)
2026-05-12T10:21:14.648365888Z [INFO] eToro-MultiBot.ExecEngine: Registered OMS.UNSPECIFIED for Strategy SmaCrossoverStrategy_DOGE.ETORO_19-019
2026-05-12T10:21:14.648368252Z [INFO] eToro-MultiBot.eToro-MultiBot: Registered Strategy SmaCrossoverStrategy_DOGE.ETORO_19-019
2026-05-12T10:21:14.648525296Z [INFO] eToro-MultiBot.SmaCrossoverStrategy_SHIBxM.ETORO_20: READY
2026-05-12T10:21:14.648571930Z [DEBUG] eToro-MultiBot.MessageBus: Added Subscription(topic=events.order.SmaCrossoverStrategy_SHIBxM.ETORO_20-020, handler=<bound method Strategy.handle_event of SmaCrossoverStrategy(SmaCrossoverStrategy_SHIBxM.ETORO_20-020)>, priority=0)
2026-05-12T10:21:14.648579929Z [DEBUG] eToro-MultiBot.MessageBus: Added Subscription(topic=events.position.SmaCrossoverStrategy_SHIBxM.ETORO_20-020, handler=<bound method Strategy.handle_event of SmaCrossoverStrategy(SmaCrossoverStrategy_SHIBxM.ETORO_20-020)>, priority=0)
2026-05-12T10:21:14.648586374Z [INFO] eToro-MultiBot.ExecEngine: Registered OMS.UNSPECIFIED for Strategy SmaCrossoverStrategy_SHIBxM.ETORO_20-020
2026-05-12T10:21:14.648588635Z [INFO] eToro-MultiBot.eToro-MultiBot: Registered Strategy SmaCrossoverStrategy_SHIBxM.ETORO_20-020
2026-05-12T10:21:14.648754032Z [INFO] eToro-MultiBot.SmaCrossoverStrategy_PEPExM.ETORO_21: READY
2026-05-12T10:21:14.648804042Z [DEBUG] eToro-MultiBot.MessageBus: Added Subscription(topic=events.order.SmaCrossoverStrategy_PEPExM.ETORO_21-021, handler=<bound method Strategy.handle_event of SmaCrossoverStrategy(SmaCrossoverStrategy_PEPExM.ETORO_21-021)>, priority=0)
2026-05-12T10:21:14.648812272Z [DEBUG] eToro-MultiBot.MessageBus: Added Subscription(topic=events.position.SmaCrossoverStrategy_PEPExM.ETORO_21-021, handler=<bound method Strategy.handle_event of SmaCrossoverStrategy(SmaCrossoverStrategy_PEPExM.ETORO_21-021)>, priority=0)
2026-05-12T10:21:14.648818271Z [INFO] eToro-MultiBot.ExecEngine: Registered OMS.UNSPECIFIED for Strategy SmaCrossoverStrategy_PEPExM.ETORO_21-021
2026-05-12T10:21:14.648821829Z [INFO] eToro-MultiBot.eToro-MultiBot: Registered Strategy SmaCrossoverStrategy_PEPExM.ETORO_21-021
2026-05-12T10:21:14.648997089Z [INFO] eToro-MultiBot.SmaCrossoverStrategy_SOL.ETORO_22: READY
2026-05-12T10:21:14.649056137Z [DEBUG] eToro-MultiBot.MessageBus: Added Subscription(topic=events.order.SmaCrossoverStrategy_SOL.ETORO_22-022, handler=<bound method Strategy.handle_event of SmaCrossoverStrategy(SmaCrossoverStrategy_SOL.ETORO_22-022)>, priority=0)
2026-05-12T10:21:14.649064224Z [DEBUG] eToro-MultiBot.MessageBus: Added Subscription(topic=events.position.SmaCrossoverStrategy_SOL.ETORO_22-022, handler=<bound method Strategy.handle_event of SmaCrossoverStrategy(SmaCrossoverStrategy_SOL.ETORO_22-022)>, priority=0)
2026-05-12T10:21:14.649068415Z [INFO] eToro-MultiBot.ExecEngine: Registered OMS.UNSPECIFIED for Strategy SmaCrossoverStrategy_SOL.ETORO_22-022
2026-05-12T10:21:14.649070647Z [INFO] eToro-MultiBot.eToro-MultiBot: Registered Strategy SmaCrossoverStrategy_SOL.ETORO_22-022
2026-05-12T10:21:14.649279122Z [INFO] eToro-MultiBot.SmaCrossoverStrategy_AVAX.ETORO_23: READY
2026-05-12T10:21:14.649345895Z [DEBUG] eToro-MultiBot.MessageBus: Added Subscription(topic=events.order.SmaCrossoverStrategy_AVAX.ETORO_23-023, handler=<bound method Strategy.handle_event of SmaCrossoverStrategy(SmaCrossoverStrategy_AVAX.ETORO_23-023)>, priority=0)
2026-05-12T10:21:14.649355133Z [DEBUG] eToro-MultiBot.MessageBus: Added Subscription(topic=events.position.SmaCrossoverStrategy_AVAX.ETORO_23-023, handler=<bound method Strategy.handle_event of SmaCrossoverStrategy(SmaCrossoverStrategy_AVAX.ETORO_23-023)>, priority=0)
2026-05-12T10:21:14.649360102Z [INFO] eToro-MultiBot.ExecEngine: Registered OMS.UNSPECIFIED for Strategy SmaCrossoverStrategy_AVAX.ETORO_23-023
2026-05-12T10:21:14.649363114Z [INFO] eToro-MultiBot.eToro-MultiBot: Registered Strategy SmaCrossoverStrategy_AVAX.ETORO_23-023
2026-05-12T10:21:14.649554317Z [INFO] eToro-MultiBot.SmaCrossoverStrategy_NATGAS.ETORO_24: READY
2026-05-12T10:21:14.649609091Z [DEBUG] eToro-MultiBot.MessageBus: Added Subscription(topic=events.order.SmaCrossoverStrategy_NATGAS.ETORO_24-024, handler=<bound method Strategy.handle_event of SmaCrossoverStrategy(SmaCrossoverStrategy_NATGAS.ETORO_24-024)>, priority=0)
2026-05-12T10:21:14.649618547Z [DEBUG] eToro-MultiBot.MessageBus: Added Subscription(topic=events.position.SmaCrossoverStrategy_NATGAS.ETORO_24-024, handler=<bound method Strategy.handle_event of SmaCrossoverStrategy(SmaCrossoverStrategy_NATGAS.ETORO_24-024)>, priority=0)
2026-05-12T10:21:14.649623238Z [INFO] eToro-MultiBot.ExecEngine: Registered OMS.UNSPECIFIED for Strategy SmaCrossoverStrategy_NATGAS.ETORO_24-024
2026-05-12T10:21:14.649626191Z [INFO] eToro-MultiBot.eToro-MultiBot: Registered Strategy SmaCrossoverStrategy_NATGAS.ETORO_24-024
2026-05-12T10:21:14.649799138Z [INFO] eToro-MultiBot.SmaCrossoverStrategy_PALL.ETORO_25: READY
2026-05-12T10:21:14.649867443Z [DEBUG] eToro-MultiBot.MessageBus: Added Subscription(topic=events.order.SmaCrossoverStrategy_PALL.ETORO_25-025, handler=<bound method Strategy.handle_event of SmaCrossoverStrategy(SmaCrossoverStrategy_PALL.ETORO_25-025)>, priority=0)
2026-05-12T10:21:14.649883825Z [DEBUG] eToro-MultiBot.MessageBus: Added Subscription(topic=events.position.SmaCrossoverStrategy_PALL.ETORO_25-025, handler=<bound method Strategy.handle_event of SmaCrossoverStrategy(SmaCrossoverStrategy_PALL.ETORO_25-025)>, priority=0)
2026-05-12T10:21:14.649888683Z [INFO] eToro-MultiBot.ExecEngine: Registered OMS.UNSPECIFIED for Strategy SmaCrossoverStrategy_PALL.ETORO_25-025
2026-05-12T10:21:14.649891583Z [INFO] eToro-MultiBot.eToro-MultiBot: Registered Strategy SmaCrossoverStrategy_PALL.ETORO_25-025
2026-05-12T10:21:14.650058295Z [INFO] eToro-MultiBot.SmaCrossoverStrategy_USDTRY.ETORO_26: READY
2026-05-12T10:21:14.650130021Z [DEBUG] eToro-MultiBot.MessageBus: Added Subscription(topic=events.order.SmaCrossoverStrategy_USDTRY.ETORO_26-026, handler=<bound method Strategy.handle_event of SmaCrossoverStrategy(SmaCrossoverStrategy_USDTRY.ETORO_26-026)>, priority=0)
2026-05-12T10:21:14.650139581Z [DEBUG] eToro-MultiBot.MessageBus: Added Subscription(topic=events.position.SmaCrossoverStrategy_USDTRY.ETORO_26-026, handler=<bound method Strategy.handle_event of SmaCrossoverStrategy(SmaCrossoverStrategy_USDTRY.ETORO_26-026)>, priority=0)
2026-05-12T10:21:14.650144676Z [INFO] eToro-MultiBot.ExecEngine: Registered OMS.UNSPECIFIED for Strategy SmaCrossoverStrategy_USDTRY.ETORO_26-026
2026-05-12T10:21:14.650147945Z [INFO] eToro-MultiBot.eToro-MultiBot: Registered Strategy SmaCrossoverStrategy_USDTRY.ETORO_26-026
2026-05-12T10:21:14.650340168Z [INFO] eToro-MultiBot.SmaCrossoverStrategy_USDZAR.ETORO_27: READY
2026-05-12T10:21:14.650401556Z [DEBUG] eToro-MultiBot.MessageBus: Added Subscription(topic=events.order.SmaCrossoverStrategy_USDZAR.ETORO_27-027, handler=<bound method Strategy.handle_event of SmaCrossoverStrategy(SmaCrossoverStrategy_USDZAR.ETORO_27-027)>, priority=0)
2026-05-12T10:21:14.650416814Z [DEBUG] eToro-MultiBot.MessageBus: Added Subscription(topic=events.position.SmaCrossoverStrategy_USDZAR.ETORO_27-027, handler=<bound method Strategy.handle_event of SmaCrossoverStrategy(SmaCrossoverStrategy_USDZAR.ETORO_27-027)>, priority=0)
2026-05-12T10:21:14.650425238Z [INFO] eToro-MultiBot.ExecEngine: Registered OMS.UNSPECIFIED for Strategy SmaCrossoverStrategy_USDZAR.ETORO_27-027
2026-05-12T10:21:14.650428148Z [INFO] eToro-MultiBot.eToro-MultiBot: Registered Strategy SmaCrossoverStrategy_USDZAR.ETORO_27-027
2026-05-12T10:21:14.650516813Z [INFO] eToro-MultiBot.TradingNode: Building data client for ETORO_WS_CLIENT
2026-05-12T10:21:14.650549018Z [INFO] eToro-MultiBot.InstrumentProvider: READY
2026-05-12T10:21:14.650605726Z [INFO] eToro-MultiBot.DataClient-ETORO_WS_CLIENT: READY
2026-05-12T10:21:14.650721865Z [INFO] eToro-MultiBot.DataEngine: Registered ETORO_WS_CLIENT
2026-05-12T10:21:14.650738506Z [INFO] eToro-MultiBot.TradingNode: Building execution client for ETORO
2026-05-12T10:21:14.650755794Z [INFO] eToro-MultiBot.InstrumentProvider: READY
2026-05-12T10:21:14.650793526Z [INFO] eToro-MultiBot.ExecClient-ETORO: READY
2026-05-12T10:21:14.650898870Z [INFO] eToro-MultiBot.ExecEngine: Registered ExecutionClient-ETORO
2026-05-12T10:21:14.651235029Z [INFO] eToro-MultiBot.TradingNode: STARTING
2026-05-12T10:21:14.651282154Z [DEBUG] eToro-MultiBot.SmaCrossoverStrategy_TSLA.ETORO_0: Registered <concurrent.futures.thread.ThreadPoolExecutor object at 0x7e7169fadaf0>
2026-05-12T10:21:14.651304528Z [DEBUG] eToro-MultiBot.SmaCrossoverStrategy_HUT.ETORO_1: Registered <concurrent.futures.thread.ThreadPoolExecutor object at 0x7e7169fadaf0>
2026-05-12T10:21:14.651323011Z [DEBUG] eToro-MultiBot.SmaCrossoverStrategy_RIOT.ETORO_2: Registered <concurrent.futures.thread.ThreadPoolExecutor object at 0x7e7169fadaf0>
2026-05-12T10:21:14.651338267Z [DEBUG] eToro-MultiBot.SmaCrossoverStrategy_NVDA.ETORO_3: Registered <concurrent.futures.thread.ThreadPoolExecutor object at 0x7e7169fadaf0>
2026-05-12T10:21:14.651347579Z [DEBUG] eToro-MultiBot.SmaCrossoverStrategy_FSLY.ETORO_4: Registered <concurrent.futures.thread.ThreadPoolExecutor object at 0x7e7169fadaf0>
2026-05-12T10:21:14.651364674Z [DEBUG] eToro-MultiBot.SmaCrossoverStrategy_INSM.ETORO_5: Registered <concurrent.futures.thread.ThreadPoolExecutor object at 0x7e7169fadaf0>
2026-05-12T10:21:14.651375062Z [DEBUG] eToro-MultiBot.SmaCrossoverStrategy_BTC.ETORO_6: Registered <concurrent.futures.thread.ThreadPoolExecutor object at 0x7e7169fadaf0>
2026-05-12T10:21:14.651397918Z [DEBUG] eToro-MultiBot.SmaCrossoverStrategy_ETH.ETORO_7: Registered <concurrent.futures.thread.ThreadPoolExecutor object at 0x7e7169fadaf0>
2026-05-12T10:21:14.651481910Z [DEBUG] eToro-MultiBot.SmaCrossoverStrategy_ADA.ETORO_8: Registered <concurrent.futures.thread.ThreadPoolExecutor object at 0x7e7169fadaf0>
2026-05-12T10:21:14.651500874Z [DEBUG] eToro-MultiBot.SmaCrossoverStrategy_XRP.ETORO_9: Registered <concurrent.futures.thread.ThreadPoolExecutor object at 0x7e7169fadaf0>
2026-05-12T10:21:14.651520204Z [DEBUG] eToro-MultiBot.SmaCrossoverStrategy_AERO.ETORO_10: Registered <concurrent.futures.thread.ThreadPoolExecutor object at 0x7e7169fadaf0>
2026-05-12T10:21:14.651533526Z [DEBUG] eToro-MultiBot.SmaCrossoverStrategy_HYPE.ETORO_11: Registered <concurrent.futures.thread.ThreadPoolExecutor object at 0x7e7169fadaf0>
2026-05-12T10:21:14.651549587Z [DEBUG] eToro-MultiBot.SmaCrossoverStrategy_ONDO.ETORO_12: Registered <concurrent.futures.thread.ThreadPoolExecutor object at 0x7e7169fadaf0>
2026-05-12T10:21:14.651563998Z [DEBUG] eToro-MultiBot.SmaCrossoverStrategy_01211.HK.ETORO_13: Registered <concurrent.futures.thread.ThreadPoolExecutor object at 0x7e7169fadaf0>
2026-05-12T10:21:14.651583117Z [DEBUG] eToro-MultiBot.SmaCrossoverStrategy_XPEV.ETORO_14: Registered <concurrent.futures.thread.ThreadPoolExecutor object at 0x7e7169fadaf0>
2026-05-12T10:21:14.651597927Z [DEBUG] eToro-MultiBot.SmaCrossoverStrategy_PLTR.ETORO_15: Registered <concurrent.futures.thread.ThreadPoolExecutor object at 0x7e7169fadaf0>
2026-05-12T10:21:14.651619817Z [DEBUG] eToro-MultiBot.SmaCrossoverStrategy_RHM.DE.ETORO_16: Registered <concurrent.futures.thread.ThreadPoolExecutor object at 0x7e7169fadaf0>
2026-05-12T10:21:14.651638165Z [DEBUG] eToro-MultiBot.SmaCrossoverStrategy_NVS.ETORO_17: Registered <concurrent.futures.thread.ThreadPoolExecutor object at 0x7e7169fadaf0>
2026-05-12T10:21:14.651652772Z [DEBUG] eToro-MultiBot.SmaCrossoverStrategy_ROP.ZU.ETORO_18: Registered <concurrent.futures.thread.ThreadPoolExecutor object at 0x7e7169fadaf0>
2026-05-12T10:21:14.651662879Z [DEBUG] eToro-MultiBot.SmaCrossoverStrategy_DOGE.ETORO_19: Registered <concurrent.futures.thread.ThreadPoolExecutor object at 0x7e7169fadaf0>
2026-05-12T10:21:14.651673766Z [DEBUG] eToro-MultiBot.SmaCrossoverStrategy_SHIBxM.ETORO_20: Registered <concurrent.futures.thread.ThreadPoolExecutor object at 0x7e7169fadaf0>
2026-05-12T10:21:14.651688853Z [DEBUG] eToro-MultiBot.SmaCrossoverStrategy_PEPExM.ETORO_21: Registered <concurrent.futures.thread.ThreadPoolExecutor object at 0x7e7169fadaf0>
2026-05-12T10:21:14.651700844Z [DEBUG] eToro-MultiBot.SmaCrossoverStrategy_SOL.ETORO_22: Registered <concurrent.futures.thread.ThreadPoolExecutor object at 0x7e7169fadaf0>
2026-05-12T10:21:14.651719172Z [DEBUG] eToro-MultiBot.SmaCrossoverStrategy_AVAX.ETORO_23: Registered <concurrent.futures.thread.ThreadPoolExecutor object at 0x7e7169fadaf0>
2026-05-12T10:21:14.651736142Z [DEBUG] eToro-MultiBot.SmaCrossoverStrategy_NATGAS.ETORO_24: Registered <concurrent.futures.thread.ThreadPoolExecutor object at 0x7e7169fadaf0>
2026-05-12T10:21:14.651745426Z [DEBUG] eToro-MultiBot.SmaCrossoverStrategy_PALL.ETORO_25: Registered <concurrent.futures.thread.ThreadPoolExecutor object at 0x7e7169fadaf0>
2026-05-12T10:21:14.651766152Z [DEBUG] eToro-MultiBot.SmaCrossoverStrategy_USDTRY.ETORO_26: Registered <concurrent.futures.thread.ThreadPoolExecutor object at 0x7e7169fadaf0>
2026-05-12T10:21:14.651777918Z [DEBUG] eToro-MultiBot.SmaCrossoverStrategy_USDZAR.ETORO_27: Registered <concurrent.futures.thread.ThreadPoolExecutor object at 0x7e7169fadaf0>
2026-05-12T10:21:14.651789819Z [DEBUG] eToro-MultiBot.DataEngine: STARTING
2026-05-12T10:21:14.651794552Z [DEBUG] eToro-MultiBot.DataClient-ETORO_WS_CLIENT: STARTING
2026-05-12T10:21:14.651808889Z [INFO] eToro-MultiBot.DataClient-ETORO_WS_CLIENT: RUNNING
2026-05-12T10:21:14.651838625Z [DEBUG] eToro-MultiBot.DataEngine: Scheduled task 'cmd_queue'
2026-05-12T10:21:14.651840313Z [DEBUG] eToro-MultiBot.DataEngine: Scheduled task 'req_queue'
2026-05-12T10:21:14.651841645Z [DEBUG] eToro-MultiBot.DataEngine: Scheduled task 'res_queue'
2026-05-12T10:21:14.651842801Z [DEBUG] eToro-MultiBot.DataEngine: Scheduled task 'data_queue'
2026-05-12T10:21:14.651853143Z [INFO] eToro-MultiBot.DataEngine: RUNNING
2026-05-12T10:21:14.651864029Z [DEBUG] eToro-MultiBot.RiskEngine: STARTING
2026-05-12T10:21:14.651879564Z [DEBUG] eToro-MultiBot.RiskEngine: Scheduled task 'cmd_queue'
2026-05-12T10:21:14.651881035Z [DEBUG] eToro-MultiBot.RiskEngine: Scheduled task 'evt_queue'
2026-05-12T10:21:14.651890911Z [INFO] eToro-MultiBot.RiskEngine: RUNNING
2026-05-12T10:21:14.651900972Z [DEBUG] eToro-MultiBot.ExecEngine: STARTING
2026-05-12T10:21:14.651904440Z [DEBUG] eToro-MultiBot.ExecClient-ETORO: STARTING
2026-05-12T10:21:14.651912309Z [INFO] eToro-MultiBot.ExecClient-ETORO: RUNNING
2026-05-12T10:21:14.651930432Z [DEBUG] eToro-MultiBot.ExecEngine: Scheduled task 'cmd_queue'
2026-05-12T10:21:14.651931816Z [DEBUG] eToro-MultiBot.ExecEngine: Scheduled task 'evt_queue'
2026-05-12T10:21:14.651937146Z [DEBUG] eToro-MultiBot.ExecEngine: Scheduled task 'continuous_reconciliation'
2026-05-12T10:21:14.651939278Z [INFO] eToro-MultiBot.ExecEngine: Started reconciliation task
2026-05-12T10:21:14.651948621Z [INFO] eToro-MultiBot.ExecEngine: RUNNING
2026-05-12T10:21:14.651958656Z [INFO] eToro-MultiBot.DataEngine: Connecting all clients...
2026-05-12T10:21:14.651962763Z [INFO] eToro-MultiBot.DataClient-ETORO_WS_CLIENT: Connecting...
2026-05-12T10:21:14.651969847Z [DEBUG] eToro-MultiBot.DataClient-ETORO_WS_CLIENT: Creating async task '_connect'
2026-05-12T10:21:14.651980360Z [INFO] eToro-MultiBot.ExecEngine: Connecting all clients...
2026-05-12T10:21:14.651982970Z [INFO] eToro-MultiBot.ExecClient-ETORO: Connecting...
2026-05-12T10:21:14.651987861Z [DEBUG] eToro-MultiBot.ExecClient-ETORO: Creating task '_connect'
2026-05-12T10:21:14.652005693Z [INFO] eToro-MultiBot.TradingNode: Awaiting engine connections and initializations (120.0s timeout)...
2026-05-12T10:21:14.652310362Z [DEBUG] eToro-MultiBot.DataEngine: DataCommand message queue processing starting (qsize=0)
2026-05-12T10:21:14.652319036Z [DEBUG] eToro-MultiBot.DataEngine: RequestData message queue processing starting (qsize=0)
2026-05-12T10:21:14.652325759Z [DEBUG] eToro-MultiBot.DataEngine: DataResponse message queue processing starting (qsize=0)
2026-05-12T10:21:14.652331536Z [DEBUG] eToro-MultiBot.DataEngine: Data queue processing starting (qsize=0)
2026-05-12T10:21:14.652338118Z [DEBUG] eToro-MultiBot.RiskEngine: Command message queue processing (qsize=0)
2026-05-12T10:21:14.652344474Z [DEBUG] eToro-MultiBot.RiskEngine: Event message queue processing starting (qsize=0)
2026-05-12T10:21:14.652350450Z [DEBUG] eToro-MultiBot.ExecEngine: Command message queue processing starting (qsize=0)
2026-05-12T10:21:14.652356057Z [DEBUG] eToro-MultiBot.ExecEngine: Event message queue processing starting (qsize=0)
2026-05-12T10:21:14.652376273Z [INFO] eToro-MultiBot.ExecEngine: Starting continuous reconciliation with intervals: inflight=2000ms, consistency=Nones, position=Nones
2026-05-12T10:21:14.652379082Z [INFO] eToro-MultiBot.ExecEngine: Awaiting startup reconciliation completion before starting continuous checks
2026-05-12T10:21:14.696074165Z [INFO] eToro-MultiBot.DataClient-ETORO_WS_CLIENT: WebSocket Verbindungsversuch 1/5 zu wss://ws.etoro.com/ws ...
2026-05-12T10:21:14.714329880Z [INFO] eToro-MultiBot.ExecClient-ETORO: ⚠️  DRY-RUN MODE: no real orders will be sent.
2026-05-12T10:21:14.764898368Z [INFO] eToro-MultiBot.ExecClient-ETORO: Execution WS connect attempt 1/5 ...
2026-05-12T10:21:14.940913506Z [INFO] eToro-MultiBot.DataClient-ETORO_WS_CLIENT: WebSocket verbunden. Authentifiziere...
2026-05-12T10:21:14.941079207Z [DEBUG] eToro-MultiBot.Cache: Added currency USD
2026-05-12T10:21:14.941108492Z [DEBUG] eToro-MultiBot.Cache: Added instrument INSM.ETORO
2026-05-12T10:21:14.941226526Z [DEBUG] eToro-MultiBot.Cache: Added instrument NVS.ETORO
2026-05-12T10:21:14.941281776Z [DEBUG] eToro-MultiBot.Cache: Added instrument RIOT.ETORO
2026-05-12T10:21:14.941321493Z [DEBUG] eToro-MultiBot.Cache: Added instrument XPEV.ETORO
2026-05-12T10:21:14.941381252Z [DEBUG] eToro-MultiBot.Cache: Added instrument AERO.ETORO
2026-05-12T10:21:14.941431528Z [DEBUG] eToro-MultiBot.Cache: Added instrument PEPExM.ETORO
2026-05-12T10:21:14.941474262Z [DEBUG] eToro-MultiBot.Cache: Added instrument AVAX.ETORO
2026-05-12T10:21:14.941526280Z [DEBUG] eToro-MultiBot.Cache: Added instrument FSLY.ETORO
2026-05-12T10:21:14.941570107Z [DEBUG] eToro-MultiBot.Cache: Added instrument XRP.ETORO
2026-05-12T10:21:14.941618471Z [DEBUG] eToro-MultiBot.Cache: Added instrument 01211.HK.ETORO
2026-05-12T10:21:14.941647066Z [DEBUG] eToro-MultiBot.Cache: Added instrument NVDA.ETORO
2026-05-12T10:21:14.941681262Z [DEBUG] eToro-MultiBot.Cache: Added instrument ETH.ETORO
2026-05-12T10:21:14.941715757Z [DEBUG] eToro-MultiBot.Cache: Added instrument USDTRY.ETORO
2026-05-12T10:21:14.941747769Z [DEBUG] eToro-MultiBot.Cache: Added instrument NATGAS.ETORO
2026-05-12T10:21:14.941775693Z [DEBUG] eToro-MultiBot.Cache: Added instrument TSLA.ETORO
2026-05-12T10:21:14.941811584Z [DEBUG] eToro-MultiBot.Cache: Added instrument HYPE.ETORO
2026-05-12T10:21:14.941856409Z [DEBUG] eToro-MultiBot.Cache: Added instrument USDZAR.ETORO
2026-05-12T10:21:14.941901170Z [DEBUG] eToro-MultiBot.Cache: Added instrument DOGE.ETORO
2026-05-12T10:21:14.941928066Z [DEBUG] eToro-MultiBot.Cache: Added instrument ONDO.ETORO
2026-05-12T10:21:14.941953308Z [DEBUG] eToro-MultiBot.Cache: Added instrument SOL.ETORO
2026-05-12T10:21:14.941982307Z [DEBUG] eToro-MultiBot.Cache: Added instrument PALL.ETORO
2026-05-12T10:21:14.942010551Z [DEBUG] eToro-MultiBot.Cache: Added instrument RHM.DE.ETORO
2026-05-12T10:21:14.942037016Z [DEBUG] eToro-MultiBot.Cache: Added instrument SHIBxM.ETORO
2026-05-12T10:21:14.942062636Z [DEBUG] eToro-MultiBot.Cache: Added instrument HUT.ETORO
2026-05-12T10:21:14.942108608Z [DEBUG] eToro-MultiBot.Cache: Added instrument BTC.ETORO
2026-05-12T10:21:14.942135921Z [DEBUG] eToro-MultiBot.Cache: Added instrument ROP.ZU.ETORO
2026-05-12T10:21:14.942175456Z [DEBUG] eToro-MultiBot.Cache: Added instrument PLTR.ETORO
2026-05-12T10:21:14.942207386Z [DEBUG] eToro-MultiBot.Cache: Added instrument ADA.ETORO
2026-05-12T10:21:15.011307684Z [INFO] eToro-MultiBot.DataClient-ETORO_WS_CLIENT: Auth-Antwort: {'id': '6d758087-2f5a-4705-a7a6-0882f8669cc5', 'success': True, 'operation': 'Authenticate'}
2026-05-12T10:21:15.011503500Z [INFO] eToro-MultiBot.DataClient-ETORO_WS_CLIENT: Abonniert: ['instrument:9119', 'instrument:4232', 'instrument:6270', 'instrument:6700', 'instrument:100421', 'instrument:100303', 'instrument:100085', 'instrument:5045', 'instrument:100003', 'instrument:2380', 'instrument:1137', 'instrument:100001', 'instrument:62', 'instrument:22', 'instrument:1111', 'instrument:100446', 'instrument:42', 'instrument:100043', 'instrument:100323', 'instrument:100063', 'instrument:3208', 'instrument:2587', 'instrument:100080', 'instrument:8671', 'instrument:100000', 'instrument:1402', 'instrument:7991', 'instrument:100017']
2026-05-12T10:21:15.011519716Z [DEBUG] eToro-MultiBot.DataClient-ETORO_WS_CLIENT: Creating async task 'message_loop'
2026-05-12T10:21:15.011623145Z [DEBUG] eToro-MultiBot.DataClient-ETORO_WS_CLIENT: Coroutine '_connect' completed
2026-05-12T10:21:15.011638517Z [INFO] eToro-MultiBot.DataClient-ETORO_WS_CLIENT: Connected
2026-05-12T10:21:15.018616287Z [WARN] eToro-MultiBot.ExecClient-ETORO: Auth response not JSON: b'\x00'
2026-05-12T10:21:15.018753459Z [INFO] eToro-MultiBot.ExecClient-ETORO: Subscribed to trading notification topics.
2026-05-12T10:21:15.018763712Z [DEBUG] eToro-MultiBot.ExecClient-ETORO: Creating task 'exec_ws_loop'
2026-05-12T10:21:15.018795112Z [INFO] eToro-MultiBot.ExecClient-ETORO: Execution WS connected and authenticated.
2026-05-12T10:21:15.018941052Z [DEBUG] eToro-MultiBot.Cache: Added Account(id=ETORO-DEMO-001)
2026-05-12T10:21:15.018947214Z [DEBUG] eToro-MultiBot.Cache: Indexed AccountId('ETORO-DEMO-001')
2026-05-12T10:21:15.018970422Z [INFO] eToro-MultiBot.Portfolio: Updated AccountState(account_id=ETORO-DEMO-001, account_type=MARGIN, base_currency=USD, is_reported=False, balances=[AccountBalance(total=0.00 USD, locked=0.00 USD, free=0.00 USD)], margins=[], event_id=cfb1c5ec-1cc6-4ed6-92a6-6991962eae94)
2026-05-12T10:21:15.019155706Z [INFO] eToro-MultiBot.ExecClient-ETORO: Connected
2026-05-12T10:21:15.019214603Z [INFO] eToro-MultiBot.TradingNode: Awaiting execution state reconciliation (30.0s timeout)...
2026-05-12T10:21:15.019276896Z [INFO] eToro-MultiBot.ExecClient-ETORO: Generating ExecutionMassStatus...
2026-05-12T10:21:15.019354085Z [WARN] eToro-MultiBot.ExecClient-ETORO: generate_order_status_reports: Kein Query-Endpoint verfügbar. Gebe leere Liste zurück.
2026-05-12T10:21:15.019453634Z [DEBUG] eToro-MultiBot.ExecEngine: <--[RPT] ExecutionMassStatus(client_id=ETORO, account_id=ETORO-DEMO-001, venue=ETORO, order_reports={}, fill_reports={}, position_reports={}, report_id=3910f5ac-92dd-4ceb-af63-be65157ccd26, ts_init=1778581275019299491)
2026-05-12T10:21:15.019460808Z [INFO] eToro-MultiBot.ExecEngine: Reconciling ExecutionMassStatus for ETORO
2026-05-12T10:21:15.019487269Z [INFO] eToro-MultiBot.ExecEngine: Attempting to adjust fills for 0 instruments
2026-05-12T10:21:15.021836142Z [INFO] eToro-MultiBot.ExecEngine: Updating adjusted fills for 0 instruments
2026-05-12T10:21:15.021846163Z [INFO] eToro-MultiBot.ExecEngine: Final order_reports contains 0 orders, fill_reports contains 0 fills across all instruments
2026-05-12T10:21:15.021924293Z [DEBUG] eToro-MultiBot.ExecEngine: Reconciliation state validation passed for 0 order(s)
2026-05-12T10:21:15.021962508Z [INFO] eToro-MultiBot.ExecEngine: Reconciliation for ETORO succeeded
2026-05-12T10:21:15.021995214Z [INFO] eToro-MultiBot.TradingNode: Execution state reconciled
2026-05-12T10:21:15.022010836Z [DEBUG] eToro-MultiBot.OrderEmulator: STARTING
2026-05-12T10:21:15.022016293Z [INFO] eToro-MultiBot.OrderEmulator: No emulated orders to reactivate
2026-05-12T10:21:15.022073603Z [INFO] eToro-MultiBot.OrderEmulator: RUNNING
2026-05-12T10:21:15.022099722Z [INFO] eToro-MultiBot.Portfolio: Initialized 0 open orders
2026-05-12T10:21:15.022107185Z [INFO] eToro-MultiBot.Portfolio: Initialized 0 open positions
2026-05-12T10:21:15.022130724Z [INFO] eToro-MultiBot.TradingNode: Awaiting portfolio initialization (10.0s timeout)...
2026-05-12T10:21:15.022253821Z [INFO] eToro-MultiBot.ExecEngine: Startup reconciliation completed
2026-05-12T10:21:15.022260889Z [INFO] eToro-MultiBot.ExecEngine: Applying post-reconciliation startup delay (10.0s)
2026-05-12T10:21:15.022328889Z [INFO] eToro-MultiBot.TradingNode: Portfolio initialized
2026-05-12T10:21:15.022338752Z [DEBUG] eToro-MultiBot.eToro-MultiBot: STARTING
2026-05-12T10:21:15.022353109Z [DEBUG] eToro-MultiBot.SmaCrossoverStrategy_TSLA.ETORO_0: STARTING
2026-05-12T10:21:15.022377771Z [INFO] eToro-MultiBot.SmaCrossoverStrategy_TSLA.ETORO_0: self.config.oms_type=None
2026-05-12T10:21:15.022379671Z [INFO] eToro-MultiBot.SmaCrossoverStrategy_TSLA.ETORO_0: self.config.external_order_claims=None
2026-05-12T10:21:15.022381062Z [INFO] eToro-MultiBot.SmaCrossoverStrategy_TSLA.ETORO_0: self.config.manage_gtd_expiry=False
2026-05-12T10:21:15.022389787Z [INFO] eToro-MultiBot.SmaCrossoverStrategy_TSLA.ETORO_0: Set ClientOrderIdGenerator client_order_id count to 0
2026-05-12T10:21:15.022391780Z [INFO] eToro-MultiBot.SmaCrossoverStrategy_TSLA.ETORO_0: Set ClientOrderIdGenerator order_list_id count to 0
2026-05-12T10:21:15.022412505Z [INFO] eToro-MultiBot.SmaCrossoverStrategy_TSLA.ETORO_0: Starte SMA Crossover auf TSLA.ETORO
2026-05-12T10:21:15.022480888Z [DEBUG] eToro-MultiBot.MessageBus: Added Subscription(topic=data.quotes.ETORO.TSLA, handler=<bound method Actor.handle_quote_tick of SmaCrossoverStrategy(SmaCrossoverStrategy_TSLA.ETORO_0-000)>, priority=0)
2026-05-12T10:21:15.022521105Z [INFO] eToro-MultiBot.SmaCrossoverStrategy_TSLA.ETORO_0: [CMD]--> SubscribeQuoteTicks(instrument_id=TSLA.ETORO, client_id=None, venue=ETORO)
2026-05-12T10:21:15.022575677Z [DEBUG] eToro-MultiBot.MessageBus: Added Subscription(topic=data.bars.TSLA.ETORO-1-MINUTE-MID-INTERNAL, handler=<bound method Actor.handle_bar of SmaCrossoverStrategy(SmaCrossoverStrategy_TSLA.ETORO_0-000)>, priority=0)
2026-05-12T10:21:15.022602707Z [INFO] eToro-MultiBot.SmaCrossoverStrategy_TSLA.ETORO_0: [CMD]--> SubscribeBars(bar_type=TSLA.ETORO-1-MINUTE-MID-INTERNAL, client_id=None, venue=ETORO)
2026-05-12T10:21:15.022683398Z [INFO] eToro-MultiBot.SmaCrossoverStrategy_TSLA.ETORO_0: RUNNING
2026-05-12T10:21:15.022700190Z [DEBUG] eToro-MultiBot.SmaCrossoverStrategy_HUT.ETORO_1: STARTING
2026-05-12T10:21:15.022704284Z [INFO] eToro-MultiBot.SmaCrossoverStrategy_HUT.ETORO_1: self.config.oms_type=None
2026-05-12T10:21:15.022705625Z [INFO] eToro-MultiBot.SmaCrossoverStrategy_HUT.ETORO_1: self.config.external_order_claims=None
2026-05-12T10:21:15.022707739Z [INFO] eToro-MultiBot.SmaCrossoverStrategy_HUT.ETORO_1: self.config.manage_gtd_expiry=False
2026-05-12T10:21:15.022712577Z [INFO] eToro-MultiBot.SmaCrossoverStrategy_HUT.ETORO_1: Set ClientOrderIdGenerator client_order_id count to 0
2026-05-12T10:21:15.022713880Z [INFO] eToro-MultiBot.SmaCrossoverStrategy_HUT.ETORO_1: Set ClientOrderIdGenerator order_list_id count to 0
2026-05-12T10:21:15.022722736Z [INFO] eToro-MultiBot.SmaCrossoverStrategy_HUT.ETORO_1: Starte SMA Crossover auf HUT.ETORO
2026-05-12T10:21:15.022744296Z [DEBUG] eToro-MultiBot.MessageBus: Added Subscription(topic=data.quotes.ETORO.HUT, handler=<bound method Actor.handle_quote_tick of SmaCrossoverStrategy(SmaCrossoverStrategy_HUT.ETORO_1-001)>, priority=0)
2026-05-12T10:21:15.022765424Z [INFO] eToro-MultiBot.SmaCrossoverStrategy_HUT.ETORO_1: [CMD]--> SubscribeQuoteTicks(instrument_id=HUT.ETORO, client_id=None, venue=ETORO)
2026-05-12T10:21:15.022791300Z [DEBUG] eToro-MultiBot.MessageBus: Added Subscription(topic=data.bars.HUT.ETORO-1-MINUTE-MID-INTERNAL, handler=<bound method Actor.handle_bar of SmaCrossoverStrategy(SmaCrossoverStrategy_HUT.ETORO_1-001)>, priority=0)
2026-05-12T10:21:15.022808353Z [INFO] eToro-MultiBot.SmaCrossoverStrategy_HUT.ETORO_1: [CMD]--> SubscribeBars(bar_type=HUT.ETORO-1-MINUTE-MID-INTERNAL, client_id=None, venue=ETORO)
2026-05-12T10:21:15.022849775Z [INFO] eToro-MultiBot.SmaCrossoverStrategy_HUT.ETORO_1: RUNNING
2026-05-12T10:21:15.022864342Z [DEBUG] eToro-MultiBot.SmaCrossoverStrategy_RIOT.ETORO_2: STARTING
2026-05-12T10:21:15.022868135Z [INFO] eToro-MultiBot.SmaCrossoverStrategy_RIOT.ETORO_2: self.config.oms_type=None
2026-05-12T10:21:15.022869396Z [INFO] eToro-MultiBot.SmaCrossoverStrategy_RIOT.ETORO_2: self.config.external_order_claims=None
2026-05-12T10:21:15.022870374Z [INFO] eToro-MultiBot.SmaCrossoverStrategy_RIOT.ETORO_2: self.config.manage_gtd_expiry=False
2026-05-12T10:21:15.022874309Z [INFO] eToro-MultiBot.SmaCrossoverStrategy_RIOT.ETORO_2: Set ClientOrderIdGenerator client_order_id count to 0
2026-05-12T10:21:15.022875377Z [INFO] eToro-MultiBot.SmaCrossoverStrategy_RIOT.ETORO_2: Set ClientOrderIdGenerator order_list_id count to 0
2026-05-12T10:21:15.022883632Z [INFO] eToro-MultiBot.SmaCrossoverStrategy_RIOT.ETORO_2: Starte SMA Crossover auf RIOT.ETORO
2026-05-12T10:21:15.022904059Z [DEBUG] eToro-MultiBot.MessageBus: Added Subscription(topic=data.quotes.ETORO.RIOT, handler=<bound method Actor.handle_quote_tick of SmaCrossoverStrategy(SmaCrossoverStrategy_RIOT.ETORO_2-002)>, priority=0)
2026-05-12T10:21:15.022922121Z [INFO] eToro-MultiBot.SmaCrossoverStrategy_RIOT.ETORO_2: [CMD]--> SubscribeQuoteTicks(instrument_id=RIOT.ETORO, client_id=None, venue=ETORO)
2026-05-12T10:21:15.022948151Z [DEBUG] eToro-MultiBot.MessageBus: Added Subscription(topic=data.bars.RIOT.ETORO-1-MINUTE-MID-INTERNAL, handler=<bound method Actor.handle_bar of SmaCrossoverStrategy(SmaCrossoverStrategy_RIOT.ETORO_2-002)>, priority=0)
2026-05-12T10:21:15.022965157Z [INFO] eToro-MultiBot.SmaCrossoverStrategy_RIOT.ETORO_2: [CMD]--> SubscribeBars(bar_type=RIOT.ETORO-1-MINUTE-MID-INTERNAL, client_id=None, venue=ETORO)
2026-05-12T10:21:15.023005359Z [INFO] eToro-MultiBot.SmaCrossoverStrategy_RIOT.ETORO_2: RUNNING
2026-05-12T10:21:15.023021179Z [DEBUG] eToro-MultiBot.SmaCrossoverStrategy_NVDA.ETORO_3: STARTING
2026-05-12T10:21:15.023024256Z [INFO] eToro-MultiBot.SmaCrossoverStrategy_NVDA.ETORO_3: self.config.oms_type=None
2026-05-12T10:21:15.023025383Z [INFO] eToro-MultiBot.SmaCrossoverStrategy_NVDA.ETORO_3: self.config.external_order_claims=None
2026-05-12T10:21:15.023026393Z [INFO] eToro-MultiBot.SmaCrossoverStrategy_NVDA.ETORO_3: self.config.manage_gtd_expiry=False
2026-05-12T10:21:15.023030250Z [INFO] eToro-MultiBot.SmaCrossoverStrategy_NVDA.ETORO_3: Set ClientOrderIdGenerator client_order_id count to 0
2026-05-12T10:21:15.023031286Z [INFO] eToro-MultiBot.SmaCrossoverStrategy_NVDA.ETORO_3: Set ClientOrderIdGenerator order_list_id count to 0
2026-05-12T10:21:15.023038191Z [INFO] eToro-MultiBot.SmaCrossoverStrategy_NVDA.ETORO_3: Starte SMA Crossover auf NVDA.ETORO
2026-05-12T10:21:15.023056893Z [DEBUG] eToro-MultiBot.MessageBus: Added Subscription(topic=data.quotes.ETORO.NVDA, handler=<bound method Actor.handle_quote_tick of SmaCrossoverStrategy(SmaCrossoverStrategy_NVDA.ETORO_3-003)>, priority=0)
2026-05-12T10:21:15.023074480Z [INFO] eToro-MultiBot.SmaCrossoverStrategy_NVDA.ETORO_3: [CMD]--> SubscribeQuoteTicks(instrument_id=NVDA.ETORO, client_id=None, venue=ETORO)
2026-05-12T10:21:15.023106820Z [DEBUG] eToro-MultiBot.MessageBus: Added Subscription(topic=data.bars.NVDA.ETORO-1-MINUTE-MID-INTERNAL, handler=<bound method Actor.handle_bar of SmaCrossoverStrategy(SmaCrossoverStrategy_NVDA.ETORO_3-003)>, priority=0)
2026-05-12T10:21:15.023129366Z [INFO] eToro-MultiBot.SmaCrossoverStrategy_NVDA.ETORO_3: [CMD]--> SubscribeBars(bar_type=NVDA.ETORO-1-MINUTE-MID-INTERNAL, client_id=None, venue=ETORO)
2026-05-12T10:21:15.023167286Z [INFO] eToro-MultiBot.SmaCrossoverStrategy_NVDA.ETORO_3: RUNNING
2026-05-12T10:21:15.023183571Z [DEBUG] eToro-MultiBot.SmaCrossoverStrategy_FSLY.ETORO_4: STARTING
2026-05-12T10:21:15.023188195Z [INFO] eToro-MultiBot.SmaCrossoverStrategy_FSLY.ETORO_4: self.config.oms_type=None
2026-05-12T10:21:15.023189359Z [INFO] eToro-MultiBot.SmaCrossoverStrategy_FSLY.ETORO_4: self.config.external_order_claims=None
2026-05-12T10:21:15.023190726Z [INFO] eToro-MultiBot.SmaCrossoverStrategy_FSLY.ETORO_4: self.config.manage_gtd_expiry=False
2026-05-12T10:21:15.023194580Z [INFO] eToro-MultiBot.SmaCrossoverStrategy_FSLY.ETORO_4: Set ClientOrderIdGenerator client_order_id count to 0
2026-05-12T10:21:15.023195679Z [INFO] eToro-MultiBot.SmaCrossoverStrategy_FSLY.ETORO_4: Set ClientOrderIdGenerator order_list_id count to 0
2026-05-12T10:21:15.023203143Z [INFO] eToro-MultiBot.SmaCrossoverStrategy_FSLY.ETORO_4: Starte SMA Crossover auf FSLY.ETORO
2026-05-12T10:21:15.023221548Z [DEBUG] eToro-MultiBot.MessageBus: Added Subscription(topic=data.quotes.ETORO.FSLY, handler=<bound method Actor.handle_quote_tick of SmaCrossoverStrategy(SmaCrossoverStrategy_FSLY.ETORO_4-004)>, priority=0)
2026-05-12T10:21:15.023238377Z [INFO] eToro-MultiBot.SmaCrossoverStrategy_FSLY.ETORO_4: [CMD]--> SubscribeQuoteTicks(instrument_id=FSLY.ETORO, client_id=None, venue=ETORO)
2026-05-12T10:21:15.023262580Z [DEBUG] eToro-MultiBot.MessageBus: Added Subscription(topic=data.bars.FSLY.ETORO-1-MINUTE-MID-INTERNAL, handler=<bound method Actor.handle_bar of SmaCrossoverStrategy(SmaCrossoverStrategy_FSLY.ETORO_4-004)>, priority=0)
2026-05-12T10:21:15.023278757Z [INFO] eToro-MultiBot.SmaCrossoverStrategy_FSLY.ETORO_4: [CMD]--> SubscribeBars(bar_type=FSLY.ETORO-1-MINUTE-MID-INTERNAL, client_id=None, venue=ETORO)
2026-05-12T10:21:15.023318679Z [INFO] eToro-MultiBot.SmaCrossoverStrategy_FSLY.ETORO_4: RUNNING
2026-05-12T10:21:15.023333694Z [DEBUG] eToro-MultiBot.SmaCrossoverStrategy_INSM.ETORO_5: STARTING
2026-05-12T10:21:15.023336868Z [INFO] eToro-MultiBot.SmaCrossoverStrategy_INSM.ETORO_5: self.config.oms_type=None
2026-05-12T10:21:15.023338030Z [INFO] eToro-MultiBot.SmaCrossoverStrategy_INSM.ETORO_5: self.config.external_order_claims=None
2026-05-12T10:21:15.023338967Z [INFO] eToro-MultiBot.SmaCrossoverStrategy_INSM.ETORO_5: self.config.manage_gtd_expiry=False
2026-05-12T10:21:15.023343117Z [INFO] eToro-MultiBot.SmaCrossoverStrategy_INSM.ETORO_5: Set ClientOrderIdGenerator client_order_id count to 0
2026-05-12T10:21:15.023344122Z [INFO] eToro-MultiBot.SmaCrossoverStrategy_INSM.ETORO_5: Set ClientOrderIdGenerator order_list_id count to 0
2026-05-12T10:21:15.023349823Z [INFO] eToro-MultiBot.SmaCrossoverStrategy_INSM.ETORO_5: Starte SMA Crossover auf INSM.ETORO
2026-05-12T10:21:15.023368156Z [DEBUG] eToro-MultiBot.MessageBus: Added Subscription(topic=data.quotes.ETORO.INSM, handler=<bound method Actor.handle_quote_tick of SmaCrossoverStrategy(SmaCrossoverStrategy_INSM.ETORO_5-005)>, priority=0)
2026-05-12T10:21:15.023385068Z [INFO] eToro-MultiBot.SmaCrossoverStrategy_INSM.ETORO_5: [CMD]--> SubscribeQuoteTicks(instrument_id=INSM.ETORO, client_id=None, venue=ETORO)
2026-05-12T10:21:15.023408081Z [DEBUG] eToro-MultiBot.MessageBus: Added Subscription(topic=data.bars.INSM.ETORO-1-MINUTE-MID-INTERNAL, handler=<bound method Actor.handle_bar of SmaCrossoverStrategy(SmaCrossoverStrategy_INSM.ETORO_5-005)>, priority=0)
2026-05-12T10:21:15.023423952Z [INFO] eToro-MultiBot.SmaCrossoverStrategy_INSM.ETORO_5: [CMD]--> SubscribeBars(bar_type=INSM.ETORO-1-MINUTE-MID-INTERNAL, client_id=None, venue=ETORO)
2026-05-12T10:21:15.023462279Z [INFO] eToro-MultiBot.SmaCrossoverStrategy_INSM.ETORO_5: RUNNING
2026-05-12T10:21:15.023476650Z [DEBUG] eToro-MultiBot.SmaCrossoverStrategy_BTC.ETORO_6: STARTING
2026-05-12T10:21:15.023478594Z [INFO] eToro-MultiBot.SmaCrossoverStrategy_BTC.ETORO_6: self.config.oms_type=None
2026-05-12T10:21:15.023480048Z [INFO] eToro-MultiBot.SmaCrossoverStrategy_BTC.ETORO_6: self.config.external_order_claims=None
2026-05-12T10:21:15.023481010Z [INFO] eToro-MultiBot.SmaCrossoverStrategy_BTC.ETORO_6: self.config.manage_gtd_expiry=False
2026-05-12T10:21:15.023484976Z [INFO] eToro-MultiBot.SmaCrossoverStrategy_BTC.ETORO_6: Set ClientOrderIdGenerator client_order_id count to 0
2026-05-12T10:21:15.023486909Z [INFO] eToro-MultiBot.SmaCrossoverStrategy_BTC.ETORO_6: Set ClientOrderIdGenerator order_list_id count to 0
2026-05-12T10:21:15.023492953Z [INFO] eToro-MultiBot.SmaCrossoverStrategy_BTC.ETORO_6: Starte SMA Crossover auf BTC.ETORO
2026-05-12T10:21:15.023516004Z [DEBUG] eToro-MultiBot.MessageBus: Added Subscription(topic=data.quotes.ETORO.BTC, handler=<bound method Actor.handle_quote_tick of SmaCrossoverStrategy(SmaCrossoverStrategy_BTC.ETORO_6-006)>, priority=0)
2026-05-12T10:21:15.023538797Z [INFO] eToro-MultiBot.SmaCrossoverStrategy_BTC.ETORO_6: [CMD]--> SubscribeQuoteTicks(instrument_id=BTC.ETORO, client_id=None, venue=ETORO)
2026-05-12T10:21:15.023565872Z [DEBUG] eToro-MultiBot.MessageBus: Added Subscription(topic=data.bars.BTC.ETORO-1-MINUTE-MID-INTERNAL, handler=<bound method Actor.handle_bar of SmaCrossoverStrategy(SmaCrossoverStrategy_BTC.ETORO_6-006)>, priority=0)
2026-05-12T10:21:15.023586530Z [INFO] eToro-MultiBot.SmaCrossoverStrategy_BTC.ETORO_6: [CMD]--> SubscribeBars(bar_type=BTC.ETORO-1-MINUTE-MID-INTERNAL, client_id=None, venue=ETORO)
2026-05-12T10:21:15.023631143Z [INFO] eToro-MultiBot.SmaCrossoverStrategy_BTC.ETORO_6: RUNNING
2026-05-12T10:21:15.023648797Z [DEBUG] eToro-MultiBot.SmaCrossoverStrategy_ETH.ETORO_7: STARTING
2026-05-12T10:21:15.023653462Z [INFO] eToro-MultiBot.SmaCrossoverStrategy_ETH.ETORO_7: self.config.oms_type=None
2026-05-12T10:21:15.023654772Z [INFO] eToro-MultiBot.SmaCrossoverStrategy_ETH.ETORO_7: self.config.external_order_claims=None
2026-05-12T10:21:15.023655712Z [INFO] eToro-MultiBot.SmaCrossoverStrategy_ETH.ETORO_7: self.config.manage_gtd_expiry=False
2026-05-12T10:21:15.023660012Z [INFO] eToro-MultiBot.SmaCrossoverStrategy_ETH.ETORO_7: Set ClientOrderIdGenerator client_order_id count to 0
2026-05-12T10:21:15.023661419Z [INFO] eToro-MultiBot.SmaCrossoverStrategy_ETH.ETORO_7: Set ClientOrderIdGenerator order_list_id count to 0
2026-05-12T10:21:15.023667617Z [INFO] eToro-MultiBot.SmaCrossoverStrategy_ETH.ETORO_7: Starte SMA Crossover auf ETH.ETORO
2026-05-12T10:21:15.023686237Z [DEBUG] eToro-MultiBot.MessageBus: Added Subscription(topic=data.quotes.ETORO.ETH, handler=<bound method Actor.handle_quote_tick of SmaCrossoverStrategy(SmaCrossoverStrategy_ETH.ETORO_7-007)>, priority=0)
2026-05-12T10:21:15.023702751Z [INFO] eToro-MultiBot.SmaCrossoverStrategy_ETH.ETORO_7: [CMD]--> SubscribeQuoteTicks(instrument_id=ETH.ETORO, client_id=None, venue=ETORO)
2026-05-12T10:21:15.023726230Z [DEBUG] eToro-MultiBot.MessageBus: Added Subscription(topic=data.bars.ETH.ETORO-1-MINUTE-MID-INTERNAL, handler=<bound method Actor.handle_bar of SmaCrossoverStrategy(SmaCrossoverStrategy_ETH.ETORO_7-007)>, priority=0)
2026-05-12T10:21:15.023741776Z [INFO] eToro-MultiBot.SmaCrossoverStrategy_ETH.ETORO_7: [CMD]--> SubscribeBars(bar_type=ETH.ETORO-1-MINUTE-MID-INTERNAL, client_id=None, venue=ETORO)
2026-05-12T10:21:15.023775716Z [INFO] eToro-MultiBot.SmaCrossoverStrategy_ETH.ETORO_7: RUNNING
2026-05-12T10:21:15.023793287Z [DEBUG] eToro-MultiBot.SmaCrossoverStrategy_ADA.ETORO_8: STARTING
2026-05-12T10:21:15.023797759Z [INFO] eToro-MultiBot.SmaCrossoverStrategy_ADA.ETORO_8: self.config.oms_type=None
2026-05-12T10:21:15.023798938Z [INFO] eToro-MultiBot.SmaCrossoverStrategy_ADA.ETORO_8: self.config.external_order_claims=None
2026-05-12T10:21:15.023800545Z [INFO] eToro-MultiBot.SmaCrossoverStrategy_ADA.ETORO_8: self.config.manage_gtd_expiry=False
2026-05-12T10:21:15.023804169Z [INFO] eToro-MultiBot.SmaCrossoverStrategy_ADA.ETORO_8: Set ClientOrderIdGenerator client_order_id count to 0
2026-05-12T10:21:15.023805454Z [INFO] eToro-MultiBot.SmaCrossoverStrategy_ADA.ETORO_8: Set ClientOrderIdGenerator order_list_id count to 0
2026-05-12T10:21:15.023811558Z [INFO] eToro-MultiBot.SmaCrossoverStrategy_ADA.ETORO_8: Starte SMA Crossover auf ADA.ETORO
2026-05-12T10:21:15.023829573Z [DEBUG] eToro-MultiBot.MessageBus: Added Subscription(topic=data.quotes.ETORO.ADA, handler=<bound method Actor.handle_quote_tick of SmaCrossoverStrategy(SmaCrossoverStrategy_ADA.ETORO_8-008)>, priority=0)
2026-05-12T10:21:15.023849747Z [INFO] eToro-MultiBot.SmaCrossoverStrategy_ADA.ETORO_8: [CMD]--> SubscribeQuoteTicks(instrument_id=ADA.ETORO, client_id=None, venue=ETORO)
2026-05-12T10:21:15.023873766Z [DEBUG] eToro-MultiBot.MessageBus: Added Subscription(topic=data.bars.ADA.ETORO-1-MINUTE-MID-INTERNAL, handler=<bound method Actor.handle_bar of SmaCrossoverStrategy(SmaCrossoverStrategy_ADA.ETORO_8-008)>, priority=0)
2026-05-12T10:21:15.023889439Z [INFO] eToro-MultiBot.SmaCrossoverStrategy_ADA.ETORO_8: [CMD]--> SubscribeBars(bar_type=ADA.ETORO-1-MINUTE-MID-INTERNAL, client_id=None, venue=ETORO)
2026-05-12T10:21:15.023927544Z [INFO] eToro-MultiBot.SmaCrossoverStrategy_ADA.ETORO_8: RUNNING
2026-05-12T10:21:15.023943809Z [DEBUG] eToro-MultiBot.SmaCrossoverStrategy_XRP.ETORO_9: STARTING
2026-05-12T10:21:15.023946512Z [INFO] eToro-MultiBot.SmaCrossoverStrategy_XRP.ETORO_9: self.config.oms_type=None
2026-05-12T10:21:15.023947794Z [INFO] eToro-MultiBot.SmaCrossoverStrategy_XRP.ETORO_9: self.config.external_order_claims=None
2026-05-12T10:21:15.023948760Z [INFO] eToro-MultiBot.SmaCrossoverStrategy_XRP.ETORO_9: self.config.manage_gtd_expiry=False
2026-05-12T10:21:15.023952559Z [INFO] eToro-MultiBot.SmaCrossoverStrategy_XRP.ETORO_9: Set ClientOrderIdGenerator client_order_id count to 0
2026-05-12T10:21:15.023953577Z [INFO] eToro-MultiBot.SmaCrossoverStrategy_XRP.ETORO_9: Set ClientOrderIdGenerator order_list_id count to 0
2026-05-12T10:21:15.023959281Z [INFO] eToro-MultiBot.SmaCrossoverStrategy_XRP.ETORO_9: Starte SMA Crossover auf XRP.ETORO
2026-05-12T10:21:15.023976833Z [DEBUG] eToro-MultiBot.MessageBus: Added Subscription(topic=data.quotes.ETORO.XRP, handler=<bound method Actor.handle_quote_tick of SmaCrossoverStrategy(SmaCrossoverStrategy_XRP.ETORO_9-009)>, priority=0)
2026-05-12T10:21:15.023993581Z [INFO] eToro-MultiBot.SmaCrossoverStrategy_XRP.ETORO_9: [CMD]--> SubscribeQuoteTicks(instrument_id=XRP.ETORO, client_id=None, venue=ETORO)
2026-05-12T10:21:15.024020956Z [DEBUG] eToro-MultiBot.MessageBus: Added Subscription(topic=data.bars.XRP.ETORO-1-MINUTE-MID-INTERNAL, handler=<bound method Actor.handle_bar of SmaCrossoverStrategy(SmaCrossoverStrategy_XRP.ETORO_9-009)>, priority=0)
2026-05-12T10:21:15.024037508Z [INFO] eToro-MultiBot.SmaCrossoverStrategy_XRP.ETORO_9: [CMD]--> SubscribeBars(bar_type=XRP.ETORO-1-MINUTE-MID-INTERNAL, client_id=None, venue=ETORO)
2026-05-12T10:21:15.024076690Z [INFO] eToro-MultiBot.SmaCrossoverStrategy_XRP.ETORO_9: RUNNING
2026-05-12T10:21:15.024100017Z [DEBUG] eToro-MultiBot.SmaCrossoverStrategy_AERO.ETORO_10: STARTING
2026-05-12T10:21:15.024103622Z [INFO] eToro-MultiBot.SmaCrossoverStrategy_AERO.ETORO_10: self.config.oms_type=None
2026-05-12T10:21:15.024104690Z [INFO] eToro-MultiBot.SmaCrossoverStrategy_AERO.ETORO_10: self.config.external_order_claims=None
2026-05-12T10:21:15.024105699Z [INFO] eToro-MultiBot.SmaCrossoverStrategy_AERO.ETORO_10: self.config.manage_gtd_expiry=False
2026-05-12T10:21:15.024109338Z [INFO] eToro-MultiBot.SmaCrossoverStrategy_AERO.ETORO_10: Set ClientOrderIdGenerator client_order_id count to 0
2026-05-12T10:21:15.024110490Z [INFO] eToro-MultiBot.SmaCrossoverStrategy_AERO.ETORO_10: Set ClientOrderIdGenerator order_list_id count to 0
2026-05-12T10:21:15.024116600Z [INFO] eToro-MultiBot.SmaCrossoverStrategy_AERO.ETORO_10: Starte SMA Crossover auf AERO.ETORO
2026-05-12T10:21:15.024135616Z [DEBUG] eToro-MultiBot.MessageBus: Added Subscription(topic=data.quotes.ETORO.AERO, handler=<bound method Actor.handle_quote_tick of SmaCrossoverStrategy(SmaCrossoverStrategy_AERO.ETORO_10-010)>, priority=0)
2026-05-12T10:21:15.024152563Z [INFO] eToro-MultiBot.SmaCrossoverStrategy_AERO.ETORO_10: [CMD]--> SubscribeQuoteTicks(instrument_id=AERO.ETORO, client_id=None, venue=ETORO)
2026-05-12T10:21:15.024175788Z [DEBUG] eToro-MultiBot.MessageBus: Added Subscription(topic=data.bars.AERO.ETORO-1-MINUTE-MID-INTERNAL, handler=<bound method Actor.handle_bar of SmaCrossoverStrategy(SmaCrossoverStrategy_AERO.ETORO_10-010)>, priority=0)
2026-05-12T10:21:15.024191360Z [INFO] eToro-MultiBot.SmaCrossoverStrategy_AERO.ETORO_10: [CMD]--> SubscribeBars(bar_type=AERO.ETORO-1-MINUTE-MID-INTERNAL, client_id=None, venue=ETORO)
2026-05-12T10:21:15.024227841Z [INFO] eToro-MultiBot.SmaCrossoverStrategy_AERO.ETORO_10: RUNNING
2026-05-12T10:21:15.024244437Z [DEBUG] eToro-MultiBot.SmaCrossoverStrategy_HYPE.ETORO_11: STARTING
2026-05-12T10:21:15.024247502Z [INFO] eToro-MultiBot.SmaCrossoverStrategy_HYPE.ETORO_11: self.config.oms_type=None
2026-05-12T10:21:15.024248652Z [INFO] eToro-MultiBot.SmaCrossoverStrategy_HYPE.ETORO_11: self.config.external_order_claims=None
2026-05-12T10:21:15.024249711Z [INFO] eToro-MultiBot.SmaCrossoverStrategy_HYPE.ETORO_11: self.config.manage_gtd_expiry=False
2026-05-12T10:21:15.024253442Z [INFO] eToro-MultiBot.SmaCrossoverStrategy_HYPE.ETORO_11: Set ClientOrderIdGenerator client_order_id count to 0
2026-05-12T10:21:15.024254515Z [INFO] eToro-MultiBot.SmaCrossoverStrategy_HYPE.ETORO_11: Set ClientOrderIdGenerator order_list_id count to 0
2026-05-12T10:21:15.024261092Z [INFO] eToro-MultiBot.SmaCrossoverStrategy_HYPE.ETORO_11: Starte SMA Crossover auf HYPE.ETORO
2026-05-12T10:21:15.024283325Z [DEBUG] eToro-MultiBot.MessageBus: Added Subscription(topic=data.quotes.ETORO.HYPE, handler=<bound method Actor.handle_quote_tick of SmaCrossoverStrategy(SmaCrossoverStrategy_HYPE.ETORO_11-011)>, priority=0)
2026-05-12T10:21:15.024302284Z [INFO] eToro-MultiBot.SmaCrossoverStrategy_HYPE.ETORO_11: [CMD]--> SubscribeQuoteTicks(instrument_id=HYPE.ETORO, client_id=None, venue=ETORO)
2026-05-12T10:21:15.024325813Z [DEBUG] eToro-MultiBot.MessageBus: Added Subscription(topic=data.bars.HYPE.ETORO-1-MINUTE-MID-INTERNAL, handler=<bound method Actor.handle_bar of SmaCrossoverStrategy(SmaCrossoverStrategy_HYPE.ETORO_11-011)>, priority=0)
2026-05-12T10:21:15.024341754Z [INFO] eToro-MultiBot.SmaCrossoverStrategy_HYPE.ETORO_11: [CMD]--> SubscribeBars(bar_type=HYPE.ETORO-1-MINUTE-MID-INTERNAL, client_id=None, venue=ETORO)
2026-05-12T10:21:15.024381349Z [INFO] eToro-MultiBot.SmaCrossoverStrategy_HYPE.ETORO_11: RUNNING
2026-05-12T10:21:15.024395308Z [DEBUG] eToro-MultiBot.SmaCrossoverStrategy_ONDO.ETORO_12: STARTING
2026-05-12T10:21:15.024400026Z [INFO] eToro-MultiBot.SmaCrossoverStrategy_ONDO.ETORO_12: self.config.oms_type=None
2026-05-12T10:21:15.024401074Z [INFO] eToro-MultiBot.SmaCrossoverStrategy_ONDO.ETORO_12: self.config.external_order_claims=None
2026-05-12T10:21:15.024402125Z [INFO] eToro-MultiBot.SmaCrossoverStrategy_ONDO.ETORO_12: self.config.manage_gtd_expiry=False
2026-05-12T10:21:15.024405674Z [INFO] eToro-MultiBot.SmaCrossoverStrategy_ONDO.ETORO_12: Set ClientOrderIdGenerator client_order_id count to 0
2026-05-12T10:21:15.024406736Z [INFO] eToro-MultiBot.SmaCrossoverStrategy_ONDO.ETORO_12: Set ClientOrderIdGenerator order_list_id count to 0
2026-05-12T10:21:15.024412436Z [INFO] eToro-MultiBot.SmaCrossoverStrategy_ONDO.ETORO_12: Starte SMA Crossover auf ONDO.ETORO
2026-05-12T10:21:15.024430599Z [DEBUG] eToro-MultiBot.MessageBus: Added Subscription(topic=data.quotes.ETORO.ONDO, handler=<bound method Actor.handle_quote_tick of SmaCrossoverStrategy(SmaCrossoverStrategy_ONDO.ETORO_12-012)>, priority=0)
2026-05-12T10:21:15.024451625Z [INFO] eToro-MultiBot.SmaCrossoverStrategy_ONDO.ETORO_12: [CMD]--> SubscribeQuoteTicks(instrument_id=ONDO.ETORO, client_id=None, venue=ETORO)
2026-05-12T10:21:15.024475332Z [DEBUG] eToro-MultiBot.MessageBus: Added Subscription(topic=data.bars.ONDO.ETORO-1-MINUTE-MID-INTERNAL, handler=<bound method Actor.handle_bar of SmaCrossoverStrategy(SmaCrossoverStrategy_ONDO.ETORO_12-012)>, priority=0)
2026-05-12T10:21:15.024494297Z [INFO] eToro-MultiBot.SmaCrossoverStrategy_ONDO.ETORO_12: [CMD]--> SubscribeBars(bar_type=ONDO.ETORO-1-MINUTE-MID-INTERNAL, client_id=None, venue=ETORO)
2026-05-12T10:21:15.024530492Z [INFO] eToro-MultiBot.SmaCrossoverStrategy_ONDO.ETORO_12: RUNNING
2026-05-12T10:21:15.024544713Z [DEBUG] eToro-MultiBot.SmaCrossoverStrategy_01211.HK.ETORO_13: STARTING
2026-05-12T10:21:15.024547465Z [INFO] eToro-MultiBot.SmaCrossoverStrategy_01211.HK.ETORO_13: self.config.oms_type=None
2026-05-12T10:21:15.024548521Z [INFO] eToro-MultiBot.SmaCrossoverStrategy_01211.HK.ETORO_13: self.config.external_order_claims=None
2026-05-12T10:21:15.024549424Z [INFO] eToro-MultiBot.SmaCrossoverStrategy_01211.HK.ETORO_13: self.config.manage_gtd_expiry=False
2026-05-12T10:21:15.024553185Z [INFO] eToro-MultiBot.SmaCrossoverStrategy_01211.HK.ETORO_13: Set ClientOrderIdGenerator client_order_id count to 0
2026-05-12T10:21:15.024554225Z [INFO] eToro-MultiBot.SmaCrossoverStrategy_01211.HK.ETORO_13: Set ClientOrderIdGenerator order_list_id count to 0
2026-05-12T10:21:15.024564340Z [INFO] eToro-MultiBot.SmaCrossoverStrategy_01211.HK.ETORO_13: Starte SMA Crossover auf 01211.HK.ETORO
2026-05-12T10:21:15.024582930Z [DEBUG] eToro-MultiBot.MessageBus: Added Subscription(topic=data.quotes.ETORO.01211.HK, handler=<bound method Actor.handle_quote_tick of SmaCrossoverStrategy(SmaCrossoverStrategy_01211.HK.ETORO_13-013)>, priority=0)
2026-05-12T10:21:15.024601491Z [INFO] eToro-MultiBot.SmaCrossoverStrategy_01211.HK.ETORO_13: [CMD]--> SubscribeQuoteTicks(instrument_id=01211.HK.ETORO, client_id=None, venue=ETORO)
2026-05-12T10:21:15.024625602Z [DEBUG] eToro-MultiBot.MessageBus: Added Subscription(topic=data.bars.01211.HK.ETORO-1-MINUTE-MID-INTERNAL, handler=<bound method Actor.handle_bar of SmaCrossoverStrategy(SmaCrossoverStrategy_01211.HK.ETORO_13-013)>, priority=0)
2026-05-12T10:21:15.024641631Z [INFO] eToro-MultiBot.SmaCrossoverStrategy_01211.HK.ETORO_13: [CMD]--> SubscribeBars(bar_type=01211.HK.ETORO-1-MINUTE-MID-INTERNAL, client_id=None, venue=ETORO)
2026-05-12T10:21:15.024682674Z [INFO] eToro-MultiBot.SmaCrossoverStrategy_01211.HK.ETORO_13: RUNNING
2026-05-12T10:21:15.024696704Z [DEBUG] eToro-MultiBot.SmaCrossoverStrategy_XPEV.ETORO_14: STARTING
2026-05-12T10:21:15.024699492Z [INFO] eToro-MultiBot.SmaCrossoverStrategy_XPEV.ETORO_14: self.config.oms_type=None
2026-05-12T10:21:15.024704444Z [INFO] eToro-MultiBot.SmaCrossoverStrategy_XPEV.ETORO_14: self.config.external_order_claims=None
2026-05-12T10:21:15.024705452Z [INFO] eToro-MultiBot.SmaCrossoverStrategy_XPEV.ETORO_14: self.config.manage_gtd_expiry=False
2026-05-12T10:21:15.024709267Z [INFO] eToro-MultiBot.SmaCrossoverStrategy_XPEV.ETORO_14: Set ClientOrderIdGenerator client_order_id count to 0
2026-05-12T10:21:15.024710216Z [INFO] eToro-MultiBot.SmaCrossoverStrategy_XPEV.ETORO_14: Set ClientOrderIdGenerator order_list_id count to 0
2026-05-12T10:21:15.024716160Z [INFO] eToro-MultiBot.SmaCrossoverStrategy_XPEV.ETORO_14: Starte SMA Crossover auf XPEV.ETORO
2026-05-12T10:21:15.024734319Z [DEBUG] eToro-MultiBot.MessageBus: Added Subscription(topic=data.quotes.ETORO.XPEV, handler=<bound method Actor.handle_quote_tick of SmaCrossoverStrategy(SmaCrossoverStrategy_XPEV.ETORO_14-014)>, priority=0)
2026-05-12T10:21:15.024751060Z [INFO] eToro-MultiBot.SmaCrossoverStrategy_XPEV.ETORO_14: [CMD]--> SubscribeQuoteTicks(instrument_id=XPEV.ETORO, client_id=None, venue=ETORO)
2026-05-12T10:21:15.024773947Z [DEBUG] eToro-MultiBot.MessageBus: Added Subscription(topic=data.bars.XPEV.ETORO-1-MINUTE-MID-INTERNAL, handler=<bound method Actor.handle_bar of SmaCrossoverStrategy(SmaCrossoverStrategy_XPEV.ETORO_14-014)>, priority=0)
2026-05-12T10:21:15.024789133Z [INFO] eToro-MultiBot.SmaCrossoverStrategy_XPEV.ETORO_14: [CMD]--> SubscribeBars(bar_type=XPEV.ETORO-1-MINUTE-MID-INTERNAL, client_id=None, venue=ETORO)
2026-05-12T10:21:15.024823652Z [INFO] eToro-MultiBot.SmaCrossoverStrategy_XPEV.ETORO_14: RUNNING
2026-05-12T10:21:15.024837744Z [DEBUG] eToro-MultiBot.SmaCrossoverStrategy_PLTR.ETORO_15: STARTING
2026-05-12T10:21:15.024840567Z [INFO] eToro-MultiBot.SmaCrossoverStrategy_PLTR.ETORO_15: self.config.oms_type=None
2026-05-12T10:21:15.024841725Z [INFO] eToro-MultiBot.SmaCrossoverStrategy_PLTR.ETORO_15: self.config.external_order_claims=None
2026-05-12T10:21:15.024842642Z [INFO] eToro-MultiBot.SmaCrossoverStrategy_PLTR.ETORO_15: self.config.manage_gtd_expiry=False
2026-05-12T10:21:15.024846124Z [INFO] eToro-MultiBot.SmaCrossoverStrategy_PLTR.ETORO_15: Set ClientOrderIdGenerator client_order_id count to 0
2026-05-12T10:21:15.024847061Z [INFO] eToro-MultiBot.SmaCrossoverStrategy_PLTR.ETORO_15: Set ClientOrderIdGenerator order_list_id count to 0
2026-05-12T10:21:15.024853607Z [INFO] eToro-MultiBot.SmaCrossoverStrategy_PLTR.ETORO_15: Starte SMA Crossover auf PLTR.ETORO
2026-05-12T10:21:15.024871030Z [DEBUG] eToro-MultiBot.MessageBus: Added Subscription(topic=data.quotes.ETORO.PLTR, handler=<bound method Actor.handle_quote_tick of SmaCrossoverStrategy(SmaCrossoverStrategy_PLTR.ETORO_15-015)>, priority=0)
2026-05-12T10:21:15.024895451Z [INFO] eToro-MultiBot.SmaCrossoverStrategy_PLTR.ETORO_15: [CMD]--> SubscribeQuoteTicks(instrument_id=PLTR.ETORO, client_id=None, venue=ETORO)
2026-05-12T10:21:15.024919984Z [DEBUG] eToro-MultiBot.MessageBus: Added Subscription(topic=data.bars.PLTR.ETORO-1-MINUTE-MID-INTERNAL, handler=<bound method Actor.handle_bar of SmaCrossoverStrategy(SmaCrossoverStrategy_PLTR.ETORO_15-015)>, priority=0)
2026-05-12T10:21:15.024940128Z [INFO] eToro-MultiBot.SmaCrossoverStrategy_PLTR.ETORO_15: [CMD]--> SubscribeBars(bar_type=PLTR.ETORO-1-MINUTE-MID-INTERNAL, client_id=None, venue=ETORO)
2026-05-12T10:21:15.024980150Z [INFO] eToro-MultiBot.SmaCrossoverStrategy_PLTR.ETORO_15: RUNNING
2026-05-12T10:21:15.024993834Z [DEBUG] eToro-MultiBot.SmaCrossoverStrategy_RHM.DE.ETORO_16: STARTING
2026-05-12T10:21:15.024995894Z [INFO] eToro-MultiBot.SmaCrossoverStrategy_RHM.DE.ETORO_16: self.config.oms_type=None
2026-05-12T10:21:15.024996943Z [INFO] eToro-MultiBot.SmaCrossoverStrategy_RHM.DE.ETORO_16: self.config.external_order_claims=None
2026-05-12T10:21:15.024997864Z [INFO] eToro-MultiBot.SmaCrossoverStrategy_RHM.DE.ETORO_16: self.config.manage_gtd_expiry=False
2026-05-12T10:21:15.025001870Z [INFO] eToro-MultiBot.SmaCrossoverStrategy_RHM.DE.ETORO_16: Set ClientOrderIdGenerator client_order_id count to 0
2026-05-12T10:21:15.025002869Z [INFO] eToro-MultiBot.SmaCrossoverStrategy_RHM.DE.ETORO_16: Set ClientOrderIdGenerator order_list_id count to 0
2026-05-12T10:21:15.025008550Z [INFO] eToro-MultiBot.SmaCrossoverStrategy_RHM.DE.ETORO_16: Starte SMA Crossover auf RHM.DE.ETORO
2026-05-12T10:21:15.025026374Z [DEBUG] eToro-MultiBot.MessageBus: Added Subscription(topic=data.quotes.ETORO.RHM.DE, handler=<bound method Actor.handle_quote_tick of SmaCrossoverStrategy(SmaCrossoverStrategy_RHM.DE.ETORO_16-016)>, priority=0)
2026-05-12T10:21:15.025043712Z [INFO] eToro-MultiBot.SmaCrossoverStrategy_RHM.DE.ETORO_16: [CMD]--> SubscribeQuoteTicks(instrument_id=RHM.DE.ETORO, client_id=None, venue=ETORO)
2026-05-12T10:21:15.025069153Z [DEBUG] eToro-MultiBot.MessageBus: Added Subscription(topic=data.bars.RHM.DE.ETORO-1-MINUTE-MID-INTERNAL, handler=<bound method Actor.handle_bar of SmaCrossoverStrategy(SmaCrossoverStrategy_RHM.DE.ETORO_16-016)>, priority=0)
2026-05-12T10:21:15.025085124Z [INFO] eToro-MultiBot.SmaCrossoverStrategy_RHM.DE.ETORO_16: [CMD]--> SubscribeBars(bar_type=RHM.DE.ETORO-1-MINUTE-MID-INTERNAL, client_id=None, venue=ETORO)
2026-05-12T10:21:15.025130684Z [INFO] eToro-MultiBot.SmaCrossoverStrategy_RHM.DE.ETORO_16: RUNNING
2026-05-12T10:21:15.025145548Z [DEBUG] eToro-MultiBot.SmaCrossoverStrategy_NVS.ETORO_17: STARTING
2026-05-12T10:21:15.025148490Z [INFO] eToro-MultiBot.SmaCrossoverStrategy_NVS.ETORO_17: self.config.oms_type=None
2026-05-12T10:21:15.025149576Z [INFO] eToro-MultiBot.SmaCrossoverStrategy_NVS.ETORO_17: self.config.external_order_claims=None
2026-05-12T10:21:15.025150697Z [INFO] eToro-MultiBot.SmaCrossoverStrategy_NVS.ETORO_17: self.config.manage_gtd_expiry=False
2026-05-12T10:21:15.025154577Z [INFO] eToro-MultiBot.SmaCrossoverStrategy_NVS.ETORO_17: Set ClientOrderIdGenerator client_order_id count to 0
2026-05-12T10:21:15.025155593Z [INFO] eToro-MultiBot.SmaCrossoverStrategy_NVS.ETORO_17: Set ClientOrderIdGenerator order_list_id count to 0
2026-05-12T10:21:15.025161765Z [INFO] eToro-MultiBot.SmaCrossoverStrategy_NVS.ETORO_17: Starte SMA Crossover auf NVS.ETORO
2026-05-12T10:21:15.025180013Z [DEBUG] eToro-MultiBot.MessageBus: Added Subscription(topic=data.quotes.ETORO.NVS, handler=<bound method Actor.handle_quote_tick of SmaCrossoverStrategy(SmaCrossoverStrategy_NVS.ETORO_17-017)>, priority=0)
2026-05-12T10:21:15.025200438Z [INFO] eToro-MultiBot.SmaCrossoverStrategy_NVS.ETORO_17: [CMD]--> SubscribeQuoteTicks(instrument_id=NVS.ETORO, client_id=None, venue=ETORO)
2026-05-12T10:21:15.025223627Z [DEBUG] eToro-MultiBot.MessageBus: Added Subscription(topic=data.bars.NVS.ETORO-1-MINUTE-MID-INTERNAL, handler=<bound method Actor.handle_bar of SmaCrossoverStrategy(SmaCrossoverStrategy_NVS.ETORO_17-017)>, priority=0)
2026-05-12T10:21:15.025239225Z [INFO] eToro-MultiBot.SmaCrossoverStrategy_NVS.ETORO_17: [CMD]--> SubscribeBars(bar_type=NVS.ETORO-1-MINUTE-MID-INTERNAL, client_id=None, venue=ETORO)
2026-05-12T10:21:15.025278389Z [INFO] eToro-MultiBot.SmaCrossoverStrategy_NVS.ETORO_17: RUNNING
2026-05-12T10:21:15.025292213Z [DEBUG] eToro-MultiBot.SmaCrossoverStrategy_ROP.ZU.ETORO_18: STARTING
2026-05-12T10:21:15.025297144Z [INFO] eToro-MultiBot.SmaCrossoverStrategy_ROP.ZU.ETORO_18: self.config.oms_type=None
2026-05-12T10:21:15.025298182Z [INFO] eToro-MultiBot.SmaCrossoverStrategy_ROP.ZU.ETORO_18: self.config.external_order_claims=None
2026-05-12T10:21:15.025299240Z [INFO] eToro-MultiBot.SmaCrossoverStrategy_ROP.ZU.ETORO_18: self.config.manage_gtd_expiry=False
2026-05-12T10:21:15.025302913Z [INFO] eToro-MultiBot.SmaCrossoverStrategy_ROP.ZU.ETORO_18: Set ClientOrderIdGenerator client_order_id count to 0
2026-05-12T10:21:15.025303982Z [INFO] eToro-MultiBot.SmaCrossoverStrategy_ROP.ZU.ETORO_18: Set ClientOrderIdGenerator order_list_id count to 0
2026-05-12T10:21:15.025309863Z [INFO] eToro-MultiBot.SmaCrossoverStrategy_ROP.ZU.ETORO_18: Starte SMA Crossover auf ROP.ZU.ETORO
2026-05-12T10:21:15.025327793Z [DEBUG] eToro-MultiBot.MessageBus: Added Subscription(topic=data.quotes.ETORO.ROP.ZU, handler=<bound method Actor.handle_quote_tick of SmaCrossoverStrategy(SmaCrossoverStrategy_ROP.ZU.ETORO_18-018)>, priority=0)
2026-05-12T10:21:15.025463537Z [INFO] eToro-MultiBot.SmaCrossoverStrategy_ROP.ZU.ETORO_18: [CMD]--> SubscribeQuoteTicks(instrument_id=ROP.ZU.ETORO, client_id=None, venue=ETORO)
2026-05-12T10:21:15.025496693Z [DEBUG] eToro-MultiBot.MessageBus: Added Subscription(topic=data.bars.ROP.ZU.ETORO-1-MINUTE-MID-INTERNAL, handler=<bound method Actor.handle_bar of SmaCrossoverStrategy(SmaCrossoverStrategy_ROP.ZU.ETORO_18-018)>, priority=0)
2026-05-12T10:21:15.025515865Z [INFO] eToro-MultiBot.SmaCrossoverStrategy_ROP.ZU.ETORO_18: [CMD]--> SubscribeBars(bar_type=ROP.ZU.ETORO-1-MINUTE-MID-INTERNAL, client_id=None, venue=ETORO)
2026-05-12T10:21:15.025557252Z [INFO] eToro-MultiBot.SmaCrossoverStrategy_ROP.ZU.ETORO_18: RUNNING
2026-05-12T10:21:15.025572302Z [DEBUG] eToro-MultiBot.SmaCrossoverStrategy_DOGE.ETORO_19: STARTING
2026-05-12T10:21:15.025576878Z [INFO] eToro-MultiBot.SmaCrossoverStrategy_DOGE.ETORO_19: self.config.oms_type=None
2026-05-12T10:21:15.025578218Z [INFO] eToro-MultiBot.SmaCrossoverStrategy_DOGE.ETORO_19: self.config.external_order_claims=None
2026-05-12T10:21:15.025579155Z [INFO] eToro-MultiBot.SmaCrossoverStrategy_DOGE.ETORO_19: self.config.manage_gtd_expiry=False
2026-05-12T10:21:15.025586616Z [INFO] eToro-MultiBot.SmaCrossoverStrategy_DOGE.ETORO_19: Set ClientOrderIdGenerator client_order_id count to 0
2026-05-12T10:21:15.025587696Z [INFO] eToro-MultiBot.SmaCrossoverStrategy_DOGE.ETORO_19: Set ClientOrderIdGenerator order_list_id count to 0
2026-05-12T10:21:15.025594187Z [INFO] eToro-MultiBot.SmaCrossoverStrategy_DOGE.ETORO_19: Starte SMA Crossover auf DOGE.ETORO
2026-05-12T10:21:15.025617949Z [DEBUG] eToro-MultiBot.MessageBus: Added Subscription(topic=data.quotes.ETORO.DOGE, handler=<bound method Actor.handle_quote_tick of SmaCrossoverStrategy(SmaCrossoverStrategy_DOGE.ETORO_19-019)>, priority=0)
2026-05-12T10:21:15.025638877Z [INFO] eToro-MultiBot.SmaCrossoverStrategy_DOGE.ETORO_19: [CMD]--> SubscribeQuoteTicks(instrument_id=DOGE.ETORO, client_id=None, venue=ETORO)
2026-05-12T10:21:15.025662927Z [DEBUG] eToro-MultiBot.MessageBus: Added Subscription(topic=data.bars.DOGE.ETORO-1-MINUTE-MID-INTERNAL, handler=<bound method Actor.handle_bar of SmaCrossoverStrategy(SmaCrossoverStrategy_DOGE.ETORO_19-019)>, priority=0)
2026-05-12T10:21:15.025681502Z [INFO] eToro-MultiBot.SmaCrossoverStrategy_DOGE.ETORO_19: [CMD]--> SubscribeBars(bar_type=DOGE.ETORO-1-MINUTE-MID-INTERNAL, client_id=None, venue=ETORO)
2026-05-12T10:21:15.025718977Z [INFO] eToro-MultiBot.SmaCrossoverStrategy_DOGE.ETORO_19: RUNNING
2026-05-12T10:21:15.025729846Z [DEBUG] eToro-MultiBot.SmaCrossoverStrategy_SHIBxM.ETORO_20: STARTING
2026-05-12T10:21:15.025731235Z [INFO] eToro-MultiBot.SmaCrossoverStrategy_SHIBxM.ETORO_20: self.config.oms_type=None
2026-05-12T10:21:15.025731929Z [INFO] eToro-MultiBot.SmaCrossoverStrategy_SHIBxM.ETORO_20: self.config.external_order_claims=None
2026-05-12T10:21:15.025732488Z [INFO] eToro-MultiBot.SmaCrossoverStrategy_SHIBxM.ETORO_20: self.config.manage_gtd_expiry=False
2026-05-12T10:21:15.025735428Z [INFO] eToro-MultiBot.SmaCrossoverStrategy_SHIBxM.ETORO_20: Set ClientOrderIdGenerator client_order_id count to 0
2026-05-12T10:21:15.025735950Z [INFO] eToro-MultiBot.SmaCrossoverStrategy_SHIBxM.ETORO_20: Set ClientOrderIdGenerator order_list_id count to 0
2026-05-12T10:21:15.025740231Z [INFO] eToro-MultiBot.SmaCrossoverStrategy_SHIBxM.ETORO_20: Starte SMA Crossover auf SHIBxM.ETORO
2026-05-12T10:21:15.025752129Z [DEBUG] eToro-MultiBot.MessageBus: Added Subscription(topic=data.quotes.ETORO.SHIBxM, handler=<bound method Actor.handle_quote_tick of SmaCrossoverStrategy(SmaCrossoverStrategy_SHIBxM.ETORO_20-020)>, priority=0)
2026-05-12T10:21:15.025764489Z [INFO] eToro-MultiBot.SmaCrossoverStrategy_SHIBxM.ETORO_20: [CMD]--> SubscribeQuoteTicks(instrument_id=SHIBxM.ETORO, client_id=None, venue=ETORO)
2026-05-12T10:21:15.025780197Z [DEBUG] eToro-MultiBot.MessageBus: Added Subscription(topic=data.bars.SHIBxM.ETORO-1-MINUTE-MID-INTERNAL, handler=<bound method Actor.handle_bar of SmaCrossoverStrategy(SmaCrossoverStrategy_SHIBxM.ETORO_20-020)>, priority=0)
2026-05-12T10:21:15.025791014Z [INFO] eToro-MultiBot.SmaCrossoverStrategy_SHIBxM.ETORO_20: [CMD]--> SubscribeBars(bar_type=SHIBxM.ETORO-1-MINUTE-MID-INTERNAL, client_id=None, venue=ETORO)
2026-05-12T10:21:15.025819150Z [INFO] eToro-MultiBot.SmaCrossoverStrategy_SHIBxM.ETORO_20: RUNNING
2026-05-12T10:21:15.025828227Z [DEBUG] eToro-MultiBot.SmaCrossoverStrategy_PEPExM.ETORO_21: STARTING
2026-05-12T10:21:15.025831753Z [INFO] eToro-MultiBot.SmaCrossoverStrategy_PEPExM.ETORO_21: self.config.oms_type=None
2026-05-12T10:21:15.025832396Z [INFO] eToro-MultiBot.SmaCrossoverStrategy_PEPExM.ETORO_21: self.config.external_order_claims=None
2026-05-12T10:21:15.025832882Z [INFO] eToro-MultiBot.SmaCrossoverStrategy_PEPExM.ETORO_21: self.config.manage_gtd_expiry=False
2026-05-12T10:21:15.025835361Z [INFO] eToro-MultiBot.SmaCrossoverStrategy_PEPExM.ETORO_21: Set ClientOrderIdGenerator client_order_id count to 0
2026-05-12T10:21:15.025836076Z [INFO] eToro-MultiBot.SmaCrossoverStrategy_PEPExM.ETORO_21: Set ClientOrderIdGenerator order_list_id count to 0
2026-05-12T10:21:15.025839694Z [INFO] eToro-MultiBot.SmaCrossoverStrategy_PEPExM.ETORO_21: Starte SMA Crossover auf PEPExM.ETORO
2026-05-12T10:21:15.025850426Z [DEBUG] eToro-MultiBot.MessageBus: Added Subscription(topic=data.quotes.ETORO.PEPExM, handler=<bound method Actor.handle_quote_tick of SmaCrossoverStrategy(SmaCrossoverStrategy_PEPExM.ETORO_21-021)>, priority=0)
2026-05-12T10:21:15.025866235Z [INFO] eToro-MultiBot.SmaCrossoverStrategy_PEPExM.ETORO_21: [CMD]--> SubscribeQuoteTicks(instrument_id=PEPExM.ETORO, client_id=None, venue=ETORO)
2026-05-12T10:21:15.025883847Z [DEBUG] eToro-MultiBot.MessageBus: Added Subscription(topic=data.bars.PEPExM.ETORO-1-MINUTE-MID-INTERNAL, handler=<bound method Actor.handle_bar of SmaCrossoverStrategy(SmaCrossoverStrategy_PEPExM.ETORO_21-021)>, priority=0)
2026-05-12T10:21:15.025894142Z [INFO] eToro-MultiBot.SmaCrossoverStrategy_PEPExM.ETORO_21: [CMD]--> SubscribeBars(bar_type=PEPExM.ETORO-1-MINUTE-MID-INTERNAL, client_id=None, venue=ETORO)
2026-05-12T10:21:15.025920623Z [INFO] eToro-MultiBot.SmaCrossoverStrategy_PEPExM.ETORO_21: RUNNING
2026-05-12T10:21:15.025929156Z [DEBUG] eToro-MultiBot.SmaCrossoverStrategy_SOL.ETORO_22: STARTING
2026-05-12T10:21:15.025930356Z [INFO] eToro-MultiBot.SmaCrossoverStrategy_SOL.ETORO_22: self.config.oms_type=None
2026-05-12T10:21:15.025930857Z [INFO] eToro-MultiBot.SmaCrossoverStrategy_SOL.ETORO_22: self.config.external_order_claims=None
2026-05-12T10:21:15.025931334Z [INFO] eToro-MultiBot.SmaCrossoverStrategy_SOL.ETORO_22: self.config.manage_gtd_expiry=False
2026-05-12T10:21:15.025933704Z [INFO] eToro-MultiBot.SmaCrossoverStrategy_SOL.ETORO_22: Set ClientOrderIdGenerator client_order_id count to 0
2026-05-12T10:21:15.025934307Z [INFO] eToro-MultiBot.SmaCrossoverStrategy_SOL.ETORO_22: Set ClientOrderIdGenerator order_list_id count to 0
2026-05-12T10:21:15.025941317Z [INFO] eToro-MultiBot.SmaCrossoverStrategy_SOL.ETORO_22: Starte SMA Crossover auf SOL.ETORO
2026-05-12T10:21:15.025952317Z [DEBUG] eToro-MultiBot.MessageBus: Added Subscription(topic=data.quotes.ETORO.SOL, handler=<bound method Actor.handle_quote_tick of SmaCrossoverStrategy(SmaCrossoverStrategy_SOL.ETORO_22-022)>, priority=0)
2026-05-12T10:21:15.025963310Z [INFO] eToro-MultiBot.SmaCrossoverStrategy_SOL.ETORO_22: [CMD]--> SubscribeQuoteTicks(instrument_id=SOL.ETORO, client_id=None, venue=ETORO)
2026-05-12T10:21:15.025980833Z [DEBUG] eToro-MultiBot.MessageBus: Added Subscription(topic=data.bars.SOL.ETORO-1-MINUTE-MID-INTERNAL, handler=<bound method Actor.handle_bar of SmaCrossoverStrategy(SmaCrossoverStrategy_SOL.ETORO_22-022)>, priority=0)
2026-05-12T10:21:15.025990721Z [INFO] eToro-MultiBot.SmaCrossoverStrategy_SOL.ETORO_22: [CMD]--> SubscribeBars(bar_type=SOL.ETORO-1-MINUTE-MID-INTERNAL, client_id=None, venue=ETORO)
2026-05-12T10:21:15.026018008Z [INFO] eToro-MultiBot.SmaCrossoverStrategy_SOL.ETORO_22: RUNNING
2026-05-12T10:21:15.026026965Z [DEBUG] eToro-MultiBot.SmaCrossoverStrategy_AVAX.ETORO_23: STARTING
2026-05-12T10:21:15.026030122Z [INFO] eToro-MultiBot.SmaCrossoverStrategy_AVAX.ETORO_23: self.config.oms_type=None
2026-05-12T10:21:15.026030747Z [INFO] eToro-MultiBot.SmaCrossoverStrategy_AVAX.ETORO_23: self.config.external_order_claims=None
2026-05-12T10:21:15.026031275Z [INFO] eToro-MultiBot.SmaCrossoverStrategy_AVAX.ETORO_23: self.config.manage_gtd_expiry=False
2026-05-12T10:21:15.026033648Z [INFO] eToro-MultiBot.SmaCrossoverStrategy_AVAX.ETORO_23: Set ClientOrderIdGenerator client_order_id count to 0
2026-05-12T10:21:15.026034447Z [INFO] eToro-MultiBot.SmaCrossoverStrategy_AVAX.ETORO_23: Set ClientOrderIdGenerator order_list_id count to 0
2026-05-12T10:21:15.026038816Z [INFO] eToro-MultiBot.SmaCrossoverStrategy_AVAX.ETORO_23: Starte SMA Crossover auf AVAX.ETORO
2026-05-12T10:21:15.026049391Z [DEBUG] eToro-MultiBot.MessageBus: Added Subscription(topic=data.quotes.ETORO.AVAX, handler=<bound method Actor.handle_quote_tick of SmaCrossoverStrategy(SmaCrossoverStrategy_AVAX.ETORO_23-023)>, priority=0)
2026-05-12T10:21:15.026060132Z [INFO] eToro-MultiBot.SmaCrossoverStrategy_AVAX.ETORO_23: [CMD]--> SubscribeQuoteTicks(instrument_id=AVAX.ETORO, client_id=None, venue=ETORO)
2026-05-12T10:21:15.026074644Z [DEBUG] eToro-MultiBot.MessageBus: Added Subscription(topic=data.bars.AVAX.ETORO-1-MINUTE-MID-INTERNAL, handler=<bound method Actor.handle_bar of SmaCrossoverStrategy(SmaCrossoverStrategy_AVAX.ETORO_23-023)>, priority=0)
2026-05-12T10:21:15.026084247Z [INFO] eToro-MultiBot.SmaCrossoverStrategy_AVAX.ETORO_23: [CMD]--> SubscribeBars(bar_type=AVAX.ETORO-1-MINUTE-MID-INTERNAL, client_id=None, venue=ETORO)
2026-05-12T10:21:15.026123639Z [INFO] eToro-MultiBot.SmaCrossoverStrategy_AVAX.ETORO_23: RUNNING
2026-05-12T10:21:15.026132897Z [DEBUG] eToro-MultiBot.SmaCrossoverStrategy_NATGAS.ETORO_24: STARTING
2026-05-12T10:21:15.026133952Z [INFO] eToro-MultiBot.SmaCrossoverStrategy_NATGAS.ETORO_24: self.config.oms_type=None
2026-05-12T10:21:15.026134499Z [INFO] eToro-MultiBot.SmaCrossoverStrategy_NATGAS.ETORO_24: self.config.external_order_claims=None
2026-05-12T10:21:15.026135038Z [INFO] eToro-MultiBot.SmaCrossoverStrategy_NATGAS.ETORO_24: self.config.manage_gtd_expiry=False
2026-05-12T10:21:15.026137457Z [INFO] eToro-MultiBot.SmaCrossoverStrategy_NATGAS.ETORO_24: Set ClientOrderIdGenerator client_order_id count to 0
2026-05-12T10:21:15.026138065Z [INFO] eToro-MultiBot.SmaCrossoverStrategy_NATGAS.ETORO_24: Set ClientOrderIdGenerator order_list_id count to 0
2026-05-12T10:21:15.026142668Z [INFO] eToro-MultiBot.SmaCrossoverStrategy_NATGAS.ETORO_24: Starte SMA Crossover auf NATGAS.ETORO
2026-05-12T10:21:15.026153480Z [DEBUG] eToro-MultiBot.MessageBus: Added Subscription(topic=data.quotes.ETORO.NATGAS, handler=<bound method Actor.handle_quote_tick of SmaCrossoverStrategy(SmaCrossoverStrategy_NATGAS.ETORO_24-024)>, priority=0)
2026-05-12T10:21:15.026186507Z [INFO] eToro-MultiBot.SmaCrossoverStrategy_NATGAS.ETORO_24: [CMD]--> SubscribeQuoteTicks(instrument_id=NATGAS.ETORO, client_id=None, venue=ETORO)
2026-05-12T10:21:15.026204010Z [DEBUG] eToro-MultiBot.MessageBus: Added Subscription(topic=data.bars.NATGAS.ETORO-1-MINUTE-MID-INTERNAL, handler=<bound method Actor.handle_bar of SmaCrossoverStrategy(SmaCrossoverStrategy_NATGAS.ETORO_24-024)>, priority=0)
2026-05-12T10:21:15.026214565Z [INFO] eToro-MultiBot.SmaCrossoverStrategy_NATGAS.ETORO_24: [CMD]--> SubscribeBars(bar_type=NATGAS.ETORO-1-MINUTE-MID-INTERNAL, client_id=None, venue=ETORO)
2026-05-12T10:21:15.026242036Z [INFO] eToro-MultiBot.SmaCrossoverStrategy_NATGAS.ETORO_24: RUNNING
2026-05-12T10:21:15.026250858Z [DEBUG] eToro-MultiBot.SmaCrossoverStrategy_PALL.ETORO_25: STARTING
2026-05-12T10:21:15.026253166Z [INFO] eToro-MultiBot.SmaCrossoverStrategy_PALL.ETORO_25: self.config.oms_type=None
2026-05-12T10:21:15.026253983Z [INFO] eToro-MultiBot.SmaCrossoverStrategy_PALL.ETORO_25: self.config.external_order_claims=None
2026-05-12T10:21:15.026254471Z [INFO] eToro-MultiBot.SmaCrossoverStrategy_PALL.ETORO_25: self.config.manage_gtd_expiry=False
2026-05-12T10:21:15.026256855Z [INFO] eToro-MultiBot.SmaCrossoverStrategy_PALL.ETORO_25: Set ClientOrderIdGenerator client_order_id count to 0
2026-05-12T10:21:15.026257605Z [INFO] eToro-MultiBot.SmaCrossoverStrategy_PALL.ETORO_25: Set ClientOrderIdGenerator order_list_id count to 0
2026-05-12T10:21:15.026260940Z [INFO] eToro-MultiBot.SmaCrossoverStrategy_PALL.ETORO_25: Starte SMA Crossover auf PALL.ETORO
2026-05-12T10:21:15.026271103Z [DEBUG] eToro-MultiBot.MessageBus: Added Subscription(topic=data.quotes.ETORO.PALL, handler=<bound method Actor.handle_quote_tick of SmaCrossoverStrategy(SmaCrossoverStrategy_PALL.ETORO_25-025)>, priority=0)
2026-05-12T10:21:15.026281994Z [INFO] eToro-MultiBot.SmaCrossoverStrategy_PALL.ETORO_25: [CMD]--> SubscribeQuoteTicks(instrument_id=PALL.ETORO, client_id=None, venue=ETORO)
2026-05-12T10:21:15.026297132Z [DEBUG] eToro-MultiBot.MessageBus: Added Subscription(topic=data.bars.PALL.ETORO-1-MINUTE-MID-INTERNAL, handler=<bound method Actor.handle_bar of SmaCrossoverStrategy(SmaCrossoverStrategy_PALL.ETORO_25-025)>, priority=0)
2026-05-12T10:21:15.026306344Z [INFO] eToro-MultiBot.SmaCrossoverStrategy_PALL.ETORO_25: [CMD]--> SubscribeBars(bar_type=PALL.ETORO-1-MINUTE-MID-INTERNAL, client_id=None, venue=ETORO)
2026-05-12T10:21:15.026331716Z [INFO] eToro-MultiBot.SmaCrossoverStrategy_PALL.ETORO_25: RUNNING
2026-05-12T10:21:15.026340936Z [DEBUG] eToro-MultiBot.SmaCrossoverStrategy_USDTRY.ETORO_26: STARTING
2026-05-12T10:21:15.026342964Z [INFO] eToro-MultiBot.SmaCrossoverStrategy_USDTRY.ETORO_26: self.config.oms_type=None
2026-05-12T10:21:15.026343500Z [INFO] eToro-MultiBot.SmaCrossoverStrategy_USDTRY.ETORO_26: self.config.external_order_claims=None
2026-05-12T10:21:15.026344046Z [INFO] eToro-MultiBot.SmaCrossoverStrategy_USDTRY.ETORO_26: self.config.manage_gtd_expiry=False
2026-05-12T10:21:15.026346362Z [INFO] eToro-MultiBot.SmaCrossoverStrategy_USDTRY.ETORO_26: Set ClientOrderIdGenerator client_order_id count to 0
2026-05-12T10:21:15.026346877Z [INFO] eToro-MultiBot.SmaCrossoverStrategy_USDTRY.ETORO_26: Set ClientOrderIdGenerator order_list_id count to 0
2026-05-12T10:21:15.026350834Z [INFO] eToro-MultiBot.SmaCrossoverStrategy_USDTRY.ETORO_26: Starte SMA Crossover auf USDTRY.ETORO
2026-05-12T10:21:15.026361499Z [DEBUG] eToro-MultiBot.MessageBus: Added Subscription(topic=data.quotes.ETORO.USDTRY, handler=<bound method Actor.handle_quote_tick of SmaCrossoverStrategy(SmaCrossoverStrategy_USDTRY.ETORO_26-026)>, priority=0)
2026-05-12T10:21:15.026374168Z [INFO] eToro-MultiBot.SmaCrossoverStrategy_USDTRY.ETORO_26: [CMD]--> SubscribeQuoteTicks(instrument_id=USDTRY.ETORO, client_id=None, venue=ETORO)
2026-05-12T10:21:15.026389710Z [DEBUG] eToro-MultiBot.MessageBus: Added Subscription(topic=data.bars.USDTRY.ETORO-1-MINUTE-MID-INTERNAL, handler=<bound method Actor.handle_bar of SmaCrossoverStrategy(SmaCrossoverStrategy_USDTRY.ETORO_26-026)>, priority=0)
2026-05-12T10:21:15.026399099Z [INFO] eToro-MultiBot.SmaCrossoverStrategy_USDTRY.ETORO_26: [CMD]--> SubscribeBars(bar_type=USDTRY.ETORO-1-MINUTE-MID-INTERNAL, client_id=None, venue=ETORO)
2026-05-12T10:21:15.026425106Z [INFO] eToro-MultiBot.SmaCrossoverStrategy_USDTRY.ETORO_26: RUNNING
2026-05-12T10:21:15.026433550Z [DEBUG] eToro-MultiBot.SmaCrossoverStrategy_USDZAR.ETORO_27: STARTING
2026-05-12T10:21:15.026436472Z [INFO] eToro-MultiBot.SmaCrossoverStrategy_USDZAR.ETORO_27: self.config.oms_type=None
2026-05-12T10:21:15.026437010Z [INFO] eToro-MultiBot.SmaCrossoverStrategy_USDZAR.ETORO_27: self.config.external_order_claims=None
2026-05-12T10:21:15.026437537Z [INFO] eToro-MultiBot.SmaCrossoverStrategy_USDZAR.ETORO_27: self.config.manage_gtd_expiry=False
2026-05-12T10:21:15.026439902Z [INFO] eToro-MultiBot.SmaCrossoverStrategy_USDZAR.ETORO_27: Set ClientOrderIdGenerator client_order_id count to 0
2026-05-12T10:21:15.026440668Z [INFO] eToro-MultiBot.SmaCrossoverStrategy_USDZAR.ETORO_27: Set ClientOrderIdGenerator order_list_id count to 0
2026-05-12T10:21:15.026444013Z [INFO] eToro-MultiBot.SmaCrossoverStrategy_USDZAR.ETORO_27: Starte SMA Crossover auf USDZAR.ETORO
2026-05-12T10:21:15.026454159Z [DEBUG] eToro-MultiBot.MessageBus: Added Subscription(topic=data.quotes.ETORO.USDZAR, handler=<bound method Actor.handle_quote_tick of SmaCrossoverStrategy(SmaCrossoverStrategy_USDZAR.ETORO_27-027)>, priority=0)
2026-05-12T10:21:15.026468883Z [INFO] eToro-MultiBot.SmaCrossoverStrategy_USDZAR.ETORO_27: [CMD]--> SubscribeQuoteTicks(instrument_id=USDZAR.ETORO, client_id=None, venue=ETORO)
2026-05-12T10:21:15.026487347Z [DEBUG] eToro-MultiBot.MessageBus: Added Subscription(topic=data.bars.USDZAR.ETORO-1-MINUTE-MID-INTERNAL, handler=<bound method Actor.handle_bar of SmaCrossoverStrategy(SmaCrossoverStrategy_USDZAR.ETORO_27-027)>, priority=0)
2026-05-12T10:21:15.026497007Z [INFO] eToro-MultiBot.SmaCrossoverStrategy_USDZAR.ETORO_27: [CMD]--> SubscribeBars(bar_type=USDZAR.ETORO-1-MINUTE-MID-INTERNAL, client_id=None, venue=ETORO)
2026-05-12T10:21:15.026524861Z [INFO] eToro-MultiBot.SmaCrossoverStrategy_USDZAR.ETORO_27: RUNNING
2026-05-12T10:21:15.026542061Z [INFO] eToro-MultiBot.eToro-MultiBot: RUNNING
2026-05-12T10:21:15.026554097Z [INFO] eToro-MultiBot.TradingNode: RUNNING
2026-05-12T10:21:15.026724230Z [DEBUG] eToro-MultiBot.DataClient-ETORO_WS_CLIENT: Creating async task 'subscribe: quote_ticks TSLA.ETORO'
2026-05-12T10:21:15.026909424Z [DEBUG] eToro-MultiBot.DataEngine: Created aggregator for key=(BarType(TSLA.ETORO-1-MINUTE-MID-INTERNAL), None)
2026-05-12T10:21:15.026976599Z [DEBUG] eToro-MultiBot.MessageBus: Added Subscription(topic=data.quotes.ETORO.TSLA, handler=<bound method BarAggregator.handle_quote_tick of <nautilus_trader.data.aggregation.TimeBarAggregator object at 0x7e7169c0fb80>>, priority=5)
2026-05-12T10:21:15.027243994Z [DEBUG] eToro-MultiBot.nautilus_common::live::timer: Creating timer 'TIME_BAR_TSLA.ETORO-1-MINUTE-MID-INTERNAL'
2026-05-12T10:21:15.027928750Z [DEBUG] eToro-MultiBot.TimeBarAggregator: [start_timer] fire_immediately=False, _skip_first_non_full_bar=False, now=2026-05-12 10:21:15.026981353+00:00, start_time=2026-05-12 10:21:00+00:00, first_close_ns=1970-01-01 00:00:00+00:00, next_close_ns=2026-05-12 10:22:00+00:00
2026-05-12T10:21:15.028021594Z [DEBUG] eToro-MultiBot.DataClient-ETORO_WS_CLIENT: Creating async task 'subscribe: quote_ticks HUT.ETORO'
2026-05-12T10:21:15.028136067Z [DEBUG] eToro-MultiBot.DataEngine: Created aggregator for key=(BarType(HUT.ETORO-1-MINUTE-MID-INTERNAL), None)
2026-05-12T10:21:15.028171531Z [DEBUG] eToro-MultiBot.MessageBus: Added Subscription(topic=data.quotes.ETORO.HUT, handler=<bound method BarAggregator.handle_quote_tick of <nautilus_trader.data.aggregation.TimeBarAggregator object at 0x7e7169c0fdc0>>, priority=5)
2026-05-12T10:21:15.028322770Z [DEBUG] eToro-MultiBot.nautilus_common::live::timer: Creating timer 'TIME_BAR_HUT.ETORO-1-MINUTE-MID-INTERNAL'
2026-05-12T10:21:15.028370797Z [DEBUG] eToro-MultiBot.TimeBarAggregator: [start_timer] fire_immediately=False, _skip_first_non_full_bar=False, now=2026-05-12 10:21:15.028174718+00:00, start_time=2026-05-12 10:21:00+00:00, first_close_ns=1970-01-01 00:00:00+00:00, next_close_ns=2026-05-12 10:22:00+00:00
2026-05-12T10:21:15.028419246Z [DEBUG] eToro-MultiBot.DataClient-ETORO_WS_CLIENT: Creating async task 'subscribe: quote_ticks RIOT.ETORO'
2026-05-12T10:21:15.028490467Z [DEBUG] eToro-MultiBot.DataEngine: Created aggregator for key=(BarType(RIOT.ETORO-1-MINUTE-MID-INTERNAL), None)
2026-05-12T10:21:15.028518526Z [DEBUG] eToro-MultiBot.MessageBus: Added Subscription(topic=data.quotes.ETORO.RIOT, handler=<bound method BarAggregator.handle_quote_tick of <nautilus_trader.data.aggregation.TimeBarAggregator object at 0x7e71682d4040>>, priority=5)
2026-05-12T10:21:15.028620235Z [DEBUG] eToro-MultiBot.nautilus_common::live::timer: Creating timer 'TIME_BAR_RIOT.ETORO-1-MINUTE-MID-INTERNAL'
2026-05-12T10:21:15.028664800Z [DEBUG] eToro-MultiBot.TimeBarAggregator: [start_timer] fire_immediately=False, _skip_first_non_full_bar=False, now=2026-05-12 10:21:15.028521756+00:00, start_time=2026-05-12 10:21:00+00:00, first_close_ns=1970-01-01 00:00:00+00:00, next_close_ns=2026-05-12 10:22:00+00:00
2026-05-12T10:21:15.028708554Z [DEBUG] eToro-MultiBot.DataClient-ETORO_WS_CLIENT: Creating async task 'subscribe: quote_ticks NVDA.ETORO'
2026-05-12T10:21:15.028771894Z [DEBUG] eToro-MultiBot.DataEngine: Created aggregator for key=(BarType(NVDA.ETORO-1-MINUTE-MID-INTERNAL), None)
2026-05-12T10:21:15.028798578Z [DEBUG] eToro-MultiBot.MessageBus: Added Subscription(topic=data.quotes.ETORO.NVDA, handler=<bound method BarAggregator.handle_quote_tick of <nautilus_trader.data.aggregation.TimeBarAggregator object at 0x7e71682d4280>>, priority=5)
2026-05-12T10:21:15.028898818Z [DEBUG] eToro-MultiBot.nautilus_common::live::timer: Creating timer 'TIME_BAR_NVDA.ETORO-1-MINUTE-MID-INTERNAL'
2026-05-12T10:21:15.028941918Z [DEBUG] eToro-MultiBot.TimeBarAggregator: [start_timer] fire_immediately=False, _skip_first_non_full_bar=False, now=2026-05-12 10:21:15.028802117+00:00, start_time=2026-05-12 10:21:00+00:00, first_close_ns=1970-01-01 00:00:00+00:00, next_close_ns=2026-05-12 10:22:00+00:00
2026-05-12T10:21:15.028990221Z [DEBUG] eToro-MultiBot.DataClient-ETORO_WS_CLIENT: Creating async task 'subscribe: quote_ticks FSLY.ETORO'
2026-05-12T10:21:15.029052453Z [DEBUG] eToro-MultiBot.DataEngine: Created aggregator for key=(BarType(FSLY.ETORO-1-MINUTE-MID-INTERNAL), None)
2026-05-12T10:21:15.029142087Z [DEBUG] eToro-MultiBot.MessageBus: Added Subscription(topic=data.quotes.ETORO.FSLY, handler=<bound method BarAggregator.handle_quote_tick of <nautilus_trader.data.aggregation.TimeBarAggregator object at 0x7e71682d44c0>>, priority=5)
2026-05-12T10:21:15.029248952Z [DEBUG] eToro-MultiBot.nautilus_common::live::timer: Creating timer 'TIME_BAR_FSLY.ETORO-1-MINUTE-MID-INTERNAL'
2026-05-12T10:21:15.029295864Z [DEBUG] eToro-MultiBot.TimeBarAggregator: [start_timer] fire_immediately=False, _skip_first_non_full_bar=False, now=2026-05-12 10:21:15.029146139+00:00, start_time=2026-05-12 10:21:00+00:00, first_close_ns=1970-01-01 00:00:00+00:00, next_close_ns=2026-05-12 10:22:00+00:00
2026-05-12T10:21:15.029344686Z [DEBUG] eToro-MultiBot.DataClient-ETORO_WS_CLIENT: Creating async task 'subscribe: quote_ticks INSM.ETORO'
2026-05-12T10:21:15.029427954Z [DEBUG] eToro-MultiBot.DataEngine: Created aggregator for key=(BarType(INSM.ETORO-1-MINUTE-MID-INTERNAL), None)
2026-05-12T10:21:15.029464308Z [DEBUG] eToro-MultiBot.MessageBus: Added Subscription(topic=data.quotes.ETORO.INSM, handler=<bound method BarAggregator.handle_quote_tick of <nautilus_trader.data.aggregation.TimeBarAggregator object at 0x7e71682d4700>>, priority=5)
2026-05-12T10:21:15.029589346Z [DEBUG] eToro-MultiBot.nautilus_common::live::timer: Creating timer 'TIME_BAR_INSM.ETORO-1-MINUTE-MID-INTERNAL'
2026-05-12T10:21:15.029645484Z [DEBUG] eToro-MultiBot.TimeBarAggregator: [start_timer] fire_immediately=False, _skip_first_non_full_bar=False, now=2026-05-12 10:21:15.029468440+00:00, start_time=2026-05-12 10:21:00+00:00, first_close_ns=1970-01-01 00:00:00+00:00, next_close_ns=2026-05-12 10:22:00+00:00
2026-05-12T10:21:15.029703571Z [DEBUG] eToro-MultiBot.DataClient-ETORO_WS_CLIENT: Creating async task 'subscribe: quote_ticks BTC.ETORO'
2026-05-12T10:21:15.029775825Z [DEBUG] eToro-MultiBot.DataEngine: Created aggregator for key=(BarType(BTC.ETORO-1-MINUTE-MID-INTERNAL), None)
2026-05-12T10:21:15.029810310Z [DEBUG] eToro-MultiBot.MessageBus: Added Subscription(topic=data.quotes.ETORO.BTC, handler=<bound method BarAggregator.handle_quote_tick of <nautilus_trader.data.aggregation.TimeBarAggregator object at 0x7e71682d4940>>, priority=5)
2026-05-12T10:21:15.029923020Z [DEBUG] eToro-MultiBot.nautilus_common::live::timer: Creating timer 'TIME_BAR_BTC.ETORO-1-MINUTE-MID-INTERNAL'
2026-05-12T10:21:15.029994408Z [DEBUG] eToro-MultiBot.TimeBarAggregator: [start_timer] fire_immediately=False, _skip_first_non_full_bar=False, now=2026-05-12 10:21:15.029814277+00:00, start_time=2026-05-12 10:21:00+00:00, first_close_ns=1970-01-01 00:00:00+00:00, next_close_ns=2026-05-12 10:22:00+00:00
2026-05-12T10:21:15.030065784Z [DEBUG] eToro-MultiBot.DataClient-ETORO_WS_CLIENT: Creating async task 'subscribe: quote_ticks ETH.ETORO'
2026-05-12T10:21:15.030166260Z [DEBUG] eToro-MultiBot.DataEngine: Created aggregator for key=(BarType(ETH.ETORO-1-MINUTE-MID-INTERNAL), None)
2026-05-12T10:21:15.030206612Z [DEBUG] eToro-MultiBot.MessageBus: Added Subscription(topic=data.quotes.ETORO.ETH, handler=<bound method BarAggregator.handle_quote_tick of <nautilus_trader.data.aggregation.TimeBarAggregator object at 0x7e71682d4b80>>, priority=5)
2026-05-12T10:21:15.030352661Z [DEBUG] eToro-MultiBot.nautilus_common::live::timer: Creating timer 'TIME_BAR_ETH.ETORO-1-MINUTE-MID-INTERNAL'
2026-05-12T10:21:15.030426843Z [DEBUG] eToro-MultiBot.TimeBarAggregator: [start_timer] fire_immediately=False, _skip_first_non_full_bar=False, now=2026-05-12 10:21:15.030211101+00:00, start_time=2026-05-12 10:21:00+00:00, first_close_ns=1970-01-01 00:00:00+00:00, next_close_ns=2026-05-12 10:22:00+00:00
2026-05-12T10:21:15.030498152Z [DEBUG] eToro-MultiBot.DataClient-ETORO_WS_CLIENT: Creating async task 'subscribe: quote_ticks ADA.ETORO'
2026-05-12T10:21:15.030593231Z [DEBUG] eToro-MultiBot.DataEngine: Created aggregator for key=(BarType(ADA.ETORO-1-MINUTE-MID-INTERNAL), None)
2026-05-12T10:21:15.030629254Z [DEBUG] eToro-MultiBot.MessageBus: Added Subscription(topic=data.quotes.ETORO.ADA, handler=<bound method BarAggregator.handle_quote_tick of <nautilus_trader.data.aggregation.TimeBarAggregator object at 0x7e71682d4dc0>>, priority=5)
2026-05-12T10:21:15.030763592Z [DEBUG] eToro-MultiBot.nautilus_common::live::timer: Creating timer 'TIME_BAR_ADA.ETORO-1-MINUTE-MID-INTERNAL'
2026-05-12T10:21:15.030829821Z [DEBUG] eToro-MultiBot.TimeBarAggregator: [start_timer] fire_immediately=False, _skip_first_non_full_bar=False, now=2026-05-12 10:21:15.030632607+00:00, start_time=2026-05-12 10:21:00+00:00, first_close_ns=1970-01-01 00:00:00+00:00, next_close_ns=2026-05-12 10:22:00+00:00
2026-05-12T10:21:15.030905970Z [DEBUG] eToro-MultiBot.DataClient-ETORO_WS_CLIENT: Creating async task 'subscribe: quote_ticks XRP.ETORO'
2026-05-12T10:21:15.030985823Z [DEBUG] eToro-MultiBot.DataEngine: Created aggregator for key=(BarType(XRP.ETORO-1-MINUTE-MID-INTERNAL), None)
2026-05-12T10:21:15.031022293Z [DEBUG] eToro-MultiBot.MessageBus: Added Subscription(topic=data.quotes.ETORO.XRP, handler=<bound method BarAggregator.handle_quote_tick of <nautilus_trader.data.aggregation.TimeBarAggregator object at 0x7e71682d5000>>, priority=5)
2026-05-12T10:21:15.031181128Z [DEBUG] eToro-MultiBot.nautilus_common::live::timer: Creating timer 'TIME_BAR_XRP.ETORO-1-MINUTE-MID-INTERNAL'
2026-05-12T10:21:15.031248789Z [DEBUG] eToro-MultiBot.TimeBarAggregator: [start_timer] fire_immediately=False, _skip_first_non_full_bar=False, now=2026-05-12 10:21:15.031025239+00:00, start_time=2026-05-12 10:21:00+00:00, first_close_ns=1970-01-01 00:00:00+00:00, next_close_ns=2026-05-12 10:22:00+00:00
2026-05-12T10:21:15.031319060Z [DEBUG] eToro-MultiBot.DataClient-ETORO_WS_CLIENT: Creating async task 'subscribe: quote_ticks AERO.ETORO'
2026-05-12T10:21:15.031399739Z [DEBUG] eToro-MultiBot.DataEngine: Created aggregator for key=(BarType(AERO.ETORO-1-MINUTE-MID-INTERNAL), None)
2026-05-12T10:21:15.031436248Z [DEBUG] eToro-MultiBot.MessageBus: Added Subscription(topic=data.quotes.ETORO.AERO, handler=<bound method BarAggregator.handle_quote_tick of <nautilus_trader.data.aggregation.TimeBarAggregator object at 0x7e71682d5240>>, priority=5)
2026-05-12T10:21:15.031571653Z [DEBUG] eToro-MultiBot.nautilus_common::live::timer: Creating timer 'TIME_BAR_AERO.ETORO-1-MINUTE-MID-INTERNAL'
2026-05-12T10:21:15.031632735Z [DEBUG] eToro-MultiBot.TimeBarAggregator: [start_timer] fire_immediately=False, _skip_first_non_full_bar=False, now=2026-05-12 10:21:15.031439352+00:00, start_time=2026-05-12 10:21:00+00:00, first_close_ns=1970-01-01 00:00:00+00:00, next_close_ns=2026-05-12 10:22:00+00:00
2026-05-12T10:21:15.031702378Z [DEBUG] eToro-MultiBot.DataClient-ETORO_WS_CLIENT: Creating async task 'subscribe: quote_ticks HYPE.ETORO'
2026-05-12T10:21:15.031777520Z [DEBUG] eToro-MultiBot.DataEngine: Created aggregator for key=(BarType(HYPE.ETORO-1-MINUTE-MID-INTERNAL), None)
2026-05-12T10:21:15.031817198Z [DEBUG] eToro-MultiBot.MessageBus: Added Subscription(topic=data.quotes.ETORO.HYPE, handler=<bound method BarAggregator.handle_quote_tick of <nautilus_trader.data.aggregation.TimeBarAggregator object at 0x7e71682d5480>>, priority=5)
2026-05-12T10:21:15.031931154Z [DEBUG] eToro-MultiBot.nautilus_common::live::timer: Creating timer 'TIME_BAR_HYPE.ETORO-1-MINUTE-MID-INTERNAL'
2026-05-12T10:21:15.031997165Z [DEBUG] eToro-MultiBot.TimeBarAggregator: [start_timer] fire_immediately=False, _skip_first_non_full_bar=False, now=2026-05-12 10:21:15.031820426+00:00, start_time=2026-05-12 10:21:00+00:00, first_close_ns=1970-01-01 00:00:00+00:00, next_close_ns=2026-05-12 10:22:00+00:00
2026-05-12T10:21:15.032068134Z [DEBUG] eToro-MultiBot.DataClient-ETORO_WS_CLIENT: Creating async task 'subscribe: quote_ticks ONDO.ETORO'
2026-05-12T10:21:15.032144493Z [DEBUG] eToro-MultiBot.DataEngine: Created aggregator for key=(BarType(ONDO.ETORO-1-MINUTE-MID-INTERNAL), None)
2026-05-12T10:21:15.032183067Z [DEBUG] eToro-MultiBot.MessageBus: Added Subscription(topic=data.quotes.ETORO.ONDO, handler=<bound method BarAggregator.handle_quote_tick of <nautilus_trader.data.aggregation.TimeBarAggregator object at 0x7e71682d56c0>>, priority=5)
2026-05-12T10:21:15.032289156Z [DEBUG] eToro-MultiBot.nautilus_common::live::timer: Creating timer 'TIME_BAR_ONDO.ETORO-1-MINUTE-MID-INTERNAL'
2026-05-12T10:21:15.032341451Z [DEBUG] eToro-MultiBot.TimeBarAggregator: [start_timer] fire_immediately=False, _skip_first_non_full_bar=False, now=2026-05-12 10:21:15.032186153+00:00, start_time=2026-05-12 10:21:00+00:00, first_close_ns=1970-01-01 00:00:00+00:00, next_close_ns=2026-05-12 10:22:00+00:00
2026-05-12T10:21:15.032399363Z [DEBUG] eToro-MultiBot.DataClient-ETORO_WS_CLIENT: Creating async task 'subscribe: quote_ticks 01211.HK.ETORO'
2026-05-12T10:21:15.032461682Z [DEBUG] eToro-MultiBot.DataEngine: Created aggregator for key=(BarType(01211.HK.ETORO-1-MINUTE-MID-INTERNAL), None)
2026-05-12T10:21:15.032492349Z [DEBUG] eToro-MultiBot.MessageBus: Added Subscription(topic=data.quotes.ETORO.01211.HK, handler=<bound method BarAggregator.handle_quote_tick of <nautilus_trader.data.aggregation.TimeBarAggregator object at 0x7e71682d5900>>, priority=5)
2026-05-12T10:21:15.032604202Z [DEBUG] eToro-MultiBot.nautilus_common::live::timer: Creating timer 'TIME_BAR_01211.HK.ETORO-1-MINUTE-MID-INTERNAL'
2026-05-12T10:21:15.032660523Z [DEBUG] eToro-MultiBot.TimeBarAggregator: [start_timer] fire_immediately=False, _skip_first_non_full_bar=False, now=2026-05-12 10:21:15.032495109+00:00, start_time=2026-05-12 10:21:00+00:00, first_close_ns=1970-01-01 00:00:00+00:00, next_close_ns=2026-05-12 10:22:00+00:00
2026-05-12T10:21:15.032721721Z [DEBUG] eToro-MultiBot.DataClient-ETORO_WS_CLIENT: Creating async task 'subscribe: quote_ticks XPEV.ETORO'
2026-05-12T10:21:15.032785011Z [DEBUG] eToro-MultiBot.DataEngine: Created aggregator for key=(BarType(XPEV.ETORO-1-MINUTE-MID-INTERNAL), None)
2026-05-12T10:21:15.032815237Z [DEBUG] eToro-MultiBot.MessageBus: Added Subscription(topic=data.quotes.ETORO.XPEV, handler=<bound method BarAggregator.handle_quote_tick of <nautilus_trader.data.aggregation.TimeBarAggregator object at 0x7e71682d5b40>>, priority=5)
2026-05-12T10:21:15.032923878Z [DEBUG] eToro-MultiBot.nautilus_common::live::timer: Creating timer 'TIME_BAR_XPEV.ETORO-1-MINUTE-MID-INTERNAL'
2026-05-12T10:21:15.032976052Z [DEBUG] eToro-MultiBot.TimeBarAggregator: [start_timer] fire_immediately=False, _skip_first_non_full_bar=False, now=2026-05-12 10:21:15.032818077+00:00, start_time=2026-05-12 10:21:00+00:00, first_close_ns=1970-01-01 00:00:00+00:00, next_close_ns=2026-05-12 10:22:00+00:00
2026-05-12T10:21:15.033038264Z [DEBUG] eToro-MultiBot.DataClient-ETORO_WS_CLIENT: Creating async task 'subscribe: quote_ticks PLTR.ETORO'
2026-05-12T10:21:15.033113608Z [DEBUG] eToro-MultiBot.DataEngine: Created aggregator for key=(BarType(PLTR.ETORO-1-MINUTE-MID-INTERNAL), None)
2026-05-12T10:21:15.033148678Z [DEBUG] eToro-MultiBot.MessageBus: Added Subscription(topic=data.quotes.ETORO.PLTR, handler=<bound method BarAggregator.handle_quote_tick of <nautilus_trader.data.aggregation.TimeBarAggregator object at 0x7e71682d5d80>>, priority=5)
2026-05-12T10:21:15.033265492Z [DEBUG] eToro-MultiBot.nautilus_common::live::timer: Creating timer 'TIME_BAR_PLTR.ETORO-1-MINUTE-MID-INTERNAL'
2026-05-12T10:21:15.033317091Z [DEBUG] eToro-MultiBot.TimeBarAggregator: [start_timer] fire_immediately=False, _skip_first_non_full_bar=False, now=2026-05-12 10:21:15.033152067+00:00, start_time=2026-05-12 10:21:00+00:00, first_close_ns=1970-01-01 00:00:00+00:00, next_close_ns=2026-05-12 10:22:00+00:00
2026-05-12T10:21:15.033394518Z [DEBUG] eToro-MultiBot.DataClient-ETORO_WS_CLIENT: Creating async task 'subscribe: quote_ticks RHM.DE.ETORO'
2026-05-12T10:21:15.033466839Z [DEBUG] eToro-MultiBot.DataEngine: Created aggregator for key=(BarType(RHM.DE.ETORO-1-MINUTE-MID-INTERNAL), None)
2026-05-12T10:21:15.033497481Z [DEBUG] eToro-MultiBot.MessageBus: Added Subscription(topic=data.quotes.ETORO.RHM.DE, handler=<bound method BarAggregator.handle_quote_tick of <nautilus_trader.data.aggregation.TimeBarAggregator object at 0x7e71682d5fc0>>, priority=5)
2026-05-12T10:21:15.033609829Z [DEBUG] eToro-MultiBot.nautilus_common::live::timer: Creating timer 'TIME_BAR_RHM.DE.ETORO-1-MINUTE-MID-INTERNAL'
2026-05-12T10:21:15.033672732Z [DEBUG] eToro-MultiBot.TimeBarAggregator: [start_timer] fire_immediately=False, _skip_first_non_full_bar=False, now=2026-05-12 10:21:15.033500618+00:00, start_time=2026-05-12 10:21:00+00:00, first_close_ns=1970-01-01 00:00:00+00:00, next_close_ns=2026-05-12 10:22:00+00:00
2026-05-12T10:21:15.033747452Z [DEBUG] eToro-MultiBot.DataClient-ETORO_WS_CLIENT: Creating async task 'subscribe: quote_ticks NVS.ETORO'
2026-05-12T10:21:15.033837172Z [DEBUG] eToro-MultiBot.DataEngine: Created aggregator for key=(BarType(NVS.ETORO-1-MINUTE-MID-INTERNAL), None)
2026-05-12T10:21:15.033878250Z [DEBUG] eToro-MultiBot.MessageBus: Added Subscription(topic=data.quotes.ETORO.NVS, handler=<bound method BarAggregator.handle_quote_tick of <nautilus_trader.data.aggregation.TimeBarAggregator object at 0x7e71682d6200>>, priority=5)
2026-05-12T10:21:15.034005236Z [DEBUG] eToro-MultiBot.nautilus_common::live::timer: Creating timer 'TIME_BAR_NVS.ETORO-1-MINUTE-MID-INTERNAL'
2026-05-12T10:21:15.034074061Z [DEBUG] eToro-MultiBot.TimeBarAggregator: [start_timer] fire_immediately=False, _skip_first_non_full_bar=False, now=2026-05-12 10:21:15.033882416+00:00, start_time=2026-05-12 10:21:00+00:00, first_close_ns=1970-01-01 00:00:00+00:00, next_close_ns=2026-05-12 10:22:00+00:00
2026-05-12T10:21:15.034172880Z [DEBUG] eToro-MultiBot.DataClient-ETORO_WS_CLIENT: Creating async task 'subscribe: quote_ticks ROP.ZU.ETORO'
2026-05-12T10:21:15.034262358Z [DEBUG] eToro-MultiBot.DataEngine: Created aggregator for key=(BarType(ROP.ZU.ETORO-1-MINUTE-MID-INTERNAL), None)
2026-05-12T10:21:15.034314395Z [DEBUG] eToro-MultiBot.MessageBus: Added Subscription(topic=data.quotes.ETORO.ROP.ZU, handler=<bound method BarAggregator.handle_quote_tick of <nautilus_trader.data.aggregation.TimeBarAggregator object at 0x7e71682d6440>>, priority=5)
2026-05-12T10:21:15.034445215Z [DEBUG] eToro-MultiBot.nautilus_common::live::timer: Creating timer 'TIME_BAR_ROP.ZU.ETORO-1-MINUTE-MID-INTERNAL'
2026-05-12T10:21:15.034509300Z [DEBUG] eToro-MultiBot.TimeBarAggregator: [start_timer] fire_immediately=False, _skip_first_non_full_bar=False, now=2026-05-12 10:21:15.034318330+00:00, start_time=2026-05-12 10:21:00+00:00, first_close_ns=1970-01-01 00:00:00+00:00, next_close_ns=2026-05-12 10:22:00+00:00
2026-05-12T10:21:15.034589466Z [DEBUG] eToro-MultiBot.DataClient-ETORO_WS_CLIENT: Creating async task 'subscribe: quote_ticks DOGE.ETORO'
2026-05-12T10:21:15.034659094Z [DEBUG] eToro-MultiBot.DataEngine: Created aggregator for key=(BarType(DOGE.ETORO-1-MINUTE-MID-INTERNAL), None)
2026-05-12T10:21:15.034694588Z [DEBUG] eToro-MultiBot.MessageBus: Added Subscription(topic=data.quotes.ETORO.DOGE, handler=<bound method BarAggregator.handle_quote_tick of <nautilus_trader.data.aggregation.TimeBarAggregator object at 0x7e71682d6680>>, priority=5)
2026-05-12T10:21:15.034802993Z [DEBUG] eToro-MultiBot.nautilus_common::live::timer: Creating timer 'TIME_BAR_DOGE.ETORO-1-MINUTE-MID-INTERNAL'
2026-05-12T10:21:15.034856588Z [DEBUG] eToro-MultiBot.TimeBarAggregator: [start_timer] fire_immediately=False, _skip_first_non_full_bar=False, now=2026-05-12 10:21:15.034698246+00:00, start_time=2026-05-12 10:21:00+00:00, first_close_ns=1970-01-01 00:00:00+00:00, next_close_ns=2026-05-12 10:22:00+00:00
2026-05-12T10:21:15.034930476Z [DEBUG] eToro-MultiBot.DataClient-ETORO_WS_CLIENT: Creating async task 'subscribe: quote_ticks SHIBxM.ETORO'
2026-05-12T10:21:15.035105571Z [DEBUG] eToro-MultiBot.DataEngine: Created aggregator for key=(BarType(SHIBxM.ETORO-1-MINUTE-MID-INTERNAL), None)
2026-05-12T10:21:15.035143289Z [DEBUG] eToro-MultiBot.MessageBus: Added Subscription(topic=data.quotes.ETORO.SHIBxM, handler=<bound method BarAggregator.handle_quote_tick of <nautilus_trader.data.aggregation.TimeBarAggregator object at 0x7e71682d68c0>>, priority=5)
2026-05-12T10:21:15.035257491Z [DEBUG] eToro-MultiBot.nautilus_common::live::timer: Creating timer 'TIME_BAR_SHIBxM.ETORO-1-MINUTE-MID-INTERNAL'
2026-05-12T10:21:15.035311782Z [DEBUG] eToro-MultiBot.TimeBarAggregator: [start_timer] fire_immediately=False, _skip_first_non_full_bar=False, now=2026-05-12 10:21:15.035147090+00:00, start_time=2026-05-12 10:21:00+00:00, first_close_ns=1970-01-01 00:00:00+00:00, next_close_ns=2026-05-12 10:22:00+00:00
2026-05-12T10:21:15.035389293Z [DEBUG] eToro-MultiBot.DataClient-ETORO_WS_CLIENT: Creating async task 'subscribe: quote_ticks PEPExM.ETORO'
2026-05-12T10:21:15.035459982Z [DEBUG] eToro-MultiBot.DataEngine: Created aggregator for key=(BarType(PEPExM.ETORO-1-MINUTE-MID-INTERNAL), None)
2026-05-12T10:21:15.035511199Z [DEBUG] eToro-MultiBot.MessageBus: Added Subscription(topic=data.quotes.ETORO.PEPExM, handler=<bound method BarAggregator.handle_quote_tick of <nautilus_trader.data.aggregation.TimeBarAggregator object at 0x7e71682d6b00>>, priority=5)
2026-05-12T10:21:15.035643680Z [DEBUG] eToro-MultiBot.nautilus_common::live::timer: Creating timer 'TIME_BAR_PEPExM.ETORO-1-MINUTE-MID-INTERNAL'
2026-05-12T10:21:15.035700009Z [DEBUG] eToro-MultiBot.TimeBarAggregator: [start_timer] fire_immediately=False, _skip_first_non_full_bar=False, now=2026-05-12 10:21:15.035515189+00:00, start_time=2026-05-12 10:21:00+00:00, first_close_ns=1970-01-01 00:00:00+00:00, next_close_ns=2026-05-12 10:22:00+00:00
2026-05-12T10:21:15.035780592Z [DEBUG] eToro-MultiBot.DataClient-ETORO_WS_CLIENT: Creating async task 'subscribe: quote_ticks SOL.ETORO'
2026-05-12T10:21:15.035855465Z [DEBUG] eToro-MultiBot.DataEngine: Created aggregator for key=(BarType(SOL.ETORO-1-MINUTE-MID-INTERNAL), None)
2026-05-12T10:21:15.035894654Z [DEBUG] eToro-MultiBot.MessageBus: Added Subscription(topic=data.quotes.ETORO.SOL, handler=<bound method BarAggregator.handle_quote_tick of <nautilus_trader.data.aggregation.TimeBarAggregator object at 0x7e71682d6d40>>, priority=5)
2026-05-12T10:21:15.036012841Z [DEBUG] eToro-MultiBot.nautilus_common::live::timer: Creating timer 'TIME_BAR_SOL.ETORO-1-MINUTE-MID-INTERNAL'
2026-05-12T10:21:15.036072481Z [DEBUG] eToro-MultiBot.TimeBarAggregator: [start_timer] fire_immediately=False, _skip_first_non_full_bar=False, now=2026-05-12 10:21:15.035898469+00:00, start_time=2026-05-12 10:21:00+00:00, first_close_ns=1970-01-01 00:00:00+00:00, next_close_ns=2026-05-12 10:22:00+00:00
2026-05-12T10:21:15.036173701Z [DEBUG] eToro-MultiBot.DataClient-ETORO_WS_CLIENT: Creating async task 'subscribe: quote_ticks AVAX.ETORO'
2026-05-12T10:21:15.036257453Z [DEBUG] eToro-MultiBot.DataEngine: Created aggregator for key=(BarType(AVAX.ETORO-1-MINUTE-MID-INTERNAL), None)
2026-05-12T10:21:15.036297517Z [DEBUG] eToro-MultiBot.MessageBus: Added Subscription(topic=data.quotes.ETORO.AVAX, handler=<bound method BarAggregator.handle_quote_tick of <nautilus_trader.data.aggregation.TimeBarAggregator object at 0x7e71682d6f80>>, priority=5)
2026-05-12T10:21:15.036440035Z [DEBUG] eToro-MultiBot.nautilus_common::live::timer: Creating timer 'TIME_BAR_AVAX.ETORO-1-MINUTE-MID-INTERNAL'
2026-05-12T10:21:15.036517509Z [DEBUG] eToro-MultiBot.TimeBarAggregator: [start_timer] fire_immediately=False, _skip_first_non_full_bar=False, now=2026-05-12 10:21:15.036301443+00:00, start_time=2026-05-12 10:21:00+00:00, first_close_ns=1970-01-01 00:00:00+00:00, next_close_ns=2026-05-12 10:22:00+00:00
2026-05-12T10:21:15.036657475Z [DEBUG] eToro-MultiBot.DataClient-ETORO_WS_CLIENT: Creating async task 'subscribe: quote_ticks NATGAS.ETORO'
2026-05-12T10:21:15.036736351Z [DEBUG] eToro-MultiBot.DataEngine: Created aggregator for key=(BarType(NATGAS.ETORO-1-MINUTE-MID-INTERNAL), None)
2026-05-12T10:21:15.036783770Z [DEBUG] eToro-MultiBot.MessageBus: Added Subscription(topic=data.quotes.ETORO.NATGAS, handler=<bound method BarAggregator.handle_quote_tick of <nautilus_trader.data.aggregation.TimeBarAggregator object at 0x7e71682d71c0>>, priority=5)
2026-05-12T10:21:15.036917948Z [DEBUG] eToro-MultiBot.nautilus_common::live::timer: Creating timer 'TIME_BAR_NATGAS.ETORO-1-MINUTE-MID-INTERNAL'
2026-05-12T10:21:15.036975586Z [DEBUG] eToro-MultiBot.TimeBarAggregator: [start_timer] fire_immediately=False, _skip_first_non_full_bar=False, now=2026-05-12 10:21:15.036786013+00:00, start_time=2026-05-12 10:21:00+00:00, first_close_ns=1970-01-01 00:00:00+00:00, next_close_ns=2026-05-12 10:22:00+00:00
2026-05-12T10:21:15.037188917Z [DEBUG] eToro-MultiBot.DataClient-ETORO_WS_CLIENT: Creating async task 'subscribe: quote_ticks PALL.ETORO'
2026-05-12T10:21:15.037296318Z [DEBUG] eToro-MultiBot.DataEngine: Created aggregator for key=(BarType(PALL.ETORO-1-MINUTE-MID-INTERNAL), None)
2026-05-12T10:21:15.037361648Z [DEBUG] eToro-MultiBot.MessageBus: Added Subscription(topic=data.quotes.ETORO.PALL, handler=<bound method BarAggregator.handle_quote_tick of <nautilus_trader.data.aggregation.TimeBarAggregator object at 0x7e71682d7400>>, priority=5)
2026-05-12T10:21:15.037529774Z [DEBUG] eToro-MultiBot.nautilus_common::live::timer: Creating timer 'TIME_BAR_PALL.ETORO-1-MINUTE-MID-INTERNAL'
2026-05-12T10:21:15.037615520Z [DEBUG] eToro-MultiBot.TimeBarAggregator: [start_timer] fire_immediately=False, _skip_first_non_full_bar=False, now=2026-05-12 10:21:15.037385915+00:00, start_time=2026-05-12 10:21:00+00:00, first_close_ns=1970-01-01 00:00:00+00:00, next_close_ns=2026-05-12 10:22:00+00:00
2026-05-12T10:21:15.037767546Z [DEBUG] eToro-MultiBot.DataClient-ETORO_WS_CLIENT: Creating async task 'subscribe: quote_ticks USDTRY.ETORO'
2026-05-12T10:21:15.037872099Z [DEBUG] eToro-MultiBot.DataEngine: Created aggregator for key=(BarType(USDTRY.ETORO-1-MINUTE-MID-INTERNAL), None)
2026-05-12T10:21:15.037936911Z [DEBUG] eToro-MultiBot.MessageBus: Added Subscription(topic=data.quotes.ETORO.USDTRY, handler=<bound method BarAggregator.handle_quote_tick of <nautilus_trader.data.aggregation.TimeBarAggregator object at 0x7e71682d7640>>, priority=5)
2026-05-12T10:21:15.038102494Z [DEBUG] eToro-MultiBot.nautilus_common::live::timer: Creating timer 'TIME_BAR_USDTRY.ETORO-1-MINUTE-MID-INTERNAL'
2026-05-12T10:21:15.038188268Z [DEBUG] eToro-MultiBot.TimeBarAggregator: [start_timer] fire_immediately=False, _skip_first_non_full_bar=False, now=2026-05-12 10:21:15.037961028+00:00, start_time=2026-05-12 10:21:00+00:00, first_close_ns=1970-01-01 00:00:00+00:00, next_close_ns=2026-05-12 10:22:00+00:00
2026-05-12T10:21:15.038346396Z [DEBUG] eToro-MultiBot.DataClient-ETORO_WS_CLIENT: Creating async task 'subscribe: quote_ticks USDZAR.ETORO'
2026-05-12T10:21:15.038456839Z [DEBUG] eToro-MultiBot.DataEngine: Created aggregator for key=(BarType(USDZAR.ETORO-1-MINUTE-MID-INTERNAL), None)
2026-05-12T10:21:15.038527059Z [DEBUG] eToro-MultiBot.MessageBus: Added Subscription(topic=data.quotes.ETORO.USDZAR, handler=<bound method BarAggregator.handle_quote_tick of <nautilus_trader.data.aggregation.TimeBarAggregator object at 0x7e71682d7880>>, priority=5)
2026-05-12T10:21:15.038699131Z [DEBUG] eToro-MultiBot.nautilus_common::live::timer: Creating timer 'TIME_BAR_USDZAR.ETORO-1-MINUTE-MID-INTERNAL'
2026-05-12T10:21:15.038784526Z [DEBUG] eToro-MultiBot.TimeBarAggregator: [start_timer] fire_immediately=False, _skip_first_non_full_bar=False, now=2026-05-12 10:21:15.038552057+00:00, start_time=2026-05-12 10:21:00+00:00, first_close_ns=1970-01-01 00:00:00+00:00, next_close_ns=2026-05-12 10:22:00+00:00
2026-05-12T10:21:15.038991403Z [DEBUG] eToro-MultiBot.DataClient-ETORO_WS_CLIENT: Coroutine 'subscribe: quote_ticks TSLA.ETORO' completed
2026-05-12T10:21:15.039019615Z [INFO] eToro-MultiBot.DataClient-ETORO_WS_CLIENT: Subscribed TSLA.ETORO quotes
2026-05-12T10:21:15.041994079Z [DEBUG] eToro-MultiBot.DataClient-ETORO_WS_CLIENT: Coroutine 'subscribe: quote_ticks HUT.ETORO' completed
2026-05-12T10:21:15.042031983Z [INFO] eToro-MultiBot.DataClient-ETORO_WS_CLIENT: Subscribed HUT.ETORO quotes
2026-05-12T10:21:15.042075075Z [DEBUG] eToro-MultiBot.DataClient-ETORO_WS_CLIENT: Coroutine 'subscribe: quote_ticks RIOT.ETORO' completed
2026-05-12T10:21:15.042103287Z [INFO] eToro-MultiBot.DataClient-ETORO_WS_CLIENT: Subscribed RIOT.ETORO quotes
2026-05-12T10:21:15.042152256Z [DEBUG] eToro-MultiBot.DataClient-ETORO_WS_CLIENT: Coroutine 'subscribe: quote_ticks NVDA.ETORO' completed
2026-05-12T10:21:15.042175280Z [INFO] eToro-MultiBot.DataClient-ETORO_WS_CLIENT: Subscribed NVDA.ETORO quotes
2026-05-12T10:21:15.042215757Z [DEBUG] eToro-MultiBot.DataClient-ETORO_WS_CLIENT: Coroutine 'subscribe: quote_ticks FSLY.ETORO' completed
2026-05-12T10:21:15.042237883Z [INFO] eToro-MultiBot.DataClient-ETORO_WS_CLIENT: Subscribed FSLY.ETORO quotes
2026-05-12T10:21:15.042276629Z [DEBUG] eToro-MultiBot.DataClient-ETORO_WS_CLIENT: Coroutine 'subscribe: quote_ticks INSM.ETORO' completed
2026-05-12T10:21:15.042298486Z [INFO] eToro-MultiBot.DataClient-ETORO_WS_CLIENT: Subscribed INSM.ETORO quotes
2026-05-12T10:21:15.042336208Z [DEBUG] eToro-MultiBot.DataClient-ETORO_WS_CLIENT: Coroutine 'subscribe: quote_ticks BTC.ETORO' completed
2026-05-12T10:21:15.042359331Z [INFO] eToro-MultiBot.DataClient-ETORO_WS_CLIENT: Subscribed BTC.ETORO quotes
2026-05-12T10:21:15.042397757Z [DEBUG] eToro-MultiBot.DataClient-ETORO_WS_CLIENT: Coroutine 'subscribe: quote_ticks ETH.ETORO' completed
2026-05-12T10:21:15.042419546Z [INFO] eToro-MultiBot.DataClient-ETORO_WS_CLIENT: Subscribed ETH.ETORO quotes
2026-05-12T10:21:15.042466431Z [DEBUG] eToro-MultiBot.DataClient-ETORO_WS_CLIENT: Coroutine 'subscribe: quote_ticks ADA.ETORO' completed
2026-05-12T10:21:15.042492615Z [INFO] eToro-MultiBot.DataClient-ETORO_WS_CLIENT: Subscribed ADA.ETORO quotes
2026-05-12T10:21:15.042533197Z [DEBUG] eToro-MultiBot.DataClient-ETORO_WS_CLIENT: Coroutine 'subscribe: quote_ticks XRP.ETORO' completed
2026-05-12T10:21:15.042552565Z [INFO] eToro-MultiBot.DataClient-ETORO_WS_CLIENT: Subscribed XRP.ETORO quotes
2026-05-12T10:21:15.042600339Z [DEBUG] eToro-MultiBot.DataClient-ETORO_WS_CLIENT: Coroutine 'subscribe: quote_ticks AERO.ETORO' completed
2026-05-12T10:21:15.042605925Z [INFO] eToro-MultiBot.DataClient-ETORO_WS_CLIENT: Subscribed AERO.ETORO quotes
2026-05-12T10:21:15.042610925Z [DEBUG] eToro-MultiBot.DataClient-ETORO_WS_CLIENT: Coroutine 'subscribe: quote_ticks HYPE.ETORO' completed
2026-05-12T10:21:15.042612354Z [INFO] eToro-MultiBot.DataClient-ETORO_WS_CLIENT: Subscribed HYPE.ETORO quotes
2026-05-12T10:21:15.042616240Z [DEBUG] eToro-MultiBot.DataClient-ETORO_WS_CLIENT: Coroutine 'subscribe: quote_ticks ONDO.ETORO' completed
2026-05-12T10:21:15.042617049Z [INFO] eToro-MultiBot.DataClient-ETORO_WS_CLIENT: Subscribed ONDO.ETORO quotes
2026-05-12T10:21:15.042620896Z [DEBUG] eToro-MultiBot.DataClient-ETORO_WS_CLIENT: Coroutine 'subscribe: quote_ticks 01211.HK.ETORO' completed
2026-05-12T10:21:15.042622170Z [INFO] eToro-MultiBot.DataClient-ETORO_WS_CLIENT: Subscribed 01211.HK.ETORO quotes
2026-05-12T10:21:15.042626063Z [DEBUG] eToro-MultiBot.DataClient-ETORO_WS_CLIENT: Coroutine 'subscribe: quote_ticks XPEV.ETORO' completed
2026-05-12T10:21:15.042627222Z [INFO] eToro-MultiBot.DataClient-ETORO_WS_CLIENT: Subscribed XPEV.ETORO quotes
2026-05-12T10:21:15.042631118Z [DEBUG] eToro-MultiBot.DataClient-ETORO_WS_CLIENT: Coroutine 'subscribe: quote_ticks PLTR.ETORO' completed
2026-05-12T10:21:15.042632083Z [INFO] eToro-MultiBot.DataClient-ETORO_WS_CLIENT: Subscribed PLTR.ETORO quotes
2026-05-12T10:21:15.042636711Z [DEBUG] eToro-MultiBot.DataClient-ETORO_WS_CLIENT: Coroutine 'subscribe: quote_ticks RHM.DE.ETORO' completed
2026-05-12T10:21:15.042638971Z [INFO] eToro-MultiBot.DataClient-ETORO_WS_CLIENT: Subscribed RHM.DE.ETORO quotes
2026-05-12T10:21:15.042642852Z [DEBUG] eToro-MultiBot.DataClient-ETORO_WS_CLIENT: Coroutine 'subscribe: quote_ticks NVS.ETORO' completed
2026-05-12T10:21:15.042643833Z [INFO] eToro-MultiBot.DataClient-ETORO_WS_CLIENT: Subscribed NVS.ETORO quotes
2026-05-12T10:21:15.042648530Z [DEBUG] eToro-MultiBot.DataClient-ETORO_WS_CLIENT: Coroutine 'subscribe: quote_ticks ROP.ZU.ETORO' completed
2026-05-12T10:21:15.042649757Z [INFO] eToro-MultiBot.DataClient-ETORO_WS_CLIENT: Subscribed ROP.ZU.ETORO quotes
2026-05-12T10:21:15.042654122Z [DEBUG] eToro-MultiBot.DataClient-ETORO_WS_CLIENT: Coroutine 'subscribe: quote_ticks DOGE.ETORO' completed
2026-05-12T10:21:15.042655373Z [INFO] eToro-MultiBot.DataClient-ETORO_WS_CLIENT: Subscribed DOGE.ETORO quotes
2026-05-12T10:21:15.042659544Z [DEBUG] eToro-MultiBot.DataClient-ETORO_WS_CLIENT: Coroutine 'subscribe: quote_ticks SHIBxM.ETORO' completed
2026-05-12T10:21:15.042660730Z [INFO] eToro-MultiBot.DataClient-ETORO_WS_CLIENT: Subscribed SHIBxM.ETORO quotes
2026-05-12T10:21:15.042664676Z [DEBUG] eToro-MultiBot.DataClient-ETORO_WS_CLIENT: Coroutine 'subscribe: quote_ticks PEPExM.ETORO' completed
2026-05-12T10:21:15.042665604Z [INFO] eToro-MultiBot.DataClient-ETORO_WS_CLIENT: Subscribed PEPExM.ETORO quotes
2026-05-12T10:21:15.042669479Z [DEBUG] eToro-MultiBot.DataClient-ETORO_WS_CLIENT: Coroutine 'subscribe: quote_ticks SOL.ETORO' completed
2026-05-12T10:21:15.042670570Z [INFO] eToro-MultiBot.DataClient-ETORO_WS_CLIENT: Subscribed SOL.ETORO quotes
2026-05-12T10:21:15.042674349Z [DEBUG] eToro-MultiBot.DataClient-ETORO_WS_CLIENT: Coroutine 'subscribe: quote_ticks AVAX.ETORO' completed
2026-05-12T10:21:15.042675307Z [INFO] eToro-MultiBot.DataClient-ETORO_WS_CLIENT: Subscribed AVAX.ETORO quotes
2026-05-12T10:21:15.042678686Z [DEBUG] eToro-MultiBot.DataClient-ETORO_WS_CLIENT: Coroutine 'subscribe: quote_ticks NATGAS.ETORO' completed
2026-05-12T10:21:15.042679697Z [INFO] eToro-MultiBot.DataClient-ETORO_WS_CLIENT: Subscribed NATGAS.ETORO quotes
2026-05-12T10:21:15.042683514Z [DEBUG] eToro-MultiBot.DataClient-ETORO_WS_CLIENT: Coroutine 'subscribe: quote_ticks PALL.ETORO' completed
2026-05-12T10:21:15.042684701Z [INFO] eToro-MultiBot.DataClient-ETORO_WS_CLIENT: Subscribed PALL.ETORO quotes
2026-05-12T10:21:15.042688646Z [DEBUG] eToro-MultiBot.DataClient-ETORO_WS_CLIENT: Coroutine 'subscribe: quote_ticks USDTRY.ETORO' completed
2026-05-12T10:21:15.042689847Z [INFO] eToro-MultiBot.DataClient-ETORO_WS_CLIENT: Subscribed USDTRY.ETORO quotes
2026-05-12T10:21:15.042693390Z [DEBUG] eToro-MultiBot.DataClient-ETORO_WS_CLIENT: Coroutine 'subscribe: quote_ticks USDZAR.ETORO' completed
2026-05-12T10:21:15.042694419Z [INFO] eToro-MultiBot.DataClient-ETORO_WS_CLIENT: Subscribed USDZAR.ETORO quotes
2026-05-12T10:21:15.062623632Z [INFO] eToro-MultiBot.DataClient-ETORO_WS_CLIENT: Snapshot INSM.ETORO: MarketOpen=False, AllowBuy=True
2026-05-12T10:21:15.062760325Z [INFO] eToro-MultiBot.DataClient-ETORO_WS_CLIENT: Snapshot NVS.ETORO: MarketOpen=False, AllowBuy=True
2026-05-12T10:21:15.062815751Z [INFO] eToro-MultiBot.DataClient-ETORO_WS_CLIENT: Snapshot RIOT.ETORO: MarketOpen=True, AllowBuy=True
2026-05-12T10:21:15.062858020Z [INFO] eToro-MultiBot.DataClient-ETORO_WS_CLIENT: Snapshot XPEV.ETORO: MarketOpen=False, AllowBuy=True
2026-05-12T10:21:15.062898754Z [INFO] eToro-MultiBot.DataClient-ETORO_WS_CLIENT: Snapshot AERO.ETORO: MarketOpen=True, AllowBuy=True
2026-05-12T10:21:15.062938667Z [INFO] eToro-MultiBot.DataClient-ETORO_WS_CLIENT: Snapshot PEPExM.ETORO: MarketOpen=True, AllowBuy=True
2026-05-12T10:21:15.062976259Z [INFO] eToro-MultiBot.DataClient-ETORO_WS_CLIENT: Snapshot AVAX.ETORO: MarketOpen=True, AllowBuy=True
2026-05-12T10:21:15.063029539Z [INFO] eToro-MultiBot.DataClient-ETORO_WS_CLIENT: Snapshot FSLY.ETORO: MarketOpen=False, AllowBuy=True
2026-05-12T10:21:15.063068232Z [INFO] eToro-MultiBot.DataClient-ETORO_WS_CLIENT: Snapshot XRP.ETORO: MarketOpen=True, AllowBuy=True
2026-05-12T10:21:15.063113188Z [INFO] eToro-MultiBot.DataClient-ETORO_WS_CLIENT: Snapshot 01211.HK.ETORO: MarketOpen=True, AllowBuy=True
2026-05-12T10:21:15.063152647Z [INFO] eToro-MultiBot.DataClient-ETORO_WS_CLIENT: Snapshot NVDA.ETORO: MarketOpen=True, AllowBuy=True
2026-05-12T10:21:15.063188607Z [INFO] eToro-MultiBot.DataClient-ETORO_WS_CLIENT: Snapshot ETH.ETORO: MarketOpen=True, AllowBuy=True
2026-05-12T10:21:15.063226689Z [INFO] eToro-MultiBot.DataClient-ETORO_WS_CLIENT: Snapshot USDTRY.ETORO: MarketOpen=True, AllowBuy=True
2026-05-12T10:21:15.063263163Z [INFO] eToro-MultiBot.DataClient-ETORO_WS_CLIENT: Snapshot NATGAS.ETORO: MarketOpen=True, AllowBuy=True
2026-05-12T10:21:15.063297812Z [INFO] eToro-MultiBot.DataClient-ETORO_WS_CLIENT: Snapshot TSLA.ETORO: MarketOpen=True, AllowBuy=True
2026-05-12T10:21:15.063332739Z [INFO] eToro-MultiBot.DataClient-ETORO_WS_CLIENT: Snapshot HYPE.ETORO: MarketOpen=True, AllowBuy=True
2026-05-12T10:21:15.063367238Z [INFO] eToro-MultiBot.DataClient-ETORO_WS_CLIENT: Snapshot USDZAR.ETORO: MarketOpen=True, AllowBuy=True
2026-05-12T10:21:15.063401220Z [INFO] eToro-MultiBot.DataClient-ETORO_WS_CLIENT: Snapshot DOGE.ETORO: MarketOpen=True, AllowBuy=True
2026-05-12T10:21:15.063436151Z [INFO] eToro-MultiBot.DataClient-ETORO_WS_CLIENT: Snapshot ONDO.ETORO: MarketOpen=True, AllowBuy=True
2026-05-12T10:21:15.063470132Z [INFO] eToro-MultiBot.DataClient-ETORO_WS_CLIENT: Snapshot SOL.ETORO: MarketOpen=True, AllowBuy=True
2026-05-12T10:21:15.063503614Z [INFO] eToro-MultiBot.DataClient-ETORO_WS_CLIENT: Snapshot PALL.ETORO: MarketOpen=False, AllowBuy=True
2026-05-12T10:21:15.063550609Z [INFO] eToro-MultiBot.DataClient-ETORO_WS_CLIENT: Snapshot RHM.DE.ETORO: MarketOpen=True, AllowBuy=True
2026-05-12T10:21:15.063589199Z [INFO] eToro-MultiBot.DataClient-ETORO_WS_CLIENT: Snapshot SHIBxM.ETORO: MarketOpen=True, AllowBuy=True
2026-05-12T10:21:15.063624176Z [INFO] eToro-MultiBot.DataClient-ETORO_WS_CLIENT: Snapshot HUT.ETORO: MarketOpen=False, AllowBuy=True
2026-05-12T10:21:15.063660222Z [INFO] eToro-MultiBot.DataClient-ETORO_WS_CLIENT: Snapshot BTC.ETORO: MarketOpen=True, AllowBuy=True
2026-05-12T10:21:15.063695097Z [INFO] eToro-MultiBot.DataClient-ETORO_WS_CLIENT: Snapshot ROP.ZU.ETORO: MarketOpen=True, AllowBuy=True
2026-05-12T10:21:15.063729238Z [INFO] eToro-MultiBot.DataClient-ETORO_WS_CLIENT: Snapshot PLTR.ETORO: MarketOpen=True, AllowBuy=True
2026-05-12T10:21:15.063763920Z [INFO] eToro-MultiBot.DataClient-ETORO_WS_CLIENT: Snapshot ADA.ETORO: MarketOpen=True, AllowBuy=True
2026-05-12T10:21:27.023632909Z [DEBUG] eToro-MultiBot.ExecEngine: Checking in-flight orders status
2026-05-12T10:21:29.023668598Z [DEBUG] eToro-MultiBot.ExecEngine: Checking in-flight orders status
2026-05-12T10:21:30.574868342Z [INFO] eToro-MultiBot.DataClient-ETORO_WS_CLIENT: Heartbeat: 60 Ticks verarbeitet.
2026-05-12T10:21:31.023867302Z [DEBUG] eToro-MultiBot.ExecEngine: Checking in-flight orders status
2026-05-12T10:21:34.379241912Z [WARN] eToro-MultiBot.TradingNode: Received SIGINT, shutting down
2026-05-12T10:21:34.379350511Z [INFO] eToro-MultiBot.TradingNode: STOPPING
2026-05-12T10:21:34.379382545Z [DEBUG] eToro-MultiBot.eToro-MultiBot: STOPPING
2026-05-12T10:21:34.379416638Z [DEBUG] eToro-MultiBot.SmaCrossoverStrategy_TSLA.ETORO_0: STOPPING
2026-05-12T10:21:34.379462132Z [INFO] eToro-MultiBot.SmaCrossoverStrategy_TSLA.ETORO_0: Strategie auf TSLA.ETORO gestoppt.
2026-05-12T10:21:34.379638251Z [DEBUG] eToro-MultiBot.MessageBus: Removed Subscription(topic=data.quotes.ETORO.TSLA, handler=<bound method Actor.handle_quote_tick of SmaCrossoverStrategy(SmaCrossoverStrategy_TSLA.ETORO_0-000)>, priority=0)
2026-05-12T10:21:34.379785775Z [INFO] eToro-MultiBot.SmaCrossoverStrategy_TSLA.ETORO_0: [CMD]--> UnsubscribeQuoteTicks(instrument_id=TSLA.ETORO, client_id=None, venue=ETORO)
2026-05-12T10:21:34.379894494Z [DEBUG] eToro-MultiBot.MessageBus: Removed Subscription(topic=data.bars.TSLA.ETORO-1-MINUTE-MID-INTERNAL, handler=<bound method Actor.handle_bar of SmaCrossoverStrategy(SmaCrossoverStrategy_TSLA.ETORO_0-000)>, priority=0)
2026-05-12T10:21:34.384639278Z [INFO] eToro-MultiBot.SmaCrossoverStrategy_TSLA.ETORO_0: [CMD]--> UnsubscribeBars(bar_type=TSLA.ETORO-1-MINUTE-MID-INTERNAL, client_id=None, venue=ETORO)
2026-05-12T10:21:34.384674031Z [INFO] eToro-MultiBot.SmaCrossoverStrategy_TSLA.ETORO_0: Unsubscribed from TSLA.ETORO-1-MINUTE-MID-INTERNAL bar data
2026-05-12T10:21:34.384684866Z [INFO] eToro-MultiBot.SmaCrossoverStrategy_TSLA.ETORO_0: Canceling executor tasks
2026-05-12T10:21:34.384867271Z [INFO] eToro-MultiBot.SmaCrossoverStrategy_TSLA.ETORO_0: STOPPED
2026-05-12T10:21:34.384908412Z [DEBUG] eToro-MultiBot.SmaCrossoverStrategy_HUT.ETORO_1: STOPPING
2026-05-12T10:21:34.384937249Z [INFO] eToro-MultiBot.SmaCrossoverStrategy_HUT.ETORO_1: Strategie auf HUT.ETORO gestoppt.
2026-05-12T10:21:34.385047986Z [DEBUG] eToro-MultiBot.MessageBus: Removed Subscription(topic=data.quotes.ETORO.HUT, handler=<bound method Actor.handle_quote_tick of SmaCrossoverStrategy(SmaCrossoverStrategy_HUT.ETORO_1-001)>, priority=0)
2026-05-12T10:21:34.385134261Z [INFO] eToro-MultiBot.SmaCrossoverStrategy_HUT.ETORO_1: [CMD]--> UnsubscribeQuoteTicks(instrument_id=HUT.ETORO, client_id=None, venue=ETORO)
2026-05-12T10:21:34.385182468Z [DEBUG] eToro-MultiBot.MessageBus: Removed Subscription(topic=data.bars.HUT.ETORO-1-MINUTE-MID-INTERNAL, handler=<bound method Actor.handle_bar of SmaCrossoverStrategy(SmaCrossoverStrategy_HUT.ETORO_1-001)>, priority=0)
2026-05-12T10:21:34.385214735Z [INFO] eToro-MultiBot.SmaCrossoverStrategy_HUT.ETORO_1: [CMD]--> UnsubscribeBars(bar_type=HUT.ETORO-1-MINUTE-MID-INTERNAL, client_id=None, venue=ETORO)
2026-05-12T10:21:34.385226753Z [INFO] eToro-MultiBot.SmaCrossoverStrategy_HUT.ETORO_1: Unsubscribed from HUT.ETORO-1-MINUTE-MID-INTERNAL bar data
2026-05-12T10:21:34.385233154Z [INFO] eToro-MultiBot.SmaCrossoverStrategy_HUT.ETORO_1: Canceling executor tasks
2026-05-12T10:21:34.385397191Z [INFO] eToro-MultiBot.SmaCrossoverStrategy_HUT.ETORO_1: STOPPED
2026-05-12T10:21:34.385453717Z [DEBUG] eToro-MultiBot.SmaCrossoverStrategy_RIOT.ETORO_2: STOPPING
2026-05-12T10:21:34.385472564Z [INFO] eToro-MultiBot.SmaCrossoverStrategy_RIOT.ETORO_2: Strategie auf RIOT.ETORO gestoppt.
2026-05-12T10:21:34.385559811Z [DEBUG] eToro-MultiBot.MessageBus: Removed Subscription(topic=data.quotes.ETORO.RIOT, handler=<bound method Actor.handle_quote_tick of SmaCrossoverStrategy(SmaCrossoverStrategy_RIOT.ETORO_2-002)>, priority=0)
2026-05-12T10:21:34.385636039Z [INFO] eToro-MultiBot.SmaCrossoverStrategy_RIOT.ETORO_2: [CMD]--> UnsubscribeQuoteTicks(instrument_id=RIOT.ETORO, client_id=None, venue=ETORO)
2026-05-12T10:21:34.385711859Z [DEBUG] eToro-MultiBot.MessageBus: Removed Subscription(topic=data.bars.RIOT.ETORO-1-MINUTE-MID-INTERNAL, handler=<bound method Actor.handle_bar of SmaCrossoverStrategy(SmaCrossoverStrategy_RIOT.ETORO_2-002)>, priority=0)
2026-05-12T10:21:34.385761858Z [INFO] eToro-MultiBot.SmaCrossoverStrategy_RIOT.ETORO_2: [CMD]--> UnsubscribeBars(bar_type=RIOT.ETORO-1-MINUTE-MID-INTERNAL, client_id=None, venue=ETORO)
2026-05-12T10:21:34.385779358Z [INFO] eToro-MultiBot.SmaCrossoverStrategy_RIOT.ETORO_2: Unsubscribed from RIOT.ETORO-1-MINUTE-MID-INTERNAL bar data
2026-05-12T10:21:34.385785488Z [INFO] eToro-MultiBot.SmaCrossoverStrategy_RIOT.ETORO_2: Canceling executor tasks
2026-05-12T10:21:34.385939866Z [INFO] eToro-MultiBot.SmaCrossoverStrategy_RIOT.ETORO_2: STOPPED
2026-05-12T10:21:34.385987231Z [DEBUG] eToro-MultiBot.SmaCrossoverStrategy_NVDA.ETORO_3: STOPPING
2026-05-12T10:21:34.386003115Z [INFO] eToro-MultiBot.SmaCrossoverStrategy_NVDA.ETORO_3: Strategie auf NVDA.ETORO gestoppt.
2026-05-12T10:21:34.386114938Z [DEBUG] eToro-MultiBot.MessageBus: Removed Subscription(topic=data.quotes.ETORO.NVDA, handler=<bound method Actor.handle_quote_tick of SmaCrossoverStrategy(SmaCrossoverStrategy_NVDA.ETORO_3-003)>, priority=0)
2026-05-12T10:21:34.386196241Z [INFO] eToro-MultiBot.SmaCrossoverStrategy_NVDA.ETORO_3: [CMD]--> UnsubscribeQuoteTicks(instrument_id=NVDA.ETORO, client_id=None, venue=ETORO)
2026-05-12T10:21:34.386267565Z [DEBUG] eToro-MultiBot.MessageBus: Removed Subscription(topic=data.bars.NVDA.ETORO-1-MINUTE-MID-INTERNAL, handler=<bound method Actor.handle_bar of SmaCrossoverStrategy(SmaCrossoverStrategy_NVDA.ETORO_3-003)>, priority=0)
2026-05-12T10:21:34.386314262Z [INFO] eToro-MultiBot.SmaCrossoverStrategy_NVDA.ETORO_3: [CMD]--> UnsubscribeBars(bar_type=NVDA.ETORO-1-MINUTE-MID-INTERNAL, client_id=None, venue=ETORO)
2026-05-12T10:21:34.386328261Z [INFO] eToro-MultiBot.SmaCrossoverStrategy_NVDA.ETORO_3: Unsubscribed from NVDA.ETORO-1-MINUTE-MID-INTERNAL bar data
2026-05-12T10:21:34.386333773Z [INFO] eToro-MultiBot.SmaCrossoverStrategy_NVDA.ETORO_3: Canceling executor tasks
2026-05-12T10:21:34.386446262Z [INFO] eToro-MultiBot.SmaCrossoverStrategy_NVDA.ETORO_3: STOPPED
2026-05-12T10:21:34.386478923Z [DEBUG] eToro-MultiBot.SmaCrossoverStrategy_FSLY.ETORO_4: STOPPING
2026-05-12T10:21:34.386490977Z [INFO] eToro-MultiBot.SmaCrossoverStrategy_FSLY.ETORO_4: Strategie auf FSLY.ETORO gestoppt.
2026-05-12T10:21:34.386546248Z [DEBUG] eToro-MultiBot.MessageBus: Removed Subscription(topic=data.quotes.ETORO.FSLY, handler=<bound method Actor.handle_quote_tick of SmaCrossoverStrategy(SmaCrossoverStrategy_FSLY.ETORO_4-004)>, priority=0)
2026-05-12T10:21:34.386595444Z [INFO] eToro-MultiBot.SmaCrossoverStrategy_FSLY.ETORO_4: [CMD]--> UnsubscribeQuoteTicks(instrument_id=FSLY.ETORO, client_id=None, venue=ETORO)
2026-05-12T10:21:34.386637363Z [DEBUG] eToro-MultiBot.MessageBus: Removed Subscription(topic=data.bars.FSLY.ETORO-1-MINUTE-MID-INTERNAL, handler=<bound method Actor.handle_bar of SmaCrossoverStrategy(SmaCrossoverStrategy_FSLY.ETORO_4-004)>, priority=0)
2026-05-12T10:21:34.386683413Z [INFO] eToro-MultiBot.SmaCrossoverStrategy_FSLY.ETORO_4: [CMD]--> UnsubscribeBars(bar_type=FSLY.ETORO-1-MINUTE-MID-INTERNAL, client_id=None, venue=ETORO)
2026-05-12T10:21:34.386706225Z [INFO] eToro-MultiBot.SmaCrossoverStrategy_FSLY.ETORO_4: Unsubscribed from FSLY.ETORO-1-MINUTE-MID-INTERNAL bar data
2026-05-12T10:21:34.386715092Z [INFO] eToro-MultiBot.SmaCrossoverStrategy_FSLY.ETORO_4: Canceling executor tasks
2026-05-12T10:21:34.386883806Z [INFO] eToro-MultiBot.SmaCrossoverStrategy_FSLY.ETORO_4: STOPPED
2026-05-12T10:21:34.386935955Z [DEBUG] eToro-MultiBot.SmaCrossoverStrategy_INSM.ETORO_5: STOPPING
2026-05-12T10:21:34.386965617Z [INFO] eToro-MultiBot.SmaCrossoverStrategy_INSM.ETORO_5: Strategie auf INSM.ETORO gestoppt.
2026-05-12T10:21:34.387056906Z [DEBUG] eToro-MultiBot.MessageBus: Removed Subscription(topic=data.quotes.ETORO.INSM, handler=<bound method Actor.handle_quote_tick of SmaCrossoverStrategy(SmaCrossoverStrategy_INSM.ETORO_5-005)>, priority=0)
2026-05-12T10:21:34.387167119Z [INFO] eToro-MultiBot.SmaCrossoverStrategy_INSM.ETORO_5: [CMD]--> UnsubscribeQuoteTicks(instrument_id=INSM.ETORO, client_id=None, venue=ETORO)
2026-05-12T10:21:34.387222430Z [DEBUG] eToro-MultiBot.MessageBus: Removed Subscription(topic=data.bars.INSM.ETORO-1-MINUTE-MID-INTERNAL, handler=<bound method Actor.handle_bar of SmaCrossoverStrategy(SmaCrossoverStrategy_INSM.ETORO_5-005)>, priority=0)
2026-05-12T10:21:34.387259581Z [INFO] eToro-MultiBot.SmaCrossoverStrategy_INSM.ETORO_5: [CMD]--> UnsubscribeBars(bar_type=INSM.ETORO-1-MINUTE-MID-INTERNAL, client_id=None, venue=ETORO)
2026-05-12T10:21:34.387277205Z [INFO] eToro-MultiBot.SmaCrossoverStrategy_INSM.ETORO_5: Unsubscribed from INSM.ETORO-1-MINUTE-MID-INTERNAL bar data
2026-05-12T10:21:34.387283336Z [INFO] eToro-MultiBot.SmaCrossoverStrategy_INSM.ETORO_5: Canceling executor tasks
2026-05-12T10:21:34.387422659Z [INFO] eToro-MultiBot.SmaCrossoverStrategy_INSM.ETORO_5: STOPPED
2026-05-12T10:21:34.387479593Z [DEBUG] eToro-MultiBot.SmaCrossoverStrategy_BTC.ETORO_6: STOPPING
2026-05-12T10:21:34.387497391Z [INFO] eToro-MultiBot.SmaCrossoverStrategy_BTC.ETORO_6: Strategie auf BTC.ETORO gestoppt.
2026-05-12T10:21:34.387585834Z [DEBUG] eToro-MultiBot.MessageBus: Removed Subscription(topic=data.quotes.ETORO.BTC, handler=<bound method Actor.handle_quote_tick of SmaCrossoverStrategy(SmaCrossoverStrategy_BTC.ETORO_6-006)>, priority=0)
2026-05-12T10:21:34.387660090Z [INFO] eToro-MultiBot.SmaCrossoverStrategy_BTC.ETORO_6: [CMD]--> UnsubscribeQuoteTicks(instrument_id=BTC.ETORO, client_id=None, venue=ETORO)
2026-05-12T10:21:34.387732169Z [DEBUG] eToro-MultiBot.MessageBus: Removed Subscription(topic=data.bars.BTC.ETORO-1-MINUTE-MID-INTERNAL, handler=<bound method Actor.handle_bar of SmaCrossoverStrategy(SmaCrossoverStrategy_BTC.ETORO_6-006)>, priority=0)
2026-05-12T10:21:34.387783794Z [INFO] eToro-MultiBot.SmaCrossoverStrategy_BTC.ETORO_6: [CMD]--> UnsubscribeBars(bar_type=BTC.ETORO-1-MINUTE-MID-INTERNAL, client_id=None, venue=ETORO)
2026-05-12T10:21:34.387809089Z [INFO] eToro-MultiBot.SmaCrossoverStrategy_BTC.ETORO_6: Unsubscribed from BTC.ETORO-1-MINUTE-MID-INTERNAL bar data
2026-05-12T10:21:34.387823656Z [INFO] eToro-MultiBot.SmaCrossoverStrategy_BTC.ETORO_6: Canceling executor tasks
2026-05-12T10:21:34.387973062Z [INFO] eToro-MultiBot.SmaCrossoverStrategy_BTC.ETORO_6: STOPPED
2026-05-12T10:21:34.388028179Z [DEBUG] eToro-MultiBot.SmaCrossoverStrategy_ETH.ETORO_7: STOPPING
2026-05-12T10:21:34.388057927Z [INFO] eToro-MultiBot.SmaCrossoverStrategy_ETH.ETORO_7: Strategie auf ETH.ETORO gestoppt.
2026-05-12T10:21:34.388177304Z [DEBUG] eToro-MultiBot.MessageBus: Removed Subscription(topic=data.quotes.ETORO.ETH, handler=<bound method Actor.handle_quote_tick of SmaCrossoverStrategy(SmaCrossoverStrategy_ETH.ETORO_7-007)>, priority=0)
2026-05-12T10:21:34.388258006Z [INFO] eToro-MultiBot.SmaCrossoverStrategy_ETH.ETORO_7: [CMD]--> UnsubscribeQuoteTicks(instrument_id=ETH.ETORO, client_id=None, venue=ETORO)
2026-05-12T10:21:34.388330338Z [DEBUG] eToro-MultiBot.MessageBus: Removed Subscription(topic=data.bars.ETH.ETORO-1-MINUTE-MID-INTERNAL, handler=<bound method Actor.handle_bar of SmaCrossoverStrategy(SmaCrossoverStrategy_ETH.ETORO_7-007)>, priority=0)
2026-05-12T10:21:34.388388612Z [INFO] eToro-MultiBot.SmaCrossoverStrategy_ETH.ETORO_7: [CMD]--> UnsubscribeBars(bar_type=ETH.ETORO-1-MINUTE-MID-INTERNAL, client_id=None, venue=ETORO)
2026-05-12T10:21:34.388420064Z [INFO] eToro-MultiBot.SmaCrossoverStrategy_ETH.ETORO_7: Unsubscribed from ETH.ETORO-1-MINUTE-MID-INTERNAL bar data
2026-05-12T10:21:34.388434113Z [INFO] eToro-MultiBot.SmaCrossoverStrategy_ETH.ETORO_7: Canceling executor tasks
2026-05-12T10:21:34.388584976Z [INFO] eToro-MultiBot.SmaCrossoverStrategy_ETH.ETORO_7: STOPPED
2026-05-12T10:21:34.388642665Z [DEBUG] eToro-MultiBot.SmaCrossoverStrategy_ADA.ETORO_8: STOPPING
2026-05-12T10:21:34.388666804Z [INFO] eToro-MultiBot.SmaCrossoverStrategy_ADA.ETORO_8: Strategie auf ADA.ETORO gestoppt.
2026-05-12T10:21:34.388757743Z [DEBUG] eToro-MultiBot.MessageBus: Removed Subscription(topic=data.quotes.ETORO.ADA, handler=<bound method Actor.handle_quote_tick of SmaCrossoverStrategy(SmaCrossoverStrategy_ADA.ETORO_8-008)>, priority=0)
2026-05-12T10:21:34.388830944Z [INFO] eToro-MultiBot.SmaCrossoverStrategy_ADA.ETORO_8: [CMD]--> UnsubscribeQuoteTicks(instrument_id=ADA.ETORO, client_id=None, venue=ETORO)
2026-05-12T10:21:34.388900070Z [DEBUG] eToro-MultiBot.MessageBus: Removed Subscription(topic=data.bars.ADA.ETORO-1-MINUTE-MID-INTERNAL, handler=<bound method Actor.handle_bar of SmaCrossoverStrategy(SmaCrossoverStrategy_ADA.ETORO_8-008)>, priority=0)
2026-05-12T10:21:34.388955152Z [INFO] eToro-MultiBot.SmaCrossoverStrategy_ADA.ETORO_8: [CMD]--> UnsubscribeBars(bar_type=ADA.ETORO-1-MINUTE-MID-INTERNAL, client_id=None, venue=ETORO)
2026-05-12T10:21:34.388985823Z [INFO] eToro-MultiBot.SmaCrossoverStrategy_ADA.ETORO_8: Unsubscribed from ADA.ETORO-1-MINUTE-MID-INTERNAL bar data
2026-05-12T10:21:34.388999043Z [INFO] eToro-MultiBot.SmaCrossoverStrategy_ADA.ETORO_8: Canceling executor tasks
2026-05-12T10:21:34.389169738Z [INFO] eToro-MultiBot.SmaCrossoverStrategy_ADA.ETORO_8: STOPPED
2026-05-12T10:21:34.389225750Z [DEBUG] eToro-MultiBot.SmaCrossoverStrategy_XRP.ETORO_9: STOPPING
2026-05-12T10:21:34.389248883Z [INFO] eToro-MultiBot.SmaCrossoverStrategy_XRP.ETORO_9: Strategie auf XRP.ETORO gestoppt.
2026-05-12T10:21:34.389343143Z [DEBUG] eToro-MultiBot.MessageBus: Removed Subscription(topic=data.quotes.ETORO.XRP, handler=<bound method Actor.handle_quote_tick of SmaCrossoverStrategy(SmaCrossoverStrategy_XRP.ETORO_9-009)>, priority=0)
2026-05-12T10:21:34.389419167Z [INFO] eToro-MultiBot.SmaCrossoverStrategy_XRP.ETORO_9: [CMD]--> UnsubscribeQuoteTicks(instrument_id=XRP.ETORO, client_id=None, venue=ETORO)
2026-05-12T10:21:34.389490922Z [DEBUG] eToro-MultiBot.MessageBus: Removed Subscription(topic=data.bars.XRP.ETORO-1-MINUTE-MID-INTERNAL, handler=<bound method Actor.handle_bar of SmaCrossoverStrategy(SmaCrossoverStrategy_XRP.ETORO_9-009)>, priority=0)
2026-05-12T10:21:34.389543326Z [INFO] eToro-MultiBot.SmaCrossoverStrategy_XRP.ETORO_9: [CMD]--> UnsubscribeBars(bar_type=XRP.ETORO-1-MINUTE-MID-INTERNAL, client_id=None, venue=ETORO)
2026-05-12T10:21:34.389570719Z [INFO] eToro-MultiBot.SmaCrossoverStrategy_XRP.ETORO_9: Unsubscribed from XRP.ETORO-1-MINUTE-MID-INTERNAL bar data
2026-05-12T10:21:34.389580942Z [INFO] eToro-MultiBot.SmaCrossoverStrategy_XRP.ETORO_9: Canceling executor tasks
2026-05-12T10:21:34.389733943Z [INFO] eToro-MultiBot.SmaCrossoverStrategy_XRP.ETORO_9: STOPPED
2026-05-12T10:21:34.389789086Z [DEBUG] eToro-MultiBot.SmaCrossoverStrategy_AERO.ETORO_10: STOPPING
2026-05-12T10:21:34.389812884Z [INFO] eToro-MultiBot.SmaCrossoverStrategy_AERO.ETORO_10: Strategie auf AERO.ETORO gestoppt.
2026-05-12T10:21:34.389903926Z [DEBUG] eToro-MultiBot.MessageBus: Removed Subscription(topic=data.quotes.ETORO.AERO, handler=<bound method Actor.handle_quote_tick of SmaCrossoverStrategy(SmaCrossoverStrategy_AERO.ETORO_10-010)>, priority=0)
2026-05-12T10:21:34.389976550Z [INFO] eToro-MultiBot.SmaCrossoverStrategy_AERO.ETORO_10: [CMD]--> UnsubscribeQuoteTicks(instrument_id=AERO.ETORO, client_id=None, venue=ETORO)
2026-05-12T10:21:34.390054399Z [DEBUG] eToro-MultiBot.MessageBus: Removed Subscription(topic=data.bars.AERO.ETORO-1-MINUTE-MID-INTERNAL, handler=<bound method Actor.handle_bar of SmaCrossoverStrategy(SmaCrossoverStrategy_AERO.ETORO_10-010)>, priority=0)
2026-05-12T10:21:34.390139176Z [INFO] eToro-MultiBot.SmaCrossoverStrategy_AERO.ETORO_10: [CMD]--> UnsubscribeBars(bar_type=AERO.ETORO-1-MINUTE-MID-INTERNAL, client_id=None, venue=ETORO)
2026-05-12T10:21:34.390170111Z [INFO] eToro-MultiBot.SmaCrossoverStrategy_AERO.ETORO_10: Unsubscribed from AERO.ETORO-1-MINUTE-MID-INTERNAL bar data
2026-05-12T10:21:34.390188095Z [INFO] eToro-MultiBot.SmaCrossoverStrategy_AERO.ETORO_10: Canceling executor tasks
2026-05-12T10:21:34.390357658Z [INFO] eToro-MultiBot.SmaCrossoverStrategy_AERO.ETORO_10: STOPPED
2026-05-12T10:21:34.390412981Z [DEBUG] eToro-MultiBot.SmaCrossoverStrategy_HYPE.ETORO_11: STOPPING
2026-05-12T10:21:34.390437324Z [INFO] eToro-MultiBot.SmaCrossoverStrategy_HYPE.ETORO_11: Strategie auf HYPE.ETORO gestoppt.
2026-05-12T10:21:34.390528934Z [DEBUG] eToro-MultiBot.MessageBus: Removed Subscription(topic=data.quotes.ETORO.HYPE, handler=<bound method Actor.handle_quote_tick of SmaCrossoverStrategy(SmaCrossoverStrategy_HYPE.ETORO_11-011)>, priority=0)
2026-05-12T10:21:34.390599623Z [INFO] eToro-MultiBot.SmaCrossoverStrategy_HYPE.ETORO_11: [CMD]--> UnsubscribeQuoteTicks(instrument_id=HYPE.ETORO, client_id=None, venue=ETORO)
2026-05-12T10:21:34.390668073Z [DEBUG] eToro-MultiBot.MessageBus: Removed Subscription(topic=data.bars.HYPE.ETORO-1-MINUTE-MID-INTERNAL, handler=<bound method Actor.handle_bar of SmaCrossoverStrategy(SmaCrossoverStrategy_HYPE.ETORO_11-011)>, priority=0)
2026-05-12T10:21:34.390723076Z [INFO] eToro-MultiBot.SmaCrossoverStrategy_HYPE.ETORO_11: [CMD]--> UnsubscribeBars(bar_type=HYPE.ETORO-1-MINUTE-MID-INTERNAL, client_id=None, venue=ETORO)
2026-05-12T10:21:34.390748191Z [INFO] eToro-MultiBot.SmaCrossoverStrategy_HYPE.ETORO_11: Unsubscribed from HYPE.ETORO-1-MINUTE-MID-INTERNAL bar data
2026-05-12T10:21:34.390758190Z [INFO] eToro-MultiBot.SmaCrossoverStrategy_HYPE.ETORO_11: Canceling executor tasks
2026-05-12T10:21:34.390899708Z [INFO] eToro-MultiBot.SmaCrossoverStrategy_HYPE.ETORO_11: STOPPED
2026-05-12T10:21:34.390958179Z [DEBUG] eToro-MultiBot.SmaCrossoverStrategy_ONDO.ETORO_12: STOPPING
2026-05-12T10:21:34.390976331Z [INFO] eToro-MultiBot.SmaCrossoverStrategy_ONDO.ETORO_12: Strategie auf ONDO.ETORO gestoppt.
2026-05-12T10:21:34.391063227Z [DEBUG] eToro-MultiBot.MessageBus: Removed Subscription(topic=data.quotes.ETORO.ONDO, handler=<bound method Actor.handle_quote_tick of SmaCrossoverStrategy(SmaCrossoverStrategy_ONDO.ETORO_12-012)>, priority=0)
2026-05-12T10:21:34.391158095Z [INFO] eToro-MultiBot.SmaCrossoverStrategy_ONDO.ETORO_12: [CMD]--> UnsubscribeQuoteTicks(instrument_id=ONDO.ETORO, client_id=None, venue=ETORO)
2026-05-12T10:21:34.391227604Z [DEBUG] eToro-MultiBot.MessageBus: Removed Subscription(topic=data.bars.ONDO.ETORO-1-MINUTE-MID-INTERNAL, handler=<bound method Actor.handle_bar of SmaCrossoverStrategy(SmaCrossoverStrategy_ONDO.ETORO_12-012)>, priority=0)
2026-05-12T10:21:34.391279015Z [INFO] eToro-MultiBot.SmaCrossoverStrategy_ONDO.ETORO_12: [CMD]--> UnsubscribeBars(bar_type=ONDO.ETORO-1-MINUTE-MID-INTERNAL, client_id=None, venue=ETORO)
2026-05-12T10:21:34.391297484Z [INFO] eToro-MultiBot.SmaCrossoverStrategy_ONDO.ETORO_12: Unsubscribed from ONDO.ETORO-1-MINUTE-MID-INTERNAL bar data
2026-05-12T10:21:34.391306091Z [INFO] eToro-MultiBot.SmaCrossoverStrategy_ONDO.ETORO_12: Canceling executor tasks
2026-05-12T10:21:34.391481447Z [INFO] eToro-MultiBot.SmaCrossoverStrategy_ONDO.ETORO_12: STOPPED
2026-05-12T10:21:34.391527763Z [DEBUG] eToro-MultiBot.SmaCrossoverStrategy_01211.HK.ETORO_13: STOPPING
2026-05-12T10:21:34.391542093Z [INFO] eToro-MultiBot.SmaCrossoverStrategy_01211.HK.ETORO_13: Strategie auf 01211.HK.ETORO gestoppt.
2026-05-12T10:21:34.391624001Z [DEBUG] eToro-MultiBot.MessageBus: Removed Subscription(topic=data.quotes.ETORO.01211.HK, handler=<bound method Actor.handle_quote_tick of SmaCrossoverStrategy(SmaCrossoverStrategy_01211.HK.ETORO_13-013)>, priority=0)
2026-05-12T10:21:34.391696677Z [INFO] eToro-MultiBot.SmaCrossoverStrategy_01211.HK.ETORO_13: [CMD]--> UnsubscribeQuoteTicks(instrument_id=01211.HK.ETORO, client_id=None, venue=ETORO)
2026-05-12T10:21:34.391748917Z [DEBUG] eToro-MultiBot.MessageBus: Removed Subscription(topic=data.bars.01211.HK.ETORO-1-MINUTE-MID-INTERNAL, handler=<bound method Actor.handle_bar of SmaCrossoverStrategy(SmaCrossoverStrategy_01211.HK.ETORO_13-013)>, priority=0)
2026-05-12T10:21:34.391786022Z [INFO] eToro-MultiBot.SmaCrossoverStrategy_01211.HK.ETORO_13: [CMD]--> UnsubscribeBars(bar_type=01211.HK.ETORO-1-MINUTE-MID-INTERNAL, client_id=None, venue=ETORO)
2026-05-12T10:21:34.391800402Z [INFO] eToro-MultiBot.SmaCrossoverStrategy_01211.HK.ETORO_13: Unsubscribed from 01211.HK.ETORO-1-MINUTE-MID-INTERNAL bar data
2026-05-12T10:21:34.391806526Z [INFO] eToro-MultiBot.SmaCrossoverStrategy_01211.HK.ETORO_13: Canceling executor tasks
2026-05-12T10:21:34.391906833Z [INFO] eToro-MultiBot.SmaCrossoverStrategy_01211.HK.ETORO_13: STOPPED
2026-05-12T10:21:34.391951051Z [DEBUG] eToro-MultiBot.SmaCrossoverStrategy_XPEV.ETORO_14: STOPPING
2026-05-12T10:21:34.391969918Z [INFO] eToro-MultiBot.SmaCrossoverStrategy_XPEV.ETORO_14: Strategie auf XPEV.ETORO gestoppt.
2026-05-12T10:21:34.392058237Z [DEBUG] eToro-MultiBot.MessageBus: Removed Subscription(topic=data.quotes.ETORO.XPEV, handler=<bound method Actor.handle_quote_tick of SmaCrossoverStrategy(SmaCrossoverStrategy_XPEV.ETORO_14-014)>, priority=0)
2026-05-12T10:21:34.392128388Z [INFO] eToro-MultiBot.SmaCrossoverStrategy_XPEV.ETORO_14: [CMD]--> UnsubscribeQuoteTicks(instrument_id=XPEV.ETORO, client_id=None, venue=ETORO)
2026-05-12T10:21:34.392177096Z [DEBUG] eToro-MultiBot.MessageBus: Removed Subscription(topic=data.bars.XPEV.ETORO-1-MINUTE-MID-INTERNAL, handler=<bound method Actor.handle_bar of SmaCrossoverStrategy(SmaCrossoverStrategy_XPEV.ETORO_14-014)>, priority=0)
2026-05-12T10:21:34.392218495Z [INFO] eToro-MultiBot.SmaCrossoverStrategy_XPEV.ETORO_14: [CMD]--> UnsubscribeBars(bar_type=XPEV.ETORO-1-MINUTE-MID-INTERNAL, client_id=None, venue=ETORO)
2026-05-12T10:21:34.392234368Z [INFO] eToro-MultiBot.SmaCrossoverStrategy_XPEV.ETORO_14: Unsubscribed from XPEV.ETORO-1-MINUTE-MID-INTERNAL bar data
2026-05-12T10:21:34.392240058Z [INFO] eToro-MultiBot.SmaCrossoverStrategy_XPEV.ETORO_14: Canceling executor tasks
2026-05-12T10:21:34.392352115Z [INFO] eToro-MultiBot.SmaCrossoverStrategy_XPEV.ETORO_14: STOPPED
2026-05-12T10:21:34.392384051Z [DEBUG] eToro-MultiBot.SmaCrossoverStrategy_PLTR.ETORO_15: STOPPING
2026-05-12T10:21:34.392400750Z [INFO] eToro-MultiBot.SmaCrossoverStrategy_PLTR.ETORO_15: Strategie auf PLTR.ETORO gestoppt.
2026-05-12T10:21:34.392472431Z [DEBUG] eToro-MultiBot.MessageBus: Removed Subscription(topic=data.quotes.ETORO.PLTR, handler=<bound method Actor.handle_quote_tick of SmaCrossoverStrategy(SmaCrossoverStrategy_PLTR.ETORO_15-015)>, priority=0)
2026-05-12T10:21:34.392522446Z [INFO] eToro-MultiBot.SmaCrossoverStrategy_PLTR.ETORO_15: [CMD]--> UnsubscribeQuoteTicks(instrument_id=PLTR.ETORO, client_id=None, venue=ETORO)
2026-05-12T10:21:34.392569033Z [DEBUG] eToro-MultiBot.MessageBus: Removed Subscription(topic=data.bars.PLTR.ETORO-1-MINUTE-MID-INTERNAL, handler=<bound method Actor.handle_bar of SmaCrossoverStrategy(SmaCrossoverStrategy_PLTR.ETORO_15-015)>, priority=0)
2026-05-12T10:21:34.392606562Z [INFO] eToro-MultiBot.SmaCrossoverStrategy_PLTR.ETORO_15: [CMD]--> UnsubscribeBars(bar_type=PLTR.ETORO-1-MINUTE-MID-INTERNAL, client_id=None, venue=ETORO)
2026-05-12T10:21:34.392621379Z [INFO] eToro-MultiBot.SmaCrossoverStrategy_PLTR.ETORO_15: Unsubscribed from PLTR.ETORO-1-MINUTE-MID-INTERNAL bar data
2026-05-12T10:21:34.392626397Z [INFO] eToro-MultiBot.SmaCrossoverStrategy_PLTR.ETORO_15: Canceling executor tasks
2026-05-12T10:21:34.392770201Z [INFO] eToro-MultiBot.SmaCrossoverStrategy_PLTR.ETORO_15: STOPPED
2026-05-12T10:21:34.392804613Z [DEBUG] eToro-MultiBot.SmaCrossoverStrategy_RHM.DE.ETORO_16: STOPPING
2026-05-12T10:21:34.392819240Z [INFO] eToro-MultiBot.SmaCrossoverStrategy_RHM.DE.ETORO_16: Strategie auf RHM.DE.ETORO gestoppt.
2026-05-12T10:21:34.392896344Z [DEBUG] eToro-MultiBot.MessageBus: Removed Subscription(topic=data.quotes.ETORO.RHM.DE, handler=<bound method Actor.handle_quote_tick of SmaCrossoverStrategy(SmaCrossoverStrategy_RHM.DE.ETORO_16-016)>, priority=0)
2026-05-12T10:21:34.392952369Z [INFO] eToro-MultiBot.SmaCrossoverStrategy_RHM.DE.ETORO_16: [CMD]--> UnsubscribeQuoteTicks(instrument_id=RHM.DE.ETORO, client_id=None, venue=ETORO)
2026-05-12T10:21:34.393023706Z [DEBUG] eToro-MultiBot.MessageBus: Removed Subscription(topic=data.bars.RHM.DE.ETORO-1-MINUTE-MID-INTERNAL, handler=<bound method Actor.handle_bar of SmaCrossoverStrategy(SmaCrossoverStrategy_RHM.DE.ETORO_16-016)>, priority=0)
2026-05-12T10:21:34.393066284Z [INFO] eToro-MultiBot.SmaCrossoverStrategy_RHM.DE.ETORO_16: [CMD]--> UnsubscribeBars(bar_type=RHM.DE.ETORO-1-MINUTE-MID-INTERNAL, client_id=None, venue=ETORO)
2026-05-12T10:21:34.393109874Z [INFO] eToro-MultiBot.SmaCrossoverStrategy_RHM.DE.ETORO_16: Unsubscribed from RHM.DE.ETORO-1-MINUTE-MID-INTERNAL bar data
2026-05-12T10:21:34.393118911Z [INFO] eToro-MultiBot.SmaCrossoverStrategy_RHM.DE.ETORO_16: Canceling executor tasks
2026-05-12T10:21:34.393232525Z [INFO] eToro-MultiBot.SmaCrossoverStrategy_RHM.DE.ETORO_16: STOPPED
2026-05-12T10:21:34.393262160Z [DEBUG] eToro-MultiBot.SmaCrossoverStrategy_NVS.ETORO_17: STOPPING
2026-05-12T10:21:34.393273559Z [INFO] eToro-MultiBot.SmaCrossoverStrategy_NVS.ETORO_17: Strategie auf NVS.ETORO gestoppt.
2026-05-12T10:21:34.393327573Z [DEBUG] eToro-MultiBot.MessageBus: Removed Subscription(topic=data.quotes.ETORO.NVS, handler=<bound method Actor.handle_quote_tick of SmaCrossoverStrategy(SmaCrossoverStrategy_NVS.ETORO_17-017)>, priority=0)
2026-05-12T10:21:34.393373325Z [INFO] eToro-MultiBot.SmaCrossoverStrategy_NVS.ETORO_17: [CMD]--> UnsubscribeQuoteTicks(instrument_id=NVS.ETORO, client_id=None, venue=ETORO)
2026-05-12T10:21:34.393413146Z [DEBUG] eToro-MultiBot.MessageBus: Removed Subscription(topic=data.bars.NVS.ETORO-1-MINUTE-MID-INTERNAL, handler=<bound method Actor.handle_bar of SmaCrossoverStrategy(SmaCrossoverStrategy_NVS.ETORO_17-017)>, priority=0)
2026-05-12T10:21:34.393449991Z [INFO] eToro-MultiBot.SmaCrossoverStrategy_NVS.ETORO_17: [CMD]--> UnsubscribeBars(bar_type=NVS.ETORO-1-MINUTE-MID-INTERNAL, client_id=None, venue=ETORO)
2026-05-12T10:21:34.393466830Z [INFO] eToro-MultiBot.SmaCrossoverStrategy_NVS.ETORO_17: Unsubscribed from NVS.ETORO-1-MINUTE-MID-INTERNAL bar data
2026-05-12T10:21:34.393472102Z [INFO] eToro-MultiBot.SmaCrossoverStrategy_NVS.ETORO_17: Canceling executor tasks
2026-05-12T10:21:34.393561684Z [INFO] eToro-MultiBot.SmaCrossoverStrategy_NVS.ETORO_17: STOPPED
2026-05-12T10:21:34.393590847Z [DEBUG] eToro-MultiBot.SmaCrossoverStrategy_ROP.ZU.ETORO_18: STOPPING
2026-05-12T10:21:34.393601078Z [INFO] eToro-MultiBot.SmaCrossoverStrategy_ROP.ZU.ETORO_18: Strategie auf ROP.ZU.ETORO gestoppt.
2026-05-12T10:21:34.393651193Z [DEBUG] eToro-MultiBot.MessageBus: Removed Subscription(topic=data.quotes.ETORO.ROP.ZU, handler=<bound method Actor.handle_quote_tick of SmaCrossoverStrategy(SmaCrossoverStrategy_ROP.ZU.ETORO_18-018)>, priority=0)
2026-05-12T10:21:34.393690065Z [INFO] eToro-MultiBot.SmaCrossoverStrategy_ROP.ZU.ETORO_18: [CMD]--> UnsubscribeQuoteTicks(instrument_id=ROP.ZU.ETORO, client_id=None, venue=ETORO)
2026-05-12T10:21:34.393725737Z [DEBUG] eToro-MultiBot.MessageBus: Removed Subscription(topic=data.bars.ROP.ZU.ETORO-1-MINUTE-MID-INTERNAL, handler=<bound method Actor.handle_bar of SmaCrossoverStrategy(SmaCrossoverStrategy_ROP.ZU.ETORO_18-018)>, priority=0)
2026-05-12T10:21:34.393765969Z [INFO] eToro-MultiBot.SmaCrossoverStrategy_ROP.ZU.ETORO_18: [CMD]--> UnsubscribeBars(bar_type=ROP.ZU.ETORO-1-MINUTE-MID-INTERNAL, client_id=None, venue=ETORO)
2026-05-12T10:21:34.393783249Z [INFO] eToro-MultiBot.SmaCrossoverStrategy_ROP.ZU.ETORO_18: Unsubscribed from ROP.ZU.ETORO-1-MINUTE-MID-INTERNAL bar data
2026-05-12T10:21:34.393788488Z [INFO] eToro-MultiBot.SmaCrossoverStrategy_ROP.ZU.ETORO_18: Canceling executor tasks
2026-05-12T10:21:34.393887715Z [INFO] eToro-MultiBot.SmaCrossoverStrategy_ROP.ZU.ETORO_18: STOPPED
2026-05-12T10:21:34.393929247Z [DEBUG] eToro-MultiBot.SmaCrossoverStrategy_DOGE.ETORO_19: STOPPING
2026-05-12T10:21:34.393945271Z [INFO] eToro-MultiBot.SmaCrossoverStrategy_DOGE.ETORO_19: Strategie auf DOGE.ETORO gestoppt.
2026-05-12T10:21:34.394004042Z [DEBUG] eToro-MultiBot.MessageBus: Removed Subscription(topic=data.quotes.ETORO.DOGE, handler=<bound method Actor.handle_quote_tick of SmaCrossoverStrategy(SmaCrossoverStrategy_DOGE.ETORO_19-019)>, priority=0)
2026-05-12T10:21:34.394060529Z [INFO] eToro-MultiBot.SmaCrossoverStrategy_DOGE.ETORO_19: [CMD]--> UnsubscribeQuoteTicks(instrument_id=DOGE.ETORO, client_id=None, venue=ETORO)
2026-05-12T10:21:34.394134435Z [DEBUG] eToro-MultiBot.MessageBus: Removed Subscription(topic=data.bars.DOGE.ETORO-1-MINUTE-MID-INTERNAL, handler=<bound method Actor.handle_bar of SmaCrossoverStrategy(SmaCrossoverStrategy_DOGE.ETORO_19-019)>, priority=0)
2026-05-12T10:21:34.394171457Z [INFO] eToro-MultiBot.SmaCrossoverStrategy_DOGE.ETORO_19: [CMD]--> UnsubscribeBars(bar_type=DOGE.ETORO-1-MINUTE-MID-INTERNAL, client_id=None, venue=ETORO)
2026-05-12T10:21:34.394183571Z [INFO] eToro-MultiBot.SmaCrossoverStrategy_DOGE.ETORO_19: Unsubscribed from DOGE.ETORO-1-MINUTE-MID-INTERNAL bar data
2026-05-12T10:21:34.394188806Z [INFO] eToro-MultiBot.SmaCrossoverStrategy_DOGE.ETORO_19: Canceling executor tasks
2026-05-12T10:21:34.394304993Z [INFO] eToro-MultiBot.SmaCrossoverStrategy_DOGE.ETORO_19: STOPPED
2026-05-12T10:21:34.394339402Z [DEBUG] eToro-MultiBot.SmaCrossoverStrategy_SHIBxM.ETORO_20: STOPPING
2026-05-12T10:21:34.394354958Z [INFO] eToro-MultiBot.SmaCrossoverStrategy_SHIBxM.ETORO_20: Strategie auf SHIBxM.ETORO gestoppt.
2026-05-12T10:21:34.394425406Z [DEBUG] eToro-MultiBot.MessageBus: Removed Subscription(topic=data.quotes.ETORO.SHIBxM, handler=<bound method Actor.handle_quote_tick of SmaCrossoverStrategy(SmaCrossoverStrategy_SHIBxM.ETORO_20-020)>, priority=0)
2026-05-12T10:21:34.394473727Z [INFO] eToro-MultiBot.SmaCrossoverStrategy_SHIBxM.ETORO_20: [CMD]--> UnsubscribeQuoteTicks(instrument_id=SHIBxM.ETORO, client_id=None, venue=ETORO)
2026-05-12T10:21:34.394534252Z [DEBUG] eToro-MultiBot.MessageBus: Removed Subscription(topic=data.bars.SHIBxM.ETORO-1-MINUTE-MID-INTERNAL, handler=<bound method Actor.handle_bar of SmaCrossoverStrategy(SmaCrossoverStrategy_SHIBxM.ETORO_20-020)>, priority=0)
2026-05-12T10:21:34.394575357Z [INFO] eToro-MultiBot.SmaCrossoverStrategy_SHIBxM.ETORO_20: [CMD]--> UnsubscribeBars(bar_type=SHIBxM.ETORO-1-MINUTE-MID-INTERNAL, client_id=None, venue=ETORO)
2026-05-12T10:21:34.394590815Z [INFO] eToro-MultiBot.SmaCrossoverStrategy_SHIBxM.ETORO_20: Unsubscribed from SHIBxM.ETORO-1-MINUTE-MID-INTERNAL bar data
2026-05-12T10:21:34.394596462Z [INFO] eToro-MultiBot.SmaCrossoverStrategy_SHIBxM.ETORO_20: Canceling executor tasks
2026-05-12T10:21:34.394704680Z [INFO] eToro-MultiBot.SmaCrossoverStrategy_SHIBxM.ETORO_20: STOPPED
2026-05-12T10:21:34.394735494Z [DEBUG] eToro-MultiBot.SmaCrossoverStrategy_PEPExM.ETORO_21: STOPPING
2026-05-12T10:21:34.394748855Z [INFO] eToro-MultiBot.SmaCrossoverStrategy_PEPExM.ETORO_21: Strategie auf PEPExM.ETORO gestoppt.
2026-05-12T10:21:34.394807864Z [DEBUG] eToro-MultiBot.MessageBus: Removed Subscription(topic=data.quotes.ETORO.PEPExM, handler=<bound method Actor.handle_quote_tick of SmaCrossoverStrategy(SmaCrossoverStrategy_PEPExM.ETORO_21-021)>, priority=0)
2026-05-12T10:21:34.394866408Z [INFO] eToro-MultiBot.SmaCrossoverStrategy_PEPExM.ETORO_21: [CMD]--> UnsubscribeQuoteTicks(instrument_id=PEPExM.ETORO, client_id=None, venue=ETORO)
2026-05-12T10:21:34.394931170Z [DEBUG] eToro-MultiBot.MessageBus: Removed Subscription(topic=data.bars.PEPExM.ETORO-1-MINUTE-MID-INTERNAL, handler=<bound method Actor.handle_bar of SmaCrossoverStrategy(SmaCrossoverStrategy_PEPExM.ETORO_21-021)>, priority=0)
2026-05-12T10:21:34.394976731Z [INFO] eToro-MultiBot.SmaCrossoverStrategy_PEPExM.ETORO_21: [CMD]--> UnsubscribeBars(bar_type=PEPExM.ETORO-1-MINUTE-MID-INTERNAL, client_id=None, venue=ETORO)
2026-05-12T10:21:34.394998936Z [INFO] eToro-MultiBot.SmaCrossoverStrategy_PEPExM.ETORO_21: Unsubscribed from PEPExM.ETORO-1-MINUTE-MID-INTERNAL bar data
2026-05-12T10:21:34.395006560Z [INFO] eToro-MultiBot.SmaCrossoverStrategy_PEPExM.ETORO_21: Canceling executor tasks
2026-05-12T10:21:34.395151232Z [INFO] eToro-MultiBot.SmaCrossoverStrategy_PEPExM.ETORO_21: STOPPED
2026-05-12T10:21:34.395199700Z [DEBUG] eToro-MultiBot.SmaCrossoverStrategy_SOL.ETORO_22: STOPPING
2026-05-12T10:21:34.395214981Z [INFO] eToro-MultiBot.SmaCrossoverStrategy_SOL.ETORO_22: Strategie auf SOL.ETORO gestoppt.
2026-05-12T10:21:34.395293027Z [DEBUG] eToro-MultiBot.MessageBus: Removed Subscription(topic=data.quotes.ETORO.SOL, handler=<bound method Actor.handle_quote_tick of SmaCrossoverStrategy(SmaCrossoverStrategy_SOL.ETORO_22-022)>, priority=0)
2026-05-12T10:21:34.395353990Z [INFO] eToro-MultiBot.SmaCrossoverStrategy_SOL.ETORO_22: [CMD]--> UnsubscribeQuoteTicks(instrument_id=SOL.ETORO, client_id=None, venue=ETORO)
2026-05-12T10:21:34.395415324Z [DEBUG] eToro-MultiBot.MessageBus: Removed Subscription(topic=data.bars.SOL.ETORO-1-MINUTE-MID-INTERNAL, handler=<bound method Actor.handle_bar of SmaCrossoverStrategy(SmaCrossoverStrategy_SOL.ETORO_22-022)>, priority=0)
2026-05-12T10:21:34.395462603Z [INFO] eToro-MultiBot.SmaCrossoverStrategy_SOL.ETORO_22: [CMD]--> UnsubscribeBars(bar_type=SOL.ETORO-1-MINUTE-MID-INTERNAL, client_id=None, venue=ETORO)
2026-05-12T10:21:34.395483909Z [INFO] eToro-MultiBot.SmaCrossoverStrategy_SOL.ETORO_22: Unsubscribed from SOL.ETORO-1-MINUTE-MID-INTERNAL bar data
2026-05-12T10:21:34.395492047Z [INFO] eToro-MultiBot.SmaCrossoverStrategy_SOL.ETORO_22: Canceling executor tasks
2026-05-12T10:21:34.395599347Z [INFO] eToro-MultiBot.SmaCrossoverStrategy_SOL.ETORO_22: STOPPED
2026-05-12T10:21:34.395644440Z [DEBUG] eToro-MultiBot.SmaCrossoverStrategy_AVAX.ETORO_23: STOPPING
2026-05-12T10:21:34.395662047Z [INFO] eToro-MultiBot.SmaCrossoverStrategy_AVAX.ETORO_23: Strategie auf AVAX.ETORO gestoppt.
2026-05-12T10:21:34.395751045Z [DEBUG] eToro-MultiBot.MessageBus: Removed Subscription(topic=data.quotes.ETORO.AVAX, handler=<bound method Actor.handle_quote_tick of SmaCrossoverStrategy(SmaCrossoverStrategy_AVAX.ETORO_23-023)>, priority=0)
2026-05-12T10:21:34.395813872Z [INFO] eToro-MultiBot.SmaCrossoverStrategy_AVAX.ETORO_23: [CMD]--> UnsubscribeQuoteTicks(instrument_id=AVAX.ETORO, client_id=None, venue=ETORO)
2026-05-12T10:21:34.395874458Z [DEBUG] eToro-MultiBot.MessageBus: Removed Subscription(topic=data.bars.AVAX.ETORO-1-MINUTE-MID-INTERNAL, handler=<bound method Actor.handle_bar of SmaCrossoverStrategy(SmaCrossoverStrategy_AVAX.ETORO_23-023)>, priority=0)
2026-05-12T10:21:34.395921690Z [INFO] eToro-MultiBot.SmaCrossoverStrategy_AVAX.ETORO_23: [CMD]--> UnsubscribeBars(bar_type=AVAX.ETORO-1-MINUTE-MID-INTERNAL, client_id=None, venue=ETORO)
2026-05-12T10:21:34.395942835Z [INFO] eToro-MultiBot.SmaCrossoverStrategy_AVAX.ETORO_23: Unsubscribed from AVAX.ETORO-1-MINUTE-MID-INTERNAL bar data
2026-05-12T10:21:34.395950706Z [INFO] eToro-MultiBot.SmaCrossoverStrategy_AVAX.ETORO_23: Canceling executor tasks
2026-05-12T10:21:34.396079986Z [INFO] eToro-MultiBot.SmaCrossoverStrategy_AVAX.ETORO_23: STOPPED
2026-05-12T10:21:34.396153067Z [DEBUG] eToro-MultiBot.SmaCrossoverStrategy_NATGAS.ETORO_24: STOPPING
2026-05-12T10:21:34.396173785Z [INFO] eToro-MultiBot.SmaCrossoverStrategy_NATGAS.ETORO_24: Strategie auf NATGAS.ETORO gestoppt.
2026-05-12T10:21:34.396246405Z [DEBUG] eToro-MultiBot.MessageBus: Removed Subscription(topic=data.quotes.ETORO.NATGAS, handler=<bound method Actor.handle_quote_tick of SmaCrossoverStrategy(SmaCrossoverStrategy_NATGAS.ETORO_24-024)>, priority=0)
2026-05-12T10:21:34.396307432Z [INFO] eToro-MultiBot.SmaCrossoverStrategy_NATGAS.ETORO_24: [CMD]--> UnsubscribeQuoteTicks(instrument_id=NATGAS.ETORO, client_id=None, venue=ETORO)
2026-05-12T10:21:34.396369711Z [DEBUG] eToro-MultiBot.MessageBus: Removed Subscription(topic=data.bars.NATGAS.ETORO-1-MINUTE-MID-INTERNAL, handler=<bound method Actor.handle_bar of SmaCrossoverStrategy(SmaCrossoverStrategy_NATGAS.ETORO_24-024)>, priority=0)
2026-05-12T10:21:34.396421784Z [INFO] eToro-MultiBot.SmaCrossoverStrategy_NATGAS.ETORO_24: [CMD]--> UnsubscribeBars(bar_type=NATGAS.ETORO-1-MINUTE-MID-INTERNAL, client_id=None, venue=ETORO)
2026-05-12T10:21:34.396444606Z [INFO] eToro-MultiBot.SmaCrossoverStrategy_NATGAS.ETORO_24: Unsubscribed from NATGAS.ETORO-1-MINUTE-MID-INTERNAL bar data
2026-05-12T10:21:34.396453039Z [INFO] eToro-MultiBot.SmaCrossoverStrategy_NATGAS.ETORO_24: Canceling executor tasks
2026-05-12T10:21:34.396574391Z [INFO] eToro-MultiBot.SmaCrossoverStrategy_NATGAS.ETORO_24: STOPPED
2026-05-12T10:21:34.396620938Z [DEBUG] eToro-MultiBot.SmaCrossoverStrategy_PALL.ETORO_25: STOPPING
2026-05-12T10:21:34.396635798Z [INFO] eToro-MultiBot.SmaCrossoverStrategy_PALL.ETORO_25: Strategie auf PALL.ETORO gestoppt.
2026-05-12T10:21:34.396716002Z [DEBUG] eToro-MultiBot.MessageBus: Removed Subscription(topic=data.quotes.ETORO.PALL, handler=<bound method Actor.handle_quote_tick of SmaCrossoverStrategy(SmaCrossoverStrategy_PALL.ETORO_25-025)>, priority=0)
2026-05-12T10:21:34.396788674Z [INFO] eToro-MultiBot.SmaCrossoverStrategy_PALL.ETORO_25: [CMD]--> UnsubscribeQuoteTicks(instrument_id=PALL.ETORO, client_id=None, venue=ETORO)
2026-05-12T10:21:34.396832400Z [DEBUG] eToro-MultiBot.MessageBus: Removed Subscription(topic=data.bars.PALL.ETORO-1-MINUTE-MID-INTERNAL, handler=<bound method Actor.handle_bar of SmaCrossoverStrategy(SmaCrossoverStrategy_PALL.ETORO_25-025)>, priority=0)
2026-05-12T10:21:34.396872624Z [INFO] eToro-MultiBot.SmaCrossoverStrategy_PALL.ETORO_25: [CMD]--> UnsubscribeBars(bar_type=PALL.ETORO-1-MINUTE-MID-INTERNAL, client_id=None, venue=ETORO)
2026-05-12T10:21:34.396890877Z [INFO] eToro-MultiBot.SmaCrossoverStrategy_PALL.ETORO_25: Unsubscribed from PALL.ETORO-1-MINUTE-MID-INTERNAL bar data
2026-05-12T10:21:34.396896507Z [INFO] eToro-MultiBot.SmaCrossoverStrategy_PALL.ETORO_25: Canceling executor tasks
2026-05-12T10:21:34.396993449Z [INFO] eToro-MultiBot.SmaCrossoverStrategy_PALL.ETORO_25: STOPPED
2026-05-12T10:21:34.397020017Z [DEBUG] eToro-MultiBot.SmaCrossoverStrategy_USDTRY.ETORO_26: STOPPING
2026-05-12T10:21:34.397030627Z [INFO] eToro-MultiBot.SmaCrossoverStrategy_USDTRY.ETORO_26: Strategie auf USDTRY.ETORO gestoppt.
2026-05-12T10:21:34.397101923Z [DEBUG] eToro-MultiBot.MessageBus: Removed Subscription(topic=data.quotes.ETORO.USDTRY, handler=<bound method Actor.handle_quote_tick of SmaCrossoverStrategy(SmaCrossoverStrategy_USDTRY.ETORO_26-026)>, priority=0)
2026-05-12T10:21:34.397138022Z [INFO] eToro-MultiBot.SmaCrossoverStrategy_USDTRY.ETORO_26: [CMD]--> UnsubscribeQuoteTicks(instrument_id=USDTRY.ETORO, client_id=None, venue=ETORO)
2026-05-12T10:21:34.397171158Z [DEBUG] eToro-MultiBot.MessageBus: Removed Subscription(topic=data.bars.USDTRY.ETORO-1-MINUTE-MID-INTERNAL, handler=<bound method Actor.handle_bar of SmaCrossoverStrategy(SmaCrossoverStrategy_USDTRY.ETORO_26-026)>, priority=0)
2026-05-12T10:21:34.397194312Z [INFO] eToro-MultiBot.SmaCrossoverStrategy_USDTRY.ETORO_26: [CMD]--> UnsubscribeBars(bar_type=USDTRY.ETORO-1-MINUTE-MID-INTERNAL, client_id=None, venue=ETORO)
2026-05-12T10:21:34.397203092Z [INFO] eToro-MultiBot.SmaCrossoverStrategy_USDTRY.ETORO_26: Unsubscribed from USDTRY.ETORO-1-MINUTE-MID-INTERNAL bar data
2026-05-12T10:21:34.397207811Z [INFO] eToro-MultiBot.SmaCrossoverStrategy_USDTRY.ETORO_26: Canceling executor tasks
2026-05-12T10:21:34.397289836Z [INFO] eToro-MultiBot.SmaCrossoverStrategy_USDTRY.ETORO_26: STOPPED
2026-05-12T10:21:34.397311898Z [DEBUG] eToro-MultiBot.SmaCrossoverStrategy_USDZAR.ETORO_27: STOPPING
2026-05-12T10:21:34.397320565Z [INFO] eToro-MultiBot.SmaCrossoverStrategy_USDZAR.ETORO_27: Strategie auf USDZAR.ETORO gestoppt.
2026-05-12T10:21:34.397362563Z [DEBUG] eToro-MultiBot.MessageBus: Removed Subscription(topic=data.quotes.ETORO.USDZAR, handler=<bound method Actor.handle_quote_tick of SmaCrossoverStrategy(SmaCrossoverStrategy_USDZAR.ETORO_27-027)>, priority=0)
2026-05-12T10:21:34.397394634Z [INFO] eToro-MultiBot.SmaCrossoverStrategy_USDZAR.ETORO_27: [CMD]--> UnsubscribeQuoteTicks(instrument_id=USDZAR.ETORO, client_id=None, venue=ETORO)
2026-05-12T10:21:34.397425282Z [DEBUG] eToro-MultiBot.MessageBus: Removed Subscription(topic=data.bars.USDZAR.ETORO-1-MINUTE-MID-INTERNAL, handler=<bound method Actor.handle_bar of SmaCrossoverStrategy(SmaCrossoverStrategy_USDZAR.ETORO_27-027)>, priority=0)
2026-05-12T10:21:34.397448163Z [INFO] eToro-MultiBot.SmaCrossoverStrategy_USDZAR.ETORO_27: [CMD]--> UnsubscribeBars(bar_type=USDZAR.ETORO-1-MINUTE-MID-INTERNAL, client_id=None, venue=ETORO)
2026-05-12T10:21:34.397456770Z [INFO] eToro-MultiBot.SmaCrossoverStrategy_USDZAR.ETORO_27: Unsubscribed from USDZAR.ETORO-1-MINUTE-MID-INTERNAL bar data
2026-05-12T10:21:34.397460852Z [INFO] eToro-MultiBot.SmaCrossoverStrategy_USDZAR.ETORO_27: Canceling executor tasks
2026-05-12T10:21:34.397537848Z [INFO] eToro-MultiBot.SmaCrossoverStrategy_USDZAR.ETORO_27: STOPPED
2026-05-12T10:21:34.397574382Z [INFO] eToro-MultiBot.eToro-MultiBot: STOPPED
2026-05-12T10:21:34.397606632Z [INFO] eToro-MultiBot.TradingNode: Awaiting post stop (10.0s timeout)...
2026-05-12T10:21:34.397715487Z [DEBUG] eToro-MultiBot.SmaCrossoverStrategy_TSLA.ETORO_0: Executor: Canceled inner worker task
2026-05-12T10:21:34.397760339Z [DEBUG] eToro-MultiBot.SmaCrossoverStrategy_HUT.ETORO_1: Executor: Canceled inner worker task
2026-05-12T10:21:34.397787205Z [DEBUG] eToro-MultiBot.SmaCrossoverStrategy_RIOT.ETORO_2: Executor: Canceled inner worker task
2026-05-12T10:21:34.397810744Z [DEBUG] eToro-MultiBot.SmaCrossoverStrategy_NVDA.ETORO_3: Executor: Canceled inner worker task
2026-05-12T10:21:34.397832787Z [DEBUG] eToro-MultiBot.SmaCrossoverStrategy_FSLY.ETORO_4: Executor: Canceled inner worker task
2026-05-12T10:21:34.397854306Z [DEBUG] eToro-MultiBot.SmaCrossoverStrategy_INSM.ETORO_5: Executor: Canceled inner worker task
2026-05-12T10:21:34.397875864Z [DEBUG] eToro-MultiBot.SmaCrossoverStrategy_BTC.ETORO_6: Executor: Canceled inner worker task
2026-05-12T10:21:34.397897215Z [DEBUG] eToro-MultiBot.SmaCrossoverStrategy_ETH.ETORO_7: Executor: Canceled inner worker task
2026-05-12T10:21:34.397918741Z [DEBUG] eToro-MultiBot.SmaCrossoverStrategy_ADA.ETORO_8: Executor: Canceled inner worker task
2026-05-12T10:21:34.397939288Z [DEBUG] eToro-MultiBot.SmaCrossoverStrategy_XRP.ETORO_9: Executor: Canceled inner worker task
2026-05-12T10:21:34.397961567Z [DEBUG] eToro-MultiBot.SmaCrossoverStrategy_AERO.ETORO_10: Executor: Canceled inner worker task
2026-05-12T10:21:34.397982896Z [DEBUG] eToro-MultiBot.SmaCrossoverStrategy_HYPE.ETORO_11: Executor: Canceled inner worker task
2026-05-12T10:21:34.398004010Z [DEBUG] eToro-MultiBot.SmaCrossoverStrategy_ONDO.ETORO_12: Executor: Canceled inner worker task
2026-05-12T10:21:34.398025466Z [DEBUG] eToro-MultiBot.SmaCrossoverStrategy_01211.HK.ETORO_13: Executor: Canceled inner worker task
2026-05-12T10:21:34.398046704Z [DEBUG] eToro-MultiBot.SmaCrossoverStrategy_XPEV.ETORO_14: Executor: Canceled inner worker task
2026-05-12T10:21:34.398067441Z [DEBUG] eToro-MultiBot.SmaCrossoverStrategy_PLTR.ETORO_15: Executor: Canceled inner worker task
2026-05-12T10:21:34.398100121Z [DEBUG] eToro-MultiBot.SmaCrossoverStrategy_RHM.DE.ETORO_16: Executor: Canceled inner worker task
2026-05-12T10:21:34.398129314Z [DEBUG] eToro-MultiBot.SmaCrossoverStrategy_NVS.ETORO_17: Executor: Canceled inner worker task
2026-05-12T10:21:34.398144286Z [DEBUG] eToro-MultiBot.SmaCrossoverStrategy_ROP.ZU.ETORO_18: Executor: Canceled inner worker task
2026-05-12T10:21:34.398159088Z [DEBUG] eToro-MultiBot.SmaCrossoverStrategy_DOGE.ETORO_19: Executor: Canceled inner worker task
2026-05-12T10:21:34.398174172Z [DEBUG] eToro-MultiBot.SmaCrossoverStrategy_SHIBxM.ETORO_20: Executor: Canceled inner worker task
2026-05-12T10:21:34.398188802Z [DEBUG] eToro-MultiBot.SmaCrossoverStrategy_PEPExM.ETORO_21: Executor: Canceled inner worker task
2026-05-12T10:21:34.398204089Z [DEBUG] eToro-MultiBot.SmaCrossoverStrategy_SOL.ETORO_22: Executor: Canceled inner worker task
2026-05-12T10:21:34.398218334Z [DEBUG] eToro-MultiBot.SmaCrossoverStrategy_AVAX.ETORO_23: Executor: Canceled inner worker task
2026-05-12T10:21:34.398232401Z [DEBUG] eToro-MultiBot.SmaCrossoverStrategy_NATGAS.ETORO_24: Executor: Canceled inner worker task
2026-05-12T10:21:34.398245225Z [DEBUG] eToro-MultiBot.SmaCrossoverStrategy_PALL.ETORO_25: Executor: Canceled inner worker task
2026-05-12T10:21:34.398258332Z [DEBUG] eToro-MultiBot.SmaCrossoverStrategy_USDTRY.ETORO_26: Executor: Canceled inner worker task
2026-05-12T10:21:34.398271264Z [DEBUG] eToro-MultiBot.SmaCrossoverStrategy_USDZAR.ETORO_27: Executor: Canceled inner worker task
2026-05-12T10:21:34.398981042Z [DEBUG] eToro-MultiBot.nautilus_common::live::timer: Cancel timer 'TIME_BAR_TSLA.ETORO-1-MINUTE-MID-INTERNAL'
2026-05-12T10:21:34.399062981Z [DEBUG] eToro-MultiBot.MessageBus: Removed Subscription(topic=data.quotes.ETORO.TSLA, handler=<bound method BarAggregator.handle_quote_tick of <nautilus_trader.data.aggregation.TimeBarAggregator object at 0x7e7169c0fb80>>, priority=0)
2026-05-12T10:21:34.399152889Z [DEBUG] eToro-MultiBot.DataEngine: Removed aggregator for key=(BarType(TSLA.ETORO-1-MINUTE-MID-INTERNAL), None)
2026-05-12T10:21:34.401198631Z [DEBUG] eToro-MultiBot.nautilus_common::live::timer: Cancel timer 'TIME_BAR_HUT.ETORO-1-MINUTE-MID-INTERNAL'
2026-05-12T10:21:34.401272586Z [DEBUG] eToro-MultiBot.MessageBus: Removed Subscription(topic=data.quotes.ETORO.HUT, handler=<bound method BarAggregator.handle_quote_tick of <nautilus_trader.data.aggregation.TimeBarAggregator object at 0x7e7169c0fdc0>>, priority=0)
2026-05-12T10:21:34.401314742Z [DEBUG] eToro-MultiBot.DataEngine: Removed aggregator for key=(BarType(HUT.ETORO-1-MINUTE-MID-INTERNAL), None)
2026-05-12T10:21:34.401378172Z [DEBUG] eToro-MultiBot.nautilus_common::live::timer: Cancel timer 'TIME_BAR_RIOT.ETORO-1-MINUTE-MID-INTERNAL'
2026-05-12T10:21:34.401417716Z [DEBUG] eToro-MultiBot.MessageBus: Removed Subscription(topic=data.quotes.ETORO.RIOT, handler=<bound method BarAggregator.handle_quote_tick of <nautilus_trader.data.aggregation.TimeBarAggregator object at 0x7e71682d4040>>, priority=0)
2026-05-12T10:21:34.401449097Z [DEBUG] eToro-MultiBot.DataEngine: Removed aggregator for key=(BarType(RIOT.ETORO-1-MINUTE-MID-INTERNAL), None)
2026-05-12T10:21:34.401509574Z [DEBUG] eToro-MultiBot.nautilus_common::live::timer: Cancel timer 'TIME_BAR_NVDA.ETORO-1-MINUTE-MID-INTERNAL'
2026-05-12T10:21:34.401545614Z [DEBUG] eToro-MultiBot.MessageBus: Removed Subscription(topic=data.quotes.ETORO.NVDA, handler=<bound method BarAggregator.handle_quote_tick of <nautilus_trader.data.aggregation.TimeBarAggregator object at 0x7e71682d4280>>, priority=0)
2026-05-12T10:21:34.401574273Z [DEBUG] eToro-MultiBot.DataEngine: Removed aggregator for key=(BarType(NVDA.ETORO-1-MINUTE-MID-INTERNAL), None)
2026-05-12T10:21:34.401632577Z [DEBUG] eToro-MultiBot.nautilus_common::live::timer: Cancel timer 'TIME_BAR_FSLY.ETORO-1-MINUTE-MID-INTERNAL'
2026-05-12T10:21:34.401668972Z [DEBUG] eToro-MultiBot.MessageBus: Removed Subscription(topic=data.quotes.ETORO.FSLY, handler=<bound method BarAggregator.handle_quote_tick of <nautilus_trader.data.aggregation.TimeBarAggregator object at 0x7e71682d44c0>>, priority=0)
2026-05-12T10:21:34.401697757Z [DEBUG] eToro-MultiBot.DataEngine: Removed aggregator for key=(BarType(FSLY.ETORO-1-MINUTE-MID-INTERNAL), None)
2026-05-12T10:21:34.401757348Z [DEBUG] eToro-MultiBot.nautilus_common::live::timer: Cancel timer 'TIME_BAR_INSM.ETORO-1-MINUTE-MID-INTERNAL'
2026-05-12T10:21:34.401792858Z [DEBUG] eToro-MultiBot.MessageBus: Removed Subscription(topic=data.quotes.ETORO.INSM, handler=<bound method BarAggregator.handle_quote_tick of <nautilus_trader.data.aggregation.TimeBarAggregator object at 0x7e71682d4700>>, priority=0)
2026-05-12T10:21:34.401820896Z [DEBUG] eToro-MultiBot.DataEngine: Removed aggregator for key=(BarType(INSM.ETORO-1-MINUTE-MID-INTERNAL), None)
2026-05-12T10:21:34.401877621Z [DEBUG] eToro-MultiBot.nautilus_common::live::timer: Cancel timer 'TIME_BAR_BTC.ETORO-1-MINUTE-MID-INTERNAL'
2026-05-12T10:21:34.401913059Z [DEBUG] eToro-MultiBot.MessageBus: Removed Subscription(topic=data.quotes.ETORO.BTC, handler=<bound method BarAggregator.handle_quote_tick of <nautilus_trader.data.aggregation.TimeBarAggregator object at 0x7e71682d4940>>, priority=0)
2026-05-12T10:21:34.401940962Z [DEBUG] eToro-MultiBot.DataEngine: Removed aggregator for key=(BarType(BTC.ETORO-1-MINUTE-MID-INTERNAL), None)
2026-05-12T10:21:34.401997475Z [DEBUG] eToro-MultiBot.nautilus_common::live::timer: Cancel timer 'TIME_BAR_ETH.ETORO-1-MINUTE-MID-INTERNAL'
2026-05-12T10:21:34.402032952Z [DEBUG] eToro-MultiBot.MessageBus: Removed Subscription(topic=data.quotes.ETORO.ETH, handler=<bound method BarAggregator.handle_quote_tick of <nautilus_trader.data.aggregation.TimeBarAggregator object at 0x7e71682d4b80>>, priority=0)
2026-05-12T10:21:34.402067942Z [DEBUG] eToro-MultiBot.DataEngine: Removed aggregator for key=(BarType(ETH.ETORO-1-MINUTE-MID-INTERNAL), None)
2026-05-12T10:21:34.402147131Z [DEBUG] eToro-MultiBot.nautilus_common::live::timer: Cancel timer 'TIME_BAR_ADA.ETORO-1-MINUTE-MID-INTERNAL'
2026-05-12T10:21:34.402191381Z [DEBUG] eToro-MultiBot.MessageBus: Removed Subscription(topic=data.quotes.ETORO.ADA, handler=<bound method BarAggregator.handle_quote_tick of <nautilus_trader.data.aggregation.TimeBarAggregator object at 0x7e71682d4dc0>>, priority=0)
2026-05-12T10:21:34.402228159Z [DEBUG] eToro-MultiBot.DataEngine: Removed aggregator for key=(BarType(ADA.ETORO-1-MINUTE-MID-INTERNAL), None)
2026-05-12T10:21:34.402297594Z [DEBUG] eToro-MultiBot.nautilus_common::live::timer: Cancel timer 'TIME_BAR_XRP.ETORO-1-MINUTE-MID-INTERNAL'
2026-05-12T10:21:34.402341392Z [DEBUG] eToro-MultiBot.MessageBus: Removed Subscription(topic=data.quotes.ETORO.XRP, handler=<bound method BarAggregator.handle_quote_tick of <nautilus_trader.data.aggregation.TimeBarAggregator object at 0x7e71682d5000>>, priority=0)
2026-05-12T10:21:34.402383444Z [DEBUG] eToro-MultiBot.DataEngine: Removed aggregator for key=(BarType(XRP.ETORO-1-MINUTE-MID-INTERNAL), None)
2026-05-12T10:21:34.402446176Z [DEBUG] eToro-MultiBot.nautilus_common::live::timer: Cancel timer 'TIME_BAR_AERO.ETORO-1-MINUTE-MID-INTERNAL'
2026-05-12T10:21:34.402490328Z [DEBUG] eToro-MultiBot.MessageBus: Removed Subscription(topic=data.quotes.ETORO.AERO, handler=<bound method BarAggregator.handle_quote_tick of <nautilus_trader.data.aggregation.TimeBarAggregator object at 0x7e71682d5240>>, priority=0)
2026-05-12T10:21:34.402525336Z [DEBUG] eToro-MultiBot.DataEngine: Removed aggregator for key=(BarType(AERO.ETORO-1-MINUTE-MID-INTERNAL), None)
2026-05-12T10:21:34.402585776Z [DEBUG] eToro-MultiBot.nautilus_common::live::timer: Cancel timer 'TIME_BAR_HYPE.ETORO-1-MINUTE-MID-INTERNAL'
2026-05-12T10:21:34.402625739Z [DEBUG] eToro-MultiBot.MessageBus: Removed Subscription(topic=data.quotes.ETORO.HYPE, handler=<bound method BarAggregator.handle_quote_tick of <nautilus_trader.data.aggregation.TimeBarAggregator object at 0x7e71682d5480>>, priority=0)
2026-05-12T10:21:34.402657707Z [DEBUG] eToro-MultiBot.DataEngine: Removed aggregator for key=(BarType(HYPE.ETORO-1-MINUTE-MID-INTERNAL), None)
2026-05-12T10:21:34.402716652Z [DEBUG] eToro-MultiBot.nautilus_common::live::timer: Cancel timer 'TIME_BAR_ONDO.ETORO-1-MINUTE-MID-INTERNAL'
2026-05-12T10:21:34.402755261Z [DEBUG] eToro-MultiBot.MessageBus: Removed Subscription(topic=data.quotes.ETORO.ONDO, handler=<bound method BarAggregator.handle_quote_tick of <nautilus_trader.data.aggregation.TimeBarAggregator object at 0x7e71682d56c0>>, priority=0)
2026-05-12T10:21:34.402786932Z [DEBUG] eToro-MultiBot.DataEngine: Removed aggregator for key=(BarType(ONDO.ETORO-1-MINUTE-MID-INTERNAL), None)
2026-05-12T10:21:34.402845330Z [DEBUG] eToro-MultiBot.nautilus_common::live::timer: Cancel timer 'TIME_BAR_01211.HK.ETORO-1-MINUTE-MID-INTERNAL'
2026-05-12T10:21:34.402884521Z [DEBUG] eToro-MultiBot.MessageBus: Removed Subscription(topic=data.quotes.ETORO.01211.HK, handler=<bound method BarAggregator.handle_quote_tick of <nautilus_trader.data.aggregation.TimeBarAggregator object at 0x7e71682d5900>>, priority=0)
2026-05-12T10:21:34.402916162Z [DEBUG] eToro-MultiBot.DataEngine: Removed aggregator for key=(BarType(01211.HK.ETORO-1-MINUTE-MID-INTERNAL), None)
2026-05-12T10:21:34.402976744Z [DEBUG] eToro-MultiBot.nautilus_common::live::timer: Cancel timer 'TIME_BAR_XPEV.ETORO-1-MINUTE-MID-INTERNAL'
2026-05-12T10:21:34.403019514Z [DEBUG] eToro-MultiBot.MessageBus: Removed Subscription(topic=data.quotes.ETORO.XPEV, handler=<bound method BarAggregator.handle_quote_tick of <nautilus_trader.data.aggregation.TimeBarAggregator object at 0x7e71682d5b40>>, priority=0)
2026-05-12T10:21:34.403053029Z [DEBUG] eToro-MultiBot.DataEngine: Removed aggregator for key=(BarType(XPEV.ETORO-1-MINUTE-MID-INTERNAL), None)
2026-05-12T10:21:34.403113918Z [DEBUG] eToro-MultiBot.nautilus_common::live::timer: Cancel timer 'TIME_BAR_PLTR.ETORO-1-MINUTE-MID-INTERNAL'
2026-05-12T10:21:34.403152315Z [DEBUG] eToro-MultiBot.MessageBus: Removed Subscription(topic=data.quotes.ETORO.PLTR, handler=<bound method BarAggregator.handle_quote_tick of <nautilus_trader.data.aggregation.TimeBarAggregator object at 0x7e71682d5d80>>, priority=0)
2026-05-12T10:21:34.403182315Z [DEBUG] eToro-MultiBot.DataEngine: Removed aggregator for key=(BarType(PLTR.ETORO-1-MINUTE-MID-INTERNAL), None)
2026-05-12T10:21:34.403251266Z [DEBUG] eToro-MultiBot.nautilus_common::live::timer: Cancel timer 'TIME_BAR_RHM.DE.ETORO-1-MINUTE-MID-INTERNAL'
2026-05-12T10:21:34.403288617Z [DEBUG] eToro-MultiBot.MessageBus: Removed Subscription(topic=data.quotes.ETORO.RHM.DE, handler=<bound method BarAggregator.handle_quote_tick of <nautilus_trader.data.aggregation.TimeBarAggregator object at 0x7e71682d5fc0>>, priority=0)
2026-05-12T10:21:34.403321052Z [DEBUG] eToro-MultiBot.DataEngine: Removed aggregator for key=(BarType(RHM.DE.ETORO-1-MINUTE-MID-INTERNAL), None)
2026-05-12T10:21:34.403373146Z [DEBUG] eToro-MultiBot.nautilus_common::live::timer: Cancel timer 'TIME_BAR_NVS.ETORO-1-MINUTE-MID-INTERNAL'
2026-05-12T10:21:34.403407403Z [DEBUG] eToro-MultiBot.MessageBus: Removed Subscription(topic=data.quotes.ETORO.NVS, handler=<bound method BarAggregator.handle_quote_tick of <nautilus_trader.data.aggregation.TimeBarAggregator object at 0x7e71682d6200>>, priority=0)
2026-05-12T10:21:34.403440552Z [DEBUG] eToro-MultiBot.DataEngine: Removed aggregator for key=(BarType(NVS.ETORO-1-MINUTE-MID-INTERNAL), None)
2026-05-12T10:21:34.403507766Z [DEBUG] eToro-MultiBot.nautilus_common::live::timer: Cancel timer 'TIME_BAR_ROP.ZU.ETORO-1-MINUTE-MID-INTERNAL'
2026-05-12T10:21:34.403545840Z [DEBUG] eToro-MultiBot.MessageBus: Removed Subscription(topic=data.quotes.ETORO.ROP.ZU, handler=<bound method BarAggregator.handle_quote_tick of <nautilus_trader.data.aggregation.TimeBarAggregator object at 0x7e71682d6440>>, priority=0)
2026-05-12T10:21:34.403581568Z [DEBUG] eToro-MultiBot.DataEngine: Removed aggregator for key=(BarType(ROP.ZU.ETORO-1-MINUTE-MID-INTERNAL), None)
2026-05-12T10:21:34.403640034Z [DEBUG] eToro-MultiBot.nautilus_common::live::timer: Cancel timer 'TIME_BAR_DOGE.ETORO-1-MINUTE-MID-INTERNAL'
2026-05-12T10:21:34.403675343Z [DEBUG] eToro-MultiBot.MessageBus: Removed Subscription(topic=data.quotes.ETORO.DOGE, handler=<bound method BarAggregator.handle_quote_tick of <nautilus_trader.data.aggregation.TimeBarAggregator object at 0x7e71682d6680>>, priority=0)
2026-05-12T10:21:34.403709035Z [DEBUG] eToro-MultiBot.DataEngine: Removed aggregator for key=(BarType(DOGE.ETORO-1-MINUTE-MID-INTERNAL), None)
2026-05-12T10:21:34.403766606Z [DEBUG] eToro-MultiBot.nautilus_common::live::timer: Cancel timer 'TIME_BAR_SHIBxM.ETORO-1-MINUTE-MID-INTERNAL'
2026-05-12T10:21:34.403801870Z [DEBUG] eToro-MultiBot.MessageBus: Removed Subscription(topic=data.quotes.ETORO.SHIBxM, handler=<bound method BarAggregator.handle_quote_tick of <nautilus_trader.data.aggregation.TimeBarAggregator object at 0x7e71682d68c0>>, priority=0)
2026-05-12T10:21:34.403836954Z [DEBUG] eToro-MultiBot.DataEngine: Removed aggregator for key=(BarType(SHIBxM.ETORO-1-MINUTE-MID-INTERNAL), None)
2026-05-12T10:21:34.403898069Z [DEBUG] eToro-MultiBot.nautilus_common::live::timer: Cancel timer 'TIME_BAR_PEPExM.ETORO-1-MINUTE-MID-INTERNAL'
2026-05-12T10:21:34.403933909Z [DEBUG] eToro-MultiBot.MessageBus: Removed Subscription(topic=data.quotes.ETORO.PEPExM, handler=<bound method BarAggregator.handle_quote_tick of <nautilus_trader.data.aggregation.TimeBarAggregator object at 0x7e71682d6b00>>, priority=0)
2026-05-12T10:21:34.403968350Z [DEBUG] eToro-MultiBot.DataEngine: Removed aggregator for key=(BarType(PEPExM.ETORO-1-MINUTE-MID-INTERNAL), None)
2026-05-12T10:21:34.404023897Z [DEBUG] eToro-MultiBot.nautilus_common::live::timer: Cancel timer 'TIME_BAR_SOL.ETORO-1-MINUTE-MID-INTERNAL'
2026-05-12T10:21:34.404061498Z [DEBUG] eToro-MultiBot.MessageBus: Removed Subscription(topic=data.quotes.ETORO.SOL, handler=<bound method BarAggregator.handle_quote_tick of <nautilus_trader.data.aggregation.TimeBarAggregator object at 0x7e71682d6d40>>, priority=0)
2026-05-12T10:21:34.404106467Z [DEBUG] eToro-MultiBot.DataEngine: Removed aggregator for key=(BarType(SOL.ETORO-1-MINUTE-MID-INTERNAL), None)
2026-05-12T10:21:34.404161826Z [DEBUG] eToro-MultiBot.nautilus_common::live::timer: Cancel timer 'TIME_BAR_AVAX.ETORO-1-MINUTE-MID-INTERNAL'
2026-05-12T10:21:34.404200027Z [DEBUG] eToro-MultiBot.MessageBus: Removed Subscription(topic=data.quotes.ETORO.AVAX, handler=<bound method BarAggregator.handle_quote_tick of <nautilus_trader.data.aggregation.TimeBarAggregator object at 0x7e71682d6f80>>, priority=0)
2026-05-12T10:21:34.404235741Z [DEBUG] eToro-MultiBot.DataEngine: Removed aggregator for key=(BarType(AVAX.ETORO-1-MINUTE-MID-INTERNAL), None)
2026-05-12T10:21:34.404289507Z [DEBUG] eToro-MultiBot.nautilus_common::live::timer: Cancel timer 'TIME_BAR_NATGAS.ETORO-1-MINUTE-MID-INTERNAL'
2026-05-12T10:21:34.404326321Z [DEBUG] eToro-MultiBot.MessageBus: Removed Subscription(topic=data.quotes.ETORO.NATGAS, handler=<bound method BarAggregator.handle_quote_tick of <nautilus_trader.data.aggregation.TimeBarAggregator object at 0x7e71682d71c0>>, priority=0)
2026-05-12T10:21:34.404364524Z [DEBUG] eToro-MultiBot.DataEngine: Removed aggregator for key=(BarType(NATGAS.ETORO-1-MINUTE-MID-INTERNAL), None)
2026-05-12T10:21:34.404415811Z [DEBUG] eToro-MultiBot.nautilus_common::live::timer: Cancel timer 'TIME_BAR_PALL.ETORO-1-MINUTE-MID-INTERNAL'
2026-05-12T10:21:34.404452836Z [DEBUG] eToro-MultiBot.MessageBus: Removed Subscription(topic=data.quotes.ETORO.PALL, handler=<bound method BarAggregator.handle_quote_tick of <nautilus_trader.data.aggregation.TimeBarAggregator object at 0x7e71682d7400>>, priority=0)
2026-05-12T10:21:34.404486604Z [DEBUG] eToro-MultiBot.DataEngine: Removed aggregator for key=(BarType(PALL.ETORO-1-MINUTE-MID-INTERNAL), None)
2026-05-12T10:21:34.404538699Z [DEBUG] eToro-MultiBot.nautilus_common::live::timer: Cancel timer 'TIME_BAR_USDTRY.ETORO-1-MINUTE-MID-INTERNAL'
2026-05-12T10:21:34.404582063Z [DEBUG] eToro-MultiBot.MessageBus: Removed Subscription(topic=data.quotes.ETORO.USDTRY, handler=<bound method BarAggregator.handle_quote_tick of <nautilus_trader.data.aggregation.TimeBarAggregator object at 0x7e71682d7640>>, priority=0)
2026-05-12T10:21:34.404620909Z [DEBUG] eToro-MultiBot.DataEngine: Removed aggregator for key=(BarType(USDTRY.ETORO-1-MINUTE-MID-INTERNAL), None)
2026-05-12T10:21:34.404686395Z [DEBUG] eToro-MultiBot.nautilus_common::live::timer: Cancel timer 'TIME_BAR_USDZAR.ETORO-1-MINUTE-MID-INTERNAL'
2026-05-12T10:21:34.404736355Z [DEBUG] eToro-MultiBot.MessageBus: Removed Subscription(topic=data.quotes.ETORO.USDZAR, handler=<bound method BarAggregator.handle_quote_tick of <nautilus_trader.data.aggregation.TimeBarAggregator object at 0x7e71682d7880>>, priority=0)
2026-05-12T10:21:34.404784218Z [DEBUG] eToro-MultiBot.DataEngine: Removed aggregator for key=(BarType(USDZAR.ETORO-1-MINUTE-MID-INTERNAL), None)
2026-05-12T10:21:34.405027536Z [DEBUG] eToro-MultiBot.DataClient-ETORO_WS_CLIENT: Creating async task 'unsubscribe: quote_ticks TSLA.ETORO'
2026-05-12T10:21:34.405187706Z [DEBUG] eToro-MultiBot.DataClient-ETORO_WS_CLIENT: Creating async task 'unsubscribe: quote_ticks HUT.ETORO'
2026-05-12T10:21:34.405314594Z [DEBUG] eToro-MultiBot.DataClient-ETORO_WS_CLIENT: Creating async task 'unsubscribe: quote_ticks RIOT.ETORO'
2026-05-12T10:21:34.405433728Z [DEBUG] eToro-MultiBot.DataClient-ETORO_WS_CLIENT: Creating async task 'unsubscribe: quote_ticks NVDA.ETORO'
2026-05-12T10:21:34.405545514Z [DEBUG] eToro-MultiBot.DataClient-ETORO_WS_CLIENT: Creating async task 'unsubscribe: quote_ticks FSLY.ETORO'
2026-05-12T10:21:34.405652452Z [DEBUG] eToro-MultiBot.DataClient-ETORO_WS_CLIENT: Creating async task 'unsubscribe: quote_ticks INSM.ETORO'
2026-05-12T10:21:34.405755087Z [DEBUG] eToro-MultiBot.DataClient-ETORO_WS_CLIENT: Creating async task 'unsubscribe: quote_ticks BTC.ETORO'
2026-05-12T10:21:34.405853354Z [DEBUG] eToro-MultiBot.DataClient-ETORO_WS_CLIENT: Creating async task 'unsubscribe: quote_ticks ETH.ETORO'
2026-05-12T10:21:34.405946131Z [DEBUG] eToro-MultiBot.DataClient-ETORO_WS_CLIENT: Creating async task 'unsubscribe: quote_ticks ADA.ETORO'
2026-05-12T10:21:34.406035891Z [DEBUG] eToro-MultiBot.DataClient-ETORO_WS_CLIENT: Creating async task 'unsubscribe: quote_ticks XRP.ETORO'
2026-05-12T10:21:34.406131997Z [DEBUG] eToro-MultiBot.DataClient-ETORO_WS_CLIENT: Creating async task 'unsubscribe: quote_ticks AERO.ETORO'
2026-05-12T10:21:34.406213686Z [DEBUG] eToro-MultiBot.DataClient-ETORO_WS_CLIENT: Creating async task 'unsubscribe: quote_ticks HYPE.ETORO'
2026-05-12T10:21:34.406290717Z [DEBUG] eToro-MultiBot.DataClient-ETORO_WS_CLIENT: Creating async task 'unsubscribe: quote_ticks ONDO.ETORO'
2026-05-12T10:21:34.406364159Z [DEBUG] eToro-MultiBot.DataClient-ETORO_WS_CLIENT: Creating async task 'unsubscribe: quote_ticks 01211.HK.ETORO'
2026-05-12T10:21:34.406433573Z [DEBUG] eToro-MultiBot.DataClient-ETORO_WS_CLIENT: Creating async task 'unsubscribe: quote_ticks XPEV.ETORO'
2026-05-12T10:21:34.406497808Z [DEBUG] eToro-MultiBot.DataClient-ETORO_WS_CLIENT: Creating async task 'unsubscribe: quote_ticks PLTR.ETORO'
2026-05-12T10:21:34.406568225Z [DEBUG] eToro-MultiBot.DataClient-ETORO_WS_CLIENT: Creating async task 'unsubscribe: quote_ticks RHM.DE.ETORO'
2026-05-12T10:21:34.406628246Z [DEBUG] eToro-MultiBot.DataClient-ETORO_WS_CLIENT: Creating async task 'unsubscribe: quote_ticks NVS.ETORO'
2026-05-12T10:21:34.406683173Z [DEBUG] eToro-MultiBot.DataClient-ETORO_WS_CLIENT: Creating async task 'unsubscribe: quote_ticks ROP.ZU.ETORO'
2026-05-12T10:21:34.406735924Z [DEBUG] eToro-MultiBot.DataClient-ETORO_WS_CLIENT: Creating async task 'unsubscribe: quote_ticks DOGE.ETORO'
2026-05-12T10:21:34.406786758Z [DEBUG] eToro-MultiBot.DataClient-ETORO_WS_CLIENT: Creating async task 'unsubscribe: quote_ticks SHIBxM.ETORO'
2026-05-12T10:21:34.406833717Z [DEBUG] eToro-MultiBot.DataClient-ETORO_WS_CLIENT: Creating async task 'unsubscribe: quote_ticks PEPExM.ETORO'
2026-05-12T10:21:34.406876253Z [DEBUG] eToro-MultiBot.DataClient-ETORO_WS_CLIENT: Creating async task 'unsubscribe: quote_ticks SOL.ETORO'
2026-05-12T10:21:34.406916961Z [DEBUG] eToro-MultiBot.DataClient-ETORO_WS_CLIENT: Creating async task 'unsubscribe: quote_ticks AVAX.ETORO'
2026-05-12T10:21:34.406954546Z [DEBUG] eToro-MultiBot.DataClient-ETORO_WS_CLIENT: Creating async task 'unsubscribe: quote_ticks NATGAS.ETORO'
2026-05-12T10:21:34.406987559Z [DEBUG] eToro-MultiBot.DataClient-ETORO_WS_CLIENT: Creating async task 'unsubscribe: quote_ticks PALL.ETORO'
2026-05-12T10:21:34.407025162Z [DEBUG] eToro-MultiBot.DataClient-ETORO_WS_CLIENT: Creating async task 'unsubscribe: quote_ticks USDTRY.ETORO'
2026-05-12T10:21:34.407059758Z [DEBUG] eToro-MultiBot.DataClient-ETORO_WS_CLIENT: Creating async task 'unsubscribe: quote_ticks USDZAR.ETORO'
2026-05-12T10:21:34.407147396Z [DEBUG] eToro-MultiBot.DataClient-ETORO_WS_CLIENT: Coroutine 'unsubscribe: quote_ticks TSLA.ETORO' completed
2026-05-12T10:21:34.407156254Z [INFO] eToro-MultiBot.DataClient-ETORO_WS_CLIENT: Unsubscribed TSLA.ETORO quotes
2026-05-12T10:21:34.407165889Z [DEBUG] eToro-MultiBot.DataClient-ETORO_WS_CLIENT: Coroutine 'unsubscribe: quote_ticks HUT.ETORO' completed
2026-05-12T10:21:34.407167374Z [INFO] eToro-MultiBot.DataClient-ETORO_WS_CLIENT: Unsubscribed HUT.ETORO quotes
2026-05-12T10:21:34.407171487Z [DEBUG] eToro-MultiBot.DataClient-ETORO_WS_CLIENT: Coroutine 'unsubscribe: quote_ticks RIOT.ETORO' completed
2026-05-12T10:21:34.407172461Z [INFO] eToro-MultiBot.DataClient-ETORO_WS_CLIENT: Unsubscribed RIOT.ETORO quotes
2026-05-12T10:21:34.407175790Z [DEBUG] eToro-MultiBot.DataClient-ETORO_WS_CLIENT: Coroutine 'unsubscribe: quote_ticks NVDA.ETORO' completed
2026-05-12T10:21:34.407176687Z [INFO] eToro-MultiBot.DataClient-ETORO_WS_CLIENT: Unsubscribed NVDA.ETORO quotes
2026-05-12T10:21:34.407179827Z [DEBUG] eToro-MultiBot.DataClient-ETORO_WS_CLIENT: Coroutine 'unsubscribe: quote_ticks FSLY.ETORO' completed
2026-05-12T10:21:34.407180833Z [INFO] eToro-MultiBot.DataClient-ETORO_WS_CLIENT: Unsubscribed FSLY.ETORO quotes
2026-05-12T10:21:34.407184155Z [DEBUG] eToro-MultiBot.DataClient-ETORO_WS_CLIENT: Coroutine 'unsubscribe: quote_ticks INSM.ETORO' completed
2026-05-12T10:21:34.407185435Z [INFO] eToro-MultiBot.DataClient-ETORO_WS_CLIENT: Unsubscribed INSM.ETORO quotes
2026-05-12T10:21:34.407188720Z [DEBUG] eToro-MultiBot.DataClient-ETORO_WS_CLIENT: Coroutine 'unsubscribe: quote_ticks BTC.ETORO' completed
2026-05-12T10:21:34.407191061Z [INFO] eToro-MultiBot.DataClient-ETORO_WS_CLIENT: Unsubscribed BTC.ETORO quotes
2026-05-12T10:21:34.407194374Z [DEBUG] eToro-MultiBot.DataClient-ETORO_WS_CLIENT: Coroutine 'unsubscribe: quote_ticks ETH.ETORO' completed
2026-05-12T10:21:34.407195742Z [INFO] eToro-MultiBot.DataClient-ETORO_WS_CLIENT: Unsubscribed ETH.ETORO quotes
2026-05-12T10:21:34.407199110Z [DEBUG] eToro-MultiBot.DataClient-ETORO_WS_CLIENT: Coroutine 'unsubscribe: quote_ticks ADA.ETORO' completed
2026-05-12T10:21:34.407200407Z [INFO] eToro-MultiBot.DataClient-ETORO_WS_CLIENT: Unsubscribed ADA.ETORO quotes
2026-05-12T10:21:34.407203678Z [DEBUG] eToro-MultiBot.DataClient-ETORO_WS_CLIENT: Coroutine 'unsubscribe: quote_ticks XRP.ETORO' completed
2026-05-12T10:21:34.407204813Z [INFO] eToro-MultiBot.DataClient-ETORO_WS_CLIENT: Unsubscribed XRP.ETORO quotes
2026-05-12T10:21:34.407208448Z [DEBUG] eToro-MultiBot.DataClient-ETORO_WS_CLIENT: Coroutine 'unsubscribe: quote_ticks AERO.ETORO' completed
2026-05-12T10:21:34.407209412Z [INFO] eToro-MultiBot.DataClient-ETORO_WS_CLIENT: Unsubscribed AERO.ETORO quotes
2026-05-12T10:21:34.407212617Z [DEBUG] eToro-MultiBot.DataClient-ETORO_WS_CLIENT: Coroutine 'unsubscribe: quote_ticks HYPE.ETORO' completed
