2026-06-08T20:00:02.018081062Z [INFO] eToro-Momentum-LS.TradingNode: =================================================================
2026-06-08T20:00:02.018087674Z [INFO] eToro-Momentum-LS.TradingNode:  NAUTILUS TRADER - Automated Algorithmic Trading Platform
2026-06-08T20:00:02.018088095Z [INFO] eToro-Momentum-LS.TradingNode:  by Nautech Systems Pty Ltd.
2026-06-08T20:00:02.018088305Z [INFO] eToro-Momentum-LS.TradingNode:  Copyright (C) 2015-2026. All rights reserved.
2026-06-08T20:00:02.018088526Z [INFO] eToro-Momentum-LS.TradingNode: =================================================================
2026-06-08T20:00:02.018088726Z [INFO] eToro-Momentum-LS.TradingNode: 
2026-06-08T20:00:02.018088907Z [INFO] eToro-Momentum-LS.TradingNode: ⠀⠀⠀⠀⠀⠀⠀⠀⠀⠀⠀⠀⠀⣠⣴⣶⡟⠀⠀⠀⠀⠀⠀⠀⠀⠀⠀⠀⠀⠀⠀
2026-06-08T20:00:02.018089127Z [INFO] eToro-Momentum-LS.TradingNode: ⠀⠀⠀⠀⠀⠀⠀⠀⠀⠀⠀⣰⣾⣿⣿⣿⠀⢸⣿⣿⣿⣿⣶⣶⣤⣀⠀⠀⠀⠀⠀
2026-06-08T20:00:02.018089307Z [INFO] eToro-Momentum-LS.TradingNode: ⠀⠀⠀⠀⠀⠀⢀⣴⡇⢀⣾⣿⣿⣿⣿⣿⠀⣾⣿⣿⣿⣿⣿⣿⣿⠿⠓⠀⠀⠀⠀
2026-06-08T20:00:02.018089588Z [INFO] eToro-Momentum-LS.TradingNode: ⠀⠀⠀⠀⠀⣰⣿⣿⡀⢸⣿⣿⣿⣿⣿⣿⠀⣿⣿⣿⣿⣿⣿⠟⠁⣠⣄⠀⠀⠀⠀
2026-06-08T20:00:02.018089858Z [INFO] eToro-Momentum-LS.TradingNode: ⠀⠀⠀⠀⢠⣿⣿⣿⣇⠀⢿⣿⣿⣿⣿⣿⠀⢻⣿⣿⣿⡿⢃⣠⣾⣿⣿⣧⡀⠀⠀
2026-06-08T20:00:02.018090019Z [INFO] eToro-Momentum-LS.TradingNode: ⠀⠀⠀⠠⣾⣿⣿⣿⣿⣿⣧⠈⠋⢀⣴⣧⠀⣿⡏⢠⡀⢸⣿⣿⣿⣿⣿⣿⣿⡇⠀
2026-06-08T20:00:02.018090139Z [INFO] eToro-Momentum-LS.TradingNode: ⠀⠀⠀⣀⠙⢿⣿⣿⣿⣿⣿⠇⢠⣿⣿⣿⡄⠹⠃⠼⠃⠈⠉⠛⠛⠛⠛⠛⠻⠇⠀
2026-06-08T20:00:02.018090540Z [INFO] eToro-Momentum-LS.TradingNode: ⠀⠀⢸⡟⢠⣤⠉⠛⠿⢿⣿⠀⢸⣿⡿⠋⣠⣤⣄⠀⣾⣿⣿⣶⣶⣶⣦⡄⠀⠀⠀
2026-06-08T20:00:02.018090870Z [INFO] eToro-Momentum-LS.TradingNode: ⠀⠀⠸⠀⣾⠏⣸⣷⠂⣠⣤⠀⠘⢁⣴⣾⣿⣿⣿⡆⠘⣿⣿⣿⣿⣿⣿⠀⠀⠀⠀
2026-06-08T20:00:02.018091091Z [INFO] eToro-Momentum-LS.TradingNode: ⠀⠀⠀⠀⠛⠀⣿⡟⠀⢻⣿⡄⠸⣿⣿⣿⣿⣿⣿⣿⡀⠘⣿⣿⣿⣿⠟⠀⠀⠀⠀
2026-06-08T20:00:02.018091371Z [INFO] eToro-Momentum-LS.TradingNode: ⠀⠀⠀⠀⠀⠀⣿⠇⠀⠀⢻⡿⠀⠈⠻⣿⣿⣿⣿⣿⡇⠀⢹⣿⠿⠋⠀⠀⠀⠀⠀
2026-06-08T20:00:02.018091552Z [INFO] eToro-Momentum-LS.TradingNode: ⠀⠀⠀⠀⠀⠀⠋⠀⠀⠀⡘⠁⠀⠀⠀⠀⠀⠀⠀⠀⠀⠀⠈⠁⠀⠀⠀⠀⠀⠀⠀
2026-06-08T20:00:02.018091762Z [INFO] eToro-Momentum-LS.TradingNode: 
2026-06-08T20:00:02.018091852Z [INFO] eToro-Momentum-LS.TradingNode: =================================================================
2026-06-08T20:00:02.018092153Z [INFO] eToro-Momentum-LS.TradingNode:  SYSTEM SPECIFICATION
2026-06-08T20:00:02.018092263Z [INFO] eToro-Momentum-LS.TradingNode: =================================================================
2026-06-08T20:00:02.018092694Z [INFO] eToro-Momentum-LS.TradingNode: CPU architecture: AMD Ryzen AI 9 HX 370 w/ Radeon 890M
2026-06-08T20:00:02.018093195Z [INFO] eToro-Momentum-LS.TradingNode: CPU(s): 24 @ 5103 MHz
2026-06-08T20:00:02.018093595Z [INFO] eToro-Momentum-LS.TradingNode: OS: kernel-6.17.0-35-generic Linux (Ubuntu 24.04)
2026-06-08T20:00:02.018118372Z [INFO] eToro-Momentum-LS.TradingNode: =================================================================
2026-06-08T20:00:02.018118743Z [INFO] eToro-Momentum-LS.TradingNode:  MEMORY USAGE
2026-06-08T20:00:02.018118863Z [INFO] eToro-Momentum-LS.TradingNode: =================================================================
2026-06-08T20:00:02.018120917Z [INFO] eToro-Momentum-LS.TradingNode: RAM-Total: 28.99 GiB
2026-06-08T20:00:02.018121317Z [INFO] eToro-Momentum-LS.TradingNode: RAM-Used: 4.82 GiB (16.61%)
2026-06-08T20:00:02.018121818Z [INFO] eToro-Momentum-LS.TradingNode: RAM-Avail: 24.17 GiB (83.39%)
2026-06-08T20:00:02.018122179Z [INFO] eToro-Momentum-LS.TradingNode: Swap-Total: 8.00 GiB
2026-06-08T20:00:02.018122560Z [INFO] eToro-Momentum-LS.TradingNode: Swap-Used: 0.00 GiB (0.00%)
2026-06-08T20:00:02.018124493Z [INFO] eToro-Momentum-LS.TradingNode: Swap-Avail: 8.00 GiB (100.00%)
2026-06-08T20:00:02.018126848Z [INFO] eToro-Momentum-LS.TradingNode: =================================================================
2026-06-08T20:00:02.018127068Z [INFO] eToro-Momentum-LS.TradingNode:  IDENTIFIERS
2026-06-08T20:00:02.018127329Z [INFO] eToro-Momentum-LS.TradingNode: =================================================================
2026-06-08T20:00:02.018128230Z [INFO] eToro-Momentum-LS.TradingNode: trader_id: eToro-Momentum-LS
2026-06-08T20:00:02.018128591Z [INFO] eToro-Momentum-LS.TradingNode: machine_id: user-AI-Series
2026-06-08T20:00:02.018129853Z [INFO] eToro-Momentum-LS.TradingNode: instance_id: d94ea0fa-5af6-4273-8c21-933335378f63
2026-06-08T20:00:02.018130114Z [INFO] eToro-Momentum-LS.TradingNode: PID: 74771
2026-06-08T20:00:02.018130475Z [INFO] eToro-Momentum-LS.TradingNode: =================================================================
2026-06-08T20:00:02.018130585Z [INFO] eToro-Momentum-LS.TradingNode:  VERSIONING
2026-06-08T20:00:02.018130865Z [INFO] eToro-Momentum-LS.TradingNode: =================================================================
2026-06-08T20:00:02.018142788Z [INFO] eToro-Momentum-LS.TradingNode: nautilus_trader: 1.227.0
2026-06-08T20:00:02.018146985Z [INFO] eToro-Momentum-LS.TradingNode: python: 3.12.3
2026-06-08T20:00:02.018149791Z [INFO] eToro-Momentum-LS.TradingNode: numpy: 2.4.6
2026-06-08T20:00:02.018152145Z [INFO] eToro-Momentum-LS.TradingNode: pandas: 2.3.3
2026-06-08T20:00:02.018153959Z [INFO] eToro-Momentum-LS.TradingNode: msgspec: 0.21.1
2026-06-08T20:00:02.018156073Z [INFO] eToro-Momentum-LS.TradingNode: pyarrow: 24.0.0
2026-06-08T20:00:02.018158527Z [INFO] eToro-Momentum-LS.TradingNode: pytz: 2026.2
2026-06-08T20:00:02.018160391Z [INFO] eToro-Momentum-LS.TradingNode: uvloop: 0.22.1
2026-06-08T20:00:02.018160501Z [INFO] eToro-Momentum-LS.TradingNode: =================================================================
2026-06-08T20:00:02.018170610Z [INFO] eToro-Momentum-LS.TradingNode: Building system kernel
2026-06-08T20:00:02.018280586Z [DEBUG] eToro-Momentum-LS.TradingNode: Event loop signal handling setup for (<Signals.SIGTERM: 15>, <Signals.SIGINT: 2>, <Signals.SIGABRT: 6>)
2026-06-08T20:00:02.018295003Z [INFO] eToro-Momentum-LS.MessageBus: config.database=None
2026-06-08T20:00:02.018295614Z [INFO] eToro-Momentum-LS.MessageBus: config.encoding='msgpack'
2026-06-08T20:00:02.018296576Z [INFO] eToro-Momentum-LS.MessageBus: config.timestamps_as_iso8601=False
2026-06-08T20:00:02.018297087Z [INFO] eToro-Momentum-LS.MessageBus: config.buffer_interval_ms=None
2026-06-08T20:00:02.018297438Z [INFO] eToro-Momentum-LS.MessageBus: config.autotrim_mins=None
2026-06-08T20:00:02.018297838Z [INFO] eToro-Momentum-LS.MessageBus: config.use_trader_prefix=True
2026-06-08T20:00:02.018298309Z [INFO] eToro-Momentum-LS.MessageBus: config.use_trader_id=True
2026-06-08T20:00:02.018298850Z [INFO] eToro-Momentum-LS.MessageBus: config.use_instance_id=False
2026-06-08T20:00:02.018299541Z [INFO] eToro-Momentum-LS.MessageBus: config.streams_prefix='stream'
2026-06-08T20:00:02.018299882Z [INFO] eToro-Momentum-LS.MessageBus: config.types_filter=None
2026-06-08T20:00:02.018327524Z [DEBUG] eToro-Momentum-LS.MessageBus: Added Subscription(topic=commands.system.shutdown, handler=<bound method NautilusKernel._on_shutdown_system of <nautilus_trader.system.kernel.NautilusKernel object at 0x7991ceaefda0>>, priority=0)
2026-06-08T20:00:02.018343504Z [INFO] eToro-Momentum-LS.Cache: READY
2026-06-08T20:00:02.018773159Z [DEBUG] eToro-Momentum-LS.MessageBus: Added endpoint 'Portfolio.update_account' <bound method Portfolio.update_account of <nautilus_trader.portfolio.portfolio.Portfolio object at 0x7991d0ec8d40>>
2026-06-08T20:00:02.018774893Z [DEBUG] eToro-Momentum-LS.MessageBus: Added endpoint 'Portfolio.update_order' <bound method Portfolio.update_order of <nautilus_trader.portfolio.portfolio.Portfolio object at 0x7991d0ec8d40>>
2026-06-08T20:00:02.018776015Z [DEBUG] eToro-Momentum-LS.MessageBus: Added endpoint 'Portfolio.update_position' <bound method Portfolio.update_position of <nautilus_trader.portfolio.portfolio.Portfolio object at 0x7991d0ec8d40>>
2026-06-08T20:00:02.018779702Z [DEBUG] eToro-Momentum-LS.MessageBus: Added Subscription(topic=events.order.*, handler=<bound method Portfolio.on_order_event of <nautilus_trader.portfolio.portfolio.Portfolio object at 0x7991d0ec8d40>>, priority=10)
2026-06-08T20:00:02.018782377Z [DEBUG] eToro-Momentum-LS.MessageBus: Added Subscription(topic=events.position.*, handler=<bound method Portfolio.on_position_event of <nautilus_trader.portfolio.portfolio.Portfolio object at 0x7991d0ec8d40>>, priority=10)
2026-06-08T20:00:02.018784681Z [DEBUG] eToro-Momentum-LS.MessageBus: Added Subscription(topic=data.quotes.*, handler=<bound method Portfolio.update_quote_tick of <nautilus_trader.portfolio.portfolio.Portfolio object at 0x7991d0ec8d40>>, priority=10)
2026-06-08T20:00:02.018787276Z [DEBUG] eToro-Momentum-LS.MessageBus: Added Subscription(topic=data.bars.*EXTERNAL, handler=<bound method Portfolio.update_bar of <nautilus_trader.portfolio.portfolio.Portfolio object at 0x7991d0ec8d40>>, priority=10)
2026-06-08T20:00:02.018844152Z [INFO] eToro-Momentum-LS.DataEngine: READY
2026-06-08T20:00:02.018893946Z [DEBUG] eToro-Momentum-LS.MessageBus: Added endpoint 'DataEngine.execute' <bound method LiveDataEngine.execute of LiveDataEngine(DataEngine)>
2026-06-08T20:00:02.018894948Z [DEBUG] eToro-Momentum-LS.MessageBus: Added endpoint 'DataEngine.process' <bound method LiveDataEngine.process of LiveDataEngine(DataEngine)>
2026-06-08T20:00:02.018896230Z [DEBUG] eToro-Momentum-LS.MessageBus: Added endpoint 'DataEngine.request' <bound method LiveDataEngine.request of LiveDataEngine(DataEngine)>
2026-06-08T20:00:02.018897372Z [DEBUG] eToro-Momentum-LS.MessageBus: Added endpoint 'DataEngine.response' <bound method LiveDataEngine.response of LiveDataEngine(DataEngine)>
2026-06-08T20:00:02.018898585Z [DEBUG] eToro-Momentum-LS.MessageBus: Added endpoint 'DataEngine.process_historical' <bound method DataEngine.process_historical of LiveDataEngine(DataEngine)>
2026-06-08T20:00:02.018935744Z [INFO] eToro-Momentum-LS.DataEngine: config.graceful_shutdown_on_exception=False
2026-06-08T20:00:02.018956764Z [INFO] eToro-Momentum-LS.RiskEngine: READY
2026-06-08T20:00:02.018980037Z [INFO] eToro-Momentum-LS.RiskEngine: TradingState is ACTIVE
2026-06-08T20:00:02.019025272Z [INFO] eToro-Momentum-LS.Throttler-ORDER_SUBMIT_THROTTLER: READY
2026-06-08T20:00:02.019040380Z [INFO] eToro-Momentum-LS.RiskEngine: Set MAX_ORDER_SUBMIT_RATE: 100/00:00:01
2026-06-08T20:00:02.019049477Z [INFO] eToro-Momentum-LS.Throttler-ORDER_MODIFY_THROTTLER: READY
2026-06-08T20:00:02.019052754Z [INFO] eToro-Momentum-LS.RiskEngine: Set MAX_ORDER_MODIFY_RATE: 100/00:00:01
2026-06-08T20:00:02.019057703Z [DEBUG] eToro-Momentum-LS.MessageBus: Added endpoint 'RiskEngine.execute' <bound method LiveRiskEngine.execute of LiveRiskEngine(RiskEngine)>
2026-06-08T20:00:02.019058705Z [DEBUG] eToro-Momentum-LS.MessageBus: Added endpoint 'RiskEngine.process' <bound method LiveRiskEngine.process of LiveRiskEngine(RiskEngine)>
2026-06-08T20:00:02.019061841Z [DEBUG] eToro-Momentum-LS.MessageBus: Added Subscription(topic=events.order.*, handler=<bound method RiskEngine._handle_event of LiveRiskEngine(RiskEngine)>, priority=10)
2026-06-08T20:00:02.019063404Z [DEBUG] eToro-Momentum-LS.MessageBus: Added Subscription(topic=events.position.*, handler=<bound method RiskEngine._handle_event of LiveRiskEngine(RiskEngine)>, priority=10)
2026-06-08T20:00:02.019071308Z [INFO] eToro-Momentum-LS.RiskEngine: config.graceful_shutdown_on_exception=False
2026-06-08T20:00:02.019097067Z [INFO] eToro-Momentum-LS.ExecEngine: READY
2026-06-08T20:00:02.019112846Z [INFO] eToro-Momentum-LS.ExecEngine: config.snapshot_orders=False
2026-06-08T20:00:02.019113287Z [INFO] eToro-Momentum-LS.ExecEngine: config.snapshot_positions=False
2026-06-08T20:00:02.019113698Z [INFO] eToro-Momentum-LS.ExecEngine: config.snapshot_positions_interval_secs=None
2026-06-08T20:00:02.019113978Z [INFO] eToro-Momentum-LS.ExecEngine: config.allow_overfills=False
2026-06-08T20:00:02.019115311Z [DEBUG] eToro-Momentum-LS.MessageBus: Added endpoint 'ExecEngine.execute' <bound method LiveExecutionEngine.execute of LiveExecutionEngine(ExecEngine)>
2026-06-08T20:00:02.019116162Z [DEBUG] eToro-Momentum-LS.MessageBus: Added endpoint 'ExecEngine.process' <bound method LiveExecutionEngine.process of LiveExecutionEngine(ExecEngine)>
2026-06-08T20:00:02.019142211Z [INFO] eToro-Momentum-LS.ExecEngine: config.reconciliation=True
2026-06-08T20:00:02.019142782Z [INFO] eToro-Momentum-LS.ExecEngine: config.reconciliation_lookback_mins=None
2026-06-08T20:00:02.019143213Z [INFO] eToro-Momentum-LS.ExecEngine: config.reconciliation_instrument_ids=None
2026-06-08T20:00:02.019143574Z [INFO] eToro-Momentum-LS.ExecEngine: config.filter_unclaimed_external_orders=False
2026-06-08T20:00:02.019143884Z [INFO] eToro-Momentum-LS.ExecEngine: config.filter_position_reports=False
2026-06-08T20:00:02.019144205Z [INFO] eToro-Momentum-LS.ExecEngine: config.filtered_client_order_ids=None
2026-06-08T20:00:02.019144806Z [INFO] eToro-Momentum-LS.ExecEngine: config.inflight_check_interval_ms=2000
2026-06-08T20:00:02.019145157Z [INFO] eToro-Momentum-LS.ExecEngine: config.inflight_check_threshold_ms=5000
2026-06-08T20:00:02.019145608Z [INFO] eToro-Momentum-LS.ExecEngine: config.inflight_check_retries=5
2026-06-08T20:00:02.019145888Z [INFO] eToro-Momentum-LS.ExecEngine: config.own_books_audit_interval_secs=None
2026-06-08T20:00:02.019146129Z [INFO] eToro-Momentum-LS.ExecEngine: config.open_check_interval_secs=None
2026-06-08T20:00:02.019146389Z [INFO] eToro-Momentum-LS.ExecEngine: config.open_check_open_only=True
2026-06-08T20:00:02.019147050Z [INFO] eToro-Momentum-LS.ExecEngine: config.open_check_lookback_mins=60
2026-06-08T20:00:02.019147361Z [INFO] eToro-Momentum-LS.ExecEngine: config.open_check_threshold_ms=5000
2026-06-08T20:00:02.019147631Z [INFO] eToro-Momentum-LS.ExecEngine: config.open_check_missing_retries=5
2026-06-08T20:00:02.019148102Z [INFO] eToro-Momentum-LS.ExecEngine: config.max_single_order_queries_per_cycle=10
2026-06-08T20:00:02.019148513Z [INFO] eToro-Momentum-LS.ExecEngine: config.single_order_query_delay_ms=100
2026-06-08T20:00:02.019148794Z [INFO] eToro-Momentum-LS.ExecEngine: config.position_check_interval_secs=None
2026-06-08T20:00:02.019149154Z [INFO] eToro-Momentum-LS.ExecEngine: config.position_check_lookback_mins=60
2026-06-08T20:00:02.019149505Z [INFO] eToro-Momentum-LS.ExecEngine: config.position_check_threshold_ms=5000
2026-06-08T20:00:02.019149856Z [INFO] eToro-Momentum-LS.ExecEngine: config.position_check_retries=3
2026-06-08T20:00:02.019152831Z [INFO] eToro-Momentum-LS.ExecEngine: config.reconciliation_startup_delay_secs=10.0
2026-06-08T20:00:02.019153172Z [INFO] eToro-Momentum-LS.ExecEngine: config.purge_closed_orders_interval_mins=None
2026-06-08T20:00:02.019153593Z [INFO] eToro-Momentum-LS.ExecEngine: config.purge_closed_orders_buffer_mins=None
2026-06-08T20:00:02.019153913Z [INFO] eToro-Momentum-LS.ExecEngine: config.purge_closed_positions_interval_mins=None
2026-06-08T20:00:02.019154374Z [INFO] eToro-Momentum-LS.ExecEngine: config.purge_closed_positions_buffer_mins=None
2026-06-08T20:00:02.019154785Z [INFO] eToro-Momentum-LS.ExecEngine: config.purge_account_events_interval_mins=None
2026-06-08T20:00:02.019155156Z [INFO] eToro-Momentum-LS.ExecEngine: config.purge_account_events_lookback_mins=None
2026-06-08T20:00:02.019155496Z [INFO] eToro-Momentum-LS.ExecEngine: config.purge_from_database=False
2026-06-08T20:00:02.019155847Z [INFO] eToro-Momentum-LS.ExecEngine: config.graceful_shutdown_on_exception=False
2026-06-08T20:00:02.019161888Z [DEBUG] eToro-Momentum-LS.MessageBus: Added endpoint 'ExecEngine.reconcile_execution_report' <bound method LiveExecutionEngine.reconcile_execution_report of LiveExecutionEngine(ExecEngine)>
2026-06-08T20:00:02.019162960Z [DEBUG] eToro-Momentum-LS.MessageBus: Added endpoint 'ExecEngine.reconcile_execution_mass_status' <bound method LiveExecutionEngine.reconcile_execution_mass_status of LiveExecutionEngine(ExecEngine)>
2026-06-08T20:00:02.019171106Z [DEBUG] eToro-Momentum-LS.Cache: Clearing index
2026-06-08T20:00:02.019172067Z [DEBUG] eToro-Momentum-LS.Cache: Cleared index
2026-06-08T20:00:02.019173770Z [DEBUG] eToro-Momentum-LS.ExecEngine: clear_index took 0ms
2026-06-08T20:00:02.019176616Z [DEBUG] eToro-Momentum-LS.Cache: Loading general cache from database
2026-06-08T20:00:02.019179972Z [INFO] eToro-Momentum-LS.Cache: Cached 0 general objects from database
2026-06-08T20:00:02.019181114Z [DEBUG] eToro-Momentum-LS.ExecEngine: cache_general took 0ms
2026-06-08T20:00:02.019183138Z [DEBUG] eToro-Momentum-LS.Cache: Loading currencies from database
2026-06-08T20:00:02.019184541Z [INFO] eToro-Momentum-LS.Cache: Cached 0 currencies from database
2026-06-08T20:00:02.019185462Z [DEBUG] eToro-Momentum-LS.ExecEngine: cache_currencies took 0ms
2026-06-08T20:00:02.019186074Z [DEBUG] eToro-Momentum-LS.Cache: Loading instruments from database
2026-06-08T20:00:02.019186645Z [INFO] eToro-Momentum-LS.Cache: Cached 0 instruments from database
2026-06-08T20:00:02.019187336Z [DEBUG] eToro-Momentum-LS.ExecEngine: cache_instruments took 0ms
2026-06-08T20:00:02.019188318Z [DEBUG] eToro-Momentum-LS.Cache: Loading accounts from database
2026-06-08T20:00:02.019189119Z [INFO] eToro-Momentum-LS.Cache: Cached 0 accounts from database
2026-06-08T20:00:02.019189760Z [DEBUG] eToro-Momentum-LS.ExecEngine: cache_accounts took 0ms
2026-06-08T20:00:02.019190362Z [DEBUG] eToro-Momentum-LS.Cache: Loading orders from database
2026-06-08T20:00:02.019191213Z [INFO] eToro-Momentum-LS.Cache: Cached 0 orders from database
2026-06-08T20:00:02.019192135Z [DEBUG] eToro-Momentum-LS.ExecEngine: cache_orders took 0ms
2026-06-08T20:00:02.019192776Z [DEBUG] eToro-Momentum-LS.Cache: Loading order lists
2026-06-08T20:00:02.019193878Z [INFO] eToro-Momentum-LS.Cache: Cached 0 order lists from database
2026-06-08T20:00:02.019194730Z [DEBUG] eToro-Momentum-LS.ExecEngine: cache_order_lists took 0ms
2026-06-08T20:00:02.019195241Z [DEBUG] eToro-Momentum-LS.Cache: Loading positions from database
2026-06-08T20:00:02.019195862Z [INFO] eToro-Momentum-LS.Cache: Cached 0 positions from database
2026-06-08T20:00:02.019196633Z [DEBUG] eToro-Momentum-LS.ExecEngine: cache_positions took 0ms
2026-06-08T20:00:02.019197385Z [DEBUG] eToro-Momentum-LS.Cache: Building index
2026-06-08T20:00:02.019201833Z [DEBUG] eToro-Momentum-LS.Cache: Index built in 0.000s
2026-06-08T20:00:02.019202605Z [DEBUG] eToro-Momentum-LS.ExecEngine: build_index took 0ms
2026-06-08T20:00:02.019204779Z [INFO] eToro-Momentum-LS.Cache: Checking data integrity
2026-06-08T20:00:02.019214096Z [INFO] eToro-Momentum-LS.Cache: Integrity check passed in 7μs
2026-06-08T20:00:02.019215158Z [DEBUG] eToro-Momentum-LS.ExecEngine: check_integrity took 0ms
2026-06-08T20:00:02.019221139Z [DEBUG] eToro-Momentum-LS.ExecEngine: _set_position_id_counts took 0ms
2026-06-08T20:00:02.019222291Z [INFO] eToro-Momentum-LS.ExecEngine: Loaded cache in 0ms
2026-06-08T20:00:02.019245154Z [INFO] eToro-Momentum-LS.OrderEmulator: READY
2026-06-08T20:00:02.019260874Z [DEBUG] eToro-Momentum-LS.MessageBus: Added endpoint 'OrderEmulator.execute' <bound method OrderEmulator.execute of OrderEmulator(OrderEmulator)>
2026-06-08T20:00:02.019270402Z [INFO] eToro-Momentum-LS.eToro-Momentum-LS: READY
2026-06-08T20:00:02.019283566Z [INFO] eToro-Momentum-LS.TradingNode: Initialized in 2ms
2026-06-08T20:00:02.019291942Z [INFO] eToro-Momentum-LS.TradingNode: has_cache_backing=False
2026-06-08T20:00:02.019292373Z [INFO] eToro-Momentum-LS.TradingNode: has_msgbus_backing=False
2026-06-08T20:00:02.021065387Z [INFO] eToro-Momentum-LS.MLS_FlashCrashReversalStrategy_SMTC.ETORO_0: READY
2026-06-08T20:00:02.021098048Z [DEBUG] eToro-Momentum-LS.MessageBus: Added Subscription(topic=events.order.MLS_FlashCrashReversalStrategy_SMTC.ETORO_0-000, handler=<bound method Strategy.handle_event of FlashCrashReversalStrategy(MLS_FlashCrashReversalStrategy_SMTC.ETORO_0-000)>, priority=0)
2026-06-08T20:00:02.021100303Z [DEBUG] eToro-Momentum-LS.MessageBus: Added Subscription(topic=events.position.MLS_FlashCrashReversalStrategy_SMTC.ETORO_0-000, handler=<bound method Strategy.handle_event of FlashCrashReversalStrategy(MLS_FlashCrashReversalStrategy_SMTC.ETORO_0-000)>, priority=0)
2026-06-08T20:00:02.021107646Z [INFO] eToro-Momentum-LS.ExecEngine: Registered OMS.UNSPECIFIED for Strategy MLS_FlashCrashReversalStrategy_SMTC.ETORO_0-000
2026-06-08T20:00:02.021110061Z [INFO] eToro-Momentum-LS.eToro-Momentum-LS: Registered Strategy MLS_FlashCrashReversalStrategy_SMTC.ETORO_0-000
2026-06-08T20:00:02.021297252Z [INFO] eToro-Momentum-LS.MLS_FlashCrashReversalStrategy_SMTC.ETORO_1: READY
2026-06-08T20:00:02.021313843Z [DEBUG] eToro-Momentum-LS.MessageBus: Added Subscription(topic=events.order.MLS_FlashCrashReversalStrategy_SMTC.ETORO_1-001, handler=<bound method Strategy.handle_event of FlashCrashReversalStrategy(MLS_FlashCrashReversalStrategy_SMTC.ETORO_1-001)>, priority=0)
2026-06-08T20:00:02.021315807Z [DEBUG] eToro-Momentum-LS.MessageBus: Added Subscription(topic=events.position.MLS_FlashCrashReversalStrategy_SMTC.ETORO_1-001, handler=<bound method Strategy.handle_event of FlashCrashReversalStrategy(MLS_FlashCrashReversalStrategy_SMTC.ETORO_1-001)>, priority=0)
2026-06-08T20:00:02.021317430Z [INFO] eToro-Momentum-LS.ExecEngine: Registered OMS.UNSPECIFIED for Strategy MLS_FlashCrashReversalStrategy_SMTC.ETORO_1-001
2026-06-08T20:00:02.021318462Z [INFO] eToro-Momentum-LS.eToro-Momentum-LS: Registered Strategy MLS_FlashCrashReversalStrategy_SMTC.ETORO_1-001
2026-06-08T20:00:02.021370680Z [INFO] eToro-Momentum-LS.MLS_FlashCrashReversalStrategy_SMTC.ETORO_2: READY
2026-06-08T20:00:02.021379767Z [DEBUG] eToro-Momentum-LS.MessageBus: Added Subscription(topic=events.order.MLS_FlashCrashReversalStrategy_SMTC.ETORO_2-002, handler=<bound method Strategy.handle_event of FlashCrashReversalStrategy(MLS_FlashCrashReversalStrategy_SMTC.ETORO_2-002)>, priority=0)
2026-06-08T20:00:02.021381480Z [DEBUG] eToro-Momentum-LS.MessageBus: Added Subscription(topic=events.position.MLS_FlashCrashReversalStrategy_SMTC.ETORO_2-002, handler=<bound method Strategy.handle_event of FlashCrashReversalStrategy(MLS_FlashCrashReversalStrategy_SMTC.ETORO_2-002)>, priority=0)
2026-06-08T20:00:02.021382412Z [INFO] eToro-Momentum-LS.ExecEngine: Registered OMS.UNSPECIFIED for Strategy MLS_FlashCrashReversalStrategy_SMTC.ETORO_2-002
2026-06-08T20:00:02.021383143Z [INFO] eToro-Momentum-LS.eToro-Momentum-LS: Registered Strategy MLS_FlashCrashReversalStrategy_SMTC.ETORO_2-002
2026-06-08T20:00:02.021424230Z [INFO] eToro-Momentum-LS.MLS_FlashCrashReversalStrategy_SMTC.ETORO_3: READY
2026-06-08T20:00:02.021433026Z [DEBUG] eToro-Momentum-LS.MessageBus: Added Subscription(topic=events.order.MLS_FlashCrashReversalStrategy_SMTC.ETORO_3-003, handler=<bound method Strategy.handle_event of FlashCrashReversalStrategy(MLS_FlashCrashReversalStrategy_SMTC.ETORO_3-003)>, priority=0)
2026-06-08T20:00:02.021434850Z [DEBUG] eToro-Momentum-LS.MessageBus: Added Subscription(topic=events.position.MLS_FlashCrashReversalStrategy_SMTC.ETORO_3-003, handler=<bound method Strategy.handle_event of FlashCrashReversalStrategy(MLS_FlashCrashReversalStrategy_SMTC.ETORO_3-003)>, priority=0)
2026-06-08T20:00:02.021435762Z [INFO] eToro-Momentum-LS.ExecEngine: Registered OMS.UNSPECIFIED for Strategy MLS_FlashCrashReversalStrategy_SMTC.ETORO_3-003
2026-06-08T20:00:02.021436683Z [INFO] eToro-Momentum-LS.eToro-Momentum-LS: Registered Strategy MLS_FlashCrashReversalStrategy_SMTC.ETORO_3-003
2026-06-08T20:00:02.021474184Z [INFO] eToro-Momentum-LS.MLS_FlashCrashReversalStrategy_SMTC.ETORO_4: READY
2026-06-08T20:00:02.021482740Z [DEBUG] eToro-Momentum-LS.MessageBus: Added Subscription(topic=events.order.MLS_FlashCrashReversalStrategy_SMTC.ETORO_4-004, handler=<bound method Strategy.handle_event of FlashCrashReversalStrategy(MLS_FlashCrashReversalStrategy_SMTC.ETORO_4-004)>, priority=0)
2026-06-08T20:00:02.021484493Z [DEBUG] eToro-Momentum-LS.MessageBus: Added Subscription(topic=events.position.MLS_FlashCrashReversalStrategy_SMTC.ETORO_4-004, handler=<bound method Strategy.handle_event of FlashCrashReversalStrategy(MLS_FlashCrashReversalStrategy_SMTC.ETORO_4-004)>, priority=0)
2026-06-08T20:00:02.021485314Z [INFO] eToro-Momentum-LS.ExecEngine: Registered OMS.UNSPECIFIED for Strategy MLS_FlashCrashReversalStrategy_SMTC.ETORO_4-004
2026-06-08T20:00:02.021485946Z [INFO] eToro-Momentum-LS.eToro-Momentum-LS: Registered Strategy MLS_FlashCrashReversalStrategy_SMTC.ETORO_4-004
2026-06-08T20:00:02.021518437Z [INFO] eToro-Momentum-LS.MLS_FlashCrashReversalStrategy_SMTC.ETORO_5: READY
2026-06-08T20:00:02.021525840Z [DEBUG] eToro-Momentum-LS.MessageBus: Added Subscription(topic=events.order.MLS_FlashCrashReversalStrategy_SMTC.ETORO_5-005, handler=<bound method Strategy.handle_event of FlashCrashReversalStrategy(MLS_FlashCrashReversalStrategy_SMTC.ETORO_5-005)>, priority=0)
2026-06-08T20:00:02.021527554Z [DEBUG] eToro-Momentum-LS.MessageBus: Added Subscription(topic=events.position.MLS_FlashCrashReversalStrategy_SMTC.ETORO_5-005, handler=<bound method Strategy.handle_event of FlashCrashReversalStrategy(MLS_FlashCrashReversalStrategy_SMTC.ETORO_5-005)>, priority=0)
2026-06-08T20:00:02.021528576Z [INFO] eToro-Momentum-LS.ExecEngine: Registered OMS.UNSPECIFIED for Strategy MLS_FlashCrashReversalStrategy_SMTC.ETORO_5-005
2026-06-08T20:00:02.021529758Z [INFO] eToro-Momentum-LS.eToro-Momentum-LS: Registered Strategy MLS_FlashCrashReversalStrategy_SMTC.ETORO_5-005
2026-06-08T20:00:02.021573500Z [INFO] eToro-Momentum-LS.MLS_FlashCrashReversalStrategy_SMTC.ETORO_6: READY
2026-06-08T20:00:02.021581034Z [DEBUG] eToro-Momentum-LS.MessageBus: Added Subscription(topic=events.order.MLS_FlashCrashReversalStrategy_SMTC.ETORO_6-006, handler=<bound method Strategy.handle_event of FlashCrashReversalStrategy(MLS_FlashCrashReversalStrategy_SMTC.ETORO_6-006)>, priority=0)
2026-06-08T20:00:02.021582717Z [DEBUG] eToro-Momentum-LS.MessageBus: Added Subscription(topic=events.position.MLS_FlashCrashReversalStrategy_SMTC.ETORO_6-006, handler=<bound method Strategy.handle_event of FlashCrashReversalStrategy(MLS_FlashCrashReversalStrategy_SMTC.ETORO_6-006)>, priority=0)
2026-06-08T20:00:02.021583579Z [INFO] eToro-Momentum-LS.ExecEngine: Registered OMS.UNSPECIFIED for Strategy MLS_FlashCrashReversalStrategy_SMTC.ETORO_6-006
2026-06-08T20:00:02.021584060Z [INFO] eToro-Momentum-LS.eToro-Momentum-LS: Registered Strategy MLS_FlashCrashReversalStrategy_SMTC.ETORO_6-006
2026-06-08T20:00:02.021618334Z [INFO] eToro-Momentum-LS.MLS_FlashCrashReversalStrategy_SEI.US.ETORO_7: READY
2026-06-08T20:00:02.021627421Z [DEBUG] eToro-Momentum-LS.MessageBus: Added Subscription(topic=events.order.MLS_FlashCrashReversalStrategy_SEI.US.ETORO_7-007, handler=<bound method Strategy.handle_event of FlashCrashReversalStrategy(MLS_FlashCrashReversalStrategy_SEI.US.ETORO_7-007)>, priority=0)
2026-06-08T20:00:02.021629515Z [DEBUG] eToro-Momentum-LS.MessageBus: Added Subscription(topic=events.position.MLS_FlashCrashReversalStrategy_SEI.US.ETORO_7-007, handler=<bound method Strategy.handle_event of FlashCrashReversalStrategy(MLS_FlashCrashReversalStrategy_SEI.US.ETORO_7-007)>, priority=0)
2026-06-08T20:00:02.021630557Z [INFO] eToro-Momentum-LS.ExecEngine: Registered OMS.UNSPECIFIED for Strategy MLS_FlashCrashReversalStrategy_SEI.US.ETORO_7-007
2026-06-08T20:00:02.021631168Z [INFO] eToro-Momentum-LS.eToro-Momentum-LS: Registered Strategy MLS_FlashCrashReversalStrategy_SEI.US.ETORO_7-007
2026-06-08T20:00:02.021661966Z [INFO] eToro-Momentum-LS.MLS_FlashCrashReversalStrategy_SEI.US.ETORO_8: READY
2026-06-08T20:00:02.021669630Z [DEBUG] eToro-Momentum-LS.MessageBus: Added Subscription(topic=events.order.MLS_FlashCrashReversalStrategy_SEI.US.ETORO_8-008, handler=<bound method Strategy.handle_event of FlashCrashReversalStrategy(MLS_FlashCrashReversalStrategy_SEI.US.ETORO_8-008)>, priority=0)
2026-06-08T20:00:02.021671413Z [DEBUG] eToro-Momentum-LS.MessageBus: Added Subscription(topic=events.position.MLS_FlashCrashReversalStrategy_SEI.US.ETORO_8-008, handler=<bound method Strategy.handle_event of FlashCrashReversalStrategy(MLS_FlashCrashReversalStrategy_SEI.US.ETORO_8-008)>, priority=0)
2026-06-08T20:00:02.021672345Z [INFO] eToro-Momentum-LS.ExecEngine: Registered OMS.UNSPECIFIED for Strategy MLS_FlashCrashReversalStrategy_SEI.US.ETORO_8-008
2026-06-08T20:00:02.021672916Z [INFO] eToro-Momentum-LS.eToro-Momentum-LS: Registered Strategy MLS_FlashCrashReversalStrategy_SEI.US.ETORO_8-008
2026-06-08T20:00:02.021702361Z [INFO] eToro-Momentum-LS.MLS_FlashCrashReversalStrategy_SEI.US.ETORO_9: READY
2026-06-08T20:00:02.021709835Z [DEBUG] eToro-Momentum-LS.MessageBus: Added Subscription(topic=events.order.MLS_FlashCrashReversalStrategy_SEI.US.ETORO_9-009, handler=<bound method Strategy.handle_event of FlashCrashReversalStrategy(MLS_FlashCrashReversalStrategy_SEI.US.ETORO_9-009)>, priority=0)
2026-06-08T20:00:02.021711679Z [DEBUG] eToro-Momentum-LS.MessageBus: Added Subscription(topic=events.position.MLS_FlashCrashReversalStrategy_SEI.US.ETORO_9-009, handler=<bound method Strategy.handle_event of FlashCrashReversalStrategy(MLS_FlashCrashReversalStrategy_SEI.US.ETORO_9-009)>, priority=0)
2026-06-08T20:00:02.021713192Z [INFO] eToro-Momentum-LS.ExecEngine: Registered OMS.UNSPECIFIED for Strategy MLS_FlashCrashReversalStrategy_SEI.US.ETORO_9-009
2026-06-08T20:00:02.021713783Z [INFO] eToro-Momentum-LS.eToro-Momentum-LS: Registered Strategy MLS_FlashCrashReversalStrategy_SEI.US.ETORO_9-009
2026-06-08T20:00:02.021765299Z [INFO] eToro-Momentum-LS.MLS_FlashCrashReversalStrategy_SEI.US.ETORO_10: READY
2026-06-08T20:00:02.021774026Z [DEBUG] eToro-Momentum-LS.MessageBus: Added Subscription(topic=events.order.MLS_FlashCrashReversalStrategy_SEI.US.ETORO_10-010, handler=<bound method Strategy.handle_event of FlashCrashReversalStrategy(MLS_FlashCrashReversalStrategy_SEI.US.ETORO_10-010)>, priority=0)
2026-06-08T20:00:02.021775829Z [DEBUG] eToro-Momentum-LS.MessageBus: Added Subscription(topic=events.position.MLS_FlashCrashReversalStrategy_SEI.US.ETORO_10-010, handler=<bound method Strategy.handle_event of FlashCrashReversalStrategy(MLS_FlashCrashReversalStrategy_SEI.US.ETORO_10-010)>, priority=0)
2026-06-08T20:00:02.021777031Z [INFO] eToro-Momentum-LS.ExecEngine: Registered OMS.UNSPECIFIED for Strategy MLS_FlashCrashReversalStrategy_SEI.US.ETORO_10-010
2026-06-08T20:00:02.021777723Z [INFO] eToro-Momentum-LS.eToro-Momentum-LS: Registered Strategy MLS_FlashCrashReversalStrategy_SEI.US.ETORO_10-010
2026-06-08T20:00:02.021809392Z [INFO] eToro-Momentum-LS.MLS_FlashCrashReversalStrategy_SEI.US.ETORO_11: READY
2026-06-08T20:00:02.021816896Z [DEBUG] eToro-Momentum-LS.MessageBus: Added Subscription(topic=events.order.MLS_FlashCrashReversalStrategy_SEI.US.ETORO_11-011, handler=<bound method Strategy.handle_event of FlashCrashReversalStrategy(MLS_FlashCrashReversalStrategy_SEI.US.ETORO_11-011)>, priority=0)
2026-06-08T20:00:02.021818609Z [DEBUG] eToro-Momentum-LS.MessageBus: Added Subscription(topic=events.position.MLS_FlashCrashReversalStrategy_SEI.US.ETORO_11-011, handler=<bound method Strategy.handle_event of FlashCrashReversalStrategy(MLS_FlashCrashReversalStrategy_SEI.US.ETORO_11-011)>, priority=0)
2026-06-08T20:00:02.021819691Z [INFO] eToro-Momentum-LS.ExecEngine: Registered OMS.UNSPECIFIED for Strategy MLS_FlashCrashReversalStrategy_SEI.US.ETORO_11-011
2026-06-08T20:00:02.021820383Z [INFO] eToro-Momentum-LS.eToro-Momentum-LS: Registered Strategy MLS_FlashCrashReversalStrategy_SEI.US.ETORO_11-011
2026-06-08T20:00:02.021852403Z [INFO] eToro-Momentum-LS.MLS_FlashCrashReversalStrategy_SEI.US.ETORO_12: READY
2026-06-08T20:00:02.021859436Z [DEBUG] eToro-Momentum-LS.MessageBus: Added Subscription(topic=events.order.MLS_FlashCrashReversalStrategy_SEI.US.ETORO_12-012, handler=<bound method Strategy.handle_event of FlashCrashReversalStrategy(MLS_FlashCrashReversalStrategy_SEI.US.ETORO_12-012)>, priority=0)
2026-06-08T20:00:02.021861129Z [DEBUG] eToro-Momentum-LS.MessageBus: Added Subscription(topic=events.position.MLS_FlashCrashReversalStrategy_SEI.US.ETORO_12-012, handler=<bound method Strategy.handle_event of FlashCrashReversalStrategy(MLS_FlashCrashReversalStrategy_SEI.US.ETORO_12-012)>, priority=0)
2026-06-08T20:00:02.021861991Z [INFO] eToro-Momentum-LS.ExecEngine: Registered OMS.UNSPECIFIED for Strategy MLS_FlashCrashReversalStrategy_SEI.US.ETORO_12-012
2026-06-08T20:00:02.021862552Z [INFO] eToro-Momentum-LS.eToro-Momentum-LS: Registered Strategy MLS_FlashCrashReversalStrategy_SEI.US.ETORO_12-012
2026-06-08T20:00:02.021894652Z [INFO] eToro-Momentum-LS.MLS_FlashCrashReversalStrategy_SEI.US.ETORO_13: READY
2026-06-08T20:00:02.021901695Z [DEBUG] eToro-Momentum-LS.MessageBus: Added Subscription(topic=events.order.MLS_FlashCrashReversalStrategy_SEI.US.ETORO_13-013, handler=<bound method Strategy.handle_event of FlashCrashReversalStrategy(MLS_FlashCrashReversalStrategy_SEI.US.ETORO_13-013)>, priority=0)
2026-06-08T20:00:02.021903388Z [DEBUG] eToro-Momentum-LS.MessageBus: Added Subscription(topic=events.position.MLS_FlashCrashReversalStrategy_SEI.US.ETORO_13-013, handler=<bound method Strategy.handle_event of FlashCrashReversalStrategy(MLS_FlashCrashReversalStrategy_SEI.US.ETORO_13-013)>, priority=0)
2026-06-08T20:00:02.021904090Z [INFO] eToro-Momentum-LS.ExecEngine: Registered OMS.UNSPECIFIED for Strategy MLS_FlashCrashReversalStrategy_SEI.US.ETORO_13-013
2026-06-08T20:00:02.021904911Z [INFO] eToro-Momentum-LS.eToro-Momentum-LS: Registered Strategy MLS_FlashCrashReversalStrategy_SEI.US.ETORO_13-013
2026-06-08T20:00:02.021946068Z [INFO] eToro-Momentum-LS.MLS_FlashCrashReversalStrategy_SEI.US.ETORO_14: READY
2026-06-08T20:00:02.021956598Z [DEBUG] eToro-Momentum-LS.MessageBus: Added Subscription(topic=events.order.MLS_FlashCrashReversalStrategy_SEI.US.ETORO_14-014, handler=<bound method Strategy.handle_event of FlashCrashReversalStrategy(MLS_FlashCrashReversalStrategy_SEI.US.ETORO_14-014)>, priority=0)
2026-06-08T20:00:02.021958472Z [DEBUG] eToro-Momentum-LS.MessageBus: Added Subscription(topic=events.position.MLS_FlashCrashReversalStrategy_SEI.US.ETORO_14-014, handler=<bound method Strategy.handle_event of FlashCrashReversalStrategy(MLS_FlashCrashReversalStrategy_SEI.US.ETORO_14-014)>, priority=0)
2026-06-08T20:00:02.021959313Z [INFO] eToro-Momentum-LS.ExecEngine: Registered OMS.UNSPECIFIED for Strategy MLS_FlashCrashReversalStrategy_SEI.US.ETORO_14-014
2026-06-08T20:00:02.021959954Z [INFO] eToro-Momentum-LS.eToro-Momentum-LS: Registered Strategy MLS_FlashCrashReversalStrategy_SEI.US.ETORO_14-014
2026-06-08T20:00:02.021989700Z [INFO] eToro-Momentum-LS.MLS_FlashCrashReversalStrategy_SEI.US.ETORO_15: READY
2026-06-08T20:00:02.021998497Z [DEBUG] eToro-Momentum-LS.MessageBus: Added Subscription(topic=events.order.MLS_FlashCrashReversalStrategy_SEI.US.ETORO_15-015, handler=<bound method Strategy.handle_event of FlashCrashReversalStrategy(MLS_FlashCrashReversalStrategy_SEI.US.ETORO_15-015)>, priority=0)
2026-06-08T20:00:02.022001863Z [DEBUG] eToro-Momentum-LS.MessageBus: Added Subscription(topic=events.position.MLS_FlashCrashReversalStrategy_SEI.US.ETORO_15-015, handler=<bound method Strategy.handle_event of FlashCrashReversalStrategy(MLS_FlashCrashReversalStrategy_SEI.US.ETORO_15-015)>, priority=0)
2026-06-08T20:00:02.022003045Z [INFO] eToro-Momentum-LS.ExecEngine: Registered OMS.UNSPECIFIED for Strategy MLS_FlashCrashReversalStrategy_SEI.US.ETORO_15-015
2026-06-08T20:00:02.022003776Z [INFO] eToro-Momentum-LS.eToro-Momentum-LS: Registered Strategy MLS_FlashCrashReversalStrategy_SEI.US.ETORO_15-015
2026-06-08T20:00:02.022034965Z [INFO] eToro-Momentum-LS.MLS_FlashCrashReversalStrategy_SEI.US.ETORO_16: READY
2026-06-08T20:00:02.022044062Z [DEBUG] eToro-Momentum-LS.MessageBus: Added Subscription(topic=events.order.MLS_FlashCrashReversalStrategy_SEI.US.ETORO_16-016, handler=<bound method Strategy.handle_event of FlashCrashReversalStrategy(MLS_FlashCrashReversalStrategy_SEI.US.ETORO_16-016)>, priority=0)
2026-06-08T20:00:02.022045996Z [DEBUG] eToro-Momentum-LS.MessageBus: Added Subscription(topic=events.position.MLS_FlashCrashReversalStrategy_SEI.US.ETORO_16-016, handler=<bound method Strategy.handle_event of FlashCrashReversalStrategy(MLS_FlashCrashReversalStrategy_SEI.US.ETORO_16-016)>, priority=0)
2026-06-08T20:00:02.022046817Z [INFO] eToro-Momentum-LS.ExecEngine: Registered OMS.UNSPECIFIED for Strategy MLS_FlashCrashReversalStrategy_SEI.US.ETORO_16-016
2026-06-08T20:00:02.022047418Z [INFO] eToro-Momentum-LS.eToro-Momentum-LS: Registered Strategy MLS_FlashCrashReversalStrategy_SEI.US.ETORO_16-016
2026-06-08T20:00:02.022079028Z [INFO] eToro-Momentum-LS.MLS_FlashCrashReversalStrategy_SEI.US.ETORO_17: READY
2026-06-08T20:00:02.022086892Z [DEBUG] eToro-Momentum-LS.MessageBus: Added Subscription(topic=events.order.MLS_FlashCrashReversalStrategy_SEI.US.ETORO_17-017, handler=<bound method Strategy.handle_event of FlashCrashReversalStrategy(MLS_FlashCrashReversalStrategy_SEI.US.ETORO_17-017)>, priority=0)
2026-06-08T20:00:02.022089207Z [DEBUG] eToro-Momentum-LS.MessageBus: Added Subscription(topic=events.position.MLS_FlashCrashReversalStrategy_SEI.US.ETORO_17-017, handler=<bound method Strategy.handle_event of FlashCrashReversalStrategy(MLS_FlashCrashReversalStrategy_SEI.US.ETORO_17-017)>, priority=0)
2026-06-08T20:00:02.022090118Z [INFO] eToro-Momentum-LS.ExecEngine: Registered OMS.UNSPECIFIED for Strategy MLS_FlashCrashReversalStrategy_SEI.US.ETORO_17-017
2026-06-08T20:00:02.022090760Z [INFO] eToro-Momentum-LS.eToro-Momentum-LS: Registered Strategy MLS_FlashCrashReversalStrategy_SEI.US.ETORO_17-017
2026-06-08T20:00:02.022119163Z [INFO] eToro-Momentum-LS.MLS_FlashCrashReversalStrategy_SEI.US.ETORO_18: READY
2026-06-08T20:00:02.022126497Z [DEBUG] eToro-Momentum-LS.MessageBus: Added Subscription(topic=events.order.MLS_FlashCrashReversalStrategy_SEI.US.ETORO_18-018, handler=<bound method Strategy.handle_event of FlashCrashReversalStrategy(MLS_FlashCrashReversalStrategy_SEI.US.ETORO_18-018)>, priority=0)
2026-06-08T20:00:02.022128240Z [DEBUG] eToro-Momentum-LS.MessageBus: Added Subscription(topic=events.position.MLS_FlashCrashReversalStrategy_SEI.US.ETORO_18-018, handler=<bound method Strategy.handle_event of FlashCrashReversalStrategy(MLS_FlashCrashReversalStrategy_SEI.US.ETORO_18-018)>, priority=0)
2026-06-08T20:00:02.022129372Z [INFO] eToro-Momentum-LS.ExecEngine: Registered OMS.UNSPECIFIED for Strategy MLS_FlashCrashReversalStrategy_SEI.US.ETORO_18-018
2026-06-08T20:00:02.022130003Z [INFO] eToro-Momentum-LS.eToro-Momentum-LS: Registered Strategy MLS_FlashCrashReversalStrategy_SEI.US.ETORO_18-018
2026-06-08T20:00:02.022160540Z [INFO] eToro-Momentum-LS.MLS_FlashCrashReversalStrategy_SEI.US.ETORO_19: READY
2026-06-08T20:00:02.022186599Z [DEBUG] eToro-Momentum-LS.MessageBus: Added Subscription(topic=events.order.MLS_FlashCrashReversalStrategy_SEI.US.ETORO_19-019, handler=<bound method Strategy.handle_event of FlashCrashReversalStrategy(MLS_FlashCrashReversalStrategy_SEI.US.ETORO_19-019)>, priority=0)
2026-06-08T20:00:02.022188433Z [DEBUG] eToro-Momentum-LS.MessageBus: Added Subscription(topic=events.position.MLS_FlashCrashReversalStrategy_SEI.US.ETORO_19-019, handler=<bound method Strategy.handle_event of FlashCrashReversalStrategy(MLS_FlashCrashReversalStrategy_SEI.US.ETORO_19-019)>, priority=0)
2026-06-08T20:00:02.022189595Z [INFO] eToro-Momentum-LS.ExecEngine: Registered OMS.UNSPECIFIED for Strategy MLS_FlashCrashReversalStrategy_SEI.US.ETORO_19-019
2026-06-08T20:00:02.022190246Z [INFO] eToro-Momentum-LS.eToro-Momentum-LS: Registered Strategy MLS_FlashCrashReversalStrategy_SEI.US.ETORO_19-019
2026-06-08T20:00:02.022223318Z [INFO] eToro-Momentum-LS.MLS_FlashCrashReversalStrategy_SEI.US.ETORO_20: READY
2026-06-08T20:00:02.022231443Z [DEBUG] eToro-Momentum-LS.MessageBus: Added Subscription(topic=events.order.MLS_FlashCrashReversalStrategy_SEI.US.ETORO_20-020, handler=<bound method Strategy.handle_event of FlashCrashReversalStrategy(MLS_FlashCrashReversalStrategy_SEI.US.ETORO_20-020)>, priority=0)
2026-06-08T20:00:02.022235230Z [DEBUG] eToro-Momentum-LS.MessageBus: Added Subscription(topic=events.position.MLS_FlashCrashReversalStrategy_SEI.US.ETORO_20-020, handler=<bound method Strategy.handle_event of FlashCrashReversalStrategy(MLS_FlashCrashReversalStrategy_SEI.US.ETORO_20-020)>, priority=0)
2026-06-08T20:00:02.022236162Z [INFO] eToro-Momentum-LS.ExecEngine: Registered OMS.UNSPECIFIED for Strategy MLS_FlashCrashReversalStrategy_SEI.US.ETORO_20-020
2026-06-08T20:00:02.022236894Z [INFO] eToro-Momentum-LS.eToro-Momentum-LS: Registered Strategy MLS_FlashCrashReversalStrategy_SEI.US.ETORO_20-020
2026-06-08T20:00:02.022267271Z [INFO] eToro-Momentum-LS.MLS_FlashCrashReversalStrategy_SEI.US.ETORO_21: READY
2026-06-08T20:00:02.022275075Z [DEBUG] eToro-Momentum-LS.MessageBus: Added Subscription(topic=events.order.MLS_FlashCrashReversalStrategy_SEI.US.ETORO_21-021, handler=<bound method Strategy.handle_event of FlashCrashReversalStrategy(MLS_FlashCrashReversalStrategy_SEI.US.ETORO_21-021)>, priority=0)
2026-06-08T20:00:02.022276939Z [DEBUG] eToro-Momentum-LS.MessageBus: Added Subscription(topic=events.position.MLS_FlashCrashReversalStrategy_SEI.US.ETORO_21-021, handler=<bound method Strategy.handle_event of FlashCrashReversalStrategy(MLS_FlashCrashReversalStrategy_SEI.US.ETORO_21-021)>, priority=0)
2026-06-08T20:00:02.022277991Z [INFO] eToro-Momentum-LS.ExecEngine: Registered OMS.UNSPECIFIED for Strategy MLS_FlashCrashReversalStrategy_SEI.US.ETORO_21-021
2026-06-08T20:00:02.022278652Z [INFO] eToro-Momentum-LS.eToro-Momentum-LS: Registered Strategy MLS_FlashCrashReversalStrategy_SEI.US.ETORO_21-021
2026-06-08T20:00:02.022307556Z [INFO] eToro-Momentum-LS.MLS_FlashCrashReversalStrategy_SEI.US.ETORO_22: READY
2026-06-08T20:00:02.022316433Z [DEBUG] eToro-Momentum-LS.MessageBus: Added Subscription(topic=events.order.MLS_FlashCrashReversalStrategy_SEI.US.ETORO_22-022, handler=<bound method Strategy.handle_event of FlashCrashReversalStrategy(MLS_FlashCrashReversalStrategy_SEI.US.ETORO_22-022)>, priority=0)
2026-06-08T20:00:02.022318747Z [DEBUG] eToro-Momentum-LS.MessageBus: Added Subscription(topic=events.position.MLS_FlashCrashReversalStrategy_SEI.US.ETORO_22-022, handler=<bound method Strategy.handle_event of FlashCrashReversalStrategy(MLS_FlashCrashReversalStrategy_SEI.US.ETORO_22-022)>, priority=0)
2026-06-08T20:00:02.022319488Z [INFO] eToro-Momentum-LS.ExecEngine: Registered OMS.UNSPECIFIED for Strategy MLS_FlashCrashReversalStrategy_SEI.US.ETORO_22-022
2026-06-08T20:00:02.022320029Z [INFO] eToro-Momentum-LS.eToro-Momentum-LS: Registered Strategy MLS_FlashCrashReversalStrategy_SEI.US.ETORO_22-022
2026-06-08T20:00:02.022348593Z [INFO] eToro-Momentum-LS.MLS_FlashCrashReversalStrategy_SEI.US.ETORO_23: READY
2026-06-08T20:00:02.022356348Z [DEBUG] eToro-Momentum-LS.MessageBus: Added Subscription(topic=events.order.MLS_FlashCrashReversalStrategy_SEI.US.ETORO_23-023, handler=<bound method Strategy.handle_event of FlashCrashReversalStrategy(MLS_FlashCrashReversalStrategy_SEI.US.ETORO_23-023)>, priority=0)
2026-06-08T20:00:02.022358081Z [DEBUG] eToro-Momentum-LS.MessageBus: Added Subscription(topic=events.position.MLS_FlashCrashReversalStrategy_SEI.US.ETORO_23-023, handler=<bound method Strategy.handle_event of FlashCrashReversalStrategy(MLS_FlashCrashReversalStrategy_SEI.US.ETORO_23-023)>, priority=0)
2026-06-08T20:00:02.022358782Z [INFO] eToro-Momentum-LS.ExecEngine: Registered OMS.UNSPECIFIED for Strategy MLS_FlashCrashReversalStrategy_SEI.US.ETORO_23-023
2026-06-08T20:00:02.022359283Z [INFO] eToro-Momentum-LS.eToro-Momentum-LS: Registered Strategy MLS_FlashCrashReversalStrategy_SEI.US.ETORO_23-023
2026-06-08T20:00:02.022391363Z [INFO] eToro-Momentum-LS.MLS_FlashCrashReversalStrategy_SEI.US.ETORO_24: READY
2026-06-08T20:00:02.022399228Z [DEBUG] eToro-Momentum-LS.MessageBus: Added Subscription(topic=events.order.MLS_FlashCrashReversalStrategy_SEI.US.ETORO_24-024, handler=<bound method Strategy.handle_event of FlashCrashReversalStrategy(MLS_FlashCrashReversalStrategy_SEI.US.ETORO_24-024)>, priority=0)
2026-06-08T20:00:02.022401442Z [DEBUG] eToro-Momentum-LS.MessageBus: Added Subscription(topic=events.position.MLS_FlashCrashReversalStrategy_SEI.US.ETORO_24-024, handler=<bound method Strategy.handle_event of FlashCrashReversalStrategy(MLS_FlashCrashReversalStrategy_SEI.US.ETORO_24-024)>, priority=0)
2026-06-08T20:00:02.022402153Z [INFO] eToro-Momentum-LS.ExecEngine: Registered OMS.UNSPECIFIED for Strategy MLS_FlashCrashReversalStrategy_SEI.US.ETORO_24-024
2026-06-08T20:00:02.022402704Z [INFO] eToro-Momentum-LS.eToro-Momentum-LS: Registered Strategy MLS_FlashCrashReversalStrategy_SEI.US.ETORO_24-024
2026-06-08T20:00:02.022432360Z [INFO] eToro-Momentum-LS.MLS_FlashCrashReversalStrategy_SEI.US.ETORO_25: READY
2026-06-08T20:00:02.022440696Z [DEBUG] eToro-Momentum-LS.MessageBus: Added Subscription(topic=events.order.MLS_FlashCrashReversalStrategy_SEI.US.ETORO_25-025, handler=<bound method Strategy.handle_event of FlashCrashReversalStrategy(MLS_FlashCrashReversalStrategy_SEI.US.ETORO_25-025)>, priority=0)
2026-06-08T20:00:02.022442589Z [DEBUG] eToro-Momentum-LS.MessageBus: Added Subscription(topic=events.position.MLS_FlashCrashReversalStrategy_SEI.US.ETORO_25-025, handler=<bound method Strategy.handle_event of FlashCrashReversalStrategy(MLS_FlashCrashReversalStrategy_SEI.US.ETORO_25-025)>, priority=0)
2026-06-08T20:00:02.022443260Z [INFO] eToro-Momentum-LS.ExecEngine: Registered OMS.UNSPECIFIED for Strategy MLS_FlashCrashReversalStrategy_SEI.US.ETORO_25-025
2026-06-08T20:00:02.022443801Z [INFO] eToro-Momentum-LS.eToro-Momentum-LS: Registered Strategy MLS_FlashCrashReversalStrategy_SEI.US.ETORO_25-025
2026-06-08T20:00:02.022472525Z [INFO] eToro-Momentum-LS.MLS_FlashCrashReversalStrategy_SEI.US.ETORO_26: READY
2026-06-08T20:00:02.022488145Z [DEBUG] eToro-Momentum-LS.MessageBus: Added Subscription(topic=events.order.MLS_FlashCrashReversalStrategy_SEI.US.ETORO_26-026, handler=<bound method Strategy.handle_event of FlashCrashReversalStrategy(MLS_FlashCrashReversalStrategy_SEI.US.ETORO_26-026)>, priority=0)
2026-06-08T20:00:02.022490008Z [DEBUG] eToro-Momentum-LS.MessageBus: Added Subscription(topic=events.position.MLS_FlashCrashReversalStrategy_SEI.US.ETORO_26-026, handler=<bound method Strategy.handle_event of FlashCrashReversalStrategy(MLS_FlashCrashReversalStrategy_SEI.US.ETORO_26-026)>, priority=0)
2026-06-08T20:00:02.022491010Z [INFO] eToro-Momentum-LS.ExecEngine: Registered OMS.UNSPECIFIED for Strategy MLS_FlashCrashReversalStrategy_SEI.US.ETORO_26-026
2026-06-08T20:00:02.022491711Z [INFO] eToro-Momentum-LS.eToro-Momentum-LS: Registered Strategy MLS_FlashCrashReversalStrategy_SEI.US.ETORO_26-026
2026-06-08T20:00:02.022524693Z [INFO] eToro-Momentum-LS.MLS_FlashCrashReversalStrategy_SEI.US.ETORO_27: READY
2026-06-08T20:00:02.022533470Z [DEBUG] eToro-Momentum-LS.MessageBus: Added Subscription(topic=events.order.MLS_FlashCrashReversalStrategy_SEI.US.ETORO_27-027, handler=<bound method Strategy.handle_event of FlashCrashReversalStrategy(MLS_FlashCrashReversalStrategy_SEI.US.ETORO_27-027)>, priority=0)
2026-06-08T20:00:02.022535253Z [DEBUG] eToro-Momentum-LS.MessageBus: Added Subscription(topic=events.position.MLS_FlashCrashReversalStrategy_SEI.US.ETORO_27-027, handler=<bound method Strategy.handle_event of FlashCrashReversalStrategy(MLS_FlashCrashReversalStrategy_SEI.US.ETORO_27-027)>, priority=0)
2026-06-08T20:00:02.022535934Z [INFO] eToro-Momentum-LS.ExecEngine: Registered OMS.UNSPECIFIED for Strategy MLS_FlashCrashReversalStrategy_SEI.US.ETORO_27-027
2026-06-08T20:00:02.022536545Z [INFO] eToro-Momentum-LS.eToro-Momentum-LS: Registered Strategy MLS_FlashCrashReversalStrategy_SEI.US.ETORO_27-027
2026-06-08T20:00:02.022566542Z [INFO] eToro-Momentum-LS.MLS_FlashCrashReversalStrategy_SEI.US.ETORO_28: READY
2026-06-08T20:00:02.022575068Z [DEBUG] eToro-Momentum-LS.MessageBus: Added Subscription(topic=events.order.MLS_FlashCrashReversalStrategy_SEI.US.ETORO_28-028, handler=<bound method Strategy.handle_event of FlashCrashReversalStrategy(MLS_FlashCrashReversalStrategy_SEI.US.ETORO_28-028)>, priority=0)
2026-06-08T20:00:02.022577482Z [DEBUG] eToro-Momentum-LS.MessageBus: Added Subscription(topic=events.position.MLS_FlashCrashReversalStrategy_SEI.US.ETORO_28-028, handler=<bound method Strategy.handle_event of FlashCrashReversalStrategy(MLS_FlashCrashReversalStrategy_SEI.US.ETORO_28-028)>, priority=0)
2026-06-08T20:00:02.022578193Z [INFO] eToro-Momentum-LS.ExecEngine: Registered OMS.UNSPECIFIED for Strategy MLS_FlashCrashReversalStrategy_SEI.US.ETORO_28-028
2026-06-08T20:00:02.022578765Z [INFO] eToro-Momentum-LS.eToro-Momentum-LS: Registered Strategy MLS_FlashCrashReversalStrategy_SEI.US.ETORO_28-028
2026-06-08T20:00:02.022624861Z [INFO] eToro-Momentum-LS.MLS_FlashCrashReversalStrategy_SEI.US.ETORO_29: READY
2026-06-08T20:00:02.022633758Z [DEBUG] eToro-Momentum-LS.MessageBus: Added Subscription(topic=events.order.MLS_FlashCrashReversalStrategy_SEI.US.ETORO_29-029, handler=<bound method Strategy.handle_event of FlashCrashReversalStrategy(MLS_FlashCrashReversalStrategy_SEI.US.ETORO_29-029)>, priority=0)
2026-06-08T20:00:02.022635581Z [DEBUG] eToro-Momentum-LS.MessageBus: Added Subscription(topic=events.position.MLS_FlashCrashReversalStrategy_SEI.US.ETORO_29-029, handler=<bound method Strategy.handle_event of FlashCrashReversalStrategy(MLS_FlashCrashReversalStrategy_SEI.US.ETORO_29-029)>, priority=0)
2026-06-08T20:00:02.022636292Z [INFO] eToro-Momentum-LS.ExecEngine: Registered OMS.UNSPECIFIED for Strategy MLS_FlashCrashReversalStrategy_SEI.US.ETORO_29-029
2026-06-08T20:00:02.022636853Z [INFO] eToro-Momentum-LS.eToro-Momentum-LS: Registered Strategy MLS_FlashCrashReversalStrategy_SEI.US.ETORO_29-029
2026-06-08T20:00:02.022665537Z [INFO] eToro-Momentum-LS.MLS_FlashCrashReversalStrategy_SEI.US.ETORO_30: READY
2026-06-08T20:00:02.022674644Z [DEBUG] eToro-Momentum-LS.MessageBus: Added Subscription(topic=events.order.MLS_FlashCrashReversalStrategy_SEI.US.ETORO_30-030, handler=<bound method Strategy.handle_event of FlashCrashReversalStrategy(MLS_FlashCrashReversalStrategy_SEI.US.ETORO_30-030)>, priority=0)
2026-06-08T20:00:02.022676578Z [DEBUG] eToro-Momentum-LS.MessageBus: Added Subscription(topic=events.position.MLS_FlashCrashReversalStrategy_SEI.US.ETORO_30-030, handler=<bound method Strategy.handle_event of FlashCrashReversalStrategy(MLS_FlashCrashReversalStrategy_SEI.US.ETORO_30-030)>, priority=0)
2026-06-08T20:00:02.022677209Z [INFO] eToro-Momentum-LS.ExecEngine: Registered OMS.UNSPECIFIED for Strategy MLS_FlashCrashReversalStrategy_SEI.US.ETORO_30-030
2026-06-08T20:00:02.022677730Z [INFO] eToro-Momentum-LS.eToro-Momentum-LS: Registered Strategy MLS_FlashCrashReversalStrategy_SEI.US.ETORO_30-030
2026-06-08T20:00:02.022709069Z [INFO] eToro-Momentum-LS.MLS_FlashCrashReversalStrategy_SEI.US.ETORO_31: READY
2026-06-08T20:00:02.022717905Z [DEBUG] eToro-Momentum-LS.MessageBus: Added Subscription(topic=events.order.MLS_FlashCrashReversalStrategy_SEI.US.ETORO_31-031, handler=<bound method Strategy.handle_event of FlashCrashReversalStrategy(MLS_FlashCrashReversalStrategy_SEI.US.ETORO_31-031)>, priority=0)
2026-06-08T20:00:02.022719799Z [DEBUG] eToro-Momentum-LS.MessageBus: Added Subscription(topic=events.position.MLS_FlashCrashReversalStrategy_SEI.US.ETORO_31-031, handler=<bound method Strategy.handle_event of FlashCrashReversalStrategy(MLS_FlashCrashReversalStrategy_SEI.US.ETORO_31-031)>, priority=0)
2026-06-08T20:00:02.022720460Z [INFO] eToro-Momentum-LS.ExecEngine: Registered OMS.UNSPECIFIED for Strategy MLS_FlashCrashReversalStrategy_SEI.US.ETORO_31-031
2026-06-08T20:00:02.022721011Z [INFO] eToro-Momentum-LS.eToro-Momentum-LS: Registered Strategy MLS_FlashCrashReversalStrategy_SEI.US.ETORO_31-031
2026-06-08T20:00:02.022750547Z [INFO] eToro-Momentum-LS.MLS_FlashCrashReversalStrategy_SEI.US.ETORO_32: READY
2026-06-08T20:00:02.022758562Z [DEBUG] eToro-Momentum-LS.MessageBus: Added Subscription(topic=events.order.MLS_FlashCrashReversalStrategy_SEI.US.ETORO_32-032, handler=<bound method Strategy.handle_event of FlashCrashReversalStrategy(MLS_FlashCrashReversalStrategy_SEI.US.ETORO_32-032)>, priority=0)
2026-06-08T20:00:02.022760485Z [DEBUG] eToro-Momentum-LS.MessageBus: Added Subscription(topic=events.position.MLS_FlashCrashReversalStrategy_SEI.US.ETORO_32-032, handler=<bound method Strategy.handle_event of FlashCrashReversalStrategy(MLS_FlashCrashReversalStrategy_SEI.US.ETORO_32-032)>, priority=0)
2026-06-08T20:00:02.022761066Z [INFO] eToro-Momentum-LS.ExecEngine: Registered OMS.UNSPECIFIED for Strategy MLS_FlashCrashReversalStrategy_SEI.US.ETORO_32-032
2026-06-08T20:00:02.022761527Z [INFO] eToro-Momentum-LS.eToro-Momentum-LS: Registered Strategy MLS_FlashCrashReversalStrategy_SEI.US.ETORO_32-032
2026-06-08T20:00:02.022789510Z [INFO] eToro-Momentum-LS.MLS_FlashCrashReversalStrategy_SEI.US.ETORO_33: READY
2026-06-08T20:00:02.022798587Z [DEBUG] eToro-Momentum-LS.MessageBus: Added Subscription(topic=events.order.MLS_FlashCrashReversalStrategy_SEI.US.ETORO_33-033, handler=<bound method Strategy.handle_event of FlashCrashReversalStrategy(MLS_FlashCrashReversalStrategy_SEI.US.ETORO_33-033)>, priority=0)
2026-06-08T20:00:02.022800470Z [DEBUG] eToro-Momentum-LS.MessageBus: Added Subscription(topic=events.position.MLS_FlashCrashReversalStrategy_SEI.US.ETORO_33-033, handler=<bound method Strategy.handle_event of FlashCrashReversalStrategy(MLS_FlashCrashReversalStrategy_SEI.US.ETORO_33-033)>, priority=0)
2026-06-08T20:00:02.022801182Z [INFO] eToro-Momentum-LS.ExecEngine: Registered OMS.UNSPECIFIED for Strategy MLS_FlashCrashReversalStrategy_SEI.US.ETORO_33-033
2026-06-08T20:00:02.022801693Z [INFO] eToro-Momentum-LS.eToro-Momentum-LS: Registered Strategy MLS_FlashCrashReversalStrategy_SEI.US.ETORO_33-033
2026-06-08T20:00:02.022829194Z [INFO] eToro-Momentum-LS.MLS_FlashCrashReversalStrategy_SEI.US.ETORO_34: READY
2026-06-08T20:00:02.022837930Z [DEBUG] eToro-Momentum-LS.MessageBus: Added Subscription(topic=events.order.MLS_FlashCrashReversalStrategy_SEI.US.ETORO_34-034, handler=<bound method Strategy.handle_event of FlashCrashReversalStrategy(MLS_FlashCrashReversalStrategy_SEI.US.ETORO_34-034)>, priority=0)
2026-06-08T20:00:02.022841177Z [DEBUG] eToro-Momentum-LS.MessageBus: Added Subscription(topic=events.position.MLS_FlashCrashReversalStrategy_SEI.US.ETORO_34-034, handler=<bound method Strategy.handle_event of FlashCrashReversalStrategy(MLS_FlashCrashReversalStrategy_SEI.US.ETORO_34-034)>, priority=0)
2026-06-08T20:00:02.022841818Z [INFO] eToro-Momentum-LS.ExecEngine: Registered OMS.UNSPECIFIED for Strategy MLS_FlashCrashReversalStrategy_SEI.US.ETORO_34-034
2026-06-08T20:00:02.022842259Z [INFO] eToro-Momentum-LS.eToro-Momentum-LS: Registered Strategy MLS_FlashCrashReversalStrategy_SEI.US.ETORO_34-034
2026-06-08T20:00:02.022871664Z [INFO] eToro-Momentum-LS.MLS_FlashCrashReversalStrategy_SEI.US.ETORO_35: READY
2026-06-08T20:00:02.022879528Z [DEBUG] eToro-Momentum-LS.MessageBus: Added Subscription(topic=events.order.MLS_FlashCrashReversalStrategy_SEI.US.ETORO_35-035, handler=<bound method Strategy.handle_event of FlashCrashReversalStrategy(MLS_FlashCrashReversalStrategy_SEI.US.ETORO_35-035)>, priority=0)
2026-06-08T20:00:02.022881362Z [DEBUG] eToro-Momentum-LS.MessageBus: Added Subscription(topic=events.position.MLS_FlashCrashReversalStrategy_SEI.US.ETORO_35-035, handler=<bound method Strategy.handle_event of FlashCrashReversalStrategy(MLS_FlashCrashReversalStrategy_SEI.US.ETORO_35-035)>, priority=0)
2026-06-08T20:00:02.022881933Z [INFO] eToro-Momentum-LS.ExecEngine: Registered OMS.UNSPECIFIED for Strategy MLS_FlashCrashReversalStrategy_SEI.US.ETORO_35-035
2026-06-08T20:00:02.022882344Z [INFO] eToro-Momentum-LS.eToro-Momentum-LS: Registered Strategy MLS_FlashCrashReversalStrategy_SEI.US.ETORO_35-035
2026-06-08T20:00:02.022911869Z [INFO] eToro-Momentum-LS.MLS_FlashCrashReversalStrategy_SEI.US.ETORO_36: READY
2026-06-08T20:00:02.022921587Z [DEBUG] eToro-Momentum-LS.MessageBus: Added Subscription(topic=events.order.MLS_FlashCrashReversalStrategy_SEI.US.ETORO_36-036, handler=<bound method Strategy.handle_event of FlashCrashReversalStrategy(MLS_FlashCrashReversalStrategy_SEI.US.ETORO_36-036)>, priority=0)
2026-06-08T20:00:02.022923581Z [DEBUG] eToro-Momentum-LS.MessageBus: Added Subscription(topic=events.position.MLS_FlashCrashReversalStrategy_SEI.US.ETORO_36-036, handler=<bound method Strategy.handle_event of FlashCrashReversalStrategy(MLS_FlashCrashReversalStrategy_SEI.US.ETORO_36-036)>, priority=0)
2026-06-08T20:00:02.022924192Z [INFO] eToro-Momentum-LS.ExecEngine: Registered OMS.UNSPECIFIED for Strategy MLS_FlashCrashReversalStrategy_SEI.US.ETORO_36-036
2026-06-08T20:00:02.022924643Z [INFO] eToro-Momentum-LS.eToro-Momentum-LS: Registered Strategy MLS_FlashCrashReversalStrategy_SEI.US.ETORO_36-036
2026-06-08T20:00:02.022957625Z [INFO] eToro-Momentum-LS.MLS_FlashCrashReversalStrategy_SEI.US.ETORO_37: READY
2026-06-08T20:00:02.022967814Z [DEBUG] eToro-Momentum-LS.MessageBus: Added Subscription(topic=events.order.MLS_FlashCrashReversalStrategy_SEI.US.ETORO_37-037, handler=<bound method Strategy.handle_event of FlashCrashReversalStrategy(MLS_FlashCrashReversalStrategy_SEI.US.ETORO_37-037)>, priority=0)
2026-06-08T20:00:02.022969828Z [DEBUG] eToro-Momentum-LS.MessageBus: Added Subscription(topic=events.position.MLS_FlashCrashReversalStrategy_SEI.US.ETORO_37-037, handler=<bound method Strategy.handle_event of FlashCrashReversalStrategy(MLS_FlashCrashReversalStrategy_SEI.US.ETORO_37-037)>, priority=0)
2026-06-08T20:00:02.022970559Z [INFO] eToro-Momentum-LS.ExecEngine: Registered OMS.UNSPECIFIED for Strategy MLS_FlashCrashReversalStrategy_SEI.US.ETORO_37-037
2026-06-08T20:00:02.022971040Z [INFO] eToro-Momentum-LS.eToro-Momentum-LS: Registered Strategy MLS_FlashCrashReversalStrategy_SEI.US.ETORO_37-037
2026-06-08T20:00:02.023006116Z [INFO] eToro-Momentum-LS.MLS_FlashCrashReversalStrategy_SEI.US.ETORO_38: READY
2026-06-08T20:00:02.023030652Z [DEBUG] eToro-Momentum-LS.MessageBus: Added Subscription(topic=events.order.MLS_FlashCrashReversalStrategy_SEI.US.ETORO_38-038, handler=<bound method Strategy.handle_event of FlashCrashReversalStrategy(MLS_FlashCrashReversalStrategy_SEI.US.ETORO_38-038)>, priority=0)
2026-06-08T20:00:02.023032646Z [DEBUG] eToro-Momentum-LS.MessageBus: Added Subscription(topic=events.position.MLS_FlashCrashReversalStrategy_SEI.US.ETORO_38-038, handler=<bound method Strategy.handle_event of FlashCrashReversalStrategy(MLS_FlashCrashReversalStrategy_SEI.US.ETORO_38-038)>, priority=0)
2026-06-08T20:00:02.023033457Z [INFO] eToro-Momentum-LS.ExecEngine: Registered OMS.UNSPECIFIED for Strategy MLS_FlashCrashReversalStrategy_SEI.US.ETORO_38-038
2026-06-08T20:00:02.023033938Z [INFO] eToro-Momentum-LS.eToro-Momentum-LS: Registered Strategy MLS_FlashCrashReversalStrategy_SEI.US.ETORO_38-038
2026-06-08T20:00:02.023065106Z [INFO] eToro-Momentum-LS.MLS_FlashCrashReversalStrategy_SEI.US.ETORO_39: READY
2026-06-08T20:00:02.023075666Z [DEBUG] eToro-Momentum-LS.MessageBus: Added Subscription(topic=events.order.MLS_FlashCrashReversalStrategy_SEI.US.ETORO_39-039, handler=<bound method Strategy.handle_event of FlashCrashReversalStrategy(MLS_FlashCrashReversalStrategy_SEI.US.ETORO_39-039)>, priority=0)
2026-06-08T20:00:02.023077830Z [DEBUG] eToro-Momentum-LS.MessageBus: Added Subscription(topic=events.position.MLS_FlashCrashReversalStrategy_SEI.US.ETORO_39-039, handler=<bound method Strategy.handle_event of FlashCrashReversalStrategy(MLS_FlashCrashReversalStrategy_SEI.US.ETORO_39-039)>, priority=0)
2026-06-08T20:00:02.023078552Z [INFO] eToro-Momentum-LS.ExecEngine: Registered OMS.UNSPECIFIED for Strategy MLS_FlashCrashReversalStrategy_SEI.US.ETORO_39-039
2026-06-08T20:00:02.023079093Z [INFO] eToro-Momentum-LS.eToro-Momentum-LS: Registered Strategy MLS_FlashCrashReversalStrategy_SEI.US.ETORO_39-039
2026-06-08T20:00:02.023109530Z [INFO] eToro-Momentum-LS.MLS_FlashCrashReversalStrategy_SEI.US.ETORO_40: READY
2026-06-08T20:00:02.023118196Z [DEBUG] eToro-Momentum-LS.MessageBus: Added Subscription(topic=events.order.MLS_FlashCrashReversalStrategy_SEI.US.ETORO_40-040, handler=<bound method Strategy.handle_event of FlashCrashReversalStrategy(MLS_FlashCrashReversalStrategy_SEI.US.ETORO_40-040)>, priority=0)
2026-06-08T20:00:02.023120851Z [DEBUG] eToro-Momentum-LS.MessageBus: Added Subscription(topic=events.position.MLS_FlashCrashReversalStrategy_SEI.US.ETORO_40-040, handler=<bound method Strategy.handle_event of FlashCrashReversalStrategy(MLS_FlashCrashReversalStrategy_SEI.US.ETORO_40-040)>, priority=0)
2026-06-08T20:00:02.023121642Z [INFO] eToro-Momentum-LS.ExecEngine: Registered OMS.UNSPECIFIED for Strategy MLS_FlashCrashReversalStrategy_SEI.US.ETORO_40-040
2026-06-08T20:00:02.023122093Z [INFO] eToro-Momentum-LS.eToro-Momentum-LS: Registered Strategy MLS_FlashCrashReversalStrategy_SEI.US.ETORO_40-040
2026-06-08T20:00:02.023152520Z [INFO] eToro-Momentum-LS.MLS_FlashCrashReversalStrategy_SEI.US.ETORO_41: READY
2026-06-08T20:00:02.023161076Z [DEBUG] eToro-Momentum-LS.MessageBus: Added Subscription(topic=events.order.MLS_FlashCrashReversalStrategy_SEI.US.ETORO_41-041, handler=<bound method Strategy.handle_event of FlashCrashReversalStrategy(MLS_FlashCrashReversalStrategy_SEI.US.ETORO_41-041)>, priority=0)
2026-06-08T20:00:02.023163080Z [DEBUG] eToro-Momentum-LS.MessageBus: Added Subscription(topic=events.position.MLS_FlashCrashReversalStrategy_SEI.US.ETORO_41-041, handler=<bound method Strategy.handle_event of FlashCrashReversalStrategy(MLS_FlashCrashReversalStrategy_SEI.US.ETORO_41-041)>, priority=0)
2026-06-08T20:00:02.023163731Z [INFO] eToro-Momentum-LS.ExecEngine: Registered OMS.UNSPECIFIED for Strategy MLS_FlashCrashReversalStrategy_SEI.US.ETORO_41-041
2026-06-08T20:00:02.023164162Z [INFO] eToro-Momentum-LS.eToro-Momentum-LS: Registered Strategy MLS_FlashCrashReversalStrategy_SEI.US.ETORO_41-041
2026-06-08T20:00:02.023193547Z [INFO] eToro-Momentum-LS.MLS_FlashCrashReversalStrategy_NOK.ETORO_42: READY
2026-06-08T20:00:02.023202754Z [DEBUG] eToro-Momentum-LS.MessageBus: Added Subscription(topic=events.order.MLS_FlashCrashReversalStrategy_NOK.ETORO_42-042, handler=<bound method Strategy.handle_event of FlashCrashReversalStrategy(MLS_FlashCrashReversalStrategy_NOK.ETORO_42-042)>, priority=0)
2026-06-08T20:00:02.023204868Z [DEBUG] eToro-Momentum-LS.MessageBus: Added Subscription(topic=events.position.MLS_FlashCrashReversalStrategy_NOK.ETORO_42-042, handler=<bound method Strategy.handle_event of FlashCrashReversalStrategy(MLS_FlashCrashReversalStrategy_NOK.ETORO_42-042)>, priority=0)
2026-06-08T20:00:02.023205870Z [INFO] eToro-Momentum-LS.ExecEngine: Registered OMS.UNSPECIFIED for Strategy MLS_FlashCrashReversalStrategy_NOK.ETORO_42-042
2026-06-08T20:00:02.023206672Z [INFO] eToro-Momentum-LS.eToro-Momentum-LS: Registered Strategy MLS_FlashCrashReversalStrategy_NOK.ETORO_42-042
2026-06-08T20:00:02.023235556Z [INFO] eToro-Momentum-LS.MLS_FlashCrashReversalStrategy_NOK.ETORO_43: READY
2026-06-08T20:00:02.023244683Z [DEBUG] eToro-Momentum-LS.MessageBus: Added Subscription(topic=events.order.MLS_FlashCrashReversalStrategy_NOK.ETORO_43-043, handler=<bound method Strategy.handle_event of FlashCrashReversalStrategy(MLS_FlashCrashReversalStrategy_NOK.ETORO_43-043)>, priority=0)
2026-06-08T20:00:02.023246777Z [DEBUG] eToro-Momentum-LS.MessageBus: Added Subscription(topic=events.position.MLS_FlashCrashReversalStrategy_NOK.ETORO_43-043, handler=<bound method Strategy.handle_event of FlashCrashReversalStrategy(MLS_FlashCrashReversalStrategy_NOK.ETORO_43-043)>, priority=0)
2026-06-08T20:00:02.023247418Z [INFO] eToro-Momentum-LS.ExecEngine: Registered OMS.UNSPECIFIED for Strategy MLS_FlashCrashReversalStrategy_NOK.ETORO_43-043
2026-06-08T20:00:02.023247909Z [INFO] eToro-Momentum-LS.eToro-Momentum-LS: Registered Strategy MLS_FlashCrashReversalStrategy_NOK.ETORO_43-043
2026-06-08T20:00:02.023275411Z [INFO] eToro-Momentum-LS.MLS_FlashCrashReversalStrategy_COHR.ETORO_44: READY
2026-06-08T20:00:02.023285249Z [DEBUG] eToro-Momentum-LS.MessageBus: Added Subscription(topic=events.order.MLS_FlashCrashReversalStrategy_COHR.ETORO_44-044, handler=<bound method Strategy.handle_event of FlashCrashReversalStrategy(MLS_FlashCrashReversalStrategy_COHR.ETORO_44-044)>, priority=0)
2026-06-08T20:00:02.023288064Z [DEBUG] eToro-Momentum-LS.MessageBus: Added Subscription(topic=events.position.MLS_FlashCrashReversalStrategy_COHR.ETORO_44-044, handler=<bound method Strategy.handle_event of FlashCrashReversalStrategy(MLS_FlashCrashReversalStrategy_COHR.ETORO_44-044)>, priority=0)
2026-06-08T20:00:02.023288686Z [INFO] eToro-Momentum-LS.ExecEngine: Registered OMS.UNSPECIFIED for Strategy MLS_FlashCrashReversalStrategy_COHR.ETORO_44-044
2026-06-08T20:00:02.023289166Z [INFO] eToro-Momentum-LS.eToro-Momentum-LS: Registered Strategy MLS_FlashCrashReversalStrategy_COHR.ETORO_44-044
2026-06-08T20:00:02.023316678Z [INFO] eToro-Momentum-LS.MLS_FlashCrashReversalStrategy_COHR.ETORO_45: READY
2026-06-08T20:00:02.023326386Z [DEBUG] eToro-Momentum-LS.MessageBus: Added Subscription(topic=events.order.MLS_FlashCrashReversalStrategy_COHR.ETORO_45-045, handler=<bound method Strategy.handle_event of FlashCrashReversalStrategy(MLS_FlashCrashReversalStrategy_COHR.ETORO_45-045)>, priority=0)
2026-06-08T20:00:02.023328550Z [DEBUG] eToro-Momentum-LS.MessageBus: Added Subscription(topic=events.position.MLS_FlashCrashReversalStrategy_COHR.ETORO_45-045, handler=<bound method Strategy.handle_event of FlashCrashReversalStrategy(MLS_FlashCrashReversalStrategy_COHR.ETORO_45-045)>, priority=0)
2026-06-08T20:00:02.023329171Z [INFO] eToro-Momentum-LS.ExecEngine: Registered OMS.UNSPECIFIED for Strategy MLS_FlashCrashReversalStrategy_COHR.ETORO_45-045
2026-06-08T20:00:02.023329642Z [INFO] eToro-Momentum-LS.eToro-Momentum-LS: Registered Strategy MLS_FlashCrashReversalStrategy_COHR.ETORO_45-045
2026-06-08T20:00:02.023357515Z [INFO] eToro-Momentum-LS.MLS_FlashCrashReversalStrategy_COHR.ETORO_46: READY
2026-06-08T20:00:02.023366832Z [DEBUG] eToro-Momentum-LS.MessageBus: Added Subscription(topic=events.order.MLS_FlashCrashReversalStrategy_COHR.ETORO_46-046, handler=<bound method Strategy.handle_event of FlashCrashReversalStrategy(MLS_FlashCrashReversalStrategy_COHR.ETORO_46-046)>, priority=0)
2026-06-08T20:00:02.023368976Z [DEBUG] eToro-Momentum-LS.MessageBus: Added Subscription(topic=events.position.MLS_FlashCrashReversalStrategy_COHR.ETORO_46-046, handler=<bound method Strategy.handle_event of FlashCrashReversalStrategy(MLS_FlashCrashReversalStrategy_COHR.ETORO_46-046)>, priority=0)
2026-06-08T20:00:02.023369567Z [INFO] eToro-Momentum-LS.ExecEngine: Registered OMS.UNSPECIFIED for Strategy MLS_FlashCrashReversalStrategy_COHR.ETORO_46-046
2026-06-08T20:00:02.023370669Z [INFO] eToro-Momentum-LS.eToro-Momentum-LS: Registered Strategy MLS_FlashCrashReversalStrategy_COHR.ETORO_46-046
2026-06-08T20:00:02.023402309Z [INFO] eToro-Momentum-LS.MLS_FlashCrashReversalStrategy_COHR.ETORO_47: READY
2026-06-08T20:00:02.023411716Z [DEBUG] eToro-Momentum-LS.MessageBus: Added Subscription(topic=events.order.MLS_FlashCrashReversalStrategy_COHR.ETORO_47-047, handler=<bound method Strategy.handle_event of FlashCrashReversalStrategy(MLS_FlashCrashReversalStrategy_COHR.ETORO_47-047)>, priority=0)
2026-06-08T20:00:02.023413920Z [DEBUG] eToro-Momentum-LS.MessageBus: Added Subscription(topic=events.position.MLS_FlashCrashReversalStrategy_COHR.ETORO_47-047, handler=<bound method Strategy.handle_event of FlashCrashReversalStrategy(MLS_FlashCrashReversalStrategy_COHR.ETORO_47-047)>, priority=0)
2026-06-08T20:00:02.023414582Z [INFO] eToro-Momentum-LS.ExecEngine: Registered OMS.UNSPECIFIED for Strategy MLS_FlashCrashReversalStrategy_COHR.ETORO_47-047
2026-06-08T20:00:02.023415103Z [INFO] eToro-Momentum-LS.eToro-Momentum-LS: Registered Strategy MLS_FlashCrashReversalStrategy_COHR.ETORO_47-047
2026-06-08T20:00:02.023463503Z [INFO] eToro-Momentum-LS.MLS_FlashCrashReversalStrategy_COHR.ETORO_48: READY
2026-06-08T20:00:02.023474364Z [DEBUG] eToro-Momentum-LS.MessageBus: Added Subscription(topic=events.order.MLS_FlashCrashReversalStrategy_COHR.ETORO_48-048, handler=<bound method Strategy.handle_event of FlashCrashReversalStrategy(MLS_FlashCrashReversalStrategy_COHR.ETORO_48-048)>, priority=0)
2026-06-08T20:00:02.023476548Z [DEBUG] eToro-Momentum-LS.MessageBus: Added Subscription(topic=events.position.MLS_FlashCrashReversalStrategy_COHR.ETORO_48-048, handler=<bound method Strategy.handle_event of FlashCrashReversalStrategy(MLS_FlashCrashReversalStrategy_COHR.ETORO_48-048)>, priority=0)
2026-06-08T20:00:02.023477259Z [INFO] eToro-Momentum-LS.ExecEngine: Registered OMS.UNSPECIFIED for Strategy MLS_FlashCrashReversalStrategy_COHR.ETORO_48-048
2026-06-08T20:00:02.023477750Z [INFO] eToro-Momentum-LS.eToro-Momentum-LS: Registered Strategy MLS_FlashCrashReversalStrategy_COHR.ETORO_48-048
2026-06-08T20:00:02.023509239Z [INFO] eToro-Momentum-LS.MLS_FlashCrashReversalStrategy_COHR.ETORO_49: READY
2026-06-08T20:00:02.023518957Z [DEBUG] eToro-Momentum-LS.MessageBus: Added Subscription(topic=events.order.MLS_FlashCrashReversalStrategy_COHR.ETORO_49-049, handler=<bound method Strategy.handle_event of FlashCrashReversalStrategy(MLS_FlashCrashReversalStrategy_COHR.ETORO_49-049)>, priority=0)
2026-06-08T20:00:02.023521111Z [DEBUG] eToro-Momentum-LS.MessageBus: Added Subscription(topic=events.position.MLS_FlashCrashReversalStrategy_COHR.ETORO_49-049, handler=<bound method Strategy.handle_event of FlashCrashReversalStrategy(MLS_FlashCrashReversalStrategy_COHR.ETORO_49-049)>, priority=0)
2026-06-08T20:00:02.023521702Z [INFO] eToro-Momentum-LS.ExecEngine: Registered OMS.UNSPECIFIED for Strategy MLS_FlashCrashReversalStrategy_COHR.ETORO_49-049
2026-06-08T20:00:02.023522153Z [INFO] eToro-Momentum-LS.eToro-Momentum-LS: Registered Strategy MLS_FlashCrashReversalStrategy_COHR.ETORO_49-049
2026-06-08T20:00:02.023552159Z [INFO] eToro-Momentum-LS.MLS_FlashCrashReversalStrategy_COHR.ETORO_50: READY
2026-06-08T20:00:02.023560786Z [DEBUG] eToro-Momentum-LS.MessageBus: Added Subscription(topic=events.order.MLS_FlashCrashReversalStrategy_COHR.ETORO_50-050, handler=<bound method Strategy.handle_event of FlashCrashReversalStrategy(MLS_FlashCrashReversalStrategy_COHR.ETORO_50-050)>, priority=0)
2026-06-08T20:00:02.023563000Z [DEBUG] eToro-Momentum-LS.MessageBus: Added Subscription(topic=events.position.MLS_FlashCrashReversalStrategy_COHR.ETORO_50-050, handler=<bound method Strategy.handle_event of FlashCrashReversalStrategy(MLS_FlashCrashReversalStrategy_COHR.ETORO_50-050)>, priority=0)
2026-06-08T20:00:02.023563591Z [INFO] eToro-Momentum-LS.ExecEngine: Registered OMS.UNSPECIFIED for Strategy MLS_FlashCrashReversalStrategy_COHR.ETORO_50-050
2026-06-08T20:00:02.023564072Z [INFO] eToro-Momentum-LS.eToro-Momentum-LS: Registered Strategy MLS_FlashCrashReversalStrategy_COHR.ETORO_50-050
2026-06-08T20:00:02.023592355Z [INFO] eToro-Momentum-LS.MLS_FlashCrashReversalStrategy_COHR.ETORO_51: READY
2026-06-08T20:00:02.023601803Z [DEBUG] eToro-Momentum-LS.MessageBus: Added Subscription(topic=events.order.MLS_FlashCrashReversalStrategy_COHR.ETORO_51-051, handler=<bound method Strategy.handle_event of FlashCrashReversalStrategy(MLS_FlashCrashReversalStrategy_COHR.ETORO_51-051)>, priority=0)
2026-06-08T20:00:02.023604067Z [DEBUG] eToro-Momentum-LS.MessageBus: Added Subscription(topic=events.position.MLS_FlashCrashReversalStrategy_COHR.ETORO_51-051, handler=<bound method Strategy.handle_event of FlashCrashReversalStrategy(MLS_FlashCrashReversalStrategy_COHR.ETORO_51-051)>, priority=0)
2026-06-08T20:00:02.023604648Z [INFO] eToro-Momentum-LS.ExecEngine: Registered OMS.UNSPECIFIED for Strategy MLS_FlashCrashReversalStrategy_COHR.ETORO_51-051
2026-06-08T20:00:02.023605069Z [INFO] eToro-Momentum-LS.eToro-Momentum-LS: Registered Strategy MLS_FlashCrashReversalStrategy_COHR.ETORO_51-051
2026-06-08T20:00:02.023632380Z [INFO] eToro-Momentum-LS.MLS_FlashCrashReversalStrategy_COHR.ETORO_52: READY
2026-06-08T20:00:02.023641767Z [DEBUG] eToro-Momentum-LS.MessageBus: Added Subscription(topic=events.order.MLS_FlashCrashReversalStrategy_COHR.ETORO_52-052, handler=<bound method Strategy.handle_event of FlashCrashReversalStrategy(MLS_FlashCrashReversalStrategy_COHR.ETORO_52-052)>, priority=0)
2026-06-08T20:00:02.023643952Z [DEBUG] eToro-Momentum-LS.MessageBus: Added Subscription(topic=events.position.MLS_FlashCrashReversalStrategy_COHR.ETORO_52-052, handler=<bound method Strategy.handle_event of FlashCrashReversalStrategy(MLS_FlashCrashReversalStrategy_COHR.ETORO_52-052)>, priority=0)
2026-06-08T20:00:02.023644553Z [INFO] eToro-Momentum-LS.ExecEngine: Registered OMS.UNSPECIFIED for Strategy MLS_FlashCrashReversalStrategy_COHR.ETORO_52-052
2026-06-08T20:00:02.023645565Z [INFO] eToro-Momentum-LS.eToro-Momentum-LS: Registered Strategy MLS_FlashCrashReversalStrategy_COHR.ETORO_52-052
2026-06-08T20:00:02.023675381Z [INFO] eToro-Momentum-LS.MLS_FlashCrashReversalStrategy_COHR.ETORO_53: READY
2026-06-08T20:00:02.023684978Z [DEBUG] eToro-Momentum-LS.MessageBus: Added Subscription(topic=events.order.MLS_FlashCrashReversalStrategy_COHR.ETORO_53-053, handler=<bound method Strategy.handle_event of FlashCrashReversalStrategy(MLS_FlashCrashReversalStrategy_COHR.ETORO_53-053)>, priority=0)
2026-06-08T20:00:02.023687323Z [DEBUG] eToro-Momentum-LS.MessageBus: Added Subscription(topic=events.position.MLS_FlashCrashReversalStrategy_COHR.ETORO_53-053, handler=<bound method Strategy.handle_event of FlashCrashReversalStrategy(MLS_FlashCrashReversalStrategy_COHR.ETORO_53-053)>, priority=0)
2026-06-08T20:00:02.023688014Z [INFO] eToro-Momentum-LS.ExecEngine: Registered OMS.UNSPECIFIED for Strategy MLS_FlashCrashReversalStrategy_COHR.ETORO_53-053
2026-06-08T20:00:02.023688675Z [INFO] eToro-Momentum-LS.eToro-Momentum-LS: Registered Strategy MLS_FlashCrashReversalStrategy_COHR.ETORO_53-053
2026-06-08T20:00:02.023717359Z [INFO] eToro-Momentum-LS.MLS_FlashCrashReversalStrategy_COHR.ETORO_54: READY
2026-06-08T20:00:02.023726536Z [DEBUG] eToro-Momentum-LS.MessageBus: Added Subscription(topic=events.order.MLS_FlashCrashReversalStrategy_COHR.ETORO_54-054, handler=<bound method Strategy.handle_event of FlashCrashReversalStrategy(MLS_FlashCrashReversalStrategy_COHR.ETORO_54-054)>, priority=0)
2026-06-08T20:00:02.023728791Z [DEBUG] eToro-Momentum-LS.MessageBus: Added Subscription(topic=events.position.MLS_FlashCrashReversalStrategy_COHR.ETORO_54-054, handler=<bound method Strategy.handle_event of FlashCrashReversalStrategy(MLS_FlashCrashReversalStrategy_COHR.ETORO_54-054)>, priority=0)
2026-06-08T20:00:02.023729422Z [INFO] eToro-Momentum-LS.ExecEngine: Registered OMS.UNSPECIFIED for Strategy MLS_FlashCrashReversalStrategy_COHR.ETORO_54-054
2026-06-08T20:00:02.023729973Z [INFO] eToro-Momentum-LS.eToro-Momentum-LS: Registered Strategy MLS_FlashCrashReversalStrategy_COHR.ETORO_54-054
2026-06-08T20:00:02.023759518Z [INFO] eToro-Momentum-LS.MLS_FlashCrashReversalStrategy_FRO.ETORO_55: READY
2026-06-08T20:00:02.023769006Z [DEBUG] eToro-Momentum-LS.MessageBus: Added Subscription(topic=events.order.MLS_FlashCrashReversalStrategy_FRO.ETORO_55-055, handler=<bound method Strategy.handle_event of FlashCrashReversalStrategy(MLS_FlashCrashReversalStrategy_FRO.ETORO_55-055)>, priority=0)
2026-06-08T20:00:02.023771340Z [DEBUG] eToro-Momentum-LS.MessageBus: Added Subscription(topic=events.position.MLS_FlashCrashReversalStrategy_FRO.ETORO_55-055, handler=<bound method Strategy.handle_event of FlashCrashReversalStrategy(MLS_FlashCrashReversalStrategy_FRO.ETORO_55-055)>, priority=0)
2026-06-08T20:00:02.023771962Z [INFO] eToro-Momentum-LS.ExecEngine: Registered OMS.UNSPECIFIED for Strategy MLS_FlashCrashReversalStrategy_FRO.ETORO_55-055
2026-06-08T20:00:02.023772463Z [INFO] eToro-Momentum-LS.eToro-Momentum-LS: Registered Strategy MLS_FlashCrashReversalStrategy_FRO.ETORO_55-055
2026-06-08T20:00:02.023801948Z [INFO] eToro-Momentum-LS.MLS_FlashCrashReversalStrategy_FRO.ETORO_56: READY
2026-06-08T20:00:02.023811416Z [DEBUG] eToro-Momentum-LS.MessageBus: Added Subscription(topic=events.order.MLS_FlashCrashReversalStrategy_FRO.ETORO_56-056, handler=<bound method Strategy.handle_event of FlashCrashReversalStrategy(MLS_FlashCrashReversalStrategy_FRO.ETORO_56-056)>, priority=0)
2026-06-08T20:00:02.023813730Z [DEBUG] eToro-Momentum-LS.MessageBus: Added Subscription(topic=events.position.MLS_FlashCrashReversalStrategy_FRO.ETORO_56-056, handler=<bound method Strategy.handle_event of FlashCrashReversalStrategy(MLS_FlashCrashReversalStrategy_FRO.ETORO_56-056)>, priority=0)
2026-06-08T20:00:02.023814341Z [INFO] eToro-Momentum-LS.ExecEngine: Registered OMS.UNSPECIFIED for Strategy MLS_FlashCrashReversalStrategy_FRO.ETORO_56-056
2026-06-08T20:00:02.023814882Z [INFO] eToro-Momentum-LS.eToro-Momentum-LS: Registered Strategy MLS_FlashCrashReversalStrategy_FRO.ETORO_56-056
2026-06-08T20:00:02.023843836Z [INFO] eToro-Momentum-LS.MLS_FlashCrashReversalStrategy_FRO.ETORO_57: READY
2026-06-08T20:00:02.023870126Z [DEBUG] eToro-Momentum-LS.MessageBus: Added Subscription(topic=events.order.MLS_FlashCrashReversalStrategy_FRO.ETORO_57-057, handler=<bound method Strategy.handle_event of FlashCrashReversalStrategy(MLS_FlashCrashReversalStrategy_FRO.ETORO_57-057)>, priority=0)
2026-06-08T20:00:02.023872430Z [DEBUG] eToro-Momentum-LS.MessageBus: Added Subscription(topic=events.position.MLS_FlashCrashReversalStrategy_FRO.ETORO_57-057, handler=<bound method Strategy.handle_event of FlashCrashReversalStrategy(MLS_FlashCrashReversalStrategy_FRO.ETORO_57-057)>, priority=0)
2026-06-08T20:00:02.023873271Z [INFO] eToro-Momentum-LS.ExecEngine: Registered OMS.UNSPECIFIED for Strategy MLS_FlashCrashReversalStrategy_FRO.ETORO_57-057
2026-06-08T20:00:02.023874003Z [INFO] eToro-Momentum-LS.eToro-Momentum-LS: Registered Strategy MLS_FlashCrashReversalStrategy_FRO.ETORO_57-057
2026-06-08T20:00:02.023904791Z [INFO] eToro-Momentum-LS.MLS_FlashCrashReversalStrategy_FRO.ETORO_58: READY
2026-06-08T20:00:02.023915631Z [DEBUG] eToro-Momentum-LS.MessageBus: Added Subscription(topic=events.order.MLS_FlashCrashReversalStrategy_FRO.ETORO_58-058, handler=<bound method Strategy.handle_event of FlashCrashReversalStrategy(MLS_FlashCrashReversalStrategy_FRO.ETORO_58-058)>, priority=0)
2026-06-08T20:00:02.023918576Z [DEBUG] eToro-Momentum-LS.MessageBus: Added Subscription(topic=events.position.MLS_FlashCrashReversalStrategy_FRO.ETORO_58-058, handler=<bound method Strategy.handle_event of FlashCrashReversalStrategy(MLS_FlashCrashReversalStrategy_FRO.ETORO_58-058)>, priority=0)
2026-06-08T20:00:02.023919198Z [INFO] eToro-Momentum-LS.ExecEngine: Registered OMS.UNSPECIFIED for Strategy MLS_FlashCrashReversalStrategy_FRO.ETORO_58-058
2026-06-08T20:00:02.023920250Z [INFO] eToro-Momentum-LS.eToro-Momentum-LS: Registered Strategy MLS_FlashCrashReversalStrategy_FRO.ETORO_58-058
2026-06-08T20:00:02.023958912Z [INFO] eToro-Momentum-LS.MLS_FlashCrashReversalStrategy_FRO.ETORO_59: READY
2026-06-08T20:00:02.023969732Z [DEBUG] eToro-Momentum-LS.MessageBus: Added Subscription(topic=events.order.MLS_FlashCrashReversalStrategy_FRO.ETORO_59-059, handler=<bound method Strategy.handle_event of FlashCrashReversalStrategy(MLS_FlashCrashReversalStrategy_FRO.ETORO_59-059)>, priority=0)
2026-06-08T20:00:02.023972157Z [DEBUG] eToro-Momentum-LS.MessageBus: Added Subscription(topic=events.position.MLS_FlashCrashReversalStrategy_FRO.ETORO_59-059, handler=<bound method Strategy.handle_event of FlashCrashReversalStrategy(MLS_FlashCrashReversalStrategy_FRO.ETORO_59-059)>, priority=0)
2026-06-08T20:00:02.023972898Z [INFO] eToro-Momentum-LS.ExecEngine: Registered OMS.UNSPECIFIED for Strategy MLS_FlashCrashReversalStrategy_FRO.ETORO_59-059
2026-06-08T20:00:02.023973419Z [INFO] eToro-Momentum-LS.eToro-Momentum-LS: Registered Strategy MLS_FlashCrashReversalStrategy_FRO.ETORO_59-059
2026-06-08T20:00:02.024005279Z [INFO] eToro-Momentum-LS.MLS_FlashCrashReversalStrategy_FRO.ETORO_60: READY
2026-06-08T20:00:02.024015087Z [DEBUG] eToro-Momentum-LS.MessageBus: Added Subscription(topic=events.order.MLS_FlashCrashReversalStrategy_FRO.ETORO_60-060, handler=<bound method Strategy.handle_event of FlashCrashReversalStrategy(MLS_FlashCrashReversalStrategy_FRO.ETORO_60-060)>, priority=0)
2026-06-08T20:00:02.024017632Z [DEBUG] eToro-Momentum-LS.MessageBus: Added Subscription(topic=events.position.MLS_FlashCrashReversalStrategy_FRO.ETORO_60-060, handler=<bound method Strategy.handle_event of FlashCrashReversalStrategy(MLS_FlashCrashReversalStrategy_FRO.ETORO_60-060)>, priority=0)
2026-06-08T20:00:02.024018323Z [INFO] eToro-Momentum-LS.ExecEngine: Registered OMS.UNSPECIFIED for Strategy MLS_FlashCrashReversalStrategy_FRO.ETORO_60-060
2026-06-08T20:00:02.024018794Z [INFO] eToro-Momentum-LS.eToro-Momentum-LS: Registered Strategy MLS_FlashCrashReversalStrategy_FRO.ETORO_60-060
2026-06-08T20:00:02.024054702Z [INFO] eToro-Momentum-LS.MLS_FlashCrashReversalStrategy_FRO.ETORO_61: READY
2026-06-08T20:00:02.024067355Z [DEBUG] eToro-Momentum-LS.MessageBus: Added Subscription(topic=events.order.MLS_FlashCrashReversalStrategy_FRO.ETORO_61-061, handler=<bound method Strategy.handle_event of FlashCrashReversalStrategy(MLS_FlashCrashReversalStrategy_FRO.ETORO_61-061)>, priority=0)
2026-06-08T20:00:02.024070541Z [DEBUG] eToro-Momentum-LS.MessageBus: Added Subscription(topic=events.position.MLS_FlashCrashReversalStrategy_FRO.ETORO_61-061, handler=<bound method Strategy.handle_event of FlashCrashReversalStrategy(MLS_FlashCrashReversalStrategy_FRO.ETORO_61-061)>, priority=0)
2026-06-08T20:00:02.024071523Z [INFO] eToro-Momentum-LS.ExecEngine: Registered OMS.UNSPECIFIED for Strategy MLS_FlashCrashReversalStrategy_FRO.ETORO_61-061
2026-06-08T20:00:02.024072004Z [INFO] eToro-Momentum-LS.eToro-Momentum-LS: Registered Strategy MLS_FlashCrashReversalStrategy_FRO.ETORO_61-061
2026-06-08T20:00:02.024111648Z [INFO] eToro-Momentum-LS.MLS_FlashCrashReversalStrategy_FRO.ETORO_62: READY
2026-06-08T20:00:02.024123290Z [DEBUG] eToro-Momentum-LS.MessageBus: Added Subscription(topic=events.order.MLS_FlashCrashReversalStrategy_FRO.ETORO_62-062, handler=<bound method Strategy.handle_event of FlashCrashReversalStrategy(MLS_FlashCrashReversalStrategy_FRO.ETORO_62-062)>, priority=0)
2026-06-08T20:00:02.024126025Z [DEBUG] eToro-Momentum-LS.MessageBus: Added Subscription(topic=events.position.MLS_FlashCrashReversalStrategy_FRO.ETORO_62-062, handler=<bound method Strategy.handle_event of FlashCrashReversalStrategy(MLS_FlashCrashReversalStrategy_FRO.ETORO_62-062)>, priority=0)
2026-06-08T20:00:02.024127158Z [INFO] eToro-Momentum-LS.ExecEngine: Registered OMS.UNSPECIFIED for Strategy MLS_FlashCrashReversalStrategy_FRO.ETORO_62-062
2026-06-08T20:00:02.024127668Z [INFO] eToro-Momentum-LS.eToro-Momentum-LS: Registered Strategy MLS_FlashCrashReversalStrategy_FRO.ETORO_62-062
2026-06-08T20:00:02.024162073Z [INFO] eToro-Momentum-LS.MLS_FlashCrashReversalStrategy_FRO.ETORO_63: READY
2026-06-08T20:00:02.024172903Z [DEBUG] eToro-Momentum-LS.MessageBus: Added Subscription(topic=events.order.MLS_FlashCrashReversalStrategy_FRO.ETORO_63-063, handler=<bound method Strategy.handle_event of FlashCrashReversalStrategy(MLS_FlashCrashReversalStrategy_FRO.ETORO_63-063)>, priority=0)
2026-06-08T20:00:02.024176129Z [DEBUG] eToro-Momentum-LS.MessageBus: Added Subscription(topic=events.position.MLS_FlashCrashReversalStrategy_FRO.ETORO_63-063, handler=<bound method Strategy.handle_event of FlashCrashReversalStrategy(MLS_FlashCrashReversalStrategy_FRO.ETORO_63-063)>, priority=0)
2026-06-08T20:00:02.024177201Z [INFO] eToro-Momentum-LS.ExecEngine: Registered OMS.UNSPECIFIED for Strategy MLS_FlashCrashReversalStrategy_FRO.ETORO_63-063
2026-06-08T20:00:02.024177672Z [INFO] eToro-Momentum-LS.eToro-Momentum-LS: Registered Strategy MLS_FlashCrashReversalStrategy_FRO.ETORO_63-063
2026-06-08T20:00:02.024222015Z [INFO] eToro-Momentum-LS.MLS_FlashCrashReversalStrategy_FRO.ETORO_64: READY
2026-06-08T20:00:02.024236523Z [DEBUG] eToro-Momentum-LS.MessageBus: Added Subscription(topic=events.order.MLS_FlashCrashReversalStrategy_FRO.ETORO_64-064, handler=<bound method Strategy.handle_event of FlashCrashReversalStrategy(MLS_FlashCrashReversalStrategy_FRO.ETORO_64-064)>, priority=0)
2026-06-08T20:00:02.024239548Z [DEBUG] eToro-Momentum-LS.MessageBus: Added Subscription(topic=events.position.MLS_FlashCrashReversalStrategy_FRO.ETORO_64-064, handler=<bound method Strategy.handle_event of FlashCrashReversalStrategy(MLS_FlashCrashReversalStrategy_FRO.ETORO_64-064)>, priority=0)
2026-06-08T20:00:02.024240710Z [INFO] eToro-Momentum-LS.ExecEngine: Registered OMS.UNSPECIFIED for Strategy MLS_FlashCrashReversalStrategy_FRO.ETORO_64-064
2026-06-08T20:00:02.024241762Z [INFO] eToro-Momentum-LS.eToro-Momentum-LS: Registered Strategy MLS_FlashCrashReversalStrategy_FRO.ETORO_64-064
2026-06-08T20:00:02.024291205Z [INFO] eToro-Momentum-LS.MLS_FlashCrashReversalStrategy_FRO.ETORO_65: READY
2026-06-08T20:00:02.024308457Z [DEBUG] eToro-Momentum-LS.MessageBus: Added Subscription(topic=events.order.MLS_FlashCrashReversalStrategy_FRO.ETORO_65-065, handler=<bound method Strategy.handle_event of FlashCrashReversalStrategy(MLS_FlashCrashReversalStrategy_FRO.ETORO_65-065)>, priority=0)
2026-06-08T20:00:02.024313387Z [DEBUG] eToro-Momentum-LS.MessageBus: Added Subscription(topic=events.position.MLS_FlashCrashReversalStrategy_FRO.ETORO_65-065, handler=<bound method Strategy.handle_event of FlashCrashReversalStrategy(MLS_FlashCrashReversalStrategy_FRO.ETORO_65-065)>, priority=0)
2026-06-08T20:00:02.024314228Z [INFO] eToro-Momentum-LS.ExecEngine: Registered OMS.UNSPECIFIED for Strategy MLS_FlashCrashReversalStrategy_FRO.ETORO_65-065
2026-06-08T20:00:02.024314789Z [INFO] eToro-Momentum-LS.eToro-Momentum-LS: Registered Strategy MLS_FlashCrashReversalStrategy_FRO.ETORO_65-065
2026-06-08T20:00:02.024359313Z [INFO] eToro-Momentum-LS.MLS_FlashCrashReversalStrategy_FRO.ETORO_66: READY
2026-06-08T20:00:02.024376555Z [DEBUG] eToro-Momentum-LS.MessageBus: Added Subscription(topic=events.order.MLS_FlashCrashReversalStrategy_FRO.ETORO_66-066, handler=<bound method Strategy.handle_event of FlashCrashReversalStrategy(MLS_FlashCrashReversalStrategy_FRO.ETORO_66-066)>, priority=0)
2026-06-08T20:00:02.024379901Z [DEBUG] eToro-Momentum-LS.MessageBus: Added Subscription(topic=events.position.MLS_FlashCrashReversalStrategy_FRO.ETORO_66-066, handler=<bound method Strategy.handle_event of FlashCrashReversalStrategy(MLS_FlashCrashReversalStrategy_FRO.ETORO_66-066)>, priority=0)
2026-06-08T20:00:02.024381124Z [INFO] eToro-Momentum-LS.ExecEngine: Registered OMS.UNSPECIFIED for Strategy MLS_FlashCrashReversalStrategy_FRO.ETORO_66-066
2026-06-08T20:00:02.024381665Z [INFO] eToro-Momentum-LS.eToro-Momentum-LS: Registered Strategy MLS_FlashCrashReversalStrategy_FRO.ETORO_66-066
2026-06-08T20:00:02.029793812Z [INFO] eToro-Momentum-LS.MLS_FlashCrashReversalStrategy_LQDA.ETORO_67: READY
2026-06-08T20:00:02.029876757Z [DEBUG] eToro-Momentum-LS.MessageBus: Added Subscription(topic=events.order.MLS_FlashCrashReversalStrategy_LQDA.ETORO_67-067, handler=<bound method Strategy.handle_event of FlashCrashReversalStrategy(MLS_FlashCrashReversalStrategy_LQDA.ETORO_67-067)>, priority=0)
2026-06-08T20:00:02.029880865Z [DEBUG] eToro-Momentum-LS.MessageBus: Added Subscription(topic=events.position.MLS_FlashCrashReversalStrategy_LQDA.ETORO_67-067, handler=<bound method Strategy.handle_event of FlashCrashReversalStrategy(MLS_FlashCrashReversalStrategy_LQDA.ETORO_67-067)>, priority=0)
2026-06-08T20:00:02.029885724Z [INFO] eToro-Momentum-LS.ExecEngine: Registered OMS.UNSPECIFIED for Strategy MLS_FlashCrashReversalStrategy_LQDA.ETORO_67-067
2026-06-08T20:00:02.029888119Z [INFO] eToro-Momentum-LS.eToro-Momentum-LS: Registered Strategy MLS_FlashCrashReversalStrategy_LQDA.ETORO_67-067
2026-06-08T20:00:02.030029674Z [INFO] eToro-Momentum-LS.MLS_FlashCrashReversalStrategy_LQDA.ETORO_68: READY
2026-06-08T20:00:02.030046876Z [DEBUG] eToro-Momentum-LS.MessageBus: Added Subscription(topic=events.order.MLS_FlashCrashReversalStrategy_LQDA.ETORO_68-068, handler=<bound method Strategy.handle_event of FlashCrashReversalStrategy(MLS_FlashCrashReversalStrategy_LQDA.ETORO_68-068)>, priority=0)
2026-06-08T20:00:02.030050683Z [DEBUG] eToro-Momentum-LS.MessageBus: Added Subscription(topic=events.position.MLS_FlashCrashReversalStrategy_LQDA.ETORO_68-068, handler=<bound method Strategy.handle_event of FlashCrashReversalStrategy(MLS_FlashCrashReversalStrategy_LQDA.ETORO_68-068)>, priority=0)
2026-06-08T20:00:02.030051966Z [INFO] eToro-Momentum-LS.ExecEngine: Registered OMS.UNSPECIFIED for Strategy MLS_FlashCrashReversalStrategy_LQDA.ETORO_68-068
2026-06-08T20:00:02.030052918Z [INFO] eToro-Momentum-LS.eToro-Momentum-LS: Registered Strategy MLS_FlashCrashReversalStrategy_LQDA.ETORO_68-068
2026-06-08T20:00:02.030099285Z [INFO] eToro-Momentum-LS.MLS_FlashCrashReversalStrategy_LQDA.ETORO_69: READY
2026-06-08T20:00:02.030112890Z [DEBUG] eToro-Momentum-LS.MessageBus: Added Subscription(topic=events.order.MLS_FlashCrashReversalStrategy_LQDA.ETORO_69-069, handler=<bound method Strategy.handle_event of FlashCrashReversalStrategy(MLS_FlashCrashReversalStrategy_LQDA.ETORO_69-069)>, priority=0)
2026-06-08T20:00:02.030116517Z [DEBUG] eToro-Momentum-LS.MessageBus: Added Subscription(topic=events.position.MLS_FlashCrashReversalStrategy_LQDA.ETORO_69-069, handler=<bound method Strategy.handle_event of FlashCrashReversalStrategy(MLS_FlashCrashReversalStrategy_LQDA.ETORO_69-069)>, priority=0)
2026-06-08T20:00:02.030117379Z [INFO] eToro-Momentum-LS.ExecEngine: Registered OMS.UNSPECIFIED for Strategy MLS_FlashCrashReversalStrategy_LQDA.ETORO_69-069
2026-06-08T20:00:02.030118110Z [INFO] eToro-Momentum-LS.eToro-Momentum-LS: Registered Strategy MLS_FlashCrashReversalStrategy_LQDA.ETORO_69-069
2026-06-08T20:00:02.030157033Z [INFO] eToro-Momentum-LS.MLS_FlashCrashReversalStrategy_LQDA.ETORO_70: READY
2026-06-08T20:00:02.030169626Z [DEBUG] eToro-Momentum-LS.MessageBus: Added Subscription(topic=events.order.MLS_FlashCrashReversalStrategy_LQDA.ETORO_70-070, handler=<bound method Strategy.handle_event of FlashCrashReversalStrategy(MLS_FlashCrashReversalStrategy_LQDA.ETORO_70-070)>, priority=0)
2026-06-08T20:00:02.030173173Z [DEBUG] eToro-Momentum-LS.MessageBus: Added Subscription(topic=events.position.MLS_FlashCrashReversalStrategy_LQDA.ETORO_70-070, handler=<bound method Strategy.handle_event of FlashCrashReversalStrategy(MLS_FlashCrashReversalStrategy_LQDA.ETORO_70-070)>, priority=0)
2026-06-08T20:00:02.030174055Z [INFO] eToro-Momentum-LS.ExecEngine: Registered OMS.UNSPECIFIED for Strategy MLS_FlashCrashReversalStrategy_LQDA.ETORO_70-070
2026-06-08T20:00:02.030174716Z [INFO] eToro-Momentum-LS.eToro-Momentum-LS: Registered Strategy MLS_FlashCrashReversalStrategy_LQDA.ETORO_70-070
2026-06-08T20:00:02.030214370Z [INFO] eToro-Momentum-LS.MLS_FlashCrashReversalStrategy_LQDA.ETORO_71: READY
2026-06-08T20:00:02.030226092Z [DEBUG] eToro-Momentum-LS.MessageBus: Added Subscription(topic=events.order.MLS_FlashCrashReversalStrategy_LQDA.ETORO_71-071, handler=<bound method Strategy.handle_event of FlashCrashReversalStrategy(MLS_FlashCrashReversalStrategy_LQDA.ETORO_71-071)>, priority=0)
2026-06-08T20:00:02.030229879Z [DEBUG] eToro-Momentum-LS.MessageBus: Added Subscription(topic=events.position.MLS_FlashCrashReversalStrategy_LQDA.ETORO_71-071, handler=<bound method Strategy.handle_event of FlashCrashReversalStrategy(MLS_FlashCrashReversalStrategy_LQDA.ETORO_71-071)>, priority=0)
2026-06-08T20:00:02.030233166Z [INFO] eToro-Momentum-LS.ExecEngine: Registered OMS.UNSPECIFIED for Strategy MLS_FlashCrashReversalStrategy_LQDA.ETORO_71-071
2026-06-08T20:00:02.030233697Z [INFO] eToro-Momentum-LS.eToro-Momentum-LS: Registered Strategy MLS_FlashCrashReversalStrategy_LQDA.ETORO_71-071
2026-06-08T20:00:02.030276427Z [INFO] eToro-Momentum-LS.MLS_FlashCrashReversalStrategy_LQDA.ETORO_72: READY
2026-06-08T20:00:02.030288610Z [DEBUG] eToro-Momentum-LS.MessageBus: Added Subscription(topic=events.order.MLS_FlashCrashReversalStrategy_LQDA.ETORO_72-072, handler=<bound method Strategy.handle_event of FlashCrashReversalStrategy(MLS_FlashCrashReversalStrategy_LQDA.ETORO_72-072)>, priority=0)
2026-06-08T20:00:02.030292417Z [DEBUG] eToro-Momentum-LS.MessageBus: Added Subscription(topic=events.position.MLS_FlashCrashReversalStrategy_LQDA.ETORO_72-072, handler=<bound method Strategy.handle_event of FlashCrashReversalStrategy(MLS_FlashCrashReversalStrategy_LQDA.ETORO_72-072)>, priority=0)
2026-06-08T20:00:02.030293399Z [INFO] eToro-Momentum-LS.ExecEngine: Registered OMS.UNSPECIFIED for Strategy MLS_FlashCrashReversalStrategy_LQDA.ETORO_72-072
2026-06-08T20:00:02.030293909Z [INFO] eToro-Momentum-LS.eToro-Momentum-LS: Registered Strategy MLS_FlashCrashReversalStrategy_LQDA.ETORO_72-072
2026-06-08T20:00:02.030327943Z [INFO] eToro-Momentum-LS.MLS_FlashCrashReversalStrategy_LQDA.ETORO_73: READY
2026-06-08T20:00:02.030340978Z [DEBUG] eToro-Momentum-LS.MessageBus: Added Subscription(topic=events.order.MLS_FlashCrashReversalStrategy_LQDA.ETORO_73-073, handler=<bound method Strategy.handle_event of FlashCrashReversalStrategy(MLS_FlashCrashReversalStrategy_LQDA.ETORO_73-073)>, priority=0)
2026-06-08T20:00:02.030344594Z [DEBUG] eToro-Momentum-LS.MessageBus: Added Subscription(topic=events.position.MLS_FlashCrashReversalStrategy_LQDA.ETORO_73-073, handler=<bound method Strategy.handle_event of FlashCrashReversalStrategy(MLS_FlashCrashReversalStrategy_LQDA.ETORO_73-073)>, priority=0)
2026-06-08T20:00:02.030345426Z [INFO] eToro-Momentum-LS.ExecEngine: Registered OMS.UNSPECIFIED for Strategy MLS_FlashCrashReversalStrategy_LQDA.ETORO_73-073
2026-06-08T20:00:02.030346107Z [INFO] eToro-Momentum-LS.eToro-Momentum-LS: Registered Strategy MLS_FlashCrashReversalStrategy_LQDA.ETORO_73-073
2026-06-08T20:00:02.030379290Z [INFO] eToro-Momentum-LS.MLS_FlashCrashReversalStrategy_LQDA.ETORO_74: READY
2026-06-08T20:00:02.030391412Z [DEBUG] eToro-Momentum-LS.MessageBus: Added Subscription(topic=events.order.MLS_FlashCrashReversalStrategy_LQDA.ETORO_74-074, handler=<bound method Strategy.handle_event of FlashCrashReversalStrategy(MLS_FlashCrashReversalStrategy_LQDA.ETORO_74-074)>, priority=0)
2026-06-08T20:00:02.030395009Z [DEBUG] eToro-Momentum-LS.MessageBus: Added Subscription(topic=events.position.MLS_FlashCrashReversalStrategy_LQDA.ETORO_74-074, handler=<bound method Strategy.handle_event of FlashCrashReversalStrategy(MLS_FlashCrashReversalStrategy_LQDA.ETORO_74-074)>, priority=0)
2026-06-08T20:00:02.030395911Z [INFO] eToro-Momentum-LS.ExecEngine: Registered OMS.UNSPECIFIED for Strategy MLS_FlashCrashReversalStrategy_LQDA.ETORO_74-074
2026-06-08T20:00:02.030396522Z [INFO] eToro-Momentum-LS.eToro-Momentum-LS: Registered Strategy MLS_FlashCrashReversalStrategy_LQDA.ETORO_74-074
2026-06-08T20:00:02.030438591Z [INFO] eToro-Momentum-LS.MLS_FlashCrashReversalStrategy_LQDA.ETORO_75: READY
2026-06-08T20:00:02.030451565Z [DEBUG] eToro-Momentum-LS.MessageBus: Added Subscription(topic=events.order.MLS_FlashCrashReversalStrategy_LQDA.ETORO_75-075, handler=<bound method Strategy.handle_event of FlashCrashReversalStrategy(MLS_FlashCrashReversalStrategy_LQDA.ETORO_75-075)>, priority=0)
2026-06-08T20:00:02.030456124Z [DEBUG] eToro-Momentum-LS.MessageBus: Added Subscription(topic=events.position.MLS_FlashCrashReversalStrategy_LQDA.ETORO_75-075, handler=<bound method Strategy.handle_event of FlashCrashReversalStrategy(MLS_FlashCrashReversalStrategy_LQDA.ETORO_75-075)>, priority=0)
2026-06-08T20:00:02.030456845Z [INFO] eToro-Momentum-LS.ExecEngine: Registered OMS.UNSPECIFIED for Strategy MLS_FlashCrashReversalStrategy_LQDA.ETORO_75-075
2026-06-08T20:00:02.030457356Z [INFO] eToro-Momentum-LS.eToro-Momentum-LS: Registered Strategy MLS_FlashCrashReversalStrategy_LQDA.ETORO_75-075
2026-06-08T20:00:02.030491079Z [INFO] eToro-Momentum-LS.MLS_FlashCrashReversalStrategy_LQDA.ETORO_76: READY
2026-06-08T20:00:02.030525684Z [DEBUG] eToro-Momentum-LS.MessageBus: Added Subscription(topic=events.order.MLS_FlashCrashReversalStrategy_LQDA.ETORO_76-076, handler=<bound method Strategy.handle_event of FlashCrashReversalStrategy(MLS_FlashCrashReversalStrategy_LQDA.ETORO_76-076)>, priority=0)
2026-06-08T20:00:02.030529461Z [DEBUG] eToro-Momentum-LS.MessageBus: Added Subscription(topic=events.position.MLS_FlashCrashReversalStrategy_LQDA.ETORO_76-076, handler=<bound method Strategy.handle_event of FlashCrashReversalStrategy(MLS_FlashCrashReversalStrategy_LQDA.ETORO_76-076)>, priority=0)
2026-06-08T20:00:02.030530503Z [INFO] eToro-Momentum-LS.ExecEngine: Registered OMS.UNSPECIFIED for Strategy MLS_FlashCrashReversalStrategy_LQDA.ETORO_76-076
2026-06-08T20:00:02.030531114Z [INFO] eToro-Momentum-LS.eToro-Momentum-LS: Registered Strategy MLS_FlashCrashReversalStrategy_LQDA.ETORO_76-076
2026-06-08T20:00:02.030575698Z [INFO] eToro-Momentum-LS.MLS_FlashCrashReversalStrategy_LQDA.ETORO_77: READY
2026-06-08T20:00:02.030588963Z [DEBUG] eToro-Momentum-LS.MessageBus: Added Subscription(topic=events.order.MLS_FlashCrashReversalStrategy_LQDA.ETORO_77-077, handler=<bound method Strategy.handle_event of FlashCrashReversalStrategy(MLS_FlashCrashReversalStrategy_LQDA.ETORO_77-077)>, priority=0)
2026-06-08T20:00:02.030592650Z [DEBUG] eToro-Momentum-LS.MessageBus: Added Subscription(topic=events.position.MLS_FlashCrashReversalStrategy_LQDA.ETORO_77-077, handler=<bound method Strategy.handle_event of FlashCrashReversalStrategy(MLS_FlashCrashReversalStrategy_LQDA.ETORO_77-077)>, priority=0)
2026-06-08T20:00:02.030593631Z [INFO] eToro-Momentum-LS.ExecEngine: Registered OMS.UNSPECIFIED for Strategy MLS_FlashCrashReversalStrategy_LQDA.ETORO_77-077
2026-06-08T20:00:02.030596807Z [INFO] eToro-Momentum-LS.eToro-Momentum-LS: Registered Strategy MLS_FlashCrashReversalStrategy_LQDA.ETORO_77-077
2026-06-08T20:00:02.030637804Z [INFO] eToro-Momentum-LS.MLS_FlashCrashReversalStrategy_LQDA.ETORO_78: READY
2026-06-08T20:00:02.030650057Z [DEBUG] eToro-Momentum-LS.MessageBus: Added Subscription(topic=events.order.MLS_FlashCrashReversalStrategy_LQDA.ETORO_78-078, handler=<bound method Strategy.handle_event of FlashCrashReversalStrategy(MLS_FlashCrashReversalStrategy_LQDA.ETORO_78-078)>, priority=0)
2026-06-08T20:00:02.030653834Z [DEBUG] eToro-Momentum-LS.MessageBus: Added Subscription(topic=events.position.MLS_FlashCrashReversalStrategy_LQDA.ETORO_78-078, handler=<bound method Strategy.handle_event of FlashCrashReversalStrategy(MLS_FlashCrashReversalStrategy_LQDA.ETORO_78-078)>, priority=0)
2026-06-08T20:00:02.030654726Z [INFO] eToro-Momentum-LS.ExecEngine: Registered OMS.UNSPECIFIED for Strategy MLS_FlashCrashReversalStrategy_LQDA.ETORO_78-078
2026-06-08T20:00:02.030655397Z [INFO] eToro-Momentum-LS.eToro-Momentum-LS: Registered Strategy MLS_FlashCrashReversalStrategy_LQDA.ETORO_78-078
2026-06-08T20:00:02.030689701Z [INFO] eToro-Momentum-LS.MLS_FlashCrashReversalStrategy_LQDA.ETORO_79: READY
2026-06-08T20:00:02.030703227Z [DEBUG] eToro-Momentum-LS.MessageBus: Added Subscription(topic=events.order.MLS_FlashCrashReversalStrategy_LQDA.ETORO_79-079, handler=<bound method Strategy.handle_event of FlashCrashReversalStrategy(MLS_FlashCrashReversalStrategy_LQDA.ETORO_79-079)>, priority=0)
2026-06-08T20:00:02.030708006Z [DEBUG] eToro-Momentum-LS.MessageBus: Added Subscription(topic=events.position.MLS_FlashCrashReversalStrategy_LQDA.ETORO_79-079, handler=<bound method Strategy.handle_event of FlashCrashReversalStrategy(MLS_FlashCrashReversalStrategy_LQDA.ETORO_79-079)>, priority=0)
2026-06-08T20:00:02.030708918Z [INFO] eToro-Momentum-LS.ExecEngine: Registered OMS.UNSPECIFIED for Strategy MLS_FlashCrashReversalStrategy_LQDA.ETORO_79-079
2026-06-08T20:00:02.030709539Z [INFO] eToro-Momentum-LS.eToro-Momentum-LS: Registered Strategy MLS_FlashCrashReversalStrategy_LQDA.ETORO_79-079
2026-06-08T20:00:02.030740998Z [INFO] eToro-Momentum-LS.MLS_FlashCrashReversalStrategy_LQDA.ETORO_80: READY
2026-06-08T20:00:02.030764652Z [DEBUG] eToro-Momentum-LS.MessageBus: Added Subscription(topic=events.order.MLS_FlashCrashReversalStrategy_LQDA.ETORO_80-080, handler=<bound method Strategy.handle_event of FlashCrashReversalStrategy(MLS_FlashCrashReversalStrategy_LQDA.ETORO_80-080)>, priority=0)
2026-06-08T20:00:02.030768469Z [DEBUG] eToro-Momentum-LS.MessageBus: Added Subscription(topic=events.position.MLS_FlashCrashReversalStrategy_LQDA.ETORO_80-080, handler=<bound method Strategy.handle_event of FlashCrashReversalStrategy(MLS_FlashCrashReversalStrategy_LQDA.ETORO_80-080)>, priority=0)
2026-06-08T20:00:02.030769351Z [INFO] eToro-Momentum-LS.ExecEngine: Registered OMS.UNSPECIFIED for Strategy MLS_FlashCrashReversalStrategy_LQDA.ETORO_80-080
2026-06-08T20:00:02.030769872Z [INFO] eToro-Momentum-LS.eToro-Momentum-LS: Registered Strategy MLS_FlashCrashReversalStrategy_LQDA.ETORO_80-080
2026-06-08T20:00:02.030809196Z [INFO] eToro-Momentum-LS.MLS_FlashCrashReversalStrategy_LQDA.ETORO_81: READY
2026-06-08T20:00:02.030826418Z [DEBUG] eToro-Momentum-LS.MessageBus: Added Subscription(topic=events.order.MLS_FlashCrashReversalStrategy_LQDA.ETORO_81-081, handler=<bound method Strategy.handle_event of FlashCrashReversalStrategy(MLS_FlashCrashReversalStrategy_LQDA.ETORO_81-081)>, priority=0)
2026-06-08T20:00:02.030841767Z [DEBUG] eToro-Momentum-LS.MessageBus: Added Subscription(topic=events.position.MLS_FlashCrashReversalStrategy_LQDA.ETORO_81-081, handler=<bound method Strategy.handle_event of FlashCrashReversalStrategy(MLS_FlashCrashReversalStrategy_LQDA.ETORO_81-081)>, priority=0)
2026-06-08T20:00:02.030842668Z [INFO] eToro-Momentum-LS.ExecEngine: Registered OMS.UNSPECIFIED for Strategy MLS_FlashCrashReversalStrategy_LQDA.ETORO_81-081
2026-06-08T20:00:02.030843229Z [INFO] eToro-Momentum-LS.eToro-Momentum-LS: Registered Strategy MLS_FlashCrashReversalStrategy_LQDA.ETORO_81-081
2026-06-08T20:00:02.030886030Z [INFO] eToro-Momentum-LS.MLS_FlashCrashReversalStrategy_LQDA.ETORO_82: READY
2026-06-08T20:00:02.030902711Z [DEBUG] eToro-Momentum-LS.MessageBus: Added Subscription(topic=events.order.MLS_FlashCrashReversalStrategy_LQDA.ETORO_82-082, handler=<bound method Strategy.handle_event of FlashCrashReversalStrategy(MLS_FlashCrashReversalStrategy_LQDA.ETORO_82-082)>, priority=0)
2026-06-08T20:00:02.030906829Z [DEBUG] eToro-Momentum-LS.MessageBus: Added Subscription(topic=events.position.MLS_FlashCrashReversalStrategy_LQDA.ETORO_82-082, handler=<bound method Strategy.handle_event of FlashCrashReversalStrategy(MLS_FlashCrashReversalStrategy_LQDA.ETORO_82-082)>, priority=0)
2026-06-08T20:00:02.030907891Z [INFO] eToro-Momentum-LS.ExecEngine: Registered OMS.UNSPECIFIED for Strategy MLS_FlashCrashReversalStrategy_LQDA.ETORO_82-082
2026-06-08T20:00:02.030908522Z [INFO] eToro-Momentum-LS.eToro-Momentum-LS: Registered Strategy MLS_FlashCrashReversalStrategy_LQDA.ETORO_82-082
2026-06-08T20:00:02.030948417Z [INFO] eToro-Momentum-LS.MLS_FlashCrashReversalStrategy_LQDA.ETORO_83: READY
2026-06-08T20:00:02.030963605Z [DEBUG] eToro-Momentum-LS.MessageBus: Added Subscription(topic=events.order.MLS_FlashCrashReversalStrategy_LQDA.ETORO_83-083, handler=<bound method Strategy.handle_event of FlashCrashReversalStrategy(MLS_FlashCrashReversalStrategy_LQDA.ETORO_83-083)>, priority=0)
2026-06-08T20:00:02.030968324Z [DEBUG] eToro-Momentum-LS.MessageBus: Added Subscription(topic=events.position.MLS_FlashCrashReversalStrategy_LQDA.ETORO_83-083, handler=<bound method Strategy.handle_event of FlashCrashReversalStrategy(MLS_FlashCrashReversalStrategy_LQDA.ETORO_83-083)>, priority=0)
2026-06-08T20:00:02.030969185Z [INFO] eToro-Momentum-LS.ExecEngine: Registered OMS.UNSPECIFIED for Strategy MLS_FlashCrashReversalStrategy_LQDA.ETORO_83-083
2026-06-08T20:00:02.030969696Z [INFO] eToro-Momentum-LS.eToro-Momentum-LS: Registered Strategy MLS_FlashCrashReversalStrategy_LQDA.ETORO_83-083
2026-06-08T20:00:02.031012447Z [INFO] eToro-Momentum-LS.MLS_FlashCrashReversalStrategy_LQDA.ETORO_84: READY
2026-06-08T20:00:02.031027575Z [DEBUG] eToro-Momentum-LS.MessageBus: Added Subscription(topic=events.order.MLS_FlashCrashReversalStrategy_LQDA.ETORO_84-084, handler=<bound method Strategy.handle_event of FlashCrashReversalStrategy(MLS_FlashCrashReversalStrategy_LQDA.ETORO_84-084)>, priority=0)
2026-06-08T20:00:02.031031402Z [DEBUG] eToro-Momentum-LS.MessageBus: Added Subscription(topic=events.position.MLS_FlashCrashReversalStrategy_LQDA.ETORO_84-084, handler=<bound method Strategy.handle_event of FlashCrashReversalStrategy(MLS_FlashCrashReversalStrategy_LQDA.ETORO_84-084)>, priority=0)
2026-06-08T20:00:02.031032344Z [INFO] eToro-Momentum-LS.ExecEngine: Registered OMS.UNSPECIFIED for Strategy MLS_FlashCrashReversalStrategy_LQDA.ETORO_84-084
2026-06-08T20:00:02.031032835Z [INFO] eToro-Momentum-LS.eToro-Momentum-LS: Registered Strategy MLS_FlashCrashReversalStrategy_LQDA.ETORO_84-084
2026-06-08T20:00:02.031072730Z [INFO] eToro-Momentum-LS.MLS_FlashCrashReversalStrategy_LQDA.ETORO_85: READY
2026-06-08T20:00:02.031085644Z [DEBUG] eToro-Momentum-LS.MessageBus: Added Subscription(topic=events.order.MLS_FlashCrashReversalStrategy_LQDA.ETORO_85-085, handler=<bound method Strategy.handle_event of FlashCrashReversalStrategy(MLS_FlashCrashReversalStrategy_LQDA.ETORO_85-085)>, priority=0)
2026-06-08T20:00:02.031089531Z [DEBUG] eToro-Momentum-LS.MessageBus: Added Subscription(topic=events.position.MLS_FlashCrashReversalStrategy_LQDA.ETORO_85-085, handler=<bound method Strategy.handle_event of FlashCrashReversalStrategy(MLS_FlashCrashReversalStrategy_LQDA.ETORO_85-085)>, priority=0)
2026-06-08T20:00:02.031092897Z [INFO] eToro-Momentum-LS.ExecEngine: Registered OMS.UNSPECIFIED for Strategy MLS_FlashCrashReversalStrategy_LQDA.ETORO_85-085
2026-06-08T20:00:02.031093889Z [INFO] eToro-Momentum-LS.eToro-Momentum-LS: Registered Strategy MLS_FlashCrashReversalStrategy_LQDA.ETORO_85-085
2026-06-08T20:00:02.031154152Z [INFO] eToro-Momentum-LS.MLS_FlashCrashReversalStrategy_MTZ.ETORO_86: READY
2026-06-08T20:00:02.031169892Z [DEBUG] eToro-Momentum-LS.MessageBus: Added Subscription(topic=events.order.MLS_FlashCrashReversalStrategy_MTZ.ETORO_86-086, handler=<bound method Strategy.handle_event of FlashCrashReversalStrategy(MLS_FlashCrashReversalStrategy_MTZ.ETORO_86-086)>, priority=0)
2026-06-08T20:00:02.031173819Z [DEBUG] eToro-Momentum-LS.MessageBus: Added Subscription(topic=events.position.MLS_FlashCrashReversalStrategy_MTZ.ETORO_86-086, handler=<bound method Strategy.handle_event of FlashCrashReversalStrategy(MLS_FlashCrashReversalStrategy_MTZ.ETORO_86-086)>, priority=0)
2026-06-08T20:00:02.031175122Z [INFO] eToro-Momentum-LS.ExecEngine: Registered OMS.UNSPECIFIED for Strategy MLS_FlashCrashReversalStrategy_MTZ.ETORO_86-086
2026-06-08T20:00:02.031175843Z [INFO] eToro-Momentum-LS.eToro-Momentum-LS: Registered Strategy MLS_FlashCrashReversalStrategy_MTZ.ETORO_86-086
2026-06-08T20:00:02.031216710Z [INFO] eToro-Momentum-LS.MLS_FlashCrashReversalStrategy_MTZ.ETORO_87: READY
2026-06-08T20:00:02.031230485Z [DEBUG] eToro-Momentum-LS.MessageBus: Added Subscription(topic=events.order.MLS_FlashCrashReversalStrategy_MTZ.ETORO_87-087, handler=<bound method Strategy.handle_event of FlashCrashReversalStrategy(MLS_FlashCrashReversalStrategy_MTZ.ETORO_87-087)>, priority=0)
2026-06-08T20:00:02.031235194Z [DEBUG] eToro-Momentum-LS.MessageBus: Added Subscription(topic=events.position.MLS_FlashCrashReversalStrategy_MTZ.ETORO_87-087, handler=<bound method Strategy.handle_event of FlashCrashReversalStrategy(MLS_FlashCrashReversalStrategy_MTZ.ETORO_87-087)>, priority=0)
2026-06-08T20:00:02.031236056Z [INFO] eToro-Momentum-LS.ExecEngine: Registered OMS.UNSPECIFIED for Strategy MLS_FlashCrashReversalStrategy_MTZ.ETORO_87-087
2026-06-08T20:00:02.031236707Z [INFO] eToro-Momentum-LS.eToro-Momentum-LS: Registered Strategy MLS_FlashCrashReversalStrategy_MTZ.ETORO_87-087
2026-06-08T20:00:02.031278986Z [INFO] eToro-Momentum-LS.MLS_FlashCrashReversalStrategy_MTZ.ETORO_88: READY
2026-06-08T20:00:02.031292662Z [DEBUG] eToro-Momentum-LS.MessageBus: Added Subscription(topic=events.order.MLS_FlashCrashReversalStrategy_MTZ.ETORO_88-088, handler=<bound method Strategy.handle_event of FlashCrashReversalStrategy(MLS_FlashCrashReversalStrategy_MTZ.ETORO_88-088)>, priority=0)
2026-06-08T20:00:02.031296499Z [DEBUG] eToro-Momentum-LS.MessageBus: Added Subscription(topic=events.position.MLS_FlashCrashReversalStrategy_MTZ.ETORO_88-088, handler=<bound method Strategy.handle_event of FlashCrashReversalStrategy(MLS_FlashCrashReversalStrategy_MTZ.ETORO_88-088)>, priority=0)
2026-06-08T20:00:02.031297541Z [INFO] eToro-Momentum-LS.ExecEngine: Registered OMS.UNSPECIFIED for Strategy MLS_FlashCrashReversalStrategy_MTZ.ETORO_88-088
2026-06-08T20:00:02.031298122Z [INFO] eToro-Momentum-LS.eToro-Momentum-LS: Registered Strategy MLS_FlashCrashReversalStrategy_MTZ.ETORO_88-088
2026-06-08T20:00:02.031331986Z [INFO] eToro-Momentum-LS.MLS_FlashCrashReversalStrategy_MTZ.ETORO_89: READY
2026-06-08T20:00:02.031344850Z [DEBUG] eToro-Momentum-LS.MessageBus: Added Subscription(topic=events.order.MLS_FlashCrashReversalStrategy_MTZ.ETORO_89-089, handler=<bound method Strategy.handle_event of FlashCrashReversalStrategy(MLS_FlashCrashReversalStrategy_MTZ.ETORO_89-089)>, priority=0)
2026-06-08T20:00:02.031348667Z [DEBUG] eToro-Momentum-LS.MessageBus: Added Subscription(topic=events.position.MLS_FlashCrashReversalStrategy_MTZ.ETORO_89-089, handler=<bound method Strategy.handle_event of FlashCrashReversalStrategy(MLS_FlashCrashReversalStrategy_MTZ.ETORO_89-089)>, priority=0)
2026-06-08T20:00:02.031349569Z [INFO] eToro-Momentum-LS.ExecEngine: Registered OMS.UNSPECIFIED for Strategy MLS_FlashCrashReversalStrategy_MTZ.ETORO_89-089
2026-06-08T20:00:02.031350160Z [INFO] eToro-Momentum-LS.eToro-Momentum-LS: Registered Strategy MLS_FlashCrashReversalStrategy_MTZ.ETORO_89-089
2026-06-08T20:00:02.031390525Z [INFO] eToro-Momentum-LS.MLS_FlashCrashReversalStrategy_MTZ.ETORO_90: READY
2026-06-08T20:00:02.031405614Z [DEBUG] eToro-Momentum-LS.MessageBus: Added Subscription(topic=events.order.MLS_FlashCrashReversalStrategy_MTZ.ETORO_90-090, handler=<bound method Strategy.handle_event of FlashCrashReversalStrategy(MLS_FlashCrashReversalStrategy_MTZ.ETORO_90-090)>, priority=0)
2026-06-08T20:00:02.031409481Z [DEBUG] eToro-Momentum-LS.MessageBus: Added Subscription(topic=events.position.MLS_FlashCrashReversalStrategy_MTZ.ETORO_90-090, handler=<bound method Strategy.handle_event of FlashCrashReversalStrategy(MLS_FlashCrashReversalStrategy_MTZ.ETORO_90-090)>, priority=0)
2026-06-08T20:00:02.031410643Z [INFO] eToro-Momentum-LS.ExecEngine: Registered OMS.UNSPECIFIED for Strategy MLS_FlashCrashReversalStrategy_MTZ.ETORO_90-090
2026-06-08T20:00:02.031411194Z [INFO] eToro-Momentum-LS.eToro-Momentum-LS: Registered Strategy MLS_FlashCrashReversalStrategy_MTZ.ETORO_90-090
2026-06-08T20:00:02.031447001Z [INFO] eToro-Momentum-LS.MLS_FlashCrashReversalStrategy_MTZ.ETORO_91: READY
2026-06-08T20:00:02.031459865Z [DEBUG] eToro-Momentum-LS.MessageBus: Added Subscription(topic=events.order.MLS_FlashCrashReversalStrategy_MTZ.ETORO_91-091, handler=<bound method Strategy.handle_event of FlashCrashReversalStrategy(MLS_FlashCrashReversalStrategy_MTZ.ETORO_91-091)>, priority=0)
2026-06-08T20:00:02.031464574Z [DEBUG] eToro-Momentum-LS.MessageBus: Added Subscription(topic=events.position.MLS_FlashCrashReversalStrategy_MTZ.ETORO_91-091, handler=<bound method Strategy.handle_event of FlashCrashReversalStrategy(MLS_FlashCrashReversalStrategy_MTZ.ETORO_91-091)>, priority=0)
2026-06-08T20:00:02.031465416Z [INFO] eToro-Momentum-LS.ExecEngine: Registered OMS.UNSPECIFIED for Strategy MLS_FlashCrashReversalStrategy_MTZ.ETORO_91-091
2026-06-08T20:00:02.031465967Z [INFO] eToro-Momentum-LS.eToro-Momentum-LS: Registered Strategy MLS_FlashCrashReversalStrategy_MTZ.ETORO_91-091
2026-06-08T20:00:02.031512554Z [INFO] eToro-Momentum-LS.MLS_FlashCrashReversalStrategy_MTZ.ETORO_92: READY
2026-06-08T20:00:02.031526540Z [DEBUG] eToro-Momentum-LS.MessageBus: Added Subscription(topic=events.order.MLS_FlashCrashReversalStrategy_MTZ.ETORO_92-092, handler=<bound method Strategy.handle_event of FlashCrashReversalStrategy(MLS_FlashCrashReversalStrategy_MTZ.ETORO_92-092)>, priority=0)
2026-06-08T20:00:02.031530388Z [DEBUG] eToro-Momentum-LS.MessageBus: Added Subscription(topic=events.position.MLS_FlashCrashReversalStrategy_MTZ.ETORO_92-092, handler=<bound method Strategy.handle_event of FlashCrashReversalStrategy(MLS_FlashCrashReversalStrategy_MTZ.ETORO_92-092)>, priority=0)
2026-06-08T20:00:02.031531480Z [INFO] eToro-Momentum-LS.ExecEngine: Registered OMS.UNSPECIFIED for Strategy MLS_FlashCrashReversalStrategy_MTZ.ETORO_92-092
2026-06-08T20:00:02.031531971Z [INFO] eToro-Momentum-LS.eToro-Momentum-LS: Registered Strategy MLS_FlashCrashReversalStrategy_MTZ.ETORO_92-092
2026-06-08T20:00:02.031567788Z [INFO] eToro-Momentum-LS.MLS_FlashCrashReversalStrategy_MTZ.ETORO_93: READY
2026-06-08T20:00:02.031582475Z [DEBUG] eToro-Momentum-LS.MessageBus: Added Subscription(topic=events.order.MLS_FlashCrashReversalStrategy_MTZ.ETORO_93-093, handler=<bound method Strategy.handle_event of FlashCrashReversalStrategy(MLS_FlashCrashReversalStrategy_MTZ.ETORO_93-093)>, priority=0)
2026-06-08T20:00:02.031586503Z [DEBUG] eToro-Momentum-LS.MessageBus: Added Subscription(topic=events.position.MLS_FlashCrashReversalStrategy_MTZ.ETORO_93-093, handler=<bound method Strategy.handle_event of FlashCrashReversalStrategy(MLS_FlashCrashReversalStrategy_MTZ.ETORO_93-093)>, priority=0)
2026-06-08T20:00:02.031587395Z [INFO] eToro-Momentum-LS.ExecEngine: Registered OMS.UNSPECIFIED for Strategy MLS_FlashCrashReversalStrategy_MTZ.ETORO_93-093
2026-06-08T20:00:02.031587986Z [INFO] eToro-Momentum-LS.eToro-Momentum-LS: Registered Strategy MLS_FlashCrashReversalStrategy_MTZ.ETORO_93-093
2026-06-08T20:00:02.031622741Z [INFO] eToro-Momentum-LS.MLS_FlashCrashReversalStrategy_MTZ.ETORO_94: READY
2026-06-08T20:00:02.031639452Z [DEBUG] eToro-Momentum-LS.MessageBus: Added Subscription(topic=events.order.MLS_FlashCrashReversalStrategy_MTZ.ETORO_94-094, handler=<bound method Strategy.handle_event of FlashCrashReversalStrategy(MLS_FlashCrashReversalStrategy_MTZ.ETORO_94-094)>, priority=0)
2026-06-08T20:00:02.031643349Z [DEBUG] eToro-Momentum-LS.MessageBus: Added Subscription(topic=events.position.MLS_FlashCrashReversalStrategy_MTZ.ETORO_94-094, handler=<bound method Strategy.handle_event of FlashCrashReversalStrategy(MLS_FlashCrashReversalStrategy_MTZ.ETORO_94-094)>, priority=0)
2026-06-08T20:00:02.031644271Z [INFO] eToro-Momentum-LS.ExecEngine: Registered OMS.UNSPECIFIED for Strategy MLS_FlashCrashReversalStrategy_MTZ.ETORO_94-094
2026-06-08T20:00:02.031644802Z [INFO] eToro-Momentum-LS.eToro-Momentum-LS: Registered Strategy MLS_FlashCrashReversalStrategy_MTZ.ETORO_94-094
2026-06-08T20:00:02.031681401Z [INFO] eToro-Momentum-LS.MLS_FlashCrashReversalStrategy_MTZ.ETORO_95: READY
2026-06-08T20:00:02.031713481Z [DEBUG] eToro-Momentum-LS.MessageBus: Added Subscription(topic=events.order.MLS_FlashCrashReversalStrategy_MTZ.ETORO_95-095, handler=<bound method Strategy.handle_event of FlashCrashReversalStrategy(MLS_FlashCrashReversalStrategy_MTZ.ETORO_95-095)>, priority=0)
2026-06-08T20:00:02.031718821Z [DEBUG] eToro-Momentum-LS.MessageBus: Added Subscription(topic=events.position.MLS_FlashCrashReversalStrategy_MTZ.ETORO_95-095, handler=<bound method Strategy.handle_event of FlashCrashReversalStrategy(MLS_FlashCrashReversalStrategy_MTZ.ETORO_95-095)>, priority=0)
2026-06-08T20:00:02.031719973Z [INFO] eToro-Momentum-LS.ExecEngine: Registered OMS.UNSPECIFIED for Strategy MLS_FlashCrashReversalStrategy_MTZ.ETORO_95-095
2026-06-08T20:00:02.031720705Z [INFO] eToro-Momentum-LS.eToro-Momentum-LS: Registered Strategy MLS_FlashCrashReversalStrategy_MTZ.ETORO_95-095
2026-06-08T20:00:02.031757774Z [INFO] eToro-Momentum-LS.MLS_FlashCrashReversalStrategy_MTZ.ETORO_96: READY
2026-06-08T20:00:02.031773113Z [DEBUG] eToro-Momentum-LS.MessageBus: Added Subscription(topic=events.order.MLS_FlashCrashReversalStrategy_MTZ.ETORO_96-096, handler=<bound method Strategy.handle_event of FlashCrashReversalStrategy(MLS_FlashCrashReversalStrategy_MTZ.ETORO_96-096)>, priority=0)
2026-06-08T20:00:02.031777962Z [DEBUG] eToro-Momentum-LS.MessageBus: Added Subscription(topic=events.position.MLS_FlashCrashReversalStrategy_MTZ.ETORO_96-096, handler=<bound method Strategy.handle_event of FlashCrashReversalStrategy(MLS_FlashCrashReversalStrategy_MTZ.ETORO_96-096)>, priority=0)
2026-06-08T20:00:02.031778924Z [INFO] eToro-Momentum-LS.ExecEngine: Registered OMS.UNSPECIFIED for Strategy MLS_FlashCrashReversalStrategy_MTZ.ETORO_96-096
2026-06-08T20:00:02.031779405Z [INFO] eToro-Momentum-LS.eToro-Momentum-LS: Registered Strategy MLS_FlashCrashReversalStrategy_MTZ.ETORO_96-096
2026-06-08T20:00:02.031823497Z [INFO] eToro-Momentum-LS.MLS_FlashCrashReversalStrategy_MTZ.ETORO_97: READY
2026-06-08T20:00:02.031837924Z [DEBUG] eToro-Momentum-LS.MessageBus: Added Subscription(topic=events.order.MLS_FlashCrashReversalStrategy_MTZ.ETORO_97-097, handler=<bound method Strategy.handle_event of FlashCrashReversalStrategy(MLS_FlashCrashReversalStrategy_MTZ.ETORO_97-097)>, priority=0)
2026-06-08T20:00:02.031841872Z [DEBUG] eToro-Momentum-LS.MessageBus: Added Subscription(topic=events.position.MLS_FlashCrashReversalStrategy_MTZ.ETORO_97-097, handler=<bound method Strategy.handle_event of FlashCrashReversalStrategy(MLS_FlashCrashReversalStrategy_MTZ.ETORO_97-097)>, priority=0)
2026-06-08T20:00:02.031842783Z [INFO] eToro-Momentum-LS.ExecEngine: Registered OMS.UNSPECIFIED for Strategy MLS_FlashCrashReversalStrategy_MTZ.ETORO_97-097
2026-06-08T20:00:02.031843314Z [INFO] eToro-Momentum-LS.eToro-Momentum-LS: Registered Strategy MLS_FlashCrashReversalStrategy_MTZ.ETORO_97-097
2026-06-08T20:00:02.031879653Z [INFO] eToro-Momentum-LS.MLS_FlashCrashReversalStrategy_MTZ.ETORO_98: READY
2026-06-08T20:00:02.031892597Z [DEBUG] eToro-Momentum-LS.MessageBus: Added Subscription(topic=events.order.MLS_FlashCrashReversalStrategy_MTZ.ETORO_98-098, handler=<bound method Strategy.handle_event of FlashCrashReversalStrategy(MLS_FlashCrashReversalStrategy_MTZ.ETORO_98-098)>, priority=0)
2026-06-08T20:00:02.031896684Z [DEBUG] eToro-Momentum-LS.MessageBus: Added Subscription(topic=events.position.MLS_FlashCrashReversalStrategy_MTZ.ETORO_98-098, handler=<bound method Strategy.handle_event of FlashCrashReversalStrategy(MLS_FlashCrashReversalStrategy_MTZ.ETORO_98-098)>, priority=0)
2026-06-08T20:00:02.031897526Z [INFO] eToro-Momentum-LS.ExecEngine: Registered OMS.UNSPECIFIED for Strategy MLS_FlashCrashReversalStrategy_MTZ.ETORO_98-098
2026-06-08T20:00:02.031898047Z [INFO] eToro-Momentum-LS.eToro-Momentum-LS: Registered Strategy MLS_FlashCrashReversalStrategy_MTZ.ETORO_98-098
2026-06-08T20:00:02.031944444Z [INFO] eToro-Momentum-LS.MLS_FlashCrashReversalStrategy_MTZ.ETORO_99: READY
2026-06-08T20:00:02.031959693Z [DEBUG] eToro-Momentum-LS.MessageBus: Added Subscription(topic=events.order.MLS_FlashCrashReversalStrategy_MTZ.ETORO_99-099, handler=<bound method Strategy.handle_event of FlashCrashReversalStrategy(MLS_FlashCrashReversalStrategy_MTZ.ETORO_99-099)>, priority=0)
2026-06-08T20:00:02.031964542Z [DEBUG] eToro-Momentum-LS.MessageBus: Added Subscription(topic=events.position.MLS_FlashCrashReversalStrategy_MTZ.ETORO_99-099, handler=<bound method Strategy.handle_event of FlashCrashReversalStrategy(MLS_FlashCrashReversalStrategy_MTZ.ETORO_99-099)>, priority=0)
2026-06-08T20:00:02.031965494Z [INFO] eToro-Momentum-LS.ExecEngine: Registered OMS.UNSPECIFIED for Strategy MLS_FlashCrashReversalStrategy_MTZ.ETORO_99-099
2026-06-08T20:00:02.031966055Z [INFO] eToro-Momentum-LS.eToro-Momentum-LS: Registered Strategy MLS_FlashCrashReversalStrategy_MTZ.ETORO_99-099
2026-06-08T20:00:02.032005969Z [INFO] eToro-Momentum-LS.MLS_FlashCrashReversalStrategy_MTZ.ETORO_100: READY
2026-06-08T20:00:02.032020437Z [DEBUG] eToro-Momentum-LS.MessageBus: Added Subscription(topic=events.order.MLS_FlashCrashReversalStrategy_MTZ.ETORO_100-100, handler=<bound method Strategy.handle_event of FlashCrashReversalStrategy(MLS_FlashCrashReversalStrategy_MTZ.ETORO_100-100)>, priority=0)
2026-06-08T20:00:02.032024835Z [DEBUG] eToro-Momentum-LS.MessageBus: Added Subscription(topic=events.position.MLS_FlashCrashReversalStrategy_MTZ.ETORO_100-100, handler=<bound method Strategy.handle_event of FlashCrashReversalStrategy(MLS_FlashCrashReversalStrategy_MTZ.ETORO_100-100)>, priority=0)
2026-06-08T20:00:02.032025817Z [INFO] eToro-Momentum-LS.ExecEngine: Registered OMS.UNSPECIFIED for Strategy MLS_FlashCrashReversalStrategy_MTZ.ETORO_100-100
2026-06-08T20:00:02.032026277Z [INFO] eToro-Momentum-LS.eToro-Momentum-LS: Registered Strategy MLS_FlashCrashReversalStrategy_MTZ.ETORO_100-100
2026-06-08T20:00:02.032065361Z [INFO] eToro-Momentum-LS.MLS_FlashCrashReversalStrategy_MTZ.ETORO_101: READY
2026-06-08T20:00:02.032081070Z [DEBUG] eToro-Momentum-LS.MessageBus: Added Subscription(topic=events.order.MLS_FlashCrashReversalStrategy_MTZ.ETORO_101-101, handler=<bound method Strategy.handle_event of FlashCrashReversalStrategy(MLS_FlashCrashReversalStrategy_MTZ.ETORO_101-101)>, priority=0)
2026-06-08T20:00:02.032085478Z [DEBUG] eToro-Momentum-LS.MessageBus: Added Subscription(topic=events.position.MLS_FlashCrashReversalStrategy_MTZ.ETORO_101-101, handler=<bound method Strategy.handle_event of FlashCrashReversalStrategy(MLS_FlashCrashReversalStrategy_MTZ.ETORO_101-101)>, priority=0)
2026-06-08T20:00:02.032086460Z [INFO] eToro-Momentum-LS.ExecEngine: Registered OMS.UNSPECIFIED for Strategy MLS_FlashCrashReversalStrategy_MTZ.ETORO_101-101
2026-06-08T20:00:02.032086981Z [INFO] eToro-Momentum-LS.eToro-Momentum-LS: Registered Strategy MLS_FlashCrashReversalStrategy_MTZ.ETORO_101-101
2026-06-08T20:00:02.032127177Z [INFO] eToro-Momentum-LS.MLS_FlashCrashReversalStrategy_MTZ.ETORO_102: READY
2026-06-08T20:00:02.032149228Z [DEBUG] eToro-Momentum-LS.MessageBus: Added Subscription(topic=events.order.MLS_FlashCrashReversalStrategy_MTZ.ETORO_102-102, handler=<bound method Strategy.handle_event of FlashCrashReversalStrategy(MLS_FlashCrashReversalStrategy_MTZ.ETORO_102-102)>, priority=0)
2026-06-08T20:00:02.032153676Z [DEBUG] eToro-Momentum-LS.MessageBus: Added Subscription(topic=events.position.MLS_FlashCrashReversalStrategy_MTZ.ETORO_102-102, handler=<bound method Strategy.handle_event of FlashCrashReversalStrategy(MLS_FlashCrashReversalStrategy_MTZ.ETORO_102-102)>, priority=0)
2026-06-08T20:00:02.032156311Z [INFO] eToro-Momentum-LS.ExecEngine: Registered OMS.UNSPECIFIED for Strategy MLS_FlashCrashReversalStrategy_MTZ.ETORO_102-102
2026-06-08T20:00:02.032157113Z [INFO] eToro-Momentum-LS.eToro-Momentum-LS: Registered Strategy MLS_FlashCrashReversalStrategy_MTZ.ETORO_102-102
2026-06-08T20:00:02.032194423Z [INFO] eToro-Momentum-LS.MLS_FlashCrashReversalStrategy_FDX.ETORO_103: READY
2026-06-08T20:00:02.032209762Z [DEBUG] eToro-Momentum-LS.MessageBus: Added Subscription(topic=events.order.MLS_FlashCrashReversalStrategy_FDX.ETORO_103-103, handler=<bound method Strategy.handle_event of FlashCrashReversalStrategy(MLS_FlashCrashReversalStrategy_FDX.ETORO_103-103)>, priority=0)
2026-06-08T20:00:02.032214350Z [DEBUG] eToro-Momentum-LS.MessageBus: Added Subscription(topic=events.position.MLS_FlashCrashReversalStrategy_FDX.ETORO_103-103, handler=<bound method Strategy.handle_event of FlashCrashReversalStrategy(MLS_FlashCrashReversalStrategy_FDX.ETORO_103-103)>, priority=0)
2026-06-08T20:00:02.032215312Z [INFO] eToro-Momentum-LS.ExecEngine: Registered OMS.UNSPECIFIED for Strategy MLS_FlashCrashReversalStrategy_FDX.ETORO_103-103
2026-06-08T20:00:02.032215953Z [INFO] eToro-Momentum-LS.eToro-Momentum-LS: Registered Strategy MLS_FlashCrashReversalStrategy_FDX.ETORO_103-103
2026-06-08T20:00:02.032252081Z [INFO] eToro-Momentum-LS.MLS_FlashCrashReversalStrategy_FDX.ETORO_104: READY
2026-06-08T20:00:02.032269093Z [DEBUG] eToro-Momentum-LS.MessageBus: Added Subscription(topic=events.order.MLS_FlashCrashReversalStrategy_FDX.ETORO_104-104, handler=<bound method Strategy.handle_event of FlashCrashReversalStrategy(MLS_FlashCrashReversalStrategy_FDX.ETORO_104-104)>, priority=0)
2026-06-08T20:00:02.032273491Z [DEBUG] eToro-Momentum-LS.MessageBus: Added Subscription(topic=events.position.MLS_FlashCrashReversalStrategy_FDX.ETORO_104-104, handler=<bound method Strategy.handle_event of FlashCrashReversalStrategy(MLS_FlashCrashReversalStrategy_FDX.ETORO_104-104)>, priority=0)
2026-06-08T20:00:02.032275284Z [INFO] eToro-Momentum-LS.ExecEngine: Registered OMS.UNSPECIFIED for Strategy MLS_FlashCrashReversalStrategy_FDX.ETORO_104-104
2026-06-08T20:00:02.032275986Z [INFO] eToro-Momentum-LS.eToro-Momentum-LS: Registered Strategy MLS_FlashCrashReversalStrategy_FDX.ETORO_104-104
2026-06-08T20:00:02.032334275Z [INFO] eToro-Momentum-LS.MLS_FlashCrashReversalStrategy_FDX.ETORO_105: READY
2026-06-08T20:00:02.032349323Z [DEBUG] eToro-Momentum-LS.MessageBus: Added Subscription(topic=events.order.MLS_FlashCrashReversalStrategy_FDX.ETORO_105-105, handler=<bound method Strategy.handle_event of FlashCrashReversalStrategy(MLS_FlashCrashReversalStrategy_FDX.ETORO_105-105)>, priority=0)
2026-06-08T20:00:02.032353641Z [DEBUG] eToro-Momentum-LS.MessageBus: Added Subscription(topic=events.position.MLS_FlashCrashReversalStrategy_FDX.ETORO_105-105, handler=<bound method Strategy.handle_event of FlashCrashReversalStrategy(MLS_FlashCrashReversalStrategy_FDX.ETORO_105-105)>, priority=0)
2026-06-08T20:00:02.032354693Z [INFO] eToro-Momentum-LS.ExecEngine: Registered OMS.UNSPECIFIED for Strategy MLS_FlashCrashReversalStrategy_FDX.ETORO_105-105
2026-06-08T20:00:02.032355354Z [INFO] eToro-Momentum-LS.eToro-Momentum-LS: Registered Strategy MLS_FlashCrashReversalStrategy_FDX.ETORO_105-105
2026-06-08T20:00:02.032397173Z [INFO] eToro-Momentum-LS.MLS_FlashCrashReversalStrategy_FDX.ETORO_106: READY
2026-06-08T20:00:02.032415527Z [DEBUG] eToro-Momentum-LS.MessageBus: Added Subscription(topic=events.order.MLS_FlashCrashReversalStrategy_FDX.ETORO_106-106, handler=<bound method Strategy.handle_event of FlashCrashReversalStrategy(MLS_FlashCrashReversalStrategy_FDX.ETORO_106-106)>, priority=0)
2026-06-08T20:00:02.032420026Z [DEBUG] eToro-Momentum-LS.MessageBus: Added Subscription(topic=events.position.MLS_FlashCrashReversalStrategy_FDX.ETORO_106-106, handler=<bound method Strategy.handle_event of FlashCrashReversalStrategy(MLS_FlashCrashReversalStrategy_FDX.ETORO_106-106)>, priority=0)
2026-06-08T20:00:02.032421869Z [INFO] eToro-Momentum-LS.ExecEngine: Registered OMS.UNSPECIFIED for Strategy MLS_FlashCrashReversalStrategy_FDX.ETORO_106-106
2026-06-08T20:00:02.032422440Z [INFO] eToro-Momentum-LS.eToro-Momentum-LS: Registered Strategy MLS_FlashCrashReversalStrategy_FDX.ETORO_106-106
2026-06-08T20:00:02.032462125Z [INFO] eToro-Momentum-LS.MLS_FlashCrashReversalStrategy_FDX.ETORO_107: READY
2026-06-08T20:00:02.032477343Z [DEBUG] eToro-Momentum-LS.MessageBus: Added Subscription(topic=events.order.MLS_FlashCrashReversalStrategy_FDX.ETORO_107-107, handler=<bound method Strategy.handle_event of FlashCrashReversalStrategy(MLS_FlashCrashReversalStrategy_FDX.ETORO_107-107)>, priority=0)
2026-06-08T20:00:02.032482423Z [DEBUG] eToro-Momentum-LS.MessageBus: Added Subscription(topic=events.position.MLS_FlashCrashReversalStrategy_FDX.ETORO_107-107, handler=<bound method Strategy.handle_event of FlashCrashReversalStrategy(MLS_FlashCrashReversalStrategy_FDX.ETORO_107-107)>, priority=0)
2026-06-08T20:00:02.032483365Z [INFO] eToro-Momentum-LS.ExecEngine: Registered OMS.UNSPECIFIED for Strategy MLS_FlashCrashReversalStrategy_FDX.ETORO_107-107
2026-06-08T20:00:02.032483956Z [INFO] eToro-Momentum-LS.eToro-Momentum-LS: Registered Strategy MLS_FlashCrashReversalStrategy_FDX.ETORO_107-107
2026-06-08T20:00:02.032518080Z [INFO] eToro-Momentum-LS.MLS_FlashCrashReversalStrategy_FDX.ETORO_108: READY
2026-06-08T20:00:02.032532787Z [DEBUG] eToro-Momentum-LS.MessageBus: Added Subscription(topic=events.order.MLS_FlashCrashReversalStrategy_FDX.ETORO_108-108, handler=<bound method Strategy.handle_event of FlashCrashReversalStrategy(MLS_FlashCrashReversalStrategy_FDX.ETORO_108-108)>, priority=0)
2026-06-08T20:00:02.032537366Z [DEBUG] eToro-Momentum-LS.MessageBus: Added Subscription(topic=events.position.MLS_FlashCrashReversalStrategy_FDX.ETORO_108-108, handler=<bound method Strategy.handle_event of FlashCrashReversalStrategy(MLS_FlashCrashReversalStrategy_FDX.ETORO_108-108)>, priority=0)
2026-06-08T20:00:02.032538207Z [INFO] eToro-Momentum-LS.ExecEngine: Registered OMS.UNSPECIFIED for Strategy MLS_FlashCrashReversalStrategy_FDX.ETORO_108-108
2026-06-08T20:00:02.032539550Z [INFO] eToro-Momentum-LS.eToro-Momentum-LS: Registered Strategy MLS_FlashCrashReversalStrategy_FDX.ETORO_108-108
2026-06-08T20:00:02.032581609Z [INFO] eToro-Momentum-LS.MLS_FlashCrashReversalStrategy_FDX.ETORO_109: READY
2026-06-08T20:00:02.032600284Z [DEBUG] eToro-Momentum-LS.MessageBus: Added Subscription(topic=events.order.MLS_FlashCrashReversalStrategy_FDX.ETORO_109-109, handler=<bound method Strategy.handle_event of FlashCrashReversalStrategy(MLS_FlashCrashReversalStrategy_FDX.ETORO_109-109)>, priority=0)
2026-06-08T20:00:02.032604562Z [DEBUG] eToro-Momentum-LS.MessageBus: Added Subscription(topic=events.position.MLS_FlashCrashReversalStrategy_FDX.ETORO_109-109, handler=<bound method Strategy.handle_event of FlashCrashReversalStrategy(MLS_FlashCrashReversalStrategy_FDX.ETORO_109-109)>, priority=0)
2026-06-08T20:00:02.032614741Z [INFO] eToro-Momentum-LS.ExecEngine: Registered OMS.UNSPECIFIED for Strategy MLS_FlashCrashReversalStrategy_FDX.ETORO_109-109
2026-06-08T20:00:02.032616444Z [INFO] eToro-Momentum-LS.eToro-Momentum-LS: Registered Strategy MLS_FlashCrashReversalStrategy_FDX.ETORO_109-109
2026-06-08T20:00:02.032653013Z [INFO] eToro-Momentum-LS.MLS_FlashCrashReversalStrategy_FDX.ETORO_110: READY
2026-06-08T20:00:02.032672730Z [DEBUG] eToro-Momentum-LS.MessageBus: Added Subscription(topic=events.order.MLS_FlashCrashReversalStrategy_FDX.ETORO_110-110, handler=<bound method Strategy.handle_event of FlashCrashReversalStrategy(MLS_FlashCrashReversalStrategy_FDX.ETORO_110-110)>, priority=0)
2026-06-08T20:00:02.032676897Z [DEBUG] eToro-Momentum-LS.MessageBus: Added Subscription(topic=events.position.MLS_FlashCrashReversalStrategy_FDX.ETORO_110-110, handler=<bound method Strategy.handle_event of FlashCrashReversalStrategy(MLS_FlashCrashReversalStrategy_FDX.ETORO_110-110)>, priority=0)
2026-06-08T20:00:02.032678781Z [INFO] eToro-Momentum-LS.ExecEngine: Registered OMS.UNSPECIFIED for Strategy MLS_FlashCrashReversalStrategy_FDX.ETORO_110-110
2026-06-08T20:00:02.032684141Z [INFO] eToro-Momentum-LS.eToro-Momentum-LS: Registered Strategy MLS_FlashCrashReversalStrategy_FDX.ETORO_110-110
2026-06-08T20:00:02.032725539Z [INFO] eToro-Momentum-LS.MLS_FlashCrashReversalStrategy_AMKR.ETORO_111: READY
2026-06-08T20:00:02.032742220Z [DEBUG] eToro-Momentum-LS.MessageBus: Added Subscription(topic=events.order.MLS_FlashCrashReversalStrategy_AMKR.ETORO_111-111, handler=<bound method Strategy.handle_event of FlashCrashReversalStrategy(MLS_FlashCrashReversalStrategy_AMKR.ETORO_111-111)>, priority=0)
2026-06-08T20:00:02.032746869Z [DEBUG] eToro-Momentum-LS.MessageBus: Added Subscription(topic=events.position.MLS_FlashCrashReversalStrategy_AMKR.ETORO_111-111, handler=<bound method Strategy.handle_event of FlashCrashReversalStrategy(MLS_FlashCrashReversalStrategy_AMKR.ETORO_111-111)>, priority=0)
2026-06-08T20:00:02.032755775Z [INFO] eToro-Momentum-LS.ExecEngine: Registered OMS.UNSPECIFIED for Strategy MLS_FlashCrashReversalStrategy_AMKR.ETORO_111-111
2026-06-08T20:00:02.032757358Z [INFO] eToro-Momentum-LS.eToro-Momentum-LS: Registered Strategy MLS_FlashCrashReversalStrategy_AMKR.ETORO_111-111
2026-06-08T20:00:02.032793827Z [INFO] eToro-Momentum-LS.MLS_FlashCrashReversalStrategy_AMKR.ETORO_112: READY
2026-06-08T20:00:02.032812932Z [DEBUG] eToro-Momentum-LS.MessageBus: Added Subscription(topic=events.order.MLS_FlashCrashReversalStrategy_AMKR.ETORO_112-112, handler=<bound method Strategy.handle_event of FlashCrashReversalStrategy(MLS_FlashCrashReversalStrategy_AMKR.ETORO_112-112)>, priority=0)
2026-06-08T20:00:02.032817271Z [DEBUG] eToro-Momentum-LS.MessageBus: Added Subscription(topic=events.position.MLS_FlashCrashReversalStrategy_AMKR.ETORO_112-112, handler=<bound method Strategy.handle_event of FlashCrashReversalStrategy(MLS_FlashCrashReversalStrategy_AMKR.ETORO_112-112)>, priority=0)
2026-06-08T20:00:02.032818683Z [INFO] eToro-Momentum-LS.ExecEngine: Registered OMS.UNSPECIFIED for Strategy MLS_FlashCrashReversalStrategy_AMKR.ETORO_112-112
2026-06-08T20:00:02.032820406Z [INFO] eToro-Momentum-LS.eToro-Momentum-LS: Registered Strategy MLS_FlashCrashReversalStrategy_AMKR.ETORO_112-112
2026-06-08T20:00:02.032859029Z [INFO] eToro-Momentum-LS.MLS_FlashCrashReversalStrategy_AMKR.ETORO_113: READY
2026-06-08T20:00:02.032878986Z [DEBUG] eToro-Momentum-LS.MessageBus: Added Subscription(topic=events.order.MLS_FlashCrashReversalStrategy_AMKR.ETORO_113-113, handler=<bound method Strategy.handle_event of FlashCrashReversalStrategy(MLS_FlashCrashReversalStrategy_AMKR.ETORO_113-113)>, priority=0)
2026-06-08T20:00:02.032883214Z [DEBUG] eToro-Momentum-LS.MessageBus: Added Subscription(topic=events.position.MLS_FlashCrashReversalStrategy_AMKR.ETORO_113-113, handler=<bound method Strategy.handle_event of FlashCrashReversalStrategy(MLS_FlashCrashReversalStrategy_AMKR.ETORO_113-113)>, priority=0)
2026-06-08T20:00:02.032885248Z [INFO] eToro-Momentum-LS.ExecEngine: Registered OMS.UNSPECIFIED for Strategy MLS_FlashCrashReversalStrategy_AMKR.ETORO_113-113
2026-06-08T20:00:02.032886170Z [INFO] eToro-Momentum-LS.eToro-Momentum-LS: Registered Strategy MLS_FlashCrashReversalStrategy_AMKR.ETORO_113-113
2026-06-08T20:00:02.032924632Z [INFO] eToro-Momentum-LS.MLS_FlashCrashReversalStrategy_AMKR.ETORO_114: READY
2026-06-08T20:00:02.032963986Z [DEBUG] eToro-Momentum-LS.MessageBus: Added Subscription(topic=events.order.MLS_FlashCrashReversalStrategy_AMKR.ETORO_114-114, handler=<bound method Strategy.handle_event of FlashCrashReversalStrategy(MLS_FlashCrashReversalStrategy_AMKR.ETORO_114-114)>, priority=0)
2026-06-08T20:00:02.032968234Z [DEBUG] eToro-Momentum-LS.MessageBus: Added Subscription(topic=events.position.MLS_FlashCrashReversalStrategy_AMKR.ETORO_114-114, handler=<bound method Strategy.handle_event of FlashCrashReversalStrategy(MLS_FlashCrashReversalStrategy_AMKR.ETORO_114-114)>, priority=0)
2026-06-08T20:00:02.032970668Z [INFO] eToro-Momentum-LS.ExecEngine: Registered OMS.UNSPECIFIED for Strategy MLS_FlashCrashReversalStrategy_AMKR.ETORO_114-114
2026-06-08T20:00:02.032971870Z [INFO] eToro-Momentum-LS.eToro-Momentum-LS: Registered Strategy MLS_FlashCrashReversalStrategy_AMKR.ETORO_114-114
2026-06-08T20:00:02.033014250Z [INFO] eToro-Momentum-LS.MLS_FlashCrashReversalStrategy_AMKR.ETORO_115: READY
2026-06-08T20:00:02.033031552Z [DEBUG] eToro-Momentum-LS.MessageBus: Added Subscription(topic=events.order.MLS_FlashCrashReversalStrategy_AMKR.ETORO_115-115, handler=<bound method Strategy.handle_event of FlashCrashReversalStrategy(MLS_FlashCrashReversalStrategy_AMKR.ETORO_115-115)>, priority=0)
2026-06-08T20:00:02.033036632Z [DEBUG] eToro-Momentum-LS.MessageBus: Added Subscription(topic=events.position.MLS_FlashCrashReversalStrategy_AMKR.ETORO_115-115, handler=<bound method Strategy.handle_event of FlashCrashReversalStrategy(MLS_FlashCrashReversalStrategy_AMKR.ETORO_115-115)>, priority=0)
2026-06-08T20:00:02.033037644Z [INFO] eToro-Momentum-LS.ExecEngine: Registered OMS.UNSPECIFIED for Strategy MLS_FlashCrashReversalStrategy_AMKR.ETORO_115-115
2026-06-08T20:00:02.033038916Z [INFO] eToro-Momentum-LS.eToro-Momentum-LS: Registered Strategy MLS_FlashCrashReversalStrategy_AMKR.ETORO_115-115
2026-06-08T20:00:02.033075705Z [INFO] eToro-Momentum-LS.MLS_FlashCrashReversalStrategy_AMKR.ETORO_116: READY
2026-06-08T20:00:02.033092717Z [DEBUG] eToro-Momentum-LS.MessageBus: Added Subscription(topic=events.order.MLS_FlashCrashReversalStrategy_AMKR.ETORO_116-116, handler=<bound method Strategy.handle_event of FlashCrashReversalStrategy(MLS_FlashCrashReversalStrategy_AMKR.ETORO_116-116)>, priority=0)
2026-06-08T20:00:02.033096965Z [DEBUG] eToro-Momentum-LS.MessageBus: Added Subscription(topic=events.position.MLS_FlashCrashReversalStrategy_AMKR.ETORO_116-116, handler=<bound method Strategy.handle_event of FlashCrashReversalStrategy(MLS_FlashCrashReversalStrategy_AMKR.ETORO_116-116)>, priority=0)
2026-06-08T20:00:02.033098588Z [INFO] eToro-Momentum-LS.ExecEngine: Registered OMS.UNSPECIFIED for Strategy MLS_FlashCrashReversalStrategy_AMKR.ETORO_116-116
2026-06-08T20:00:02.033099420Z [INFO] eToro-Momentum-LS.eToro-Momentum-LS: Registered Strategy MLS_FlashCrashReversalStrategy_AMKR.ETORO_116-116
2026-06-08T20:00:02.033137581Z [INFO] eToro-Momentum-LS.MLS_FlashCrashReversalStrategy_AMKR.ETORO_117: READY
2026-06-08T20:00:02.033153200Z [DEBUG] eToro-Momentum-LS.MessageBus: Added Subscription(topic=events.order.MLS_FlashCrashReversalStrategy_AMKR.ETORO_117-117, handler=<bound method Strategy.handle_event of FlashCrashReversalStrategy(MLS_FlashCrashReversalStrategy_AMKR.ETORO_117-117)>, priority=0)
2026-06-08T20:00:02.033158260Z [DEBUG] eToro-Momentum-LS.MessageBus: Added Subscription(topic=events.position.MLS_FlashCrashReversalStrategy_AMKR.ETORO_117-117, handler=<bound method Strategy.handle_event of FlashCrashReversalStrategy(MLS_FlashCrashReversalStrategy_AMKR.ETORO_117-117)>, priority=0)
2026-06-08T20:00:02.033159212Z [INFO] eToro-Momentum-LS.ExecEngine: Registered OMS.UNSPECIFIED for Strategy MLS_FlashCrashReversalStrategy_AMKR.ETORO_117-117
2026-06-08T20:00:02.033159843Z [INFO] eToro-Momentum-LS.eToro-Momentum-LS: Registered Strategy MLS_FlashCrashReversalStrategy_AMKR.ETORO_117-117
2026-06-08T20:00:02.033192785Z [INFO] eToro-Momentum-LS.MLS_FlashCrashReversalStrategy_AMKR.ETORO_118: READY
2026-06-08T20:00:02.033208534Z [DEBUG] eToro-Momentum-LS.MessageBus: Added Subscription(topic=events.order.MLS_FlashCrashReversalStrategy_AMKR.ETORO_118-118, handler=<bound method Strategy.handle_event of FlashCrashReversalStrategy(MLS_FlashCrashReversalStrategy_AMKR.ETORO_118-118)>, priority=0)
2026-06-08T20:00:02.033212762Z [DEBUG] eToro-Momentum-LS.MessageBus: Added Subscription(topic=events.position.MLS_FlashCrashReversalStrategy_AMKR.ETORO_118-118, handler=<bound method Strategy.handle_event of FlashCrashReversalStrategy(MLS_FlashCrashReversalStrategy_AMKR.ETORO_118-118)>, priority=0)
2026-06-08T20:00:02.033221669Z [INFO] eToro-Momentum-LS.ExecEngine: Registered OMS.UNSPECIFIED for Strategy MLS_FlashCrashReversalStrategy_AMKR.ETORO_118-118
2026-06-08T20:00:02.033223462Z [INFO] eToro-Momentum-LS.eToro-Momentum-LS: Registered Strategy MLS_FlashCrashReversalStrategy_AMKR.ETORO_118-118
2026-06-08T20:00:02.033260592Z [INFO] eToro-Momentum-LS.MLS_FlashCrashReversalStrategy_AMKR.ETORO_119: READY
2026-06-08T20:00:02.033279778Z [DEBUG] eToro-Momentum-LS.MessageBus: Added Subscription(topic=events.order.MLS_FlashCrashReversalStrategy_AMKR.ETORO_119-119, handler=<bound method Strategy.handle_event of FlashCrashReversalStrategy(MLS_FlashCrashReversalStrategy_AMKR.ETORO_119-119)>, priority=0)
2026-06-08T20:00:02.033284456Z [DEBUG] eToro-Momentum-LS.MessageBus: Added Subscription(topic=events.position.MLS_FlashCrashReversalStrategy_AMKR.ETORO_119-119, handler=<bound method Strategy.handle_event of FlashCrashReversalStrategy(MLS_FlashCrashReversalStrategy_AMKR.ETORO_119-119)>, priority=0)
2026-06-08T20:00:02.033286210Z [INFO] eToro-Momentum-LS.ExecEngine: Registered OMS.UNSPECIFIED for Strategy MLS_FlashCrashReversalStrategy_AMKR.ETORO_119-119
2026-06-08T20:00:02.033287652Z [INFO] eToro-Momentum-LS.eToro-Momentum-LS: Registered Strategy MLS_FlashCrashReversalStrategy_AMKR.ETORO_119-119
2026-06-08T20:00:02.033331575Z [INFO] eToro-Momentum-LS.MLS_FlashCrashReversalStrategy_AMKR.ETORO_120: READY
2026-06-08T20:00:02.033347996Z [DEBUG] eToro-Momentum-LS.MessageBus: Added Subscription(topic=events.order.MLS_FlashCrashReversalStrategy_AMKR.ETORO_120-120, handler=<bound method Strategy.handle_event of FlashCrashReversalStrategy(MLS_FlashCrashReversalStrategy_AMKR.ETORO_120-120)>, priority=0)
2026-06-08T20:00:02.033352454Z [DEBUG] eToro-Momentum-LS.MessageBus: Added Subscription(topic=events.position.MLS_FlashCrashReversalStrategy_AMKR.ETORO_120-120, handler=<bound method Strategy.handle_event of FlashCrashReversalStrategy(MLS_FlashCrashReversalStrategy_AMKR.ETORO_120-120)>, priority=0)
2026-06-08T20:00:02.033353526Z [INFO] eToro-Momentum-LS.ExecEngine: Registered OMS.UNSPECIFIED for Strategy MLS_FlashCrashReversalStrategy_AMKR.ETORO_120-120
2026-06-08T20:00:02.033354257Z [INFO] eToro-Momentum-LS.eToro-Momentum-LS: Registered Strategy MLS_FlashCrashReversalStrategy_AMKR.ETORO_120-120
2026-06-08T20:00:02.033391848Z [INFO] eToro-Momentum-LS.MLS_FlashCrashReversalStrategy_SE.ETORO_121: READY
2026-06-08T20:00:02.033416815Z [DEBUG] eToro-Momentum-LS.MessageBus: Added Subscription(topic=events.order.MLS_FlashCrashReversalStrategy_SE.ETORO_121-121, handler=<bound method Strategy.handle_event of FlashCrashReversalStrategy(MLS_FlashCrashReversalStrategy_SE.ETORO_121-121)>, priority=0)
2026-06-08T20:00:02.033421333Z [DEBUG] eToro-Momentum-LS.MessageBus: Added Subscription(topic=events.position.MLS_FlashCrashReversalStrategy_SE.ETORO_121-121, handler=<bound method Strategy.handle_event of FlashCrashReversalStrategy(MLS_FlashCrashReversalStrategy_SE.ETORO_121-121)>, priority=0)
2026-06-08T20:00:02.033423728Z [INFO] eToro-Momentum-LS.ExecEngine: Registered OMS.UNSPECIFIED for Strategy MLS_FlashCrashReversalStrategy_SE.ETORO_121-121
2026-06-08T20:00:02.033425100Z [INFO] eToro-Momentum-LS.eToro-Momentum-LS: Registered Strategy MLS_FlashCrashReversalStrategy_SE.ETORO_121-121
2026-06-08T20:00:02.033467299Z [INFO] eToro-Momentum-LS.MLS_FlashCrashReversalStrategy_SE.ETORO_122: READY
2026-06-08T20:00:02.033483690Z [DEBUG] eToro-Momentum-LS.MessageBus: Added Subscription(topic=events.order.MLS_FlashCrashReversalStrategy_SE.ETORO_122-122, handler=<bound method Strategy.handle_event of FlashCrashReversalStrategy(MLS_FlashCrashReversalStrategy_SE.ETORO_122-122)>, priority=0)
2026-06-08T20:00:02.033488228Z [DEBUG] eToro-Momentum-LS.MessageBus: Added Subscription(topic=events.position.MLS_FlashCrashReversalStrategy_SE.ETORO_122-122, handler=<bound method Strategy.handle_event of FlashCrashReversalStrategy(MLS_FlashCrashReversalStrategy_SE.ETORO_122-122)>, priority=0)
2026-06-08T20:00:02.033489150Z [INFO] eToro-Momentum-LS.ExecEngine: Registered OMS.UNSPECIFIED for Strategy MLS_FlashCrashReversalStrategy_SE.ETORO_122-122
2026-06-08T20:00:02.033489651Z [INFO] eToro-Momentum-LS.eToro-Momentum-LS: Registered Strategy MLS_FlashCrashReversalStrategy_SE.ETORO_122-122
2026-06-08T20:00:02.033526340Z [INFO] eToro-Momentum-LS.MLS_FlashCrashReversalStrategy_SE.ETORO_123: READY
2026-06-08T20:00:02.033543622Z [DEBUG] eToro-Momentum-LS.MessageBus: Added Subscription(topic=events.order.MLS_FlashCrashReversalStrategy_SE.ETORO_123-123, handler=<bound method Strategy.handle_event of FlashCrashReversalStrategy(MLS_FlashCrashReversalStrategy_SE.ETORO_123-123)>, priority=0)
2026-06-08T20:00:02.033548702Z [DEBUG] eToro-Momentum-LS.MessageBus: Added Subscription(topic=events.position.MLS_FlashCrashReversalStrategy_SE.ETORO_123-123, handler=<bound method Strategy.handle_event of FlashCrashReversalStrategy(MLS_FlashCrashReversalStrategy_SE.ETORO_123-123)>, priority=0)
2026-06-08T20:00:02.033551437Z [INFO] eToro-Momentum-LS.ExecEngine: Registered OMS.UNSPECIFIED for Strategy MLS_FlashCrashReversalStrategy_SE.ETORO_123-123
2026-06-08T20:00:02.033551948Z [INFO] eToro-Momentum-LS.eToro-Momentum-LS: Registered Strategy MLS_FlashCrashReversalStrategy_SE.ETORO_123-123
2026-06-08T20:00:02.033605108Z [INFO] eToro-Momentum-LS.MLS_FlashCrashReversalStrategy_SE.ETORO_124: READY
2026-06-08T20:00:02.033623813Z [DEBUG] eToro-Momentum-LS.MessageBus: Added Subscription(topic=events.order.MLS_FlashCrashReversalStrategy_SE.ETORO_124-124, handler=<bound method Strategy.handle_event of FlashCrashReversalStrategy(MLS_FlashCrashReversalStrategy_SE.ETORO_124-124)>, priority=0)
2026-06-08T20:00:02.033627399Z [DEBUG] eToro-Momentum-LS.MessageBus: Added Subscription(topic=events.position.MLS_FlashCrashReversalStrategy_SE.ETORO_124-124, handler=<bound method Strategy.handle_event of FlashCrashReversalStrategy(MLS_FlashCrashReversalStrategy_SE.ETORO_124-124)>, priority=0)
2026-06-08T20:00:02.033628491Z [INFO] eToro-Momentum-LS.ExecEngine: Registered OMS.UNSPECIFIED for Strategy MLS_FlashCrashReversalStrategy_SE.ETORO_124-124
2026-06-08T20:00:02.033629103Z [INFO] eToro-Momentum-LS.eToro-Momentum-LS: Registered Strategy MLS_FlashCrashReversalStrategy_SE.ETORO_124-124
2026-06-08T20:00:02.033665351Z [INFO] eToro-Momentum-LS.MLS_FlashCrashReversalStrategy_SE.ETORO_125: READY
2026-06-08T20:00:02.033690007Z [DEBUG] eToro-Momentum-LS.MessageBus: Added Subscription(topic=events.order.MLS_FlashCrashReversalStrategy_SE.ETORO_125-125, handler=<bound method Strategy.handle_event of FlashCrashReversalStrategy(MLS_FlashCrashReversalStrategy_SE.ETORO_125-125)>, priority=0)
2026-06-08T20:00:02.033695026Z [DEBUG] eToro-Momentum-LS.MessageBus: Added Subscription(topic=events.position.MLS_FlashCrashReversalStrategy_SE.ETORO_125-125, handler=<bound method Strategy.handle_event of FlashCrashReversalStrategy(MLS_FlashCrashReversalStrategy_SE.ETORO_125-125)>, priority=0)
2026-06-08T20:00:02.033702410Z [INFO] eToro-Momentum-LS.ExecEngine: Registered OMS.UNSPECIFIED for Strategy MLS_FlashCrashReversalStrategy_SE.ETORO_125-125
2026-06-08T20:00:02.033703111Z [INFO] eToro-Momentum-LS.eToro-Momentum-LS: Registered Strategy MLS_FlashCrashReversalStrategy_SE.ETORO_125-125
2026-06-08T20:00:02.033745992Z [INFO] eToro-Momentum-LS.MLS_FlashCrashReversalStrategy_SE.ETORO_126: READY
2026-06-08T20:00:02.033762252Z [DEBUG] eToro-Momentum-LS.MessageBus: Added Subscription(topic=events.order.MLS_FlashCrashReversalStrategy_SE.ETORO_126-126, handler=<bound method Strategy.handle_event of FlashCrashReversalStrategy(MLS_FlashCrashReversalStrategy_SE.ETORO_126-126)>, priority=0)
2026-06-08T20:00:02.033766731Z [DEBUG] eToro-Momentum-LS.MessageBus: Added Subscription(topic=events.position.MLS_FlashCrashReversalStrategy_SE.ETORO_126-126, handler=<bound method Strategy.handle_event of FlashCrashReversalStrategy(MLS_FlashCrashReversalStrategy_SE.ETORO_126-126)>, priority=0)
2026-06-08T20:00:02.033767732Z [INFO] eToro-Momentum-LS.ExecEngine: Registered OMS.UNSPECIFIED for Strategy MLS_FlashCrashReversalStrategy_SE.ETORO_126-126
2026-06-08T20:00:02.033768354Z [INFO] eToro-Momentum-LS.eToro-Momentum-LS: Registered Strategy MLS_FlashCrashReversalStrategy_SE.ETORO_126-126
2026-06-08T20:00:02.033814230Z [INFO] eToro-Momentum-LS.MLS_FlashCrashReversalStrategy_SE.ETORO_127: READY
2026-06-08T20:00:02.033831432Z [DEBUG] eToro-Momentum-LS.MessageBus: Added Subscription(topic=events.order.MLS_FlashCrashReversalStrategy_SE.ETORO_127-127, handler=<bound method Strategy.handle_event of FlashCrashReversalStrategy(MLS_FlashCrashReversalStrategy_SE.ETORO_127-127)>, priority=0)
2026-06-08T20:00:02.033837323Z [DEBUG] eToro-Momentum-LS.MessageBus: Added Subscription(topic=events.position.MLS_FlashCrashReversalStrategy_SE.ETORO_127-127, handler=<bound method Strategy.handle_event of FlashCrashReversalStrategy(MLS_FlashCrashReversalStrategy_SE.ETORO_127-127)>, priority=0)
2026-06-08T20:00:02.033838185Z [INFO] eToro-Momentum-LS.ExecEngine: Registered OMS.UNSPECIFIED for Strategy MLS_FlashCrashReversalStrategy_SE.ETORO_127-127
2026-06-08T20:00:02.033838786Z [INFO] eToro-Momentum-LS.eToro-Momentum-LS: Registered Strategy MLS_FlashCrashReversalStrategy_SE.ETORO_127-127
2026-06-08T20:00:02.033882718Z [INFO] eToro-Momentum-LS.MLS_FlashCrashReversalStrategy_SE.ETORO_128: READY
2026-06-08T20:00:02.033898257Z [DEBUG] eToro-Momentum-LS.MessageBus: Added Subscription(topic=events.order.MLS_FlashCrashReversalStrategy_SE.ETORO_128-128, handler=<bound method Strategy.handle_event of FlashCrashReversalStrategy(MLS_FlashCrashReversalStrategy_SE.ETORO_128-128)>, priority=0)
2026-06-08T20:00:02.033903457Z [DEBUG] eToro-Momentum-LS.MessageBus: Added Subscription(topic=events.position.MLS_FlashCrashReversalStrategy_SE.ETORO_128-128, handler=<bound method Strategy.handle_event of FlashCrashReversalStrategy(MLS_FlashCrashReversalStrategy_SE.ETORO_128-128)>, priority=0)
2026-06-08T20:00:02.033911422Z [INFO] eToro-Momentum-LS.ExecEngine: Registered OMS.UNSPECIFIED for Strategy MLS_FlashCrashReversalStrategy_SE.ETORO_128-128
2026-06-08T20:00:02.033912203Z [INFO] eToro-Momentum-LS.eToro-Momentum-LS: Registered Strategy MLS_FlashCrashReversalStrategy_SE.ETORO_128-128
2026-06-08T20:00:02.033958711Z [INFO] eToro-Momentum-LS.MLS_FlashCrashReversalStrategy_ASX.ETORO_129: READY
2026-06-08T20:00:02.033976804Z [DEBUG] eToro-Momentum-LS.MessageBus: Added Subscription(topic=events.order.MLS_FlashCrashReversalStrategy_ASX.ETORO_129-129, handler=<bound method Strategy.handle_event of FlashCrashReversalStrategy(MLS_FlashCrashReversalStrategy_ASX.ETORO_129-129)>, priority=0)
2026-06-08T20:00:02.033981613Z [DEBUG] eToro-Momentum-LS.MessageBus: Added Subscription(topic=events.position.MLS_FlashCrashReversalStrategy_ASX.ETORO_129-129, handler=<bound method Strategy.handle_event of FlashCrashReversalStrategy(MLS_FlashCrashReversalStrategy_ASX.ETORO_129-129)>, priority=0)
2026-06-08T20:00:02.033984729Z [INFO] eToro-Momentum-LS.ExecEngine: Registered OMS.UNSPECIFIED for Strategy MLS_FlashCrashReversalStrategy_ASX.ETORO_129-129
2026-06-08T20:00:02.033985270Z [INFO] eToro-Momentum-LS.eToro-Momentum-LS: Registered Strategy MLS_FlashCrashReversalStrategy_ASX.ETORO_129-129
2026-06-08T20:00:02.034020336Z [INFO] eToro-Momentum-LS.MLS_FlashCrashReversalStrategy_ASX.ETORO_130: READY
2026-06-08T20:00:02.034036907Z [DEBUG] eToro-Momentum-LS.MessageBus: Added Subscription(topic=events.order.MLS_FlashCrashReversalStrategy_ASX.ETORO_130-130, handler=<bound method Strategy.handle_event of FlashCrashReversalStrategy(MLS_FlashCrashReversalStrategy_ASX.ETORO_130-130)>, priority=0)
2026-06-08T20:00:02.034041706Z [DEBUG] eToro-Momentum-LS.MessageBus: Added Subscription(topic=events.position.MLS_FlashCrashReversalStrategy_ASX.ETORO_130-130, handler=<bound method Strategy.handle_event of FlashCrashReversalStrategy(MLS_FlashCrashReversalStrategy_ASX.ETORO_130-130)>, priority=0)
2026-06-08T20:00:02.034049611Z [INFO] eToro-Momentum-LS.ExecEngine: Registered OMS.UNSPECIFIED for Strategy MLS_FlashCrashReversalStrategy_ASX.ETORO_130-130
2026-06-08T20:00:02.034050362Z [INFO] eToro-Momentum-LS.eToro-Momentum-LS: Registered Strategy MLS_FlashCrashReversalStrategy_ASX.ETORO_130-130
2026-06-08T20:00:02.034086560Z [INFO] eToro-Momentum-LS.MLS_FlashCrashReversalStrategy_ASX.ETORO_131: READY
2026-06-08T20:00:02.034104354Z [DEBUG] eToro-Momentum-LS.MessageBus: Added Subscription(topic=events.order.MLS_FlashCrashReversalStrategy_ASX.ETORO_131-131, handler=<bound method Strategy.handle_event of FlashCrashReversalStrategy(MLS_FlashCrashReversalStrategy_ASX.ETORO_131-131)>, priority=0)
2026-06-08T20:00:02.034109563Z [DEBUG] eToro-Momentum-LS.MessageBus: Added Subscription(topic=events.position.MLS_FlashCrashReversalStrategy_ASX.ETORO_131-131, handler=<bound method Strategy.handle_event of FlashCrashReversalStrategy(MLS_FlashCrashReversalStrategy_ASX.ETORO_131-131)>, priority=0)
2026-06-08T20:00:02.034111287Z [INFO] eToro-Momentum-LS.ExecEngine: Registered OMS.UNSPECIFIED for Strategy MLS_FlashCrashReversalStrategy_ASX.ETORO_131-131
2026-06-08T20:00:02.034111828Z [INFO] eToro-Momentum-LS.eToro-Momentum-LS: Registered Strategy MLS_FlashCrashReversalStrategy_ASX.ETORO_131-131
2026-06-08T20:00:02.034150480Z [INFO] eToro-Momentum-LS.MLS_FlashCrashReversalStrategy_ASX.ETORO_132: READY
2026-06-08T20:00:02.034167652Z [DEBUG] eToro-Momentum-LS.MessageBus: Added Subscription(topic=events.order.MLS_FlashCrashReversalStrategy_ASX.ETORO_132-132, handler=<bound method Strategy.handle_event of FlashCrashReversalStrategy(MLS_FlashCrashReversalStrategy_ASX.ETORO_132-132)>, priority=0)
2026-06-08T20:00:02.034172181Z [DEBUG] eToro-Momentum-LS.MessageBus: Added Subscription(topic=events.position.MLS_FlashCrashReversalStrategy_ASX.ETORO_132-132, handler=<bound method Strategy.handle_event of FlashCrashReversalStrategy(MLS_FlashCrashReversalStrategy_ASX.ETORO_132-132)>, priority=0)
2026-06-08T20:00:02.034175146Z [INFO] eToro-Momentum-LS.ExecEngine: Registered OMS.UNSPECIFIED for Strategy MLS_FlashCrashReversalStrategy_ASX.ETORO_132-132
2026-06-08T20:00:02.034175687Z [INFO] eToro-Momentum-LS.eToro-Momentum-LS: Registered Strategy MLS_FlashCrashReversalStrategy_ASX.ETORO_132-132
2026-06-08T20:00:02.034213238Z [INFO] eToro-Momentum-LS.MLS_FlashCrashReversalStrategy_SQM.ETORO_133: READY
2026-06-08T20:00:02.034247572Z [DEBUG] eToro-Momentum-LS.MessageBus: Added Subscription(topic=events.order.MLS_FlashCrashReversalStrategy_SQM.ETORO_133-133, handler=<bound method Strategy.handle_event of FlashCrashReversalStrategy(MLS_FlashCrashReversalStrategy_SQM.ETORO_133-133)>, priority=0)
2026-06-08T20:00:02.034252221Z [DEBUG] eToro-Momentum-LS.MessageBus: Added Subscription(topic=events.position.MLS_FlashCrashReversalStrategy_SQM.ETORO_133-133, handler=<bound method Strategy.handle_event of FlashCrashReversalStrategy(MLS_FlashCrashReversalStrategy_SQM.ETORO_133-133)>, priority=0)
2026-06-08T20:00:02.034255747Z [INFO] eToro-Momentum-LS.ExecEngine: Registered OMS.UNSPECIFIED for Strategy MLS_FlashCrashReversalStrategy_SQM.ETORO_133-133
2026-06-08T20:00:02.034256298Z [INFO] eToro-Momentum-LS.eToro-Momentum-LS: Registered Strategy MLS_FlashCrashReversalStrategy_SQM.ETORO_133-133
2026-06-08T20:00:02.034294190Z [INFO] eToro-Momentum-LS.MLS_FlashCrashReversalStrategy_SQM.ETORO_134: READY
2026-06-08T20:00:02.034311492Z [DEBUG] eToro-Momentum-LS.MessageBus: Added Subscription(topic=events.order.MLS_FlashCrashReversalStrategy_SQM.ETORO_134-134, handler=<bound method Strategy.handle_event of FlashCrashReversalStrategy(MLS_FlashCrashReversalStrategy_SQM.ETORO_134-134)>, priority=0)
2026-06-08T20:00:02.034316311Z [DEBUG] eToro-Momentum-LS.MessageBus: Added Subscription(topic=events.position.MLS_FlashCrashReversalStrategy_SQM.ETORO_134-134, handler=<bound method Strategy.handle_event of FlashCrashReversalStrategy(MLS_FlashCrashReversalStrategy_SQM.ETORO_134-134)>, priority=0)
2026-06-08T20:00:02.034318956Z [INFO] eToro-Momentum-LS.ExecEngine: Registered OMS.UNSPECIFIED for Strategy MLS_FlashCrashReversalStrategy_SQM.ETORO_134-134
2026-06-08T20:00:02.034319557Z [INFO] eToro-Momentum-LS.eToro-Momentum-LS: Registered Strategy MLS_FlashCrashReversalStrategy_SQM.ETORO_134-134
2026-06-08T20:00:02.034355585Z [INFO] eToro-Momentum-LS.MLS_FlashCrashReversalStrategy_SQM.ETORO_135: READY
2026-06-08T20:00:02.034372647Z [DEBUG] eToro-Momentum-LS.MessageBus: Added Subscription(topic=events.order.MLS_FlashCrashReversalStrategy_SQM.ETORO_135-135, handler=<bound method Strategy.handle_event of FlashCrashReversalStrategy(MLS_FlashCrashReversalStrategy_SQM.ETORO_135-135)>, priority=0)
2026-06-08T20:00:02.034377516Z [DEBUG] eToro-Momentum-LS.MessageBus: Added Subscription(topic=events.position.MLS_FlashCrashReversalStrategy_SQM.ETORO_135-135, handler=<bound method Strategy.handle_event of FlashCrashReversalStrategy(MLS_FlashCrashReversalStrategy_SQM.ETORO_135-135)>, priority=0)
2026-06-08T20:00:02.034384519Z [INFO] eToro-Momentum-LS.ExecEngine: Registered OMS.UNSPECIFIED for Strategy MLS_FlashCrashReversalStrategy_SQM.ETORO_135-135
2026-06-08T20:00:02.034385210Z [INFO] eToro-Momentum-LS.eToro-Momentum-LS: Registered Strategy MLS_FlashCrashReversalStrategy_SQM.ETORO_135-135
2026-06-08T20:00:02.034423041Z [INFO] eToro-Momentum-LS.MLS_FlashCrashReversalStrategy_SQM.ETORO_136: READY
2026-06-08T20:00:02.034443910Z [DEBUG] eToro-Momentum-LS.MessageBus: Added Subscription(topic=events.order.MLS_FlashCrashReversalStrategy_SQM.ETORO_136-136, handler=<bound method Strategy.handle_event of FlashCrashReversalStrategy(MLS_FlashCrashReversalStrategy_SQM.ETORO_136-136)>, priority=0)
2026-06-08T20:00:02.034448649Z [DEBUG] eToro-Momentum-LS.MessageBus: Added Subscription(topic=events.position.MLS_FlashCrashReversalStrategy_SQM.ETORO_136-136, handler=<bound method Strategy.handle_event of FlashCrashReversalStrategy(MLS_FlashCrashReversalStrategy_SQM.ETORO_136-136)>, priority=0)
2026-06-08T20:00:02.034457025Z [INFO] eToro-Momentum-LS.ExecEngine: Registered OMS.UNSPECIFIED for Strategy MLS_FlashCrashReversalStrategy_SQM.ETORO_136-136
2026-06-08T20:00:02.034458608Z [INFO] eToro-Momentum-LS.eToro-Momentum-LS: Registered Strategy MLS_FlashCrashReversalStrategy_SQM.ETORO_136-136
2026-06-08T20:00:02.034495166Z [INFO] eToro-Momentum-LS.MLS_FlashCrashReversalStrategy_SQM.ETORO_137: READY
2026-06-08T20:00:02.034512308Z [DEBUG] eToro-Momentum-LS.MessageBus: Added Subscription(topic=events.order.MLS_FlashCrashReversalStrategy_SQM.ETORO_137-137, handler=<bound method Strategy.handle_event of FlashCrashReversalStrategy(MLS_FlashCrashReversalStrategy_SQM.ETORO_137-137)>, priority=0)
2026-06-08T20:00:02.034516997Z [DEBUG] eToro-Momentum-LS.MessageBus: Added Subscription(topic=events.position.MLS_FlashCrashReversalStrategy_SQM.ETORO_137-137, handler=<bound method Strategy.handle_event of FlashCrashReversalStrategy(MLS_FlashCrashReversalStrategy_SQM.ETORO_137-137)>, priority=0)
2026-06-08T20:00:02.034523349Z [INFO] eToro-Momentum-LS.ExecEngine: Registered OMS.UNSPECIFIED for Strategy MLS_FlashCrashReversalStrategy_SQM.ETORO_137-137
2026-06-08T20:00:02.034523880Z [INFO] eToro-Momentum-LS.eToro-Momentum-LS: Registered Strategy MLS_FlashCrashReversalStrategy_SQM.ETORO_137-137
2026-06-08T20:00:02.034563214Z [INFO] eToro-Momentum-LS.MLS_FlashCrashReversalStrategy_SQM.ETORO_138: READY
2026-06-08T20:00:02.034580396Z [DEBUG] eToro-Momentum-LS.MessageBus: Added Subscription(topic=events.order.MLS_FlashCrashReversalStrategy_SQM.ETORO_138-138, handler=<bound method Strategy.handle_event of FlashCrashReversalStrategy(MLS_FlashCrashReversalStrategy_SQM.ETORO_138-138)>, priority=0)
2026-06-08T20:00:02.034585095Z [DEBUG] eToro-Momentum-LS.MessageBus: Added Subscription(topic=events.position.MLS_FlashCrashReversalStrategy_SQM.ETORO_138-138, handler=<bound method Strategy.handle_event of FlashCrashReversalStrategy(MLS_FlashCrashReversalStrategy_SQM.ETORO_138-138)>, priority=0)
2026-06-08T20:00:02.034588091Z [INFO] eToro-Momentum-LS.ExecEngine: Registered OMS.UNSPECIFIED for Strategy MLS_FlashCrashReversalStrategy_SQM.ETORO_138-138
2026-06-08T20:00:02.034588592Z [INFO] eToro-Momentum-LS.eToro-Momentum-LS: Registered Strategy MLS_FlashCrashReversalStrategy_SQM.ETORO_138-138
2026-06-08T20:00:02.034622866Z [INFO] eToro-Momentum-LS.MLS_FlashCrashReversalStrategy_SQM.ETORO_139: READY
2026-06-08T20:00:02.034640890Z [DEBUG] eToro-Momentum-LS.MessageBus: Added Subscription(topic=events.order.MLS_FlashCrashReversalStrategy_SQM.ETORO_139-139, handler=<bound method Strategy.handle_event of FlashCrashReversalStrategy(MLS_FlashCrashReversalStrategy_SQM.ETORO_139-139)>, priority=0)
2026-06-08T20:00:02.034646159Z [DEBUG] eToro-Momentum-LS.MessageBus: Added Subscription(topic=events.position.MLS_FlashCrashReversalStrategy_SQM.ETORO_139-139, handler=<bound method Strategy.handle_event of FlashCrashReversalStrategy(MLS_FlashCrashReversalStrategy_SQM.ETORO_139-139)>, priority=0)
2026-06-08T20:00:02.034654215Z [INFO] eToro-Momentum-LS.ExecEngine: Registered OMS.UNSPECIFIED for Strategy MLS_FlashCrashReversalStrategy_SQM.ETORO_139-139
2026-06-08T20:00:02.034655026Z [INFO] eToro-Momentum-LS.eToro-Momentum-LS: Registered Strategy MLS_FlashCrashReversalStrategy_SQM.ETORO_139-139
2026-06-08T20:00:02.034691434Z [INFO] eToro-Momentum-LS.MLS_FlashCrashReversalStrategy_SQM.ETORO_140: READY
2026-06-08T20:00:02.034710190Z [DEBUG] eToro-Momentum-LS.MessageBus: Added Subscription(topic=events.order.MLS_FlashCrashReversalStrategy_SQM.ETORO_140-140, handler=<bound method Strategy.handle_event of FlashCrashReversalStrategy(MLS_FlashCrashReversalStrategy_SQM.ETORO_140-140)>, priority=0)
2026-06-08T20:00:02.034715259Z [DEBUG] eToro-Momentum-LS.MessageBus: Added Subscription(topic=events.position.MLS_FlashCrashReversalStrategy_SQM.ETORO_140-140, handler=<bound method Strategy.handle_event of FlashCrashReversalStrategy(MLS_FlashCrashReversalStrategy_SQM.ETORO_140-140)>, priority=0)
2026-06-08T20:00:02.034717483Z [INFO] eToro-Momentum-LS.ExecEngine: Registered OMS.UNSPECIFIED for Strategy MLS_FlashCrashReversalStrategy_SQM.ETORO_140-140
2026-06-08T20:00:02.034718064Z [INFO] eToro-Momentum-LS.eToro-Momentum-LS: Registered Strategy MLS_FlashCrashReversalStrategy_SQM.ETORO_140-140
2026-06-08T20:00:02.034753831Z [INFO] eToro-Momentum-LS.MLS_FlashCrashReversalStrategy_SQM.ETORO_141: READY
2026-06-08T20:00:02.034770402Z [DEBUG] eToro-Momentum-LS.MessageBus: Added Subscription(topic=events.order.MLS_FlashCrashReversalStrategy_SQM.ETORO_141-141, handler=<bound method Strategy.handle_event of FlashCrashReversalStrategy(MLS_FlashCrashReversalStrategy_SQM.ETORO_141-141)>, priority=0)
2026-06-08T20:00:02.034775121Z [DEBUG] eToro-Momentum-LS.MessageBus: Added Subscription(topic=events.position.MLS_FlashCrashReversalStrategy_SQM.ETORO_141-141, handler=<bound method Strategy.handle_event of FlashCrashReversalStrategy(MLS_FlashCrashReversalStrategy_SQM.ETORO_141-141)>, priority=0)
2026-06-08T20:00:02.034776824Z [INFO] eToro-Momentum-LS.ExecEngine: Registered OMS.UNSPECIFIED for Strategy MLS_FlashCrashReversalStrategy_SQM.ETORO_141-141
2026-06-08T20:00:02.034777506Z [INFO] eToro-Momentum-LS.eToro-Momentum-LS: Registered Strategy MLS_FlashCrashReversalStrategy_SQM.ETORO_141-141
2026-06-08T20:00:02.034816860Z [INFO] eToro-Momentum-LS.MLS_FlashCrashReversalStrategy_SQM.ETORO_142: READY
2026-06-08T20:00:02.034836436Z [DEBUG] eToro-Momentum-LS.MessageBus: Added Subscription(topic=events.order.MLS_FlashCrashReversalStrategy_SQM.ETORO_142-142, handler=<bound method Strategy.handle_event of FlashCrashReversalStrategy(MLS_FlashCrashReversalStrategy_SQM.ETORO_142-142)>, priority=0)
2026-06-08T20:00:02.034841115Z [DEBUG] eToro-Momentum-LS.MessageBus: Added Subscription(topic=events.position.MLS_FlashCrashReversalStrategy_SQM.ETORO_142-142, handler=<bound method Strategy.handle_event of FlashCrashReversalStrategy(MLS_FlashCrashReversalStrategy_SQM.ETORO_142-142)>, priority=0)
2026-06-08T20:00:02.034843109Z [INFO] eToro-Momentum-LS.ExecEngine: Registered OMS.UNSPECIFIED for Strategy MLS_FlashCrashReversalStrategy_SQM.ETORO_142-142
2026-06-08T20:00:02.034843700Z [INFO] eToro-Momentum-LS.eToro-Momentum-LS: Registered Strategy MLS_FlashCrashReversalStrategy_SQM.ETORO_142-142
2026-06-08T20:00:02.034904203Z [INFO] eToro-Momentum-LS.MLS_FlashCrashReversalStrategy_SQM.ETORO_143: READY
2026-06-08T20:00:02.034923690Z [DEBUG] eToro-Momentum-LS.MessageBus: Added Subscription(topic=events.order.MLS_FlashCrashReversalStrategy_SQM.ETORO_143-143, handler=<bound method Strategy.handle_event of FlashCrashReversalStrategy(MLS_FlashCrashReversalStrategy_SQM.ETORO_143-143)>, priority=0)
2026-06-08T20:00:02.034933618Z [DEBUG] eToro-Momentum-LS.MessageBus: Added Subscription(topic=events.position.MLS_FlashCrashReversalStrategy_SQM.ETORO_143-143, handler=<bound method Strategy.handle_event of FlashCrashReversalStrategy(MLS_FlashCrashReversalStrategy_SQM.ETORO_143-143)>, priority=0)
2026-06-08T20:00:02.034935863Z [INFO] eToro-Momentum-LS.ExecEngine: Registered OMS.UNSPECIFIED for Strategy MLS_FlashCrashReversalStrategy_SQM.ETORO_143-143
2026-06-08T20:00:02.034936554Z [INFO] eToro-Momentum-LS.eToro-Momentum-LS: Registered Strategy MLS_FlashCrashReversalStrategy_SQM.ETORO_143-143
2026-06-08T20:00:02.034975337Z [INFO] eToro-Momentum-LS.MLS_FlashCrashReversalStrategy_SQM.ETORO_144: READY
2026-06-08T20:00:02.034994933Z [DEBUG] eToro-Momentum-LS.MessageBus: Added Subscription(topic=events.order.MLS_FlashCrashReversalStrategy_SQM.ETORO_144-144, handler=<bound method Strategy.handle_event of FlashCrashReversalStrategy(MLS_FlashCrashReversalStrategy_SQM.ETORO_144-144)>, priority=0)
2026-06-08T20:00:02.034999732Z [DEBUG] eToro-Momentum-LS.MessageBus: Added Subscription(topic=events.position.MLS_FlashCrashReversalStrategy_SQM.ETORO_144-144, handler=<bound method Strategy.handle_event of FlashCrashReversalStrategy(MLS_FlashCrashReversalStrategy_SQM.ETORO_144-144)>, priority=0)
2026-06-08T20:00:02.035006786Z [INFO] eToro-Momentum-LS.ExecEngine: Registered OMS.UNSPECIFIED for Strategy MLS_FlashCrashReversalStrategy_SQM.ETORO_144-144
2026-06-08T20:00:02.035007537Z [INFO] eToro-Momentum-LS.eToro-Momentum-LS: Registered Strategy MLS_FlashCrashReversalStrategy_SQM.ETORO_144-144
2026-06-08T20:00:02.035043645Z [INFO] eToro-Momentum-LS.MLS_FlashCrashReversalStrategy_SQM.ETORO_145: READY
2026-06-08T20:00:02.035062600Z [DEBUG] eToro-Momentum-LS.MessageBus: Added Subscription(topic=events.order.MLS_FlashCrashReversalStrategy_SQM.ETORO_145-145, handler=<bound method Strategy.handle_event of FlashCrashReversalStrategy(MLS_FlashCrashReversalStrategy_SQM.ETORO_145-145)>, priority=0)
2026-06-08T20:00:02.035067419Z [DEBUG] eToro-Momentum-LS.MessageBus: Added Subscription(topic=events.position.MLS_FlashCrashReversalStrategy_SQM.ETORO_145-145, handler=<bound method Strategy.handle_event of FlashCrashReversalStrategy(MLS_FlashCrashReversalStrategy_SQM.ETORO_145-145)>, priority=0)
2026-06-08T20:00:02.035071056Z [INFO] eToro-Momentum-LS.ExecEngine: Registered OMS.UNSPECIFIED for Strategy MLS_FlashCrashReversalStrategy_SQM.ETORO_145-145
2026-06-08T20:00:02.035071697Z [INFO] eToro-Momentum-LS.eToro-Momentum-LS: Registered Strategy MLS_FlashCrashReversalStrategy_SQM.ETORO_145-145
2026-06-08T20:00:02.035107214Z [INFO] eToro-Momentum-LS.MLS_FlashCrashReversalStrategy_SQM.ETORO_146: READY
2026-06-08T20:00:02.035124055Z [DEBUG] eToro-Momentum-LS.MessageBus: Added Subscription(topic=events.order.MLS_FlashCrashReversalStrategy_SQM.ETORO_146-146, handler=<bound method Strategy.handle_event of FlashCrashReversalStrategy(MLS_FlashCrashReversalStrategy_SQM.ETORO_146-146)>, priority=0)
2026-06-08T20:00:02.035129395Z [DEBUG] eToro-Momentum-LS.MessageBus: Added Subscription(topic=events.position.MLS_FlashCrashReversalStrategy_SQM.ETORO_146-146, handler=<bound method Strategy.handle_event of FlashCrashReversalStrategy(MLS_FlashCrashReversalStrategy_SQM.ETORO_146-146)>, priority=0)
2026-06-08T20:00:02.035136158Z [INFO] eToro-Momentum-LS.ExecEngine: Registered OMS.UNSPECIFIED for Strategy MLS_FlashCrashReversalStrategy_SQM.ETORO_146-146
2026-06-08T20:00:02.035136749Z [INFO] eToro-Momentum-LS.eToro-Momentum-LS: Registered Strategy MLS_FlashCrashReversalStrategy_SQM.ETORO_146-146
2026-06-08T20:00:02.035176293Z [INFO] eToro-Momentum-LS.MLS_FlashCrashReversalStrategy_SQM.ETORO_147: READY
2026-06-08T20:00:02.035195960Z [DEBUG] eToro-Momentum-LS.MessageBus: Added Subscription(topic=events.order.MLS_FlashCrashReversalStrategy_SQM.ETORO_147-147, handler=<bound method Strategy.handle_event of FlashCrashReversalStrategy(MLS_FlashCrashReversalStrategy_SQM.ETORO_147-147)>, priority=0)
2026-06-08T20:00:02.035201350Z [DEBUG] eToro-Momentum-LS.MessageBus: Added Subscription(topic=events.position.MLS_FlashCrashReversalStrategy_SQM.ETORO_147-147, handler=<bound method Strategy.handle_event of FlashCrashReversalStrategy(MLS_FlashCrashReversalStrategy_SQM.ETORO_147-147)>, priority=0)
2026-06-08T20:00:02.035202953Z [INFO] eToro-Momentum-LS.ExecEngine: Registered OMS.UNSPECIFIED for Strategy MLS_FlashCrashReversalStrategy_SQM.ETORO_147-147
2026-06-08T20:00:02.035203705Z [INFO] eToro-Momentum-LS.eToro-Momentum-LS: Registered Strategy MLS_FlashCrashReversalStrategy_SQM.ETORO_147-147
2026-06-08T20:00:02.035246916Z [INFO] eToro-Momentum-LS.MLS_FlashCrashReversalStrategy_SQM.ETORO_148: READY
2026-06-08T20:00:02.035267134Z [DEBUG] eToro-Momentum-LS.MessageBus: Added Subscription(topic=events.order.MLS_FlashCrashReversalStrategy_SQM.ETORO_148-148, handler=<bound method Strategy.handle_event of FlashCrashReversalStrategy(MLS_FlashCrashReversalStrategy_SQM.ETORO_148-148)>, priority=0)
2026-06-08T20:00:02.035272003Z [DEBUG] eToro-Momentum-LS.MessageBus: Added Subscription(topic=events.position.MLS_FlashCrashReversalStrategy_SQM.ETORO_148-148, handler=<bound method Strategy.handle_event of FlashCrashReversalStrategy(MLS_FlashCrashReversalStrategy_SQM.ETORO_148-148)>, priority=0)
2026-06-08T20:00:02.035275049Z [INFO] eToro-Momentum-LS.ExecEngine: Registered OMS.UNSPECIFIED for Strategy MLS_FlashCrashReversalStrategy_SQM.ETORO_148-148
2026-06-08T20:00:02.035275690Z [INFO] eToro-Momentum-LS.eToro-Momentum-LS: Registered Strategy MLS_FlashCrashReversalStrategy_SQM.ETORO_148-148
2026-06-08T20:00:02.035315745Z [INFO] eToro-Momentum-LS.MLS_FlashCrashReversalStrategy_SQM.ETORO_149: READY
2026-06-08T20:00:02.035333268Z [DEBUG] eToro-Momentum-LS.MessageBus: Added Subscription(topic=events.order.MLS_FlashCrashReversalStrategy_SQM.ETORO_149-149, handler=<bound method Strategy.handle_event of FlashCrashReversalStrategy(MLS_FlashCrashReversalStrategy_SQM.ETORO_149-149)>, priority=0)
2026-06-08T20:00:02.035338147Z [DEBUG] eToro-Momentum-LS.MessageBus: Added Subscription(topic=events.position.MLS_FlashCrashReversalStrategy_SQM.ETORO_149-149, handler=<bound method Strategy.handle_event of FlashCrashReversalStrategy(MLS_FlashCrashReversalStrategy_SQM.ETORO_149-149)>, priority=0)
2026-06-08T20:00:02.035340241Z [INFO] eToro-Momentum-LS.ExecEngine: Registered OMS.UNSPECIFIED for Strategy MLS_FlashCrashReversalStrategy_SQM.ETORO_149-149
2026-06-08T20:00:02.035340952Z [INFO] eToro-Momentum-LS.eToro-Momentum-LS: Registered Strategy MLS_FlashCrashReversalStrategy_SQM.ETORO_149-149
2026-06-08T20:00:02.035379585Z [INFO] eToro-Momentum-LS.MLS_FlashCrashReversalStrategy_SQM.ETORO_150: READY
2026-06-08T20:00:02.035397759Z [DEBUG] eToro-Momentum-LS.MessageBus: Added Subscription(topic=events.order.MLS_FlashCrashReversalStrategy_SQM.ETORO_150-150, handler=<bound method Strategy.handle_event of FlashCrashReversalStrategy(MLS_FlashCrashReversalStrategy_SQM.ETORO_150-150)>, priority=0)
2026-06-08T20:00:02.035402658Z [DEBUG] eToro-Momentum-LS.MessageBus: Added Subscription(topic=events.position.MLS_FlashCrashReversalStrategy_SQM.ETORO_150-150, handler=<bound method Strategy.handle_event of FlashCrashReversalStrategy(MLS_FlashCrashReversalStrategy_SQM.ETORO_150-150)>, priority=0)
2026-06-08T20:00:02.035404461Z [INFO] eToro-Momentum-LS.ExecEngine: Registered OMS.UNSPECIFIED for Strategy MLS_FlashCrashReversalStrategy_SQM.ETORO_150-150
2026-06-08T20:00:02.035405142Z [INFO] eToro-Momentum-LS.eToro-Momentum-LS: Registered Strategy MLS_FlashCrashReversalStrategy_SQM.ETORO_150-150
2026-06-08T20:00:02.035439837Z [INFO] eToro-Momentum-LS.MLS_FlashCrashReversalStrategy_SQM.ETORO_151: READY
2026-06-08T20:00:02.035462109Z [DEBUG] eToro-Momentum-LS.MessageBus: Added Subscription(topic=events.order.MLS_FlashCrashReversalStrategy_SQM.ETORO_151-151, handler=<bound method Strategy.handle_event of FlashCrashReversalStrategy(MLS_FlashCrashReversalStrategy_SQM.ETORO_151-151)>, priority=0)
2026-06-08T20:00:02.035467459Z [DEBUG] eToro-Momentum-LS.MessageBus: Added Subscription(topic=events.position.MLS_FlashCrashReversalStrategy_SQM.ETORO_151-151, handler=<bound method Strategy.handle_event of FlashCrashReversalStrategy(MLS_FlashCrashReversalStrategy_SQM.ETORO_151-151)>, priority=0)
2026-06-08T20:00:02.035469683Z [INFO] eToro-Momentum-LS.ExecEngine: Registered OMS.UNSPECIFIED for Strategy MLS_FlashCrashReversalStrategy_SQM.ETORO_151-151
2026-06-08T20:00:02.035470355Z [INFO] eToro-Momentum-LS.eToro-Momentum-LS: Registered Strategy MLS_FlashCrashReversalStrategy_SQM.ETORO_151-151
2026-06-08T20:00:02.035509007Z [INFO] eToro-Momentum-LS.MLS_FlashCrashReversalStrategy_MNDY.ETORO_152: READY
2026-06-08T20:00:02.035547079Z [DEBUG] eToro-Momentum-LS.MessageBus: Added Subscription(topic=events.order.MLS_FlashCrashReversalStrategy_MNDY.ETORO_152-152, handler=<bound method Strategy.handle_event of FlashCrashReversalStrategy(MLS_FlashCrashReversalStrategy_MNDY.ETORO_152-152)>, priority=0)
2026-06-08T20:00:02.035552138Z [DEBUG] eToro-Momentum-LS.MessageBus: Added Subscription(topic=events.position.MLS_FlashCrashReversalStrategy_MNDY.ETORO_152-152, handler=<bound method Strategy.handle_event of FlashCrashReversalStrategy(MLS_FlashCrashReversalStrategy_MNDY.ETORO_152-152)>, priority=0)
2026-06-08T20:00:02.035555364Z [INFO] eToro-Momentum-LS.ExecEngine: Registered OMS.UNSPECIFIED for Strategy MLS_FlashCrashReversalStrategy_MNDY.ETORO_152-152
2026-06-08T20:00:02.035555935Z [INFO] eToro-Momentum-LS.eToro-Momentum-LS: Registered Strategy MLS_FlashCrashReversalStrategy_MNDY.ETORO_152-152
2026-06-08T20:00:02.035597583Z [INFO] eToro-Momentum-LS.MLS_FlashCrashReversalStrategy_MNDY.ETORO_153: READY
2026-06-08T20:00:02.035620276Z [DEBUG] eToro-Momentum-LS.MessageBus: Added Subscription(topic=events.order.MLS_FlashCrashReversalStrategy_MNDY.ETORO_153-153, handler=<bound method Strategy.handle_event of FlashCrashReversalStrategy(MLS_FlashCrashReversalStrategy_MNDY.ETORO_153-153)>, priority=0)
2026-06-08T20:00:02.035625335Z [DEBUG] eToro-Momentum-LS.MessageBus: Added Subscription(topic=events.position.MLS_FlashCrashReversalStrategy_MNDY.ETORO_153-153, handler=<bound method Strategy.handle_event of FlashCrashReversalStrategy(MLS_FlashCrashReversalStrategy_MNDY.ETORO_153-153)>, priority=0)
2026-06-08T20:00:02.035626407Z [INFO] eToro-Momentum-LS.ExecEngine: Registered OMS.UNSPECIFIED for Strategy MLS_FlashCrashReversalStrategy_MNDY.ETORO_153-153
2026-06-08T20:00:02.035627028Z [INFO] eToro-Momentum-LS.eToro-Momentum-LS: Registered Strategy MLS_FlashCrashReversalStrategy_MNDY.ETORO_153-153
2026-06-08T20:00:02.035666262Z [INFO] eToro-Momentum-LS.MLS_FlashCrashReversalStrategy_MNDY.ETORO_154: READY
2026-06-08T20:00:02.035686630Z [DEBUG] eToro-Momentum-LS.MessageBus: Added Subscription(topic=events.order.MLS_FlashCrashReversalStrategy_MNDY.ETORO_154-154, handler=<bound method Strategy.handle_event of FlashCrashReversalStrategy(MLS_FlashCrashReversalStrategy_MNDY.ETORO_154-154)>, priority=0)
2026-06-08T20:00:02.035691479Z [DEBUG] eToro-Momentum-LS.MessageBus: Added Subscription(topic=events.position.MLS_FlashCrashReversalStrategy_MNDY.ETORO_154-154, handler=<bound method Strategy.handle_event of FlashCrashReversalStrategy(MLS_FlashCrashReversalStrategy_MNDY.ETORO_154-154)>, priority=0)
2026-06-08T20:00:02.035698763Z [INFO] eToro-Momentum-LS.ExecEngine: Registered OMS.UNSPECIFIED for Strategy MLS_FlashCrashReversalStrategy_MNDY.ETORO_154-154
2026-06-08T20:00:02.035699314Z [INFO] eToro-Momentum-LS.eToro-Momentum-LS: Registered Strategy MLS_FlashCrashReversalStrategy_MNDY.ETORO_154-154
2026-06-08T20:00:02.035743787Z [INFO] eToro-Momentum-LS.MLS_FlashCrashReversalStrategy_MNDY.ETORO_155: READY
2026-06-08T20:00:02.035765518Z [DEBUG] eToro-Momentum-LS.MessageBus: Added Subscription(topic=events.order.MLS_FlashCrashReversalStrategy_MNDY.ETORO_155-155, handler=<bound method Strategy.handle_event of FlashCrashReversalStrategy(MLS_FlashCrashReversalStrategy_MNDY.ETORO_155-155)>, priority=0)
2026-06-08T20:00:02.035770608Z [DEBUG] eToro-Momentum-LS.MessageBus: Added Subscription(topic=events.position.MLS_FlashCrashReversalStrategy_MNDY.ETORO_155-155, handler=<bound method Strategy.handle_event of FlashCrashReversalStrategy(MLS_FlashCrashReversalStrategy_MNDY.ETORO_155-155)>, priority=0)
2026-06-08T20:00:02.035777260Z [INFO] eToro-Momentum-LS.ExecEngine: Registered OMS.UNSPECIFIED for Strategy MLS_FlashCrashReversalStrategy_MNDY.ETORO_155-155
2026-06-08T20:00:02.035778162Z [INFO] eToro-Momentum-LS.eToro-Momentum-LS: Registered Strategy MLS_FlashCrashReversalStrategy_MNDY.ETORO_155-155
2026-06-08T20:00:02.035822545Z [INFO] eToro-Momentum-LS.MLS_FlashCrashReversalStrategy_MNDY.ETORO_156: READY
2026-06-08T20:00:02.035842813Z [DEBUG] eToro-Momentum-LS.MessageBus: Added Subscription(topic=events.order.MLS_FlashCrashReversalStrategy_MNDY.ETORO_156-156, handler=<bound method Strategy.handle_event of FlashCrashReversalStrategy(MLS_FlashCrashReversalStrategy_MNDY.ETORO_156-156)>, priority=0)
2026-06-08T20:00:02.035847672Z [DEBUG] eToro-Momentum-LS.MessageBus: Added Subscription(topic=events.position.MLS_FlashCrashReversalStrategy_MNDY.ETORO_156-156, handler=<bound method Strategy.handle_event of FlashCrashReversalStrategy(MLS_FlashCrashReversalStrategy_MNDY.ETORO_156-156)>, priority=0)
2026-06-08T20:00:02.035850067Z [INFO] eToro-Momentum-LS.ExecEngine: Registered OMS.UNSPECIFIED for Strategy MLS_FlashCrashReversalStrategy_MNDY.ETORO_156-156
2026-06-08T20:00:02.035850688Z [INFO] eToro-Momentum-LS.eToro-Momentum-LS: Registered Strategy MLS_FlashCrashReversalStrategy_MNDY.ETORO_156-156
2026-06-08T20:00:02.035894871Z [INFO] eToro-Momentum-LS.MLS_FlashCrashReversalStrategy_MNDY.ETORO_157: READY
2026-06-08T20:00:02.035917012Z [DEBUG] eToro-Momentum-LS.MessageBus: Added Subscription(topic=events.order.MLS_FlashCrashReversalStrategy_MNDY.ETORO_157-157, handler=<bound method Strategy.handle_event of FlashCrashReversalStrategy(MLS_FlashCrashReversalStrategy_MNDY.ETORO_157-157)>, priority=0)
2026-06-08T20:00:02.035921801Z [DEBUG] eToro-Momentum-LS.MessageBus: Added Subscription(topic=events.position.MLS_FlashCrashReversalStrategy_MNDY.ETORO_157-157, handler=<bound method Strategy.handle_event of FlashCrashReversalStrategy(MLS_FlashCrashReversalStrategy_MNDY.ETORO_157-157)>, priority=0)
2026-06-08T20:00:02.035924035Z [INFO] eToro-Momentum-LS.ExecEngine: Registered OMS.UNSPECIFIED for Strategy MLS_FlashCrashReversalStrategy_MNDY.ETORO_157-157
2026-06-08T20:00:02.035924957Z [INFO] eToro-Momentum-LS.eToro-Momentum-LS: Registered Strategy MLS_FlashCrashReversalStrategy_MNDY.ETORO_157-157
2026-06-08T20:00:02.035979098Z [INFO] eToro-Momentum-LS.MLS_FlashCrashReversalStrategy_MNDY.ETORO_158: READY
2026-06-08T20:00:02.036001791Z [DEBUG] eToro-Momentum-LS.MessageBus: Added Subscription(topic=events.order.MLS_FlashCrashReversalStrategy_MNDY.ETORO_158-158, handler=<bound method Strategy.handle_event of FlashCrashReversalStrategy(MLS_FlashCrashReversalStrategy_MNDY.ETORO_158-158)>, priority=0)
2026-06-08T20:00:02.036006840Z [DEBUG] eToro-Momentum-LS.MessageBus: Added Subscription(topic=events.position.MLS_FlashCrashReversalStrategy_MNDY.ETORO_158-158, handler=<bound method Strategy.handle_event of FlashCrashReversalStrategy(MLS_FlashCrashReversalStrategy_MNDY.ETORO_158-158)>, priority=0)
2026-06-08T20:00:02.036009175Z [INFO] eToro-Momentum-LS.ExecEngine: Registered OMS.UNSPECIFIED for Strategy MLS_FlashCrashReversalStrategy_MNDY.ETORO_158-158
2026-06-08T20:00:02.036009916Z [INFO] eToro-Momentum-LS.eToro-Momentum-LS: Registered Strategy MLS_FlashCrashReversalStrategy_MNDY.ETORO_158-158
2026-06-08T20:00:02.036055371Z [INFO] eToro-Momentum-LS.MLS_FlashCrashReversalStrategy_ELF.ETORO_159: READY
2026-06-08T20:00:02.036078655Z [DEBUG] eToro-Momentum-LS.MessageBus: Added Subscription(topic=events.order.MLS_FlashCrashReversalStrategy_ELF.ETORO_159-159, handler=<bound method Strategy.handle_event of FlashCrashReversalStrategy(MLS_FlashCrashReversalStrategy_ELF.ETORO_159-159)>, priority=0)
2026-06-08T20:00:02.036083895Z [DEBUG] eToro-Momentum-LS.MessageBus: Added Subscription(topic=events.position.MLS_FlashCrashReversalStrategy_ELF.ETORO_159-159, handler=<bound method Strategy.handle_event of FlashCrashReversalStrategy(MLS_FlashCrashReversalStrategy_ELF.ETORO_159-159)>, priority=0)
2026-06-08T20:00:02.036084997Z [INFO] eToro-Momentum-LS.ExecEngine: Registered OMS.UNSPECIFIED for Strategy MLS_FlashCrashReversalStrategy_ELF.ETORO_159-159
2026-06-08T20:00:02.036085668Z [INFO] eToro-Momentum-LS.eToro-Momentum-LS: Registered Strategy MLS_FlashCrashReversalStrategy_ELF.ETORO_159-159
2026-06-08T20:00:02.036131244Z [INFO] eToro-Momentum-LS.MLS_FlashCrashReversalStrategy_ELF.ETORO_160: READY
2026-06-08T20:00:02.036153245Z [DEBUG] eToro-Momentum-LS.MessageBus: Added Subscription(topic=events.order.MLS_FlashCrashReversalStrategy_ELF.ETORO_160-160, handler=<bound method Strategy.handle_event of FlashCrashReversalStrategy(MLS_FlashCrashReversalStrategy_ELF.ETORO_160-160)>, priority=0)
2026-06-08T20:00:02.036158314Z [DEBUG] eToro-Momentum-LS.MessageBus: Added Subscription(topic=events.position.MLS_FlashCrashReversalStrategy_ELF.ETORO_160-160, handler=<bound method Strategy.handle_event of FlashCrashReversalStrategy(MLS_FlashCrashReversalStrategy_ELF.ETORO_160-160)>, priority=0)
2026-06-08T20:00:02.036163614Z [INFO] eToro-Momentum-LS.ExecEngine: Registered OMS.UNSPECIFIED for Strategy MLS_FlashCrashReversalStrategy_ELF.ETORO_160-160
2026-06-08T20:00:02.036164456Z [INFO] eToro-Momentum-LS.eToro-Momentum-LS: Registered Strategy MLS_FlashCrashReversalStrategy_ELF.ETORO_160-160
2026-06-08T20:00:02.036208008Z [INFO] eToro-Momentum-LS.MLS_FlashCrashReversalStrategy_ELF.ETORO_161: READY
2026-06-08T20:00:02.036230710Z [DEBUG] eToro-Momentum-LS.MessageBus: Added Subscription(topic=events.order.MLS_FlashCrashReversalStrategy_ELF.ETORO_161-161, handler=<bound method Strategy.handle_event of FlashCrashReversalStrategy(MLS_FlashCrashReversalStrategy_ELF.ETORO_161-161)>, priority=0)
2026-06-08T20:00:02.036235720Z [DEBUG] eToro-Momentum-LS.MessageBus: Added Subscription(topic=events.position.MLS_FlashCrashReversalStrategy_ELF.ETORO_161-161, handler=<bound method Strategy.handle_event of FlashCrashReversalStrategy(MLS_FlashCrashReversalStrategy_ELF.ETORO_161-161)>, priority=0)
2026-06-08T20:00:02.036240458Z [INFO] eToro-Momentum-LS.ExecEngine: Registered OMS.UNSPECIFIED for Strategy MLS_FlashCrashReversalStrategy_ELF.ETORO_161-161
2026-06-08T20:00:02.036241541Z [INFO] eToro-Momentum-LS.eToro-Momentum-LS: Registered Strategy MLS_FlashCrashReversalStrategy_ELF.ETORO_161-161
2026-06-08T20:00:02.036302274Z [INFO] eToro-Momentum-LS.MLS_FlashCrashReversalStrategy_ELF.ETORO_162: READY
2026-06-08T20:00:02.036325348Z [DEBUG] eToro-Momentum-LS.MessageBus: Added Subscription(topic=events.order.MLS_FlashCrashReversalStrategy_ELF.ETORO_162-162, handler=<bound method Strategy.handle_event of FlashCrashReversalStrategy(MLS_FlashCrashReversalStrategy_ELF.ETORO_162-162)>, priority=0)
2026-06-08T20:00:02.036330417Z [DEBUG] eToro-Momentum-LS.MessageBus: Added Subscription(topic=events.position.MLS_FlashCrashReversalStrategy_ELF.ETORO_162-162, handler=<bound method Strategy.handle_event of FlashCrashReversalStrategy(MLS_FlashCrashReversalStrategy_ELF.ETORO_162-162)>, priority=0)
2026-06-08T20:00:02.036333252Z [INFO] eToro-Momentum-LS.ExecEngine: Registered OMS.UNSPECIFIED for Strategy MLS_FlashCrashReversalStrategy_ELF.ETORO_162-162
2026-06-08T20:00:02.036334014Z [INFO] eToro-Momentum-LS.eToro-Momentum-LS: Registered Strategy MLS_FlashCrashReversalStrategy_ELF.ETORO_162-162
2026-06-08T20:00:02.036381182Z [INFO] eToro-Momentum-LS.MLS_FlashCrashReversalStrategy_ELF.ETORO_163: READY
2026-06-08T20:00:02.036403454Z [DEBUG] eToro-Momentum-LS.MessageBus: Added Subscription(topic=events.order.MLS_FlashCrashReversalStrategy_ELF.ETORO_163-163, handler=<bound method Strategy.handle_event of FlashCrashReversalStrategy(MLS_FlashCrashReversalStrategy_ELF.ETORO_163-163)>, priority=0)
2026-06-08T20:00:02.036408584Z [DEBUG] eToro-Momentum-LS.MessageBus: Added Subscription(topic=events.position.MLS_FlashCrashReversalStrategy_ELF.ETORO_163-163, handler=<bound method Strategy.handle_event of FlashCrashReversalStrategy(MLS_FlashCrashReversalStrategy_ELF.ETORO_163-163)>, priority=0)
2026-06-08T20:00:02.036416559Z [INFO] eToro-Momentum-LS.ExecEngine: Registered OMS.UNSPECIFIED for Strategy MLS_FlashCrashReversalStrategy_ELF.ETORO_163-163
2026-06-08T20:00:02.036417240Z [INFO] eToro-Momentum-LS.eToro-Momentum-LS: Registered Strategy MLS_FlashCrashReversalStrategy_ELF.ETORO_163-163
2026-06-08T20:00:02.036459139Z [INFO] eToro-Momentum-LS.MLS_FlashCrashReversalStrategy_ELF.ETORO_164: READY
2026-06-08T20:00:02.036481400Z [DEBUG] eToro-Momentum-LS.MessageBus: Added Subscription(topic=events.order.MLS_FlashCrashReversalStrategy_ELF.ETORO_164-164, handler=<bound method Strategy.handle_event of FlashCrashReversalStrategy(MLS_FlashCrashReversalStrategy_ELF.ETORO_164-164)>, priority=0)
2026-06-08T20:00:02.036486380Z [DEBUG] eToro-Momentum-LS.MessageBus: Added Subscription(topic=events.position.MLS_FlashCrashReversalStrategy_ELF.ETORO_164-164, handler=<bound method Strategy.handle_event of FlashCrashReversalStrategy(MLS_FlashCrashReversalStrategy_ELF.ETORO_164-164)>, priority=0)
2026-06-08T20:00:02.036490778Z [INFO] eToro-Momentum-LS.ExecEngine: Registered OMS.UNSPECIFIED for Strategy MLS_FlashCrashReversalStrategy_ELF.ETORO_164-164
2026-06-08T20:00:02.036491369Z [INFO] eToro-Momentum-LS.eToro-Momentum-LS: Registered Strategy MLS_FlashCrashReversalStrategy_ELF.ETORO_164-164
2026-06-08T20:00:02.036537265Z [INFO] eToro-Momentum-LS.MLS_FlashCrashReversalStrategy_VRT.ETORO_165: READY
2026-06-08T20:00:02.036567812Z [DEBUG] eToro-Momentum-LS.MessageBus: Added Subscription(topic=events.order.MLS_FlashCrashReversalStrategy_VRT.ETORO_165-165, handler=<bound method Strategy.handle_event of FlashCrashReversalStrategy(MLS_FlashCrashReversalStrategy_VRT.ETORO_165-165)>, priority=0)
2026-06-08T20:00:02.036573353Z [DEBUG] eToro-Momentum-LS.MessageBus: Added Subscription(topic=events.position.MLS_FlashCrashReversalStrategy_VRT.ETORO_165-165, handler=<bound method Strategy.handle_event of FlashCrashReversalStrategy(MLS_FlashCrashReversalStrategy_VRT.ETORO_165-165)>, priority=0)
2026-06-08T20:00:02.036581698Z [INFO] eToro-Momentum-LS.ExecEngine: Registered OMS.UNSPECIFIED for Strategy MLS_FlashCrashReversalStrategy_VRT.ETORO_165-165
2026-06-08T20:00:02.036582269Z [INFO] eToro-Momentum-LS.eToro-Momentum-LS: Registered Strategy MLS_FlashCrashReversalStrategy_VRT.ETORO_165-165
2026-06-08T20:00:02.036627855Z [INFO] eToro-Momentum-LS.MLS_FlashCrashReversalStrategy_VRT.ETORO_166: READY
2026-06-08T20:00:02.036659534Z [DEBUG] eToro-Momentum-LS.MessageBus: Added Subscription(topic=events.order.MLS_FlashCrashReversalStrategy_VRT.ETORO_166-166, handler=<bound method Strategy.handle_event of FlashCrashReversalStrategy(MLS_FlashCrashReversalStrategy_VRT.ETORO_166-166)>, priority=0)
2026-06-08T20:00:02.036666708Z [DEBUG] eToro-Momentum-LS.MessageBus: Added Subscription(topic=events.position.MLS_FlashCrashReversalStrategy_VRT.ETORO_166-166, handler=<bound method Strategy.handle_event of FlashCrashReversalStrategy(MLS_FlashCrashReversalStrategy_VRT.ETORO_166-166)>, priority=0)
2026-06-08T20:00:02.036669403Z [INFO] eToro-Momentum-LS.ExecEngine: Registered OMS.UNSPECIFIED for Strategy MLS_FlashCrashReversalStrategy_VRT.ETORO_166-166
2026-06-08T20:00:02.036670154Z [INFO] eToro-Momentum-LS.eToro-Momentum-LS: Registered Strategy MLS_FlashCrashReversalStrategy_VRT.ETORO_166-166
2026-06-08T20:00:02.036720038Z [INFO] eToro-Momentum-LS.MLS_FlashCrashReversalStrategy_VRT.ETORO_167: READY
2026-06-08T20:00:02.036754082Z [DEBUG] eToro-Momentum-LS.MessageBus: Added Subscription(topic=events.order.MLS_FlashCrashReversalStrategy_VRT.ETORO_167-167, handler=<bound method Strategy.handle_event of FlashCrashReversalStrategy(MLS_FlashCrashReversalStrategy_VRT.ETORO_167-167)>, priority=0)
2026-06-08T20:00:02.036760604Z [DEBUG] eToro-Momentum-LS.MessageBus: Added Subscription(topic=events.position.MLS_FlashCrashReversalStrategy_VRT.ETORO_167-167, handler=<bound method Strategy.handle_event of FlashCrashReversalStrategy(MLS_FlashCrashReversalStrategy_VRT.ETORO_167-167)>, priority=0)
2026-06-08T20:00:02.036763329Z [INFO] eToro-Momentum-LS.ExecEngine: Registered OMS.UNSPECIFIED for Strategy MLS_FlashCrashReversalStrategy_VRT.ETORO_167-167
2026-06-08T20:00:02.036764060Z [INFO] eToro-Momentum-LS.eToro-Momentum-LS: Registered Strategy MLS_FlashCrashReversalStrategy_VRT.ETORO_167-167
2026-06-08T20:00:02.036807572Z [INFO] eToro-Momentum-LS.MLS_FlashCrashReversalStrategy_VRT.ETORO_168: READY
2026-06-08T20:00:02.036830415Z [DEBUG] eToro-Momentum-LS.MessageBus: Added Subscription(topic=events.order.MLS_FlashCrashReversalStrategy_VRT.ETORO_168-168, handler=<bound method Strategy.handle_event of FlashCrashReversalStrategy(MLS_FlashCrashReversalStrategy_VRT.ETORO_168-168)>, priority=0)
2026-06-08T20:00:02.036836085Z [DEBUG] eToro-Momentum-LS.MessageBus: Added Subscription(topic=events.position.MLS_FlashCrashReversalStrategy_VRT.ETORO_168-168, handler=<bound method Strategy.handle_event of FlashCrashReversalStrategy(MLS_FlashCrashReversalStrategy_VRT.ETORO_168-168)>, priority=0)
2026-06-08T20:00:02.036843649Z [INFO] eToro-Momentum-LS.ExecEngine: Registered OMS.UNSPECIFIED for Strategy MLS_FlashCrashReversalStrategy_VRT.ETORO_168-168
2026-06-08T20:00:02.036844140Z [INFO] eToro-Momentum-LS.eToro-Momentum-LS: Registered Strategy MLS_FlashCrashReversalStrategy_VRT.ETORO_168-168
2026-06-08T20:00:02.036880068Z [INFO] eToro-Momentum-LS.MLS_FlashCrashReversalStrategy_VRT.ETORO_169: READY
2026-06-08T20:00:02.036898502Z [DEBUG] eToro-Momentum-LS.MessageBus: Added Subscription(topic=events.order.MLS_FlashCrashReversalStrategy_VRT.ETORO_169-169, handler=<bound method Strategy.handle_event of FlashCrashReversalStrategy(MLS_FlashCrashReversalStrategy_VRT.ETORO_169-169)>, priority=0)
2026-06-08T20:00:02.036903842Z [DEBUG] eToro-Momentum-LS.MessageBus: Added Subscription(topic=events.position.MLS_FlashCrashReversalStrategy_VRT.ETORO_169-169, handler=<bound method Strategy.handle_event of FlashCrashReversalStrategy(MLS_FlashCrashReversalStrategy_VRT.ETORO_169-169)>, priority=0)
2026-06-08T20:00:02.036910375Z [INFO] eToro-Momentum-LS.ExecEngine: Registered OMS.UNSPECIFIED for Strategy MLS_FlashCrashReversalStrategy_VRT.ETORO_169-169
2026-06-08T20:00:02.036910926Z [INFO] eToro-Momentum-LS.eToro-Momentum-LS: Registered Strategy MLS_FlashCrashReversalStrategy_VRT.ETORO_169-169
2026-06-08T20:00:02.036956180Z [INFO] eToro-Momentum-LS.MLS_FlashCrashReversalStrategy_VRT.ETORO_170: READY
2026-06-08T20:00:02.036975166Z [DEBUG] eToro-Momentum-LS.MessageBus: Added Subscription(topic=events.order.MLS_FlashCrashReversalStrategy_VRT.ETORO_170-170, handler=<bound method Strategy.handle_event of FlashCrashReversalStrategy(MLS_FlashCrashReversalStrategy_VRT.ETORO_170-170)>, priority=0)
2026-06-08T20:00:02.036980516Z [DEBUG] eToro-Momentum-LS.MessageBus: Added Subscription(topic=events.position.MLS_FlashCrashReversalStrategy_VRT.ETORO_170-170, handler=<bound method Strategy.handle_event of FlashCrashReversalStrategy(MLS_FlashCrashReversalStrategy_VRT.ETORO_170-170)>, priority=0)
2026-06-08T20:00:02.036987720Z [INFO] eToro-Momentum-LS.ExecEngine: Registered OMS.UNSPECIFIED for Strategy MLS_FlashCrashReversalStrategy_VRT.ETORO_170-170
2026-06-08T20:00:02.036992499Z [INFO] eToro-Momentum-LS.eToro-Momentum-LS: Registered Strategy MLS_FlashCrashReversalStrategy_VRT.ETORO_170-170
2026-06-08T20:00:02.037033395Z [INFO] eToro-Momentum-LS.MLS_FlashCrashReversalStrategy_VRT.ETORO_171: READY
2026-06-08T20:00:02.037075745Z [DEBUG] eToro-Momentum-LS.MessageBus: Added Subscription(topic=events.order.MLS_FlashCrashReversalStrategy_VRT.ETORO_171-171, handler=<bound method Strategy.handle_event of FlashCrashReversalStrategy(MLS_FlashCrashReversalStrategy_VRT.ETORO_171-171)>, priority=0)
2026-06-08T20:00:02.037081175Z [DEBUG] eToro-Momentum-LS.MessageBus: Added Subscription(topic=events.position.MLS_FlashCrashReversalStrategy_VRT.ETORO_171-171, handler=<bound method Strategy.handle_event of FlashCrashReversalStrategy(MLS_FlashCrashReversalStrategy_VRT.ETORO_171-171)>, priority=0)
2026-06-08T20:00:02.037084100Z [INFO] eToro-Momentum-LS.ExecEngine: Registered OMS.UNSPECIFIED for Strategy MLS_FlashCrashReversalStrategy_VRT.ETORO_171-171
2026-06-08T20:00:02.037084802Z [INFO] eToro-Momentum-LS.eToro-Momentum-LS: Registered Strategy MLS_FlashCrashReversalStrategy_VRT.ETORO_171-171
2026-06-08T20:00:02.037131289Z [INFO] eToro-Momentum-LS.MLS_FlashCrashReversalStrategy_VRT.ETORO_172: READY
2026-06-08T20:00:02.037151286Z [DEBUG] eToro-Momentum-LS.MessageBus: Added Subscription(topic=events.order.MLS_FlashCrashReversalStrategy_VRT.ETORO_172-172, handler=<bound method Strategy.handle_event of FlashCrashReversalStrategy(MLS_FlashCrashReversalStrategy_VRT.ETORO_172-172)>, priority=0)
2026-06-08T20:00:02.037156656Z [DEBUG] eToro-Momentum-LS.MessageBus: Added Subscription(topic=events.position.MLS_FlashCrashReversalStrategy_VRT.ETORO_172-172, handler=<bound method Strategy.handle_event of FlashCrashReversalStrategy(MLS_FlashCrashReversalStrategy_VRT.ETORO_172-172)>, priority=0)
2026-06-08T20:00:02.037159732Z [INFO] eToro-Momentum-LS.ExecEngine: Registered OMS.UNSPECIFIED for Strategy MLS_FlashCrashReversalStrategy_VRT.ETORO_172-172
2026-06-08T20:00:02.037160363Z [INFO] eToro-Momentum-LS.eToro-Momentum-LS: Registered Strategy MLS_FlashCrashReversalStrategy_VRT.ETORO_172-172
2026-06-08T20:00:02.037200619Z [INFO] eToro-Momentum-LS.MLS_FlashCrashReversalStrategy_VRT.ETORO_173: READY
2026-06-08T20:00:02.037219354Z [DEBUG] eToro-Momentum-LS.MessageBus: Added Subscription(topic=events.order.MLS_FlashCrashReversalStrategy_VRT.ETORO_173-173, handler=<bound method Strategy.handle_event of FlashCrashReversalStrategy(MLS_FlashCrashReversalStrategy_VRT.ETORO_173-173)>, priority=0)
2026-06-08T20:00:02.037225515Z [DEBUG] eToro-Momentum-LS.MessageBus: Added Subscription(topic=events.position.MLS_FlashCrashReversalStrategy_VRT.ETORO_173-173, handler=<bound method Strategy.handle_event of FlashCrashReversalStrategy(MLS_FlashCrashReversalStrategy_VRT.ETORO_173-173)>, priority=0)
2026-06-08T20:00:02.037228762Z [INFO] eToro-Momentum-LS.ExecEngine: Registered OMS.UNSPECIFIED for Strategy MLS_FlashCrashReversalStrategy_VRT.ETORO_173-173
2026-06-08T20:00:02.037229333Z [INFO] eToro-Momentum-LS.eToro-Momentum-LS: Registered Strategy MLS_FlashCrashReversalStrategy_VRT.ETORO_173-173
2026-06-08T20:00:02.037271852Z [INFO] eToro-Momentum-LS.MLS_FlashCrashReversalStrategy_CIEN.ETORO_174: READY
2026-06-08T20:00:02.037292331Z [DEBUG] eToro-Momentum-LS.MessageBus: Added Subscription(topic=events.order.MLS_FlashCrashReversalStrategy_CIEN.ETORO_174-174, handler=<bound method Strategy.handle_event of FlashCrashReversalStrategy(MLS_FlashCrashReversalStrategy_CIEN.ETORO_174-174)>, priority=0)
2026-06-08T20:00:02.037297631Z [DEBUG] eToro-Momentum-LS.MessageBus: Added Subscription(topic=events.position.MLS_FlashCrashReversalStrategy_CIEN.ETORO_174-174, handler=<bound method Strategy.handle_event of FlashCrashReversalStrategy(MLS_FlashCrashReversalStrategy_CIEN.ETORO_174-174)>, priority=0)
2026-06-08T20:00:02.037301027Z [INFO] eToro-Momentum-LS.ExecEngine: Registered OMS.UNSPECIFIED for Strategy MLS_FlashCrashReversalStrategy_CIEN.ETORO_174-174
2026-06-08T20:00:02.037308251Z [INFO] eToro-Momentum-LS.eToro-Momentum-LS: Registered Strategy MLS_FlashCrashReversalStrategy_CIEN.ETORO_174-174
2026-06-08T20:00:02.037346863Z [INFO] eToro-Momentum-LS.MLS_FlashCrashReversalStrategy_CIEN.ETORO_175: READY
2026-06-08T20:00:02.037367892Z [DEBUG] eToro-Momentum-LS.MessageBus: Added Subscription(topic=events.order.MLS_FlashCrashReversalStrategy_CIEN.ETORO_175-175, handler=<bound method Strategy.handle_event of FlashCrashReversalStrategy(MLS_FlashCrashReversalStrategy_CIEN.ETORO_175-175)>, priority=0)
2026-06-08T20:00:02.037373202Z [DEBUG] eToro-Momentum-LS.MessageBus: Added Subscription(topic=events.position.MLS_FlashCrashReversalStrategy_CIEN.ETORO_175-175, handler=<bound method Strategy.handle_event of FlashCrashReversalStrategy(MLS_FlashCrashReversalStrategy_CIEN.ETORO_175-175)>, priority=0)
2026-06-08T20:00:02.037379504Z [INFO] eToro-Momentum-LS.ExecEngine: Registered OMS.UNSPECIFIED for Strategy MLS_FlashCrashReversalStrategy_CIEN.ETORO_175-175
2026-06-08T20:00:02.037380075Z [INFO] eToro-Momentum-LS.eToro-Momentum-LS: Registered Strategy MLS_FlashCrashReversalStrategy_CIEN.ETORO_175-175
2026-06-08T20:00:02.037422896Z [INFO] eToro-Momentum-LS.MLS_FlashCrashReversalStrategy_CIEN.ETORO_176: READY
2026-06-08T20:00:02.037444636Z [DEBUG] eToro-Momentum-LS.MessageBus: Added Subscription(topic=events.order.MLS_FlashCrashReversalStrategy_CIEN.ETORO_176-176, handler=<bound method Strategy.handle_event of FlashCrashReversalStrategy(MLS_FlashCrashReversalStrategy_CIEN.ETORO_176-176)>, priority=0)
2026-06-08T20:00:02.037449716Z [DEBUG] eToro-Momentum-LS.MessageBus: Added Subscription(topic=events.position.MLS_FlashCrashReversalStrategy_CIEN.ETORO_176-176, handler=<bound method Strategy.handle_event of FlashCrashReversalStrategy(MLS_FlashCrashReversalStrategy_CIEN.ETORO_176-176)>, priority=0)
2026-06-08T20:00:02.037453333Z [INFO] eToro-Momentum-LS.ExecEngine: Registered OMS.UNSPECIFIED for Strategy MLS_FlashCrashReversalStrategy_CIEN.ETORO_176-176
2026-06-08T20:00:02.037453914Z [INFO] eToro-Momentum-LS.eToro-Momentum-LS: Registered Strategy MLS_FlashCrashReversalStrategy_CIEN.ETORO_176-176
2026-06-08T20:00:02.037499108Z [INFO] eToro-Momentum-LS.MLS_FlashCrashReversalStrategy_CIEN.ETORO_177: READY
2026-06-08T20:00:02.037520008Z [DEBUG] eToro-Momentum-LS.MessageBus: Added Subscription(topic=events.order.MLS_FlashCrashReversalStrategy_CIEN.ETORO_177-177, handler=<bound method Strategy.handle_event of FlashCrashReversalStrategy(MLS_FlashCrashReversalStrategy_CIEN.ETORO_177-177)>, priority=0)
2026-06-08T20:00:02.037525338Z [DEBUG] eToro-Momentum-LS.MessageBus: Added Subscription(topic=events.position.MLS_FlashCrashReversalStrategy_CIEN.ETORO_177-177, handler=<bound method Strategy.handle_event of FlashCrashReversalStrategy(MLS_FlashCrashReversalStrategy_CIEN.ETORO_177-177)>, priority=0)
2026-06-08T20:00:02.037531619Z [INFO] eToro-Momentum-LS.ExecEngine: Registered OMS.UNSPECIFIED for Strategy MLS_FlashCrashReversalStrategy_CIEN.ETORO_177-177
2026-06-08T20:00:02.037532180Z [INFO] eToro-Momentum-LS.eToro-Momentum-LS: Registered Strategy MLS_FlashCrashReversalStrategy_CIEN.ETORO_177-177
2026-06-08T20:00:02.037571073Z [INFO] eToro-Momentum-LS.MLS_FlashCrashReversalStrategy_CIEN.ETORO_178: READY
2026-06-08T20:00:02.037591301Z [DEBUG] eToro-Momentum-LS.MessageBus: Added Subscription(topic=events.order.MLS_FlashCrashReversalStrategy_CIEN.ETORO_178-178, handler=<bound method Strategy.handle_event of FlashCrashReversalStrategy(MLS_FlashCrashReversalStrategy_CIEN.ETORO_178-178)>, priority=0)
2026-06-08T20:00:02.037596541Z [DEBUG] eToro-Momentum-LS.MessageBus: Added Subscription(topic=events.position.MLS_FlashCrashReversalStrategy_CIEN.ETORO_178-178, handler=<bound method Strategy.handle_event of FlashCrashReversalStrategy(MLS_FlashCrashReversalStrategy_CIEN.ETORO_178-178)>, priority=0)
2026-06-08T20:00:02.037599447Z [INFO] eToro-Momentum-LS.ExecEngine: Registered OMS.UNSPECIFIED for Strategy MLS_FlashCrashReversalStrategy_CIEN.ETORO_178-178
2026-06-08T20:00:02.037600148Z [INFO] eToro-Momentum-LS.eToro-Momentum-LS: Registered Strategy MLS_FlashCrashReversalStrategy_CIEN.ETORO_178-178
2026-06-08T20:00:02.037638881Z [INFO] eToro-Momentum-LS.MLS_FlashCrashReversalStrategy_CIEN.ETORO_179: READY
2026-06-08T20:00:02.037658577Z [DEBUG] eToro-Momentum-LS.MessageBus: Added Subscription(topic=events.order.MLS_FlashCrashReversalStrategy_CIEN.ETORO_179-179, handler=<bound method Strategy.handle_event of FlashCrashReversalStrategy(MLS_FlashCrashReversalStrategy_CIEN.ETORO_179-179)>, priority=0)
2026-06-08T20:00:02.037664388Z [DEBUG] eToro-Momentum-LS.MessageBus: Added Subscription(topic=events.position.MLS_FlashCrashReversalStrategy_CIEN.ETORO_179-179, handler=<bound method Strategy.handle_event of FlashCrashReversalStrategy(MLS_FlashCrashReversalStrategy_CIEN.ETORO_179-179)>, priority=0)
2026-06-08T20:00:02.037668226Z [INFO] eToro-Momentum-LS.ExecEngine: Registered OMS.UNSPECIFIED for Strategy MLS_FlashCrashReversalStrategy_CIEN.ETORO_179-179
2026-06-08T20:00:02.037668807Z [INFO] eToro-Momentum-LS.eToro-Momentum-LS: Registered Strategy MLS_FlashCrashReversalStrategy_CIEN.ETORO_179-179
2026-06-08T20:00:02.037705415Z [INFO] eToro-Momentum-LS.MLS_FlashCrashReversalStrategy_POWL.ETORO_180: READY
2026-06-08T20:00:02.037725272Z [DEBUG] eToro-Momentum-LS.MessageBus: Added Subscription(topic=events.order.MLS_FlashCrashReversalStrategy_POWL.ETORO_180-180, handler=<bound method Strategy.handle_event of FlashCrashReversalStrategy(MLS_FlashCrashReversalStrategy_POWL.ETORO_180-180)>, priority=0)
2026-06-08T20:00:02.037730803Z [DEBUG] eToro-Momentum-LS.MessageBus: Added Subscription(topic=events.position.MLS_FlashCrashReversalStrategy_POWL.ETORO_180-180, handler=<bound method Strategy.handle_event of FlashCrashReversalStrategy(MLS_FlashCrashReversalStrategy_POWL.ETORO_180-180)>, priority=0)
2026-06-08T20:00:02.037733047Z [INFO] eToro-Momentum-LS.ExecEngine: Registered OMS.UNSPECIFIED for Strategy MLS_FlashCrashReversalStrategy_POWL.ETORO_180-180
2026-06-08T20:00:02.037734099Z [INFO] eToro-Momentum-LS.eToro-Momentum-LS: Registered Strategy MLS_FlashCrashReversalStrategy_POWL.ETORO_180-180
2026-06-08T20:00:02.037995329Z [INFO] eToro-Momentum-LS.MLS_FlashCrashReversalStrategy_POWL.ETORO_181: READY
2026-06-08T20:00:02.038017220Z [DEBUG] eToro-Momentum-LS.MessageBus: Added Subscription(topic=events.order.MLS_FlashCrashReversalStrategy_POWL.ETORO_181-181, handler=<bound method Strategy.handle_event of FlashCrashReversalStrategy(MLS_FlashCrashReversalStrategy_POWL.ETORO_181-181)>, priority=0)
2026-06-08T20:00:02.038022520Z [DEBUG] eToro-Momentum-LS.MessageBus: Added Subscription(topic=events.position.MLS_FlashCrashReversalStrategy_POWL.ETORO_181-181, handler=<bound method Strategy.handle_event of FlashCrashReversalStrategy(MLS_FlashCrashReversalStrategy_POWL.ETORO_181-181)>, priority=0)
2026-06-08T20:00:02.038023662Z [INFO] eToro-Momentum-LS.ExecEngine: Registered OMS.UNSPECIFIED for Strategy MLS_FlashCrashReversalStrategy_POWL.ETORO_181-181
2026-06-08T20:00:02.038024463Z [INFO] eToro-Momentum-LS.eToro-Momentum-LS: Registered Strategy MLS_FlashCrashReversalStrategy_POWL.ETORO_181-181
2026-06-08T20:00:02.038072974Z [INFO] eToro-Momentum-LS.MLS_FlashCrashReversalStrategy_POWL.ETORO_182: READY
2026-06-08T20:00:02.038095717Z [DEBUG] eToro-Momentum-LS.MessageBus: Added Subscription(topic=events.order.MLS_FlashCrashReversalStrategy_POWL.ETORO_182-182, handler=<bound method Strategy.handle_event of FlashCrashReversalStrategy(MLS_FlashCrashReversalStrategy_POWL.ETORO_182-182)>, priority=0)
2026-06-08T20:00:02.038101047Z [DEBUG] eToro-Momentum-LS.MessageBus: Added Subscription(topic=events.position.MLS_FlashCrashReversalStrategy_POWL.ETORO_182-182, handler=<bound method Strategy.handle_event of FlashCrashReversalStrategy(MLS_FlashCrashReversalStrategy_POWL.ETORO_182-182)>, priority=0)
2026-06-08T20:00:02.038102109Z [INFO] eToro-Momentum-LS.ExecEngine: Registered OMS.UNSPECIFIED for Strategy MLS_FlashCrashReversalStrategy_POWL.ETORO_182-182
2026-06-08T20:00:02.038102820Z [INFO] eToro-Momentum-LS.eToro-Momentum-LS: Registered Strategy MLS_FlashCrashReversalStrategy_POWL.ETORO_182-182
2026-06-08T20:00:02.038141924Z [INFO] eToro-Momentum-LS.MLS_FlashCrashReversalStrategy_POWL.ETORO_183: READY
2026-06-08T20:00:02.038162833Z [DEBUG] eToro-Momentum-LS.MessageBus: Added Subscription(topic=events.order.MLS_FlashCrashReversalStrategy_POWL.ETORO_183-183, handler=<bound method Strategy.handle_event of FlashCrashReversalStrategy(MLS_FlashCrashReversalStrategy_POWL.ETORO_183-183)>, priority=0)
2026-06-08T20:00:02.038168323Z [DEBUG] eToro-Momentum-LS.MessageBus: Added Subscription(topic=events.position.MLS_FlashCrashReversalStrategy_POWL.ETORO_183-183, handler=<bound method Strategy.handle_event of FlashCrashReversalStrategy(MLS_FlashCrashReversalStrategy_POWL.ETORO_183-183)>, priority=0)
2026-06-08T20:00:02.038171720Z [INFO] eToro-Momentum-LS.ExecEngine: Registered OMS.UNSPECIFIED for Strategy MLS_FlashCrashReversalStrategy_POWL.ETORO_183-183
2026-06-08T20:00:02.038172341Z [INFO] eToro-Momentum-LS.eToro-Momentum-LS: Registered Strategy MLS_FlashCrashReversalStrategy_POWL.ETORO_183-183
2026-06-08T20:00:02.038211995Z [INFO] eToro-Momentum-LS.MLS_FlashCrashReversalStrategy_POWL.ETORO_184: READY
2026-06-08T20:00:02.038233325Z [DEBUG] eToro-Momentum-LS.MessageBus: Added Subscription(topic=events.order.MLS_FlashCrashReversalStrategy_POWL.ETORO_184-184, handler=<bound method Strategy.handle_event of FlashCrashReversalStrategy(MLS_FlashCrashReversalStrategy_POWL.ETORO_184-184)>, priority=0)
2026-06-08T20:00:02.038238705Z [DEBUG] eToro-Momentum-LS.MessageBus: Added Subscription(topic=events.position.MLS_FlashCrashReversalStrategy_POWL.ETORO_184-184, handler=<bound method Strategy.handle_event of FlashCrashReversalStrategy(MLS_FlashCrashReversalStrategy_POWL.ETORO_184-184)>, priority=0)
2026-06-08T20:00:02.038241310Z [INFO] eToro-Momentum-LS.ExecEngine: Registered OMS.UNSPECIFIED for Strategy MLS_FlashCrashReversalStrategy_POWL.ETORO_184-184
2026-06-08T20:00:02.038241911Z [INFO] eToro-Momentum-LS.eToro-Momentum-LS: Registered Strategy MLS_FlashCrashReversalStrategy_POWL.ETORO_184-184
2026-06-08T20:00:02.038290883Z [INFO] eToro-Momentum-LS.MLS_FlashCrashReversalStrategy_POWL.ETORO_185: READY
2026-06-08T20:00:02.038311461Z [DEBUG] eToro-Momentum-LS.MessageBus: Added Subscription(topic=events.order.MLS_FlashCrashReversalStrategy_POWL.ETORO_185-185, handler=<bound method Strategy.handle_event of FlashCrashReversalStrategy(MLS_FlashCrashReversalStrategy_POWL.ETORO_185-185)>, priority=0)
2026-06-08T20:00:02.038317453Z [DEBUG] eToro-Momentum-LS.MessageBus: Added Subscription(topic=events.position.MLS_FlashCrashReversalStrategy_POWL.ETORO_185-185, handler=<bound method Strategy.handle_event of FlashCrashReversalStrategy(MLS_FlashCrashReversalStrategy_POWL.ETORO_185-185)>, priority=0)
2026-06-08T20:00:02.038320118Z [INFO] eToro-Momentum-LS.ExecEngine: Registered OMS.UNSPECIFIED for Strategy MLS_FlashCrashReversalStrategy_POWL.ETORO_185-185
2026-06-08T20:00:02.038320779Z [INFO] eToro-Momentum-LS.eToro-Momentum-LS: Registered Strategy MLS_FlashCrashReversalStrategy_POWL.ETORO_185-185
2026-06-08T20:00:02.038372716Z [INFO] eToro-Momentum-LS.MLS_FlashCrashReversalStrategy_POWL.ETORO_186: READY
2026-06-08T20:00:02.038393846Z [DEBUG] eToro-Momentum-LS.MessageBus: Added Subscription(topic=events.order.MLS_FlashCrashReversalStrategy_POWL.ETORO_186-186, handler=<bound method Strategy.handle_event of FlashCrashReversalStrategy(MLS_FlashCrashReversalStrategy_POWL.ETORO_186-186)>, priority=0)
2026-06-08T20:00:02.038399106Z [DEBUG] eToro-Momentum-LS.MessageBus: Added Subscription(topic=events.position.MLS_FlashCrashReversalStrategy_POWL.ETORO_186-186, handler=<bound method Strategy.handle_event of FlashCrashReversalStrategy(MLS_FlashCrashReversalStrategy_POWL.ETORO_186-186)>, priority=0)
2026-06-08T20:00:02.038401881Z [INFO] eToro-Momentum-LS.ExecEngine: Registered OMS.UNSPECIFIED for Strategy MLS_FlashCrashReversalStrategy_POWL.ETORO_186-186
2026-06-08T20:00:02.038402502Z [INFO] eToro-Momentum-LS.eToro-Momentum-LS: Registered Strategy MLS_FlashCrashReversalStrategy_POWL.ETORO_186-186
2026-06-08T20:00:02.038445643Z [INFO] eToro-Momentum-LS.MLS_FlashCrashReversalStrategy_POWL.ETORO_187: READY
2026-06-08T20:00:02.038466131Z [DEBUG] eToro-Momentum-LS.MessageBus: Added Subscription(topic=events.order.MLS_FlashCrashReversalStrategy_POWL.ETORO_187-187, handler=<bound method Strategy.handle_event of FlashCrashReversalStrategy(MLS_FlashCrashReversalStrategy_POWL.ETORO_187-187)>, priority=0)
2026-06-08T20:00:02.038471722Z [DEBUG] eToro-Momentum-LS.MessageBus: Added Subscription(topic=events.position.MLS_FlashCrashReversalStrategy_POWL.ETORO_187-187, handler=<bound method Strategy.handle_event of FlashCrashReversalStrategy(MLS_FlashCrashReversalStrategy_POWL.ETORO_187-187)>, priority=0)
2026-06-08T20:00:02.038479346Z [INFO] eToro-Momentum-LS.ExecEngine: Registered OMS.UNSPECIFIED for Strategy MLS_FlashCrashReversalStrategy_POWL.ETORO_187-187
2026-06-08T20:00:02.038480058Z [INFO] eToro-Momentum-LS.eToro-Momentum-LS: Registered Strategy MLS_FlashCrashReversalStrategy_POWL.ETORO_187-187
2026-06-08T20:00:02.038524571Z [INFO] eToro-Momentum-LS.MLS_FlashCrashReversalStrategy_POWL.ETORO_188: READY
2026-06-08T20:00:02.038544909Z [DEBUG] eToro-Momentum-LS.MessageBus: Added Subscription(topic=events.order.MLS_FlashCrashReversalStrategy_POWL.ETORO_188-188, handler=<bound method Strategy.handle_event of FlashCrashReversalStrategy(MLS_FlashCrashReversalStrategy_POWL.ETORO_188-188)>, priority=0)
2026-06-08T20:00:02.038550640Z [DEBUG] eToro-Momentum-LS.MessageBus: Added Subscription(topic=events.position.MLS_FlashCrashReversalStrategy_POWL.ETORO_188-188, handler=<bound method Strategy.handle_event of FlashCrashReversalStrategy(MLS_FlashCrashReversalStrategy_POWL.ETORO_188-188)>, priority=0)
2026-06-08T20:00:02.038552503Z [INFO] eToro-Momentum-LS.ExecEngine: Registered OMS.UNSPECIFIED for Strategy MLS_FlashCrashReversalStrategy_POWL.ETORO_188-188
2026-06-08T20:00:02.038553485Z [INFO] eToro-Momentum-LS.eToro-Momentum-LS: Registered Strategy MLS_FlashCrashReversalStrategy_POWL.ETORO_188-188
2026-06-08T20:00:02.038593029Z [INFO] eToro-Momentum-LS.MLS_FlashCrashReversalStrategy_POWL.ETORO_189: READY
2026-06-08T20:00:02.038614219Z [DEBUG] eToro-Momentum-LS.MessageBus: Added Subscription(topic=events.order.MLS_FlashCrashReversalStrategy_POWL.ETORO_189-189, handler=<bound method Strategy.handle_event of FlashCrashReversalStrategy(MLS_FlashCrashReversalStrategy_POWL.ETORO_189-189)>, priority=0)
2026-06-08T20:00:02.038620120Z [DEBUG] eToro-Momentum-LS.MessageBus: Added Subscription(topic=events.position.MLS_FlashCrashReversalStrategy_POWL.ETORO_189-189, handler=<bound method Strategy.handle_event of FlashCrashReversalStrategy(MLS_FlashCrashReversalStrategy_POWL.ETORO_189-189)>, priority=0)
2026-06-08T20:00:02.038622475Z [INFO] eToro-Momentum-LS.ExecEngine: Registered OMS.UNSPECIFIED for Strategy MLS_FlashCrashReversalStrategy_POWL.ETORO_189-189
2026-06-08T20:00:02.038623216Z [INFO] eToro-Momentum-LS.eToro-Momentum-LS: Registered Strategy MLS_FlashCrashReversalStrategy_POWL.ETORO_189-189
2026-06-08T20:00:02.038664523Z [INFO] eToro-Momentum-LS.MLS_FlashCrashReversalStrategy_PBR.ETORO_190: READY
2026-06-08T20:00:02.038702695Z [DEBUG] eToro-Momentum-LS.MessageBus: Added Subscription(topic=events.order.MLS_FlashCrashReversalStrategy_PBR.ETORO_190-190, handler=<bound method Strategy.handle_event of FlashCrashReversalStrategy(MLS_FlashCrashReversalStrategy_PBR.ETORO_190-190)>, priority=0)
2026-06-08T20:00:02.038708265Z [DEBUG] eToro-Momentum-LS.MessageBus: Added Subscription(topic=events.position.MLS_FlashCrashReversalStrategy_PBR.ETORO_190-190, handler=<bound method Strategy.handle_event of FlashCrashReversalStrategy(MLS_FlashCrashReversalStrategy_PBR.ETORO_190-190)>, priority=0)
2026-06-08T20:00:02.038716361Z [INFO] eToro-Momentum-LS.ExecEngine: Registered OMS.UNSPECIFIED for Strategy MLS_FlashCrashReversalStrategy_PBR.ETORO_190-190
2026-06-08T20:00:02.038717042Z [INFO] eToro-Momentum-LS.eToro-Momentum-LS: Registered Strategy MLS_FlashCrashReversalStrategy_PBR.ETORO_190-190
2026-06-08T20:00:02.038765122Z [INFO] eToro-Momentum-LS.MLS_FlashCrashReversalStrategy_PBR.ETORO_191: READY
2026-06-08T20:00:02.038785430Z [DEBUG] eToro-Momentum-LS.MessageBus: Added Subscription(topic=events.order.MLS_FlashCrashReversalStrategy_PBR.ETORO_191-191, handler=<bound method Strategy.handle_event of FlashCrashReversalStrategy(MLS_FlashCrashReversalStrategy_PBR.ETORO_191-191)>, priority=0)
2026-06-08T20:00:02.038791181Z [DEBUG] eToro-Momentum-LS.MessageBus: Added Subscription(topic=events.position.MLS_FlashCrashReversalStrategy_PBR.ETORO_191-191, handler=<bound method Strategy.handle_event of FlashCrashReversalStrategy(MLS_FlashCrashReversalStrategy_PBR.ETORO_191-191)>, priority=0)
2026-06-08T20:00:02.038798144Z [INFO] eToro-Momentum-LS.ExecEngine: Registered OMS.UNSPECIFIED for Strategy MLS_FlashCrashReversalStrategy_PBR.ETORO_191-191
2026-06-08T20:00:02.038799557Z [INFO] eToro-Momentum-LS.eToro-Momentum-LS: Registered Strategy MLS_FlashCrashReversalStrategy_PBR.ETORO_191-191
2026-06-08T20:00:02.038873345Z [INFO] eToro-Momentum-LS.MLS_FlashCrashReversalStrategy_PBR.ETORO_192: READY
2026-06-08T20:00:02.038898662Z [DEBUG] eToro-Momentum-LS.MessageBus: Added Subscription(topic=events.order.MLS_FlashCrashReversalStrategy_PBR.ETORO_192-192, handler=<bound method Strategy.handle_event of FlashCrashReversalStrategy(MLS_FlashCrashReversalStrategy_PBR.ETORO_192-192)>, priority=0)
2026-06-08T20:00:02.038904593Z [DEBUG] eToro-Momentum-LS.MessageBus: Added Subscription(topic=events.position.MLS_FlashCrashReversalStrategy_PBR.ETORO_192-192, handler=<bound method Strategy.handle_event of FlashCrashReversalStrategy(MLS_FlashCrashReversalStrategy_PBR.ETORO_192-192)>, priority=0)
2026-06-08T20:00:02.038907719Z [INFO] eToro-Momentum-LS.ExecEngine: Registered OMS.UNSPECIFIED for Strategy MLS_FlashCrashReversalStrategy_PBR.ETORO_192-192
2026-06-08T20:00:02.038908320Z [INFO] eToro-Momentum-LS.eToro-Momentum-LS: Registered Strategy MLS_FlashCrashReversalStrategy_PBR.ETORO_192-192
2026-06-08T20:00:02.038955208Z [INFO] eToro-Momentum-LS.MLS_FlashCrashReversalStrategy_PBR.ETORO_193: READY
2026-06-08T20:00:02.038978372Z [DEBUG] eToro-Momentum-LS.MessageBus: Added Subscription(topic=events.order.MLS_FlashCrashReversalStrategy_PBR.ETORO_193-193, handler=<bound method Strategy.handle_event of FlashCrashReversalStrategy(MLS_FlashCrashReversalStrategy_PBR.ETORO_193-193)>, priority=0)
2026-06-08T20:00:02.038983812Z [DEBUG] eToro-Momentum-LS.MessageBus: Added Subscription(topic=events.position.MLS_FlashCrashReversalStrategy_PBR.ETORO_193-193, handler=<bound method Strategy.handle_event of FlashCrashReversalStrategy(MLS_FlashCrashReversalStrategy_PBR.ETORO_193-193)>, priority=0)
2026-06-08T20:00:02.038985575Z [INFO] eToro-Momentum-LS.ExecEngine: Registered OMS.UNSPECIFIED for Strategy MLS_FlashCrashReversalStrategy_PBR.ETORO_193-193
2026-06-08T20:00:02.038986337Z [INFO] eToro-Momentum-LS.eToro-Momentum-LS: Registered Strategy MLS_FlashCrashReversalStrategy_PBR.ETORO_193-193
2026-06-08T20:00:02.039030950Z [INFO] eToro-Momentum-LS.MLS_FlashCrashReversalStrategy_PBR.ETORO_194: READY
2026-06-08T20:00:02.039050156Z [DEBUG] eToro-Momentum-LS.MessageBus: Added Subscription(topic=events.order.MLS_FlashCrashReversalStrategy_PBR.ETORO_194-194, handler=<bound method Strategy.handle_event of FlashCrashReversalStrategy(MLS_FlashCrashReversalStrategy_PBR.ETORO_194-194)>, priority=0)
2026-06-08T20:00:02.039055807Z [DEBUG] eToro-Momentum-LS.MessageBus: Added Subscription(topic=events.position.MLS_FlashCrashReversalStrategy_PBR.ETORO_194-194, handler=<bound method Strategy.handle_event of FlashCrashReversalStrategy(MLS_FlashCrashReversalStrategy_PBR.ETORO_194-194)>, priority=0)
2026-06-08T20:00:02.039061808Z [INFO] eToro-Momentum-LS.ExecEngine: Registered OMS.UNSPECIFIED for Strategy MLS_FlashCrashReversalStrategy_PBR.ETORO_194-194
2026-06-08T20:00:02.039062490Z [INFO] eToro-Momentum-LS.eToro-Momentum-LS: Registered Strategy MLS_FlashCrashReversalStrategy_PBR.ETORO_194-194
2026-06-08T20:00:02.039106732Z [INFO] eToro-Momentum-LS.MLS_FlashCrashReversalStrategy_PINS.ETORO_195: READY
2026-06-08T20:00:02.039128293Z [DEBUG] eToro-Momentum-LS.MessageBus: Added Subscription(topic=events.order.MLS_FlashCrashReversalStrategy_PINS.ETORO_195-195, handler=<bound method Strategy.handle_event of FlashCrashReversalStrategy(MLS_FlashCrashReversalStrategy_PINS.ETORO_195-195)>, priority=0)
2026-06-08T20:00:02.039134064Z [DEBUG] eToro-Momentum-LS.MessageBus: Added Subscription(topic=events.position.MLS_FlashCrashReversalStrategy_PINS.ETORO_195-195, handler=<bound method Strategy.handle_event of FlashCrashReversalStrategy(MLS_FlashCrashReversalStrategy_PINS.ETORO_195-195)>, priority=0)
2026-06-08T20:00:02.039142119Z [INFO] eToro-Momentum-LS.ExecEngine: Registered OMS.UNSPECIFIED for Strategy MLS_FlashCrashReversalStrategy_PINS.ETORO_195-195
2026-06-08T20:00:02.039142670Z [INFO] eToro-Momentum-LS.eToro-Momentum-LS: Registered Strategy MLS_FlashCrashReversalStrategy_PINS.ETORO_195-195
2026-06-08T20:00:02.039179840Z [INFO] eToro-Momentum-LS.MLS_FlashCrashReversalStrategy_PINS.ETORO_196: READY
2026-06-08T20:00:02.039200779Z [DEBUG] eToro-Momentum-LS.MessageBus: Added Subscription(topic=events.order.MLS_FlashCrashReversalStrategy_PINS.ETORO_196-196, handler=<bound method Strategy.handle_event of FlashCrashReversalStrategy(MLS_FlashCrashReversalStrategy_PINS.ETORO_196-196)>, priority=0)
2026-06-08T20:00:02.039206159Z [DEBUG] eToro-Momentum-LS.MessageBus: Added Subscription(topic=events.position.MLS_FlashCrashReversalStrategy_PINS.ETORO_196-196, handler=<bound method Strategy.handle_event of FlashCrashReversalStrategy(MLS_FlashCrashReversalStrategy_PINS.ETORO_196-196)>, priority=0)
2026-06-08T20:00:02.039207892Z [INFO] eToro-Momentum-LS.ExecEngine: Registered OMS.UNSPECIFIED for Strategy MLS_FlashCrashReversalStrategy_PINS.ETORO_196-196
2026-06-08T20:00:02.039208443Z [INFO] eToro-Momentum-LS.eToro-Momentum-LS: Registered Strategy MLS_FlashCrashReversalStrategy_PINS.ETORO_196-196
2026-06-08T20:00:02.039243709Z [INFO] eToro-Momentum-LS.MLS_FlashCrashReversalStrategy_PINS.ETORO_197: READY
2026-06-08T20:00:02.039263236Z [DEBUG] eToro-Momentum-LS.MessageBus: Added Subscription(topic=events.order.MLS_FlashCrashReversalStrategy_PINS.ETORO_197-197, handler=<bound method Strategy.handle_event of FlashCrashReversalStrategy(MLS_FlashCrashReversalStrategy_PINS.ETORO_197-197)>, priority=0)
2026-06-08T20:00:02.039269397Z [DEBUG] eToro-Momentum-LS.MessageBus: Added Subscription(topic=events.position.MLS_FlashCrashReversalStrategy_PINS.ETORO_197-197, handler=<bound method Strategy.handle_event of FlashCrashReversalStrategy(MLS_FlashCrashReversalStrategy_PINS.ETORO_197-197)>, priority=0)
2026-06-08T20:00:02.039271762Z [INFO] eToro-Momentum-LS.ExecEngine: Registered OMS.UNSPECIFIED for Strategy MLS_FlashCrashReversalStrategy_PINS.ETORO_197-197
2026-06-08T20:00:02.039272914Z [INFO] eToro-Momentum-LS.eToro-Momentum-LS: Registered Strategy MLS_FlashCrashReversalStrategy_PINS.ETORO_197-197
2026-06-08T20:00:02.039308711Z [INFO] eToro-Momentum-LS.MLS_FlashCrashReversalStrategy_PINS.ETORO_198: READY
2026-06-08T20:00:02.039330352Z [DEBUG] eToro-Momentum-LS.MessageBus: Added Subscription(topic=events.order.MLS_FlashCrashReversalStrategy_PINS.ETORO_198-198, handler=<bound method Strategy.handle_event of FlashCrashReversalStrategy(MLS_FlashCrashReversalStrategy_PINS.ETORO_198-198)>, priority=0)
2026-06-08T20:00:02.039336183Z [DEBUG] eToro-Momentum-LS.MessageBus: Added Subscription(topic=events.position.MLS_FlashCrashReversalStrategy_PINS.ETORO_198-198, handler=<bound method Strategy.handle_event of FlashCrashReversalStrategy(MLS_FlashCrashReversalStrategy_PINS.ETORO_198-198)>, priority=0)
2026-06-08T20:00:02.039337635Z [INFO] eToro-Momentum-LS.ExecEngine: Registered OMS.UNSPECIFIED for Strategy MLS_FlashCrashReversalStrategy_PINS.ETORO_198-198
2026-06-08T20:00:02.039338387Z [INFO] eToro-Momentum-LS.eToro-Momentum-LS: Registered Strategy MLS_FlashCrashReversalStrategy_PINS.ETORO_198-198
2026-06-08T20:00:02.039377220Z [INFO] eToro-Momentum-LS.MLS_FlashCrashReversalStrategy_PINS.ETORO_199: READY
2026-06-08T20:00:02.039398790Z [DEBUG] eToro-Momentum-LS.MessageBus: Added Subscription(topic=events.order.MLS_FlashCrashReversalStrategy_PINS.ETORO_199-199, handler=<bound method Strategy.handle_event of FlashCrashReversalStrategy(MLS_FlashCrashReversalStrategy_PINS.ETORO_199-199)>, priority=0)
2026-06-08T20:00:02.039404631Z [DEBUG] eToro-Momentum-LS.MessageBus: Added Subscription(topic=events.position.MLS_FlashCrashReversalStrategy_PINS.ETORO_199-199, handler=<bound method Strategy.handle_event of FlashCrashReversalStrategy(MLS_FlashCrashReversalStrategy_PINS.ETORO_199-199)>, priority=0)
2026-06-08T20:00:02.039407246Z [INFO] eToro-Momentum-LS.ExecEngine: Registered OMS.UNSPECIFIED for Strategy MLS_FlashCrashReversalStrategy_PINS.ETORO_199-199
2026-06-08T20:00:02.039407827Z [INFO] eToro-Momentum-LS.eToro-Momentum-LS: Registered Strategy MLS_FlashCrashReversalStrategy_PINS.ETORO_199-199
2026-06-08T20:00:02.039466928Z [INFO] eToro-Momentum-LS.MLS_FlashCrashReversalStrategy_PINS.ETORO_200: READY
2026-06-08T20:00:02.039489680Z [DEBUG] eToro-Momentum-LS.MessageBus: Added Subscription(topic=events.order.MLS_FlashCrashReversalStrategy_PINS.ETORO_200-200, handler=<bound method Strategy.handle_event of FlashCrashReversalStrategy(MLS_FlashCrashReversalStrategy_PINS.ETORO_200-200)>, priority=0)
2026-06-08T20:00:02.039495541Z [DEBUG] eToro-Momentum-LS.MessageBus: Added Subscription(topic=events.position.MLS_FlashCrashReversalStrategy_PINS.ETORO_200-200, handler=<bound method Strategy.handle_event of FlashCrashReversalStrategy(MLS_FlashCrashReversalStrategy_PINS.ETORO_200-200)>, priority=0)
2026-06-08T20:00:02.039499018Z [INFO] eToro-Momentum-LS.ExecEngine: Registered OMS.UNSPECIFIED for Strategy MLS_FlashCrashReversalStrategy_PINS.ETORO_200-200
2026-06-08T20:00:02.039499729Z [INFO] eToro-Momentum-LS.eToro-Momentum-LS: Registered Strategy MLS_FlashCrashReversalStrategy_PINS.ETORO_200-200
2026-06-08T20:00:02.039542329Z [INFO] eToro-Momentum-LS.MLS_FlashCrashReversalStrategy_PINS.ETORO_201: READY
2026-06-08T20:00:02.039563910Z [DEBUG] eToro-Momentum-LS.MessageBus: Added Subscription(topic=events.order.MLS_FlashCrashReversalStrategy_PINS.ETORO_201-201, handler=<bound method Strategy.handle_event of FlashCrashReversalStrategy(MLS_FlashCrashReversalStrategy_PINS.ETORO_201-201)>, priority=0)
2026-06-08T20:00:02.039569610Z [DEBUG] eToro-Momentum-LS.MessageBus: Added Subscription(topic=events.position.MLS_FlashCrashReversalStrategy_PINS.ETORO_201-201, handler=<bound method Strategy.handle_event of FlashCrashReversalStrategy(MLS_FlashCrashReversalStrategy_PINS.ETORO_201-201)>, priority=0)
2026-06-08T20:00:02.039571344Z [INFO] eToro-Momentum-LS.ExecEngine: Registered OMS.UNSPECIFIED for Strategy MLS_FlashCrashReversalStrategy_PINS.ETORO_201-201
2026-06-08T20:00:02.039574570Z [INFO] eToro-Momentum-LS.eToro-Momentum-LS: Registered Strategy MLS_FlashCrashReversalStrategy_PINS.ETORO_201-201
2026-06-08T20:00:02.039615266Z [INFO] eToro-Momentum-LS.MLS_FlashCrashReversalStrategy_PINS.ETORO_202: READY
2026-06-08T20:00:02.039635324Z [DEBUG] eToro-Momentum-LS.MessageBus: Added Subscription(topic=events.order.MLS_FlashCrashReversalStrategy_PINS.ETORO_202-202, handler=<bound method Strategy.handle_event of FlashCrashReversalStrategy(MLS_FlashCrashReversalStrategy_PINS.ETORO_202-202)>, priority=0)
2026-06-08T20:00:02.039640924Z [DEBUG] eToro-Momentum-LS.MessageBus: Added Subscription(topic=events.position.MLS_FlashCrashReversalStrategy_PINS.ETORO_202-202, handler=<bound method Strategy.handle_event of FlashCrashReversalStrategy(MLS_FlashCrashReversalStrategy_PINS.ETORO_202-202)>, priority=0)
2026-06-08T20:00:02.039643178Z [INFO] eToro-Momentum-LS.ExecEngine: Registered OMS.UNSPECIFIED for Strategy MLS_FlashCrashReversalStrategy_PINS.ETORO_202-202
2026-06-08T20:00:02.039643729Z [INFO] eToro-Momentum-LS.eToro-Momentum-LS: Registered Strategy MLS_FlashCrashReversalStrategy_PINS.ETORO_202-202
2026-06-08T20:00:02.039681831Z [INFO] eToro-Momentum-LS.MLS_FlashCrashReversalStrategy_NTSK.ETORO_203: READY
2026-06-08T20:00:02.039704964Z [DEBUG] eToro-Momentum-LS.MessageBus: Added Subscription(topic=events.order.MLS_FlashCrashReversalStrategy_NTSK.ETORO_203-203, handler=<bound method Strategy.handle_event of FlashCrashReversalStrategy(MLS_FlashCrashReversalStrategy_NTSK.ETORO_203-203)>, priority=0)
2026-06-08T20:00:02.039710545Z [DEBUG] eToro-Momentum-LS.MessageBus: Added Subscription(topic=events.position.MLS_FlashCrashReversalStrategy_NTSK.ETORO_203-203, handler=<bound method Strategy.handle_event of FlashCrashReversalStrategy(MLS_FlashCrashReversalStrategy_NTSK.ETORO_203-203)>, priority=0)
2026-06-08T20:00:02.039719411Z [INFO] eToro-Momentum-LS.ExecEngine: Registered OMS.UNSPECIFIED for Strategy MLS_FlashCrashReversalStrategy_NTSK.ETORO_203-203
2026-06-08T20:00:02.039720674Z [INFO] eToro-Momentum-LS.eToro-Momentum-LS: Registered Strategy MLS_FlashCrashReversalStrategy_NTSK.ETORO_203-203
2026-06-08T20:00:02.039763634Z [INFO] eToro-Momentum-LS.MLS_FlashCrashReversalStrategy_EEFT.ETORO_204: READY
2026-06-08T20:00:02.039786417Z [DEBUG] eToro-Momentum-LS.MessageBus: Added Subscription(topic=events.order.MLS_FlashCrashReversalStrategy_EEFT.ETORO_204-204, handler=<bound method Strategy.handle_event of FlashCrashReversalStrategy(MLS_FlashCrashReversalStrategy_EEFT.ETORO_204-204)>, priority=0)
2026-06-08T20:00:02.039792037Z [DEBUG] eToro-Momentum-LS.MessageBus: Added Subscription(topic=events.position.MLS_FlashCrashReversalStrategy_EEFT.ETORO_204-204, handler=<bound method Strategy.handle_event of FlashCrashReversalStrategy(MLS_FlashCrashReversalStrategy_EEFT.ETORO_204-204)>, priority=0)
2026-06-08T20:00:02.039797778Z [INFO] eToro-Momentum-LS.ExecEngine: Registered OMS.UNSPECIFIED for Strategy MLS_FlashCrashReversalStrategy_EEFT.ETORO_204-204
2026-06-08T20:00:02.039798379Z [INFO] eToro-Momentum-LS.eToro-Momentum-LS: Registered Strategy MLS_FlashCrashReversalStrategy_EEFT.ETORO_204-204
2026-06-08T20:00:02.039838845Z [INFO] eToro-Momentum-LS.MLS_FlashCrashReversalStrategy_EEFT.ETORO_205: READY
2026-06-08T20:00:02.039859414Z [DEBUG] eToro-Momentum-LS.MessageBus: Added Subscription(topic=events.order.MLS_FlashCrashReversalStrategy_EEFT.ETORO_205-205, handler=<bound method Strategy.handle_event of FlashCrashReversalStrategy(MLS_FlashCrashReversalStrategy_EEFT.ETORO_205-205)>, priority=0)
2026-06-08T20:00:02.039865255Z [DEBUG] eToro-Momentum-LS.MessageBus: Added Subscription(topic=events.position.MLS_FlashCrashReversalStrategy_EEFT.ETORO_205-205, handler=<bound method Strategy.handle_event of FlashCrashReversalStrategy(MLS_FlashCrashReversalStrategy_EEFT.ETORO_205-205)>, priority=0)
2026-06-08T20:00:02.039868922Z [INFO] eToro-Momentum-LS.ExecEngine: Registered OMS.UNSPECIFIED for Strategy MLS_FlashCrashReversalStrategy_EEFT.ETORO_205-205
2026-06-08T20:00:02.039869443Z [INFO] eToro-Momentum-LS.eToro-Momentum-LS: Registered Strategy MLS_FlashCrashReversalStrategy_EEFT.ETORO_205-205
2026-06-08T20:00:02.039911501Z [INFO] eToro-Momentum-LS.MLS_FlashCrashReversalStrategy_EEFT.ETORO_206: READY
2026-06-08T20:00:02.039936949Z [DEBUG] eToro-Momentum-LS.MessageBus: Added Subscription(topic=events.order.MLS_FlashCrashReversalStrategy_EEFT.ETORO_206-206, handler=<bound method Strategy.handle_event of FlashCrashReversalStrategy(MLS_FlashCrashReversalStrategy_EEFT.ETORO_206-206)>, priority=0)
2026-06-08T20:00:02.039942630Z [DEBUG] eToro-Momentum-LS.MessageBus: Added Subscription(topic=events.position.MLS_FlashCrashReversalStrategy_EEFT.ETORO_206-206, handler=<bound method Strategy.handle_event of FlashCrashReversalStrategy(MLS_FlashCrashReversalStrategy_EEFT.ETORO_206-206)>, priority=0)
2026-06-08T20:00:02.039944503Z [INFO] eToro-Momentum-LS.ExecEngine: Registered OMS.UNSPECIFIED for Strategy MLS_FlashCrashReversalStrategy_EEFT.ETORO_206-206
2026-06-08T20:00:02.039945275Z [INFO] eToro-Momentum-LS.eToro-Momentum-LS: Registered Strategy MLS_FlashCrashReversalStrategy_EEFT.ETORO_206-206
2026-06-08T20:00:02.039988386Z [INFO] eToro-Momentum-LS.MLS_FlashCrashReversalStrategy_EEFT.ETORO_207: READY
2026-06-08T20:00:02.040009615Z [DEBUG] eToro-Momentum-LS.MessageBus: Added Subscription(topic=events.order.MLS_FlashCrashReversalStrategy_EEFT.ETORO_207-207, handler=<bound method Strategy.handle_event of FlashCrashReversalStrategy(MLS_FlashCrashReversalStrategy_EEFT.ETORO_207-207)>, priority=0)
2026-06-08T20:00:02.040015216Z [DEBUG] eToro-Momentum-LS.MessageBus: Added Subscription(topic=events.position.MLS_FlashCrashReversalStrategy_EEFT.ETORO_207-207, handler=<bound method Strategy.handle_event of FlashCrashReversalStrategy(MLS_FlashCrashReversalStrategy_EEFT.ETORO_207-207)>, priority=0)
2026-06-08T20:00:02.040017430Z [INFO] eToro-Momentum-LS.ExecEngine: Registered OMS.UNSPECIFIED for Strategy MLS_FlashCrashReversalStrategy_EEFT.ETORO_207-207
2026-06-08T20:00:02.040018191Z [INFO] eToro-Momentum-LS.eToro-Momentum-LS: Registered Strategy MLS_FlashCrashReversalStrategy_EEFT.ETORO_207-207
2026-06-08T20:00:02.040061382Z [INFO] eToro-Momentum-LS.MLS_FlashCrashReversalStrategy_EEFT.ETORO_208: READY
2026-06-08T20:00:02.040082863Z [DEBUG] eToro-Momentum-LS.MessageBus: Added Subscription(topic=events.order.MLS_FlashCrashReversalStrategy_EEFT.ETORO_208-208, handler=<bound method Strategy.handle_event of FlashCrashReversalStrategy(MLS_FlashCrashReversalStrategy_EEFT.ETORO_208-208)>, priority=0)
2026-06-08T20:00:02.040088503Z [DEBUG] eToro-Momentum-LS.MessageBus: Added Subscription(topic=events.position.MLS_FlashCrashReversalStrategy_EEFT.ETORO_208-208, handler=<bound method Strategy.handle_event of FlashCrashReversalStrategy(MLS_FlashCrashReversalStrategy_EEFT.ETORO_208-208)>, priority=0)
2026-06-08T20:00:02.040092441Z [INFO] eToro-Momentum-LS.ExecEngine: Registered OMS.UNSPECIFIED for Strategy MLS_FlashCrashReversalStrategy_EEFT.ETORO_208-208
2026-06-08T20:00:02.040093212Z [INFO] eToro-Momentum-LS.eToro-Momentum-LS: Registered Strategy MLS_FlashCrashReversalStrategy_EEFT.ETORO_208-208
2026-06-08T20:00:02.040130532Z [INFO] eToro-Momentum-LS.MLS_FlashCrashReversalStrategy_EEFT.ETORO_209: READY
2026-06-08T20:00:02.040169395Z [DEBUG] eToro-Momentum-LS.MessageBus: Added Subscription(topic=events.order.MLS_FlashCrashReversalStrategy_EEFT.ETORO_209-209, handler=<bound method Strategy.handle_event of FlashCrashReversalStrategy(MLS_FlashCrashReversalStrategy_EEFT.ETORO_209-209)>, priority=0)
2026-06-08T20:00:02.040175617Z [DEBUG] eToro-Momentum-LS.MessageBus: Added Subscription(topic=events.position.MLS_FlashCrashReversalStrategy_EEFT.ETORO_209-209, handler=<bound method Strategy.handle_event of FlashCrashReversalStrategy(MLS_FlashCrashReversalStrategy_EEFT.ETORO_209-209)>, priority=0)
2026-06-08T20:00:02.040183171Z [INFO] eToro-Momentum-LS.ExecEngine: Registered OMS.UNSPECIFIED for Strategy MLS_FlashCrashReversalStrategy_EEFT.ETORO_209-209
2026-06-08T20:00:02.040184924Z [INFO] eToro-Momentum-LS.eToro-Momentum-LS: Registered Strategy MLS_FlashCrashReversalStrategy_EEFT.ETORO_209-209
2026-06-08T20:00:02.040226071Z [INFO] eToro-Momentum-LS.MLS_FlashCrashReversalStrategy_EEFT.ETORO_210: READY
2026-06-08T20:00:02.040248012Z [DEBUG] eToro-Momentum-LS.MessageBus: Added Subscription(topic=events.order.MLS_FlashCrashReversalStrategy_EEFT.ETORO_210-210, handler=<bound method Strategy.handle_event of FlashCrashReversalStrategy(MLS_FlashCrashReversalStrategy_EEFT.ETORO_210-210)>, priority=0)
2026-06-08T20:00:02.040253633Z [DEBUG] eToro-Momentum-LS.MessageBus: Added Subscription(topic=events.position.MLS_FlashCrashReversalStrategy_EEFT.ETORO_210-210, handler=<bound method Strategy.handle_event of FlashCrashReversalStrategy(MLS_FlashCrashReversalStrategy_EEFT.ETORO_210-210)>, priority=0)
2026-06-08T20:00:02.040256769Z [INFO] eToro-Momentum-LS.ExecEngine: Registered OMS.UNSPECIFIED for Strategy MLS_FlashCrashReversalStrategy_EEFT.ETORO_210-210
2026-06-08T20:00:02.040257420Z [INFO] eToro-Momentum-LS.eToro-Momentum-LS: Registered Strategy MLS_FlashCrashReversalStrategy_EEFT.ETORO_210-210
2026-06-08T20:00:02.040298176Z [INFO] eToro-Momentum-LS.MLS_FlashCrashReversalStrategy_EEFT.ETORO_211: READY
2026-06-08T20:00:02.040319797Z [DEBUG] eToro-Momentum-LS.MessageBus: Added Subscription(topic=events.order.MLS_FlashCrashReversalStrategy_EEFT.ETORO_211-211, handler=<bound method Strategy.handle_event of FlashCrashReversalStrategy(MLS_FlashCrashReversalStrategy_EEFT.ETORO_211-211)>, priority=0)
2026-06-08T20:00:02.040325808Z [DEBUG] eToro-Momentum-LS.MessageBus: Added Subscription(topic=events.position.MLS_FlashCrashReversalStrategy_EEFT.ETORO_211-211, handler=<bound method Strategy.handle_event of FlashCrashReversalStrategy(MLS_FlashCrashReversalStrategy_EEFT.ETORO_211-211)>, priority=0)
2026-06-08T20:00:02.040330317Z [INFO] eToro-Momentum-LS.ExecEngine: Registered OMS.UNSPECIFIED for Strategy MLS_FlashCrashReversalStrategy_EEFT.ETORO_211-211
2026-06-08T20:00:02.040330978Z [INFO] eToro-Momentum-LS.eToro-Momentum-LS: Registered Strategy MLS_FlashCrashReversalStrategy_EEFT.ETORO_211-211
2026-06-08T20:00:02.040367977Z [INFO] eToro-Momentum-LS.MLS_FlashCrashReversalStrategy_EEFT.ETORO_212: READY
2026-06-08T20:00:02.040388766Z [DEBUG] eToro-Momentum-LS.MessageBus: Added Subscription(topic=events.order.MLS_FlashCrashReversalStrategy_EEFT.ETORO_212-212, handler=<bound method Strategy.handle_event of FlashCrashReversalStrategy(MLS_FlashCrashReversalStrategy_EEFT.ETORO_212-212)>, priority=0)
2026-06-08T20:00:02.040394437Z [DEBUG] eToro-Momentum-LS.MessageBus: Added Subscription(topic=events.position.MLS_FlashCrashReversalStrategy_EEFT.ETORO_212-212, handler=<bound method Strategy.handle_event of FlashCrashReversalStrategy(MLS_FlashCrashReversalStrategy_EEFT.ETORO_212-212)>, priority=0)
2026-06-08T20:00:02.040395920Z [INFO] eToro-Momentum-LS.ExecEngine: Registered OMS.UNSPECIFIED for Strategy MLS_FlashCrashReversalStrategy_EEFT.ETORO_212-212
2026-06-08T20:00:02.040396400Z [INFO] eToro-Momentum-LS.eToro-Momentum-LS: Registered Strategy MLS_FlashCrashReversalStrategy_EEFT.ETORO_212-212
2026-06-08T20:00:02.040431576Z [INFO] eToro-Momentum-LS.MLS_FlashCrashReversalStrategy_EEFT.ETORO_213: READY
2026-06-08T20:00:02.040453367Z [DEBUG] eToro-Momentum-LS.MessageBus: Added Subscription(topic=events.order.MLS_FlashCrashReversalStrategy_EEFT.ETORO_213-213, handler=<bound method Strategy.handle_event of FlashCrashReversalStrategy(MLS_FlashCrashReversalStrategy_EEFT.ETORO_213-213)>, priority=0)
2026-06-08T20:00:02.040459058Z [DEBUG] eToro-Momentum-LS.MessageBus: Added Subscription(topic=events.position.MLS_FlashCrashReversalStrategy_EEFT.ETORO_213-213, handler=<bound method Strategy.handle_event of FlashCrashReversalStrategy(MLS_FlashCrashReversalStrategy_EEFT.ETORO_213-213)>, priority=0)
2026-06-08T20:00:02.040466201Z [INFO] eToro-Momentum-LS.ExecEngine: Registered OMS.UNSPECIFIED for Strategy MLS_FlashCrashReversalStrategy_EEFT.ETORO_213-213
2026-06-08T20:00:02.040466832Z [INFO] eToro-Momentum-LS.eToro-Momentum-LS: Registered Strategy MLS_FlashCrashReversalStrategy_EEFT.ETORO_213-213
2026-06-08T20:00:02.040503481Z [INFO] eToro-Momentum-LS.MLS_FlashCrashReversalStrategy_EEFT.ETORO_214: READY
2026-06-08T20:00:02.040526745Z [DEBUG] eToro-Momentum-LS.MessageBus: Added Subscription(topic=events.order.MLS_FlashCrashReversalStrategy_EEFT.ETORO_214-214, handler=<bound method Strategy.handle_event of FlashCrashReversalStrategy(MLS_FlashCrashReversalStrategy_EEFT.ETORO_214-214)>, priority=0)
2026-06-08T20:00:02.040532746Z [DEBUG] eToro-Momentum-LS.MessageBus: Added Subscription(topic=events.position.MLS_FlashCrashReversalStrategy_EEFT.ETORO_214-214, handler=<bound method Strategy.handle_event of FlashCrashReversalStrategy(MLS_FlashCrashReversalStrategy_EEFT.ETORO_214-214)>, priority=0)
2026-06-08T20:00:02.040536092Z [INFO] eToro-Momentum-LS.ExecEngine: Registered OMS.UNSPECIFIED for Strategy MLS_FlashCrashReversalStrategy_EEFT.ETORO_214-214
2026-06-08T20:00:02.040536563Z [INFO] eToro-Momentum-LS.eToro-Momentum-LS: Registered Strategy MLS_FlashCrashReversalStrategy_EEFT.ETORO_214-214
2026-06-08T20:00:02.040574264Z [INFO] eToro-Momentum-LS.MLS_FlashCrashReversalStrategy_EEFT.ETORO_215: READY
2026-06-08T20:00:02.040595424Z [DEBUG] eToro-Momentum-LS.MessageBus: Added Subscription(topic=events.order.MLS_FlashCrashReversalStrategy_EEFT.ETORO_215-215, handler=<bound method Strategy.handle_event of FlashCrashReversalStrategy(MLS_FlashCrashReversalStrategy_EEFT.ETORO_215-215)>, priority=0)
2026-06-08T20:00:02.040601134Z [DEBUG] eToro-Momentum-LS.MessageBus: Added Subscription(topic=events.position.MLS_FlashCrashReversalStrategy_EEFT.ETORO_215-215, handler=<bound method Strategy.handle_event of FlashCrashReversalStrategy(MLS_FlashCrashReversalStrategy_EEFT.ETORO_215-215)>, priority=0)
2026-06-08T20:00:02.040604050Z [INFO] eToro-Momentum-LS.ExecEngine: Registered OMS.UNSPECIFIED for Strategy MLS_FlashCrashReversalStrategy_EEFT.ETORO_215-215
2026-06-08T20:00:02.040604701Z [INFO] eToro-Momentum-LS.eToro-Momentum-LS: Registered Strategy MLS_FlashCrashReversalStrategy_EEFT.ETORO_215-215
2026-06-08T20:00:02.040641961Z [INFO] eToro-Momentum-LS.MLS_FlashCrashReversalStrategy_EEFT.ETORO_216: READY
2026-06-08T20:00:02.040664192Z [DEBUG] eToro-Momentum-LS.MessageBus: Added Subscription(topic=events.order.MLS_FlashCrashReversalStrategy_EEFT.ETORO_216-216, handler=<bound method Strategy.handle_event of FlashCrashReversalStrategy(MLS_FlashCrashReversalStrategy_EEFT.ETORO_216-216)>, priority=0)
2026-06-08T20:00:02.040670013Z [DEBUG] eToro-Momentum-LS.MessageBus: Added Subscription(topic=events.position.MLS_FlashCrashReversalStrategy_EEFT.ETORO_216-216, handler=<bound method Strategy.handle_event of FlashCrashReversalStrategy(MLS_FlashCrashReversalStrategy_EEFT.ETORO_216-216)>, priority=0)
2026-06-08T20:00:02.040674111Z [INFO] eToro-Momentum-LS.ExecEngine: Registered OMS.UNSPECIFIED for Strategy MLS_FlashCrashReversalStrategy_EEFT.ETORO_216-216
2026-06-08T20:00:02.040674692Z [INFO] eToro-Momentum-LS.eToro-Momentum-LS: Registered Strategy MLS_FlashCrashReversalStrategy_EEFT.ETORO_216-216
2026-06-08T20:00:02.040711872Z [INFO] eToro-Momentum-LS.MLS_FlashCrashReversalStrategy_GTLB.ETORO_217: READY
2026-06-08T20:00:02.040733382Z [DEBUG] eToro-Momentum-LS.MessageBus: Added Subscription(topic=events.order.MLS_FlashCrashReversalStrategy_GTLB.ETORO_217-217, handler=<bound method Strategy.handle_event of FlashCrashReversalStrategy(MLS_FlashCrashReversalStrategy_GTLB.ETORO_217-217)>, priority=0)
2026-06-08T20:00:02.040739233Z [DEBUG] eToro-Momentum-LS.MessageBus: Added Subscription(topic=events.position.MLS_FlashCrashReversalStrategy_GTLB.ETORO_217-217, handler=<bound method Strategy.handle_event of FlashCrashReversalStrategy(MLS_FlashCrashReversalStrategy_GTLB.ETORO_217-217)>, priority=0)
2026-06-08T20:00:02.040741858Z [INFO] eToro-Momentum-LS.ExecEngine: Registered OMS.UNSPECIFIED for Strategy MLS_FlashCrashReversalStrategy_GTLB.ETORO_217-217
2026-06-08T20:00:02.040742820Z [INFO] eToro-Momentum-LS.eToro-Momentum-LS: Registered Strategy MLS_FlashCrashReversalStrategy_GTLB.ETORO_217-217
2026-06-08T20:00:02.040785189Z [INFO] eToro-Momentum-LS.MLS_FlashCrashReversalStrategy_GTLB.ETORO_218: READY
2026-06-08T20:00:02.040807852Z [DEBUG] eToro-Momentum-LS.MessageBus: Added Subscription(topic=events.order.MLS_FlashCrashReversalStrategy_GTLB.ETORO_218-218, handler=<bound method Strategy.handle_event of FlashCrashReversalStrategy(MLS_FlashCrashReversalStrategy_GTLB.ETORO_218-218)>, priority=0)
2026-06-08T20:00:02.040813623Z [DEBUG] eToro-Momentum-LS.MessageBus: Added Subscription(topic=events.position.MLS_FlashCrashReversalStrategy_GTLB.ETORO_218-218, handler=<bound method Strategy.handle_event of FlashCrashReversalStrategy(MLS_FlashCrashReversalStrategy_GTLB.ETORO_218-218)>, priority=0)
2026-06-08T20:00:02.040816207Z [INFO] eToro-Momentum-LS.ExecEngine: Registered OMS.UNSPECIFIED for Strategy MLS_FlashCrashReversalStrategy_GTLB.ETORO_218-218
2026-06-08T20:00:02.040816799Z [INFO] eToro-Momentum-LS.eToro-Momentum-LS: Registered Strategy MLS_FlashCrashReversalStrategy_GTLB.ETORO_218-218
2026-06-08T20:00:02.040879847Z [INFO] eToro-Momentum-LS.MLS_FlashCrashReversalStrategy_JAZZ.ETORO_219: READY
2026-06-08T20:00:02.040902680Z [DEBUG] eToro-Momentum-LS.MessageBus: Added Subscription(topic=events.order.MLS_FlashCrashReversalStrategy_JAZZ.ETORO_219-219, handler=<bound method Strategy.handle_event of FlashCrashReversalStrategy(MLS_FlashCrashReversalStrategy_JAZZ.ETORO_219-219)>, priority=0)
2026-06-08T20:00:02.040909142Z [DEBUG] eToro-Momentum-LS.MessageBus: Added Subscription(topic=events.position.MLS_FlashCrashReversalStrategy_JAZZ.ETORO_219-219, handler=<bound method Strategy.handle_event of FlashCrashReversalStrategy(MLS_FlashCrashReversalStrategy_JAZZ.ETORO_219-219)>, priority=0)
2026-06-08T20:00:02.040911767Z [INFO] eToro-Momentum-LS.ExecEngine: Registered OMS.UNSPECIFIED for Strategy MLS_FlashCrashReversalStrategy_JAZZ.ETORO_219-219
2026-06-08T20:00:02.040912448Z [INFO] eToro-Momentum-LS.eToro-Momentum-LS: Registered Strategy MLS_FlashCrashReversalStrategy_JAZZ.ETORO_219-219
2026-06-08T20:00:02.040959176Z [INFO] eToro-Momentum-LS.MLS_FlashCrashReversalStrategy_JAZZ.ETORO_220: READY
2026-06-08T20:00:02.040981718Z [DEBUG] eToro-Momentum-LS.MessageBus: Added Subscription(topic=events.order.MLS_FlashCrashReversalStrategy_JAZZ.ETORO_220-220, handler=<bound method Strategy.handle_event of FlashCrashReversalStrategy(MLS_FlashCrashReversalStrategy_JAZZ.ETORO_220-220)>, priority=0)
2026-06-08T20:00:02.040987639Z [DEBUG] eToro-Momentum-LS.MessageBus: Added Subscription(topic=events.position.MLS_FlashCrashReversalStrategy_JAZZ.ETORO_220-220, handler=<bound method Strategy.handle_event of FlashCrashReversalStrategy(MLS_FlashCrashReversalStrategy_JAZZ.ETORO_220-220)>, priority=0)
2026-06-08T20:00:02.040991196Z [INFO] eToro-Momentum-LS.ExecEngine: Registered OMS.UNSPECIFIED for Strategy MLS_FlashCrashReversalStrategy_JAZZ.ETORO_220-220
2026-06-08T20:00:02.040991757Z [INFO] eToro-Momentum-LS.eToro-Momentum-LS: Registered Strategy MLS_FlashCrashReversalStrategy_JAZZ.ETORO_220-220
2026-06-08T20:00:02.041041159Z [INFO] eToro-Momentum-LS.MLS_FlashCrashReversalStrategy_JAZZ.ETORO_221: READY
2026-06-08T20:00:02.041066717Z [DEBUG] eToro-Momentum-LS.MessageBus: Added Subscription(topic=events.order.MLS_FlashCrashReversalStrategy_JAZZ.ETORO_221-221, handler=<bound method Strategy.handle_event of FlashCrashReversalStrategy(MLS_FlashCrashReversalStrategy_JAZZ.ETORO_221-221)>, priority=0)
2026-06-08T20:00:02.041072588Z [DEBUG] eToro-Momentum-LS.MessageBus: Added Subscription(topic=events.position.MLS_FlashCrashReversalStrategy_JAZZ.ETORO_221-221, handler=<bound method Strategy.handle_event of FlashCrashReversalStrategy(MLS_FlashCrashReversalStrategy_JAZZ.ETORO_221-221)>, priority=0)
2026-06-08T20:00:02.041076145Z [INFO] eToro-Momentum-LS.ExecEngine: Registered OMS.UNSPECIFIED for Strategy MLS_FlashCrashReversalStrategy_JAZZ.ETORO_221-221
2026-06-08T20:00:02.041076846Z [INFO] eToro-Momentum-LS.eToro-Momentum-LS: Registered Strategy MLS_FlashCrashReversalStrategy_JAZZ.ETORO_221-221
2026-06-08T20:00:02.041117673Z [INFO] eToro-Momentum-LS.MLS_FlashCrashReversalStrategy_JAZZ.ETORO_222: READY
2026-06-08T20:00:02.041139373Z [DEBUG] eToro-Momentum-LS.MessageBus: Added Subscription(topic=events.order.MLS_FlashCrashReversalStrategy_JAZZ.ETORO_222-222, handler=<bound method Strategy.handle_event of FlashCrashReversalStrategy(MLS_FlashCrashReversalStrategy_JAZZ.ETORO_222-222)>, priority=0)
2026-06-08T20:00:02.041145445Z [DEBUG] eToro-Momentum-LS.MessageBus: Added Subscription(topic=events.position.MLS_FlashCrashReversalStrategy_JAZZ.ETORO_222-222, handler=<bound method Strategy.handle_event of FlashCrashReversalStrategy(MLS_FlashCrashReversalStrategy_JAZZ.ETORO_222-222)>, priority=0)
2026-06-08T20:00:02.041148230Z [INFO] eToro-Momentum-LS.ExecEngine: Registered OMS.UNSPECIFIED for Strategy MLS_FlashCrashReversalStrategy_JAZZ.ETORO_222-222
2026-06-08T20:00:02.041148811Z [INFO] eToro-Momentum-LS.eToro-Momentum-LS: Registered Strategy MLS_FlashCrashReversalStrategy_JAZZ.ETORO_222-222
2026-06-08T20:00:02.041183887Z [INFO] eToro-Momentum-LS.MLS_FlashCrashReversalStrategy_JAZZ.ETORO_223: READY
2026-06-08T20:00:02.041206209Z [DEBUG] eToro-Momentum-LS.MessageBus: Added Subscription(topic=events.order.MLS_FlashCrashReversalStrategy_JAZZ.ETORO_223-223, handler=<bound method Strategy.handle_event of FlashCrashReversalStrategy(MLS_FlashCrashReversalStrategy_JAZZ.ETORO_223-223)>, priority=0)
2026-06-08T20:00:02.041212050Z [DEBUG] eToro-Momentum-LS.MessageBus: Added Subscription(topic=events.position.MLS_FlashCrashReversalStrategy_JAZZ.ETORO_223-223, handler=<bound method Strategy.handle_event of FlashCrashReversalStrategy(MLS_FlashCrashReversalStrategy_JAZZ.ETORO_223-223)>, priority=0)
2026-06-08T20:00:02.041214755Z [INFO] eToro-Momentum-LS.ExecEngine: Registered OMS.UNSPECIFIED for Strategy MLS_FlashCrashReversalStrategy_JAZZ.ETORO_223-223
2026-06-08T20:00:02.041215286Z [INFO] eToro-Momentum-LS.eToro-Momentum-LS: Registered Strategy MLS_FlashCrashReversalStrategy_JAZZ.ETORO_223-223
2026-06-08T20:00:02.041255120Z [INFO] eToro-Momentum-LS.MLS_FlashCrashReversalStrategy_JAZZ.ETORO_224: READY
2026-06-08T20:00:02.041277272Z [DEBUG] eToro-Momentum-LS.MessageBus: Added Subscription(topic=events.order.MLS_FlashCrashReversalStrategy_JAZZ.ETORO_224-224, handler=<bound method Strategy.handle_event of FlashCrashReversalStrategy(MLS_FlashCrashReversalStrategy_JAZZ.ETORO_224-224)>, priority=0)
2026-06-08T20:00:02.041283193Z [DEBUG] eToro-Momentum-LS.MessageBus: Added Subscription(topic=events.position.MLS_FlashCrashReversalStrategy_JAZZ.ETORO_224-224, handler=<bound method Strategy.handle_event of FlashCrashReversalStrategy(MLS_FlashCrashReversalStrategy_JAZZ.ETORO_224-224)>, priority=0)
2026-06-08T20:00:02.041286068Z [INFO] eToro-Momentum-LS.ExecEngine: Registered OMS.UNSPECIFIED for Strategy MLS_FlashCrashReversalStrategy_JAZZ.ETORO_224-224
2026-06-08T20:00:02.041286499Z [INFO] eToro-Momentum-LS.eToro-Momentum-LS: Registered Strategy MLS_FlashCrashReversalStrategy_JAZZ.ETORO_224-224
2026-06-08T20:00:02.041328448Z [INFO] eToro-Momentum-LS.MLS_FlashCrashReversalStrategy_JAZZ.ETORO_225: READY
2026-06-08T20:00:02.041350018Z [DEBUG] eToro-Momentum-LS.MessageBus: Added Subscription(topic=events.order.MLS_FlashCrashReversalStrategy_JAZZ.ETORO_225-225, handler=<bound method Strategy.handle_event of FlashCrashReversalStrategy(MLS_FlashCrashReversalStrategy_JAZZ.ETORO_225-225)>, priority=0)
2026-06-08T20:00:02.041355889Z [DEBUG] eToro-Momentum-LS.MessageBus: Added Subscription(topic=events.position.MLS_FlashCrashReversalStrategy_JAZZ.ETORO_225-225, handler=<bound method Strategy.handle_event of FlashCrashReversalStrategy(MLS_FlashCrashReversalStrategy_JAZZ.ETORO_225-225)>, priority=0)
2026-06-08T20:00:02.041358865Z [INFO] eToro-Momentum-LS.ExecEngine: Registered OMS.UNSPECIFIED for Strategy MLS_FlashCrashReversalStrategy_JAZZ.ETORO_225-225
2026-06-08T20:00:02.041359696Z [INFO] eToro-Momentum-LS.eToro-Momentum-LS: Registered Strategy MLS_FlashCrashReversalStrategy_JAZZ.ETORO_225-225
2026-06-08T20:00:02.041398459Z [INFO] eToro-Momentum-LS.MLS_FlashCrashReversalStrategy_JAZZ.ETORO_226: READY
2026-06-08T20:00:02.041421092Z [DEBUG] eToro-Momentum-LS.MessageBus: Added Subscription(topic=events.order.MLS_FlashCrashReversalStrategy_JAZZ.ETORO_226-226, handler=<bound method Strategy.handle_event of FlashCrashReversalStrategy(MLS_FlashCrashReversalStrategy_JAZZ.ETORO_226-226)>, priority=0)
2026-06-08T20:00:02.041427233Z [DEBUG] eToro-Momentum-LS.MessageBus: Added Subscription(topic=events.position.MLS_FlashCrashReversalStrategy_JAZZ.ETORO_226-226, handler=<bound method Strategy.handle_event of FlashCrashReversalStrategy(MLS_FlashCrashReversalStrategy_JAZZ.ETORO_226-226)>, priority=0)
2026-06-08T20:00:02.041429808Z [INFO] eToro-Momentum-LS.ExecEngine: Registered OMS.UNSPECIFIED for Strategy MLS_FlashCrashReversalStrategy_JAZZ.ETORO_226-226
2026-06-08T20:00:02.041430299Z [INFO] eToro-Momentum-LS.eToro-Momentum-LS: Registered Strategy MLS_FlashCrashReversalStrategy_JAZZ.ETORO_226-226
2026-06-08T20:00:02.041468831Z [INFO] eToro-Momentum-LS.MLS_FlashCrashReversalStrategy_JAZZ.ETORO_227: READY
2026-06-08T20:00:02.041491343Z [DEBUG] eToro-Momentum-LS.MessageBus: Added Subscription(topic=events.order.MLS_FlashCrashReversalStrategy_JAZZ.ETORO_227-227, handler=<bound method Strategy.handle_event of FlashCrashReversalStrategy(MLS_FlashCrashReversalStrategy_JAZZ.ETORO_227-227)>, priority=0)
2026-06-08T20:00:02.041497515Z [DEBUG] eToro-Momentum-LS.MessageBus: Added Subscription(topic=events.position.MLS_FlashCrashReversalStrategy_JAZZ.ETORO_227-227, handler=<bound method Strategy.handle_event of FlashCrashReversalStrategy(MLS_FlashCrashReversalStrategy_JAZZ.ETORO_227-227)>, priority=0)
2026-06-08T20:00:02.041501082Z [INFO] eToro-Momentum-LS.ExecEngine: Registered OMS.UNSPECIFIED for Strategy MLS_FlashCrashReversalStrategy_JAZZ.ETORO_227-227
2026-06-08T20:00:02.041501823Z [INFO] eToro-Momentum-LS.eToro-Momentum-LS: Registered Strategy MLS_FlashCrashReversalStrategy_JAZZ.ETORO_227-227
2026-06-08T20:00:02.041539474Z [INFO] eToro-Momentum-LS.MLS_FlashCrashReversalStrategy_JAZZ.ETORO_228: READY
2026-06-08T20:00:02.041582604Z [DEBUG] eToro-Momentum-LS.MessageBus: Added Subscription(topic=events.order.MLS_FlashCrashReversalStrategy_JAZZ.ETORO_228-228, handler=<bound method Strategy.handle_event of FlashCrashReversalStrategy(MLS_FlashCrashReversalStrategy_JAZZ.ETORO_228-228)>, priority=0)
2026-06-08T20:00:02.041588736Z [DEBUG] eToro-Momentum-LS.MessageBus: Added Subscription(topic=events.position.MLS_FlashCrashReversalStrategy_JAZZ.ETORO_228-228, handler=<bound method Strategy.handle_event of FlashCrashReversalStrategy(MLS_FlashCrashReversalStrategy_JAZZ.ETORO_228-228)>, priority=0)
2026-06-08T20:00:02.041590309Z [INFO] eToro-Momentum-LS.ExecEngine: Registered OMS.UNSPECIFIED for Strategy MLS_FlashCrashReversalStrategy_JAZZ.ETORO_228-228
2026-06-08T20:00:02.041590900Z [INFO] eToro-Momentum-LS.eToro-Momentum-LS: Registered Strategy MLS_FlashCrashReversalStrategy_JAZZ.ETORO_228-228
2026-06-08T20:00:02.041628901Z [INFO] eToro-Momentum-LS.MLS_FlashCrashReversalStrategy_JAZZ.ETORO_229: READY
2026-06-08T20:00:02.041651363Z [DEBUG] eToro-Momentum-LS.MessageBus: Added Subscription(topic=events.order.MLS_FlashCrashReversalStrategy_JAZZ.ETORO_229-229, handler=<bound method Strategy.handle_event of FlashCrashReversalStrategy(MLS_FlashCrashReversalStrategy_JAZZ.ETORO_229-229)>, priority=0)
2026-06-08T20:00:02.041657585Z [DEBUG] eToro-Momentum-LS.MessageBus: Added Subscription(topic=events.position.MLS_FlashCrashReversalStrategy_JAZZ.ETORO_229-229, handler=<bound method Strategy.handle_event of FlashCrashReversalStrategy(MLS_FlashCrashReversalStrategy_JAZZ.ETORO_229-229)>, priority=0)
2026-06-08T20:00:02.041666261Z [INFO] eToro-Momentum-LS.ExecEngine: Registered OMS.UNSPECIFIED for Strategy MLS_FlashCrashReversalStrategy_JAZZ.ETORO_229-229
2026-06-08T20:00:02.041666892Z [INFO] eToro-Momentum-LS.eToro-Momentum-LS: Registered Strategy MLS_FlashCrashReversalStrategy_JAZZ.ETORO_229-229
2026-06-08T20:00:02.041707118Z [INFO] eToro-Momentum-LS.MLS_FlashCrashReversalStrategy_JAZZ.ETORO_230: READY
2026-06-08T20:00:02.041730031Z [DEBUG] eToro-Momentum-LS.MessageBus: Added Subscription(topic=events.order.MLS_FlashCrashReversalStrategy_JAZZ.ETORO_230-230, handler=<bound method Strategy.handle_event of FlashCrashReversalStrategy(MLS_FlashCrashReversalStrategy_JAZZ.ETORO_230-230)>, priority=0)
2026-06-08T20:00:02.041735972Z [DEBUG] eToro-Momentum-LS.MessageBus: Added Subscription(topic=events.position.MLS_FlashCrashReversalStrategy_JAZZ.ETORO_230-230, handler=<bound method Strategy.handle_event of FlashCrashReversalStrategy(MLS_FlashCrashReversalStrategy_JAZZ.ETORO_230-230)>, priority=0)
2026-06-08T20:00:02.041738918Z [INFO] eToro-Momentum-LS.ExecEngine: Registered OMS.UNSPECIFIED for Strategy MLS_FlashCrashReversalStrategy_JAZZ.ETORO_230-230
2026-06-08T20:00:02.041739428Z [INFO] eToro-Momentum-LS.eToro-Momentum-LS: Registered Strategy MLS_FlashCrashReversalStrategy_JAZZ.ETORO_230-230
2026-06-08T20:00:02.041778933Z [INFO] eToro-Momentum-LS.MLS_FlashCrashReversalStrategy_JAZZ.ETORO_231: READY
2026-06-08T20:00:02.041802006Z [DEBUG] eToro-Momentum-LS.MessageBus: Added Subscription(topic=events.order.MLS_FlashCrashReversalStrategy_JAZZ.ETORO_231-231, handler=<bound method Strategy.handle_event of FlashCrashReversalStrategy(MLS_FlashCrashReversalStrategy_JAZZ.ETORO_231-231)>, priority=0)
2026-06-08T20:00:02.041808207Z [DEBUG] eToro-Momentum-LS.MessageBus: Added Subscription(topic=events.position.MLS_FlashCrashReversalStrategy_JAZZ.ETORO_231-231, handler=<bound method Strategy.handle_event of FlashCrashReversalStrategy(MLS_FlashCrashReversalStrategy_JAZZ.ETORO_231-231)>, priority=0)
2026-06-08T20:00:02.041810652Z [INFO] eToro-Momentum-LS.ExecEngine: Registered OMS.UNSPECIFIED for Strategy MLS_FlashCrashReversalStrategy_JAZZ.ETORO_231-231
2026-06-08T20:00:02.041811283Z [INFO] eToro-Momentum-LS.eToro-Momentum-LS: Registered Strategy MLS_FlashCrashReversalStrategy_JAZZ.ETORO_231-231
2026-06-08T20:00:02.041855887Z [INFO] eToro-Momentum-LS.MLS_FlashCrashReversalStrategy_JAZZ.ETORO_232: READY
2026-06-08T20:00:02.041885743Z [DEBUG] eToro-Momentum-LS.MessageBus: Added Subscription(topic=events.order.MLS_FlashCrashReversalStrategy_JAZZ.ETORO_232-232, handler=<bound method Strategy.handle_event of FlashCrashReversalStrategy(MLS_FlashCrashReversalStrategy_JAZZ.ETORO_232-232)>, priority=0)
2026-06-08T20:00:02.041891824Z [DEBUG] eToro-Momentum-LS.MessageBus: Added Subscription(topic=events.position.MLS_FlashCrashReversalStrategy_JAZZ.ETORO_232-232, handler=<bound method Strategy.handle_event of FlashCrashReversalStrategy(MLS_FlashCrashReversalStrategy_JAZZ.ETORO_232-232)>, priority=0)
2026-06-08T20:00:02.041894279Z [INFO] eToro-Momentum-LS.ExecEngine: Registered OMS.UNSPECIFIED for Strategy MLS_FlashCrashReversalStrategy_JAZZ.ETORO_232-232
2026-06-08T20:00:02.041895050Z [INFO] eToro-Momentum-LS.eToro-Momentum-LS: Registered Strategy MLS_FlashCrashReversalStrategy_JAZZ.ETORO_232-232
2026-06-08T20:00:02.041946687Z [INFO] eToro-Momentum-LS.MLS_FlashCrashReversalStrategy_JAZZ.ETORO_233: READY
2026-06-08T20:00:02.041975671Z [DEBUG] eToro-Momentum-LS.MessageBus: Added Subscription(topic=events.order.MLS_FlashCrashReversalStrategy_JAZZ.ETORO_233-233, handler=<bound method Strategy.handle_event of FlashCrashReversalStrategy(MLS_FlashCrashReversalStrategy_JAZZ.ETORO_233-233)>, priority=0)
2026-06-08T20:00:02.041981653Z [DEBUG] eToro-Momentum-LS.MessageBus: Added Subscription(topic=events.position.MLS_FlashCrashReversalStrategy_JAZZ.ETORO_233-233, handler=<bound method Strategy.handle_event of FlashCrashReversalStrategy(MLS_FlashCrashReversalStrategy_JAZZ.ETORO_233-233)>, priority=0)
2026-06-08T20:00:02.041987524Z [INFO] eToro-Momentum-LS.ExecEngine: Registered OMS.UNSPECIFIED for Strategy MLS_FlashCrashReversalStrategy_JAZZ.ETORO_233-233
2026-06-08T20:00:02.041988335Z [INFO] eToro-Momentum-LS.eToro-Momentum-LS: Registered Strategy MLS_FlashCrashReversalStrategy_JAZZ.ETORO_233-233
2026-06-08T20:00:02.042030224Z [INFO] eToro-Momentum-LS.MLS_FlashCrashReversalStrategy_HUBS.ETORO_234: READY
2026-06-08T20:00:02.042052435Z [DEBUG] eToro-Momentum-LS.MessageBus: Added Subscription(topic=events.order.MLS_FlashCrashReversalStrategy_HUBS.ETORO_234-234, handler=<bound method Strategy.handle_event of FlashCrashReversalStrategy(MLS_FlashCrashReversalStrategy_HUBS.ETORO_234-234)>, priority=0)
2026-06-08T20:00:02.042058477Z [DEBUG] eToro-Momentum-LS.MessageBus: Added Subscription(topic=events.position.MLS_FlashCrashReversalStrategy_HUBS.ETORO_234-234, handler=<bound method Strategy.handle_event of FlashCrashReversalStrategy(MLS_FlashCrashReversalStrategy_HUBS.ETORO_234-234)>, priority=0)
2026-06-08T20:00:02.042061212Z [INFO] eToro-Momentum-LS.ExecEngine: Registered OMS.UNSPECIFIED for Strategy MLS_FlashCrashReversalStrategy_HUBS.ETORO_234-234
2026-06-08T20:00:02.042061703Z [INFO] eToro-Momentum-LS.eToro-Momentum-LS: Registered Strategy MLS_FlashCrashReversalStrategy_HUBS.ETORO_234-234
2026-06-08T20:00:02.042100626Z [INFO] eToro-Momentum-LS.MLS_FlashCrashReversalStrategy_HUBS.ETORO_235: READY
2026-06-08T20:00:02.042127626Z [DEBUG] eToro-Momentum-LS.MessageBus: Added Subscription(topic=events.order.MLS_FlashCrashReversalStrategy_HUBS.ETORO_235-235, handler=<bound method Strategy.handle_event of FlashCrashReversalStrategy(MLS_FlashCrashReversalStrategy_HUBS.ETORO_235-235)>, priority=0)
2026-06-08T20:00:02.042133728Z [DEBUG] eToro-Momentum-LS.MessageBus: Added Subscription(topic=events.position.MLS_FlashCrashReversalStrategy_HUBS.ETORO_235-235, handler=<bound method Strategy.handle_event of FlashCrashReversalStrategy(MLS_FlashCrashReversalStrategy_HUBS.ETORO_235-235)>, priority=0)
2026-06-08T20:00:02.042136263Z [INFO] eToro-Momentum-LS.ExecEngine: Registered OMS.UNSPECIFIED for Strategy MLS_FlashCrashReversalStrategy_HUBS.ETORO_235-235
2026-06-08T20:00:02.042136794Z [INFO] eToro-Momentum-LS.eToro-Momentum-LS: Registered Strategy MLS_FlashCrashReversalStrategy_HUBS.ETORO_235-235
2026-06-08T20:00:02.042182229Z [INFO] eToro-Momentum-LS.MLS_FlashCrashReversalStrategy_HUBS.ETORO_236: READY
2026-06-08T20:00:02.042205593Z [DEBUG] eToro-Momentum-LS.MessageBus: Added Subscription(topic=events.order.MLS_FlashCrashReversalStrategy_HUBS.ETORO_236-236, handler=<bound method Strategy.handle_event of FlashCrashReversalStrategy(MLS_FlashCrashReversalStrategy_HUBS.ETORO_236-236)>, priority=0)
2026-06-08T20:00:02.042211754Z [DEBUG] eToro-Momentum-LS.MessageBus: Added Subscription(topic=events.position.MLS_FlashCrashReversalStrategy_HUBS.ETORO_236-236, handler=<bound method Strategy.handle_event of FlashCrashReversalStrategy(MLS_FlashCrashReversalStrategy_HUBS.ETORO_236-236)>, priority=0)
2026-06-08T20:00:02.042213347Z [INFO] eToro-Momentum-LS.ExecEngine: Registered OMS.UNSPECIFIED for Strategy MLS_FlashCrashReversalStrategy_HUBS.ETORO_236-236
2026-06-08T20:00:02.042213978Z [INFO] eToro-Momentum-LS.eToro-Momentum-LS: Registered Strategy MLS_FlashCrashReversalStrategy_HUBS.ETORO_236-236
2026-06-08T20:00:02.042250537Z [INFO] eToro-Momentum-LS.MLS_FlashCrashReversalStrategy_HUBS.ETORO_237: READY
2026-06-08T20:00:02.042273680Z [DEBUG] eToro-Momentum-LS.MessageBus: Added Subscription(topic=events.order.MLS_FlashCrashReversalStrategy_HUBS.ETORO_237-237, handler=<bound method Strategy.handle_event of FlashCrashReversalStrategy(MLS_FlashCrashReversalStrategy_HUBS.ETORO_237-237)>, priority=0)
2026-06-08T20:00:02.042279691Z [DEBUG] eToro-Momentum-LS.MessageBus: Added Subscription(topic=events.position.MLS_FlashCrashReversalStrategy_HUBS.ETORO_237-237, handler=<bound method Strategy.handle_event of FlashCrashReversalStrategy(MLS_FlashCrashReversalStrategy_HUBS.ETORO_237-237)>, priority=0)
2026-06-08T20:00:02.042282116Z [INFO] eToro-Momentum-LS.ExecEngine: Registered OMS.UNSPECIFIED for Strategy MLS_FlashCrashReversalStrategy_HUBS.ETORO_237-237
2026-06-08T20:00:02.042282807Z [INFO] eToro-Momentum-LS.eToro-Momentum-LS: Registered Strategy MLS_FlashCrashReversalStrategy_HUBS.ETORO_237-237
2026-06-08T20:00:02.042345345Z [INFO] eToro-Momentum-LS.MLS_FlashCrashReversalStrategy_HUBS.ETORO_238: READY
2026-06-08T20:00:02.042369109Z [DEBUG] eToro-Momentum-LS.MessageBus: Added Subscription(topic=events.order.MLS_FlashCrashReversalStrategy_HUBS.ETORO_238-238, handler=<bound method Strategy.handle_event of FlashCrashReversalStrategy(MLS_FlashCrashReversalStrategy_HUBS.ETORO_238-238)>, priority=0)
2026-06-08T20:00:02.042375110Z [DEBUG] eToro-Momentum-LS.MessageBus: Added Subscription(topic=events.position.MLS_FlashCrashReversalStrategy_HUBS.ETORO_238-238, handler=<bound method Strategy.handle_event of FlashCrashReversalStrategy(MLS_FlashCrashReversalStrategy_HUBS.ETORO_238-238)>, priority=0)
2026-06-08T20:00:02.042377825Z [INFO] eToro-Momentum-LS.ExecEngine: Registered OMS.UNSPECIFIED for Strategy MLS_FlashCrashReversalStrategy_HUBS.ETORO_238-238
2026-06-08T20:00:02.042378477Z [INFO] eToro-Momentum-LS.eToro-Momentum-LS: Registered Strategy MLS_FlashCrashReversalStrategy_HUBS.ETORO_238-238
2026-06-08T20:00:02.042453377Z [INFO] eToro-Momentum-LS.MLS_FlashCrashReversalStrategy_HUBS.ETORO_239: READY
2026-06-08T20:00:02.042498011Z [DEBUG] eToro-Momentum-LS.MessageBus: Added Subscription(topic=events.order.MLS_FlashCrashReversalStrategy_HUBS.ETORO_239-239, handler=<bound method Strategy.handle_event of FlashCrashReversalStrategy(MLS_FlashCrashReversalStrategy_HUBS.ETORO_239-239)>, priority=0)
2026-06-08T20:00:02.042505184Z [DEBUG] eToro-Momentum-LS.MessageBus: Added Subscription(topic=events.position.MLS_FlashCrashReversalStrategy_HUBS.ETORO_239-239, handler=<bound method Strategy.handle_event of FlashCrashReversalStrategy(MLS_FlashCrashReversalStrategy_HUBS.ETORO_239-239)>, priority=0)
2026-06-08T20:00:02.042509653Z [INFO] eToro-Momentum-LS.ExecEngine: Registered OMS.UNSPECIFIED for Strategy MLS_FlashCrashReversalStrategy_HUBS.ETORO_239-239
2026-06-08T20:00:02.042511035Z [INFO] eToro-Momentum-LS.eToro-Momentum-LS: Registered Strategy MLS_FlashCrashReversalStrategy_HUBS.ETORO_239-239
2026-06-08T20:00:02.042597327Z [INFO] eToro-Momentum-LS.MLS_FlashCrashReversalStrategy_HUBS.ETORO_240: READY
2026-06-08T20:00:02.042627293Z [DEBUG] eToro-Momentum-LS.MessageBus: Added Subscription(topic=events.order.MLS_FlashCrashReversalStrategy_HUBS.ETORO_240-240, handler=<bound method Strategy.handle_event of FlashCrashReversalStrategy(MLS_FlashCrashReversalStrategy_HUBS.ETORO_240-240)>, priority=0)
2026-06-08T20:00:02.042633896Z [DEBUG] eToro-Momentum-LS.MessageBus: Added Subscription(topic=events.position.MLS_FlashCrashReversalStrategy_HUBS.ETORO_240-240, handler=<bound method Strategy.handle_event of FlashCrashReversalStrategy(MLS_FlashCrashReversalStrategy_HUBS.ETORO_240-240)>, priority=0)
2026-06-08T20:00:02.042636821Z [INFO] eToro-Momentum-LS.ExecEngine: Registered OMS.UNSPECIFIED for Strategy MLS_FlashCrashReversalStrategy_HUBS.ETORO_240-240
2026-06-08T20:00:02.042637753Z [INFO] eToro-Momentum-LS.eToro-Momentum-LS: Registered Strategy MLS_FlashCrashReversalStrategy_HUBS.ETORO_240-240
2026-06-08T20:00:02.042688398Z [INFO] eToro-Momentum-LS.MLS_FlashCrashReversalStrategy_HUBS.ETORO_241: READY
2026-06-08T20:00:02.042712934Z [DEBUG] eToro-Momentum-LS.MessageBus: Added Subscription(topic=events.order.MLS_FlashCrashReversalStrategy_HUBS.ETORO_241-241, handler=<bound method Strategy.handle_event of FlashCrashReversalStrategy(MLS_FlashCrashReversalStrategy_HUBS.ETORO_241-241)>, priority=0)
2026-06-08T20:00:02.042720598Z [DEBUG] eToro-Momentum-LS.MessageBus: Added Subscription(topic=events.position.MLS_FlashCrashReversalStrategy_HUBS.ETORO_241-241, handler=<bound method Strategy.handle_event of FlashCrashReversalStrategy(MLS_FlashCrashReversalStrategy_HUBS.ETORO_241-241)>, priority=0)
2026-06-08T20:00:02.042727201Z [INFO] eToro-Momentum-LS.ExecEngine: Registered OMS.UNSPECIFIED for Strategy MLS_FlashCrashReversalStrategy_HUBS.ETORO_241-241
2026-06-08T20:00:02.042732350Z [INFO] eToro-Momentum-LS.eToro-Momentum-LS: Registered Strategy MLS_FlashCrashReversalStrategy_HUBS.ETORO_241-241
2026-06-08T20:00:02.042778326Z [INFO] eToro-Momentum-LS.MLS_FlashCrashReversalStrategy_HUBS.ETORO_242: READY
2026-06-08T20:00:02.042802331Z [DEBUG] eToro-Momentum-LS.MessageBus: Added Subscription(topic=events.order.MLS_FlashCrashReversalStrategy_HUBS.ETORO_242-242, handler=<bound method Strategy.handle_event of FlashCrashReversalStrategy(MLS_FlashCrashReversalStrategy_HUBS.ETORO_242-242)>, priority=0)
2026-06-08T20:00:02.042808313Z [DEBUG] eToro-Momentum-LS.MessageBus: Added Subscription(topic=events.position.MLS_FlashCrashReversalStrategy_HUBS.ETORO_242-242, handler=<bound method Strategy.handle_event of FlashCrashReversalStrategy(MLS_FlashCrashReversalStrategy_HUBS.ETORO_242-242)>, priority=0)
2026-06-08T20:00:02.042811228Z [INFO] eToro-Momentum-LS.ExecEngine: Registered OMS.UNSPECIFIED for Strategy MLS_FlashCrashReversalStrategy_HUBS.ETORO_242-242
2026-06-08T20:00:02.042812030Z [INFO] eToro-Momentum-LS.eToro-Momentum-LS: Registered Strategy MLS_FlashCrashReversalStrategy_HUBS.ETORO_242-242
2026-06-08T20:00:02.042854429Z [INFO] eToro-Momentum-LS.MLS_FlashCrashReversalStrategy_HUBS.ETORO_243: READY
2026-06-08T20:00:02.042878184Z [DEBUG] eToro-Momentum-LS.MessageBus: Added Subscription(topic=events.order.MLS_FlashCrashReversalStrategy_HUBS.ETORO_243-243, handler=<bound method Strategy.handle_event of FlashCrashReversalStrategy(MLS_FlashCrashReversalStrategy_HUBS.ETORO_243-243)>, priority=0)
2026-06-08T20:00:02.042884485Z [DEBUG] eToro-Momentum-LS.MessageBus: Added Subscription(topic=events.position.MLS_FlashCrashReversalStrategy_HUBS.ETORO_243-243, handler=<bound method Strategy.handle_event of FlashCrashReversalStrategy(MLS_FlashCrashReversalStrategy_HUBS.ETORO_243-243)>, priority=0)
2026-06-08T20:00:02.042887251Z [INFO] eToro-Momentum-LS.ExecEngine: Registered OMS.UNSPECIFIED for Strategy MLS_FlashCrashReversalStrategy_HUBS.ETORO_243-243
2026-06-08T20:00:02.042888092Z [INFO] eToro-Momentum-LS.eToro-Momentum-LS: Registered Strategy MLS_FlashCrashReversalStrategy_HUBS.ETORO_243-243
2026-06-08T20:00:02.042935491Z [INFO] eToro-Momentum-LS.MLS_FlashCrashReversalStrategy_HUBS.ETORO_244: READY
2026-06-08T20:00:02.042958654Z [DEBUG] eToro-Momentum-LS.MessageBus: Added Subscription(topic=events.order.MLS_FlashCrashReversalStrategy_HUBS.ETORO_244-244, handler=<bound method Strategy.handle_event of FlashCrashReversalStrategy(MLS_FlashCrashReversalStrategy_HUBS.ETORO_244-244)>, priority=0)
2026-06-08T20:00:02.042964736Z [DEBUG] eToro-Momentum-LS.MessageBus: Added Subscription(topic=events.position.MLS_FlashCrashReversalStrategy_HUBS.ETORO_244-244, handler=<bound method Strategy.handle_event of FlashCrashReversalStrategy(MLS_FlashCrashReversalStrategy_HUBS.ETORO_244-244)>, priority=0)
2026-06-08T20:00:02.042966950Z [INFO] eToro-Momentum-LS.ExecEngine: Registered OMS.UNSPECIFIED for Strategy MLS_FlashCrashReversalStrategy_HUBS.ETORO_244-244
2026-06-08T20:00:02.042967641Z [INFO] eToro-Momentum-LS.eToro-Momentum-LS: Registered Strategy MLS_FlashCrashReversalStrategy_HUBS.ETORO_244-244
2026-06-08T20:00:02.043019619Z [INFO] eToro-Momentum-LS.MLS_FlashCrashReversalStrategy_HUBS.ETORO_245: READY
2026-06-08T20:00:02.043044926Z [DEBUG] eToro-Momentum-LS.MessageBus: Added Subscription(topic=events.order.MLS_FlashCrashReversalStrategy_HUBS.ETORO_245-245, handler=<bound method Strategy.handle_event of FlashCrashReversalStrategy(MLS_FlashCrashReversalStrategy_HUBS.ETORO_245-245)>, priority=0)
2026-06-08T20:00:02.043051248Z [DEBUG] eToro-Momentum-LS.MessageBus: Added Subscription(topic=events.position.MLS_FlashCrashReversalStrategy_HUBS.ETORO_245-245, handler=<bound method Strategy.handle_event of FlashCrashReversalStrategy(MLS_FlashCrashReversalStrategy_HUBS.ETORO_245-245)>, priority=0)
2026-06-08T20:00:02.043054364Z [INFO] eToro-Momentum-LS.ExecEngine: Registered OMS.UNSPECIFIED for Strategy MLS_FlashCrashReversalStrategy_HUBS.ETORO_245-245
2026-06-08T20:00:02.043055025Z [INFO] eToro-Momentum-LS.eToro-Momentum-LS: Registered Strategy MLS_FlashCrashReversalStrategy_HUBS.ETORO_245-245
2026-06-08T20:00:02.043097385Z [INFO] eToro-Momentum-LS.MLS_FlashCrashReversalStrategy_HUBS.ETORO_246: READY
2026-06-08T20:00:02.043121099Z [DEBUG] eToro-Momentum-LS.MessageBus: Added Subscription(topic=events.order.MLS_FlashCrashReversalStrategy_HUBS.ETORO_246-246, handler=<bound method Strategy.handle_event of FlashCrashReversalStrategy(MLS_FlashCrashReversalStrategy_HUBS.ETORO_246-246)>, priority=0)
2026-06-08T20:00:02.043127371Z [DEBUG] eToro-Momentum-LS.MessageBus: Added Subscription(topic=events.position.MLS_FlashCrashReversalStrategy_HUBS.ETORO_246-246, handler=<bound method Strategy.handle_event of FlashCrashReversalStrategy(MLS_FlashCrashReversalStrategy_HUBS.ETORO_246-246)>, priority=0)
2026-06-08T20:00:02.043130577Z [INFO] eToro-Momentum-LS.ExecEngine: Registered OMS.UNSPECIFIED for Strategy MLS_FlashCrashReversalStrategy_HUBS.ETORO_246-246
2026-06-08T20:00:02.043131038Z [INFO] eToro-Momentum-LS.eToro-Momentum-LS: Registered Strategy MLS_FlashCrashReversalStrategy_HUBS.ETORO_246-246
2026-06-08T20:00:02.043174479Z [INFO] eToro-Momentum-LS.MLS_FlashCrashReversalStrategy_HUBS.ETORO_247: READY
2026-06-08T20:00:02.043222689Z [DEBUG] eToro-Momentum-LS.MessageBus: Added Subscription(topic=events.order.MLS_FlashCrashReversalStrategy_HUBS.ETORO_247-247, handler=<bound method Strategy.handle_event of FlashCrashReversalStrategy(MLS_FlashCrashReversalStrategy_HUBS.ETORO_247-247)>, priority=0)
2026-06-08T20:00:02.043229252Z [DEBUG] eToro-Momentum-LS.MessageBus: Added Subscription(topic=events.position.MLS_FlashCrashReversalStrategy_HUBS.ETORO_247-247, handler=<bound method Strategy.handle_event of FlashCrashReversalStrategy(MLS_FlashCrashReversalStrategy_HUBS.ETORO_247-247)>, priority=0)
2026-06-08T20:00:02.043232037Z [INFO] eToro-Momentum-LS.ExecEngine: Registered OMS.UNSPECIFIED for Strategy MLS_FlashCrashReversalStrategy_HUBS.ETORO_247-247
2026-06-08T20:00:02.043232798Z [INFO] eToro-Momentum-LS.eToro-Momentum-LS: Registered Strategy MLS_FlashCrashReversalStrategy_HUBS.ETORO_247-247
2026-06-08T20:00:02.043276741Z [INFO] eToro-Momentum-LS.MLS_FlashCrashReversalStrategy_HUBS.ETORO_248: READY
2026-06-08T20:00:02.043300555Z [DEBUG] eToro-Momentum-LS.MessageBus: Added Subscription(topic=events.order.MLS_FlashCrashReversalStrategy_HUBS.ETORO_248-248, handler=<bound method Strategy.handle_event of FlashCrashReversalStrategy(MLS_FlashCrashReversalStrategy_HUBS.ETORO_248-248)>, priority=0)
2026-06-08T20:00:02.043307218Z [DEBUG] eToro-Momentum-LS.MessageBus: Added Subscription(topic=events.position.MLS_FlashCrashReversalStrategy_HUBS.ETORO_248-248, handler=<bound method Strategy.handle_event of FlashCrashReversalStrategy(MLS_FlashCrashReversalStrategy_HUBS.ETORO_248-248)>, priority=0)
2026-06-08T20:00:02.043310023Z [INFO] eToro-Momentum-LS.ExecEngine: Registered OMS.UNSPECIFIED for Strategy MLS_FlashCrashReversalStrategy_HUBS.ETORO_248-248
2026-06-08T20:00:02.043310715Z [INFO] eToro-Momentum-LS.eToro-Momentum-LS: Registered Strategy MLS_FlashCrashReversalStrategy_HUBS.ETORO_248-248
2026-06-08T20:00:02.043349297Z [INFO] eToro-Momentum-LS.MLS_FlashCrashReversalStrategy_HUBS.ETORO_249: READY
2026-06-08T20:00:02.043376097Z [DEBUG] eToro-Momentum-LS.MessageBus: Added Subscription(topic=events.order.MLS_FlashCrashReversalStrategy_HUBS.ETORO_249-249, handler=<bound method Strategy.handle_event of FlashCrashReversalStrategy(MLS_FlashCrashReversalStrategy_HUBS.ETORO_249-249)>, priority=0)
2026-06-08T20:00:02.043382279Z [DEBUG] eToro-Momentum-LS.MessageBus: Added Subscription(topic=events.position.MLS_FlashCrashReversalStrategy_HUBS.ETORO_249-249, handler=<bound method Strategy.handle_event of FlashCrashReversalStrategy(MLS_FlashCrashReversalStrategy_HUBS.ETORO_249-249)>, priority=0)
2026-06-08T20:00:02.043385314Z [INFO] eToro-Momentum-LS.ExecEngine: Registered OMS.UNSPECIFIED for Strategy MLS_FlashCrashReversalStrategy_HUBS.ETORO_249-249
2026-06-08T20:00:02.043386056Z [INFO] eToro-Momentum-LS.eToro-Momentum-LS: Registered Strategy MLS_FlashCrashReversalStrategy_HUBS.ETORO_249-249
2026-06-08T20:00:02.043731183Z [INFO] eToro-Momentum-LS.MLS_MeanReversionStrategy_WIX.ETORO_250: READY
2026-06-08T20:00:02.043765768Z [DEBUG] eToro-Momentum-LS.MessageBus: Added Subscription(topic=events.order.MLS_MeanReversionStrategy_WIX.ETORO_250-250, handler=<bound method Strategy.handle_event of MeanReversionStrategy(MLS_MeanReversionStrategy_WIX.ETORO_250-250)>, priority=0)
2026-06-08T20:00:02.043772600Z [DEBUG] eToro-Momentum-LS.MessageBus: Added Subscription(topic=events.position.MLS_MeanReversionStrategy_WIX.ETORO_250-250, handler=<bound method Strategy.handle_event of MeanReversionStrategy(MLS_MeanReversionStrategy_WIX.ETORO_250-250)>, priority=0)
2026-06-08T20:00:02.043777269Z [INFO] eToro-Momentum-LS.ExecEngine: Registered OMS.UNSPECIFIED for Strategy MLS_MeanReversionStrategy_WIX.ETORO_250-250
2026-06-08T20:00:02.043778501Z [INFO] eToro-Momentum-LS.eToro-Momentum-LS: Registered Strategy MLS_MeanReversionStrategy_WIX.ETORO_250-250
2026-06-08T20:00:02.043841540Z [INFO] eToro-Momentum-LS.MLS_FlashCrashReversalStrategy_HAL.ETORO_251: READY
2026-06-08T20:00:02.043868460Z [DEBUG] eToro-Momentum-LS.MessageBus: Added Subscription(topic=events.order.MLS_FlashCrashReversalStrategy_HAL.ETORO_251-251, handler=<bound method Strategy.handle_event of FlashCrashReversalStrategy(MLS_FlashCrashReversalStrategy_HAL.ETORO_251-251)>, priority=0)
2026-06-08T20:00:02.043875864Z [DEBUG] eToro-Momentum-LS.MessageBus: Added Subscription(topic=events.position.MLS_FlashCrashReversalStrategy_HAL.ETORO_251-251, handler=<bound method Strategy.handle_event of FlashCrashReversalStrategy(MLS_FlashCrashReversalStrategy_HAL.ETORO_251-251)>, priority=0)
2026-06-08T20:00:02.043878609Z [INFO] eToro-Momentum-LS.ExecEngine: Registered OMS.UNSPECIFIED for Strategy MLS_FlashCrashReversalStrategy_HAL.ETORO_251-251
2026-06-08T20:00:02.043879270Z [INFO] eToro-Momentum-LS.eToro-Momentum-LS: Registered Strategy MLS_FlashCrashReversalStrategy_HAL.ETORO_251-251
2026-06-08T20:00:02.043932460Z [INFO] eToro-Momentum-LS.MLS_FlashCrashReversalStrategy_RHM.DE.ETORO_252: READY
2026-06-08T20:00:02.043956645Z [DEBUG] eToro-Momentum-LS.MessageBus: Added Subscription(topic=events.order.MLS_FlashCrashReversalStrategy_RHM.DE.ETORO_252-252, handler=<bound method Strategy.handle_event of FlashCrashReversalStrategy(MLS_FlashCrashReversalStrategy_RHM.DE.ETORO_252-252)>, priority=0)
2026-06-08T20:00:02.043963238Z [DEBUG] eToro-Momentum-LS.MessageBus: Added Subscription(topic=events.position.MLS_FlashCrashReversalStrategy_RHM.DE.ETORO_252-252, handler=<bound method Strategy.handle_event of FlashCrashReversalStrategy(MLS_FlashCrashReversalStrategy_RHM.DE.ETORO_252-252)>, priority=0)
2026-06-08T20:00:02.043964640Z [INFO] eToro-Momentum-LS.ExecEngine: Registered OMS.UNSPECIFIED for Strategy MLS_FlashCrashReversalStrategy_RHM.DE.ETORO_252-252
2026-06-08T20:00:02.043965242Z [INFO] eToro-Momentum-LS.eToro-Momentum-LS: Registered Strategy MLS_FlashCrashReversalStrategy_RHM.DE.ETORO_252-252
2026-06-08T20:00:02.044010607Z [INFO] eToro-Momentum-LS.MLS_FlashCrashReversalStrategy_PALL.ETORO_253: READY
2026-06-08T20:00:02.044034702Z [DEBUG] eToro-Momentum-LS.MessageBus: Added Subscription(topic=events.order.MLS_FlashCrashReversalStrategy_PALL.ETORO_253-253, handler=<bound method Strategy.handle_event of FlashCrashReversalStrategy(MLS_FlashCrashReversalStrategy_PALL.ETORO_253-253)>, priority=0)
2026-06-08T20:00:02.044041014Z [DEBUG] eToro-Momentum-LS.MessageBus: Added Subscription(topic=events.position.MLS_FlashCrashReversalStrategy_PALL.ETORO_253-253, handler=<bound method Strategy.handle_event of FlashCrashReversalStrategy(MLS_FlashCrashReversalStrategy_PALL.ETORO_253-253)>, priority=0)
2026-06-08T20:00:02.044044109Z [INFO] eToro-Momentum-LS.ExecEngine: Registered OMS.UNSPECIFIED for Strategy MLS_FlashCrashReversalStrategy_PALL.ETORO_253-253
2026-06-08T20:00:02.044044751Z [INFO] eToro-Momentum-LS.eToro-Momentum-LS: Registered Strategy MLS_FlashCrashReversalStrategy_PALL.ETORO_253-253
2026-06-08T20:00:02.044085597Z [INFO] eToro-Momentum-LS.MLS_FlashCrashReversalStrategy_NVS.ETORO_254: READY
2026-06-08T20:00:02.044108490Z [DEBUG] eToro-Momentum-LS.MessageBus: Added Subscription(topic=events.order.MLS_FlashCrashReversalStrategy_NVS.ETORO_254-254, handler=<bound method Strategy.handle_event of FlashCrashReversalStrategy(MLS_FlashCrashReversalStrategy_NVS.ETORO_254-254)>, priority=0)
2026-06-08T20:00:02.044114932Z [DEBUG] eToro-Momentum-LS.MessageBus: Added Subscription(topic=events.position.MLS_FlashCrashReversalStrategy_NVS.ETORO_254-254, handler=<bound method Strategy.handle_event of FlashCrashReversalStrategy(MLS_FlashCrashReversalStrategy_NVS.ETORO_254-254)>, priority=0)
2026-06-08T20:00:02.044117858Z [INFO] eToro-Momentum-LS.ExecEngine: Registered OMS.UNSPECIFIED for Strategy MLS_FlashCrashReversalStrategy_NVS.ETORO_254-254
2026-06-08T20:00:02.044118359Z [INFO] eToro-Momentum-LS.eToro-Momentum-LS: Registered Strategy MLS_FlashCrashReversalStrategy_NVS.ETORO_254-254
2026-06-08T20:00:02.044158794Z [INFO] eToro-Momentum-LS.MLS_FlashCrashReversalStrategy_DOCU.ETORO_255: READY
2026-06-08T20:00:02.044182539Z [DEBUG] eToro-Momentum-LS.MessageBus: Added Subscription(topic=events.order.MLS_FlashCrashReversalStrategy_DOCU.ETORO_255-255, handler=<bound method Strategy.handle_event of FlashCrashReversalStrategy(MLS_FlashCrashReversalStrategy_DOCU.ETORO_255-255)>, priority=0)
2026-06-08T20:00:02.044188781Z [DEBUG] eToro-Momentum-LS.MessageBus: Added Subscription(topic=events.position.MLS_FlashCrashReversalStrategy_DOCU.ETORO_255-255, handler=<bound method Strategy.handle_event of FlashCrashReversalStrategy(MLS_FlashCrashReversalStrategy_DOCU.ETORO_255-255)>, priority=0)
2026-06-08T20:00:02.044191596Z [INFO] eToro-Momentum-LS.ExecEngine: Registered OMS.UNSPECIFIED for Strategy MLS_FlashCrashReversalStrategy_DOCU.ETORO_255-255
2026-06-08T20:00:02.044192197Z [INFO] eToro-Momentum-LS.eToro-Momentum-LS: Registered Strategy MLS_FlashCrashReversalStrategy_DOCU.ETORO_255-255
2026-06-08T20:00:02.044260355Z [INFO] eToro-Momentum-LS.MLS_FlashCrashReversalStrategy_FSLY.ETORO_256: READY
2026-06-08T20:00:02.044285141Z [DEBUG] eToro-Momentum-LS.MessageBus: Added Subscription(topic=events.order.MLS_FlashCrashReversalStrategy_FSLY.ETORO_256-256, handler=<bound method Strategy.handle_event of FlashCrashReversalStrategy(MLS_FlashCrashReversalStrategy_FSLY.ETORO_256-256)>, priority=0)
2026-06-08T20:00:02.044291503Z [DEBUG] eToro-Momentum-LS.MessageBus: Added Subscription(topic=events.position.MLS_FlashCrashReversalStrategy_FSLY.ETORO_256-256, handler=<bound method Strategy.handle_event of FlashCrashReversalStrategy(MLS_FlashCrashReversalStrategy_FSLY.ETORO_256-256)>, priority=0)
2026-06-08T20:00:02.044294248Z [INFO] eToro-Momentum-LS.ExecEngine: Registered OMS.UNSPECIFIED for Strategy MLS_FlashCrashReversalStrategy_FSLY.ETORO_256-256
2026-06-08T20:00:02.044294940Z [INFO] eToro-Momentum-LS.eToro-Momentum-LS: Registered Strategy MLS_FlashCrashReversalStrategy_FSLY.ETORO_256-256
2026-06-08T20:00:02.044341166Z [INFO] eToro-Momentum-LS.MLS_FlashCrashReversalStrategy_TSEM.ETORO_257: READY
2026-06-08T20:00:02.044367175Z [DEBUG] eToro-Momentum-LS.MessageBus: Added Subscription(topic=events.order.MLS_FlashCrashReversalStrategy_TSEM.ETORO_257-257, handler=<bound method Strategy.handle_event of FlashCrashReversalStrategy(MLS_FlashCrashReversalStrategy_TSEM.ETORO_257-257)>, priority=0)
2026-06-08T20:00:02.044374198Z [DEBUG] eToro-Momentum-LS.MessageBus: Added Subscription(topic=events.position.MLS_FlashCrashReversalStrategy_TSEM.ETORO_257-257, handler=<bound method Strategy.handle_event of FlashCrashReversalStrategy(MLS_FlashCrashReversalStrategy_TSEM.ETORO_257-257)>, priority=0)
2026-06-08T20:00:02.044376843Z [INFO] eToro-Momentum-LS.ExecEngine: Registered OMS.UNSPECIFIED for Strategy MLS_FlashCrashReversalStrategy_TSEM.ETORO_257-257
2026-06-08T20:00:02.044377394Z [INFO] eToro-Momentum-LS.eToro-Momentum-LS: Registered Strategy MLS_FlashCrashReversalStrategy_TSEM.ETORO_257-257
2026-06-08T20:00:02.044422048Z [INFO] eToro-Momentum-LS.MLS_FlashCrashReversalStrategy_AG.ETORO_258: READY
2026-06-08T20:00:02.044446053Z [DEBUG] eToro-Momentum-LS.MessageBus: Added Subscription(topic=events.order.MLS_FlashCrashReversalStrategy_AG.ETORO_258-258, handler=<bound method Strategy.handle_event of FlashCrashReversalStrategy(MLS_FlashCrashReversalStrategy_AG.ETORO_258-258)>, priority=0)
2026-06-08T20:00:02.044453387Z [DEBUG] eToro-Momentum-LS.MessageBus: Added Subscription(topic=events.position.MLS_FlashCrashReversalStrategy_AG.ETORO_258-258, handler=<bound method Strategy.handle_event of FlashCrashReversalStrategy(MLS_FlashCrashReversalStrategy_AG.ETORO_258-258)>, priority=0)
2026-06-08T20:00:02.044456272Z [INFO] eToro-Momentum-LS.ExecEngine: Registered OMS.UNSPECIFIED for Strategy MLS_FlashCrashReversalStrategy_AG.ETORO_258-258
2026-06-08T20:00:02.044456923Z [INFO] eToro-Momentum-LS.eToro-Momentum-LS: Registered Strategy MLS_FlashCrashReversalStrategy_AG.ETORO_258-258
2026-06-08T20:00:02.044501908Z [INFO] eToro-Momentum-LS.MLS_FlashCrashReversalStrategy_XPEV.ETORO_259: READY
2026-06-08T20:00:02.044526464Z [DEBUG] eToro-Momentum-LS.MessageBus: Added Subscription(topic=events.order.MLS_FlashCrashReversalStrategy_XPEV.ETORO_259-259, handler=<bound method Strategy.handle_event of FlashCrashReversalStrategy(MLS_FlashCrashReversalStrategy_XPEV.ETORO_259-259)>, priority=0)
2026-06-08T20:00:02.044533697Z [DEBUG] eToro-Momentum-LS.MessageBus: Added Subscription(topic=events.position.MLS_FlashCrashReversalStrategy_XPEV.ETORO_259-259, handler=<bound method Strategy.handle_event of FlashCrashReversalStrategy(MLS_FlashCrashReversalStrategy_XPEV.ETORO_259-259)>, priority=0)
2026-06-08T20:00:02.044536433Z [INFO] eToro-Momentum-LS.ExecEngine: Registered OMS.UNSPECIFIED for Strategy MLS_FlashCrashReversalStrategy_XPEV.ETORO_259-259
2026-06-08T20:00:02.044537204Z [INFO] eToro-Momentum-LS.eToro-Momentum-LS: Registered Strategy MLS_FlashCrashReversalStrategy_XPEV.ETORO_259-259
2026-06-08T20:00:02.044577339Z [INFO] eToro-Momentum-LS.MLS_FlashCrashReversalStrategy_E.ETORO_260: READY
2026-06-08T20:00:02.044599731Z [DEBUG] eToro-Momentum-LS.MessageBus: Added Subscription(topic=events.order.MLS_FlashCrashReversalStrategy_E.ETORO_260-260, handler=<bound method Strategy.handle_event of FlashCrashReversalStrategy(MLS_FlashCrashReversalStrategy_E.ETORO_260-260)>, priority=0)
2026-06-08T20:00:02.044606784Z [DEBUG] eToro-Momentum-LS.MessageBus: Added Subscription(topic=events.position.MLS_FlashCrashReversalStrategy_E.ETORO_260-260, handler=<bound method Strategy.handle_event of FlashCrashReversalStrategy(MLS_FlashCrashReversalStrategy_E.ETORO_260-260)>, priority=0)
2026-06-08T20:00:02.044608458Z [INFO] eToro-Momentum-LS.ExecEngine: Registered OMS.UNSPECIFIED for Strategy MLS_FlashCrashReversalStrategy_E.ETORO_260-260
2026-06-08T20:00:02.044609019Z [INFO] eToro-Momentum-LS.eToro-Momentum-LS: Registered Strategy MLS_FlashCrashReversalStrategy_E.ETORO_260-260
2026-06-08T20:00:02.044651789Z [INFO] eToro-Momentum-LS.MLS_FlashCrashReversalStrategy_HUT.ETORO_261: READY
2026-06-08T20:00:02.044675153Z [DEBUG] eToro-Momentum-LS.MessageBus: Added Subscription(topic=events.order.MLS_FlashCrashReversalStrategy_HUT.ETORO_261-261, handler=<bound method Strategy.handle_event of FlashCrashReversalStrategy(MLS_FlashCrashReversalStrategy_HUT.ETORO_261-261)>, priority=0)
2026-06-08T20:00:02.044680603Z [DEBUG] eToro-Momentum-LS.MessageBus: Added Subscription(topic=events.position.MLS_FlashCrashReversalStrategy_HUT.ETORO_261-261, handler=<bound method Strategy.handle_event of FlashCrashReversalStrategy(MLS_FlashCrashReversalStrategy_HUT.ETORO_261-261)>, priority=0)
2026-06-08T20:00:02.044681705Z [INFO] eToro-Momentum-LS.ExecEngine: Registered OMS.UNSPECIFIED for Strategy MLS_FlashCrashReversalStrategy_HUT.ETORO_261-261
2026-06-08T20:00:02.044682356Z [INFO] eToro-Momentum-LS.eToro-Momentum-LS: Registered Strategy MLS_FlashCrashReversalStrategy_HUT.ETORO_261-261
2026-06-08T20:00:02.044729104Z [INFO] eToro-Momentum-LS.MLS_FlashCrashReversalStrategy_INSM.ETORO_262: READY
2026-06-08T20:00:02.044754712Z [DEBUG] eToro-Momentum-LS.MessageBus: Added Subscription(topic=events.order.MLS_FlashCrashReversalStrategy_INSM.ETORO_262-262, handler=<bound method Strategy.handle_event of FlashCrashReversalStrategy(MLS_FlashCrashReversalStrategy_INSM.ETORO_262-262)>, priority=0)
2026-06-08T20:00:02.044761044Z [DEBUG] eToro-Momentum-LS.MessageBus: Added Subscription(topic=events.position.MLS_FlashCrashReversalStrategy_INSM.ETORO_262-262, handler=<bound method Strategy.handle_event of FlashCrashReversalStrategy(MLS_FlashCrashReversalStrategy_INSM.ETORO_262-262)>, priority=0)
2026-06-08T20:00:02.044764150Z [INFO] eToro-Momentum-LS.ExecEngine: Registered OMS.UNSPECIFIED for Strategy MLS_FlashCrashReversalStrategy_INSM.ETORO_262-262
2026-06-08T20:00:02.044764630Z [INFO] eToro-Momentum-LS.eToro-Momentum-LS: Registered Strategy MLS_FlashCrashReversalStrategy_INSM.ETORO_262-262
2026-06-08T20:00:02.044806789Z [INFO] eToro-Momentum-LS.MLS_FlashCrashReversalStrategy_INSW.ETORO_263: READY
2026-06-08T20:00:02.044830985Z [DEBUG] eToro-Momentum-LS.MessageBus: Added Subscription(topic=events.order.MLS_FlashCrashReversalStrategy_INSW.ETORO_263-263, handler=<bound method Strategy.handle_event of FlashCrashReversalStrategy(MLS_FlashCrashReversalStrategy_INSW.ETORO_263-263)>, priority=0)
2026-06-08T20:00:02.044837227Z [DEBUG] eToro-Momentum-LS.MessageBus: Added Subscription(topic=events.position.MLS_FlashCrashReversalStrategy_INSW.ETORO_263-263, handler=<bound method Strategy.handle_event of FlashCrashReversalStrategy(MLS_FlashCrashReversalStrategy_INSW.ETORO_263-263)>, priority=0)
2026-06-08T20:00:02.044839691Z [INFO] eToro-Momentum-LS.ExecEngine: Registered OMS.UNSPECIFIED for Strategy MLS_FlashCrashReversalStrategy_INSW.ETORO_263-263
2026-06-08T20:00:02.044841194Z [INFO] eToro-Momentum-LS.eToro-Momentum-LS: Registered Strategy MLS_FlashCrashReversalStrategy_INSW.ETORO_263-263
2026-06-08T20:00:02.044885126Z [INFO] eToro-Momentum-LS.MLS_FlashCrashReversalStrategy_TTMI.ETORO_264: READY
2026-06-08T20:00:02.044908971Z [DEBUG] eToro-Momentum-LS.MessageBus: Added Subscription(topic=events.order.MLS_FlashCrashReversalStrategy_TTMI.ETORO_264-264, handler=<bound method Strategy.handle_event of FlashCrashReversalStrategy(MLS_FlashCrashReversalStrategy_TTMI.ETORO_264-264)>, priority=0)
2026-06-08T20:00:02.044916245Z [DEBUG] eToro-Momentum-LS.MessageBus: Added Subscription(topic=events.position.MLS_FlashCrashReversalStrategy_TTMI.ETORO_264-264, handler=<bound method Strategy.handle_event of FlashCrashReversalStrategy(MLS_FlashCrashReversalStrategy_TTMI.ETORO_264-264)>, priority=0)
2026-06-08T20:00:02.044918639Z [INFO] eToro-Momentum-LS.ExecEngine: Registered OMS.UNSPECIFIED for Strategy MLS_FlashCrashReversalStrategy_TTMI.ETORO_264-264
2026-06-08T20:00:02.044919190Z [INFO] eToro-Momentum-LS.eToro-Momentum-LS: Registered Strategy MLS_FlashCrashReversalStrategy_TTMI.ETORO_264-264
2026-06-08T20:00:02.044966669Z [INFO] eToro-Momentum-LS.MLS_FlashCrashReversalStrategy_ESLT.ETORO_265: READY
2026-06-08T20:00:02.044991666Z [DEBUG] eToro-Momentum-LS.MessageBus: Added Subscription(topic=events.order.MLS_FlashCrashReversalStrategy_ESLT.ETORO_265-265, handler=<bound method Strategy.handle_event of FlashCrashReversalStrategy(MLS_FlashCrashReversalStrategy_ESLT.ETORO_265-265)>, priority=0)
2026-06-08T20:00:02.044998238Z [DEBUG] eToro-Momentum-LS.MessageBus: Added Subscription(topic=events.position.MLS_FlashCrashReversalStrategy_ESLT.ETORO_265-265, handler=<bound method Strategy.handle_event of FlashCrashReversalStrategy(MLS_FlashCrashReversalStrategy_ESLT.ETORO_265-265)>, priority=0)
2026-06-08T20:00:02.045001204Z [INFO] eToro-Momentum-LS.ExecEngine: Registered OMS.UNSPECIFIED for Strategy MLS_FlashCrashReversalStrategy_ESLT.ETORO_265-265
2026-06-08T20:00:02.045001735Z [INFO] eToro-Momentum-LS.eToro-Momentum-LS: Registered Strategy MLS_FlashCrashReversalStrategy_ESLT.ETORO_265-265
2026-06-08T20:00:02.045023175Z [INFO] eToro-Momentum-LS.TradingNode: Building data client for ETORO_WS_CLIENT
2026-06-08T20:00:02.045043754Z [INFO] eToro-Momentum-LS.InstrumentProvider: READY
2026-06-08T20:00:02.045076034Z [INFO] eToro-Momentum-LS.DataClient-ETORO_WS_CLIENT: READY
2026-06-08T20:00:02.045138121Z [WARN] eToro-Momentum-LS.DataClient-ETORO_WS_CLIENT: eToro ID 10476 nicht in ETORO_INSTRUMENTS gefunden!
2026-06-08T20:00:02.045141697Z [WARN] eToro-Momentum-LS.DataClient-ETORO_WS_CLIENT: eToro ID 1138 nicht in ETORO_INSTRUMENTS gefunden!
2026-06-08T20:00:02.045146657Z [WARN] eToro-Momentum-LS.DataClient-ETORO_WS_CLIENT: eToro ID 4087 nicht in ETORO_INSTRUMENTS gefunden!
2026-06-08T20:00:02.045149322Z [WARN] eToro-Momentum-LS.DataClient-ETORO_WS_CLIENT: eToro ID 6705 nicht in ETORO_INSTRUMENTS gefunden!
2026-06-08T20:00:02.045155383Z [WARN] eToro-Momentum-LS.DataClient-ETORO_WS_CLIENT: eToro ID 7930 nicht in ETORO_INSTRUMENTS gefunden!
2026-06-08T20:00:02.045158930Z [WARN] eToro-Momentum-LS.DataClient-ETORO_WS_CLIENT: eToro ID 14310 nicht in ETORO_INSTRUMENTS gefunden!
2026-06-08T20:00:02.045159431Z [WARN] eToro-Momentum-LS.DataClient-ETORO_WS_CLIENT: eToro ID 5491 nicht in ETORO_INSTRUMENTS gefunden!
2026-06-08T20:00:02.045160773Z [WARN] eToro-Momentum-LS.DataClient-ETORO_WS_CLIENT: eToro ID 5657 nicht in ETORO_INSTRUMENTS gefunden!
2026-06-08T20:00:02.045161755Z [WARN] eToro-Momentum-LS.DataClient-ETORO_WS_CLIENT: eToro ID 7852 nicht in ETORO_INSTRUMENTS gefunden!
2026-06-08T20:00:02.045164711Z [WARN] eToro-Momentum-LS.DataClient-ETORO_WS_CLIENT: eToro ID 1115 nicht in ETORO_INSTRUMENTS gefunden!
2026-06-08T20:00:02.045165111Z [WARN] eToro-Momentum-LS.DataClient-ETORO_WS_CLIENT: eToro ID 6681 nicht in ETORO_INSTRUMENTS gefunden!
2026-06-08T20:00:02.045173287Z [INFO] eToro-Momentum-LS.DataEngine: Registered ETORO_WS_CLIENT
2026-06-08T20:00:02.045180851Z [INFO] eToro-Momentum-LS.TradingNode: Building execution client for ETORO
2026-06-08T20:00:02.100379872Z [INFO] eToro-Momentum-LS.InstrumentProvider: READY
2026-06-08T20:00:02.100439935Z [INFO] eToro-Momentum-LS.ExecClient-ETORO: READY
2026-06-08T20:00:02.100566081Z [INFO] eToro-Momentum-LS.ExecEngine: Registered ExecutionClient-ETORO
2026-06-08T20:00:02.101573650Z [INFO] eToro-Momentum-LS.TradingNode: STARTING
2026-06-08T20:00:02.101604088Z [DEBUG] eToro-Momentum-LS.MLS_FlashCrashReversalStrategy_SMTC.ETORO_0: Registered <concurrent.futures.thread.ThreadPoolExecutor object at 0x7991ceaefe90>
2026-06-08T20:00:02.101610149Z [DEBUG] eToro-Momentum-LS.MLS_FlashCrashReversalStrategy_SMTC.ETORO_1: Registered <concurrent.futures.thread.ThreadPoolExecutor object at 0x7991ceaefe90>
2026-06-08T20:00:02.101614978Z [DEBUG] eToro-Momentum-LS.MLS_FlashCrashReversalStrategy_SMTC.ETORO_2: Registered <concurrent.futures.thread.ThreadPoolExecutor object at 0x7991ceaefe90>
2026-06-08T20:00:02.101618094Z [DEBUG] eToro-Momentum-LS.MLS_FlashCrashReversalStrategy_SMTC.ETORO_3: Registered <concurrent.futures.thread.ThreadPoolExecutor object at 0x7991ceaefe90>
2026-06-08T20:00:02.101620759Z [DEBUG] eToro-Momentum-LS.MLS_FlashCrashReversalStrategy_SMTC.ETORO_4: Registered <concurrent.futures.thread.ThreadPoolExecutor object at 0x7991ceaefe90>
2026-06-08T20:00:02.101623374Z [DEBUG] eToro-Momentum-LS.MLS_FlashCrashReversalStrategy_SMTC.ETORO_5: Registered <concurrent.futures.thread.ThreadPoolExecutor object at 0x7991ceaefe90>
2026-06-08T20:00:02.101626439Z [DEBUG] eToro-Momentum-LS.MLS_FlashCrashReversalStrategy_SMTC.ETORO_6: Registered <concurrent.futures.thread.ThreadPoolExecutor object at 0x7991ceaefe90>
2026-06-08T20:00:02.101629185Z [DEBUG] eToro-Momentum-LS.MLS_FlashCrashReversalStrategy_SEI.US.ETORO_7: Registered <concurrent.futures.thread.ThreadPoolExecutor object at 0x7991ceaefe90>
2026-06-08T20:00:02.101632391Z [DEBUG] eToro-Momentum-LS.MLS_FlashCrashReversalStrategy_SEI.US.ETORO_8: Registered <concurrent.futures.thread.ThreadPoolExecutor object at 0x7991ceaefe90>
2026-06-08T20:00:02.101634665Z [DEBUG] eToro-Momentum-LS.MLS_FlashCrashReversalStrategy_SEI.US.ETORO_9: Registered <concurrent.futures.thread.ThreadPoolExecutor object at 0x7991ceaefe90>
2026-06-08T20:00:02.101637881Z [DEBUG] eToro-Momentum-LS.MLS_FlashCrashReversalStrategy_SEI.US.ETORO_10: Registered <concurrent.futures.thread.ThreadPoolExecutor object at 0x7991ceaefe90>
2026-06-08T20:00:02.101639965Z [DEBUG] eToro-Momentum-LS.MLS_FlashCrashReversalStrategy_SEI.US.ETORO_11: Registered <concurrent.futures.thread.ThreadPoolExecutor object at 0x7991ceaefe90>
2026-06-08T20:00:02.101642580Z [DEBUG] eToro-Momentum-LS.MLS_FlashCrashReversalStrategy_SEI.US.ETORO_12: Registered <concurrent.futures.thread.ThreadPoolExecutor object at 0x7991ceaefe90>
2026-06-08T20:00:02.101644944Z [DEBUG] eToro-Momentum-LS.MLS_FlashCrashReversalStrategy_SEI.US.ETORO_13: Registered <concurrent.futures.thread.ThreadPoolExecutor object at 0x7991ceaefe90>
2026-06-08T20:00:02.101647980Z [DEBUG] eToro-Momentum-LS.MLS_FlashCrashReversalStrategy_SEI.US.ETORO_14: Registered <concurrent.futures.thread.ThreadPoolExecutor object at 0x7991ceaefe90>
2026-06-08T20:00:02.101650955Z [DEBUG] eToro-Momentum-LS.MLS_FlashCrashReversalStrategy_SEI.US.ETORO_15: Registered <concurrent.futures.thread.ThreadPoolExecutor object at 0x7991ceaefe90>
2026-06-08T20:00:02.101653310Z [DEBUG] eToro-Momentum-LS.MLS_FlashCrashReversalStrategy_SEI.US.ETORO_16: Registered <concurrent.futures.thread.ThreadPoolExecutor object at 0x7991ceaefe90>
2026-06-08T20:00:02.101656055Z [DEBUG] eToro-Momentum-LS.MLS_FlashCrashReversalStrategy_SEI.US.ETORO_17: Registered <concurrent.futures.thread.ThreadPoolExecutor object at 0x7991ceaefe90>
2026-06-08T20:00:02.101658479Z [DEBUG] eToro-Momentum-LS.MLS_FlashCrashReversalStrategy_SEI.US.ETORO_18: Registered <concurrent.futures.thread.ThreadPoolExecutor object at 0x7991ceaefe90>
2026-06-08T20:00:02.101661956Z [DEBUG] eToro-Momentum-LS.MLS_FlashCrashReversalStrategy_SEI.US.ETORO_19: Registered <concurrent.futures.thread.ThreadPoolExecutor object at 0x7991ceaefe90>
2026-06-08T20:00:02.101665984Z [DEBUG] eToro-Momentum-LS.MLS_FlashCrashReversalStrategy_SEI.US.ETORO_20: Registered <concurrent.futures.thread.ThreadPoolExecutor object at 0x7991ceaefe90>
2026-06-08T20:00:02.101668809Z [DEBUG] eToro-Momentum-LS.MLS_FlashCrashReversalStrategy_SEI.US.ETORO_21: Registered <concurrent.futures.thread.ThreadPoolExecutor object at 0x7991ceaefe90>
2026-06-08T20:00:02.101763136Z [DEBUG] eToro-Momentum-LS.MLS_FlashCrashReversalStrategy_SEI.US.ETORO_22: Registered <concurrent.futures.thread.ThreadPoolExecutor object at 0x7991ceaefe90>
2026-06-08T20:00:02.101766352Z [DEBUG] eToro-Momentum-LS.MLS_FlashCrashReversalStrategy_SEI.US.ETORO_23: Registered <concurrent.futures.thread.ThreadPoolExecutor object at 0x7991ceaefe90>
2026-06-08T20:00:02.101768716Z [DEBUG] eToro-Momentum-LS.MLS_FlashCrashReversalStrategy_SEI.US.ETORO_24: Registered <concurrent.futures.thread.ThreadPoolExecutor object at 0x7991ceaefe90>
2026-06-08T20:00:02.101771672Z [DEBUG] eToro-Momentum-LS.MLS_FlashCrashReversalStrategy_SEI.US.ETORO_25: Registered <concurrent.futures.thread.ThreadPoolExecutor object at 0x7991ceaefe90>
2026-06-08T20:00:02.101774467Z [DEBUG] eToro-Momentum-LS.MLS_FlashCrashReversalStrategy_SEI.US.ETORO_26: Registered <concurrent.futures.thread.ThreadPoolExecutor object at 0x7991ceaefe90>
2026-06-08T20:00:02.101777613Z [DEBUG] eToro-Momentum-LS.MLS_FlashCrashReversalStrategy_SEI.US.ETORO_27: Registered <concurrent.futures.thread.ThreadPoolExecutor object at 0x7991ceaefe90>
2026-06-08T20:00:02.101780458Z [DEBUG] eToro-Momentum-LS.MLS_FlashCrashReversalStrategy_SEI.US.ETORO_28: Registered <concurrent.futures.thread.ThreadPoolExecutor object at 0x7991ceaefe90>
2026-06-08T20:00:02.101783183Z [DEBUG] eToro-Momentum-LS.MLS_FlashCrashReversalStrategy_SEI.US.ETORO_29: Registered <concurrent.futures.thread.ThreadPoolExecutor object at 0x7991ceaefe90>
2026-06-08T20:00:02.101785357Z [DEBUG] eToro-Momentum-LS.MLS_FlashCrashReversalStrategy_SEI.US.ETORO_30: Registered <concurrent.futures.thread.ThreadPoolExecutor object at 0x7991ceaefe90>
2026-06-08T20:00:02.101787592Z [DEBUG] eToro-Momentum-LS.MLS_FlashCrashReversalStrategy_SEI.US.ETORO_31: Registered <concurrent.futures.thread.ThreadPoolExecutor object at 0x7991ceaefe90>
2026-06-08T20:00:02.101790808Z [DEBUG] eToro-Momentum-LS.MLS_FlashCrashReversalStrategy_SEI.US.ETORO_32: Registered <concurrent.futures.thread.ThreadPoolExecutor object at 0x7991ceaefe90>
2026-06-08T20:00:02.101792912Z [DEBUG] eToro-Momentum-LS.MLS_FlashCrashReversalStrategy_SEI.US.ETORO_33: Registered <concurrent.futures.thread.ThreadPoolExecutor object at 0x7991ceaefe90>
2026-06-08T20:00:02.101795116Z [DEBUG] eToro-Momentum-LS.MLS_FlashCrashReversalStrategy_SEI.US.ETORO_34: Registered <concurrent.futures.thread.ThreadPoolExecutor object at 0x7991ceaefe90>
2026-06-08T20:00:02.101797510Z [DEBUG] eToro-Momentum-LS.MLS_FlashCrashReversalStrategy_SEI.US.ETORO_35: Registered <concurrent.futures.thread.ThreadPoolExecutor object at 0x7991ceaefe90>
2026-06-08T20:00:02.101800345Z [DEBUG] eToro-Momentum-LS.MLS_FlashCrashReversalStrategy_SEI.US.ETORO_36: Registered <concurrent.futures.thread.ThreadPoolExecutor object at 0x7991ceaefe90>
2026-06-08T20:00:02.101814221Z [DEBUG] eToro-Momentum-LS.MLS_FlashCrashReversalStrategy_SEI.US.ETORO_37: Registered <concurrent.futures.thread.ThreadPoolExecutor object at 0x7991ceaefe90>
2026-06-08T20:00:02.101816816Z [DEBUG] eToro-Momentum-LS.MLS_FlashCrashReversalStrategy_SEI.US.ETORO_38: Registered <concurrent.futures.thread.ThreadPoolExecutor object at 0x7991ceaefe90>
2026-06-08T20:00:02.101819301Z [DEBUG] eToro-Momentum-LS.MLS_FlashCrashReversalStrategy_SEI.US.ETORO_39: Registered <concurrent.futures.thread.ThreadPoolExecutor object at 0x7991ceaefe90>
2026-06-08T20:00:02.101822277Z [DEBUG] eToro-Momentum-LS.MLS_FlashCrashReversalStrategy_SEI.US.ETORO_40: Registered <concurrent.futures.thread.ThreadPoolExecutor object at 0x7991ceaefe90>
2026-06-08T20:00:02.101828188Z [DEBUG] eToro-Momentum-LS.MLS_FlashCrashReversalStrategy_SEI.US.ETORO_41: Registered <concurrent.futures.thread.ThreadPoolExecutor object at 0x7991ceaefe90>
2026-06-08T20:00:02.101831534Z [DEBUG] eToro-Momentum-LS.MLS_FlashCrashReversalStrategy_NOK.ETORO_42: Registered <concurrent.futures.thread.ThreadPoolExecutor object at 0x7991ceaefe90>
2026-06-08T20:00:02.101834349Z [DEBUG] eToro-Momentum-LS.MLS_FlashCrashReversalStrategy_NOK.ETORO_43: Registered <concurrent.futures.thread.ThreadPoolExecutor object at 0x7991ceaefe90>
2026-06-08T20:00:02.101837986Z [DEBUG] eToro-Momentum-LS.MLS_FlashCrashReversalStrategy_COHR.ETORO_44: Registered <concurrent.futures.thread.ThreadPoolExecutor object at 0x7991ceaefe90>
2026-06-08T20:00:02.101839920Z [DEBUG] eToro-Momentum-LS.MLS_FlashCrashReversalStrategy_COHR.ETORO_45: Registered <concurrent.futures.thread.ThreadPoolExecutor object at 0x7991ceaefe90>
2026-06-08T20:00:02.101842625Z [DEBUG] eToro-Momentum-LS.MLS_FlashCrashReversalStrategy_COHR.ETORO_46: Registered <concurrent.futures.thread.ThreadPoolExecutor object at 0x7991ceaefe90>
2026-06-08T20:00:02.101844929Z [DEBUG] eToro-Momentum-LS.MLS_FlashCrashReversalStrategy_COHR.ETORO_47: Registered <concurrent.futures.thread.ThreadPoolExecutor object at 0x7991ceaefe90>
2026-06-08T20:00:02.101847534Z [DEBUG] eToro-Momentum-LS.MLS_FlashCrashReversalStrategy_COHR.ETORO_48: Registered <concurrent.futures.thread.ThreadPoolExecutor object at 0x7991ceaefe90>
2026-06-08T20:00:02.101850019Z [DEBUG] eToro-Momentum-LS.MLS_FlashCrashReversalStrategy_COHR.ETORO_49: Registered <concurrent.futures.thread.ThreadPoolExecutor object at 0x7991ceaefe90>
2026-06-08T20:00:02.101853565Z [DEBUG] eToro-Momentum-LS.MLS_FlashCrashReversalStrategy_COHR.ETORO_50: Registered <concurrent.futures.thread.ThreadPoolExecutor object at 0x7991ceaefe90>
2026-06-08T20:00:02.101855729Z [DEBUG] eToro-Momentum-LS.MLS_FlashCrashReversalStrategy_COHR.ETORO_51: Registered <concurrent.futures.thread.ThreadPoolExecutor object at 0x7991ceaefe90>
2026-06-08T20:00:02.101858424Z [DEBUG] eToro-Momentum-LS.MLS_FlashCrashReversalStrategy_COHR.ETORO_52: Registered <concurrent.futures.thread.ThreadPoolExecutor object at 0x7991ceaefe90>
2026-06-08T20:00:02.101861320Z [DEBUG] eToro-Momentum-LS.MLS_FlashCrashReversalStrategy_COHR.ETORO_53: Registered <concurrent.futures.thread.ThreadPoolExecutor object at 0x7991ceaefe90>
2026-06-08T20:00:02.101863774Z [DEBUG] eToro-Momentum-LS.MLS_FlashCrashReversalStrategy_COHR.ETORO_54: Registered <concurrent.futures.thread.ThreadPoolExecutor object at 0x7991ceaefe90>
2026-06-08T20:00:02.101870497Z [DEBUG] eToro-Momentum-LS.MLS_FlashCrashReversalStrategy_FRO.ETORO_55: Registered <concurrent.futures.thread.ThreadPoolExecutor object at 0x7991ceaefe90>
2026-06-08T20:00:02.101873022Z [DEBUG] eToro-Momentum-LS.MLS_FlashCrashReversalStrategy_FRO.ETORO_56: Registered <concurrent.futures.thread.ThreadPoolExecutor object at 0x7991ceaefe90>
2026-06-08T20:00:02.101875587Z [DEBUG] eToro-Momentum-LS.MLS_FlashCrashReversalStrategy_FRO.ETORO_57: Registered <concurrent.futures.thread.ThreadPoolExecutor object at 0x7991ceaefe90>
2026-06-08T20:00:02.101878833Z [DEBUG] eToro-Momentum-LS.MLS_FlashCrashReversalStrategy_FRO.ETORO_58: Registered <concurrent.futures.thread.ThreadPoolExecutor object at 0x7991ceaefe90>
2026-06-08T20:00:02.101882710Z [DEBUG] eToro-Momentum-LS.MLS_FlashCrashReversalStrategy_FRO.ETORO_59: Registered <concurrent.futures.thread.ThreadPoolExecutor object at 0x7991ceaefe90>
2026-06-08T20:00:02.101884784Z [DEBUG] eToro-Momentum-LS.MLS_FlashCrashReversalStrategy_FRO.ETORO_60: Registered <concurrent.futures.thread.ThreadPoolExecutor object at 0x7991ceaefe90>
2026-06-08T20:00:02.101888250Z [DEBUG] eToro-Momentum-LS.MLS_FlashCrashReversalStrategy_FRO.ETORO_61: Registered <concurrent.futures.thread.ThreadPoolExecutor object at 0x7991ceaefe90>
2026-06-08T20:00:02.101893240Z [DEBUG] eToro-Momentum-LS.MLS_FlashCrashReversalStrategy_FRO.ETORO_62: Registered <concurrent.futures.thread.ThreadPoolExecutor object at 0x7991ceaefe90>
2026-06-08T20:00:02.101895674Z [DEBUG] eToro-Momentum-LS.MLS_FlashCrashReversalStrategy_FRO.ETORO_63: Registered <concurrent.futures.thread.ThreadPoolExecutor object at 0x7991ceaefe90>
2026-06-08T20:00:02.101902437Z [DEBUG] eToro-Momentum-LS.MLS_FlashCrashReversalStrategy_FRO.ETORO_64: Registered <concurrent.futures.thread.ThreadPoolExecutor object at 0x7991ceaefe90>
2026-06-08T20:00:02.101905763Z [DEBUG] eToro-Momentum-LS.MLS_FlashCrashReversalStrategy_FRO.ETORO_65: Registered <concurrent.futures.thread.ThreadPoolExecutor object at 0x7991ceaefe90>
2026-06-08T20:00:02.101925280Z [DEBUG] eToro-Momentum-LS.MLS_FlashCrashReversalStrategy_FRO.ETORO_66: Registered <concurrent.futures.thread.ThreadPoolExecutor object at 0x7991ceaefe90>
2026-06-08T20:00:02.101935168Z [DEBUG] eToro-Momentum-LS.MLS_FlashCrashReversalStrategy_LQDA.ETORO_67: Registered <concurrent.futures.thread.ThreadPoolExecutor object at 0x7991ceaefe90>
2026-06-08T20:00:02.101939566Z [DEBUG] eToro-Momentum-LS.MLS_FlashCrashReversalStrategy_LQDA.ETORO_68: Registered <concurrent.futures.thread.ThreadPoolExecutor object at 0x7991ceaefe90>
2026-06-08T20:00:02.101948583Z [DEBUG] eToro-Momentum-LS.MLS_FlashCrashReversalStrategy_LQDA.ETORO_69: Registered <concurrent.futures.thread.ThreadPoolExecutor object at 0x7991ceaefe90>
2026-06-08T20:00:02.101952411Z [DEBUG] eToro-Momentum-LS.MLS_FlashCrashReversalStrategy_LQDA.ETORO_70: Registered <concurrent.futures.thread.ThreadPoolExecutor object at 0x7991ceaefe90>
2026-06-08T20:00:02.101954925Z [DEBUG] eToro-Momentum-LS.MLS_FlashCrashReversalStrategy_LQDA.ETORO_71: Registered <concurrent.futures.thread.ThreadPoolExecutor object at 0x7991ceaefe90>
2026-06-08T20:00:02.101959644Z [DEBUG] eToro-Momentum-LS.MLS_FlashCrashReversalStrategy_LQDA.ETORO_72: Registered <concurrent.futures.thread.ThreadPoolExecutor object at 0x7991ceaefe90>
2026-06-08T20:00:02.101961528Z [DEBUG] eToro-Momentum-LS.MLS_FlashCrashReversalStrategy_LQDA.ETORO_73: Registered <concurrent.futures.thread.ThreadPoolExecutor object at 0x7991ceaefe90>
2026-06-08T20:00:02.101973791Z [DEBUG] eToro-Momentum-LS.MLS_FlashCrashReversalStrategy_LQDA.ETORO_74: Registered <concurrent.futures.thread.ThreadPoolExecutor object at 0x7991ceaefe90>
2026-06-08T20:00:02.101983599Z [DEBUG] eToro-Momentum-LS.MLS_FlashCrashReversalStrategy_LQDA.ETORO_75: Registered <concurrent.futures.thread.ThreadPoolExecutor object at 0x7991ceaefe90>
2026-06-08T20:00:02.101986645Z [DEBUG] eToro-Momentum-LS.MLS_FlashCrashReversalStrategy_LQDA.ETORO_76: Registered <concurrent.futures.thread.ThreadPoolExecutor object at 0x7991ceaefe90>
2026-06-08T20:00:02.101989009Z [DEBUG] eToro-Momentum-LS.MLS_FlashCrashReversalStrategy_LQDA.ETORO_77: Registered <concurrent.futures.thread.ThreadPoolExecutor object at 0x7991ceaefe90>
2026-06-08T20:00:02.101997555Z [DEBUG] eToro-Momentum-LS.MLS_FlashCrashReversalStrategy_LQDA.ETORO_78: Registered <concurrent.futures.thread.ThreadPoolExecutor object at 0x7991ceaefe90>
2026-06-08T20:00:02.101999609Z [DEBUG] eToro-Momentum-LS.MLS_FlashCrashReversalStrategy_LQDA.ETORO_79: Registered <concurrent.futures.thread.ThreadPoolExecutor object at 0x7991ceaefe90>
2026-06-08T20:00:02.102008977Z [DEBUG] eToro-Momentum-LS.MLS_FlashCrashReversalStrategy_LQDA.ETORO_80: Registered <concurrent.futures.thread.ThreadPoolExecutor object at 0x7991ceaefe90>
2026-06-08T20:00:02.102013726Z [DEBUG] eToro-Momentum-LS.MLS_FlashCrashReversalStrategy_LQDA.ETORO_81: Registered <concurrent.futures.thread.ThreadPoolExecutor object at 0x7991ceaefe90>
2026-06-08T20:00:02.102019156Z [DEBUG] eToro-Momentum-LS.MLS_FlashCrashReversalStrategy_LQDA.ETORO_82: Registered <concurrent.futures.thread.ThreadPoolExecutor object at 0x7991ceaefe90>
2026-06-08T20:00:02.102023313Z [DEBUG] eToro-Momentum-LS.MLS_FlashCrashReversalStrategy_LQDA.ETORO_83: Registered <concurrent.futures.thread.ThreadPoolExecutor object at 0x7991ceaefe90>
2026-06-08T20:00:02.102027942Z [DEBUG] eToro-Momentum-LS.MLS_FlashCrashReversalStrategy_LQDA.ETORO_84: Registered <concurrent.futures.thread.ThreadPoolExecutor object at 0x7991ceaefe90>
2026-06-08T20:00:02.102033573Z [DEBUG] eToro-Momentum-LS.MLS_FlashCrashReversalStrategy_LQDA.ETORO_85: Registered <concurrent.futures.thread.ThreadPoolExecutor object at 0x7991ceaefe90>
2026-06-08T20:00:02.102042489Z [DEBUG] eToro-Momentum-LS.MLS_FlashCrashReversalStrategy_MTZ.ETORO_86: Registered <concurrent.futures.thread.ThreadPoolExecutor object at 0x7991ceaefe90>
2026-06-08T20:00:02.102051186Z [DEBUG] eToro-Momentum-LS.MLS_FlashCrashReversalStrategy_MTZ.ETORO_87: Registered <concurrent.futures.thread.ThreadPoolExecutor object at 0x7991ceaefe90>
2026-06-08T20:00:02.102054382Z [DEBUG] eToro-Momentum-LS.MLS_FlashCrashReversalStrategy_MTZ.ETORO_88: Registered <concurrent.futures.thread.ThreadPoolExecutor object at 0x7991ceaefe90>
2026-06-08T20:00:02.102065092Z [DEBUG] eToro-Momentum-LS.MLS_FlashCrashReversalStrategy_MTZ.ETORO_89: Registered <concurrent.futures.thread.ThreadPoolExecutor object at 0x7991ceaefe90>
2026-06-08T20:00:02.102069771Z [DEBUG] eToro-Momentum-LS.MLS_FlashCrashReversalStrategy_MTZ.ETORO_90: Registered <concurrent.futures.thread.ThreadPoolExecutor object at 0x7991ceaefe90>
2026-06-08T20:00:02.102072626Z [DEBUG] eToro-Momentum-LS.MLS_FlashCrashReversalStrategy_MTZ.ETORO_91: Registered <concurrent.futures.thread.ThreadPoolExecutor object at 0x7991ceaefe90>
2026-06-08T20:00:02.102075371Z [DEBUG] eToro-Momentum-LS.MLS_FlashCrashReversalStrategy_MTZ.ETORO_92: Registered <concurrent.futures.thread.ThreadPoolExecutor object at 0x7991ceaefe90>
2026-06-08T20:00:02.102085610Z [DEBUG] eToro-Momentum-LS.MLS_FlashCrashReversalStrategy_MTZ.ETORO_93: Registered <concurrent.futures.thread.ThreadPoolExecutor object at 0x7991ceaefe90>
2026-06-08T20:00:02.102093545Z [DEBUG] eToro-Momentum-LS.MLS_FlashCrashReversalStrategy_MTZ.ETORO_94: Registered <concurrent.futures.thread.ThreadPoolExecutor object at 0x7991ceaefe90>
2026-06-08T20:00:02.102098144Z [DEBUG] eToro-Momentum-LS.MLS_FlashCrashReversalStrategy_MTZ.ETORO_95: Registered <concurrent.futures.thread.ThreadPoolExecutor object at 0x7991ceaefe90>
2026-06-08T20:00:02.102103414Z [DEBUG] eToro-Momentum-LS.MLS_FlashCrashReversalStrategy_MTZ.ETORO_96: Registered <concurrent.futures.thread.ThreadPoolExecutor object at 0x7991ceaefe90>
2026-06-08T20:00:02.102112861Z [DEBUG] eToro-Momentum-LS.MLS_FlashCrashReversalStrategy_MTZ.ETORO_97: Registered <concurrent.futures.thread.ThreadPoolExecutor object at 0x7991ceaefe90>
2026-06-08T20:00:02.102118592Z [DEBUG] eToro-Momentum-LS.MLS_FlashCrashReversalStrategy_MTZ.ETORO_98: Registered <concurrent.futures.thread.ThreadPoolExecutor object at 0x7991ceaefe90>
2026-06-08T20:00:02.102128180Z [DEBUG] eToro-Momentum-LS.MLS_FlashCrashReversalStrategy_MTZ.ETORO_99: Registered <concurrent.futures.thread.ThreadPoolExecutor object at 0x7991ceaefe90>
2026-06-08T20:00:02.102134201Z [DEBUG] eToro-Momentum-LS.MLS_FlashCrashReversalStrategy_MTZ.ETORO_100: Registered <concurrent.futures.thread.ThreadPoolExecutor object at 0x7991ceaefe90>
2026-06-08T20:00:02.102137217Z [DEBUG] eToro-Momentum-LS.MLS_FlashCrashReversalStrategy_MTZ.ETORO_101: Registered <concurrent.futures.thread.ThreadPoolExecutor object at 0x7991ceaefe90>
2026-06-08T20:00:02.102141635Z [DEBUG] eToro-Momentum-LS.MLS_FlashCrashReversalStrategy_MTZ.ETORO_102: Registered <concurrent.futures.thread.ThreadPoolExecutor object at 0x7991ceaefe90>
2026-06-08T20:00:02.102149390Z [DEBUG] eToro-Momentum-LS.MLS_FlashCrashReversalStrategy_FDX.ETORO_103: Registered <concurrent.futures.thread.ThreadPoolExecutor object at 0x7991ceaefe90>
2026-06-08T20:00:02.102154840Z [DEBUG] eToro-Momentum-LS.MLS_FlashCrashReversalStrategy_FDX.ETORO_104: Registered <concurrent.futures.thread.ThreadPoolExecutor object at 0x7991ceaefe90>
2026-06-08T20:00:02.102159639Z [DEBUG] eToro-Momentum-LS.MLS_FlashCrashReversalStrategy_FDX.ETORO_105: Registered <concurrent.futures.thread.ThreadPoolExecutor object at 0x7991ceaefe90>
2026-06-08T20:00:02.102167213Z [DEBUG] eToro-Momentum-LS.MLS_FlashCrashReversalStrategy_FDX.ETORO_106: Registered <concurrent.futures.thread.ThreadPoolExecutor object at 0x7991ceaefe90>
2026-06-08T20:00:02.102171481Z [DEBUG] eToro-Momentum-LS.MLS_FlashCrashReversalStrategy_FDX.ETORO_107: Registered <concurrent.futures.thread.ThreadPoolExecutor object at 0x7991ceaefe90>
2026-06-08T20:00:02.102176861Z [DEBUG] eToro-Momentum-LS.MLS_FlashCrashReversalStrategy_FDX.ETORO_108: Registered <concurrent.futures.thread.ThreadPoolExecutor object at 0x7991ceaefe90>
2026-06-08T20:00:02.102808275Z [DEBUG] eToro-Momentum-LS.MLS_FlashCrashReversalStrategy_FDX.ETORO_109: Registered <concurrent.futures.thread.ThreadPoolExecutor object at 0x7991ceaefe90>
2026-06-08T20:00:02.102815359Z [DEBUG] eToro-Momentum-LS.MLS_FlashCrashReversalStrategy_FDX.ETORO_110: Registered <concurrent.futures.thread.ThreadPoolExecutor object at 0x7991ceaefe90>
2026-06-08T20:00:02.102825277Z [DEBUG] eToro-Momentum-LS.MLS_FlashCrashReversalStrategy_AMKR.ETORO_111: Registered <concurrent.futures.thread.ThreadPoolExecutor object at 0x7991ceaefe90>
2026-06-08T20:00:02.102829776Z [DEBUG] eToro-Momentum-LS.MLS_FlashCrashReversalStrategy_AMKR.ETORO_112: Registered <concurrent.futures.thread.ThreadPoolExecutor object at 0x7991ceaefe90>
2026-06-08T20:00:02.102833993Z [DEBUG] eToro-Momentum-LS.MLS_FlashCrashReversalStrategy_AMKR.ETORO_113: Registered <concurrent.futures.thread.ThreadPoolExecutor object at 0x7991ceaefe90>
2026-06-08T20:00:02.102836548Z [DEBUG] eToro-Momentum-LS.MLS_FlashCrashReversalStrategy_AMKR.ETORO_114: Registered <concurrent.futures.thread.ThreadPoolExecutor object at 0x7991ceaefe90>
2026-06-08T20:00:02.102839524Z [DEBUG] eToro-Momentum-LS.MLS_FlashCrashReversalStrategy_AMKR.ETORO_115: Registered <concurrent.futures.thread.ThreadPoolExecutor object at 0x7991ceaefe90>
2026-06-08T20:00:02.102841538Z [DEBUG] eToro-Momentum-LS.MLS_FlashCrashReversalStrategy_AMKR.ETORO_116: Registered <concurrent.futures.thread.ThreadPoolExecutor object at 0x7991ceaefe90>
2026-06-08T20:00:02.102844643Z [DEBUG] eToro-Momentum-LS.MLS_FlashCrashReversalStrategy_AMKR.ETORO_117: Registered <concurrent.futures.thread.ThreadPoolExecutor object at 0x7991ceaefe90>
2026-06-08T20:00:02.102847168Z [DEBUG] eToro-Momentum-LS.MLS_FlashCrashReversalStrategy_AMKR.ETORO_118: Registered <concurrent.futures.thread.ThreadPoolExecutor object at 0x7991ceaefe90>
2026-06-08T20:00:02.102855504Z [DEBUG] eToro-Momentum-LS.MLS_FlashCrashReversalStrategy_AMKR.ETORO_119: Registered <concurrent.futures.thread.ThreadPoolExecutor object at 0x7991ceaefe90>
2026-06-08T20:00:02.102860353Z [DEBUG] eToro-Momentum-LS.MLS_FlashCrashReversalStrategy_AMKR.ETORO_120: Registered <concurrent.futures.thread.ThreadPoolExecutor object at 0x7991ceaefe90>
2026-06-08T20:00:02.102865803Z [DEBUG] eToro-Momentum-LS.MLS_FlashCrashReversalStrategy_SE.ETORO_121: Registered <concurrent.futures.thread.ThreadPoolExecutor object at 0x7991ceaefe90>
2026-06-08T20:00:02.102869771Z [DEBUG] eToro-Momentum-LS.MLS_FlashCrashReversalStrategy_SE.ETORO_122: Registered <concurrent.futures.thread.ThreadPoolExecutor object at 0x7991ceaefe90>
2026-06-08T20:00:02.102872516Z [DEBUG] eToro-Momentum-LS.MLS_FlashCrashReversalStrategy_SE.ETORO_123: Registered <concurrent.futures.thread.ThreadPoolExecutor object at 0x7991ceaefe90>
2026-06-08T20:00:02.102882044Z [DEBUG] eToro-Momentum-LS.MLS_FlashCrashReversalStrategy_SE.ETORO_124: Registered <concurrent.futures.thread.ThreadPoolExecutor object at 0x7991ceaefe90>
2026-06-08T20:00:02.102885470Z [DEBUG] eToro-Momentum-LS.MLS_FlashCrashReversalStrategy_SE.ETORO_125: Registered <concurrent.futures.thread.ThreadPoolExecutor object at 0x7991ceaefe90>
2026-06-08T20:00:02.102892112Z [DEBUG] eToro-Momentum-LS.MLS_FlashCrashReversalStrategy_SE.ETORO_126: Registered <concurrent.futures.thread.ThreadPoolExecutor object at 0x7991ceaefe90>
2026-06-08T20:00:02.102896100Z [DEBUG] eToro-Momentum-LS.MLS_FlashCrashReversalStrategy_SE.ETORO_127: Registered <concurrent.futures.thread.ThreadPoolExecutor object at 0x7991ceaefe90>
2026-06-08T20:00:02.102899436Z [DEBUG] eToro-Momentum-LS.MLS_FlashCrashReversalStrategy_SE.ETORO_128: Registered <concurrent.futures.thread.ThreadPoolExecutor object at 0x7991ceaefe90>
2026-06-08T20:00:02.102905167Z [DEBUG] eToro-Momentum-LS.MLS_FlashCrashReversalStrategy_ASX.ETORO_129: Registered <concurrent.futures.thread.ThreadPoolExecutor object at 0x7991ceaefe90>
2026-06-08T20:00:02.102912982Z [DEBUG] eToro-Momentum-LS.MLS_FlashCrashReversalStrategy_ASX.ETORO_130: Registered <concurrent.futures.thread.ThreadPoolExecutor object at 0x7991ceaefe90>
2026-06-08T20:00:02.102923752Z [DEBUG] eToro-Momentum-LS.MLS_FlashCrashReversalStrategy_ASX.ETORO_131: Registered <concurrent.futures.thread.ThreadPoolExecutor object at 0x7991ceaefe90>
2026-06-08T20:00:02.102928000Z [DEBUG] eToro-Momentum-LS.MLS_FlashCrashReversalStrategy_ASX.ETORO_132: Registered <concurrent.futures.thread.ThreadPoolExecutor object at 0x7991ceaefe90>
2026-06-08T20:00:02.102932338Z [DEBUG] eToro-Momentum-LS.MLS_FlashCrashReversalStrategy_SQM.ETORO_133: Registered <concurrent.futures.thread.ThreadPoolExecutor object at 0x7991ceaefe90>
2026-06-08T20:00:02.102941154Z [DEBUG] eToro-Momentum-LS.MLS_FlashCrashReversalStrategy_SQM.ETORO_134: Registered <concurrent.futures.thread.ThreadPoolExecutor object at 0x7991ceaefe90>
2026-06-08T20:00:02.102949380Z [DEBUG] eToro-Momentum-LS.MLS_FlashCrashReversalStrategy_SQM.ETORO_135: Registered <concurrent.futures.thread.ThreadPoolExecutor object at 0x7991ceaefe90>
2026-06-08T20:00:02.102953457Z [DEBUG] eToro-Momentum-LS.MLS_FlashCrashReversalStrategy_SQM.ETORO_136: Registered <concurrent.futures.thread.ThreadPoolExecutor object at 0x7991ceaefe90>
2026-06-08T20:00:02.102957535Z [DEBUG] eToro-Momentum-LS.MLS_FlashCrashReversalStrategy_SQM.ETORO_137: Registered <concurrent.futures.thread.ThreadPoolExecutor object at 0x7991ceaefe90>
2026-06-08T20:00:02.102962474Z [DEBUG] eToro-Momentum-LS.MLS_FlashCrashReversalStrategy_SQM.ETORO_138: Registered <concurrent.futures.thread.ThreadPoolExecutor object at 0x7991ceaefe90>
2026-06-08T20:00:02.102967053Z [DEBUG] eToro-Momentum-LS.MLS_FlashCrashReversalStrategy_SQM.ETORO_139: Registered <concurrent.futures.thread.ThreadPoolExecutor object at 0x7991ceaefe90>
2026-06-08T20:00:02.102969447Z [DEBUG] eToro-Momentum-LS.MLS_FlashCrashReversalStrategy_SQM.ETORO_140: Registered <concurrent.futures.thread.ThreadPoolExecutor object at 0x7991ceaefe90>
2026-06-08T20:00:02.102972233Z [DEBUG] eToro-Momentum-LS.MLS_FlashCrashReversalStrategy_SQM.ETORO_141: Registered <concurrent.futures.thread.ThreadPoolExecutor object at 0x7991ceaefe90>
2026-06-08T20:00:02.102977122Z [DEBUG] eToro-Momentum-LS.MLS_FlashCrashReversalStrategy_SQM.ETORO_142: Registered <concurrent.futures.thread.ThreadPoolExecutor object at 0x7991ceaefe90>
2026-06-08T20:00:02.102982682Z [DEBUG] eToro-Momentum-LS.MLS_FlashCrashReversalStrategy_SQM.ETORO_143: Registered <concurrent.futures.thread.ThreadPoolExecutor object at 0x7991ceaefe90>
2026-06-08T20:00:02.102984967Z [DEBUG] eToro-Momentum-LS.MLS_FlashCrashReversalStrategy_SQM.ETORO_144: Registered <concurrent.futures.thread.ThreadPoolExecutor object at 0x7991ceaefe90>
2026-06-08T20:00:02.102991779Z [DEBUG] eToro-Momentum-LS.MLS_FlashCrashReversalStrategy_SQM.ETORO_145: Registered <concurrent.futures.thread.ThreadPoolExecutor object at 0x7991ceaefe90>
2026-06-08T20:00:02.102997330Z [DEBUG] eToro-Momentum-LS.MLS_FlashCrashReversalStrategy_SQM.ETORO_146: Registered <concurrent.futures.thread.ThreadPoolExecutor object at 0x7991ceaefe90>
2026-06-08T20:00:02.103005886Z [DEBUG] eToro-Momentum-LS.MLS_FlashCrashReversalStrategy_SQM.ETORO_147: Registered <concurrent.futures.thread.ThreadPoolExecutor object at 0x7991ceaefe90>
2026-06-08T20:00:02.103011076Z [DEBUG] eToro-Momentum-LS.MLS_FlashCrashReversalStrategy_SQM.ETORO_148: Registered <concurrent.futures.thread.ThreadPoolExecutor object at 0x7991ceaefe90>
2026-06-08T20:00:02.103016856Z [DEBUG] eToro-Momentum-LS.MLS_FlashCrashReversalStrategy_SQM.ETORO_149: Registered <concurrent.futures.thread.ThreadPoolExecutor object at 0x7991ceaefe90>
2026-06-08T20:00:02.103021004Z [DEBUG] eToro-Momentum-LS.MLS_FlashCrashReversalStrategy_SQM.ETORO_150: Registered <concurrent.futures.thread.ThreadPoolExecutor object at 0x7991ceaefe90>
2026-06-08T20:00:02.103029530Z [DEBUG] eToro-Momentum-LS.MLS_FlashCrashReversalStrategy_SQM.ETORO_151: Registered <concurrent.futures.thread.ThreadPoolExecutor object at 0x7991ceaefe90>
2026-06-08T20:00:02.103034339Z [DEBUG] eToro-Momentum-LS.MLS_FlashCrashReversalStrategy_MNDY.ETORO_152: Registered <concurrent.futures.thread.ThreadPoolExecutor object at 0x7991ceaefe90>
2026-06-08T20:00:02.103041392Z [DEBUG] eToro-Momentum-LS.MLS_FlashCrashReversalStrategy_MNDY.ETORO_153: Registered <concurrent.futures.thread.ThreadPoolExecutor object at 0x7991ceaefe90>
2026-06-08T20:00:02.103045410Z [DEBUG] eToro-Momentum-LS.MLS_FlashCrashReversalStrategy_MNDY.ETORO_154: Registered <concurrent.futures.thread.ThreadPoolExecutor object at 0x7991ceaefe90>
2026-06-08T20:00:02.142973931Z [DEBUG] eToro-Momentum-LS.MLS_FlashCrashReversalStrategy_MNDY.ETORO_155: Registered <concurrent.futures.thread.ThreadPoolExecutor object at 0x7991ceaefe90>
2026-06-08T20:00:02.142988669Z [DEBUG] eToro-Momentum-LS.MLS_FlashCrashReversalStrategy_MNDY.ETORO_156: Registered <concurrent.futures.thread.ThreadPoolExecutor object at 0x7991ceaefe90>
2026-06-08T20:00:02.142992797Z [DEBUG] eToro-Momentum-LS.MLS_FlashCrashReversalStrategy_MNDY.ETORO_157: Registered <concurrent.futures.thread.ThreadPoolExecutor object at 0x7991ceaefe90>
2026-06-08T20:00:02.142996944Z [DEBUG] eToro-Momentum-LS.MLS_FlashCrashReversalStrategy_MNDY.ETORO_158: Registered <concurrent.futures.thread.ThreadPoolExecutor object at 0x7991ceaefe90>
2026-06-08T20:00:02.143001252Z [DEBUG] eToro-Momentum-LS.MLS_FlashCrashReversalStrategy_ELF.ETORO_159: Registered <concurrent.futures.thread.ThreadPoolExecutor object at 0x7991ceaefe90>
2026-06-08T20:00:02.143004619Z [DEBUG] eToro-Momentum-LS.MLS_FlashCrashReversalStrategy_ELF.ETORO_160: Registered <concurrent.futures.thread.ThreadPoolExecutor object at 0x7991ceaefe90>
2026-06-08T20:00:02.143007644Z [DEBUG] eToro-Momentum-LS.MLS_FlashCrashReversalStrategy_ELF.ETORO_161: Registered <concurrent.futures.thread.ThreadPoolExecutor object at 0x7991ceaefe90>
2026-06-08T20:00:02.143010219Z [DEBUG] eToro-Momentum-LS.MLS_FlashCrashReversalStrategy_ELF.ETORO_162: Registered <concurrent.futures.thread.ThreadPoolExecutor object at 0x7991ceaefe90>
2026-06-08T20:00:02.143014006Z [DEBUG] eToro-Momentum-LS.MLS_FlashCrashReversalStrategy_ELF.ETORO_163: Registered <concurrent.futures.thread.ThreadPoolExecutor object at 0x7991ceaefe90>
2026-06-08T20:00:02.143017012Z [DEBUG] eToro-Momentum-LS.MLS_FlashCrashReversalStrategy_ELF.ETORO_164: Registered <concurrent.futures.thread.ThreadPoolExecutor object at 0x7991ceaefe90>
2026-06-08T20:00:02.143028844Z [DEBUG] eToro-Momentum-LS.MLS_FlashCrashReversalStrategy_VRT.ETORO_165: Registered <concurrent.futures.thread.ThreadPoolExecutor object at 0x7991ceaefe90>
2026-06-08T20:00:02.143031349Z [DEBUG] eToro-Momentum-LS.MLS_FlashCrashReversalStrategy_VRT.ETORO_166: Registered <concurrent.futures.thread.ThreadPoolExecutor object at 0x7991ceaefe90>
2026-06-08T20:00:02.143034946Z [DEBUG] eToro-Momentum-LS.MLS_FlashCrashReversalStrategy_VRT.ETORO_167: Registered <concurrent.futures.thread.ThreadPoolExecutor object at 0x7991ceaefe90>
2026-06-08T20:00:02.143042740Z [DEBUG] eToro-Momentum-LS.MLS_FlashCrashReversalStrategy_VRT.ETORO_168: Registered <concurrent.futures.thread.ThreadPoolExecutor object at 0x7991ceaefe90>
2026-06-08T20:00:02.143046377Z [DEBUG] eToro-Momentum-LS.MLS_FlashCrashReversalStrategy_VRT.ETORO_169: Registered <concurrent.futures.thread.ThreadPoolExecutor object at 0x7991ceaefe90>
2026-06-08T20:00:02.143049463Z [DEBUG] eToro-Momentum-LS.MLS_FlashCrashReversalStrategy_VRT.ETORO_170: Registered <concurrent.futures.thread.ThreadPoolExecutor object at 0x7991ceaefe90>
2026-06-08T20:00:02.143054122Z [DEBUG] eToro-Momentum-LS.MLS_FlashCrashReversalStrategy_VRT.ETORO_171: Registered <concurrent.futures.thread.ThreadPoolExecutor object at 0x7991ceaefe90>
2026-06-08T20:00:02.143065703Z [DEBUG] eToro-Momentum-LS.MLS_FlashCrashReversalStrategy_VRT.ETORO_172: Registered <concurrent.futures.thread.ThreadPoolExecutor object at 0x7991ceaefe90>
2026-06-08T20:00:02.143068889Z [DEBUG] eToro-Momentum-LS.MLS_FlashCrashReversalStrategy_VRT.ETORO_173: Registered <concurrent.futures.thread.ThreadPoolExecutor object at 0x7991ceaefe90>
2026-06-08T20:00:02.143082785Z [DEBUG] eToro-Momentum-LS.MLS_FlashCrashReversalStrategy_CIEN.ETORO_174: Registered <concurrent.futures.thread.ThreadPoolExecutor object at 0x7991ceaefe90>
2026-06-08T20:00:02.143086993Z [DEBUG] eToro-Momentum-LS.MLS_FlashCrashReversalStrategy_CIEN.ETORO_175: Registered <concurrent.futures.thread.ThreadPoolExecutor object at 0x7991ceaefe90>
2026-06-08T20:00:02.143092403Z [DEBUG] eToro-Momentum-LS.MLS_FlashCrashReversalStrategy_CIEN.ETORO_176: Registered <concurrent.futures.thread.ThreadPoolExecutor object at 0x7991ceaefe90>
2026-06-08T20:00:02.143094868Z [DEBUG] eToro-Momentum-LS.MLS_FlashCrashReversalStrategy_CIEN.ETORO_177: Registered <concurrent.futures.thread.ThreadPoolExecutor object at 0x7991ceaefe90>
2026-06-08T20:00:02.143099777Z [DEBUG] eToro-Momentum-LS.MLS_FlashCrashReversalStrategy_CIEN.ETORO_178: Registered <concurrent.futures.thread.ThreadPoolExecutor object at 0x7991ceaefe90>
2026-06-08T20:00:02.143109696Z [DEBUG] eToro-Momentum-LS.MLS_FlashCrashReversalStrategy_CIEN.ETORO_179: Registered <concurrent.futures.thread.ThreadPoolExecutor object at 0x7991ceaefe90>
2026-06-08T20:00:02.143117791Z [DEBUG] eToro-Momentum-LS.MLS_FlashCrashReversalStrategy_POWL.ETORO_180: Registered <concurrent.futures.thread.ThreadPoolExecutor object at 0x7991ceaefe90>
2026-06-08T20:00:02.143122109Z [DEBUG] eToro-Momentum-LS.MLS_FlashCrashReversalStrategy_POWL.ETORO_181: Registered <concurrent.futures.thread.ThreadPoolExecutor object at 0x7991ceaefe90>
2026-06-08T20:00:02.143129312Z [DEBUG] eToro-Momentum-LS.MLS_FlashCrashReversalStrategy_POWL.ETORO_182: Registered <concurrent.futures.thread.ThreadPoolExecutor object at 0x7991ceaefe90>
2026-06-08T20:00:02.143133601Z [DEBUG] eToro-Momentum-LS.MLS_FlashCrashReversalStrategy_POWL.ETORO_183: Registered <concurrent.futures.thread.ThreadPoolExecutor object at 0x7991ceaefe90>
2026-06-08T20:00:02.143140964Z [DEBUG] eToro-Momentum-LS.MLS_FlashCrashReversalStrategy_POWL.ETORO_184: Registered <concurrent.futures.thread.ThreadPoolExecutor object at 0x7991ceaefe90>
2026-06-08T20:00:02.143144120Z [DEBUG] eToro-Momentum-LS.MLS_FlashCrashReversalStrategy_POWL.ETORO_185: Registered <concurrent.futures.thread.ThreadPoolExecutor object at 0x7991ceaefe90>
2026-06-08T20:00:02.143149120Z [DEBUG] eToro-Momentum-LS.MLS_FlashCrashReversalStrategy_POWL.ETORO_186: Registered <concurrent.futures.thread.ThreadPoolExecutor object at 0x7991ceaefe90>
2026-06-08T20:00:02.143153057Z [DEBUG] eToro-Momentum-LS.MLS_FlashCrashReversalStrategy_POWL.ETORO_187: Registered <concurrent.futures.thread.ThreadPoolExecutor object at 0x7991ceaefe90>
2026-06-08T20:00:02.143160962Z [DEBUG] eToro-Momentum-LS.MLS_FlashCrashReversalStrategy_POWL.ETORO_188: Registered <concurrent.futures.thread.ThreadPoolExecutor object at 0x7991ceaefe90>
2026-06-08T20:00:02.143164118Z [DEBUG] eToro-Momentum-LS.MLS_FlashCrashReversalStrategy_POWL.ETORO_189: Registered <concurrent.futures.thread.ThreadPoolExecutor object at 0x7991ceaefe90>
2026-06-08T20:00:02.143166923Z [DEBUG] eToro-Momentum-LS.MLS_FlashCrashReversalStrategy_PBR.ETORO_190: Registered <concurrent.futures.thread.ThreadPoolExecutor object at 0x7991ceaefe90>
2026-06-08T20:00:02.143169067Z [DEBUG] eToro-Momentum-LS.MLS_FlashCrashReversalStrategy_PBR.ETORO_191: Registered <concurrent.futures.thread.ThreadPoolExecutor object at 0x7991ceaefe90>
2026-06-08T20:00:02.143172253Z [DEBUG] eToro-Momentum-LS.MLS_FlashCrashReversalStrategy_PBR.ETORO_192: Registered <concurrent.futures.thread.ThreadPoolExecutor object at 0x7991ceaefe90>
2026-06-08T20:00:02.143175299Z [DEBUG] eToro-Momentum-LS.MLS_FlashCrashReversalStrategy_PBR.ETORO_193: Registered <concurrent.futures.thread.ThreadPoolExecutor object at 0x7991ceaefe90>
2026-06-08T20:00:02.143181140Z [DEBUG] eToro-Momentum-LS.MLS_FlashCrashReversalStrategy_PBR.ETORO_194: Registered <concurrent.futures.thread.ThreadPoolExecutor object at 0x7991ceaefe90>
2026-06-08T20:00:02.143185157Z [DEBUG] eToro-Momentum-LS.MLS_FlashCrashReversalStrategy_PINS.ETORO_195: Registered <concurrent.futures.thread.ThreadPoolExecutor object at 0x7991ceaefe90>
2026-06-08T20:00:02.143188123Z [DEBUG] eToro-Momentum-LS.MLS_FlashCrashReversalStrategy_PINS.ETORO_196: Registered <concurrent.futures.thread.ThreadPoolExecutor object at 0x7991ceaefe90>
2026-06-08T20:00:02.143190647Z [DEBUG] eToro-Momentum-LS.MLS_FlashCrashReversalStrategy_PINS.ETORO_197: Registered <concurrent.futures.thread.ThreadPoolExecutor object at 0x7991ceaefe90>
2026-06-08T20:00:02.143210194Z [DEBUG] eToro-Momentum-LS.MLS_FlashCrashReversalStrategy_PINS.ETORO_198: Registered <concurrent.futures.thread.ThreadPoolExecutor object at 0x7991ceaefe90>
2026-06-08T20:00:02.143214562Z [DEBUG] eToro-Momentum-LS.MLS_FlashCrashReversalStrategy_PINS.ETORO_199: Registered <concurrent.futures.thread.ThreadPoolExecutor object at 0x7991ceaefe90>
2026-06-08T20:00:02.143217528Z [DEBUG] eToro-Momentum-LS.MLS_FlashCrashReversalStrategy_PINS.ETORO_200: Registered <concurrent.futures.thread.ThreadPoolExecutor object at 0x7991ceaefe90>
2026-06-08T20:00:02.143220363Z [DEBUG] eToro-Momentum-LS.MLS_FlashCrashReversalStrategy_PINS.ETORO_201: Registered <concurrent.futures.thread.ThreadPoolExecutor object at 0x7991ceaefe90>
2026-06-08T20:00:02.143223960Z [DEBUG] eToro-Momentum-LS.MLS_FlashCrashReversalStrategy_PINS.ETORO_202: Registered <concurrent.futures.thread.ThreadPoolExecutor object at 0x7991ceaefe90>
2026-06-08T20:00:02.143227146Z [DEBUG] eToro-Momentum-LS.MLS_FlashCrashReversalStrategy_NTSK.ETORO_203: Registered <concurrent.futures.thread.ThreadPoolExecutor object at 0x7991ceaefe90>
2026-06-08T20:00:02.143250650Z [DEBUG] eToro-Momentum-LS.MLS_FlashCrashReversalStrategy_EEFT.ETORO_204: Registered <concurrent.futures.thread.ThreadPoolExecutor object at 0x7991ceaefe90>
2026-06-08T20:00:02.143256200Z [DEBUG] eToro-Momentum-LS.MLS_FlashCrashReversalStrategy_EEFT.ETORO_205: Registered <concurrent.futures.thread.ThreadPoolExecutor object at 0x7991ceaefe90>
2026-06-08T20:00:02.143264235Z [DEBUG] eToro-Momentum-LS.MLS_FlashCrashReversalStrategy_EEFT.ETORO_206: Registered <concurrent.futures.thread.ThreadPoolExecutor object at 0x7991ceaefe90>
2026-06-08T20:00:02.143269515Z [DEBUG] eToro-Momentum-LS.MLS_FlashCrashReversalStrategy_EEFT.ETORO_207: Registered <concurrent.futures.thread.ThreadPoolExecutor object at 0x7991ceaefe90>
2026-06-08T20:00:02.143273302Z [DEBUG] eToro-Momentum-LS.MLS_FlashCrashReversalStrategy_EEFT.ETORO_208: Registered <concurrent.futures.thread.ThreadPoolExecutor object at 0x7991ceaefe90>
2026-06-08T20:00:02.143278041Z [DEBUG] eToro-Momentum-LS.MLS_FlashCrashReversalStrategy_EEFT.ETORO_209: Registered <concurrent.futures.thread.ThreadPoolExecutor object at 0x7991ceaefe90>
2026-06-08T20:00:02.143281698Z [DEBUG] eToro-Momentum-LS.MLS_FlashCrashReversalStrategy_EEFT.ETORO_210: Registered <concurrent.futures.thread.ThreadPoolExecutor object at 0x7991ceaefe90>
2026-06-08T20:00:02.143286688Z [DEBUG] eToro-Momentum-LS.MLS_FlashCrashReversalStrategy_EEFT.ETORO_211: Registered <concurrent.futures.thread.ThreadPoolExecutor object at 0x7991ceaefe90>
2026-06-08T20:00:02.143291567Z [DEBUG] eToro-Momentum-LS.MLS_FlashCrashReversalStrategy_EEFT.ETORO_212: Registered <concurrent.futures.thread.ThreadPoolExecutor object at 0x7991ceaefe90>
2026-06-08T20:00:02.143296045Z [DEBUG] eToro-Momentum-LS.MLS_FlashCrashReversalStrategy_EEFT.ETORO_213: Registered <concurrent.futures.thread.ThreadPoolExecutor object at 0x7991ceaefe90>
2026-06-08T20:00:02.143300012Z [DEBUG] eToro-Momentum-LS.MLS_FlashCrashReversalStrategy_EEFT.ETORO_214: Registered <concurrent.futures.thread.ThreadPoolExecutor object at 0x7991ceaefe90>
2026-06-08T20:00:02.143304210Z [DEBUG] eToro-Momentum-LS.MLS_FlashCrashReversalStrategy_EEFT.ETORO_215: Registered <concurrent.futures.thread.ThreadPoolExecutor object at 0x7991ceaefe90>
2026-06-08T20:00:02.143308048Z [DEBUG] eToro-Momentum-LS.MLS_FlashCrashReversalStrategy_EEFT.ETORO_216: Registered <concurrent.futures.thread.ThreadPoolExecutor object at 0x7991ceaefe90>
2026-06-08T20:00:02.143312586Z [DEBUG] eToro-Momentum-LS.MLS_FlashCrashReversalStrategy_GTLB.ETORO_217: Registered <concurrent.futures.thread.ThreadPoolExecutor object at 0x7991ceaefe90>
2026-06-08T20:00:02.143317385Z [DEBUG] eToro-Momentum-LS.MLS_FlashCrashReversalStrategy_GTLB.ETORO_218: Registered <concurrent.futures.thread.ThreadPoolExecutor object at 0x7991ceaefe90>
2026-06-08T20:00:02.143323106Z [DEBUG] eToro-Momentum-LS.MLS_FlashCrashReversalStrategy_JAZZ.ETORO_219: Registered <concurrent.futures.thread.ThreadPoolExecutor object at 0x7991ceaefe90>
2026-06-08T20:00:02.143325861Z [DEBUG] eToro-Momentum-LS.MLS_FlashCrashReversalStrategy_JAZZ.ETORO_220: Registered <concurrent.futures.thread.ThreadPoolExecutor object at 0x7991ceaefe90>
2026-06-08T20:00:02.143343785Z [DEBUG] eToro-Momentum-LS.MLS_FlashCrashReversalStrategy_JAZZ.ETORO_221: Registered <concurrent.futures.thread.ThreadPoolExecutor object at 0x7991ceaefe90>
2026-06-08T20:00:02.143348473Z [DEBUG] eToro-Momentum-LS.MLS_FlashCrashReversalStrategy_JAZZ.ETORO_222: Registered <concurrent.futures.thread.ThreadPoolExecutor object at 0x7991ceaefe90>
2026-06-08T20:00:02.143358101Z [DEBUG] eToro-Momentum-LS.MLS_FlashCrashReversalStrategy_JAZZ.ETORO_223: Registered <concurrent.futures.thread.ThreadPoolExecutor object at 0x7991ceaefe90>
2026-06-08T20:00:02.143363381Z [DEBUG] eToro-Momentum-LS.MLS_FlashCrashReversalStrategy_JAZZ.ETORO_224: Registered <concurrent.futures.thread.ThreadPoolExecutor object at 0x7991ceaefe90>
2026-06-08T20:00:02.143366387Z [DEBUG] eToro-Momentum-LS.MLS_FlashCrashReversalStrategy_JAZZ.ETORO_225: Registered <concurrent.futures.thread.ThreadPoolExecutor object at 0x7991ceaefe90>
2026-06-08T20:00:02.143372428Z [DEBUG] eToro-Momentum-LS.MLS_FlashCrashReversalStrategy_JAZZ.ETORO_226: Registered <concurrent.futures.thread.ThreadPoolExecutor object at 0x7991ceaefe90>
2026-06-08T20:00:02.143376606Z [DEBUG] eToro-Momentum-LS.MLS_FlashCrashReversalStrategy_JAZZ.ETORO_227: Registered <concurrent.futures.thread.ThreadPoolExecutor object at 0x7991ceaefe90>
2026-06-08T20:00:02.143379231Z [DEBUG] eToro-Momentum-LS.MLS_FlashCrashReversalStrategy_JAZZ.ETORO_228: Registered <concurrent.futures.thread.ThreadPoolExecutor object at 0x7991ceaefe90>
2026-06-08T20:00:02.143386695Z [DEBUG] eToro-Momentum-LS.MLS_FlashCrashReversalStrategy_JAZZ.ETORO_229: Registered <concurrent.futures.thread.ThreadPoolExecutor object at 0x7991ceaefe90>
2026-06-08T20:00:02.143390703Z [DEBUG] eToro-Momentum-LS.MLS_FlashCrashReversalStrategy_JAZZ.ETORO_230: Registered <concurrent.futures.thread.ThreadPoolExecutor object at 0x7991ceaefe90>
2026-06-08T20:00:02.143397355Z [DEBUG] eToro-Momentum-LS.MLS_FlashCrashReversalStrategy_JAZZ.ETORO_231: Registered <concurrent.futures.thread.ThreadPoolExecutor object at 0x7991ceaefe90>
2026-06-08T20:00:02.143400331Z [DEBUG] eToro-Momentum-LS.MLS_FlashCrashReversalStrategy_JAZZ.ETORO_232: Registered <concurrent.futures.thread.ThreadPoolExecutor object at 0x7991ceaefe90>
2026-06-08T20:00:02.143404799Z [DEBUG] eToro-Momentum-LS.MLS_FlashCrashReversalStrategy_JAZZ.ETORO_233: Registered <concurrent.futures.thread.ThreadPoolExecutor object at 0x7991ceaefe90>
2026-06-08T20:00:02.143407424Z [DEBUG] eToro-Momentum-LS.MLS_FlashCrashReversalStrategy_HUBS.ETORO_234: Registered <concurrent.futures.thread.ThreadPoolExecutor object at 0x7991ceaefe90>
2026-06-08T20:00:02.143411882Z [DEBUG] eToro-Momentum-LS.MLS_FlashCrashReversalStrategy_HUBS.ETORO_235: Registered <concurrent.futures.thread.ThreadPoolExecutor object at 0x7991ceaefe90>
2026-06-08T20:00:02.143417543Z [DEBUG] eToro-Momentum-LS.MLS_FlashCrashReversalStrategy_HUBS.ETORO_236: Registered <concurrent.futures.thread.ThreadPoolExecutor object at 0x7991ceaefe90>
2026-06-08T20:00:02.143421340Z [DEBUG] eToro-Momentum-LS.MLS_FlashCrashReversalStrategy_HUBS.ETORO_237: Registered <concurrent.futures.thread.ThreadPoolExecutor object at 0x7991ceaefe90>
2026-06-08T20:00:02.143429515Z [DEBUG] eToro-Momentum-LS.MLS_FlashCrashReversalStrategy_HUBS.ETORO_238: Registered <concurrent.futures.thread.ThreadPoolExecutor object at 0x7991ceaefe90>
2026-06-08T20:00:02.143435086Z [DEBUG] eToro-Momentum-LS.MLS_FlashCrashReversalStrategy_HUBS.ETORO_239: Registered <concurrent.futures.thread.ThreadPoolExecutor object at 0x7991ceaefe90>
2026-06-08T20:00:02.143440456Z [DEBUG] eToro-Momentum-LS.MLS_FlashCrashReversalStrategy_HUBS.ETORO_240: Registered <concurrent.futures.thread.ThreadPoolExecutor object at 0x7991ceaefe90>
2026-06-08T20:00:02.143443542Z [DEBUG] eToro-Momentum-LS.MLS_FlashCrashReversalStrategy_HUBS.ETORO_241: Registered <concurrent.futures.thread.ThreadPoolExecutor object at 0x7991ceaefe90>
2026-06-08T20:00:02.143459822Z [DEBUG] eToro-Momentum-LS.MLS_FlashCrashReversalStrategy_HUBS.ETORO_242: Registered <concurrent.futures.thread.ThreadPoolExecutor object at 0x7991ceaefe90>
2026-06-08T20:00:02.143465503Z [DEBUG] eToro-Momentum-LS.MLS_FlashCrashReversalStrategy_HUBS.ETORO_243: Registered <concurrent.futures.thread.ThreadPoolExecutor object at 0x7991ceaefe90>
2026-06-08T20:00:02.143470161Z [DEBUG] eToro-Momentum-LS.MLS_FlashCrashReversalStrategy_HUBS.ETORO_244: Registered <concurrent.futures.thread.ThreadPoolExecutor object at 0x7991ceaefe90>
2026-06-08T20:00:02.143474470Z [DEBUG] eToro-Momentum-LS.MLS_FlashCrashReversalStrategy_HUBS.ETORO_245: Registered <concurrent.futures.thread.ThreadPoolExecutor object at 0x7991ceaefe90>
2026-06-08T20:00:02.143477455Z [DEBUG] eToro-Momentum-LS.MLS_FlashCrashReversalStrategy_HUBS.ETORO_246: Registered <concurrent.futures.thread.ThreadPoolExecutor object at 0x7991ceaefe90>
2026-06-08T20:00:02.143482986Z [DEBUG] eToro-Momentum-LS.MLS_FlashCrashReversalStrategy_HUBS.ETORO_247: Registered <concurrent.futures.thread.ThreadPoolExecutor object at 0x7991ceaefe90>
2026-06-08T20:00:02.143488095Z [DEBUG] eToro-Momentum-LS.MLS_FlashCrashReversalStrategy_HUBS.ETORO_248: Registered <concurrent.futures.thread.ThreadPoolExecutor object at 0x7991ceaefe90>
2026-06-08T20:00:02.143492032Z [DEBUG] eToro-Momentum-LS.MLS_FlashCrashReversalStrategy_HUBS.ETORO_249: Registered <concurrent.futures.thread.ThreadPoolExecutor object at 0x7991ceaefe90>
2026-06-08T20:00:02.143498885Z [DEBUG] eToro-Momentum-LS.MLS_MeanReversionStrategy_WIX.ETORO_250: Registered <concurrent.futures.thread.ThreadPoolExecutor object at 0x7991ceaefe90>
2026-06-08T20:00:02.143501150Z [DEBUG] eToro-Momentum-LS.MLS_FlashCrashReversalStrategy_HAL.ETORO_251: Registered <concurrent.futures.thread.ThreadPoolExecutor object at 0x7991ceaefe90>
2026-06-08T20:00:02.143506680Z [DEBUG] eToro-Momentum-LS.MLS_FlashCrashReversalStrategy_RHM.DE.ETORO_252: Registered <concurrent.futures.thread.ThreadPoolExecutor object at 0x7991ceaefe90>
2026-06-08T20:00:02.143509335Z [DEBUG] eToro-Momentum-LS.MLS_FlashCrashReversalStrategy_PALL.ETORO_253: Registered <concurrent.futures.thread.ThreadPoolExecutor object at 0x7991ceaefe90>
2026-06-08T20:00:02.143513543Z [DEBUG] eToro-Momentum-LS.MLS_FlashCrashReversalStrategy_NVS.ETORO_254: Registered <concurrent.futures.thread.ThreadPoolExecutor object at 0x7991ceaefe90>
2026-06-08T20:00:02.143518031Z [DEBUG] eToro-Momentum-LS.MLS_FlashCrashReversalStrategy_DOCU.ETORO_255: Registered <concurrent.futures.thread.ThreadPoolExecutor object at 0x7991ceaefe90>
2026-06-08T20:00:02.143524323Z [DEBUG] eToro-Momentum-LS.MLS_FlashCrashReversalStrategy_FSLY.ETORO_256: Registered <concurrent.futures.thread.ThreadPoolExecutor object at 0x7991ceaefe90>
2026-06-08T20:00:02.143530675Z [DEBUG] eToro-Momentum-LS.MLS_FlashCrashReversalStrategy_TSEM.ETORO_257: Registered <concurrent.futures.thread.ThreadPoolExecutor object at 0x7991ceaefe90>
2026-06-08T20:00:02.143535294Z [DEBUG] eToro-Momentum-LS.MLS_FlashCrashReversalStrategy_AG.ETORO_258: Registered <concurrent.futures.thread.ThreadPoolExecutor object at 0x7991ceaefe90>
2026-06-08T20:00:02.143543058Z [DEBUG] eToro-Momentum-LS.MLS_FlashCrashReversalStrategy_XPEV.ETORO_259: Registered <concurrent.futures.thread.ThreadPoolExecutor object at 0x7991ceaefe90>
2026-06-08T20:00:02.143546685Z [DEBUG] eToro-Momentum-LS.MLS_FlashCrashReversalStrategy_E.ETORO_260: Registered <concurrent.futures.thread.ThreadPoolExecutor object at 0x7991ceaefe90>
2026-06-08T20:00:02.143551314Z [DEBUG] eToro-Momentum-LS.MLS_FlashCrashReversalStrategy_HUT.ETORO_261: Registered <concurrent.futures.thread.ThreadPoolExecutor object at 0x7991ceaefe90>
2026-06-08T20:00:02.143560421Z [DEBUG] eToro-Momentum-LS.MLS_FlashCrashReversalStrategy_INSM.ETORO_262: Registered <concurrent.futures.thread.ThreadPoolExecutor object at 0x7991ceaefe90>
2026-06-08T20:00:02.143564058Z [DEBUG] eToro-Momentum-LS.MLS_FlashCrashReversalStrategy_INSW.ETORO_263: Registered <concurrent.futures.thread.ThreadPoolExecutor object at 0x7991ceaefe90>
2026-06-08T20:00:02.143567614Z [DEBUG] eToro-Momentum-LS.MLS_FlashCrashReversalStrategy_TTMI.ETORO_264: Registered <concurrent.futures.thread.ThreadPoolExecutor object at 0x7991ceaefe90>
2026-06-08T20:00:02.143585468Z [DEBUG] eToro-Momentum-LS.MLS_FlashCrashReversalStrategy_ESLT.ETORO_265: Registered <concurrent.futures.thread.ThreadPoolExecutor object at 0x7991ceaefe90>
2026-06-08T20:00:02.143605485Z [DEBUG] eToro-Momentum-LS.DataEngine: STARTING
2026-06-08T20:00:02.143610184Z [DEBUG] eToro-Momentum-LS.DataClient-ETORO_WS_CLIENT: STARTING
2026-06-08T20:00:02.143636153Z [INFO] eToro-Momentum-LS.DataClient-ETORO_WS_CLIENT: RUNNING
2026-06-08T20:00:02.143652283Z [DEBUG] eToro-Momentum-LS.DataEngine: Scheduled task 'cmd_queue'
2026-06-08T20:00:02.143654006Z [DEBUG] eToro-Momentum-LS.DataEngine: Scheduled task 'req_queue'
2026-06-08T20:00:02.143654387Z [DEBUG] eToro-Momentum-LS.DataEngine: Scheduled task 'res_queue'
2026-06-08T20:00:02.143654697Z [DEBUG] eToro-Momentum-LS.DataEngine: Scheduled task 'data_queue'
2026-06-08T20:00:02.143657673Z [INFO] eToro-Momentum-LS.DataEngine: RUNNING
2026-06-08T20:00:02.143662282Z [DEBUG] eToro-Momentum-LS.RiskEngine: STARTING
2026-06-08T20:00:02.143666500Z [DEBUG] eToro-Momentum-LS.RiskEngine: Scheduled task 'cmd_queue'
2026-06-08T20:00:02.143667822Z [DEBUG] eToro-Momentum-LS.RiskEngine: Scheduled task 'evt_queue'
2026-06-08T20:00:02.143671629Z [INFO] eToro-Momentum-LS.RiskEngine: RUNNING
2026-06-08T20:00:02.143675697Z [DEBUG] eToro-Momentum-LS.ExecEngine: STARTING
2026-06-08T20:00:02.143684804Z [DEBUG] eToro-Momentum-LS.ExecClient-ETORO: STARTING
2026-06-08T20:00:02.143687379Z [INFO] eToro-Momentum-LS.ExecClient-ETORO: RUNNING
2026-06-08T20:00:02.143696546Z [DEBUG] eToro-Momentum-LS.ExecEngine: Scheduled task 'cmd_queue'
2026-06-08T20:00:02.143697868Z [DEBUG] eToro-Momentum-LS.ExecEngine: Scheduled task 'evt_queue'
2026-06-08T20:00:02.143700313Z [DEBUG] eToro-Momentum-LS.ExecEngine: Scheduled task 'continuous_reconciliation'
2026-06-08T20:00:02.143701976Z [INFO] eToro-Momentum-LS.ExecEngine: Started reconciliation task
2026-06-08T20:00:02.143704912Z [INFO] eToro-Momentum-LS.ExecEngine: RUNNING
2026-06-08T20:00:02.143708829Z [INFO] eToro-Momentum-LS.DataEngine: Connecting all clients...
2026-06-08T20:00:02.143711985Z [INFO] eToro-Momentum-LS.DataClient-ETORO_WS_CLIENT: Connecting...
2026-06-08T20:00:02.143716644Z [DEBUG] eToro-Momentum-LS.DataClient-ETORO_WS_CLIENT: Creating async task '_connect'
2026-06-08T20:00:02.143723116Z [INFO] eToro-Momentum-LS.ExecEngine: Connecting all clients...
2026-06-08T20:00:02.143726272Z [INFO] eToro-Momentum-LS.ExecClient-ETORO: Connecting...
2026-06-08T20:00:02.143729588Z [DEBUG] eToro-Momentum-LS.ExecClient-ETORO: Creating task '_connect'
2026-06-08T20:00:02.143739246Z [INFO] eToro-Momentum-LS.TradingNode: Awaiting engine connections and initializations (120.0s timeout)...
2026-06-08T20:00:02.144090675Z [DEBUG] eToro-Momentum-LS.DataEngine: DataCommand message queue processing starting (qsize=0)
2026-06-08T20:00:02.144095845Z [DEBUG] eToro-Momentum-LS.DataEngine: RequestData message queue processing starting (qsize=0)
2026-06-08T20:00:02.144098249Z [DEBUG] eToro-Momentum-LS.DataEngine: DataResponse message queue processing starting (qsize=0)
2026-06-08T20:00:02.144101044Z [DEBUG] eToro-Momentum-LS.DataEngine: Data queue processing starting (qsize=0)
2026-06-08T20:00:02.144103429Z [DEBUG] eToro-Momentum-LS.RiskEngine: Command message queue processing (qsize=0)
2026-06-08T20:00:02.144105733Z [DEBUG] eToro-Momentum-LS.RiskEngine: Event message queue processing starting (qsize=0)
2026-06-08T20:00:02.144109099Z [DEBUG] eToro-Momentum-LS.ExecEngine: Command message queue processing starting (qsize=0)
2026-06-08T20:00:02.144111564Z [DEBUG] eToro-Momentum-LS.ExecEngine: Event message queue processing starting (qsize=0)
2026-06-08T20:00:02.144125129Z [INFO] eToro-Momentum-LS.ExecEngine: Starting continuous reconciliation with intervals: inflight=2000ms, consistency=Nones, position=Nones
2026-06-08T20:00:02.144127424Z [INFO] eToro-Momentum-LS.ExecEngine: Awaiting startup reconciliation completion before starting continuous checks
2026-06-08T20:00:02.154613825Z [INFO] eToro-Momentum-LS.DataClient-ETORO_WS_CLIENT: WebSocket Verbindungsversuch 1/5 zu wss://ws.etoro.com/ws ...
2026-06-08T20:00:02.388032827Z [INFO] eToro-Momentum-LS.DataClient-ETORO_WS_CLIENT: WebSocket verbunden. Authentifiziere...
2026-06-08T20:00:02.388234215Z [DEBUG] eToro-Momentum-LS.Cache: Added currency USD
2026-06-08T20:00:02.388240797Z [DEBUG] eToro-Momentum-LS.Cache: Added instrument SQM.ETORO
2026-06-08T20:00:02.388375880Z [INFO] eToro-Momentum-LS.DataClient-ETORO_WS_CLIENT: Instrument registriert: SQM.ETORO [Equity] price_prec=5, size_prec=2
2026-06-08T20:00:02.388398573Z [DEBUG] eToro-Momentum-LS.Cache: Added instrument RHM.DE.ETORO
2026-06-08T20:00:02.388423530Z [INFO] eToro-Momentum-LS.DataClient-ETORO_WS_CLIENT: Instrument registriert: RHM.DE.ETORO [Equity] price_prec=5, size_prec=2
2026-06-08T20:00:02.388435653Z [DEBUG] eToro-Momentum-LS.Cache: Added instrument HUBS.ETORO
2026-06-08T20:00:02.388451342Z [INFO] eToro-Momentum-LS.DataClient-ETORO_WS_CLIENT: Instrument registriert: HUBS.ETORO [Equity] price_prec=5, size_prec=2
2026-06-08T20:00:02.388461050Z [DEBUG] eToro-Momentum-LS.Cache: Added instrument CIEN.ETORO
2026-06-08T20:00:02.388475367Z [INFO] eToro-Momentum-LS.DataClient-ETORO_WS_CLIENT: Instrument registriert: CIEN.ETORO [Equity] price_prec=5, size_prec=2
2026-06-08T20:00:02.388483963Z [DEBUG] eToro-Momentum-LS.Cache: Added instrument COHR.ETORO
2026-06-08T20:00:02.388500835Z [INFO] eToro-Momentum-LS.DataClient-ETORO_WS_CLIENT: Instrument registriert: COHR.ETORO [Equity] price_prec=5, size_prec=2
2026-06-08T20:00:02.388513098Z [DEBUG] eToro-Momentum-LS.Cache: Added instrument PBR.ETORO
2026-06-08T20:00:02.388530260Z [INFO] eToro-Momentum-LS.DataClient-ETORO_WS_CLIENT: Instrument registriert: PBR.ETORO [Equity] price_prec=5, size_prec=2
2026-06-08T20:00:02.388539537Z [DEBUG] eToro-Momentum-LS.Cache: Added instrument WIX.ETORO
2026-06-08T20:00:02.388555848Z [INFO] eToro-Momentum-LS.DataClient-ETORO_WS_CLIENT: Instrument registriert: WIX.ETORO [Equity] price_prec=5, size_prec=2
2026-06-08T20:00:02.388563492Z [DEBUG] eToro-Momentum-LS.Cache: Added instrument NVS.ETORO
2026-06-08T20:00:02.388576817Z [INFO] eToro-Momentum-LS.DataClient-ETORO_WS_CLIENT: Instrument registriert: NVS.ETORO [Equity] price_prec=5, size_prec=2
2026-06-08T20:00:02.388585053Z [DEBUG] eToro-Momentum-LS.Cache: Added instrument INSM.ETORO
2026-06-08T20:00:02.388599249Z [INFO] eToro-Momentum-LS.DataClient-ETORO_WS_CLIENT: Instrument registriert: INSM.ETORO [Equity] price_prec=5, size_prec=2
2026-06-08T20:00:02.388608056Z [DEBUG] eToro-Momentum-LS.Cache: Added instrument MNDY.ETORO
2026-06-08T20:00:02.388623445Z [INFO] eToro-Momentum-LS.DataClient-ETORO_WS_CLIENT: Instrument registriert: MNDY.ETORO [Equity] price_prec=5, size_prec=2
2026-06-08T20:00:02.388632522Z [DEBUG] eToro-Momentum-LS.Cache: Added instrument ESLT.ETORO
2026-06-08T20:00:02.388647690Z [INFO] eToro-Momentum-LS.DataClient-ETORO_WS_CLIENT: Instrument registriert: ESLT.ETORO [Equity] price_prec=5, size_prec=2
2026-06-08T20:00:02.388655334Z [DEBUG] eToro-Momentum-LS.Cache: Added instrument MTZ.ETORO
2026-06-08T20:00:02.388668940Z [INFO] eToro-Momentum-LS.DataClient-ETORO_WS_CLIENT: Instrument registriert: MTZ.ETORO [Equity] price_prec=5, size_prec=2
2026-06-08T20:00:02.388677005Z [DEBUG] eToro-Momentum-LS.Cache: Added instrument INSW.ETORO
2026-06-08T20:00:02.388691001Z [INFO] eToro-Momentum-LS.DataClient-ETORO_WS_CLIENT: Instrument registriert: INSW.ETORO [Equity] price_prec=5, size_prec=2
2026-06-08T20:00:02.388697794Z [DEBUG] eToro-Momentum-LS.Cache: Added instrument AG.ETORO
2026-06-08T20:00:02.388710207Z [INFO] eToro-Momentum-LS.DataClient-ETORO_WS_CLIENT: Instrument registriert: AG.ETORO [Equity] price_prec=5, size_prec=2
2026-06-08T20:00:02.388716890Z [DEBUG] eToro-Momentum-LS.Cache: Added instrument GTLB.ETORO
2026-06-08T20:00:02.388729093Z [INFO] eToro-Momentum-LS.DataClient-ETORO_WS_CLIENT: Instrument registriert: GTLB.ETORO [Equity] price_prec=5, size_prec=2
2026-06-08T20:00:02.388735164Z [DEBUG] eToro-Momentum-LS.Cache: Added instrument TSEM.ETORO
2026-06-08T20:00:02.388749621Z [INFO] eToro-Momentum-LS.DataClient-ETORO_WS_CLIENT: Instrument registriert: TSEM.ETORO [Equity] price_prec=5, size_prec=2
2026-06-08T20:00:02.388760512Z [DEBUG] eToro-Momentum-LS.Cache: Added instrument XPEV.ETORO
2026-06-08T20:00:02.388777093Z [INFO] eToro-Momentum-LS.DataClient-ETORO_WS_CLIENT: Instrument registriert: XPEV.ETORO [Equity] price_prec=5, size_prec=2
2026-06-08T20:00:02.388805967Z [DEBUG] eToro-Momentum-LS.Cache: Added instrument E.ETORO
2026-06-08T20:00:02.388825363Z [INFO] eToro-Momentum-LS.DataClient-ETORO_WS_CLIENT: Instrument registriert: E.ETORO [Equity] price_prec=5, size_prec=2
2026-06-08T20:00:02.388833128Z [DEBUG] eToro-Momentum-LS.Cache: Added instrument DOCU.ETORO
2026-06-08T20:00:02.388847795Z [INFO] eToro-Momentum-LS.DataClient-ETORO_WS_CLIENT: Instrument registriert: DOCU.ETORO [Equity] price_prec=5, size_prec=2
2026-06-08T20:00:02.388855780Z [DEBUG] eToro-Momentum-LS.Cache: Added instrument TTMI.ETORO
2026-06-08T20:00:02.388869095Z [INFO] eToro-Momentum-LS.DataClient-ETORO_WS_CLIENT: Instrument registriert: TTMI.ETORO [Equity] price_prec=5, size_prec=2
2026-06-08T20:00:02.388876910Z [DEBUG] eToro-Momentum-LS.Cache: Added instrument VRT.ETORO
2026-06-08T20:00:02.388890195Z [INFO] eToro-Momentum-LS.DataClient-ETORO_WS_CLIENT: Instrument registriert: VRT.ETORO [Equity] price_prec=5, size_prec=2
2026-06-08T20:00:02.388900133Z [DEBUG] eToro-Momentum-LS.Cache: Added instrument SE.ETORO
2026-06-08T20:00:02.388955026Z [INFO] eToro-Momentum-LS.DataClient-ETORO_WS_CLIENT: Instrument registriert: SE.ETORO [Equity] price_prec=5, size_prec=2
2026-06-08T20:00:02.388982508Z [DEBUG] eToro-Momentum-LS.Cache: Added instrument PALL.ETORO
2026-06-08T20:00:02.388999059Z [INFO] eToro-Momentum-LS.DataClient-ETORO_WS_CLIENT: Instrument registriert: PALL.ETORO [Equity] price_prec=5, size_prec=5
2026-06-08T20:00:02.389007946Z [DEBUG] eToro-Momentum-LS.Cache: Added instrument PINS.ETORO
2026-06-08T20:00:02.389021962Z [INFO] eToro-Momentum-LS.DataClient-ETORO_WS_CLIENT: Instrument registriert: PINS.ETORO [Equity] price_prec=5, size_prec=2
2026-06-08T20:00:02.389028995Z [DEBUG] eToro-Momentum-LS.Cache: Added instrument HUT.ETORO
2026-06-08T20:00:02.389042160Z [INFO] eToro-Momentum-LS.DataClient-ETORO_WS_CLIENT: Instrument registriert: HUT.ETORO [Equity] price_prec=5, size_prec=2
2026-06-08T20:00:02.389050605Z [DEBUG] eToro-Momentum-LS.Cache: Added instrument HAL.ETORO
2026-06-08T20:00:02.389067086Z [INFO] eToro-Momentum-LS.DataClient-ETORO_WS_CLIENT: Instrument registriert: HAL.ETORO [Equity] price_prec=5, size_prec=2
2026-06-08T20:00:02.389074931Z [DEBUG] eToro-Momentum-LS.Cache: Added instrument POWL.ETORO
2026-06-08T20:00:02.389088767Z [INFO] eToro-Momentum-LS.DataClient-ETORO_WS_CLIENT: Instrument registriert: POWL.ETORO [Equity] price_prec=5, size_prec=2
2026-06-08T20:00:02.389096011Z [DEBUG] eToro-Momentum-LS.Cache: Added instrument EEFT.ETORO
2026-06-08T20:00:02.389109837Z [INFO] eToro-Momentum-LS.DataClient-ETORO_WS_CLIENT: Instrument registriert: EEFT.ETORO [Equity] price_prec=5, size_prec=2
2026-06-08T20:00:02.389116369Z [DEBUG] eToro-Momentum-LS.Cache: Added instrument FSLY.ETORO
2026-06-08T20:00:02.389129483Z [INFO] eToro-Momentum-LS.DataClient-ETORO_WS_CLIENT: Instrument registriert: FSLY.ETORO [Equity] price_prec=5, size_prec=2
2026-06-08T20:00:02.400446291Z [DEBUG] eToro-Momentum-LS.ExecClient-ETORO: Creating task 'exec_ws_loop'
2026-06-08T20:00:02.400462281Z [INFO] eToro-Momentum-LS.ExecClient-ETORO: Execution WS connected and authenticated.
2026-06-08T20:00:02.444568916Z [INFO] eToro-Momentum-LS.DataClient-ETORO_WS_CLIENT: Auth-Antwort: {'id': '063a81be-115b-4a2c-afd5-b06cc9bdeab0', 'success': True, 'operation': 'Authenticate'}
2026-06-08T20:00:02.444657051Z [INFO] eToro-Momentum-LS.DataClient-ETORO_WS_CLIENT: Abonniert: ['instrument:6940', 'instrument:2587', 'instrument:4074', 'instrument:4421', 'instrument:6094', 'instrument:1102', 'instrument:1160', 'instrument:4232', 'instrument:9119', 'instrument:9271', 'instrument:15233', 'instrument:1905', 'instrument:9517', 'instrument:6584', 'instrument:8585', 'instrument:6552', 'instrument:6700', 'instrument:8638', 'instrument:4398', 'instrument:9803', 'instrument:8867', 'instrument:5960', 'instrument:3208', 'instrument:1184', 'instrument:8671', 'instrument:1531', 'instrument:9814', 'instrument:5635', 'instrument:5045']
2026-06-08T20:00:02.444663152Z [DEBUG] eToro-Momentum-LS.DataClient-ETORO_WS_CLIENT: Creating async task 'message_loop'
2026-06-08T20:00:02.444713326Z [DEBUG] eToro-Momentum-LS.DataClient-ETORO_WS_CLIENT: Coroutine '_connect' completed
2026-06-08T20:00:02.444717554Z [INFO] eToro-Momentum-LS.DataClient-ETORO_WS_CLIENT: Connected
2026-06-08T20:00:02.512783730Z [INFO] eToro-Momentum-LS.DataClient-ETORO_WS_CLIENT: Snapshot SQM.ETORO: MarketOpen=True, AllowBuy=True
2026-06-08T20:00:02.512883507Z [INFO] eToro-Momentum-LS.DataClient-ETORO_WS_CLIENT: Snapshot RHM.DE.ETORO: MarketOpen=True, AllowBuy=True
2026-06-08T20:00:02.512901331Z [INFO] eToro-Momentum-LS.DataClient-ETORO_WS_CLIENT: Snapshot HUBS.ETORO: MarketOpen=True, AllowBuy=True
2026-06-08T20:00:02.512918142Z [INFO] eToro-Momentum-LS.DataClient-ETORO_WS_CLIENT: Snapshot CIEN.ETORO: MarketOpen=True, AllowBuy=True
2026-06-08T20:00:02.512938030Z [INFO] eToro-Momentum-LS.DataClient-ETORO_WS_CLIENT: Snapshot COHR.ETORO: MarketOpen=True, AllowBuy=True
2026-06-08T20:00:02.512951074Z [INFO] eToro-Momentum-LS.DataClient-ETORO_WS_CLIENT: Snapshot PBR.ETORO: MarketOpen=True, AllowBuy=True
2026-06-08T20:00:02.512962616Z [INFO] eToro-Momentum-LS.DataClient-ETORO_WS_CLIENT: Snapshot WIX.ETORO: MarketOpen=True, AllowBuy=True
2026-06-08T20:00:02.512975209Z [INFO] eToro-Momentum-LS.DataClient-ETORO_WS_CLIENT: Snapshot NVS.ETORO: MarketOpen=True, AllowBuy=True
2026-06-08T20:00:02.512990899Z [INFO] eToro-Momentum-LS.DataClient-ETORO_WS_CLIENT: Snapshot INSM.ETORO: MarketOpen=True, AllowBuy=True
2026-06-08T20:00:02.513001028Z [INFO] eToro-Momentum-LS.DataClient-ETORO_WS_CLIENT: Snapshot MNDY.ETORO: MarketOpen=True, AllowBuy=True
2026-06-08T20:00:02.513011497Z [INFO] eToro-Momentum-LS.DataClient-ETORO_WS_CLIENT: Snapshot ESLT.ETORO: MarketOpen=True, AllowBuy=True
2026-06-08T20:00:02.513032006Z [INFO] eToro-Momentum-LS.DataClient-ETORO_WS_CLIENT: Snapshot MTZ.ETORO: MarketOpen=True, AllowBuy=True
2026-06-08T20:00:02.513041764Z [INFO] eToro-Momentum-LS.DataClient-ETORO_WS_CLIENT: Snapshot INSW.ETORO: MarketOpen=True, AllowBuy=True
2026-06-08T20:00:02.513056822Z [INFO] eToro-Momentum-LS.DataClient-ETORO_WS_CLIENT: Snapshot AG.ETORO: MarketOpen=True, AllowBuy=True
2026-06-08T20:00:02.513067292Z [INFO] eToro-Momentum-LS.DataClient-ETORO_WS_CLIENT: Snapshot GTLB.ETORO: MarketOpen=True, AllowBuy=True
2026-06-08T20:00:02.513079004Z [INFO] eToro-Momentum-LS.DataClient-ETORO_WS_CLIENT: Snapshot TSEM.ETORO: MarketOpen=True, AllowBuy=True
2026-06-08T20:00:02.513109742Z [INFO] eToro-Momentum-LS.DataClient-ETORO_WS_CLIENT: Snapshot XPEV.ETORO: MarketOpen=True, AllowBuy=True
2026-06-08T20:00:02.513119660Z [INFO] eToro-Momentum-LS.DataClient-ETORO_WS_CLIENT: Snapshot E.ETORO: MarketOpen=True, AllowBuy=True
2026-06-08T20:00:02.513134378Z [INFO] eToro-Momentum-LS.DataClient-ETORO_WS_CLIENT: Snapshot DOCU.ETORO: MarketOpen=True, AllowBuy=True
2026-06-08T20:00:02.513142002Z [INFO] eToro-Momentum-LS.DataClient-ETORO_WS_CLIENT: Snapshot TTMI.ETORO: MarketOpen=True, AllowBuy=True
2026-06-08T20:00:02.513153624Z [INFO] eToro-Momentum-LS.DataClient-ETORO_WS_CLIENT: Snapshot VRT.ETORO: MarketOpen=True, AllowBuy=True
2026-06-08T20:00:02.513163542Z [INFO] eToro-Momentum-LS.DataClient-ETORO_WS_CLIENT: Snapshot SE.ETORO: MarketOpen=True, AllowBuy=True
2026-06-08T20:00:02.513172108Z [INFO] eToro-Momentum-LS.DataClient-ETORO_WS_CLIENT: Snapshot PALL.ETORO: MarketOpen=True, AllowBuy=True
2026-06-08T20:00:02.513184933Z [INFO] eToro-Momentum-LS.DataClient-ETORO_WS_CLIENT: Snapshot PINS.ETORO: MarketOpen=True, AllowBuy=True
2026-06-08T20:00:02.513195312Z [INFO] eToro-Momentum-LS.DataClient-ETORO_WS_CLIENT: Snapshot HUT.ETORO: MarketOpen=True, AllowBuy=True
2026-06-08T20:00:02.513204459Z [INFO] eToro-Momentum-LS.DataClient-ETORO_WS_CLIENT: Snapshot HAL.ETORO: MarketOpen=True, AllowBuy=True
2026-06-08T20:00:02.513215330Z [INFO] eToro-Momentum-LS.DataClient-ETORO_WS_CLIENT: Snapshot POWL.ETORO: MarketOpen=True, AllowBuy=True
2026-06-08T20:00:02.513225469Z [INFO] eToro-Momentum-LS.DataClient-ETORO_WS_CLIENT: Snapshot EEFT.ETORO: MarketOpen=True, AllowBuy=True
2026-06-08T20:00:02.513243352Z [INFO] eToro-Momentum-LS.DataClient-ETORO_WS_CLIENT: Snapshot FSLY.ETORO: MarketOpen=True, AllowBuy=True
2026-06-08T20:00:02.629471356Z [DEBUG] eToro-Momentum-LS.ExecClient-ETORO: PnL raw keys: ['positions', 'unrealizedPnL', 'mirrors', 'accountCurrencyId', 'credit', 'orders', 'stockOrders', 'entryOrders', 'exitOrders', 'ordersForOpen', 'ordersForClose', 'ordersForCloseMultiple', 'bonusCredit']
2026-06-08T20:00:02.629492726Z [INFO] eToro-Momentum-LS.ExecClient-ETORO: Balance: credit=9979.80, pending=0.00, available=9979.80
2026-06-08T20:00:02.629604846Z [DEBUG] eToro-Momentum-LS.Cache: Added Account(id=ETORO-REAL-001)
2026-06-08T20:00:02.629610026Z [DEBUG] eToro-Momentum-LS.Cache: Indexed AccountId('ETORO-REAL-001')
2026-06-08T20:00:02.629629111Z [INFO] eToro-Momentum-LS.Portfolio: Updated AccountState(account_id=ETORO-REAL-001, account_type=MARGIN, base_currency=USD, is_reported=False, balances=[AccountBalance(total=9_979.80 USD, locked=0.00 USD, free=9_979.80 USD)], margins=[], event_id=3fdb1680-2e02-498e-a655-0a3aab4b80d2)
2026-06-08T20:00:02.629721304Z [INFO] eToro-Momentum-LS.ExecClient-ETORO: Connected
2026-06-08T20:00:02.629742133Z [INFO] eToro-Momentum-LS.TradingNode: Awaiting execution state reconciliation (30.0s timeout)...
2026-06-08T20:00:02.629775195Z [INFO] eToro-Momentum-LS.ExecClient-ETORO: Generating ExecutionMassStatus...
2026-06-08T20:00:02.629844155Z [DEBUG] eToro-Momentum-LS.ExecEngine: <--[RPT] ExecutionMassStatus(client_id=ETORO, account_id=ETORO-REAL-001, venue=ETORO, order_reports={}, fill_reports={}, position_reports={}, report_id=38419b06-2843-4d29-bb23-34825d139980, ts_init=1780948802629780004)
2026-06-08T20:00:02.629848092Z [INFO] eToro-Momentum-LS.ExecEngine: Reconciling ExecutionMassStatus for ETORO
2026-06-08T20:00:02.629852530Z [INFO] eToro-Momentum-LS.ExecEngine: Attempting to adjust fills for 0 instruments
2026-06-08T20:00:02.636350113Z [INFO] eToro-Momentum-LS.ExecEngine: Updating adjusted fills for 0 instruments
2026-06-08T20:00:02.636358308Z [INFO] eToro-Momentum-LS.ExecEngine: Final order_reports contains 0 orders, fill_reports contains 0 fills across all instruments
2026-06-08T20:00:02.636428970Z [DEBUG] eToro-Momentum-LS.ExecEngine: Reconciliation state validation passed for 0 order(s)
2026-06-08T20:00:02.636443908Z [INFO] eToro-Momentum-LS.ExecEngine: Reconciliation for ETORO succeeded
2026-06-08T20:00:02.636451583Z [INFO] eToro-Momentum-LS.TradingNode: Execution state reconciled
2026-06-08T20:00:02.636474025Z [DEBUG] eToro-Momentum-LS.OrderEmulator: STARTING
2026-06-08T20:00:02.636479044Z [INFO] eToro-Momentum-LS.OrderEmulator: No emulated orders to reactivate
2026-06-08T20:00:02.636499272Z [INFO] eToro-Momentum-LS.OrderEmulator: RUNNING
2026-06-08T20:00:02.636509040Z [INFO] eToro-Momentum-LS.Portfolio: Initialized 0 open orders
2026-06-08T20:00:02.636513669Z [INFO] eToro-Momentum-LS.Portfolio: Initialized 0 open positions
2026-06-08T20:00:02.636519119Z [INFO] eToro-Momentum-LS.TradingNode: Awaiting portfolio initialization (10.0s timeout)...
2026-06-08T20:00:02.636567981Z [INFO] eToro-Momentum-LS.ExecEngine: Startup reconciliation completed
2026-06-08T20:00:02.636571187Z [INFO] eToro-Momentum-LS.ExecEngine: Applying post-reconciliation startup delay (10.0s)
2026-06-08T20:00:02.636586436Z [INFO] eToro-Momentum-LS.TradingNode: Portfolio initialized
2026-06-08T20:00:02.636592056Z [DEBUG] eToro-Momentum-LS.eToro-Momentum-LS: STARTING
2026-06-08T20:00:02.636610140Z [DEBUG] eToro-Momentum-LS.MLS_FlashCrashReversalStrategy_SMTC.ETORO_0: STARTING
2026-06-08T20:00:02.636614799Z [INFO] eToro-Momentum-LS.MLS_FlashCrashReversalStrategy_SMTC.ETORO_0: self.config.oms_type=None
2026-06-08T20:00:02.636616492Z [INFO] eToro-Momentum-LS.MLS_FlashCrashReversalStrategy_SMTC.ETORO_0: self.config.external_order_claims=None
2026-06-08T20:00:02.636617774Z [INFO] eToro-Momentum-LS.MLS_FlashCrashReversalStrategy_SMTC.ETORO_0: self.config.manage_gtd_expiry=False
2026-06-08T20:00:02.636627032Z [INFO] eToro-Momentum-LS.MLS_FlashCrashReversalStrategy_SMTC.ETORO_0: Set ClientOrderIdGenerator client_order_id count to 0
2026-06-08T20:00:02.636627683Z [INFO] eToro-Momentum-LS.MLS_FlashCrashReversalStrategy_SMTC.ETORO_0: Set ClientOrderIdGenerator order_list_id count to 0
2026-06-08T20:00:02.636651728Z [INFO] eToro-Momentum-LS.MLS_FlashCrashReversalStrategy_SMTC.ETORO_0: Starte Flash Crash Reversal auf SMTC.ETORO
2026-06-08T20:00:02.636706200Z [DEBUG] eToro-Momentum-LS.MessageBus: Added Subscription(topic=data.bars.SMTC.ETORO-1-HOUR-MID-INTERNAL, handler=<bound method Actor.handle_bar of FlashCrashReversalStrategy(MLS_FlashCrashReversalStrategy_SMTC.ETORO_0-000)>, priority=0)
2026-06-08T20:00:02.636734754Z [INFO] eToro-Momentum-LS.MLS_FlashCrashReversalStrategy_SMTC.ETORO_0: [CMD]--> SubscribeBars(bar_type=SMTC.ETORO-1-HOUR-MID-INTERNAL, client_id=None, venue=ETORO)
2026-06-08T20:00:02.636776883Z [INFO] eToro-Momentum-LS.MLS_FlashCrashReversalStrategy_SMTC.ETORO_0: RUNNING
2026-06-08T20:00:02.636781852Z [DEBUG] eToro-Momentum-LS.MLS_FlashCrashReversalStrategy_SMTC.ETORO_1: STARTING
2026-06-08T20:00:02.636782593Z [INFO] eToro-Momentum-LS.MLS_FlashCrashReversalStrategy_SMTC.ETORO_1: self.config.oms_type=None
2026-06-08T20:00:02.636782944Z [INFO] eToro-Momentum-LS.MLS_FlashCrashReversalStrategy_SMTC.ETORO_1: self.config.external_order_claims=None
2026-06-08T20:00:02.636783154Z [INFO] eToro-Momentum-LS.MLS_FlashCrashReversalStrategy_SMTC.ETORO_1: self.config.manage_gtd_expiry=False
2026-06-08T20:00:02.636784216Z [INFO] eToro-Momentum-LS.MLS_FlashCrashReversalStrategy_SMTC.ETORO_1: Set ClientOrderIdGenerator client_order_id count to 0
2026-06-08T20:00:02.636784517Z [INFO] eToro-Momentum-LS.MLS_FlashCrashReversalStrategy_SMTC.ETORO_1: Set ClientOrderIdGenerator order_list_id count to 0
2026-06-08T20:00:02.636791029Z [INFO] eToro-Momentum-LS.MLS_FlashCrashReversalStrategy_SMTC.ETORO_1: Starte Flash Crash Reversal auf SMTC.ETORO
2026-06-08T20:00:02.636808843Z [DEBUG] eToro-Momentum-LS.MessageBus: Added Subscription(topic=data.bars.SMTC.ETORO-1-HOUR-MID-INTERNAL, handler=<bound method Actor.handle_bar of FlashCrashReversalStrategy(MLS_FlashCrashReversalStrategy_SMTC.ETORO_1-001)>, priority=0)
2026-06-08T20:00:02.636816707Z [INFO] eToro-Momentum-LS.MLS_FlashCrashReversalStrategy_SMTC.ETORO_1: [CMD]--> SubscribeBars(bar_type=SMTC.ETORO-1-HOUR-MID-INTERNAL, client_id=None, venue=ETORO)
2026-06-08T20:00:02.636835913Z [INFO] eToro-Momentum-LS.MLS_FlashCrashReversalStrategy_SMTC.ETORO_1: RUNNING
2026-06-08T20:00:02.636840312Z [DEBUG] eToro-Momentum-LS.MLS_FlashCrashReversalStrategy_SMTC.ETORO_2: STARTING
2026-06-08T20:00:02.636840893Z [INFO] eToro-Momentum-LS.MLS_FlashCrashReversalStrategy_SMTC.ETORO_2: self.config.oms_type=None
2026-06-08T20:00:02.636841193Z [INFO] eToro-Momentum-LS.MLS_FlashCrashReversalStrategy_SMTC.ETORO_2: self.config.external_order_claims=None
2026-06-08T20:00:02.636841374Z [INFO] eToro-Momentum-LS.MLS_FlashCrashReversalStrategy_SMTC.ETORO_2: self.config.manage_gtd_expiry=False
2026-06-08T20:00:02.636842145Z [INFO] eToro-Momentum-LS.MLS_FlashCrashReversalStrategy_SMTC.ETORO_2: Set ClientOrderIdGenerator client_order_id count to 0
2026-06-08T20:00:02.636842405Z [INFO] eToro-Momentum-LS.MLS_FlashCrashReversalStrategy_SMTC.ETORO_2: Set ClientOrderIdGenerator order_list_id count to 0
2026-06-08T20:00:02.636844940Z [INFO] eToro-Momentum-LS.MLS_FlashCrashReversalStrategy_SMTC.ETORO_2: Starte Flash Crash Reversal auf SMTC.ETORO
2026-06-08T20:00:02.636856091Z [DEBUG] eToro-Momentum-LS.MessageBus: Added Subscription(topic=data.bars.SMTC.ETORO-1-HOUR-MID-INTERNAL, handler=<bound method Actor.handle_bar of FlashCrashReversalStrategy(MLS_FlashCrashReversalStrategy_SMTC.ETORO_2-002)>, priority=0)
2026-06-08T20:00:02.636859748Z [INFO] eToro-Momentum-LS.MLS_FlashCrashReversalStrategy_SMTC.ETORO_2: [CMD]--> SubscribeBars(bar_type=SMTC.ETORO-1-HOUR-MID-INTERNAL, client_id=None, venue=ETORO)
2026-06-08T20:00:02.636878183Z [INFO] eToro-Momentum-LS.MLS_FlashCrashReversalStrategy_SMTC.ETORO_2: RUNNING
2026-06-08T20:00:02.636881318Z [DEBUG] eToro-Momentum-LS.MLS_FlashCrashReversalStrategy_SMTC.ETORO_3: STARTING
2026-06-08T20:00:02.636882451Z [INFO] eToro-Momentum-LS.MLS_FlashCrashReversalStrategy_SMTC.ETORO_3: self.config.oms_type=None
2026-06-08T20:00:02.636882651Z [INFO] eToro-Momentum-LS.MLS_FlashCrashReversalStrategy_SMTC.ETORO_3: self.config.external_order_claims=None
2026-06-08T20:00:02.636882811Z [INFO] eToro-Momentum-LS.MLS_FlashCrashReversalStrategy_SMTC.ETORO_3: self.config.manage_gtd_expiry=False
2026-06-08T20:00:02.636883482Z [INFO] eToro-Momentum-LS.MLS_FlashCrashReversalStrategy_SMTC.ETORO_3: Set ClientOrderIdGenerator client_order_id count to 0
2026-06-08T20:00:02.636883833Z [INFO] eToro-Momentum-LS.MLS_FlashCrashReversalStrategy_SMTC.ETORO_3: Set ClientOrderIdGenerator order_list_id count to 0
2026-06-08T20:00:02.636887219Z [INFO] eToro-Momentum-LS.MLS_FlashCrashReversalStrategy_SMTC.ETORO_3: Starte Flash Crash Reversal auf SMTC.ETORO
2026-06-08T20:00:02.636896878Z [DEBUG] eToro-Momentum-LS.MessageBus: Added Subscription(topic=data.bars.SMTC.ETORO-1-HOUR-MID-INTERNAL, handler=<bound method Actor.handle_bar of FlashCrashReversalStrategy(MLS_FlashCrashReversalStrategy_SMTC.ETORO_3-003)>, priority=0)
2026-06-08T20:00:02.636907568Z [INFO] eToro-Momentum-LS.MLS_FlashCrashReversalStrategy_SMTC.ETORO_3: [CMD]--> SubscribeBars(bar_type=SMTC.ETORO-1-HOUR-MID-INTERNAL, client_id=None, venue=ETORO)
2026-06-08T20:00:02.636935530Z [INFO] eToro-Momentum-LS.MLS_FlashCrashReversalStrategy_SMTC.ETORO_3: RUNNING
2026-06-08T20:00:02.636939898Z [DEBUG] eToro-Momentum-LS.MLS_FlashCrashReversalStrategy_SMTC.ETORO_4: STARTING
2026-06-08T20:00:02.636941481Z [INFO] eToro-Momentum-LS.MLS_FlashCrashReversalStrategy_SMTC.ETORO_4: self.config.oms_type=None
2026-06-08T20:00:02.636941682Z [INFO] eToro-Momentum-LS.MLS_FlashCrashReversalStrategy_SMTC.ETORO_4: self.config.external_order_claims=None
2026-06-08T20:00:02.636941852Z [INFO] eToro-Momentum-LS.MLS_FlashCrashReversalStrategy_SMTC.ETORO_4: self.config.manage_gtd_expiry=False
2026-06-08T20:00:02.636942824Z [INFO] eToro-Momentum-LS.MLS_FlashCrashReversalStrategy_SMTC.ETORO_4: Set ClientOrderIdGenerator client_order_id count to 0
2026-06-08T20:00:02.636943194Z [INFO] eToro-Momentum-LS.MLS_FlashCrashReversalStrategy_SMTC.ETORO_4: Set ClientOrderIdGenerator order_list_id count to 0
2026-06-08T20:00:02.636950037Z [INFO] eToro-Momentum-LS.MLS_FlashCrashReversalStrategy_SMTC.ETORO_4: Starte Flash Crash Reversal auf SMTC.ETORO
2026-06-08T20:00:02.636963683Z [DEBUG] eToro-Momentum-LS.MessageBus: Added Subscription(topic=data.bars.SMTC.ETORO-1-HOUR-MID-INTERNAL, handler=<bound method Actor.handle_bar of FlashCrashReversalStrategy(MLS_FlashCrashReversalStrategy_SMTC.ETORO_4-004)>, priority=0)
2026-06-08T20:00:02.636967851Z [INFO] eToro-Momentum-LS.MLS_FlashCrashReversalStrategy_SMTC.ETORO_4: [CMD]--> SubscribeBars(bar_type=SMTC.ETORO-1-HOUR-MID-INTERNAL, client_id=None, venue=ETORO)
2026-06-08T20:00:02.636983510Z [INFO] eToro-Momentum-LS.MLS_FlashCrashReversalStrategy_SMTC.ETORO_4: RUNNING
2026-06-08T20:00:02.636986365Z [DEBUG] eToro-Momentum-LS.MLS_FlashCrashReversalStrategy_SMTC.ETORO_5: STARTING
2026-06-08T20:00:02.636986846Z [INFO] eToro-Momentum-LS.MLS_FlashCrashReversalStrategy_SMTC.ETORO_5: self.config.oms_type=None
2026-06-08T20:00:02.636987117Z [INFO] eToro-Momentum-LS.MLS_FlashCrashReversalStrategy_SMTC.ETORO_5: self.config.external_order_claims=None
2026-06-08T20:00:02.636987397Z [INFO] eToro-Momentum-LS.MLS_FlashCrashReversalStrategy_SMTC.ETORO_5: self.config.manage_gtd_expiry=False
2026-06-08T20:00:02.636988119Z [INFO] eToro-Momentum-LS.MLS_FlashCrashReversalStrategy_SMTC.ETORO_5: Set ClientOrderIdGenerator client_order_id count to 0
2026-06-08T20:00:02.636988479Z [INFO] eToro-Momentum-LS.MLS_FlashCrashReversalStrategy_SMTC.ETORO_5: Set ClientOrderIdGenerator order_list_id count to 0
2026-06-08T20:00:02.636995633Z [INFO] eToro-Momentum-LS.MLS_FlashCrashReversalStrategy_SMTC.ETORO_5: Starte Flash Crash Reversal auf SMTC.ETORO
2026-06-08T20:00:02.637007224Z [DEBUG] eToro-Momentum-LS.MessageBus: Added Subscription(topic=data.bars.SMTC.ETORO-1-HOUR-MID-INTERNAL, handler=<bound method Actor.handle_bar of FlashCrashReversalStrategy(MLS_FlashCrashReversalStrategy_SMTC.ETORO_5-005)>, priority=0)
2026-06-08T20:00:02.637011543Z [INFO] eToro-Momentum-LS.MLS_FlashCrashReversalStrategy_SMTC.ETORO_5: [CMD]--> SubscribeBars(bar_type=SMTC.ETORO-1-HOUR-MID-INTERNAL, client_id=None, venue=ETORO)
2026-06-08T20:00:02.637028835Z [INFO] eToro-Momentum-LS.MLS_FlashCrashReversalStrategy_SMTC.ETORO_5: RUNNING
2026-06-08T20:00:02.637033093Z [DEBUG] eToro-Momentum-LS.MLS_FlashCrashReversalStrategy_SMTC.ETORO_6: STARTING
2026-06-08T20:00:02.637033634Z [INFO] eToro-Momentum-LS.MLS_FlashCrashReversalStrategy_SMTC.ETORO_6: self.config.oms_type=None
2026-06-08T20:00:02.637033904Z [INFO] eToro-Momentum-LS.MLS_FlashCrashReversalStrategy_SMTC.ETORO_6: self.config.external_order_claims=None
2026-06-08T20:00:02.637034155Z [INFO] eToro-Momentum-LS.MLS_FlashCrashReversalStrategy_SMTC.ETORO_6: self.config.manage_gtd_expiry=False
2026-06-08T20:00:02.637035097Z [INFO] eToro-Momentum-LS.MLS_FlashCrashReversalStrategy_SMTC.ETORO_6: Set ClientOrderIdGenerator client_order_id count to 0
2026-06-08T20:00:02.637035337Z [INFO] eToro-Momentum-LS.MLS_FlashCrashReversalStrategy_SMTC.ETORO_6: Set ClientOrderIdGenerator order_list_id count to 0
2026-06-08T20:00:02.637037010Z [INFO] eToro-Momentum-LS.MLS_FlashCrashReversalStrategy_SMTC.ETORO_6: Starte Flash Crash Reversal auf SMTC.ETORO
2026-06-08T20:00:02.637048502Z [DEBUG] eToro-Momentum-LS.MessageBus: Added Subscription(topic=data.bars.SMTC.ETORO-1-HOUR-MID-INTERNAL, handler=<bound method Actor.handle_bar of FlashCrashReversalStrategy(MLS_FlashCrashReversalStrategy_SMTC.ETORO_6-006)>, priority=0)
2026-06-08T20:00:02.637051768Z [INFO] eToro-Momentum-LS.MLS_FlashCrashReversalStrategy_SMTC.ETORO_6: [CMD]--> SubscribeBars(bar_type=SMTC.ETORO-1-HOUR-MID-INTERNAL, client_id=None, venue=ETORO)
2026-06-08T20:00:02.637067838Z [INFO] eToro-Momentum-LS.MLS_FlashCrashReversalStrategy_SMTC.ETORO_6: RUNNING
2026-06-08T20:00:02.637074050Z [DEBUG] eToro-Momentum-LS.MLS_FlashCrashReversalStrategy_SEI.US.ETORO_7: STARTING
2026-06-08T20:00:02.637074491Z [INFO] eToro-Momentum-LS.MLS_FlashCrashReversalStrategy_SEI.US.ETORO_7: self.config.oms_type=None
2026-06-08T20:00:02.637074671Z [INFO] eToro-Momentum-LS.MLS_FlashCrashReversalStrategy_SEI.US.ETORO_7: self.config.external_order_claims=None
2026-06-08T20:00:02.637074841Z [INFO] eToro-Momentum-LS.MLS_FlashCrashReversalStrategy_SEI.US.ETORO_7: self.config.manage_gtd_expiry=False
2026-06-08T20:00:02.637075573Z [INFO] eToro-Momentum-LS.MLS_FlashCrashReversalStrategy_SEI.US.ETORO_7: Set ClientOrderIdGenerator client_order_id count to 0
2026-06-08T20:00:02.637075803Z [INFO] eToro-Momentum-LS.MLS_FlashCrashReversalStrategy_SEI.US.ETORO_7: Set ClientOrderIdGenerator order_list_id count to 0
2026-06-08T20:00:02.637077606Z [INFO] eToro-Momentum-LS.MLS_FlashCrashReversalStrategy_SEI.US.ETORO_7: Starte Flash Crash Reversal auf SEI.US.ETORO
2026-06-08T20:00:02.637085792Z [DEBUG] eToro-Momentum-LS.MessageBus: Added Subscription(topic=data.bars.SEI.US.ETORO-1-HOUR-MID-INTERNAL, handler=<bound method Actor.handle_bar of FlashCrashReversalStrategy(MLS_FlashCrashReversalStrategy_SEI.US.ETORO_7-007)>, priority=0)
2026-06-08T20:00:02.637090831Z [INFO] eToro-Momentum-LS.MLS_FlashCrashReversalStrategy_SEI.US.ETORO_7: [CMD]--> SubscribeBars(bar_type=SEI.US.ETORO-1-HOUR-MID-INTERNAL, client_id=None, venue=ETORO)
2026-06-08T20:00:02.637110157Z [INFO] eToro-Momentum-LS.MLS_FlashCrashReversalStrategy_SEI.US.ETORO_7: RUNNING
2026-06-08T20:00:02.637113744Z [DEBUG] eToro-Momentum-LS.MLS_FlashCrashReversalStrategy_SEI.US.ETORO_8: STARTING
2026-06-08T20:00:02.637114145Z [INFO] eToro-Momentum-LS.MLS_FlashCrashReversalStrategy_SEI.US.ETORO_8: self.config.oms_type=None
2026-06-08T20:00:02.637114325Z [INFO] eToro-Momentum-LS.MLS_FlashCrashReversalStrategy_SEI.US.ETORO_8: self.config.external_order_claims=None
2026-06-08T20:00:02.637114576Z [INFO] eToro-Momentum-LS.MLS_FlashCrashReversalStrategy_SEI.US.ETORO_8: self.config.manage_gtd_expiry=False
2026-06-08T20:00:02.637115277Z [INFO] eToro-Momentum-LS.MLS_FlashCrashReversalStrategy_SEI.US.ETORO_8: Set ClientOrderIdGenerator client_order_id count to 0
2026-06-08T20:00:02.637115497Z [INFO] eToro-Momentum-LS.MLS_FlashCrashReversalStrategy_SEI.US.ETORO_8: Set ClientOrderIdGenerator order_list_id count to 0
2026-06-08T20:00:02.637117060Z [INFO] eToro-Momentum-LS.MLS_FlashCrashReversalStrategy_SEI.US.ETORO_8: Starte Flash Crash Reversal auf SEI.US.ETORO
2026-06-08T20:00:02.637127861Z [DEBUG] eToro-Momentum-LS.MessageBus: Added Subscription(topic=data.bars.SEI.US.ETORO-1-HOUR-MID-INTERNAL, handler=<bound method Actor.handle_bar of FlashCrashReversalStrategy(MLS_FlashCrashReversalStrategy_SEI.US.ETORO_8-008)>, priority=0)
2026-06-08T20:00:02.637133752Z [INFO] eToro-Momentum-LS.MLS_FlashCrashReversalStrategy_SEI.US.ETORO_8: [CMD]--> SubscribeBars(bar_type=SEI.US.ETORO-1-HOUR-MID-INTERNAL, client_id=None, venue=ETORO)
2026-06-08T20:00:02.637151575Z [INFO] eToro-Momentum-LS.MLS_FlashCrashReversalStrategy_SEI.US.ETORO_8: RUNNING
2026-06-08T20:00:02.637154851Z [DEBUG] eToro-Momentum-LS.MLS_FlashCrashReversalStrategy_SEI.US.ETORO_9: STARTING
2026-06-08T20:00:02.637155242Z [INFO] eToro-Momentum-LS.MLS_FlashCrashReversalStrategy_SEI.US.ETORO_9: self.config.oms_type=None
2026-06-08T20:00:02.637155402Z [INFO] eToro-Momentum-LS.MLS_FlashCrashReversalStrategy_SEI.US.ETORO_9: self.config.external_order_claims=None
2026-06-08T20:00:02.637155563Z [INFO] eToro-Momentum-LS.MLS_FlashCrashReversalStrategy_SEI.US.ETORO_9: self.config.manage_gtd_expiry=False
2026-06-08T20:00:02.637156464Z [INFO] eToro-Momentum-LS.MLS_FlashCrashReversalStrategy_SEI.US.ETORO_9: Set ClientOrderIdGenerator client_order_id count to 0
2026-06-08T20:00:02.637156605Z [INFO] eToro-Momentum-LS.MLS_FlashCrashReversalStrategy_SEI.US.ETORO_9: Set ClientOrderIdGenerator order_list_id count to 0
2026-06-08T20:00:02.637158809Z [INFO] eToro-Momentum-LS.MLS_FlashCrashReversalStrategy_SEI.US.ETORO_9: Starte Flash Crash Reversal auf SEI.US.ETORO
2026-06-08T20:00:02.637169489Z [DEBUG] eToro-Momentum-LS.MessageBus: Added Subscription(topic=data.bars.SEI.US.ETORO-1-HOUR-MID-INTERNAL, handler=<bound method Actor.handle_bar of FlashCrashReversalStrategy(MLS_FlashCrashReversalStrategy_SEI.US.ETORO_9-009)>, priority=0)
2026-06-08T20:00:02.637179688Z [INFO] eToro-Momentum-LS.MLS_FlashCrashReversalStrategy_SEI.US.ETORO_9: [CMD]--> SubscribeBars(bar_type=SEI.US.ETORO-1-HOUR-MID-INTERNAL, client_id=None, venue=ETORO)
2026-06-08T20:00:02.637198754Z [INFO] eToro-Momentum-LS.MLS_FlashCrashReversalStrategy_SEI.US.ETORO_9: RUNNING
2026-06-08T20:00:02.637209434Z [DEBUG] eToro-Momentum-LS.MLS_FlashCrashReversalStrategy_SEI.US.ETORO_10: STARTING
2026-06-08T20:00:02.637212980Z [INFO] eToro-Momentum-LS.MLS_FlashCrashReversalStrategy_SEI.US.ETORO_10: self.config.oms_type=None
2026-06-08T20:00:02.637213191Z [INFO] eToro-Momentum-LS.MLS_FlashCrashReversalStrategy_SEI.US.ETORO_10: self.config.external_order_claims=None
2026-06-08T20:00:02.637213441Z [INFO] eToro-Momentum-LS.MLS_FlashCrashReversalStrategy_SEI.US.ETORO_10: self.config.manage_gtd_expiry=False
2026-06-08T20:00:02.637214223Z [INFO] eToro-Momentum-LS.MLS_FlashCrashReversalStrategy_SEI.US.ETORO_10: Set ClientOrderIdGenerator client_order_id count to 0
2026-06-08T20:00:02.637214443Z [INFO] eToro-Momentum-LS.MLS_FlashCrashReversalStrategy_SEI.US.ETORO_10: Set ClientOrderIdGenerator order_list_id count to 0
2026-06-08T20:00:02.637218751Z [INFO] eToro-Momentum-LS.MLS_FlashCrashReversalStrategy_SEI.US.ETORO_10: Starte Flash Crash Reversal auf SEI.US.ETORO
2026-06-08T20:00:02.637227167Z [DEBUG] eToro-Momentum-LS.MessageBus: Added Subscription(topic=data.bars.SEI.US.ETORO-1-HOUR-MID-INTERNAL, handler=<bound method Actor.handle_bar of FlashCrashReversalStrategy(MLS_FlashCrashReversalStrategy_SEI.US.ETORO_10-010)>, priority=0)
2026-06-08T20:00:02.637233559Z [INFO] eToro-Momentum-LS.MLS_FlashCrashReversalStrategy_SEI.US.ETORO_10: [CMD]--> SubscribeBars(bar_type=SEI.US.ETORO-1-HOUR-MID-INTERNAL, client_id=None, venue=ETORO)
2026-06-08T20:00:02.637250521Z [INFO] eToro-Momentum-LS.MLS_FlashCrashReversalStrategy_SEI.US.ETORO_10: RUNNING
2026-06-08T20:00:02.637254378Z [DEBUG] eToro-Momentum-LS.MLS_FlashCrashReversalStrategy_SEI.US.ETORO_11: STARTING
2026-06-08T20:00:02.637254979Z [INFO] eToro-Momentum-LS.MLS_FlashCrashReversalStrategy_SEI.US.ETORO_11: self.config.oms_type=None
2026-06-08T20:00:02.637255480Z [INFO] eToro-Momentum-LS.MLS_FlashCrashReversalStrategy_SEI.US.ETORO_11: self.config.external_order_claims=None
2026-06-08T20:00:02.637255740Z [INFO] eToro-Momentum-LS.MLS_FlashCrashReversalStrategy_SEI.US.ETORO_11: self.config.manage_gtd_expiry=False
2026-06-08T20:00:02.637256502Z [INFO] eToro-Momentum-LS.MLS_FlashCrashReversalStrategy_SEI.US.ETORO_11: Set ClientOrderIdGenerator client_order_id count to 0
2026-06-08T20:00:02.637256742Z [INFO] eToro-Momentum-LS.MLS_FlashCrashReversalStrategy_SEI.US.ETORO_11: Set ClientOrderIdGenerator order_list_id count to 0
2026-06-08T20:00:02.637258496Z [INFO] eToro-Momentum-LS.MLS_FlashCrashReversalStrategy_SEI.US.ETORO_11: Starte Flash Crash Reversal auf SEI.US.ETORO
2026-06-08T20:00:02.637271139Z [DEBUG] eToro-Momentum-LS.MessageBus: Added Subscription(topic=data.bars.SEI.US.ETORO-1-HOUR-MID-INTERNAL, handler=<bound method Actor.handle_bar of FlashCrashReversalStrategy(MLS_FlashCrashReversalStrategy_SEI.US.ETORO_11-011)>, priority=0)
2026-06-08T20:00:02.637276008Z [INFO] eToro-Momentum-LS.MLS_FlashCrashReversalStrategy_SEI.US.ETORO_11: [CMD]--> SubscribeBars(bar_type=SEI.US.ETORO-1-HOUR-MID-INTERNAL, client_id=None, venue=ETORO)
2026-06-08T20:00:02.637292750Z [INFO] eToro-Momentum-LS.MLS_FlashCrashReversalStrategy_SEI.US.ETORO_11: RUNNING
2026-06-08T20:00:02.637296667Z [DEBUG] eToro-Momentum-LS.MLS_FlashCrashReversalStrategy_SEI.US.ETORO_12: STARTING
2026-06-08T20:00:02.637297068Z [INFO] eToro-Momentum-LS.MLS_FlashCrashReversalStrategy_SEI.US.ETORO_12: self.config.oms_type=None
2026-06-08T20:00:02.637297338Z [INFO] eToro-Momentum-LS.MLS_FlashCrashReversalStrategy_SEI.US.ETORO_12: self.config.external_order_claims=None
2026-06-08T20:00:02.637297579Z [INFO] eToro-Momentum-LS.MLS_FlashCrashReversalStrategy_SEI.US.ETORO_12: self.config.manage_gtd_expiry=False
2026-06-08T20:00:02.637298310Z [INFO] eToro-Momentum-LS.MLS_FlashCrashReversalStrategy_SEI.US.ETORO_12: Set ClientOrderIdGenerator client_order_id count to 0
2026-06-08T20:00:02.637298661Z [INFO] eToro-Momentum-LS.MLS_FlashCrashReversalStrategy_SEI.US.ETORO_12: Set ClientOrderIdGenerator order_list_id count to 0
2026-06-08T20:00:02.637302458Z [INFO] eToro-Momentum-LS.MLS_FlashCrashReversalStrategy_SEI.US.ETORO_12: Starte Flash Crash Reversal auf SEI.US.ETORO
2026-06-08T20:00:02.637311976Z [DEBUG] eToro-Momentum-LS.MessageBus: Added Subscription(topic=data.bars.SEI.US.ETORO-1-HOUR-MID-INTERNAL, handler=<bound method Actor.handle_bar of FlashCrashReversalStrategy(MLS_FlashCrashReversalStrategy_SEI.US.ETORO_12-012)>, priority=0)
2026-06-08T20:00:02.637316585Z [INFO] eToro-Momentum-LS.MLS_FlashCrashReversalStrategy_SEI.US.ETORO_12: [CMD]--> SubscribeBars(bar_type=SEI.US.ETORO-1-HOUR-MID-INTERNAL, client_id=None, venue=ETORO)
2026-06-08T20:00:02.637332064Z [INFO] eToro-Momentum-LS.MLS_FlashCrashReversalStrategy_SEI.US.ETORO_12: RUNNING
2026-06-08T20:00:02.637335600Z [DEBUG] eToro-Momentum-LS.MLS_FlashCrashReversalStrategy_SEI.US.ETORO_13: STARTING
2026-06-08T20:00:02.637336001Z [INFO] eToro-Momentum-LS.MLS_FlashCrashReversalStrategy_SEI.US.ETORO_13: self.config.oms_type=None
2026-06-08T20:00:02.637338586Z [INFO] eToro-Momentum-LS.MLS_FlashCrashReversalStrategy_SEI.US.ETORO_13: self.config.external_order_claims=None
2026-06-08T20:00:02.637338726Z [INFO] eToro-Momentum-LS.MLS_FlashCrashReversalStrategy_SEI.US.ETORO_13: self.config.manage_gtd_expiry=False
2026-06-08T20:00:02.637339497Z [INFO] eToro-Momentum-LS.MLS_FlashCrashReversalStrategy_SEI.US.ETORO_13: Set ClientOrderIdGenerator client_order_id count to 0
2026-06-08T20:00:02.637339798Z [INFO] eToro-Momentum-LS.MLS_FlashCrashReversalStrategy_SEI.US.ETORO_13: Set ClientOrderIdGenerator order_list_id count to 0
2026-06-08T20:00:02.637341551Z [INFO] eToro-Momentum-LS.MLS_FlashCrashReversalStrategy_SEI.US.ETORO_13: Starte Flash Crash Reversal auf SEI.US.ETORO
2026-06-08T20:00:02.637355878Z [DEBUG] eToro-Momentum-LS.MessageBus: Added Subscription(topic=data.bars.SEI.US.ETORO-1-HOUR-MID-INTERNAL, handler=<bound method Actor.handle_bar of FlashCrashReversalStrategy(MLS_FlashCrashReversalStrategy_SEI.US.ETORO_13-013)>, priority=0)
2026-06-08T20:00:02.637373431Z [INFO] eToro-Momentum-LS.MLS_FlashCrashReversalStrategy_SEI.US.ETORO_13: [CMD]--> SubscribeBars(bar_type=SEI.US.ETORO-1-HOUR-MID-INTERNAL, client_id=None, venue=ETORO)
2026-06-08T20:00:02.637392637Z [INFO] eToro-Momentum-LS.MLS_FlashCrashReversalStrategy_SEI.US.ETORO_13: RUNNING
2026-06-08T20:00:02.637396735Z [DEBUG] eToro-Momentum-LS.MLS_FlashCrashReversalStrategy_SEI.US.ETORO_14: STARTING
2026-06-08T20:00:02.637397336Z [INFO] eToro-Momentum-LS.MLS_FlashCrashReversalStrategy_SEI.US.ETORO_14: self.config.oms_type=None
2026-06-08T20:00:02.637397636Z [INFO] eToro-Momentum-LS.MLS_FlashCrashReversalStrategy_SEI.US.ETORO_14: self.config.external_order_claims=None
2026-06-08T20:00:02.637397907Z [INFO] eToro-Momentum-LS.MLS_FlashCrashReversalStrategy_SEI.US.ETORO_14: self.config.manage_gtd_expiry=False
2026-06-08T20:00:02.637398729Z [INFO] eToro-Momentum-LS.MLS_FlashCrashReversalStrategy_SEI.US.ETORO_14: Set ClientOrderIdGenerator client_order_id count to 0
2026-06-08T20:00:02.637398989Z [INFO] eToro-Momentum-LS.MLS_FlashCrashReversalStrategy_SEI.US.ETORO_14: Set ClientOrderIdGenerator order_list_id count to 0
2026-06-08T20:00:02.637401203Z [INFO] eToro-Momentum-LS.MLS_FlashCrashReversalStrategy_SEI.US.ETORO_14: Starte Flash Crash Reversal auf SEI.US.ETORO
2026-06-08T20:00:02.637414859Z [DEBUG] eToro-Momentum-LS.MessageBus: Added Subscription(topic=data.bars.SEI.US.ETORO-1-HOUR-MID-INTERNAL, handler=<bound method Actor.handle_bar of FlashCrashReversalStrategy(MLS_FlashCrashReversalStrategy_SEI.US.ETORO_14-014)>, priority=0)
2026-06-08T20:00:02.637417965Z [INFO] eToro-Momentum-LS.MLS_FlashCrashReversalStrategy_SEI.US.ETORO_14: [CMD]--> SubscribeBars(bar_type=SEI.US.ETORO-1-HOUR-MID-INTERNAL, client_id=None, venue=ETORO)
2026-06-08T20:00:02.637434786Z [INFO] eToro-Momentum-LS.MLS_FlashCrashReversalStrategy_SEI.US.ETORO_14: RUNNING
2026-06-08T20:00:02.637438583Z [DEBUG] eToro-Momentum-LS.MLS_FlashCrashReversalStrategy_SEI.US.ETORO_15: STARTING
2026-06-08T20:00:02.637439064Z [INFO] eToro-Momentum-LS.MLS_FlashCrashReversalStrategy_SEI.US.ETORO_15: self.config.oms_type=None
2026-06-08T20:00:02.637439385Z [INFO] eToro-Momentum-LS.MLS_FlashCrashReversalStrategy_SEI.US.ETORO_15: self.config.external_order_claims=None
2026-06-08T20:00:02.637439745Z [INFO] eToro-Momentum-LS.MLS_FlashCrashReversalStrategy_SEI.US.ETORO_15: self.config.manage_gtd_expiry=False
2026-06-08T20:00:02.637440487Z [INFO] eToro-Momentum-LS.MLS_FlashCrashReversalStrategy_SEI.US.ETORO_15: Set ClientOrderIdGenerator client_order_id count to 0
2026-06-08T20:00:02.637440868Z [INFO] eToro-Momentum-LS.MLS_FlashCrashReversalStrategy_SEI.US.ETORO_15: Set ClientOrderIdGenerator order_list_id count to 0
2026-06-08T20:00:02.637442551Z [INFO] eToro-Momentum-LS.MLS_FlashCrashReversalStrategy_SEI.US.ETORO_15: Starte Flash Crash Reversal auf SEI.US.ETORO
2026-06-08T20:00:02.637452930Z [DEBUG] eToro-Momentum-LS.MessageBus: Added Subscription(topic=data.bars.SEI.US.ETORO-1-HOUR-MID-INTERNAL, handler=<bound method Actor.handle_bar of FlashCrashReversalStrategy(MLS_FlashCrashReversalStrategy_SEI.US.ETORO_15-015)>, priority=0)
2026-06-08T20:00:02.637456216Z [INFO] eToro-Momentum-LS.MLS_FlashCrashReversalStrategy_SEI.US.ETORO_15: [CMD]--> SubscribeBars(bar_type=SEI.US.ETORO-1-HOUR-MID-INTERNAL, client_id=None, venue=ETORO)
2026-06-08T20:00:02.637475462Z [INFO] eToro-Momentum-LS.MLS_FlashCrashReversalStrategy_SEI.US.ETORO_15: RUNNING
2026-06-08T20:00:02.637479440Z [DEBUG] eToro-Momentum-LS.MLS_FlashCrashReversalStrategy_SEI.US.ETORO_16: STARTING
2026-06-08T20:00:02.637480041Z [INFO] eToro-Momentum-LS.MLS_FlashCrashReversalStrategy_SEI.US.ETORO_16: self.config.oms_type=None
2026-06-08T20:00:02.637480311Z [INFO] eToro-Momentum-LS.MLS_FlashCrashReversalStrategy_SEI.US.ETORO_16: self.config.external_order_claims=None
2026-06-08T20:00:02.637483127Z [INFO] eToro-Momentum-LS.MLS_FlashCrashReversalStrategy_SEI.US.ETORO_16: self.config.manage_gtd_expiry=False
2026-06-08T20:00:02.637483798Z [INFO] eToro-Momentum-LS.MLS_FlashCrashReversalStrategy_SEI.US.ETORO_16: Set ClientOrderIdGenerator client_order_id count to 0
2026-06-08T20:00:02.637484038Z [INFO] eToro-Momentum-LS.MLS_FlashCrashReversalStrategy_SEI.US.ETORO_16: Set ClientOrderIdGenerator order_list_id count to 0
2026-06-08T20:00:02.637486383Z [INFO] eToro-Momentum-LS.MLS_FlashCrashReversalStrategy_SEI.US.ETORO_16: Starte Flash Crash Reversal auf SEI.US.ETORO
2026-06-08T20:00:02.637496111Z [DEBUG] eToro-Momentum-LS.MessageBus: Added Subscription(topic=data.bars.SEI.US.ETORO-1-HOUR-MID-INTERNAL, handler=<bound method Actor.handle_bar of FlashCrashReversalStrategy(MLS_FlashCrashReversalStrategy_SEI.US.ETORO_16-016)>, priority=0)
2026-06-08T20:00:02.637501121Z [INFO] eToro-Momentum-LS.MLS_FlashCrashReversalStrategy_SEI.US.ETORO_16: [CMD]--> SubscribeBars(bar_type=SEI.US.ETORO-1-HOUR-MID-INTERNAL, client_id=None, venue=ETORO)
2026-06-08T20:00:02.637516780Z [INFO] eToro-Momentum-LS.MLS_FlashCrashReversalStrategy_SEI.US.ETORO_16: RUNNING
2026-06-08T20:00:02.637520467Z [DEBUG] eToro-Momentum-LS.MLS_FlashCrashReversalStrategy_SEI.US.ETORO_17: STARTING
2026-06-08T20:00:02.637520938Z [INFO] eToro-Momentum-LS.MLS_FlashCrashReversalStrategy_SEI.US.ETORO_17: self.config.oms_type=None
2026-06-08T20:00:02.637521198Z [INFO] eToro-Momentum-LS.MLS_FlashCrashReversalStrategy_SEI.US.ETORO_17: self.config.external_order_claims=None
2026-06-08T20:00:02.637521439Z [INFO] eToro-Momentum-LS.MLS_FlashCrashReversalStrategy_SEI.US.ETORO_17: self.config.manage_gtd_expiry=False
2026-06-08T20:00:02.637522170Z [INFO] eToro-Momentum-LS.MLS_FlashCrashReversalStrategy_SEI.US.ETORO_17: Set ClientOrderIdGenerator client_order_id count to 0
2026-06-08T20:00:02.637522420Z [INFO] eToro-Momentum-LS.MLS_FlashCrashReversalStrategy_SEI.US.ETORO_17: Set ClientOrderIdGenerator order_list_id count to 0
2026-06-08T20:00:02.637527610Z [INFO] eToro-Momentum-LS.MLS_FlashCrashReversalStrategy_SEI.US.ETORO_17: Starte Flash Crash Reversal auf SEI.US.ETORO
2026-06-08T20:00:02.637540745Z [DEBUG] eToro-Momentum-LS.MessageBus: Added Subscription(topic=data.bars.SEI.US.ETORO-1-HOUR-MID-INTERNAL, handler=<bound method Actor.handle_bar of FlashCrashReversalStrategy(MLS_FlashCrashReversalStrategy_SEI.US.ETORO_17-017)>, priority=0)
2026-06-08T20:00:02.637544151Z [INFO] eToro-Momentum-LS.MLS_FlashCrashReversalStrategy_SEI.US.ETORO_17: [CMD]--> SubscribeBars(bar_type=SEI.US.ETORO-1-HOUR-MID-INTERNAL, client_id=None, venue=ETORO)
2026-06-08T20:00:02.637560181Z [INFO] eToro-Momentum-LS.MLS_FlashCrashReversalStrategy_SEI.US.ETORO_17: RUNNING
2026-06-08T20:00:02.637564730Z [DEBUG] eToro-Momentum-LS.MLS_FlashCrashReversalStrategy_SEI.US.ETORO_18: STARTING
2026-06-08T20:00:02.637565231Z [INFO] eToro-Momentum-LS.MLS_FlashCrashReversalStrategy_SEI.US.ETORO_18: self.config.oms_type=None
2026-06-08T20:00:02.637565481Z [INFO] eToro-Momentum-LS.MLS_FlashCrashReversalStrategy_SEI.US.ETORO_18: self.config.external_order_claims=None
2026-06-08T20:00:02.637565722Z [INFO] eToro-Momentum-LS.MLS_FlashCrashReversalStrategy_SEI.US.ETORO_18: self.config.manage_gtd_expiry=False
2026-06-08T20:00:02.637566573Z [INFO] eToro-Momentum-LS.MLS_FlashCrashReversalStrategy_SEI.US.ETORO_18: Set ClientOrderIdGenerator client_order_id count to 0
2026-06-08T20:00:02.637566794Z [INFO] eToro-Momentum-LS.MLS_FlashCrashReversalStrategy_SEI.US.ETORO_18: Set ClientOrderIdGenerator order_list_id count to 0
2026-06-08T20:00:02.637568357Z [INFO] eToro-Momentum-LS.MLS_FlashCrashReversalStrategy_SEI.US.ETORO_18: Starte Flash Crash Reversal auf SEI.US.ETORO
2026-06-08T20:00:02.637578706Z [DEBUG] eToro-Momentum-LS.MessageBus: Added Subscription(topic=data.bars.SEI.US.ETORO-1-HOUR-MID-INTERNAL, handler=<bound method Actor.handle_bar of FlashCrashReversalStrategy(MLS_FlashCrashReversalStrategy_SEI.US.ETORO_18-018)>, priority=0)
2026-06-08T20:00:02.637582082Z [INFO] eToro-Momentum-LS.MLS_FlashCrashReversalStrategy_SEI.US.ETORO_18: [CMD]--> SubscribeBars(bar_type=SEI.US.ETORO-1-HOUR-MID-INTERNAL, client_id=None, venue=ETORO)
2026-06-08T20:00:02.637597702Z [INFO] eToro-Momentum-LS.MLS_FlashCrashReversalStrategy_SEI.US.ETORO_18: RUNNING
2026-06-08T20:00:02.637601208Z [DEBUG] eToro-Momentum-LS.MLS_FlashCrashReversalStrategy_SEI.US.ETORO_19: STARTING
2026-06-08T20:00:02.637601599Z [INFO] eToro-Momentum-LS.MLS_FlashCrashReversalStrategy_SEI.US.ETORO_19: self.config.oms_type=None
2026-06-08T20:00:02.637601769Z [INFO] eToro-Momentum-LS.MLS_FlashCrashReversalStrategy_SEI.US.ETORO_19: self.config.external_order_claims=None
2026-06-08T20:00:02.637601909Z [INFO] eToro-Momentum-LS.MLS_FlashCrashReversalStrategy_SEI.US.ETORO_19: self.config.manage_gtd_expiry=False
2026-06-08T20:00:02.637605586Z [INFO] eToro-Momentum-LS.MLS_FlashCrashReversalStrategy_SEI.US.ETORO_19: Set ClientOrderIdGenerator client_order_id count to 0
2026-06-08T20:00:02.637605737Z [INFO] eToro-Momentum-LS.MLS_FlashCrashReversalStrategy_SEI.US.ETORO_19: Set ClientOrderIdGenerator order_list_id count to 0
2026-06-08T20:00:02.637606889Z [INFO] eToro-Momentum-LS.MLS_FlashCrashReversalStrategy_SEI.US.ETORO_19: Starte Flash Crash Reversal auf SEI.US.ETORO
2026-06-08T20:00:02.637616737Z [DEBUG] eToro-Momentum-LS.MessageBus: Added Subscription(topic=data.bars.SEI.US.ETORO-1-HOUR-MID-INTERNAL, handler=<bound method Actor.handle_bar of FlashCrashReversalStrategy(MLS_FlashCrashReversalStrategy_SEI.US.ETORO_19-019)>, priority=0)
2026-06-08T20:00:02.637624422Z [INFO] eToro-Momentum-LS.MLS_FlashCrashReversalStrategy_SEI.US.ETORO_19: [CMD]--> SubscribeBars(bar_type=SEI.US.ETORO-1-HOUR-MID-INTERNAL, client_id=None, venue=ETORO)
2026-06-08T20:00:02.637644950Z [INFO] eToro-Momentum-LS.MLS_FlashCrashReversalStrategy_SEI.US.ETORO_19: RUNNING
2026-06-08T20:00:02.637648397Z [DEBUG] eToro-Momentum-LS.MLS_FlashCrashReversalStrategy_SEI.US.ETORO_20: STARTING
2026-06-08T20:00:02.637648928Z [INFO] eToro-Momentum-LS.MLS_FlashCrashReversalStrategy_SEI.US.ETORO_20: self.config.oms_type=None
2026-06-08T20:00:02.637649088Z [INFO] eToro-Momentum-LS.MLS_FlashCrashReversalStrategy_SEI.US.ETORO_20: self.config.external_order_claims=None
2026-06-08T20:00:02.637649238Z [INFO] eToro-Momentum-LS.MLS_FlashCrashReversalStrategy_SEI.US.ETORO_20: self.config.manage_gtd_expiry=False
2026-06-08T20:00:02.637650110Z [INFO] eToro-Momentum-LS.MLS_FlashCrashReversalStrategy_SEI.US.ETORO_20: Set ClientOrderIdGenerator client_order_id count to 0
2026-06-08T20:00:02.637650320Z [INFO] eToro-Momentum-LS.MLS_FlashCrashReversalStrategy_SEI.US.ETORO_20: Set ClientOrderIdGenerator order_list_id count to 0
2026-06-08T20:00:02.637651683Z [INFO] eToro-Momentum-LS.MLS_FlashCrashReversalStrategy_SEI.US.ETORO_20: Starte Flash Crash Reversal auf SEI.US.ETORO
2026-06-08T20:00:02.637661221Z [DEBUG] eToro-Momentum-LS.MessageBus: Added Subscription(topic=data.bars.SEI.US.ETORO-1-HOUR-MID-INTERNAL, handler=<bound method Actor.handle_bar of FlashCrashReversalStrategy(MLS_FlashCrashReversalStrategy_SEI.US.ETORO_20-020)>, priority=0)
2026-06-08T20:00:02.637664988Z [INFO] eToro-Momentum-LS.MLS_FlashCrashReversalStrategy_SEI.US.ETORO_20: [CMD]--> SubscribeBars(bar_type=SEI.US.ETORO-1-HOUR-MID-INTERNAL, client_id=None, venue=ETORO)
2026-06-08T20:00:02.637703901Z [INFO] eToro-Momentum-LS.MLS_FlashCrashReversalStrategy_SEI.US.ETORO_20: RUNNING
2026-06-08T20:00:02.637708409Z [DEBUG] eToro-Momentum-LS.MLS_FlashCrashReversalStrategy_SEI.US.ETORO_21: STARTING
2026-06-08T20:00:02.637708870Z [INFO] eToro-Momentum-LS.MLS_FlashCrashReversalStrategy_SEI.US.ETORO_21: self.config.oms_type=None
2026-06-08T20:00:02.637709161Z [INFO] eToro-Momentum-LS.MLS_FlashCrashReversalStrategy_SEI.US.ETORO_21: self.config.external_order_claims=None
2026-06-08T20:00:02.637709411Z [INFO] eToro-Momentum-LS.MLS_FlashCrashReversalStrategy_SEI.US.ETORO_21: self.config.manage_gtd_expiry=False
2026-06-08T20:00:02.637710142Z [INFO] eToro-Momentum-LS.MLS_FlashCrashReversalStrategy_SEI.US.ETORO_21: Set ClientOrderIdGenerator client_order_id count to 0
2026-06-08T20:00:02.637710393Z [INFO] eToro-Momentum-LS.MLS_FlashCrashReversalStrategy_SEI.US.ETORO_21: Set ClientOrderIdGenerator order_list_id count to 0
2026-06-08T20:00:02.637713178Z [INFO] eToro-Momentum-LS.MLS_FlashCrashReversalStrategy_SEI.US.ETORO_21: Starte Flash Crash Reversal auf SEI.US.ETORO
2026-06-08T20:00:02.637723237Z [DEBUG] eToro-Momentum-LS.MessageBus: Added Subscription(topic=data.bars.SEI.US.ETORO-1-HOUR-MID-INTERNAL, handler=<bound method Actor.handle_bar of FlashCrashReversalStrategy(MLS_FlashCrashReversalStrategy_SEI.US.ETORO_21-021)>, priority=0)
2026-06-08T20:00:02.637726703Z [INFO] eToro-Momentum-LS.MLS_FlashCrashReversalStrategy_SEI.US.ETORO_21: [CMD]--> SubscribeBars(bar_type=SEI.US.ETORO-1-HOUR-MID-INTERNAL, client_id=None, venue=ETORO)
2026-06-08T20:00:02.637744096Z [INFO] eToro-Momentum-LS.MLS_FlashCrashReversalStrategy_SEI.US.ETORO_21: RUNNING
2026-06-08T20:00:02.637748434Z [DEBUG] eToro-Momentum-LS.MLS_FlashCrashReversalStrategy_SEI.US.ETORO_22: STARTING
2026-06-08T20:00:02.637749025Z [INFO] eToro-Momentum-LS.MLS_FlashCrashReversalStrategy_SEI.US.ETORO_22: self.config.oms_type=None
2026-06-08T20:00:02.637749316Z [INFO] eToro-Momentum-LS.MLS_FlashCrashReversalStrategy_SEI.US.ETORO_22: self.config.external_order_claims=None
2026-06-08T20:00:02.637749566Z [INFO] eToro-Momentum-LS.MLS_FlashCrashReversalStrategy_SEI.US.ETORO_22: self.config.manage_gtd_expiry=False
2026-06-08T20:00:02.637750208Z [INFO] eToro-Momentum-LS.MLS_FlashCrashReversalStrategy_SEI.US.ETORO_22: Set ClientOrderIdGenerator client_order_id count to 0
2026-06-08T20:00:02.637753323Z [INFO] eToro-Momentum-LS.MLS_FlashCrashReversalStrategy_SEI.US.ETORO_22: Set ClientOrderIdGenerator order_list_id count to 0
2026-06-08T20:00:02.637754405Z [INFO] eToro-Momentum-LS.MLS_FlashCrashReversalStrategy_SEI.US.ETORO_22: Starte Flash Crash Reversal auf SEI.US.ETORO
2026-06-08T20:00:02.637763663Z [DEBUG] eToro-Momentum-LS.MessageBus: Added Subscription(topic=data.bars.SEI.US.ETORO-1-HOUR-MID-INTERNAL, handler=<bound method Actor.handle_bar of FlashCrashReversalStrategy(MLS_FlashCrashReversalStrategy_SEI.US.ETORO_22-022)>, priority=0)
2026-06-08T20:00:02.637769203Z [INFO] eToro-Momentum-LS.MLS_FlashCrashReversalStrategy_SEI.US.ETORO_22: [CMD]--> SubscribeBars(bar_type=SEI.US.ETORO-1-HOUR-MID-INTERNAL, client_id=None, venue=ETORO)
2026-06-08T20:00:02.637785955Z [INFO] eToro-Momentum-LS.MLS_FlashCrashReversalStrategy_SEI.US.ETORO_22: RUNNING
2026-06-08T20:00:02.637789221Z [DEBUG] eToro-Momentum-LS.MLS_FlashCrashReversalStrategy_SEI.US.ETORO_23: STARTING
2026-06-08T20:00:02.637789611Z [INFO] eToro-Momentum-LS.MLS_FlashCrashReversalStrategy_SEI.US.ETORO_23: self.config.oms_type=None
2026-06-08T20:00:02.637789782Z [INFO] eToro-Momentum-LS.MLS_FlashCrashReversalStrategy_SEI.US.ETORO_23: self.config.external_order_claims=None
2026-06-08T20:00:02.637789952Z [INFO] eToro-Momentum-LS.MLS_FlashCrashReversalStrategy_SEI.US.ETORO_23: self.config.manage_gtd_expiry=False
2026-06-08T20:00:02.637790844Z [INFO] eToro-Momentum-LS.MLS_FlashCrashReversalStrategy_SEI.US.ETORO_23: Set ClientOrderIdGenerator client_order_id count to 0
2026-06-08T20:00:02.637790984Z [INFO] eToro-Momentum-LS.MLS_FlashCrashReversalStrategy_SEI.US.ETORO_23: Set ClientOrderIdGenerator order_list_id count to 0
2026-06-08T20:00:02.637792557Z [INFO] eToro-Momentum-LS.MLS_FlashCrashReversalStrategy_SEI.US.ETORO_23: Starte Flash Crash Reversal auf SEI.US.ETORO
2026-06-08T20:00:02.637803668Z [DEBUG] eToro-Momentum-LS.MessageBus: Added Subscription(topic=data.bars.SEI.US.ETORO-1-HOUR-MID-INTERNAL, handler=<bound method Actor.handle_bar of FlashCrashReversalStrategy(MLS_FlashCrashReversalStrategy_SEI.US.ETORO_23-023)>, priority=0)
2026-06-08T20:00:02.637806744Z [INFO] eToro-Momentum-LS.MLS_FlashCrashReversalStrategy_SEI.US.ETORO_23: [CMD]--> SubscribeBars(bar_type=SEI.US.ETORO-1-HOUR-MID-INTERNAL, client_id=None, venue=ETORO)
2026-06-08T20:00:02.637821211Z [INFO] eToro-Momentum-LS.MLS_FlashCrashReversalStrategy_SEI.US.ETORO_23: RUNNING
2026-06-08T20:00:02.637824547Z [DEBUG] eToro-Momentum-LS.MLS_FlashCrashReversalStrategy_SEI.US.ETORO_24: STARTING
2026-06-08T20:00:02.637825018Z [INFO] eToro-Momentum-LS.MLS_FlashCrashReversalStrategy_SEI.US.ETORO_24: self.config.oms_type=None
2026-06-08T20:00:02.637825188Z [INFO] eToro-Momentum-LS.MLS_FlashCrashReversalStrategy_SEI.US.ETORO_24: self.config.external_order_claims=None
2026-06-08T20:00:02.637825338Z [INFO] eToro-Momentum-LS.MLS_FlashCrashReversalStrategy_SEI.US.ETORO_24: self.config.manage_gtd_expiry=False
2026-06-08T20:00:02.637826090Z [INFO] eToro-Momentum-LS.MLS_FlashCrashReversalStrategy_SEI.US.ETORO_24: Set ClientOrderIdGenerator client_order_id count to 0
2026-06-08T20:00:02.637826320Z [INFO] eToro-Momentum-LS.MLS_FlashCrashReversalStrategy_SEI.US.ETORO_24: Set ClientOrderIdGenerator order_list_id count to 0
2026-06-08T20:00:02.637828655Z [INFO] eToro-Momentum-LS.MLS_FlashCrashReversalStrategy_SEI.US.ETORO_24: Starte Flash Crash Reversal auf SEI.US.ETORO
2026-06-08T20:00:02.637839124Z [DEBUG] eToro-Momentum-LS.MessageBus: Added Subscription(topic=data.bars.SEI.US.ETORO-1-HOUR-MID-INTERNAL, handler=<bound method Actor.handle_bar of FlashCrashReversalStrategy(MLS_FlashCrashReversalStrategy_SEI.US.ETORO_24-024)>, priority=0)
2026-06-08T20:00:02.637845907Z [INFO] eToro-Momentum-LS.MLS_FlashCrashReversalStrategy_SEI.US.ETORO_24: [CMD]--> SubscribeBars(bar_type=SEI.US.ETORO-1-HOUR-MID-INTERNAL, client_id=None, venue=ETORO)
2026-06-08T20:00:02.637861957Z [INFO] eToro-Momentum-LS.MLS_FlashCrashReversalStrategy_SEI.US.ETORO_24: RUNNING
2026-06-08T20:00:02.637865734Z [DEBUG] eToro-Momentum-LS.MLS_FlashCrashReversalStrategy_SEI.US.ETORO_25: STARTING
2026-06-08T20:00:02.637866135Z [INFO] eToro-Momentum-LS.MLS_FlashCrashReversalStrategy_SEI.US.ETORO_25: self.config.oms_type=None
2026-06-08T20:00:02.637866415Z [INFO] eToro-Momentum-LS.MLS_FlashCrashReversalStrategy_SEI.US.ETORO_25: self.config.external_order_claims=None
2026-06-08T20:00:02.637866656Z [INFO] eToro-Momentum-LS.MLS_FlashCrashReversalStrategy_SEI.US.ETORO_25: self.config.manage_gtd_expiry=False
2026-06-08T20:00:02.637867507Z [INFO] eToro-Momentum-LS.MLS_FlashCrashReversalStrategy_SEI.US.ETORO_25: Set ClientOrderIdGenerator client_order_id count to 0
2026-06-08T20:00:02.637868069Z [INFO] eToro-Momentum-LS.MLS_FlashCrashReversalStrategy_SEI.US.ETORO_25: Set ClientOrderIdGenerator order_list_id count to 0
2026-06-08T20:00:02.637872667Z [INFO] eToro-Momentum-LS.MLS_FlashCrashReversalStrategy_SEI.US.ETORO_25: Starte Flash Crash Reversal auf SEI.US.ETORO
2026-06-08T20:00:02.637885121Z [DEBUG] eToro-Momentum-LS.MessageBus: Added Subscription(topic=data.bars.SEI.US.ETORO-1-HOUR-MID-INTERNAL, handler=<bound method Actor.handle_bar of FlashCrashReversalStrategy(MLS_FlashCrashReversalStrategy_SEI.US.ETORO_25-025)>, priority=0)
2026-06-08T20:00:02.637888878Z [INFO] eToro-Momentum-LS.MLS_FlashCrashReversalStrategy_SEI.US.ETORO_25: [CMD]--> SubscribeBars(bar_type=SEI.US.ETORO-1-HOUR-MID-INTERNAL, client_id=None, venue=ETORO)
2026-06-08T20:00:02.637908965Z [INFO] eToro-Momentum-LS.MLS_FlashCrashReversalStrategy_SEI.US.ETORO_25: RUNNING
2026-06-08T20:00:02.637912762Z [DEBUG] eToro-Momentum-LS.MLS_FlashCrashReversalStrategy_SEI.US.ETORO_26: STARTING
2026-06-08T20:00:02.637913283Z [INFO] eToro-Momentum-LS.MLS_FlashCrashReversalStrategy_SEI.US.ETORO_26: self.config.oms_type=None
2026-06-08T20:00:02.637913484Z [INFO] eToro-Momentum-LS.MLS_FlashCrashReversalStrategy_SEI.US.ETORO_26: self.config.external_order_claims=None
2026-06-08T20:00:02.637913744Z [INFO] eToro-Momentum-LS.MLS_FlashCrashReversalStrategy_SEI.US.ETORO_26: self.config.manage_gtd_expiry=False
2026-06-08T20:00:02.637914405Z [INFO] eToro-Momentum-LS.MLS_FlashCrashReversalStrategy_SEI.US.ETORO_26: Set ClientOrderIdGenerator client_order_id count to 0
2026-06-08T20:00:02.637914776Z [INFO] eToro-Momentum-LS.MLS_FlashCrashReversalStrategy_SEI.US.ETORO_26: Set ClientOrderIdGenerator order_list_id count to 0
2026-06-08T20:00:02.637921519Z [INFO] eToro-Momentum-LS.MLS_FlashCrashReversalStrategy_SEI.US.ETORO_26: Starte Flash Crash Reversal auf SEI.US.ETORO
2026-06-08T20:00:02.637935826Z [DEBUG] eToro-Momentum-LS.MessageBus: Added Subscription(topic=data.bars.SEI.US.ETORO-1-HOUR-MID-INTERNAL, handler=<bound method Actor.handle_bar of FlashCrashReversalStrategy(MLS_FlashCrashReversalStrategy_SEI.US.ETORO_26-026)>, priority=0)
2026-06-08T20:00:02.637939422Z [INFO] eToro-Momentum-LS.MLS_FlashCrashReversalStrategy_SEI.US.ETORO_26: [CMD]--> SubscribeBars(bar_type=SEI.US.ETORO-1-HOUR-MID-INTERNAL, client_id=None, venue=ETORO)
2026-06-08T20:00:02.637956795Z [INFO] eToro-Momentum-LS.MLS_FlashCrashReversalStrategy_SEI.US.ETORO_26: RUNNING
2026-06-08T20:00:02.637960342Z [DEBUG] eToro-Momentum-LS.MLS_FlashCrashReversalStrategy_SEI.US.ETORO_27: STARTING
2026-06-08T20:00:02.637960742Z [INFO] eToro-Momentum-LS.MLS_FlashCrashReversalStrategy_SEI.US.ETORO_27: self.config.oms_type=None
2026-06-08T20:00:02.637961043Z [INFO] eToro-Momentum-LS.MLS_FlashCrashReversalStrategy_SEI.US.ETORO_27: self.config.external_order_claims=None
2026-06-08T20:00:02.637961283Z [INFO] eToro-Momentum-LS.MLS_FlashCrashReversalStrategy_SEI.US.ETORO_27: self.config.manage_gtd_expiry=False
2026-06-08T20:00:02.637962095Z [INFO] eToro-Momentum-LS.MLS_FlashCrashReversalStrategy_SEI.US.ETORO_27: Set ClientOrderIdGenerator client_order_id count to 0
2026-06-08T20:00:02.637962265Z [INFO] eToro-Momentum-LS.MLS_FlashCrashReversalStrategy_SEI.US.ETORO_27: Set ClientOrderIdGenerator order_list_id count to 0
2026-06-08T20:00:02.637964109Z [INFO] eToro-Momentum-LS.MLS_FlashCrashReversalStrategy_SEI.US.ETORO_27: Starte Flash Crash Reversal auf SEI.US.ETORO
2026-06-08T20:00:02.637984988Z [DEBUG] eToro-Momentum-LS.MessageBus: Added Subscription(topic=data.bars.SEI.US.ETORO-1-HOUR-MID-INTERNAL, handler=<bound method Actor.handle_bar of FlashCrashReversalStrategy(MLS_FlashCrashReversalStrategy_SEI.US.ETORO_27-027)>, priority=0)
2026-06-08T20:00:02.637988274Z [INFO] eToro-Momentum-LS.MLS_FlashCrashReversalStrategy_SEI.US.ETORO_27: [CMD]--> SubscribeBars(bar_type=SEI.US.ETORO-1-HOUR-MID-INTERNAL, client_id=None, venue=ETORO)
2026-06-08T20:00:02.638004625Z [INFO] eToro-Momentum-LS.MLS_FlashCrashReversalStrategy_SEI.US.ETORO_27: RUNNING
2026-06-08T20:00:02.638007821Z [DEBUG] eToro-Momentum-LS.MLS_FlashCrashReversalStrategy_SEI.US.ETORO_28: STARTING
2026-06-08T20:00:02.638008352Z [INFO] eToro-Momentum-LS.MLS_FlashCrashReversalStrategy_SEI.US.ETORO_28: self.config.oms_type=None
2026-06-08T20:00:02.638008632Z [INFO] eToro-Momentum-LS.MLS_FlashCrashReversalStrategy_SEI.US.ETORO_28: self.config.external_order_claims=None
2026-06-08T20:00:02.638008893Z [INFO] eToro-Momentum-LS.MLS_FlashCrashReversalStrategy_SEI.US.ETORO_28: self.config.manage_gtd_expiry=False
2026-06-08T20:00:02.638009754Z [INFO] eToro-Momentum-LS.MLS_FlashCrashReversalStrategy_SEI.US.ETORO_28: Set ClientOrderIdGenerator client_order_id count to 0
2026-06-08T20:00:02.638010105Z [INFO] eToro-Momentum-LS.MLS_FlashCrashReversalStrategy_SEI.US.ETORO_28: Set ClientOrderIdGenerator order_list_id count to 0
2026-06-08T20:00:02.638011928Z [INFO] eToro-Momentum-LS.MLS_FlashCrashReversalStrategy_SEI.US.ETORO_28: Starte Flash Crash Reversal auf SEI.US.ETORO
2026-06-08T20:00:02.638023119Z [DEBUG] eToro-Momentum-LS.MessageBus: Added Subscription(topic=data.bars.SEI.US.ETORO-1-HOUR-MID-INTERNAL, handler=<bound method Actor.handle_bar of FlashCrashReversalStrategy(MLS_FlashCrashReversalStrategy_SEI.US.ETORO_28-028)>, priority=0)
2026-06-08T20:00:02.638026245Z [INFO] eToro-Momentum-LS.MLS_FlashCrashReversalStrategy_SEI.US.ETORO_28: [CMD]--> SubscribeBars(bar_type=SEI.US.ETORO-1-HOUR-MID-INTERNAL, client_id=None, venue=ETORO)
2026-06-08T20:00:02.638045090Z [INFO] eToro-Momentum-LS.MLS_FlashCrashReversalStrategy_SEI.US.ETORO_28: RUNNING
2026-06-08T20:00:02.638049138Z [DEBUG] eToro-Momentum-LS.MLS_FlashCrashReversalStrategy_SEI.US.ETORO_29: STARTING
2026-06-08T20:00:02.638050400Z [INFO] eToro-Momentum-LS.MLS_FlashCrashReversalStrategy_SEI.US.ETORO_29: self.config.oms_type=None
2026-06-08T20:00:02.638050581Z [INFO] eToro-Momentum-LS.MLS_FlashCrashReversalStrategy_SEI.US.ETORO_29: self.config.external_order_claims=None
2026-06-08T20:00:02.638050741Z [INFO] eToro-Momentum-LS.MLS_FlashCrashReversalStrategy_SEI.US.ETORO_29: self.config.manage_gtd_expiry=False
2026-06-08T20:00:02.638051623Z [INFO] eToro-Momentum-LS.MLS_FlashCrashReversalStrategy_SEI.US.ETORO_29: Set ClientOrderIdGenerator client_order_id count to 0
2026-06-08T20:00:02.638051773Z [INFO] eToro-Momentum-LS.MLS_FlashCrashReversalStrategy_SEI.US.ETORO_29: Set ClientOrderIdGenerator order_list_id count to 0
2026-06-08T20:00:02.638055149Z [INFO] eToro-Momentum-LS.MLS_FlashCrashReversalStrategy_SEI.US.ETORO_29: Starte Flash Crash Reversal auf SEI.US.ETORO
2026-06-08T20:00:02.638065168Z [DEBUG] eToro-Momentum-LS.MessageBus: Added Subscription(topic=data.bars.SEI.US.ETORO-1-HOUR-MID-INTERNAL, handler=<bound method Actor.handle_bar of FlashCrashReversalStrategy(MLS_FlashCrashReversalStrategy_SEI.US.ETORO_29-029)>, priority=0)
2026-06-08T20:00:02.638068895Z [INFO] eToro-Momentum-LS.MLS_FlashCrashReversalStrategy_SEI.US.ETORO_29: [CMD]--> SubscribeBars(bar_type=SEI.US.ETORO-1-HOUR-MID-INTERNAL, client_id=None, venue=ETORO)
2026-06-08T20:00:02.638084845Z [INFO] eToro-Momentum-LS.MLS_FlashCrashReversalStrategy_SEI.US.ETORO_29: RUNNING
2026-06-08T20:00:02.638088111Z [DEBUG] eToro-Momentum-LS.MLS_FlashCrashReversalStrategy_SEI.US.ETORO_30: STARTING
2026-06-08T20:00:02.638088682Z [INFO] eToro-Momentum-LS.MLS_FlashCrashReversalStrategy_SEI.US.ETORO_30: self.config.oms_type=None
2026-06-08T20:00:02.638088963Z [INFO] eToro-Momentum-LS.MLS_FlashCrashReversalStrategy_SEI.US.ETORO_30: self.config.external_order_claims=None
2026-06-08T20:00:02.638089303Z [INFO] eToro-Momentum-LS.MLS_FlashCrashReversalStrategy_SEI.US.ETORO_30: self.config.manage_gtd_expiry=False
2026-06-08T20:00:02.638090025Z [INFO] eToro-Momentum-LS.MLS_FlashCrashReversalStrategy_SEI.US.ETORO_30: Set ClientOrderIdGenerator client_order_id count to 0
2026-06-08T20:00:02.638090385Z [INFO] eToro-Momentum-LS.MLS_FlashCrashReversalStrategy_SEI.US.ETORO_30: Set ClientOrderIdGenerator order_list_id count to 0
2026-06-08T20:00:02.638092159Z [INFO] eToro-Momentum-LS.MLS_FlashCrashReversalStrategy_SEI.US.ETORO_30: Starte Flash Crash Reversal auf SEI.US.ETORO
2026-06-08T20:00:02.638103330Z [DEBUG] eToro-Momentum-LS.MessageBus: Added Subscription(topic=data.bars.SEI.US.ETORO-1-HOUR-MID-INTERNAL, handler=<bound method Actor.handle_bar of FlashCrashReversalStrategy(MLS_FlashCrashReversalStrategy_SEI.US.ETORO_30-030)>, priority=0)
2026-06-08T20:00:02.638107027Z [INFO] eToro-Momentum-LS.MLS_FlashCrashReversalStrategy_SEI.US.ETORO_30: [CMD]--> SubscribeBars(bar_type=SEI.US.ETORO-1-HOUR-MID-INTERNAL, client_id=None, venue=ETORO)
2026-06-08T20:00:02.638124078Z [INFO] eToro-Momentum-LS.MLS_FlashCrashReversalStrategy_SEI.US.ETORO_30: RUNNING
2026-06-08T20:00:02.638127004Z [DEBUG] eToro-Momentum-LS.MLS_FlashCrashReversalStrategy_SEI.US.ETORO_31: STARTING
2026-06-08T20:00:02.638127415Z [INFO] eToro-Momentum-LS.MLS_FlashCrashReversalStrategy_SEI.US.ETORO_31: self.config.oms_type=None
2026-06-08T20:00:02.638127685Z [INFO] eToro-Momentum-LS.MLS_FlashCrashReversalStrategy_SEI.US.ETORO_31: self.config.external_order_claims=None
2026-06-08T20:00:02.638127916Z [INFO] eToro-Momentum-LS.MLS_FlashCrashReversalStrategy_SEI.US.ETORO_31: self.config.manage_gtd_expiry=False
2026-06-08T20:00:02.638128677Z [INFO] eToro-Momentum-LS.MLS_FlashCrashReversalStrategy_SEI.US.ETORO_31: Set ClientOrderIdGenerator client_order_id count to 0
2026-06-08T20:00:02.638128958Z [INFO] eToro-Momentum-LS.MLS_FlashCrashReversalStrategy_SEI.US.ETORO_31: Set ClientOrderIdGenerator order_list_id count to 0
2026-06-08T20:00:02.638130931Z [INFO] eToro-Momentum-LS.MLS_FlashCrashReversalStrategy_SEI.US.ETORO_31: Starte Flash Crash Reversal auf SEI.US.ETORO
2026-06-08T20:00:02.638141722Z [DEBUG] eToro-Momentum-LS.MessageBus: Added Subscription(topic=data.bars.SEI.US.ETORO-1-HOUR-MID-INTERNAL, handler=<bound method Actor.handle_bar of FlashCrashReversalStrategy(MLS_FlashCrashReversalStrategy_SEI.US.ETORO_31-031)>, priority=0)
2026-06-08T20:00:02.638145499Z [INFO] eToro-Momentum-LS.MLS_FlashCrashReversalStrategy_SEI.US.ETORO_31: [CMD]--> SubscribeBars(bar_type=SEI.US.ETORO-1-HOUR-MID-INTERNAL, client_id=None, venue=ETORO)
2026-06-08T20:00:02.638161619Z [INFO] eToro-Momentum-LS.MLS_FlashCrashReversalStrategy_SEI.US.ETORO_31: RUNNING
2026-06-08T20:00:02.638165376Z [DEBUG] eToro-Momentum-LS.MLS_FlashCrashReversalStrategy_SEI.US.ETORO_32: STARTING
2026-06-08T20:00:02.638165787Z [INFO] eToro-Momentum-LS.MLS_FlashCrashReversalStrategy_SEI.US.ETORO_32: self.config.oms_type=None
2026-06-08T20:00:02.638165947Z [INFO] eToro-Momentum-LS.MLS_FlashCrashReversalStrategy_SEI.US.ETORO_32: self.config.external_order_claims=None
2026-06-08T20:00:02.638166087Z [INFO] eToro-Momentum-LS.MLS_FlashCrashReversalStrategy_SEI.US.ETORO_32: self.config.manage_gtd_expiry=False
2026-06-08T20:00:02.638166748Z [INFO] eToro-Momentum-LS.MLS_FlashCrashReversalStrategy_SEI.US.ETORO_32: Set ClientOrderIdGenerator client_order_id count to 0
2026-06-08T20:00:02.638167109Z [INFO] eToro-Momentum-LS.MLS_FlashCrashReversalStrategy_SEI.US.ETORO_32: Set ClientOrderIdGenerator order_list_id count to 0
2026-06-08T20:00:02.638168862Z [INFO] eToro-Momentum-LS.MLS_FlashCrashReversalStrategy_SEI.US.ETORO_32: Starte Flash Crash Reversal auf SEI.US.ETORO
2026-06-08T20:00:02.638180544Z [DEBUG] eToro-Momentum-LS.MessageBus: Added Subscription(topic=data.bars.SEI.US.ETORO-1-HOUR-MID-INTERNAL, handler=<bound method Actor.handle_bar of FlashCrashReversalStrategy(MLS_FlashCrashReversalStrategy_SEI.US.ETORO_32-032)>, priority=0)
2026-06-08T20:00:02.638186315Z [INFO] eToro-Momentum-LS.MLS_FlashCrashReversalStrategy_SEI.US.ETORO_32: [CMD]--> SubscribeBars(bar_type=SEI.US.ETORO-1-HOUR-MID-INTERNAL, client_id=None, venue=ETORO)
2026-06-08T20:00:02.638203527Z [INFO] eToro-Momentum-LS.MLS_FlashCrashReversalStrategy_SEI.US.ETORO_32: RUNNING
2026-06-08T20:00:02.638206593Z [DEBUG] eToro-Momentum-LS.MLS_FlashCrashReversalStrategy_SEI.US.ETORO_33: STARTING
2026-06-08T20:00:02.638206984Z [INFO] eToro-Momentum-LS.MLS_FlashCrashReversalStrategy_SEI.US.ETORO_33: self.config.oms_type=None
2026-06-08T20:00:02.638207244Z [INFO] eToro-Momentum-LS.MLS_FlashCrashReversalStrategy_SEI.US.ETORO_33: self.config.external_order_claims=None
2026-06-08T20:00:02.638207495Z [INFO] eToro-Momentum-LS.MLS_FlashCrashReversalStrategy_SEI.US.ETORO_33: self.config.manage_gtd_expiry=False
2026-06-08T20:00:02.638208266Z [INFO] eToro-Momentum-LS.MLS_FlashCrashReversalStrategy_SEI.US.ETORO_33: Set ClientOrderIdGenerator client_order_id count to 0
2026-06-08T20:00:02.638208517Z [INFO] eToro-Momentum-LS.MLS_FlashCrashReversalStrategy_SEI.US.ETORO_33: Set ClientOrderIdGenerator order_list_id count to 0
2026-06-08T20:00:02.638230819Z [INFO] eToro-Momentum-LS.MLS_FlashCrashReversalStrategy_SEI.US.ETORO_33: Starte Flash Crash Reversal auf SEI.US.ETORO
2026-06-08T20:00:02.638240647Z [DEBUG] eToro-Momentum-LS.MessageBus: Added Subscription(topic=data.bars.SEI.US.ETORO-1-HOUR-MID-INTERNAL, handler=<bound method Actor.handle_bar of FlashCrashReversalStrategy(MLS_FlashCrashReversalStrategy_SEI.US.ETORO_33-033)>, priority=0)
2026-06-08T20:00:02.638244474Z [INFO] eToro-Momentum-LS.MLS_FlashCrashReversalStrategy_SEI.US.ETORO_33: [CMD]--> SubscribeBars(bar_type=SEI.US.ETORO-1-HOUR-MID-INTERNAL, client_id=None, venue=ETORO)
2026-06-08T20:00:02.638260284Z [INFO] eToro-Momentum-LS.MLS_FlashCrashReversalStrategy_SEI.US.ETORO_33: RUNNING
2026-06-08T20:00:02.638263570Z [DEBUG] eToro-Momentum-LS.MLS_FlashCrashReversalStrategy_SEI.US.ETORO_34: STARTING
2026-06-08T20:00:02.638263861Z [INFO] eToro-Momentum-LS.MLS_FlashCrashReversalStrategy_SEI.US.ETORO_34: self.config.oms_type=None
2026-06-08T20:00:02.638264111Z [INFO] eToro-Momentum-LS.MLS_FlashCrashReversalStrategy_SEI.US.ETORO_34: self.config.external_order_claims=None
2026-06-08T20:00:02.638264341Z [INFO] eToro-Momentum-LS.MLS_FlashCrashReversalStrategy_SEI.US.ETORO_34: self.config.manage_gtd_expiry=False
2026-06-08T20:00:02.638265053Z [INFO] eToro-Momentum-LS.MLS_FlashCrashReversalStrategy_SEI.US.ETORO_34: Set ClientOrderIdGenerator client_order_id count to 0
2026-06-08T20:00:02.638265293Z [INFO] eToro-Momentum-LS.MLS_FlashCrashReversalStrategy_SEI.US.ETORO_34: Set ClientOrderIdGenerator order_list_id count to 0
2026-06-08T20:00:02.638269651Z [INFO] eToro-Momentum-LS.MLS_FlashCrashReversalStrategy_SEI.US.ETORO_34: Starte Flash Crash Reversal auf SEI.US.ETORO
2026-06-08T20:00:02.638285191Z [DEBUG] eToro-Momentum-LS.MessageBus: Added Subscription(topic=data.bars.SEI.US.ETORO-1-HOUR-MID-INTERNAL, handler=<bound method Actor.handle_bar of FlashCrashReversalStrategy(MLS_FlashCrashReversalStrategy_SEI.US.ETORO_34-034)>, priority=0)
2026-06-08T20:00:02.638288998Z [INFO] eToro-Momentum-LS.MLS_FlashCrashReversalStrategy_SEI.US.ETORO_34: [CMD]--> SubscribeBars(bar_type=SEI.US.ETORO-1-HOUR-MID-INTERNAL, client_id=None, venue=ETORO)
2026-06-08T20:00:02.638306200Z [INFO] eToro-Momentum-LS.MLS_FlashCrashReversalStrategy_SEI.US.ETORO_34: RUNNING
2026-06-08T20:00:02.638309356Z [DEBUG] eToro-Momentum-LS.MLS_FlashCrashReversalStrategy_SEI.US.ETORO_35: STARTING
2026-06-08T20:00:02.638309737Z [INFO] eToro-Momentum-LS.MLS_FlashCrashReversalStrategy_SEI.US.ETORO_35: self.config.oms_type=None
2026-06-08T20:00:02.638309917Z [INFO] eToro-Momentum-LS.MLS_FlashCrashReversalStrategy_SEI.US.ETORO_35: self.config.external_order_claims=None
2026-06-08T20:00:02.638310067Z [INFO] eToro-Momentum-LS.MLS_FlashCrashReversalStrategy_SEI.US.ETORO_35: self.config.manage_gtd_expiry=False
2026-06-08T20:00:02.638310919Z [INFO] eToro-Momentum-LS.MLS_FlashCrashReversalStrategy_SEI.US.ETORO_35: Set ClientOrderIdGenerator client_order_id count to 0
2026-06-08T20:00:02.638311269Z [INFO] eToro-Momentum-LS.MLS_FlashCrashReversalStrategy_SEI.US.ETORO_35: Set ClientOrderIdGenerator order_list_id count to 0
2026-06-08T20:00:02.638316940Z [INFO] eToro-Momentum-LS.MLS_FlashCrashReversalStrategy_SEI.US.ETORO_35: Starte Flash Crash Reversal auf SEI.US.ETORO
2026-06-08T20:00:02.638329554Z [DEBUG] eToro-Momentum-LS.MessageBus: Added Subscription(topic=data.bars.SEI.US.ETORO-1-HOUR-MID-INTERNAL, handler=<bound method Actor.handle_bar of FlashCrashReversalStrategy(MLS_FlashCrashReversalStrategy_SEI.US.ETORO_35-035)>, priority=0)
2026-06-08T20:00:02.638333972Z [INFO] eToro-Momentum-LS.MLS_FlashCrashReversalStrategy_SEI.US.ETORO_35: [CMD]--> SubscribeBars(bar_type=SEI.US.ETORO-1-HOUR-MID-INTERNAL, client_id=None, venue=ETORO)
2026-06-08T20:00:02.638349661Z [INFO] eToro-Momentum-LS.MLS_FlashCrashReversalStrategy_SEI.US.ETORO_35: RUNNING
2026-06-08T20:00:02.638353018Z [DEBUG] eToro-Momentum-LS.MLS_FlashCrashReversalStrategy_SEI.US.ETORO_36: STARTING
2026-06-08T20:00:02.638353509Z [INFO] eToro-Momentum-LS.MLS_FlashCrashReversalStrategy_SEI.US.ETORO_36: self.config.oms_type=None
2026-06-08T20:00:02.638353769Z [INFO] eToro-Momentum-LS.MLS_FlashCrashReversalStrategy_SEI.US.ETORO_36: self.config.external_order_claims=None
2026-06-08T20:00:02.638354010Z [INFO] eToro-Momentum-LS.MLS_FlashCrashReversalStrategy_SEI.US.ETORO_36: self.config.manage_gtd_expiry=False
2026-06-08T20:00:02.638354741Z [INFO] eToro-Momentum-LS.MLS_FlashCrashReversalStrategy_SEI.US.ETORO_36: Set ClientOrderIdGenerator client_order_id count to 0
2026-06-08T20:00:02.638355092Z [INFO] eToro-Momentum-LS.MLS_FlashCrashReversalStrategy_SEI.US.ETORO_36: Set ClientOrderIdGenerator order_list_id count to 0
2026-06-08T20:00:02.638356835Z [INFO] eToro-Momentum-LS.MLS_FlashCrashReversalStrategy_SEI.US.ETORO_36: Starte Flash Crash Reversal auf SEI.US.ETORO
2026-06-08T20:00:02.638368076Z [DEBUG] eToro-Momentum-LS.MessageBus: Added Subscription(topic=data.bars.SEI.US.ETORO-1-HOUR-MID-INTERNAL, handler=<bound method Actor.handle_bar of FlashCrashReversalStrategy(MLS_FlashCrashReversalStrategy_SEI.US.ETORO_36-036)>, priority=0)
2026-06-08T20:00:02.638371763Z [INFO] eToro-Momentum-LS.MLS_FlashCrashReversalStrategy_SEI.US.ETORO_36: [CMD]--> SubscribeBars(bar_type=SEI.US.ETORO-1-HOUR-MID-INTERNAL, client_id=None, venue=ETORO)
2026-06-08T20:00:02.638387843Z [INFO] eToro-Momentum-LS.MLS_FlashCrashReversalStrategy_SEI.US.ETORO_36: RUNNING
2026-06-08T20:00:02.638390909Z [DEBUG] eToro-Momentum-LS.MLS_FlashCrashReversalStrategy_SEI.US.ETORO_37: STARTING
2026-06-08T20:00:02.638391430Z [INFO] eToro-Momentum-LS.MLS_FlashCrashReversalStrategy_SEI.US.ETORO_37: self.config.oms_type=None
2026-06-08T20:00:02.638391680Z [INFO] eToro-Momentum-LS.MLS_FlashCrashReversalStrategy_SEI.US.ETORO_37: self.config.external_order_claims=None
2026-06-08T20:00:02.638391911Z [INFO] eToro-Momentum-LS.MLS_FlashCrashReversalStrategy_SEI.US.ETORO_37: self.config.manage_gtd_expiry=False
2026-06-08T20:00:02.638392622Z [INFO] eToro-Momentum-LS.MLS_FlashCrashReversalStrategy_SEI.US.ETORO_37: Set ClientOrderIdGenerator client_order_id count to 0
2026-06-08T20:00:02.638392862Z [INFO] eToro-Momentum-LS.MLS_FlashCrashReversalStrategy_SEI.US.ETORO_37: Set ClientOrderIdGenerator order_list_id count to 0
2026-06-08T20:00:02.638394455Z [INFO] eToro-Momentum-LS.MLS_FlashCrashReversalStrategy_SEI.US.ETORO_37: Starte Flash Crash Reversal auf SEI.US.ETORO
2026-06-08T20:00:02.638406899Z [DEBUG] eToro-Momentum-LS.MessageBus: Added Subscription(topic=data.bars.SEI.US.ETORO-1-HOUR-MID-INTERNAL, handler=<bound method Actor.handle_bar of FlashCrashReversalStrategy(MLS_FlashCrashReversalStrategy_SEI.US.ETORO_37-037)>, priority=0)
2026-06-08T20:00:02.638411367Z [INFO] eToro-Momentum-LS.MLS_FlashCrashReversalStrategy_SEI.US.ETORO_37: [CMD]--> SubscribeBars(bar_type=SEI.US.ETORO-1-HOUR-MID-INTERNAL, client_id=None, venue=ETORO)
2026-06-08T20:00:02.638428750Z [INFO] eToro-Momentum-LS.MLS_FlashCrashReversalStrategy_SEI.US.ETORO_37: RUNNING
2026-06-08T20:00:02.638434300Z [DEBUG] eToro-Momentum-LS.MLS_FlashCrashReversalStrategy_SEI.US.ETORO_38: STARTING
2026-06-08T20:00:02.638434871Z [INFO] eToro-Momentum-LS.MLS_FlashCrashReversalStrategy_SEI.US.ETORO_38: self.config.oms_type=None
2026-06-08T20:00:02.638435242Z [INFO] eToro-Momentum-LS.MLS_FlashCrashReversalStrategy_SEI.US.ETORO_38: self.config.external_order_claims=None
2026-06-08T20:00:02.638435472Z [INFO] eToro-Momentum-LS.MLS_FlashCrashReversalStrategy_SEI.US.ETORO_38: self.config.manage_gtd_expiry=False
2026-06-08T20:00:02.638436154Z [INFO] eToro-Momentum-LS.MLS_FlashCrashReversalStrategy_SEI.US.ETORO_38: Set ClientOrderIdGenerator client_order_id count to 0
2026-06-08T20:00:02.638436464Z [INFO] eToro-Momentum-LS.MLS_FlashCrashReversalStrategy_SEI.US.ETORO_38: Set ClientOrderIdGenerator order_list_id count to 0
2026-06-08T20:00:02.638438738Z [INFO] eToro-Momentum-LS.MLS_FlashCrashReversalStrategy_SEI.US.ETORO_38: Starte Flash Crash Reversal auf SEI.US.ETORO
2026-06-08T20:00:02.638448006Z [DEBUG] eToro-Momentum-LS.MessageBus: Added Subscription(topic=data.bars.SEI.US.ETORO-1-HOUR-MID-INTERNAL, handler=<bound method Actor.handle_bar of FlashCrashReversalStrategy(MLS_FlashCrashReversalStrategy_SEI.US.ETORO_38-038)>, priority=0)
2026-06-08T20:00:02.638455901Z [INFO] eToro-Momentum-LS.MLS_FlashCrashReversalStrategy_SEI.US.ETORO_38: [CMD]--> SubscribeBars(bar_type=SEI.US.ETORO-1-HOUR-MID-INTERNAL, client_id=None, venue=ETORO)
2026-06-08T20:00:02.638473203Z [INFO] eToro-Momentum-LS.MLS_FlashCrashReversalStrategy_SEI.US.ETORO_38: RUNNING
2026-06-08T20:00:02.638476058Z [DEBUG] eToro-Momentum-LS.MLS_FlashCrashReversalStrategy_SEI.US.ETORO_39: STARTING
2026-06-08T20:00:02.638476449Z [INFO] eToro-Momentum-LS.MLS_FlashCrashReversalStrategy_SEI.US.ETORO_39: self.config.oms_type=None
2026-06-08T20:00:02.638476690Z [INFO] eToro-Momentum-LS.MLS_FlashCrashReversalStrategy_SEI.US.ETORO_39: self.config.external_order_claims=None
2026-06-08T20:00:02.638476850Z [INFO] eToro-Momentum-LS.MLS_FlashCrashReversalStrategy_SEI.US.ETORO_39: self.config.manage_gtd_expiry=False
2026-06-08T20:00:02.638477481Z [INFO] eToro-Momentum-LS.MLS_FlashCrashReversalStrategy_SEI.US.ETORO_39: Set ClientOrderIdGenerator client_order_id count to 0
2026-06-08T20:00:02.638477631Z [INFO] eToro-Momentum-LS.MLS_FlashCrashReversalStrategy_SEI.US.ETORO_39: Set ClientOrderIdGenerator order_list_id count to 0
2026-06-08T20:00:02.638479605Z [INFO] eToro-Momentum-LS.MLS_FlashCrashReversalStrategy_SEI.US.ETORO_39: Starte Flash Crash Reversal auf SEI.US.ETORO
2026-06-08T20:00:02.638490515Z [DEBUG] eToro-Momentum-LS.MessageBus: Added Subscription(topic=data.bars.SEI.US.ETORO-1-HOUR-MID-INTERNAL, handler=<bound method Actor.handle_bar of FlashCrashReversalStrategy(MLS_FlashCrashReversalStrategy_SEI.US.ETORO_39-039)>, priority=0)
2026-06-08T20:00:02.638493631Z [INFO] eToro-Momentum-LS.MLS_FlashCrashReversalStrategy_SEI.US.ETORO_39: [CMD]--> SubscribeBars(bar_type=SEI.US.ETORO-1-HOUR-MID-INTERNAL, client_id=None, venue=ETORO)
2026-06-08T20:00:02.638508549Z [INFO] eToro-Momentum-LS.MLS_FlashCrashReversalStrategy_SEI.US.ETORO_39: RUNNING
2026-06-08T20:00:02.638512487Z [DEBUG] eToro-Momentum-LS.MLS_FlashCrashReversalStrategy_SEI.US.ETORO_40: STARTING
2026-06-08T20:00:02.638512867Z [INFO] eToro-Momentum-LS.MLS_FlashCrashReversalStrategy_SEI.US.ETORO_40: self.config.oms_type=None
2026-06-08T20:00:02.638513028Z [INFO] eToro-Momentum-LS.MLS_FlashCrashReversalStrategy_SEI.US.ETORO_40: self.config.external_order_claims=None
2026-06-08T20:00:02.638513188Z [INFO] eToro-Momentum-LS.MLS_FlashCrashReversalStrategy_SEI.US.ETORO_40: self.config.manage_gtd_expiry=False
2026-06-08T20:00:02.638513779Z [INFO] eToro-Momentum-LS.MLS_FlashCrashReversalStrategy_SEI.US.ETORO_40: Set ClientOrderIdGenerator client_order_id count to 0
2026-06-08T20:00:02.638513999Z [INFO] eToro-Momentum-LS.MLS_FlashCrashReversalStrategy_SEI.US.ETORO_40: Set ClientOrderIdGenerator order_list_id count to 0
2026-06-08T20:00:02.638516224Z [INFO] eToro-Momentum-LS.MLS_FlashCrashReversalStrategy_SEI.US.ETORO_40: Starte Flash Crash Reversal auf SEI.US.ETORO
2026-06-08T20:00:02.638530901Z [DEBUG] eToro-Momentum-LS.MessageBus: Added Subscription(topic=data.bars.SEI.US.ETORO-1-HOUR-MID-INTERNAL, handler=<bound method Actor.handle_bar of FlashCrashReversalStrategy(MLS_FlashCrashReversalStrategy_SEI.US.ETORO_40-040)>, priority=0)
2026-06-08T20:00:02.638534989Z [INFO] eToro-Momentum-LS.MLS_FlashCrashReversalStrategy_SEI.US.ETORO_40: [CMD]--> SubscribeBars(bar_type=SEI.US.ETORO-1-HOUR-MID-INTERNAL, client_id=None, venue=ETORO)
2026-06-08T20:00:02.638551610Z [INFO] eToro-Momentum-LS.MLS_FlashCrashReversalStrategy_SEI.US.ETORO_40: RUNNING
2026-06-08T20:00:02.638558062Z [DEBUG] eToro-Momentum-LS.MLS_FlashCrashReversalStrategy_SEI.US.ETORO_41: STARTING
2026-06-08T20:00:02.638560587Z [INFO] eToro-Momentum-LS.MLS_FlashCrashReversalStrategy_SEI.US.ETORO_41: self.config.oms_type=None
2026-06-08T20:00:02.638560777Z [INFO] eToro-Momentum-LS.MLS_FlashCrashReversalStrategy_SEI.US.ETORO_41: self.config.external_order_claims=None
2026-06-08T20:00:02.638560937Z [INFO] eToro-Momentum-LS.MLS_FlashCrashReversalStrategy_SEI.US.ETORO_41: self.config.manage_gtd_expiry=False
2026-06-08T20:00:02.638561669Z [INFO] eToro-Momentum-LS.MLS_FlashCrashReversalStrategy_SEI.US.ETORO_41: Set ClientOrderIdGenerator client_order_id count to 0
2026-06-08T20:00:02.638561919Z [INFO] eToro-Momentum-LS.MLS_FlashCrashReversalStrategy_SEI.US.ETORO_41: Set ClientOrderIdGenerator order_list_id count to 0
2026-06-08T20:00:02.638563382Z [INFO] eToro-Momentum-LS.MLS_FlashCrashReversalStrategy_SEI.US.ETORO_41: Starte Flash Crash Reversal auf SEI.US.ETORO
2026-06-08T20:00:02.638573180Z [DEBUG] eToro-Momentum-LS.MessageBus: Added Subscription(topic=data.bars.SEI.US.ETORO-1-HOUR-MID-INTERNAL, handler=<bound method Actor.handle_bar of FlashCrashReversalStrategy(MLS_FlashCrashReversalStrategy_SEI.US.ETORO_41-041)>, priority=0)
2026-06-08T20:00:02.638577639Z [INFO] eToro-Momentum-LS.MLS_FlashCrashReversalStrategy_SEI.US.ETORO_41: [CMD]--> SubscribeBars(bar_type=SEI.US.ETORO-1-HOUR-MID-INTERNAL, client_id=None, venue=ETORO)
2026-06-08T20:00:02.638595292Z [INFO] eToro-Momentum-LS.MLS_FlashCrashReversalStrategy_SEI.US.ETORO_41: RUNNING
2026-06-08T20:00:02.638598768Z [DEBUG] eToro-Momentum-LS.MLS_FlashCrashReversalStrategy_NOK.ETORO_42: STARTING
2026-06-08T20:00:02.638599400Z [INFO] eToro-Momentum-LS.MLS_FlashCrashReversalStrategy_NOK.ETORO_42: self.config.oms_type=None
2026-06-08T20:00:02.638599590Z [INFO] eToro-Momentum-LS.MLS_FlashCrashReversalStrategy_NOK.ETORO_42: self.config.external_order_claims=None
2026-06-08T20:00:02.638599750Z [INFO] eToro-Momentum-LS.MLS_FlashCrashReversalStrategy_NOK.ETORO_42: self.config.manage_gtd_expiry=False
2026-06-08T20:00:02.638600452Z [INFO] eToro-Momentum-LS.MLS_FlashCrashReversalStrategy_NOK.ETORO_42: Set ClientOrderIdGenerator client_order_id count to 0
2026-06-08T20:00:02.638600662Z [INFO] eToro-Momentum-LS.MLS_FlashCrashReversalStrategy_NOK.ETORO_42: Set ClientOrderIdGenerator order_list_id count to 0
2026-06-08T20:00:02.638602135Z [INFO] eToro-Momentum-LS.MLS_FlashCrashReversalStrategy_NOK.ETORO_42: Starte Flash Crash Reversal auf NOK.ETORO
2026-06-08T20:00:02.638620529Z [DEBUG] eToro-Momentum-LS.MessageBus: Added Subscription(topic=data.bars.NOK.ETORO-1-HOUR-MID-INTERNAL, handler=<bound method Actor.handle_bar of FlashCrashReversalStrategy(MLS_FlashCrashReversalStrategy_NOK.ETORO_42-042)>, priority=0)
2026-06-08T20:00:02.638627051Z [INFO] eToro-Momentum-LS.MLS_FlashCrashReversalStrategy_NOK.ETORO_42: [CMD]--> SubscribeBars(bar_type=NOK.ETORO-1-HOUR-MID-INTERNAL, client_id=None, venue=ETORO)
2026-06-08T20:00:02.638644725Z [INFO] eToro-Momentum-LS.MLS_FlashCrashReversalStrategy_NOK.ETORO_42: RUNNING
2026-06-08T20:00:02.638647770Z [DEBUG] eToro-Momentum-LS.MLS_FlashCrashReversalStrategy_NOK.ETORO_43: STARTING
2026-06-08T20:00:02.638648311Z [INFO] eToro-Momentum-LS.MLS_FlashCrashReversalStrategy_NOK.ETORO_43: self.config.oms_type=None
2026-06-08T20:00:02.638648542Z [INFO] eToro-Momentum-LS.MLS_FlashCrashReversalStrategy_NOK.ETORO_43: self.config.external_order_claims=None
2026-06-08T20:00:02.638648932Z [INFO] eToro-Momentum-LS.MLS_FlashCrashReversalStrategy_NOK.ETORO_43: self.config.manage_gtd_expiry=False
2026-06-08T20:00:02.638649594Z [INFO] eToro-Momentum-LS.MLS_FlashCrashReversalStrategy_NOK.ETORO_43: Set ClientOrderIdGenerator client_order_id count to 0
2026-06-08T20:00:02.638649824Z [INFO] eToro-Momentum-LS.MLS_FlashCrashReversalStrategy_NOK.ETORO_43: Set ClientOrderIdGenerator order_list_id count to 0
2026-06-08T20:00:02.638651597Z [INFO] eToro-Momentum-LS.MLS_FlashCrashReversalStrategy_NOK.ETORO_43: Starte Flash Crash Reversal auf NOK.ETORO
2026-06-08T20:00:02.638666566Z [DEBUG] eToro-Momentum-LS.MessageBus: Added Subscription(topic=data.bars.NOK.ETORO-1-HOUR-MID-INTERNAL, handler=<bound method Actor.handle_bar of FlashCrashReversalStrategy(MLS_FlashCrashReversalStrategy_NOK.ETORO_43-043)>, priority=0)
2026-06-08T20:00:02.638670172Z [INFO] eToro-Momentum-LS.MLS_FlashCrashReversalStrategy_NOK.ETORO_43: [CMD]--> SubscribeBars(bar_type=NOK.ETORO-1-HOUR-MID-INTERNAL, client_id=None, venue=ETORO)
2026-06-08T20:00:02.638687495Z [INFO] eToro-Momentum-LS.MLS_FlashCrashReversalStrategy_NOK.ETORO_43: RUNNING
2026-06-08T20:00:02.638690250Z [DEBUG] eToro-Momentum-LS.MLS_FlashCrashReversalStrategy_COHR.ETORO_44: STARTING
2026-06-08T20:00:02.638690761Z [INFO] eToro-Momentum-LS.MLS_FlashCrashReversalStrategy_COHR.ETORO_44: self.config.oms_type=None
2026-06-08T20:00:02.638693426Z [INFO] eToro-Momentum-LS.MLS_FlashCrashReversalStrategy_COHR.ETORO_44: self.config.external_order_claims=None
2026-06-08T20:00:02.638693686Z [INFO] eToro-Momentum-LS.MLS_FlashCrashReversalStrategy_COHR.ETORO_44: self.config.manage_gtd_expiry=False
2026-06-08T20:00:02.638694408Z [INFO] eToro-Momentum-LS.MLS_FlashCrashReversalStrategy_COHR.ETORO_44: Set ClientOrderIdGenerator client_order_id count to 0
2026-06-08T20:00:02.638694638Z [INFO] eToro-Momentum-LS.MLS_FlashCrashReversalStrategy_COHR.ETORO_44: Set ClientOrderIdGenerator order_list_id count to 0
2026-06-08T20:00:02.638697203Z [INFO] eToro-Momentum-LS.MLS_FlashCrashReversalStrategy_COHR.ETORO_44: Starte Flash Crash Reversal auf COHR.ETORO
2026-06-08T20:00:02.638706571Z [DEBUG] eToro-Momentum-LS.MessageBus: Added Subscription(topic=data.bars.COHR.ETORO-1-HOUR-MID-INTERNAL, handler=<bound method Actor.handle_bar of FlashCrashReversalStrategy(MLS_FlashCrashReversalStrategy_COHR.ETORO_44-044)>, priority=0)
2026-06-08T20:00:02.638713544Z [INFO] eToro-Momentum-LS.MLS_FlashCrashReversalStrategy_COHR.ETORO_44: [CMD]--> SubscribeBars(bar_type=COHR.ETORO-1-HOUR-MID-INTERNAL, client_id=None, venue=ETORO)
2026-06-08T20:00:02.638730596Z [INFO] eToro-Momentum-LS.MLS_FlashCrashReversalStrategy_COHR.ETORO_44: RUNNING
2026-06-08T20:00:02.638733070Z [DEBUG] eToro-Momentum-LS.MLS_FlashCrashReversalStrategy_COHR.ETORO_45: STARTING
2026-06-08T20:00:02.638733461Z [INFO] eToro-Momentum-LS.MLS_FlashCrashReversalStrategy_COHR.ETORO_45: self.config.oms_type=None
2026-06-08T20:00:02.638733641Z [INFO] eToro-Momentum-LS.MLS_FlashCrashReversalStrategy_COHR.ETORO_45: self.config.external_order_claims=None
2026-06-08T20:00:02.638733782Z [INFO] eToro-Momentum-LS.MLS_FlashCrashReversalStrategy_COHR.ETORO_45: self.config.manage_gtd_expiry=False
2026-06-08T20:00:02.638734333Z [INFO] eToro-Momentum-LS.MLS_FlashCrashReversalStrategy_COHR.ETORO_45: Set ClientOrderIdGenerator client_order_id count to 0
2026-06-08T20:00:02.638734553Z [INFO] eToro-Momentum-LS.MLS_FlashCrashReversalStrategy_COHR.ETORO_45: Set ClientOrderIdGenerator order_list_id count to 0
2026-06-08T20:00:02.638739061Z [INFO] eToro-Momentum-LS.MLS_FlashCrashReversalStrategy_COHR.ETORO_45: Starte Flash Crash Reversal auf COHR.ETORO
2026-06-08T20:00:02.638754060Z [DEBUG] eToro-Momentum-LS.MessageBus: Added Subscription(topic=data.bars.COHR.ETORO-1-HOUR-MID-INTERNAL, handler=<bound method Actor.handle_bar of FlashCrashReversalStrategy(MLS_FlashCrashReversalStrategy_COHR.ETORO_45-045)>, priority=0)
2026-06-08T20:00:02.638758728Z [INFO] eToro-Momentum-LS.MLS_FlashCrashReversalStrategy_COHR.ETORO_45: [CMD]--> SubscribeBars(bar_type=COHR.ETORO-1-HOUR-MID-INTERNAL, client_id=None, venue=ETORO)
2026-06-08T20:00:02.638777544Z [INFO] eToro-Momentum-LS.MLS_FlashCrashReversalStrategy_COHR.ETORO_45: RUNNING
2026-06-08T20:00:02.638780609Z [DEBUG] eToro-Momentum-LS.MLS_FlashCrashReversalStrategy_COHR.ETORO_46: STARTING
2026-06-08T20:00:02.638781000Z [INFO] eToro-Momentum-LS.MLS_FlashCrashReversalStrategy_COHR.ETORO_46: self.config.oms_type=None
2026-06-08T20:00:02.638781160Z [INFO] eToro-Momentum-LS.MLS_FlashCrashReversalStrategy_COHR.ETORO_46: self.config.external_order_claims=None
2026-06-08T20:00:02.638781401Z [INFO] eToro-Momentum-LS.MLS_FlashCrashReversalStrategy_COHR.ETORO_46: self.config.manage_gtd_expiry=False
2026-06-08T20:00:02.638782122Z [INFO] eToro-Momentum-LS.MLS_FlashCrashReversalStrategy_COHR.ETORO_46: Set ClientOrderIdGenerator client_order_id count to 0
2026-06-08T20:00:02.638782323Z [INFO] eToro-Momentum-LS.MLS_FlashCrashReversalStrategy_COHR.ETORO_46: Set ClientOrderIdGenerator order_list_id count to 0
2026-06-08T20:00:02.638784106Z [INFO] eToro-Momentum-LS.MLS_FlashCrashReversalStrategy_COHR.ETORO_46: Starte Flash Crash Reversal auf COHR.ETORO
2026-06-08T20:00:02.638794155Z [DEBUG] eToro-Momentum-LS.MessageBus: Added Subscription(topic=data.bars.COHR.ETORO-1-HOUR-MID-INTERNAL, handler=<bound method Actor.handle_bar of FlashCrashReversalStrategy(MLS_FlashCrashReversalStrategy_COHR.ETORO_46-046)>, priority=0)
2026-06-08T20:00:02.638798683Z [INFO] eToro-Momentum-LS.MLS_FlashCrashReversalStrategy_COHR.ETORO_46: [CMD]--> SubscribeBars(bar_type=COHR.ETORO-1-HOUR-MID-INTERNAL, client_id=None, venue=ETORO)
2026-06-08T20:00:02.638817619Z [INFO] eToro-Momentum-LS.MLS_FlashCrashReversalStrategy_COHR.ETORO_46: RUNNING
2026-06-08T20:00:02.638820374Z [DEBUG] eToro-Momentum-LS.MLS_FlashCrashReversalStrategy_COHR.ETORO_47: STARTING
2026-06-08T20:00:02.638820755Z [INFO] eToro-Momentum-LS.MLS_FlashCrashReversalStrategy_COHR.ETORO_47: self.config.oms_type=None
2026-06-08T20:00:02.638821015Z [INFO] eToro-Momentum-LS.MLS_FlashCrashReversalStrategy_COHR.ETORO_47: self.config.external_order_claims=None
2026-06-08T20:00:02.638823039Z [INFO] eToro-Momentum-LS.MLS_FlashCrashReversalStrategy_COHR.ETORO_47: self.config.manage_gtd_expiry=False
2026-06-08T20:00:02.638823810Z [INFO] eToro-Momentum-LS.MLS_FlashCrashReversalStrategy_COHR.ETORO_47: Set ClientOrderIdGenerator client_order_id count to 0
2026-06-08T20:00:02.638823961Z [INFO] eToro-Momentum-LS.MLS_FlashCrashReversalStrategy_COHR.ETORO_47: Set ClientOrderIdGenerator order_list_id count to 0
2026-06-08T20:00:02.638827758Z [INFO] eToro-Momentum-LS.MLS_FlashCrashReversalStrategy_COHR.ETORO_47: Starte Flash Crash Reversal auf COHR.ETORO
2026-06-08T20:00:02.638836634Z [DEBUG] eToro-Momentum-LS.MessageBus: Added Subscription(topic=data.bars.COHR.ETORO-1-HOUR-MID-INTERNAL, handler=<bound method Actor.handle_bar of FlashCrashReversalStrategy(MLS_FlashCrashReversalStrategy_COHR.ETORO_47-047)>, priority=0)
2026-06-08T20:00:02.638840572Z [INFO] eToro-Momentum-LS.MLS_FlashCrashReversalStrategy_COHR.ETORO_47: [CMD]--> SubscribeBars(bar_type=COHR.ETORO-1-HOUR-MID-INTERNAL, client_id=None, venue=ETORO)
2026-06-08T20:00:02.638857604Z [INFO] eToro-Momentum-LS.MLS_FlashCrashReversalStrategy_COHR.ETORO_47: RUNNING
2026-06-08T20:00:02.638860229Z [DEBUG] eToro-Momentum-LS.MLS_FlashCrashReversalStrategy_COHR.ETORO_48: STARTING
2026-06-08T20:00:02.638860689Z [INFO] eToro-Momentum-LS.MLS_FlashCrashReversalStrategy_COHR.ETORO_48: self.config.oms_type=None
2026-06-08T20:00:02.638860880Z [INFO] eToro-Momentum-LS.MLS_FlashCrashReversalStrategy_COHR.ETORO_48: self.config.external_order_claims=None
2026-06-08T20:00:02.638861240Z [INFO] eToro-Momentum-LS.MLS_FlashCrashReversalStrategy_COHR.ETORO_48: self.config.manage_gtd_expiry=False
2026-06-08T20:00:02.638861852Z [INFO] eToro-Momentum-LS.MLS_FlashCrashReversalStrategy_COHR.ETORO_48: Set ClientOrderIdGenerator client_order_id count to 0
2026-06-08T20:00:02.638862212Z [INFO] eToro-Momentum-LS.MLS_FlashCrashReversalStrategy_COHR.ETORO_48: Set ClientOrderIdGenerator order_list_id count to 0
2026-06-08T20:00:02.638865158Z [INFO] eToro-Momentum-LS.MLS_FlashCrashReversalStrategy_COHR.ETORO_48: Starte Flash Crash Reversal auf COHR.ETORO
2026-06-08T20:00:02.638874646Z [DEBUG] eToro-Momentum-LS.MessageBus: Added Subscription(topic=data.bars.COHR.ETORO-1-HOUR-MID-INTERNAL, handler=<bound method Actor.handle_bar of FlashCrashReversalStrategy(MLS_FlashCrashReversalStrategy_COHR.ETORO_48-048)>, priority=0)
2026-06-08T20:00:02.638878974Z [INFO] eToro-Momentum-LS.MLS_FlashCrashReversalStrategy_COHR.ETORO_48: [CMD]--> SubscribeBars(bar_type=COHR.ETORO-1-HOUR-MID-INTERNAL, client_id=None, venue=ETORO)
2026-06-08T20:00:02.638896507Z [INFO] eToro-Momentum-LS.MLS_FlashCrashReversalStrategy_COHR.ETORO_48: RUNNING
2026-06-08T20:00:02.638899011Z [DEBUG] eToro-Momentum-LS.MLS_FlashCrashReversalStrategy_COHR.ETORO_49: STARTING
2026-06-08T20:00:02.638899312Z [INFO] eToro-Momentum-LS.MLS_FlashCrashReversalStrategy_COHR.ETORO_49: self.config.oms_type=None
2026-06-08T20:00:02.638899683Z [INFO] eToro-Momentum-LS.MLS_FlashCrashReversalStrategy_COHR.ETORO_49: self.config.external_order_claims=None
2026-06-08T20:00:02.638899913Z [INFO] eToro-Momentum-LS.MLS_FlashCrashReversalStrategy_COHR.ETORO_49: self.config.manage_gtd_expiry=False
2026-06-08T20:00:02.638900534Z [INFO] eToro-Momentum-LS.MLS_FlashCrashReversalStrategy_COHR.ETORO_49: Set ClientOrderIdGenerator client_order_id count to 0
2026-06-08T20:00:02.638900785Z [INFO] eToro-Momentum-LS.MLS_FlashCrashReversalStrategy_COHR.ETORO_49: Set ClientOrderIdGenerator order_list_id count to 0
2026-06-08T20:00:02.638902838Z [INFO] eToro-Momentum-LS.MLS_FlashCrashReversalStrategy_COHR.ETORO_49: Starte Flash Crash Reversal auf COHR.ETORO
2026-06-08T20:00:02.638933145Z [DEBUG] eToro-Momentum-LS.MessageBus: Added Subscription(topic=data.bars.COHR.ETORO-1-HOUR-MID-INTERNAL, handler=<bound method Actor.handle_bar of FlashCrashReversalStrategy(MLS_FlashCrashReversalStrategy_COHR.ETORO_49-049)>, priority=0)
2026-06-08T20:00:02.638939197Z [INFO] eToro-Momentum-LS.MLS_FlashCrashReversalStrategy_COHR.ETORO_49: [CMD]--> SubscribeBars(bar_type=COHR.ETORO-1-HOUR-MID-INTERNAL, client_id=None, venue=ETORO)
2026-06-08T20:00:02.638956589Z [INFO] eToro-Momentum-LS.MLS_FlashCrashReversalStrategy_COHR.ETORO_49: RUNNING
2026-06-08T20:00:02.638964634Z [DEBUG] eToro-Momentum-LS.MLS_FlashCrashReversalStrategy_COHR.ETORO_50: STARTING
2026-06-08T20:00:02.638965746Z [INFO] eToro-Momentum-LS.MLS_FlashCrashReversalStrategy_COHR.ETORO_50: self.config.oms_type=None
2026-06-08T20:00:02.638966007Z [INFO] eToro-Momentum-LS.MLS_FlashCrashReversalStrategy_COHR.ETORO_50: self.config.external_order_claims=None
2026-06-08T20:00:02.638966358Z [INFO] eToro-Momentum-LS.MLS_FlashCrashReversalStrategy_COHR.ETORO_50: self.config.manage_gtd_expiry=False
2026-06-08T20:00:02.638969944Z [INFO] eToro-Momentum-LS.MLS_FlashCrashReversalStrategy_COHR.ETORO_50: Set ClientOrderIdGenerator client_order_id count to 0
2026-06-08T20:00:02.638970175Z [INFO] eToro-Momentum-LS.MLS_FlashCrashReversalStrategy_COHR.ETORO_50: Set ClientOrderIdGenerator order_list_id count to 0
2026-06-08T20:00:02.638975284Z [INFO] eToro-Momentum-LS.MLS_FlashCrashReversalStrategy_COHR.ETORO_50: Starte Flash Crash Reversal auf COHR.ETORO
2026-06-08T20:00:02.638983810Z [DEBUG] eToro-Momentum-LS.MessageBus: Added Subscription(topic=data.bars.COHR.ETORO-1-HOUR-MID-INTERNAL, handler=<bound method Actor.handle_bar of FlashCrashReversalStrategy(MLS_FlashCrashReversalStrategy_COHR.ETORO_50-050)>, priority=0)
2026-06-08T20:00:02.638996985Z [INFO] eToro-Momentum-LS.MLS_FlashCrashReversalStrategy_COHR.ETORO_50: [CMD]--> SubscribeBars(bar_type=COHR.ETORO-1-HOUR-MID-INTERNAL, client_id=None, venue=ETORO)
2026-06-08T20:00:02.639016111Z [INFO] eToro-Momentum-LS.MLS_FlashCrashReversalStrategy_COHR.ETORO_50: RUNNING
2026-06-08T20:00:02.639020319Z [DEBUG] eToro-Momentum-LS.MLS_FlashCrashReversalStrategy_COHR.ETORO_51: STARTING
2026-06-08T20:00:02.639020740Z [INFO] eToro-Momentum-LS.MLS_FlashCrashReversalStrategy_COHR.ETORO_51: self.config.oms_type=None
2026-06-08T20:00:02.639021010Z [INFO] eToro-Momentum-LS.MLS_FlashCrashReversalStrategy_COHR.ETORO_51: self.config.external_order_claims=None
2026-06-08T20:00:02.639021240Z [INFO] eToro-Momentum-LS.MLS_FlashCrashReversalStrategy_COHR.ETORO_51: self.config.manage_gtd_expiry=False
2026-06-08T20:00:02.639022012Z [INFO] eToro-Momentum-LS.MLS_FlashCrashReversalStrategy_COHR.ETORO_51: Set ClientOrderIdGenerator client_order_id count to 0
2026-06-08T20:00:02.639022262Z [INFO] eToro-Momentum-LS.MLS_FlashCrashReversalStrategy_COHR.ETORO_51: Set ClientOrderIdGenerator order_list_id count to 0
2026-06-08T20:00:02.639024096Z [INFO] eToro-Momentum-LS.MLS_FlashCrashReversalStrategy_COHR.ETORO_51: Starte Flash Crash Reversal auf COHR.ETORO
2026-06-08T20:00:02.639035627Z [DEBUG] eToro-Momentum-LS.MessageBus: Added Subscription(topic=data.bars.COHR.ETORO-1-HOUR-MID-INTERNAL, handler=<bound method Actor.handle_bar of FlashCrashReversalStrategy(MLS_FlashCrashReversalStrategy_COHR.ETORO_51-051)>, priority=0)
2026-06-08T20:00:02.639039304Z [INFO] eToro-Momentum-LS.MLS_FlashCrashReversalStrategy_COHR.ETORO_51: [CMD]--> SubscribeBars(bar_type=COHR.ETORO-1-HOUR-MID-INTERNAL, client_id=None, venue=ETORO)
2026-06-08T20:00:02.639060745Z [INFO] eToro-Momentum-LS.MLS_FlashCrashReversalStrategy_COHR.ETORO_51: RUNNING
2026-06-08T20:00:02.639065844Z [DEBUG] eToro-Momentum-LS.MLS_FlashCrashReversalStrategy_COHR.ETORO_52: STARTING
2026-06-08T20:00:02.639066355Z [INFO] eToro-Momentum-LS.MLS_FlashCrashReversalStrategy_COHR.ETORO_52: self.config.oms_type=None
2026-06-08T20:00:02.639066626Z [INFO] eToro-Momentum-LS.MLS_FlashCrashReversalStrategy_COHR.ETORO_52: self.config.external_order_claims=None
2026-06-08T20:00:02.639066886Z [INFO] eToro-Momentum-LS.MLS_FlashCrashReversalStrategy_COHR.ETORO_52: self.config.manage_gtd_expiry=False
2026-06-08T20:00:02.639067657Z [INFO] eToro-Momentum-LS.MLS_FlashCrashReversalStrategy_COHR.ETORO_52: Set ClientOrderIdGenerator client_order_id count to 0
2026-06-08T20:00:02.639067928Z [INFO] eToro-Momentum-LS.MLS_FlashCrashReversalStrategy_COHR.ETORO_52: Set ClientOrderIdGenerator order_list_id count to 0
2026-06-08T20:00:02.639073188Z [INFO] eToro-Momentum-LS.MLS_FlashCrashReversalStrategy_COHR.ETORO_52: Starte Flash Crash Reversal auf COHR.ETORO
2026-06-08T20:00:02.639090981Z [DEBUG] eToro-Momentum-LS.MessageBus: Added Subscription(topic=data.bars.COHR.ETORO-1-HOUR-MID-INTERNAL, handler=<bound method Actor.handle_bar of FlashCrashReversalStrategy(MLS_FlashCrashReversalStrategy_COHR.ETORO_52-052)>, priority=0)
2026-06-08T20:00:02.639114065Z [INFO] eToro-Momentum-LS.MLS_FlashCrashReversalStrategy_COHR.ETORO_52: [CMD]--> SubscribeBars(bar_type=COHR.ETORO-1-HOUR-MID-INTERNAL, client_id=None, venue=ETORO)
2026-06-08T20:00:02.639132499Z [INFO] eToro-Momentum-LS.MLS_FlashCrashReversalStrategy_COHR.ETORO_52: RUNNING
2026-06-08T20:00:02.639136256Z [DEBUG] eToro-Momentum-LS.MLS_FlashCrashReversalStrategy_COHR.ETORO_53: STARTING
2026-06-08T20:00:02.639136998Z [INFO] eToro-Momentum-LS.MLS_FlashCrashReversalStrategy_COHR.ETORO_53: self.config.oms_type=None
2026-06-08T20:00:02.639137258Z [INFO] eToro-Momentum-LS.MLS_FlashCrashReversalStrategy_COHR.ETORO_53: self.config.external_order_claims=None
2026-06-08T20:00:02.639137518Z [INFO] eToro-Momentum-LS.MLS_FlashCrashReversalStrategy_COHR.ETORO_53: self.config.manage_gtd_expiry=False
2026-06-08T20:00:02.639138110Z [INFO] eToro-Momentum-LS.MLS_FlashCrashReversalStrategy_COHR.ETORO_53: Set ClientOrderIdGenerator client_order_id count to 0
2026-06-08T20:00:02.639141255Z [INFO] eToro-Momentum-LS.MLS_FlashCrashReversalStrategy_COHR.ETORO_53: Set ClientOrderIdGenerator order_list_id count to 0
2026-06-08T20:00:02.639142608Z [INFO] eToro-Momentum-LS.MLS_FlashCrashReversalStrategy_COHR.ETORO_53: Starte Flash Crash Reversal auf COHR.ETORO
2026-06-08T20:00:02.639152046Z [DEBUG] eToro-Momentum-LS.MessageBus: Added Subscription(topic=data.bars.COHR.ETORO-1-HOUR-MID-INTERNAL, handler=<bound method Actor.handle_bar of FlashCrashReversalStrategy(MLS_FlashCrashReversalStrategy_COHR.ETORO_53-053)>, priority=0)
2026-06-08T20:00:02.639154821Z [INFO] eToro-Momentum-LS.MLS_FlashCrashReversalStrategy_COHR.ETORO_53: [CMD]--> SubscribeBars(bar_type=COHR.ETORO-1-HOUR-MID-INTERNAL, client_id=None, venue=ETORO)
2026-06-08T20:00:02.639172735Z [INFO] eToro-Momentum-LS.MLS_FlashCrashReversalStrategy_COHR.ETORO_53: RUNNING
2026-06-08T20:00:02.639176271Z [DEBUG] eToro-Momentum-LS.MLS_FlashCrashReversalStrategy_COHR.ETORO_54: STARTING
2026-06-08T20:00:02.639176662Z [INFO] eToro-Momentum-LS.MLS_FlashCrashReversalStrategy_COHR.ETORO_54: self.config.oms_type=None
2026-06-08T20:00:02.639176892Z [INFO] eToro-Momentum-LS.MLS_FlashCrashReversalStrategy_COHR.ETORO_54: self.config.external_order_claims=None
2026-06-08T20:00:02.639177123Z [INFO] eToro-Momentum-LS.MLS_FlashCrashReversalStrategy_COHR.ETORO_54: self.config.manage_gtd_expiry=False
2026-06-08T20:00:02.639177854Z [INFO] eToro-Momentum-LS.MLS_FlashCrashReversalStrategy_COHR.ETORO_54: Set ClientOrderIdGenerator client_order_id count to 0
2026-06-08T20:00:02.639178065Z [INFO] eToro-Momentum-LS.MLS_FlashCrashReversalStrategy_COHR.ETORO_54: Set ClientOrderIdGenerator order_list_id count to 0
2026-06-08T20:00:02.639179587Z [INFO] eToro-Momentum-LS.MLS_FlashCrashReversalStrategy_COHR.ETORO_54: Starte Flash Crash Reversal auf COHR.ETORO
2026-06-08T20:00:02.639189045Z [DEBUG] eToro-Momentum-LS.MessageBus: Added Subscription(topic=data.bars.COHR.ETORO-1-HOUR-MID-INTERNAL, handler=<bound method Actor.handle_bar of FlashCrashReversalStrategy(MLS_FlashCrashReversalStrategy_COHR.ETORO_54-054)>, priority=0)
2026-06-08T20:00:02.639192421Z [INFO] eToro-Momentum-LS.MLS_FlashCrashReversalStrategy_COHR.ETORO_54: [CMD]--> SubscribeBars(bar_type=COHR.ETORO-1-HOUR-MID-INTERNAL, client_id=None, venue=ETORO)
2026-06-08T20:00:02.639209814Z [INFO] eToro-Momentum-LS.MLS_FlashCrashReversalStrategy_COHR.ETORO_54: RUNNING
2026-06-08T20:00:02.639213271Z [DEBUG] eToro-Momentum-LS.MLS_FlashCrashReversalStrategy_FRO.ETORO_55: STARTING
2026-06-08T20:00:02.639214413Z [INFO] eToro-Momentum-LS.MLS_FlashCrashReversalStrategy_FRO.ETORO_55: self.config.oms_type=None
2026-06-08T20:00:02.639214683Z [INFO] eToro-Momentum-LS.MLS_FlashCrashReversalStrategy_FRO.ETORO_55: self.config.external_order_claims=None
2026-06-08T20:00:02.639214924Z [INFO] eToro-Momentum-LS.MLS_FlashCrashReversalStrategy_FRO.ETORO_55: self.config.manage_gtd_expiry=False
2026-06-08T20:00:02.639215725Z [INFO] eToro-Momentum-LS.MLS_FlashCrashReversalStrategy_FRO.ETORO_55: Set ClientOrderIdGenerator client_order_id count to 0
2026-06-08T20:00:02.639215996Z [INFO] eToro-Momentum-LS.MLS_FlashCrashReversalStrategy_FRO.ETORO_55: Set ClientOrderIdGenerator order_list_id count to 0
2026-06-08T20:00:02.639219913Z [INFO] eToro-Momentum-LS.MLS_FlashCrashReversalStrategy_FRO.ETORO_55: Starte Flash Crash Reversal auf FRO.ETORO
2026-06-08T20:00:02.639229571Z [DEBUG] eToro-Momentum-LS.MessageBus: Added Subscription(topic=data.bars.FRO.ETORO-1-HOUR-MID-INTERNAL, handler=<bound method Actor.handle_bar of FlashCrashReversalStrategy(MLS_FlashCrashReversalStrategy_FRO.ETORO_55-055)>, priority=0)
2026-06-08T20:00:02.639236935Z [INFO] eToro-Momentum-LS.MLS_FlashCrashReversalStrategy_FRO.ETORO_55: [CMD]--> SubscribeBars(bar_type=FRO.ETORO-1-HOUR-MID-INTERNAL, client_id=None, venue=ETORO)
2026-06-08T20:00:02.639255800Z [INFO] eToro-Momentum-LS.MLS_FlashCrashReversalStrategy_FRO.ETORO_55: RUNNING
2026-06-08T20:00:02.639261230Z [DEBUG] eToro-Momentum-LS.MLS_FlashCrashReversalStrategy_FRO.ETORO_56: STARTING
2026-06-08T20:00:02.639261731Z [INFO] eToro-Momentum-LS.MLS_FlashCrashReversalStrategy_FRO.ETORO_56: self.config.oms_type=None
2026-06-08T20:00:02.639262002Z [INFO] eToro-Momentum-LS.MLS_FlashCrashReversalStrategy_FRO.ETORO_56: self.config.external_order_claims=None
2026-06-08T20:00:02.639262282Z [INFO] eToro-Momentum-LS.MLS_FlashCrashReversalStrategy_FRO.ETORO_56: self.config.manage_gtd_expiry=False
2026-06-08T20:00:02.639263024Z [INFO] eToro-Momentum-LS.MLS_FlashCrashReversalStrategy_FRO.ETORO_56: Set ClientOrderIdGenerator client_order_id count to 0
2026-06-08T20:00:02.639263284Z [INFO] eToro-Momentum-LS.MLS_FlashCrashReversalStrategy_FRO.ETORO_56: Set ClientOrderIdGenerator order_list_id count to 0
2026-06-08T20:00:02.639266981Z [INFO] eToro-Momentum-LS.MLS_FlashCrashReversalStrategy_FRO.ETORO_56: Starte Flash Crash Reversal auf FRO.ETORO
2026-06-08T20:00:02.639285376Z [DEBUG] eToro-Momentum-LS.MessageBus: Added Subscription(topic=data.bars.FRO.ETORO-1-HOUR-MID-INTERNAL, handler=<bound method Actor.handle_bar of FlashCrashReversalStrategy(MLS_FlashCrashReversalStrategy_FRO.ETORO_56-056)>, priority=0)
2026-06-08T20:00:02.639289503Z [INFO] eToro-Momentum-LS.MLS_FlashCrashReversalStrategy_FRO.ETORO_56: [CMD]--> SubscribeBars(bar_type=FRO.ETORO-1-HOUR-MID-INTERNAL, client_id=None, venue=ETORO)
2026-06-08T20:00:02.639310042Z [INFO] eToro-Momentum-LS.MLS_FlashCrashReversalStrategy_FRO.ETORO_56: RUNNING
2026-06-08T20:00:02.639313088Z [DEBUG] eToro-Momentum-LS.MLS_FlashCrashReversalStrategy_FRO.ETORO_57: STARTING
2026-06-08T20:00:02.639313508Z [INFO] eToro-Momentum-LS.MLS_FlashCrashReversalStrategy_FRO.ETORO_57: self.config.oms_type=None
2026-06-08T20:00:02.639313779Z [INFO] eToro-Momentum-LS.MLS_FlashCrashReversalStrategy_FRO.ETORO_57: self.config.external_order_claims=None
2026-06-08T20:00:02.639314019Z [INFO] eToro-Momentum-LS.MLS_FlashCrashReversalStrategy_FRO.ETORO_57: self.config.manage_gtd_expiry=False
2026-06-08T20:00:02.639314711Z [INFO] eToro-Momentum-LS.MLS_FlashCrashReversalStrategy_FRO.ETORO_57: Set ClientOrderIdGenerator client_order_id count to 0
2026-06-08T20:00:02.639314951Z [INFO] eToro-Momentum-LS.MLS_FlashCrashReversalStrategy_FRO.ETORO_57: Set ClientOrderIdGenerator order_list_id count to 0
2026-06-08T20:00:02.639317356Z [INFO] eToro-Momentum-LS.MLS_FlashCrashReversalStrategy_FRO.ETORO_57: Starte Flash Crash Reversal auf FRO.ETORO
2026-06-08T20:00:02.639327134Z [DEBUG] eToro-Momentum-LS.MessageBus: Added Subscription(topic=data.bars.FRO.ETORO-1-HOUR-MID-INTERNAL, handler=<bound method Actor.handle_bar of FlashCrashReversalStrategy(MLS_FlashCrashReversalStrategy_FRO.ETORO_57-057)>, priority=0)
2026-06-08T20:00:02.639330430Z [INFO] eToro-Momentum-LS.MLS_FlashCrashReversalStrategy_FRO.ETORO_57: [CMD]--> SubscribeBars(bar_type=FRO.ETORO-1-HOUR-MID-INTERNAL, client_id=None, venue=ETORO)
2026-06-08T20:00:02.639348173Z [INFO] eToro-Momentum-LS.MLS_FlashCrashReversalStrategy_FRO.ETORO_57: RUNNING
2026-06-08T20:00:02.639350808Z [DEBUG] eToro-Momentum-LS.MLS_FlashCrashReversalStrategy_FRO.ETORO_58: STARTING
2026-06-08T20:00:02.639351680Z [INFO] eToro-Momentum-LS.MLS_FlashCrashReversalStrategy_FRO.ETORO_58: self.config.oms_type=None
2026-06-08T20:00:02.639351961Z [INFO] eToro-Momentum-LS.MLS_FlashCrashReversalStrategy_FRO.ETORO_58: self.config.external_order_claims=None
2026-06-08T20:00:02.639352211Z [INFO] eToro-Momentum-LS.MLS_FlashCrashReversalStrategy_FRO.ETORO_58: self.config.manage_gtd_expiry=False
2026-06-08T20:00:02.639352832Z [INFO] eToro-Momentum-LS.MLS_FlashCrashReversalStrategy_FRO.ETORO_58: Set ClientOrderIdGenerator client_order_id count to 0
2026-06-08T20:00:02.639353173Z [INFO] eToro-Momentum-LS.MLS_FlashCrashReversalStrategy_FRO.ETORO_58: Set ClientOrderIdGenerator order_list_id count to 0
2026-06-08T20:00:02.639354736Z [INFO] eToro-Momentum-LS.MLS_FlashCrashReversalStrategy_FRO.ETORO_58: Starte Flash Crash Reversal auf FRO.ETORO
2026-06-08T20:00:02.639365626Z [DEBUG] eToro-Momentum-LS.MessageBus: Added Subscription(topic=data.bars.FRO.ETORO-1-HOUR-MID-INTERNAL, handler=<bound method Actor.handle_bar of FlashCrashReversalStrategy(MLS_FlashCrashReversalStrategy_FRO.ETORO_58-058)>, priority=0)
2026-06-08T20:00:02.639368732Z [INFO] eToro-Momentum-LS.MLS_FlashCrashReversalStrategy_FRO.ETORO_58: [CMD]--> SubscribeBars(bar_type=FRO.ETORO-1-HOUR-MID-INTERNAL, client_id=None, venue=ETORO)
2026-06-08T20:00:02.639386245Z [INFO] eToro-Momentum-LS.MLS_FlashCrashReversalStrategy_FRO.ETORO_58: RUNNING
2026-06-08T20:00:02.639389271Z [DEBUG] eToro-Momentum-LS.MLS_FlashCrashReversalStrategy_FRO.ETORO_59: STARTING
2026-06-08T20:00:02.639389721Z [INFO] eToro-Momentum-LS.MLS_FlashCrashReversalStrategy_FRO.ETORO_59: self.config.oms_type=None
2026-06-08T20:00:02.639389992Z [INFO] eToro-Momentum-LS.MLS_FlashCrashReversalStrategy_FRO.ETORO_59: self.config.external_order_claims=None
2026-06-08T20:00:02.639390292Z [INFO] eToro-Momentum-LS.MLS_FlashCrashReversalStrategy_FRO.ETORO_59: self.config.manage_gtd_expiry=False
2026-06-08T20:00:02.639391074Z [INFO] eToro-Momentum-LS.MLS_FlashCrashReversalStrategy_FRO.ETORO_59: Set ClientOrderIdGenerator client_order_id count to 0
2026-06-08T20:00:02.639391334Z [INFO] eToro-Momentum-LS.MLS_FlashCrashReversalStrategy_FRO.ETORO_59: Set ClientOrderIdGenerator order_list_id count to 0
2026-06-08T20:00:02.639393518Z [INFO] eToro-Momentum-LS.MLS_FlashCrashReversalStrategy_FRO.ETORO_59: Starte Flash Crash Reversal auf FRO.ETORO
2026-06-08T20:00:02.639407685Z [DEBUG] eToro-Momentum-LS.MessageBus: Added Subscription(topic=data.bars.FRO.ETORO-1-HOUR-MID-INTERNAL, handler=<bound method Actor.handle_bar of FlashCrashReversalStrategy(MLS_FlashCrashReversalStrategy_FRO.ETORO_59-059)>, priority=0)
2026-06-08T20:00:02.639411562Z [INFO] eToro-Momentum-LS.MLS_FlashCrashReversalStrategy_FRO.ETORO_59: [CMD]--> SubscribeBars(bar_type=FRO.ETORO-1-HOUR-MID-INTERNAL, client_id=None, venue=ETORO)
2026-06-08T20:00:02.639428975Z [INFO] eToro-Momentum-LS.MLS_FlashCrashReversalStrategy_FRO.ETORO_59: RUNNING
2026-06-08T20:00:02.639432401Z [DEBUG] eToro-Momentum-LS.MLS_FlashCrashReversalStrategy_FRO.ETORO_60: STARTING
2026-06-08T20:00:02.639433023Z [INFO] eToro-Momentum-LS.MLS_FlashCrashReversalStrategy_FRO.ETORO_60: self.config.oms_type=None
2026-06-08T20:00:02.639433203Z [INFO] eToro-Momentum-LS.MLS_FlashCrashReversalStrategy_FRO.ETORO_60: self.config.external_order_claims=None
2026-06-08T20:00:02.639433363Z [INFO] eToro-Momentum-LS.MLS_FlashCrashReversalStrategy_FRO.ETORO_60: self.config.manage_gtd_expiry=False
2026-06-08T20:00:02.639434115Z [INFO] eToro-Momentum-LS.MLS_FlashCrashReversalStrategy_FRO.ETORO_60: Set ClientOrderIdGenerator client_order_id count to 0
2026-06-08T20:00:02.639434325Z [INFO] eToro-Momentum-LS.MLS_FlashCrashReversalStrategy_FRO.ETORO_60: Set ClientOrderIdGenerator order_list_id count to 0
2026-06-08T20:00:02.639437351Z [INFO] eToro-Momentum-LS.MLS_FlashCrashReversalStrategy_FRO.ETORO_60: Starte Flash Crash Reversal auf FRO.ETORO
2026-06-08T20:00:02.639446698Z [DEBUG] eToro-Momentum-LS.MessageBus: Added Subscription(topic=data.bars.FRO.ETORO-1-HOUR-MID-INTERNAL, handler=<bound method Actor.handle_bar of FlashCrashReversalStrategy(MLS_FlashCrashReversalStrategy_FRO.ETORO_60-060)>, priority=0)
2026-06-08T20:00:02.639483958Z [INFO] eToro-Momentum-LS.MLS_FlashCrashReversalStrategy_FRO.ETORO_60: [CMD]--> SubscribeBars(bar_type=FRO.ETORO-1-HOUR-MID-INTERNAL, client_id=None, venue=ETORO)
2026-06-08T20:00:02.639503415Z [INFO] eToro-Momentum-LS.MLS_FlashCrashReversalStrategy_FRO.ETORO_60: RUNNING
2026-06-08T20:00:02.639507432Z [DEBUG] eToro-Momentum-LS.MLS_FlashCrashReversalStrategy_FRO.ETORO_61: STARTING
2026-06-08T20:00:02.639507933Z [INFO] eToro-Momentum-LS.MLS_FlashCrashReversalStrategy_FRO.ETORO_61: self.config.oms_type=None
2026-06-08T20:00:02.639508204Z [INFO] eToro-Momentum-LS.MLS_FlashCrashReversalStrategy_FRO.ETORO_61: self.config.external_order_claims=None
2026-06-08T20:00:02.639508434Z [INFO] eToro-Momentum-LS.MLS_FlashCrashReversalStrategy_FRO.ETORO_61: self.config.manage_gtd_expiry=False
2026-06-08T20:00:02.639509155Z [INFO] eToro-Momentum-LS.MLS_FlashCrashReversalStrategy_FRO.ETORO_61: Set ClientOrderIdGenerator client_order_id count to 0
2026-06-08T20:00:02.639509396Z [INFO] eToro-Momentum-LS.MLS_FlashCrashReversalStrategy_FRO.ETORO_61: Set ClientOrderIdGenerator order_list_id count to 0
2026-06-08T20:00:02.639511640Z [INFO] eToro-Momentum-LS.MLS_FlashCrashReversalStrategy_FRO.ETORO_61: Starte Flash Crash Reversal auf FRO.ETORO
2026-06-08T20:00:02.639520887Z [DEBUG] eToro-Momentum-LS.MessageBus: Added Subscription(topic=data.bars.FRO.ETORO-1-HOUR-MID-INTERNAL, handler=<bound method Actor.handle_bar of FlashCrashReversalStrategy(MLS_FlashCrashReversalStrategy_FRO.ETORO_61-061)>, priority=0)
2026-06-08T20:00:02.639524795Z [INFO] eToro-Momentum-LS.MLS_FlashCrashReversalStrategy_FRO.ETORO_61: [CMD]--> SubscribeBars(bar_type=FRO.ETORO-1-HOUR-MID-INTERNAL, client_id=None, venue=ETORO)
2026-06-08T20:00:02.639542287Z [INFO] eToro-Momentum-LS.MLS_FlashCrashReversalStrategy_FRO.ETORO_61: RUNNING
2026-06-08T20:00:02.639545383Z [DEBUG] eToro-Momentum-LS.MLS_FlashCrashReversalStrategy_FRO.ETORO_62: STARTING
2026-06-08T20:00:02.639545774Z [INFO] eToro-Momentum-LS.MLS_FlashCrashReversalStrategy_FRO.ETORO_62: self.config.oms_type=None
2026-06-08T20:00:02.639546044Z [INFO] eToro-Momentum-LS.MLS_FlashCrashReversalStrategy_FRO.ETORO_62: self.config.external_order_claims=None
2026-06-08T20:00:02.639546265Z [INFO] eToro-Momentum-LS.MLS_FlashCrashReversalStrategy_FRO.ETORO_62: self.config.manage_gtd_expiry=False
2026-06-08T20:00:02.639546866Z [INFO] eToro-Momentum-LS.MLS_FlashCrashReversalStrategy_FRO.ETORO_62: Set ClientOrderIdGenerator client_order_id count to 0
2026-06-08T20:00:02.639547086Z [INFO] eToro-Momentum-LS.MLS_FlashCrashReversalStrategy_FRO.ETORO_62: Set ClientOrderIdGenerator order_list_id count to 0
2026-06-08T20:00:02.639548719Z [INFO] eToro-Momentum-LS.MLS_FlashCrashReversalStrategy_FRO.ETORO_62: Starte Flash Crash Reversal auf FRO.ETORO
2026-06-08T20:00:02.639559099Z [DEBUG] eToro-Momentum-LS.MessageBus: Added Subscription(topic=data.bars.FRO.ETORO-1-HOUR-MID-INTERNAL, handler=<bound method Actor.handle_bar of FlashCrashReversalStrategy(MLS_FlashCrashReversalStrategy_FRO.ETORO_62-062)>, priority=0)
2026-06-08T20:00:02.639562626Z [INFO] eToro-Momentum-LS.MLS_FlashCrashReversalStrategy_FRO.ETORO_62: [CMD]--> SubscribeBars(bar_type=FRO.ETORO-1-HOUR-MID-INTERNAL, client_id=None, venue=ETORO)
2026-06-08T20:00:02.639583655Z [INFO] eToro-Momentum-LS.MLS_FlashCrashReversalStrategy_FRO.ETORO_62: RUNNING
2026-06-08T20:00:02.639587392Z [DEBUG] eToro-Momentum-LS.MLS_FlashCrashReversalStrategy_FRO.ETORO_63: STARTING
2026-06-08T20:00:02.639587773Z [INFO] eToro-Momentum-LS.MLS_FlashCrashReversalStrategy_FRO.ETORO_63: self.config.oms_type=None
2026-06-08T20:00:02.639588053Z [INFO] eToro-Momentum-LS.MLS_FlashCrashReversalStrategy_FRO.ETORO_63: self.config.external_order_claims=None
2026-06-08T20:00:02.639588294Z [INFO] eToro-Momentum-LS.MLS_FlashCrashReversalStrategy_FRO.ETORO_63: self.config.manage_gtd_expiry=False
2026-06-08T20:00:02.639589075Z [INFO] eToro-Momentum-LS.MLS_FlashCrashReversalStrategy_FRO.ETORO_63: Set ClientOrderIdGenerator client_order_id count to 0
2026-06-08T20:00:02.639589296Z [INFO] eToro-Momentum-LS.MLS_FlashCrashReversalStrategy_FRO.ETORO_63: Set ClientOrderIdGenerator order_list_id count to 0
2026-06-08T20:00:02.639591259Z [INFO] eToro-Momentum-LS.MLS_FlashCrashReversalStrategy_FRO.ETORO_63: Starte Flash Crash Reversal auf FRO.ETORO
2026-06-08T20:00:02.639600797Z [DEBUG] eToro-Momentum-LS.MessageBus: Added Subscription(topic=data.bars.FRO.ETORO-1-HOUR-MID-INTERNAL, handler=<bound method Actor.handle_bar of FlashCrashReversalStrategy(MLS_FlashCrashReversalStrategy_FRO.ETORO_63-063)>, priority=0)
2026-06-08T20:00:02.639603472Z [INFO] eToro-Momentum-LS.MLS_FlashCrashReversalStrategy_FRO.ETORO_63: [CMD]--> SubscribeBars(bar_type=FRO.ETORO-1-HOUR-MID-INTERNAL, client_id=None, venue=ETORO)
2026-06-08T20:00:02.639620664Z [INFO] eToro-Momentum-LS.MLS_FlashCrashReversalStrategy_FRO.ETORO_63: RUNNING
2026-06-08T20:00:02.639625473Z [DEBUG] eToro-Momentum-LS.MLS_FlashCrashReversalStrategy_FRO.ETORO_64: STARTING
2026-06-08T20:00:02.639626075Z [INFO] eToro-Momentum-LS.MLS_FlashCrashReversalStrategy_FRO.ETORO_64: self.config.oms_type=None
2026-06-08T20:00:02.639626545Z [INFO] eToro-Momentum-LS.MLS_FlashCrashReversalStrategy_FRO.ETORO_64: self.config.external_order_claims=None
2026-06-08T20:00:02.639626776Z [INFO] eToro-Momentum-LS.MLS_FlashCrashReversalStrategy_FRO.ETORO_64: self.config.manage_gtd_expiry=False
2026-06-08T20:00:02.639627427Z [INFO] eToro-Momentum-LS.MLS_FlashCrashReversalStrategy_FRO.ETORO_64: Set ClientOrderIdGenerator client_order_id count to 0
2026-06-08T20:00:02.639627657Z [INFO] eToro-Momentum-LS.MLS_FlashCrashReversalStrategy_FRO.ETORO_64: Set ClientOrderIdGenerator order_list_id count to 0
2026-06-08T20:00:02.639628679Z [INFO] eToro-Momentum-LS.MLS_FlashCrashReversalStrategy_FRO.ETORO_64: Starte Flash Crash Reversal auf FRO.ETORO
2026-06-08T20:00:02.639637496Z [DEBUG] eToro-Momentum-LS.MessageBus: Added Subscription(topic=data.bars.FRO.ETORO-1-HOUR-MID-INTERNAL, handler=<bound method Actor.handle_bar of FlashCrashReversalStrategy(MLS_FlashCrashReversalStrategy_FRO.ETORO_64-064)>, priority=0)
2026-06-08T20:00:02.639640061Z [INFO] eToro-Momentum-LS.MLS_FlashCrashReversalStrategy_FRO.ETORO_64: [CMD]--> SubscribeBars(bar_type=FRO.ETORO-1-HOUR-MID-INTERNAL, client_id=None, venue=ETORO)
2026-06-08T20:00:02.639656662Z [INFO] eToro-Momentum-LS.MLS_FlashCrashReversalStrategy_FRO.ETORO_64: RUNNING
2026-06-08T20:00:02.639659928Z [DEBUG] eToro-Momentum-LS.MLS_FlashCrashReversalStrategy_FRO.ETORO_65: STARTING
2026-06-08T20:00:02.639660309Z [INFO] eToro-Momentum-LS.MLS_FlashCrashReversalStrategy_FRO.ETORO_65: self.config.oms_type=None
2026-06-08T20:00:02.639660569Z [INFO] eToro-Momentum-LS.MLS_FlashCrashReversalStrategy_FRO.ETORO_65: self.config.external_order_claims=None
2026-06-08T20:00:02.639660810Z [INFO] eToro-Momentum-LS.MLS_FlashCrashReversalStrategy_FRO.ETORO_65: self.config.manage_gtd_expiry=False
2026-06-08T20:00:02.639661411Z [INFO] eToro-Momentum-LS.MLS_FlashCrashReversalStrategy_FRO.ETORO_65: Set ClientOrderIdGenerator client_order_id count to 0
2026-06-08T20:00:02.639661641Z [INFO] eToro-Momentum-LS.MLS_FlashCrashReversalStrategy_FRO.ETORO_65: Set ClientOrderIdGenerator order_list_id count to 0
2026-06-08T20:00:02.639662693Z [INFO] eToro-Momentum-LS.MLS_FlashCrashReversalStrategy_FRO.ETORO_65: Starte Flash Crash Reversal auf FRO.ETORO
2026-06-08T20:00:02.639671049Z [DEBUG] eToro-Momentum-LS.MessageBus: Added Subscription(topic=data.bars.FRO.ETORO-1-HOUR-MID-INTERNAL, handler=<bound method Actor.handle_bar of FlashCrashReversalStrategy(MLS_FlashCrashReversalStrategy_FRO.ETORO_65-065)>, priority=0)
2026-06-08T20:00:02.639675678Z [INFO] eToro-Momentum-LS.MLS_FlashCrashReversalStrategy_FRO.ETORO_65: [CMD]--> SubscribeBars(bar_type=FRO.ETORO-1-HOUR-MID-INTERNAL, client_id=None, venue=ETORO)
2026-06-08T20:00:02.639698470Z [INFO] eToro-Momentum-LS.MLS_FlashCrashReversalStrategy_FRO.ETORO_65: RUNNING
2026-06-08T20:00:02.639701546Z [DEBUG] eToro-Momentum-LS.MLS_FlashCrashReversalStrategy_FRO.ETORO_66: STARTING
2026-06-08T20:00:02.639702668Z [INFO] eToro-Momentum-LS.MLS_FlashCrashReversalStrategy_FRO.ETORO_66: self.config.oms_type=None
2026-06-08T20:00:02.639703029Z [INFO] eToro-Momentum-LS.MLS_FlashCrashReversalStrategy_FRO.ETORO_66: self.config.external_order_claims=None
2026-06-08T20:00:02.639703169Z [INFO] eToro-Momentum-LS.MLS_FlashCrashReversalStrategy_FRO.ETORO_66: self.config.manage_gtd_expiry=False
2026-06-08T20:00:02.639703941Z [INFO] eToro-Momentum-LS.MLS_FlashCrashReversalStrategy_FRO.ETORO_66: Set ClientOrderIdGenerator client_order_id count to 0
2026-06-08T20:00:02.639704271Z [INFO] eToro-Momentum-LS.MLS_FlashCrashReversalStrategy_FRO.ETORO_66: Set ClientOrderIdGenerator order_list_id count to 0
2026-06-08T20:00:02.639706535Z [INFO] eToro-Momentum-LS.MLS_FlashCrashReversalStrategy_FRO.ETORO_66: Starte Flash Crash Reversal auf FRO.ETORO
2026-06-08T20:00:02.639715622Z [DEBUG] eToro-Momentum-LS.MessageBus: Added Subscription(topic=data.bars.FRO.ETORO-1-HOUR-MID-INTERNAL, handler=<bound method Actor.handle_bar of FlashCrashReversalStrategy(MLS_FlashCrashReversalStrategy_FRO.ETORO_66-066)>, priority=0)
2026-06-08T20:00:02.639718167Z [INFO] eToro-Momentum-LS.MLS_FlashCrashReversalStrategy_FRO.ETORO_66: [CMD]--> SubscribeBars(bar_type=FRO.ETORO-1-HOUR-MID-INTERNAL, client_id=None, venue=ETORO)
2026-06-08T20:00:02.639736622Z [INFO] eToro-Momentum-LS.MLS_FlashCrashReversalStrategy_FRO.ETORO_66: RUNNING
2026-06-08T20:00:02.639740178Z [DEBUG] eToro-Momentum-LS.MLS_FlashCrashReversalStrategy_LQDA.ETORO_67: STARTING
2026-06-08T20:00:02.639740579Z [INFO] eToro-Momentum-LS.MLS_FlashCrashReversalStrategy_LQDA.ETORO_67: self.config.oms_type=None
2026-06-08T20:00:02.639740840Z [INFO] eToro-Momentum-LS.MLS_FlashCrashReversalStrategy_LQDA.ETORO_67: self.config.external_order_claims=None
2026-06-08T20:00:02.639741100Z [INFO] eToro-Momentum-LS.MLS_FlashCrashReversalStrategy_LQDA.ETORO_67: self.config.manage_gtd_expiry=False
2026-06-08T20:00:02.639741631Z [INFO] eToro-Momentum-LS.MLS_FlashCrashReversalStrategy_LQDA.ETORO_67: Set ClientOrderIdGenerator client_order_id count to 0
2026-06-08T20:00:02.639741912Z [INFO] eToro-Momentum-LS.MLS_FlashCrashReversalStrategy_LQDA.ETORO_67: Set ClientOrderIdGenerator order_list_id count to 0
2026-06-08T20:00:02.639743545Z [INFO] eToro-Momentum-LS.MLS_FlashCrashReversalStrategy_LQDA.ETORO_67: Starte Flash Crash Reversal auf LQDA.ETORO
2026-06-08T20:00:02.639755367Z [DEBUG] eToro-Momentum-LS.MessageBus: Added Subscription(topic=data.bars.LQDA.ETORO-1-HOUR-MID-INTERNAL, handler=<bound method Actor.handle_bar of FlashCrashReversalStrategy(MLS_FlashCrashReversalStrategy_LQDA.ETORO_67-067)>, priority=0)
2026-06-08T20:00:02.639758783Z [INFO] eToro-Momentum-LS.MLS_FlashCrashReversalStrategy_LQDA.ETORO_67: [CMD]--> SubscribeBars(bar_type=LQDA.ETORO-1-HOUR-MID-INTERNAL, client_id=None, venue=ETORO)
2026-06-08T20:00:02.639776316Z [INFO] eToro-Momentum-LS.MLS_FlashCrashReversalStrategy_LQDA.ETORO_67: RUNNING
2026-06-08T20:00:02.639779252Z [DEBUG] eToro-Momentum-LS.MLS_FlashCrashReversalStrategy_LQDA.ETORO_68: STARTING
2026-06-08T20:00:02.639780424Z [INFO] eToro-Momentum-LS.MLS_FlashCrashReversalStrategy_LQDA.ETORO_68: self.config.oms_type=None
2026-06-08T20:00:02.639780795Z [INFO] eToro-Momentum-LS.MLS_FlashCrashReversalStrategy_LQDA.ETORO_68: self.config.external_order_claims=None
2026-06-08T20:00:02.639781015Z [INFO] eToro-Momentum-LS.MLS_FlashCrashReversalStrategy_LQDA.ETORO_68: self.config.manage_gtd_expiry=False
2026-06-08T20:00:02.639781536Z [INFO] eToro-Momentum-LS.MLS_FlashCrashReversalStrategy_LQDA.ETORO_68: Set ClientOrderIdGenerator client_order_id count to 0
2026-06-08T20:00:02.639781957Z [INFO] eToro-Momentum-LS.MLS_FlashCrashReversalStrategy_LQDA.ETORO_68: Set ClientOrderIdGenerator order_list_id count to 0
2026-06-08T20:00:02.639783319Z [INFO] eToro-Momentum-LS.MLS_FlashCrashReversalStrategy_LQDA.ETORO_68: Starte Flash Crash Reversal auf LQDA.ETORO
2026-06-08T20:00:02.639792987Z [DEBUG] eToro-Momentum-LS.MessageBus: Added Subscription(topic=data.bars.LQDA.ETORO-1-HOUR-MID-INTERNAL, handler=<bound method Actor.handle_bar of FlashCrashReversalStrategy(MLS_FlashCrashReversalStrategy_LQDA.ETORO_68-068)>, priority=0)
2026-06-08T20:00:02.639795753Z [INFO] eToro-Momentum-LS.MLS_FlashCrashReversalStrategy_LQDA.ETORO_68: [CMD]--> SubscribeBars(bar_type=LQDA.ETORO-1-HOUR-MID-INTERNAL, client_id=None, venue=ETORO)
2026-06-08T20:00:02.639818024Z [INFO] eToro-Momentum-LS.MLS_FlashCrashReversalStrategy_LQDA.ETORO_68: RUNNING
2026-06-08T20:00:02.639827472Z [DEBUG] eToro-Momentum-LS.MLS_FlashCrashReversalStrategy_LQDA.ETORO_69: STARTING
2026-06-08T20:00:02.639828083Z [INFO] eToro-Momentum-LS.MLS_FlashCrashReversalStrategy_LQDA.ETORO_69: self.config.oms_type=None
2026-06-08T20:00:02.639828244Z [INFO] eToro-Momentum-LS.MLS_FlashCrashReversalStrategy_LQDA.ETORO_69: self.config.external_order_claims=None
2026-06-08T20:00:02.639828414Z [INFO] eToro-Momentum-LS.MLS_FlashCrashReversalStrategy_LQDA.ETORO_69: self.config.manage_gtd_expiry=False
2026-06-08T20:00:02.639829145Z [INFO] eToro-Momentum-LS.MLS_FlashCrashReversalStrategy_LQDA.ETORO_69: Set ClientOrderIdGenerator client_order_id count to 0
2026-06-08T20:00:02.639829376Z [INFO] eToro-Momentum-LS.MLS_FlashCrashReversalStrategy_LQDA.ETORO_69: Set ClientOrderIdGenerator order_list_id count to 0
2026-06-08T20:00:02.639833944Z [INFO] eToro-Momentum-LS.MLS_FlashCrashReversalStrategy_LQDA.ETORO_69: Starte Flash Crash Reversal auf LQDA.ETORO
2026-06-08T20:00:02.639842580Z [DEBUG] eToro-Momentum-LS.MessageBus: Added Subscription(topic=data.bars.LQDA.ETORO-1-HOUR-MID-INTERNAL, handler=<bound method Actor.handle_bar of FlashCrashReversalStrategy(MLS_FlashCrashReversalStrategy_LQDA.ETORO_69-069)>, priority=0)
2026-06-08T20:00:02.639845185Z [INFO] eToro-Momentum-LS.MLS_FlashCrashReversalStrategy_LQDA.ETORO_69: [CMD]--> SubscribeBars(bar_type=LQDA.ETORO-1-HOUR-MID-INTERNAL, client_id=None, venue=ETORO)
2026-06-08T20:00:02.639861827Z [INFO] eToro-Momentum-LS.MLS_FlashCrashReversalStrategy_LQDA.ETORO_69: RUNNING
2026-06-08T20:00:02.639865253Z [DEBUG] eToro-Momentum-LS.MLS_FlashCrashReversalStrategy_LQDA.ETORO_70: STARTING
2026-06-08T20:00:02.639865744Z [INFO] eToro-Momentum-LS.MLS_FlashCrashReversalStrategy_LQDA.ETORO_70: self.config.oms_type=None
2026-06-08T20:00:02.639866004Z [INFO] eToro-Momentum-LS.MLS_FlashCrashReversalStrategy_LQDA.ETORO_70: self.config.external_order_claims=None
2026-06-08T20:00:02.639866255Z [INFO] eToro-Momentum-LS.MLS_FlashCrashReversalStrategy_LQDA.ETORO_70: self.config.manage_gtd_expiry=False
2026-06-08T20:00:02.639866966Z [INFO] eToro-Momentum-LS.MLS_FlashCrashReversalStrategy_LQDA.ETORO_70: Set ClientOrderIdGenerator client_order_id count to 0
2026-06-08T20:00:02.639867207Z [INFO] eToro-Momentum-LS.MLS_FlashCrashReversalStrategy_LQDA.ETORO_70: Set ClientOrderIdGenerator order_list_id count to 0
2026-06-08T20:00:02.639869531Z [INFO] eToro-Momentum-LS.MLS_FlashCrashReversalStrategy_LQDA.ETORO_70: Starte Flash Crash Reversal auf LQDA.ETORO
2026-06-08T20:00:02.639881994Z [DEBUG] eToro-Momentum-LS.MessageBus: Added Subscription(topic=data.bars.LQDA.ETORO-1-HOUR-MID-INTERNAL, handler=<bound method Actor.handle_bar of FlashCrashReversalStrategy(MLS_FlashCrashReversalStrategy_LQDA.ETORO_70-070)>, priority=0)
2026-06-08T20:00:02.639884860Z [INFO] eToro-Momentum-LS.MLS_FlashCrashReversalStrategy_LQDA.ETORO_70: [CMD]--> SubscribeBars(bar_type=LQDA.ETORO-1-HOUR-MID-INTERNAL, client_id=None, venue=ETORO)
2026-06-08T20:00:02.639901922Z [INFO] eToro-Momentum-LS.MLS_FlashCrashReversalStrategy_LQDA.ETORO_70: RUNNING
2026-06-08T20:00:02.639905428Z [DEBUG] eToro-Momentum-LS.MLS_FlashCrashReversalStrategy_LQDA.ETORO_71: STARTING
2026-06-08T20:00:02.639905989Z [INFO] eToro-Momentum-LS.MLS_FlashCrashReversalStrategy_LQDA.ETORO_71: self.config.oms_type=None
2026-06-08T20:00:02.639906250Z [INFO] eToro-Momentum-LS.MLS_FlashCrashReversalStrategy_LQDA.ETORO_71: self.config.external_order_claims=None
2026-06-08T20:00:02.639906490Z [INFO] eToro-Momentum-LS.MLS_FlashCrashReversalStrategy_LQDA.ETORO_71: self.config.manage_gtd_expiry=False
2026-06-08T20:00:02.639907131Z [INFO] eToro-Momentum-LS.MLS_FlashCrashReversalStrategy_LQDA.ETORO_71: Set ClientOrderIdGenerator client_order_id count to 0
2026-06-08T20:00:02.639907412Z [INFO] eToro-Momentum-LS.MLS_FlashCrashReversalStrategy_LQDA.ETORO_71: Set ClientOrderIdGenerator order_list_id count to 0
2026-06-08T20:00:02.639909155Z [INFO] eToro-Momentum-LS.MLS_FlashCrashReversalStrategy_LQDA.ETORO_71: Starte Flash Crash Reversal auf LQDA.ETORO
2026-06-08T20:00:02.639921689Z [DEBUG] eToro-Momentum-LS.MessageBus: Added Subscription(topic=data.bars.LQDA.ETORO-1-HOUR-MID-INTERNAL, handler=<bound method Actor.handle_bar of FlashCrashReversalStrategy(MLS_FlashCrashReversalStrategy_LQDA.ETORO_71-071)>, priority=0)
2026-06-08T20:00:02.639925576Z [INFO] eToro-Momentum-LS.MLS_FlashCrashReversalStrategy_LQDA.ETORO_71: [CMD]--> SubscribeBars(bar_type=LQDA.ETORO-1-HOUR-MID-INTERNAL, client_id=None, venue=ETORO)
2026-06-08T20:00:02.639973466Z [INFO] eToro-Momentum-LS.MLS_FlashCrashReversalStrategy_LQDA.ETORO_71: RUNNING
2026-06-08T20:00:02.639977604Z [DEBUG] eToro-Momentum-LS.MLS_FlashCrashReversalStrategy_LQDA.ETORO_72: STARTING
2026-06-08T20:00:02.639979267Z [INFO] eToro-Momentum-LS.MLS_FlashCrashReversalStrategy_LQDA.ETORO_72: self.config.oms_type=None
2026-06-08T20:00:02.639979447Z [INFO] eToro-Momentum-LS.MLS_FlashCrashReversalStrategy_LQDA.ETORO_72: self.config.external_order_claims=None
2026-06-08T20:00:02.639979708Z [INFO] eToro-Momentum-LS.MLS_FlashCrashReversalStrategy_LQDA.ETORO_72: self.config.manage_gtd_expiry=False
2026-06-08T20:00:02.639980369Z [INFO] eToro-Momentum-LS.MLS_FlashCrashReversalStrategy_LQDA.ETORO_72: Set ClientOrderIdGenerator client_order_id count to 0
2026-06-08T20:00:02.639980659Z [INFO] eToro-Momentum-LS.MLS_FlashCrashReversalStrategy_LQDA.ETORO_72: Set ClientOrderIdGenerator order_list_id count to 0
2026-06-08T20:00:02.639983244Z [INFO] eToro-Momentum-LS.MLS_FlashCrashReversalStrategy_LQDA.ETORO_72: Starte Flash Crash Reversal auf LQDA.ETORO
2026-06-08T20:00:02.639993874Z [DEBUG] eToro-Momentum-LS.MessageBus: Added Subscription(topic=data.bars.LQDA.ETORO-1-HOUR-MID-INTERNAL, handler=<bound method Actor.handle_bar of FlashCrashReversalStrategy(MLS_FlashCrashReversalStrategy_LQDA.ETORO_72-072)>, priority=0)
2026-06-08T20:00:02.639997481Z [INFO] eToro-Momentum-LS.MLS_FlashCrashReversalStrategy_LQDA.ETORO_72: [CMD]--> SubscribeBars(bar_type=LQDA.ETORO-1-HOUR-MID-INTERNAL, client_id=None, venue=ETORO)
2026-06-08T20:00:02.640019602Z [INFO] eToro-Momentum-LS.MLS_FlashCrashReversalStrategy_LQDA.ETORO_72: RUNNING
2026-06-08T20:00:02.640023109Z [DEBUG] eToro-Momentum-LS.MLS_FlashCrashReversalStrategy_LQDA.ETORO_73: STARTING
2026-06-08T20:00:02.640023680Z [INFO] eToro-Momentum-LS.MLS_FlashCrashReversalStrategy_LQDA.ETORO_73: self.config.oms_type=None
2026-06-08T20:00:02.640024041Z [INFO] eToro-Momentum-LS.MLS_FlashCrashReversalStrategy_LQDA.ETORO_73: self.config.external_order_claims=None
2026-06-08T20:00:02.640024271Z [INFO] eToro-Momentum-LS.MLS_FlashCrashReversalStrategy_LQDA.ETORO_73: self.config.manage_gtd_expiry=False
2026-06-08T20:00:02.640024902Z [INFO] eToro-Momentum-LS.MLS_FlashCrashReversalStrategy_LQDA.ETORO_73: Set ClientOrderIdGenerator client_order_id count to 0
2026-06-08T20:00:02.640025153Z [INFO] eToro-Momentum-LS.MLS_FlashCrashReversalStrategy_LQDA.ETORO_73: Set ClientOrderIdGenerator order_list_id count to 0
2026-06-08T20:00:02.640026996Z [INFO] eToro-Momentum-LS.MLS_FlashCrashReversalStrategy_LQDA.ETORO_73: Starte Flash Crash Reversal auf LQDA.ETORO
2026-06-08T20:00:02.640037205Z [DEBUG] eToro-Momentum-LS.MessageBus: Added Subscription(topic=data.bars.LQDA.ETORO-1-HOUR-MID-INTERNAL, handler=<bound method Actor.handle_bar of FlashCrashReversalStrategy(MLS_FlashCrashReversalStrategy_LQDA.ETORO_73-073)>, priority=0)
2026-06-08T20:00:02.640041073Z [INFO] eToro-Momentum-LS.MLS_FlashCrashReversalStrategy_LQDA.ETORO_73: [CMD]--> SubscribeBars(bar_type=LQDA.ETORO-1-HOUR-MID-INTERNAL, client_id=None, venue=ETORO)
2026-06-08T20:00:02.640062563Z [INFO] eToro-Momentum-LS.MLS_FlashCrashReversalStrategy_LQDA.ETORO_73: RUNNING
2026-06-08T20:00:02.640066049Z [DEBUG] eToro-Momentum-LS.MLS_FlashCrashReversalStrategy_LQDA.ETORO_74: STARTING
2026-06-08T20:00:02.640066580Z [INFO] eToro-Momentum-LS.MLS_FlashCrashReversalStrategy_LQDA.ETORO_74: self.config.oms_type=None
2026-06-08T20:00:02.640066821Z [INFO] eToro-Momentum-LS.MLS_FlashCrashReversalStrategy_LQDA.ETORO_74: self.config.external_order_claims=None
2026-06-08T20:00:02.640067051Z [INFO] eToro-Momentum-LS.MLS_FlashCrashReversalStrategy_LQDA.ETORO_74: self.config.manage_gtd_expiry=False
2026-06-08T20:00:02.640067713Z [INFO] eToro-Momentum-LS.MLS_FlashCrashReversalStrategy_LQDA.ETORO_74: Set ClientOrderIdGenerator client_order_id count to 0
2026-06-08T20:00:02.640067943Z [INFO] eToro-Momentum-LS.MLS_FlashCrashReversalStrategy_LQDA.ETORO_74: Set ClientOrderIdGenerator order_list_id count to 0
2026-06-08T20:00:02.640069776Z [INFO] eToro-Momentum-LS.MLS_FlashCrashReversalStrategy_LQDA.ETORO_74: Starte Flash Crash Reversal auf LQDA.ETORO
2026-06-08T20:00:02.640079605Z [DEBUG] eToro-Momentum-LS.MessageBus: Added Subscription(topic=data.bars.LQDA.ETORO-1-HOUR-MID-INTERNAL, handler=<bound method Actor.handle_bar of FlashCrashReversalStrategy(MLS_FlashCrashReversalStrategy_LQDA.ETORO_74-074)>, priority=0)
2026-06-08T20:00:02.640082841Z [INFO] eToro-Momentum-LS.MLS_FlashCrashReversalStrategy_LQDA.ETORO_74: [CMD]--> SubscribeBars(bar_type=LQDA.ETORO-1-HOUR-MID-INTERNAL, client_id=None, venue=ETORO)
2026-06-08T20:00:02.640102418Z [INFO] eToro-Momentum-LS.MLS_FlashCrashReversalStrategy_LQDA.ETORO_74: RUNNING
2026-06-08T20:00:02.640105714Z [DEBUG] eToro-Momentum-LS.MLS_FlashCrashReversalStrategy_LQDA.ETORO_75: STARTING
2026-06-08T20:00:02.640106095Z [INFO] eToro-Momentum-LS.MLS_FlashCrashReversalStrategy_LQDA.ETORO_75: self.config.oms_type=None
2026-06-08T20:00:02.640107718Z [INFO] eToro-Momentum-LS.MLS_FlashCrashReversalStrategy_LQDA.ETORO_75: self.config.external_order_claims=None
2026-06-08T20:00:02.640107868Z [INFO] eToro-Momentum-LS.MLS_FlashCrashReversalStrategy_LQDA.ETORO_75: self.config.manage_gtd_expiry=False
2026-06-08T20:00:02.640108449Z [INFO] eToro-Momentum-LS.MLS_FlashCrashReversalStrategy_LQDA.ETORO_75: Set ClientOrderIdGenerator client_order_id count to 0
2026-06-08T20:00:02.640108679Z [INFO] eToro-Momentum-LS.MLS_FlashCrashReversalStrategy_LQDA.ETORO_75: Set ClientOrderIdGenerator order_list_id count to 0
2026-06-08T20:00:02.640110603Z [INFO] eToro-Momentum-LS.MLS_FlashCrashReversalStrategy_LQDA.ETORO_75: Starte Flash Crash Reversal auf LQDA.ETORO
2026-06-08T20:00:02.640119339Z [DEBUG] eToro-Momentum-LS.MessageBus: Added Subscription(topic=data.bars.LQDA.ETORO-1-HOUR-MID-INTERNAL, handler=<bound method Actor.handle_bar of FlashCrashReversalStrategy(MLS_FlashCrashReversalStrategy_LQDA.ETORO_75-075)>, priority=0)
2026-06-08T20:00:02.640122135Z [INFO] eToro-Momentum-LS.MLS_FlashCrashReversalStrategy_LQDA.ETORO_75: [CMD]--> SubscribeBars(bar_type=LQDA.ETORO-1-HOUR-MID-INTERNAL, client_id=None, venue=ETORO)
2026-06-08T20:00:02.640146691Z [INFO] eToro-Momentum-LS.MLS_FlashCrashReversalStrategy_LQDA.ETORO_75: RUNNING
2026-06-08T20:00:02.640149807Z [DEBUG] eToro-Momentum-LS.MLS_FlashCrashReversalStrategy_LQDA.ETORO_76: STARTING
2026-06-08T20:00:02.640154175Z [INFO] eToro-Momentum-LS.MLS_FlashCrashReversalStrategy_LQDA.ETORO_76: self.config.oms_type=None
2026-06-08T20:00:02.640154445Z [INFO] eToro-Momentum-LS.MLS_FlashCrashReversalStrategy_LQDA.ETORO_76: self.config.external_order_claims=None
2026-06-08T20:00:02.640154676Z [INFO] eToro-Momentum-LS.MLS_FlashCrashReversalStrategy_LQDA.ETORO_76: self.config.manage_gtd_expiry=False
2026-06-08T20:00:02.640155287Z [INFO] eToro-Momentum-LS.MLS_FlashCrashReversalStrategy_LQDA.ETORO_76: Set ClientOrderIdGenerator client_order_id count to 0
2026-06-08T20:00:02.640155547Z [INFO] eToro-Momentum-LS.MLS_FlashCrashReversalStrategy_LQDA.ETORO_76: Set ClientOrderIdGenerator order_list_id count to 0
2026-06-08T20:00:02.640156870Z [INFO] eToro-Momentum-LS.MLS_FlashCrashReversalStrategy_LQDA.ETORO_76: Starte Flash Crash Reversal auf LQDA.ETORO
2026-06-08T20:00:02.640167971Z [DEBUG] eToro-Momentum-LS.MessageBus: Added Subscription(topic=data.bars.LQDA.ETORO-1-HOUR-MID-INTERNAL, handler=<bound method Actor.handle_bar of FlashCrashReversalStrategy(MLS_FlashCrashReversalStrategy_LQDA.ETORO_76-076)>, priority=0)
2026-06-08T20:00:02.640171437Z [INFO] eToro-Momentum-LS.MLS_FlashCrashReversalStrategy_LQDA.ETORO_76: [CMD]--> SubscribeBars(bar_type=LQDA.ETORO-1-HOUR-MID-INTERNAL, client_id=None, venue=ETORO)
2026-06-08T20:00:02.640190062Z [INFO] eToro-Momentum-LS.MLS_FlashCrashReversalStrategy_LQDA.ETORO_76: RUNNING
2026-06-08T20:00:02.640193979Z [DEBUG] eToro-Momentum-LS.MLS_FlashCrashReversalStrategy_LQDA.ETORO_77: STARTING
2026-06-08T20:00:02.640194380Z [INFO] eToro-Momentum-LS.MLS_FlashCrashReversalStrategy_LQDA.ETORO_77: self.config.oms_type=None
2026-06-08T20:00:02.640194761Z [INFO] eToro-Momentum-LS.MLS_FlashCrashReversalStrategy_LQDA.ETORO_77: self.config.external_order_claims=None
2026-06-08T20:00:02.640194981Z [INFO] eToro-Momentum-LS.MLS_FlashCrashReversalStrategy_LQDA.ETORO_77: self.config.manage_gtd_expiry=False
2026-06-08T20:00:02.640195683Z [INFO] eToro-Momentum-LS.MLS_FlashCrashReversalStrategy_LQDA.ETORO_77: Set ClientOrderIdGenerator client_order_id count to 0
2026-06-08T20:00:02.640195813Z [INFO] eToro-Momentum-LS.MLS_FlashCrashReversalStrategy_LQDA.ETORO_77: Set ClientOrderIdGenerator order_list_id count to 0
2026-06-08T20:00:02.640197035Z [INFO] eToro-Momentum-LS.MLS_FlashCrashReversalStrategy_LQDA.ETORO_77: Starte Flash Crash Reversal auf LQDA.ETORO
2026-06-08T20:00:02.640212133Z [DEBUG] eToro-Momentum-LS.MessageBus: Added Subscription(topic=data.bars.LQDA.ETORO-1-HOUR-MID-INTERNAL, handler=<bound method Actor.handle_bar of FlashCrashReversalStrategy(MLS_FlashCrashReversalStrategy_LQDA.ETORO_77-077)>, priority=0)
2026-06-08T20:00:02.640215460Z [INFO] eToro-Momentum-LS.MLS_FlashCrashReversalStrategy_LQDA.ETORO_77: [CMD]--> SubscribeBars(bar_type=LQDA.ETORO-1-HOUR-MID-INTERNAL, client_id=None, venue=ETORO)
2026-06-08T20:00:02.640237751Z [INFO] eToro-Momentum-LS.MLS_FlashCrashReversalStrategy_LQDA.ETORO_77: RUNNING
2026-06-08T20:00:02.640241949Z [DEBUG] eToro-Momentum-LS.MLS_FlashCrashReversalStrategy_LQDA.ETORO_78: STARTING
2026-06-08T20:00:02.640242480Z [INFO] eToro-Momentum-LS.MLS_FlashCrashReversalStrategy_LQDA.ETORO_78: self.config.oms_type=None
2026-06-08T20:00:02.640242841Z [INFO] eToro-Momentum-LS.MLS_FlashCrashReversalStrategy_LQDA.ETORO_78: self.config.external_order_claims=None
2026-06-08T20:00:02.640244484Z [INFO] eToro-Momentum-LS.MLS_FlashCrashReversalStrategy_LQDA.ETORO_78: self.config.manage_gtd_expiry=False
2026-06-08T20:00:02.640245195Z [INFO] eToro-Momentum-LS.MLS_FlashCrashReversalStrategy_LQDA.ETORO_78: Set ClientOrderIdGenerator client_order_id count to 0
2026-06-08T20:00:02.640245436Z [INFO] eToro-Momentum-LS.MLS_FlashCrashReversalStrategy_LQDA.ETORO_78: Set ClientOrderIdGenerator order_list_id count to 0
2026-06-08T20:00:02.640248081Z [INFO] eToro-Momentum-LS.MLS_FlashCrashReversalStrategy_LQDA.ETORO_78: Starte Flash Crash Reversal auf LQDA.ETORO
2026-06-08T20:00:02.640257969Z [DEBUG] eToro-Momentum-LS.MessageBus: Added Subscription(topic=data.bars.LQDA.ETORO-1-HOUR-MID-INTERNAL, handler=<bound method Actor.handle_bar of FlashCrashReversalStrategy(MLS_FlashCrashReversalStrategy_LQDA.ETORO_78-078)>, priority=0)
2026-06-08T20:00:02.640265002Z [INFO] eToro-Momentum-LS.MLS_FlashCrashReversalStrategy_LQDA.ETORO_78: [CMD]--> SubscribeBars(bar_type=LQDA.ETORO-1-HOUR-MID-INTERNAL, client_id=None, venue=ETORO)
2026-06-08T20:00:02.640284739Z [INFO] eToro-Momentum-LS.MLS_FlashCrashReversalStrategy_LQDA.ETORO_78: RUNNING
2026-06-08T20:00:02.640288366Z [DEBUG] eToro-Momentum-LS.MLS_FlashCrashReversalStrategy_LQDA.ETORO_79: STARTING
2026-06-08T20:00:02.640288787Z [INFO] eToro-Momentum-LS.MLS_FlashCrashReversalStrategy_LQDA.ETORO_79: self.config.oms_type=None
2026-06-08T20:00:02.640289028Z [INFO] eToro-Momentum-LS.MLS_FlashCrashReversalStrategy_LQDA.ETORO_79: self.config.external_order_claims=None
2026-06-08T20:00:02.640289338Z [INFO] eToro-Momentum-LS.MLS_FlashCrashReversalStrategy_LQDA.ETORO_79: self.config.manage_gtd_expiry=False
2026-06-08T20:00:02.640289979Z [INFO] eToro-Momentum-LS.MLS_FlashCrashReversalStrategy_LQDA.ETORO_79: Set ClientOrderIdGenerator client_order_id count to 0
2026-06-08T20:00:02.640290200Z [INFO] eToro-Momentum-LS.MLS_FlashCrashReversalStrategy_LQDA.ETORO_79: Set ClientOrderIdGenerator order_list_id count to 0
2026-06-08T20:00:02.640291322Z [INFO] eToro-Momentum-LS.MLS_FlashCrashReversalStrategy_LQDA.ETORO_79: Starte Flash Crash Reversal auf LQDA.ETORO
2026-06-08T20:00:02.640303675Z [DEBUG] eToro-Momentum-LS.MessageBus: Added Subscription(topic=data.bars.LQDA.ETORO-1-HOUR-MID-INTERNAL, handler=<bound method Actor.handle_bar of FlashCrashReversalStrategy(MLS_FlashCrashReversalStrategy_LQDA.ETORO_79-079)>, priority=0)
2026-06-08T20:00:02.640306821Z [INFO] eToro-Momentum-LS.MLS_FlashCrashReversalStrategy_LQDA.ETORO_79: [CMD]--> SubscribeBars(bar_type=LQDA.ETORO-1-HOUR-MID-INTERNAL, client_id=None, venue=ETORO)
2026-06-08T20:00:02.640336406Z [INFO] eToro-Momentum-LS.MLS_FlashCrashReversalStrategy_LQDA.ETORO_79: RUNNING
2026-06-08T20:00:02.640340694Z [DEBUG] eToro-Momentum-LS.MLS_FlashCrashReversalStrategy_LQDA.ETORO_80: STARTING
2026-06-08T20:00:02.640342718Z [INFO] eToro-Momentum-LS.MLS_FlashCrashReversalStrategy_LQDA.ETORO_80: self.config.oms_type=None
2026-06-08T20:00:02.640342979Z [INFO] eToro-Momentum-LS.MLS_FlashCrashReversalStrategy_LQDA.ETORO_80: self.config.external_order_claims=None
2026-06-08T20:00:02.640343199Z [INFO] eToro-Momentum-LS.MLS_FlashCrashReversalStrategy_LQDA.ETORO_80: self.config.manage_gtd_expiry=False
2026-06-08T20:00:02.640343900Z [INFO] eToro-Momentum-LS.MLS_FlashCrashReversalStrategy_LQDA.ETORO_80: Set ClientOrderIdGenerator client_order_id count to 0
2026-06-08T20:00:02.640344141Z [INFO] eToro-Momentum-LS.MLS_FlashCrashReversalStrategy_LQDA.ETORO_80: Set ClientOrderIdGenerator order_list_id count to 0
2026-06-08T20:00:02.640346105Z [INFO] eToro-Momentum-LS.MLS_FlashCrashReversalStrategy_LQDA.ETORO_80: Starte Flash Crash Reversal auf LQDA.ETORO
2026-06-08T20:00:02.640354921Z [DEBUG] eToro-Momentum-LS.MessageBus: Added Subscription(topic=data.bars.LQDA.ETORO-1-HOUR-MID-INTERNAL, handler=<bound method Actor.handle_bar of FlashCrashReversalStrategy(MLS_FlashCrashReversalStrategy_LQDA.ETORO_80-080)>, priority=0)
2026-06-08T20:00:02.640359109Z [INFO] eToro-Momentum-LS.MLS_FlashCrashReversalStrategy_LQDA.ETORO_80: [CMD]--> SubscribeBars(bar_type=LQDA.ETORO-1-HOUR-MID-INTERNAL, client_id=None, venue=ETORO)
2026-06-08T20:00:02.640386150Z [INFO] eToro-Momentum-LS.MLS_FlashCrashReversalStrategy_LQDA.ETORO_80: RUNNING
2026-06-08T20:00:02.640389917Z [DEBUG] eToro-Momentum-LS.MLS_FlashCrashReversalStrategy_LQDA.ETORO_81: STARTING
2026-06-08T20:00:02.640390378Z [INFO] eToro-Momentum-LS.MLS_FlashCrashReversalStrategy_LQDA.ETORO_81: self.config.oms_type=None
2026-06-08T20:00:02.640390748Z [INFO] eToro-Momentum-LS.MLS_FlashCrashReversalStrategy_LQDA.ETORO_81: self.config.external_order_claims=None
2026-06-08T20:00:02.640390979Z [INFO] eToro-Momentum-LS.MLS_FlashCrashReversalStrategy_LQDA.ETORO_81: self.config.manage_gtd_expiry=False
2026-06-08T20:00:02.640394085Z [INFO] eToro-Momentum-LS.MLS_FlashCrashReversalStrategy_LQDA.ETORO_81: Set ClientOrderIdGenerator client_order_id count to 0
2026-06-08T20:00:02.640394255Z [INFO] eToro-Momentum-LS.MLS_FlashCrashReversalStrategy_LQDA.ETORO_81: Set ClientOrderIdGenerator order_list_id count to 0
2026-06-08T20:00:02.640395497Z [INFO] eToro-Momentum-LS.MLS_FlashCrashReversalStrategy_LQDA.ETORO_81: Starte Flash Crash Reversal auf LQDA.ETORO
2026-06-08T20:00:02.640404765Z [DEBUG] eToro-Momentum-LS.MessageBus: Added Subscription(topic=data.bars.LQDA.ETORO-1-HOUR-MID-INTERNAL, handler=<bound method Actor.handle_bar of FlashCrashReversalStrategy(MLS_FlashCrashReversalStrategy_LQDA.ETORO_81-081)>, priority=0)
2026-06-08T20:00:02.640411858Z [INFO] eToro-Momentum-LS.MLS_FlashCrashReversalStrategy_LQDA.ETORO_81: [CMD]--> SubscribeBars(bar_type=LQDA.ETORO-1-HOUR-MID-INTERNAL, client_id=None, venue=ETORO)
2026-06-08T20:00:02.640432066Z [INFO] eToro-Momentum-LS.MLS_FlashCrashReversalStrategy_LQDA.ETORO_81: RUNNING
2026-06-08T20:00:02.640435723Z [DEBUG] eToro-Momentum-LS.MLS_FlashCrashReversalStrategy_LQDA.ETORO_82: STARTING
2026-06-08T20:00:02.640436093Z [INFO] eToro-Momentum-LS.MLS_FlashCrashReversalStrategy_LQDA.ETORO_82: self.config.oms_type=None
2026-06-08T20:00:02.640436334Z [INFO] eToro-Momentum-LS.MLS_FlashCrashReversalStrategy_LQDA.ETORO_82: self.config.external_order_claims=None
2026-06-08T20:00:02.640436714Z [INFO] eToro-Momentum-LS.MLS_FlashCrashReversalStrategy_LQDA.ETORO_82: self.config.manage_gtd_expiry=False
2026-06-08T20:00:02.640437306Z [INFO] eToro-Momentum-LS.MLS_FlashCrashReversalStrategy_LQDA.ETORO_82: Set ClientOrderIdGenerator client_order_id count to 0
2026-06-08T20:00:02.640437546Z [INFO] eToro-Momentum-LS.MLS_FlashCrashReversalStrategy_LQDA.ETORO_82: Set ClientOrderIdGenerator order_list_id count to 0
2026-06-08T20:00:02.640441523Z [INFO] eToro-Momentum-LS.MLS_FlashCrashReversalStrategy_LQDA.ETORO_82: Starte Flash Crash Reversal auf LQDA.ETORO
2026-06-08T20:00:02.640450841Z [DEBUG] eToro-Momentum-LS.MessageBus: Added Subscription(topic=data.bars.LQDA.ETORO-1-HOUR-MID-INTERNAL, handler=<bound method Actor.handle_bar of FlashCrashReversalStrategy(MLS_FlashCrashReversalStrategy_LQDA.ETORO_82-082)>, priority=0)
2026-06-08T20:00:02.640453606Z [INFO] eToro-Momentum-LS.MLS_FlashCrashReversalStrategy_LQDA.ETORO_82: [CMD]--> SubscribeBars(bar_type=LQDA.ETORO-1-HOUR-MID-INTERNAL, client_id=None, venue=ETORO)
2026-06-08T20:00:02.640473924Z [INFO] eToro-Momentum-LS.MLS_FlashCrashReversalStrategy_LQDA.ETORO_82: RUNNING
2026-06-08T20:00:02.640477621Z [DEBUG] eToro-Momentum-LS.MLS_FlashCrashReversalStrategy_LQDA.ETORO_83: STARTING
2026-06-08T20:00:02.640477992Z [INFO] eToro-Momentum-LS.MLS_FlashCrashReversalStrategy_LQDA.ETORO_83: self.config.oms_type=None
2026-06-08T20:00:02.640478242Z [INFO] eToro-Momentum-LS.MLS_FlashCrashReversalStrategy_LQDA.ETORO_83: self.config.external_order_claims=None
2026-06-08T20:00:02.640478483Z [INFO] eToro-Momentum-LS.MLS_FlashCrashReversalStrategy_LQDA.ETORO_83: self.config.manage_gtd_expiry=False
2026-06-08T20:00:02.640479164Z [INFO] eToro-Momentum-LS.MLS_FlashCrashReversalStrategy_LQDA.ETORO_83: Set ClientOrderIdGenerator client_order_id count to 0
2026-06-08T20:00:02.640479394Z [INFO] eToro-Momentum-LS.MLS_FlashCrashReversalStrategy_LQDA.ETORO_83: Set ClientOrderIdGenerator order_list_id count to 0
2026-06-08T20:00:02.640480627Z [INFO] eToro-Momentum-LS.MLS_FlashCrashReversalStrategy_LQDA.ETORO_83: Starte Flash Crash Reversal auf LQDA.ETORO
2026-06-08T20:00:02.640490415Z [DEBUG] eToro-Momentum-LS.MessageBus: Added Subscription(topic=data.bars.LQDA.ETORO-1-HOUR-MID-INTERNAL, handler=<bound method Actor.handle_bar of FlashCrashReversalStrategy(MLS_FlashCrashReversalStrategy_LQDA.ETORO_83-083)>, priority=0)
2026-06-08T20:00:02.640496687Z [INFO] eToro-Momentum-LS.MLS_FlashCrashReversalStrategy_LQDA.ETORO_83: [CMD]--> SubscribeBars(bar_type=LQDA.ETORO-1-HOUR-MID-INTERNAL, client_id=None, venue=ETORO)
2026-06-08T20:00:02.640515202Z [INFO] eToro-Momentum-LS.MLS_FlashCrashReversalStrategy_LQDA.ETORO_83: RUNNING
2026-06-08T20:00:02.640518868Z [DEBUG] eToro-Momentum-LS.MLS_FlashCrashReversalStrategy_LQDA.ETORO_84: STARTING
2026-06-08T20:00:02.640519339Z [INFO] eToro-Momentum-LS.MLS_FlashCrashReversalStrategy_LQDA.ETORO_84: self.config.oms_type=None
2026-06-08T20:00:02.640519610Z [INFO] eToro-Momentum-LS.MLS_FlashCrashReversalStrategy_LQDA.ETORO_84: self.config.external_order_claims=None
2026-06-08T20:00:02.640519840Z [INFO] eToro-Momentum-LS.MLS_FlashCrashReversalStrategy_LQDA.ETORO_84: self.config.manage_gtd_expiry=False
2026-06-08T20:00:02.640520642Z [INFO] eToro-Momentum-LS.MLS_FlashCrashReversalStrategy_LQDA.ETORO_84: Set ClientOrderIdGenerator client_order_id count to 0
2026-06-08T20:00:02.640522796Z [INFO] eToro-Momentum-LS.MLS_FlashCrashReversalStrategy_LQDA.ETORO_84: Set ClientOrderIdGenerator order_list_id count to 0
2026-06-08T20:00:02.640523808Z [INFO] eToro-Momentum-LS.MLS_FlashCrashReversalStrategy_LQDA.ETORO_84: Starte Flash Crash Reversal auf LQDA.ETORO
2026-06-08T20:00:02.640533756Z [DEBUG] eToro-Momentum-LS.MessageBus: Added Subscription(topic=data.bars.LQDA.ETORO-1-HOUR-MID-INTERNAL, handler=<bound method Actor.handle_bar of FlashCrashReversalStrategy(MLS_FlashCrashReversalStrategy_LQDA.ETORO_84-084)>, priority=0)
2026-06-08T20:00:02.640536592Z [INFO] eToro-Momentum-LS.MLS_FlashCrashReversalStrategy_LQDA.ETORO_84: [CMD]--> SubscribeBars(bar_type=LQDA.ETORO-1-HOUR-MID-INTERNAL, client_id=None, venue=ETORO)
2026-06-08T20:00:02.640555547Z [INFO] eToro-Momentum-LS.MLS_FlashCrashReversalStrategy_LQDA.ETORO_84: RUNNING
2026-06-08T20:00:02.640558914Z [DEBUG] eToro-Momentum-LS.MLS_FlashCrashReversalStrategy_LQDA.ETORO_85: STARTING
2026-06-08T20:00:02.640559294Z [INFO] eToro-Momentum-LS.MLS_FlashCrashReversalStrategy_LQDA.ETORO_85: self.config.oms_type=None
2026-06-08T20:00:02.640559545Z [INFO] eToro-Momentum-LS.MLS_FlashCrashReversalStrategy_LQDA.ETORO_85: self.config.external_order_claims=None
2026-06-08T20:00:02.640559865Z [INFO] eToro-Momentum-LS.MLS_FlashCrashReversalStrategy_LQDA.ETORO_85: self.config.manage_gtd_expiry=False
2026-06-08T20:00:02.640560466Z [INFO] eToro-Momentum-LS.MLS_FlashCrashReversalStrategy_LQDA.ETORO_85: Set ClientOrderIdGenerator client_order_id count to 0
2026-06-08T20:00:02.640560717Z [INFO] eToro-Momentum-LS.MLS_FlashCrashReversalStrategy_LQDA.ETORO_85: Set ClientOrderIdGenerator order_list_id count to 0
2026-06-08T20:00:02.640562741Z [INFO] eToro-Momentum-LS.MLS_FlashCrashReversalStrategy_LQDA.ETORO_85: Starte Flash Crash Reversal auf LQDA.ETORO
2026-06-08T20:00:02.640572539Z [DEBUG] eToro-Momentum-LS.MessageBus: Added Subscription(topic=data.bars.LQDA.ETORO-1-HOUR-MID-INTERNAL, handler=<bound method Actor.handle_bar of FlashCrashReversalStrategy(MLS_FlashCrashReversalStrategy_LQDA.ETORO_85-085)>, priority=0)
2026-06-08T20:00:02.640575865Z [INFO] eToro-Momentum-LS.MLS_FlashCrashReversalStrategy_LQDA.ETORO_85: [CMD]--> SubscribeBars(bar_type=LQDA.ETORO-1-HOUR-MID-INTERNAL, client_id=None, venue=ETORO)
2026-06-08T20:00:02.640596644Z [INFO] eToro-Momentum-LS.MLS_FlashCrashReversalStrategy_LQDA.ETORO_85: RUNNING
2026-06-08T20:00:02.640599850Z [DEBUG] eToro-Momentum-LS.MLS_FlashCrashReversalStrategy_MTZ.ETORO_86: STARTING
2026-06-08T20:00:02.640600451Z [INFO] eToro-Momentum-LS.MLS_FlashCrashReversalStrategy_MTZ.ETORO_86: self.config.oms_type=None
2026-06-08T20:00:02.640600692Z [INFO] eToro-Momentum-LS.MLS_FlashCrashReversalStrategy_MTZ.ETORO_86: self.config.external_order_claims=None
2026-06-08T20:00:02.640600932Z [INFO] eToro-Momentum-LS.MLS_FlashCrashReversalStrategy_MTZ.ETORO_86: self.config.manage_gtd_expiry=False
2026-06-08T20:00:02.640601433Z [INFO] eToro-Momentum-LS.MLS_FlashCrashReversalStrategy_MTZ.ETORO_86: Set ClientOrderIdGenerator client_order_id count to 0
2026-06-08T20:00:02.640601674Z [INFO] eToro-Momentum-LS.MLS_FlashCrashReversalStrategy_MTZ.ETORO_86: Set ClientOrderIdGenerator order_list_id count to 0
2026-06-08T20:00:02.640603537Z [INFO] eToro-Momentum-LS.MLS_FlashCrashReversalStrategy_MTZ.ETORO_86: Starte Flash Crash Reversal auf MTZ.ETORO
2026-06-08T20:00:02.640613867Z [DEBUG] eToro-Momentum-LS.MessageBus: Added Subscription(topic=data.bars.MTZ.ETORO-1-HOUR-MID-INTERNAL, handler=<bound method Actor.handle_bar of FlashCrashReversalStrategy(MLS_FlashCrashReversalStrategy_MTZ.ETORO_86-086)>, priority=0)
2026-06-08T20:00:02.640616972Z [INFO] eToro-Momentum-LS.MLS_FlashCrashReversalStrategy_MTZ.ETORO_86: [CMD]--> SubscribeBars(bar_type=MTZ.ETORO-1-HOUR-MID-INTERNAL, client_id=None, venue=ETORO)
2026-06-08T20:00:02.640635838Z [INFO] eToro-Momentum-LS.MLS_FlashCrashReversalStrategy_MTZ.ETORO_86: RUNNING
2026-06-08T20:00:02.640639404Z [DEBUG] eToro-Momentum-LS.MLS_FlashCrashReversalStrategy_MTZ.ETORO_87: STARTING
2026-06-08T20:00:02.640639785Z [INFO] eToro-Momentum-LS.MLS_FlashCrashReversalStrategy_MTZ.ETORO_87: self.config.oms_type=None
2026-06-08T20:00:02.640640056Z [INFO] eToro-Momentum-LS.MLS_FlashCrashReversalStrategy_MTZ.ETORO_87: self.config.external_order_claims=None
2026-06-08T20:00:02.640640296Z [INFO] eToro-Momentum-LS.MLS_FlashCrashReversalStrategy_MTZ.ETORO_87: self.config.manage_gtd_expiry=False
2026-06-08T20:00:02.640640987Z [INFO] eToro-Momentum-LS.MLS_FlashCrashReversalStrategy_MTZ.ETORO_87: Set ClientOrderIdGenerator client_order_id count to 0
2026-06-08T20:00:02.640641388Z [INFO] eToro-Momentum-LS.MLS_FlashCrashReversalStrategy_MTZ.ETORO_87: Set ClientOrderIdGenerator order_list_id count to 0
2026-06-08T20:00:02.640644444Z [INFO] eToro-Momentum-LS.MLS_FlashCrashReversalStrategy_MTZ.ETORO_87: Starte Flash Crash Reversal auf MTZ.ETORO
2026-06-08T20:00:02.640653611Z [DEBUG] eToro-Momentum-LS.MessageBus: Added Subscription(topic=data.bars.MTZ.ETORO-1-HOUR-MID-INTERNAL, handler=<bound method Actor.handle_bar of FlashCrashReversalStrategy(MLS_FlashCrashReversalStrategy_MTZ.ETORO_87-087)>, priority=0)
2026-06-08T20:00:02.640660494Z [INFO] eToro-Momentum-LS.MLS_FlashCrashReversalStrategy_MTZ.ETORO_87: [CMD]--> SubscribeBars(bar_type=MTZ.ETORO-1-HOUR-MID-INTERNAL, client_id=None, venue=ETORO)
2026-06-08T20:00:02.640679961Z [INFO] eToro-Momentum-LS.MLS_FlashCrashReversalStrategy_MTZ.ETORO_87: RUNNING
2026-06-08T20:00:02.640683467Z [DEBUG] eToro-Momentum-LS.MLS_FlashCrashReversalStrategy_MTZ.ETORO_88: STARTING
2026-06-08T20:00:02.640683878Z [INFO] eToro-Momentum-LS.MLS_FlashCrashReversalStrategy_MTZ.ETORO_88: self.config.oms_type=None
2026-06-08T20:00:02.640684178Z [INFO] eToro-Momentum-LS.MLS_FlashCrashReversalStrategy_MTZ.ETORO_88: self.config.external_order_claims=None
2026-06-08T20:00:02.640684339Z [INFO] eToro-Momentum-LS.MLS_FlashCrashReversalStrategy_MTZ.ETORO_88: self.config.manage_gtd_expiry=False
2026-06-08T20:00:02.640685030Z [INFO] eToro-Momentum-LS.MLS_FlashCrashReversalStrategy_MTZ.ETORO_88: Set ClientOrderIdGenerator client_order_id count to 0
2026-06-08T20:00:02.640685230Z [INFO] eToro-Momentum-LS.MLS_FlashCrashReversalStrategy_MTZ.ETORO_88: Set ClientOrderIdGenerator order_list_id count to 0
2026-06-08T20:00:02.640687364Z [INFO] eToro-Momentum-LS.MLS_FlashCrashReversalStrategy_MTZ.ETORO_88: Starte Flash Crash Reversal auf MTZ.ETORO
2026-06-08T20:00:02.640697493Z [DEBUG] eToro-Momentum-LS.MessageBus: Added Subscription(topic=data.bars.MTZ.ETORO-1-HOUR-MID-INTERNAL, handler=<bound method Actor.handle_bar of FlashCrashReversalStrategy(MLS_FlashCrashReversalStrategy_MTZ.ETORO_88-088)>, priority=0)
2026-06-08T20:00:02.640699968Z [INFO] eToro-Momentum-LS.MLS_FlashCrashReversalStrategy_MTZ.ETORO_88: [CMD]--> SubscribeBars(bar_type=MTZ.ETORO-1-HOUR-MID-INTERNAL, client_id=None, venue=ETORO)
2026-06-08T20:00:02.640720807Z [INFO] eToro-Momentum-LS.MLS_FlashCrashReversalStrategy_MTZ.ETORO_88: RUNNING
2026-06-08T20:00:02.640723893Z [DEBUG] eToro-Momentum-LS.MLS_FlashCrashReversalStrategy_MTZ.ETORO_89: STARTING
2026-06-08T20:00:02.640724364Z [INFO] eToro-Momentum-LS.MLS_FlashCrashReversalStrategy_MTZ.ETORO_89: self.config.oms_type=None
2026-06-08T20:00:02.640724614Z [INFO] eToro-Momentum-LS.MLS_FlashCrashReversalStrategy_MTZ.ETORO_89: self.config.external_order_claims=None
2026-06-08T20:00:02.640724855Z [INFO] eToro-Momentum-LS.MLS_FlashCrashReversalStrategy_MTZ.ETORO_89: self.config.manage_gtd_expiry=False
2026-06-08T20:00:02.640725536Z [INFO] eToro-Momentum-LS.MLS_FlashCrashReversalStrategy_MTZ.ETORO_89: Set ClientOrderIdGenerator client_order_id count to 0
2026-06-08T20:00:02.640725877Z [INFO] eToro-Momentum-LS.MLS_FlashCrashReversalStrategy_MTZ.ETORO_89: Set ClientOrderIdGenerator order_list_id count to 0
2026-06-08T20:00:02.640727369Z [INFO] eToro-Momentum-LS.MLS_FlashCrashReversalStrategy_MTZ.ETORO_89: Starte Flash Crash Reversal auf MTZ.ETORO
2026-06-08T20:00:02.640738470Z [DEBUG] eToro-Momentum-LS.MessageBus: Added Subscription(topic=data.bars.MTZ.ETORO-1-HOUR-MID-INTERNAL, handler=<bound method Actor.handle_bar of FlashCrashReversalStrategy(MLS_FlashCrashReversalStrategy_MTZ.ETORO_89-089)>, priority=0)
2026-06-08T20:00:02.640741476Z [INFO] eToro-Momentum-LS.MLS_FlashCrashReversalStrategy_MTZ.ETORO_89: [CMD]--> SubscribeBars(bar_type=MTZ.ETORO-1-HOUR-MID-INTERNAL, client_id=None, venue=ETORO)
2026-06-08T20:00:02.640762595Z [INFO] eToro-Momentum-LS.MLS_FlashCrashReversalStrategy_MTZ.ETORO_89: RUNNING
2026-06-08T20:00:02.640766413Z [DEBUG] eToro-Momentum-LS.MLS_FlashCrashReversalStrategy_MTZ.ETORO_90: STARTING
2026-06-08T20:00:02.640766894Z [INFO] eToro-Momentum-LS.MLS_FlashCrashReversalStrategy_MTZ.ETORO_90: self.config.oms_type=None
2026-06-08T20:00:02.640767174Z [INFO] eToro-Momentum-LS.MLS_FlashCrashReversalStrategy_MTZ.ETORO_90: self.config.external_order_claims=None
2026-06-08T20:00:02.640767415Z [INFO] eToro-Momentum-LS.MLS_FlashCrashReversalStrategy_MTZ.ETORO_90: self.config.manage_gtd_expiry=False
2026-06-08T20:00:02.640768166Z [INFO] eToro-Momentum-LS.MLS_FlashCrashReversalStrategy_MTZ.ETORO_90: Set ClientOrderIdGenerator client_order_id count to 0
2026-06-08T20:00:02.640768507Z [INFO] eToro-Momentum-LS.MLS_FlashCrashReversalStrategy_MTZ.ETORO_90: Set ClientOrderIdGenerator order_list_id count to 0
2026-06-08T20:00:02.640769929Z [INFO] eToro-Momentum-LS.MLS_FlashCrashReversalStrategy_MTZ.ETORO_90: Starte Flash Crash Reversal auf MTZ.ETORO
2026-06-08T20:00:02.640780870Z [DEBUG] eToro-Momentum-LS.MessageBus: Added Subscription(topic=data.bars.MTZ.ETORO-1-HOUR-MID-INTERNAL, handler=<bound method Actor.handle_bar of FlashCrashReversalStrategy(MLS_FlashCrashReversalStrategy_MTZ.ETORO_90-090)>, priority=0)
2026-06-08T20:00:02.640784096Z [INFO] eToro-Momentum-LS.MLS_FlashCrashReversalStrategy_MTZ.ETORO_90: [CMD]--> SubscribeBars(bar_type=MTZ.ETORO-1-HOUR-MID-INTERNAL, client_id=None, venue=ETORO)
2026-06-08T20:00:02.640807840Z [INFO] eToro-Momentum-LS.MLS_FlashCrashReversalStrategy_MTZ.ETORO_90: RUNNING
2026-06-08T20:00:02.640811277Z [DEBUG] eToro-Momentum-LS.MLS_FlashCrashReversalStrategy_MTZ.ETORO_91: STARTING
2026-06-08T20:00:02.640811667Z [INFO] eToro-Momentum-LS.MLS_FlashCrashReversalStrategy_MTZ.ETORO_91: self.config.oms_type=None
2026-06-08T20:00:02.640811828Z [INFO] eToro-Momentum-LS.MLS_FlashCrashReversalStrategy_MTZ.ETORO_91: self.config.external_order_claims=None
2026-06-08T20:00:02.640811978Z [INFO] eToro-Momentum-LS.MLS_FlashCrashReversalStrategy_MTZ.ETORO_91: self.config.manage_gtd_expiry=False
2026-06-08T20:00:02.640812870Z [INFO] eToro-Momentum-LS.MLS_FlashCrashReversalStrategy_MTZ.ETORO_91: Set ClientOrderIdGenerator client_order_id count to 0
2026-06-08T20:00:02.640813090Z [INFO] eToro-Momentum-LS.MLS_FlashCrashReversalStrategy_MTZ.ETORO_91: Set ClientOrderIdGenerator order_list_id count to 0
2026-06-08T20:00:02.640814413Z [INFO] eToro-Momentum-LS.MLS_FlashCrashReversalStrategy_MTZ.ETORO_91: Starte Flash Crash Reversal auf MTZ.ETORO
2026-06-08T20:00:02.640826916Z [DEBUG] eToro-Momentum-LS.MessageBus: Added Subscription(topic=data.bars.MTZ.ETORO-1-HOUR-MID-INTERNAL, handler=<bound method Actor.handle_bar of FlashCrashReversalStrategy(MLS_FlashCrashReversalStrategy_MTZ.ETORO_91-091)>, priority=0)
2026-06-08T20:00:02.640829671Z [INFO] eToro-Momentum-LS.MLS_FlashCrashReversalStrategy_MTZ.ETORO_91: [CMD]--> SubscribeBars(bar_type=MTZ.ETORO-1-HOUR-MID-INTERNAL, client_id=None, venue=ETORO)
2026-06-08T20:00:02.640850079Z [INFO] eToro-Momentum-LS.MLS_FlashCrashReversalStrategy_MTZ.ETORO_91: RUNNING
2026-06-08T20:00:02.640852945Z [DEBUG] eToro-Momentum-LS.MLS_FlashCrashReversalStrategy_MTZ.ETORO_92: STARTING
2026-06-08T20:00:02.640853326Z [INFO] eToro-Momentum-LS.MLS_FlashCrashReversalStrategy_MTZ.ETORO_92: self.config.oms_type=None
2026-06-08T20:00:02.640853576Z [INFO] eToro-Momentum-LS.MLS_FlashCrashReversalStrategy_MTZ.ETORO_92: self.config.external_order_claims=None
2026-06-08T20:00:02.640853786Z [INFO] eToro-Momentum-LS.MLS_FlashCrashReversalStrategy_MTZ.ETORO_92: self.config.manage_gtd_expiry=False
2026-06-08T20:00:02.640854498Z [INFO] eToro-Momentum-LS.MLS_FlashCrashReversalStrategy_MTZ.ETORO_92: Set ClientOrderIdGenerator client_order_id count to 0
2026-06-08T20:00:02.640854718Z [INFO] eToro-Momentum-LS.MLS_FlashCrashReversalStrategy_MTZ.ETORO_92: Set ClientOrderIdGenerator order_list_id count to 0
2026-06-08T20:00:02.640856381Z [INFO] eToro-Momentum-LS.MLS_FlashCrashReversalStrategy_MTZ.ETORO_92: Starte Flash Crash Reversal auf MTZ.ETORO
2026-06-08T20:00:02.640866891Z [DEBUG] eToro-Momentum-LS.MessageBus: Added Subscription(topic=data.bars.MTZ.ETORO-1-HOUR-MID-INTERNAL, handler=<bound method Actor.handle_bar of FlashCrashReversalStrategy(MLS_FlashCrashReversalStrategy_MTZ.ETORO_92-092)>, priority=0)
2026-06-08T20:00:02.640871670Z [INFO] eToro-Momentum-LS.MLS_FlashCrashReversalStrategy_MTZ.ETORO_92: [CMD]--> SubscribeBars(bar_type=MTZ.ETORO-1-HOUR-MID-INTERNAL, client_id=None, venue=ETORO)
2026-06-08T20:00:02.640892529Z [INFO] eToro-Momentum-LS.MLS_FlashCrashReversalStrategy_MTZ.ETORO_92: RUNNING
2026-06-08T20:00:02.640895815Z [DEBUG] eToro-Momentum-LS.MLS_FlashCrashReversalStrategy_MTZ.ETORO_93: STARTING
2026-06-08T20:00:02.640896186Z [INFO] eToro-Momentum-LS.MLS_FlashCrashReversalStrategy_MTZ.ETORO_93: self.config.oms_type=None
2026-06-08T20:00:02.640896426Z [INFO] eToro-Momentum-LS.MLS_FlashCrashReversalStrategy_MTZ.ETORO_93: self.config.external_order_claims=None
2026-06-08T20:00:02.640896657Z [INFO] eToro-Momentum-LS.MLS_FlashCrashReversalStrategy_MTZ.ETORO_93: self.config.manage_gtd_expiry=False
2026-06-08T20:00:02.640897358Z [INFO] eToro-Momentum-LS.MLS_FlashCrashReversalStrategy_MTZ.ETORO_93: Set ClientOrderIdGenerator client_order_id count to 0
2026-06-08T20:00:02.640897589Z [INFO] eToro-Momentum-LS.MLS_FlashCrashReversalStrategy_MTZ.ETORO_93: Set ClientOrderIdGenerator order_list_id count to 0
2026-06-08T20:00:02.640899262Z [INFO] eToro-Momentum-LS.MLS_FlashCrashReversalStrategy_MTZ.ETORO_93: Starte Flash Crash Reversal auf MTZ.ETORO
2026-06-08T20:00:02.640909140Z [DEBUG] eToro-Momentum-LS.MessageBus: Added Subscription(topic=data.bars.MTZ.ETORO-1-HOUR-MID-INTERNAL, handler=<bound method Actor.handle_bar of FlashCrashReversalStrategy(MLS_FlashCrashReversalStrategy_MTZ.ETORO_93-093)>, priority=0)
2026-06-08T20:00:02.640912286Z [INFO] eToro-Momentum-LS.MLS_FlashCrashReversalStrategy_MTZ.ETORO_93: [CMD]--> SubscribeBars(bar_type=MTZ.ETORO-1-HOUR-MID-INTERNAL, client_id=None, venue=ETORO)
2026-06-08T20:00:02.640942663Z [INFO] eToro-Momentum-LS.MLS_FlashCrashReversalStrategy_MTZ.ETORO_93: RUNNING
2026-06-08T20:00:02.640946831Z [DEBUG] eToro-Momentum-LS.MLS_FlashCrashReversalStrategy_MTZ.ETORO_94: STARTING
2026-06-08T20:00:02.640947592Z [INFO] eToro-Momentum-LS.MLS_FlashCrashReversalStrategy_MTZ.ETORO_94: self.config.oms_type=None
2026-06-08T20:00:02.640947923Z [INFO] eToro-Momentum-LS.MLS_FlashCrashReversalStrategy_MTZ.ETORO_94: self.config.external_order_claims=None
2026-06-08T20:00:02.640948244Z [INFO] eToro-Momentum-LS.MLS_FlashCrashReversalStrategy_MTZ.ETORO_94: self.config.manage_gtd_expiry=False
2026-06-08T20:00:02.640949065Z [INFO] eToro-Momentum-LS.MLS_FlashCrashReversalStrategy_MTZ.ETORO_94: Set ClientOrderIdGenerator client_order_id count to 0
2026-06-08T20:00:02.640949396Z [INFO] eToro-Momentum-LS.MLS_FlashCrashReversalStrategy_MTZ.ETORO_94: Set ClientOrderIdGenerator order_list_id count to 0
2026-06-08T20:00:02.640950949Z [INFO] eToro-Momentum-LS.MLS_FlashCrashReversalStrategy_MTZ.ETORO_94: Starte Flash Crash Reversal auf MTZ.ETORO
2026-06-08T20:00:02.640961098Z [DEBUG] eToro-Momentum-LS.MessageBus: Added Subscription(topic=data.bars.MTZ.ETORO-1-HOUR-MID-INTERNAL, handler=<bound method Actor.handle_bar of FlashCrashReversalStrategy(MLS_FlashCrashReversalStrategy_MTZ.ETORO_94-094)>, priority=0)
2026-06-08T20:00:02.640964224Z [INFO] eToro-Momentum-LS.MLS_FlashCrashReversalStrategy_MTZ.ETORO_94: [CMD]--> SubscribeBars(bar_type=MTZ.ETORO-1-HOUR-MID-INTERNAL, client_id=None, venue=ETORO)
2026-06-08T20:00:02.640986996Z [INFO] eToro-Momentum-LS.MLS_FlashCrashReversalStrategy_MTZ.ETORO_94: RUNNING
2026-06-08T20:00:02.640990352Z [DEBUG] eToro-Momentum-LS.MLS_FlashCrashReversalStrategy_MTZ.ETORO_95: STARTING
2026-06-08T20:00:02.640990763Z [INFO] eToro-Momentum-LS.MLS_FlashCrashReversalStrategy_MTZ.ETORO_95: self.config.oms_type=None
2026-06-08T20:00:02.640990934Z [INFO] eToro-Momentum-LS.MLS_FlashCrashReversalStrategy_MTZ.ETORO_95: self.config.external_order_claims=None
2026-06-08T20:00:02.640991134Z [INFO] eToro-Momentum-LS.MLS_FlashCrashReversalStrategy_MTZ.ETORO_95: self.config.manage_gtd_expiry=False
2026-06-08T20:00:02.640991835Z [INFO] eToro-Momentum-LS.MLS_FlashCrashReversalStrategy_MTZ.ETORO_95: Set ClientOrderIdGenerator client_order_id count to 0
2026-06-08T20:00:02.640992136Z [INFO] eToro-Momentum-LS.MLS_FlashCrashReversalStrategy_MTZ.ETORO_95: Set ClientOrderIdGenerator order_list_id count to 0
2026-06-08T20:00:02.640993478Z [INFO] eToro-Momentum-LS.MLS_FlashCrashReversalStrategy_MTZ.ETORO_95: Starte Flash Crash Reversal auf MTZ.ETORO
2026-06-08T20:00:02.641011682Z [DEBUG] eToro-Momentum-LS.MessageBus: Added Subscription(topic=data.bars.MTZ.ETORO-1-HOUR-MID-INTERNAL, handler=<bound method Actor.handle_bar of FlashCrashReversalStrategy(MLS_FlashCrashReversalStrategy_MTZ.ETORO_95-095)>, priority=0)
2026-06-08T20:00:02.641016291Z [INFO] eToro-Momentum-LS.MLS_FlashCrashReversalStrategy_MTZ.ETORO_95: [CMD]--> SubscribeBars(bar_type=MTZ.ETORO-1-HOUR-MID-INTERNAL, client_id=None, venue=ETORO)
2026-06-08T20:00:02.641053090Z [INFO] eToro-Momentum-LS.MLS_FlashCrashReversalStrategy_MTZ.ETORO_95: RUNNING
2026-06-08T20:00:02.641057569Z [DEBUG] eToro-Momentum-LS.MLS_FlashCrashReversalStrategy_MTZ.ETORO_96: STARTING
2026-06-08T20:00:02.641058110Z [INFO] eToro-Momentum-LS.MLS_FlashCrashReversalStrategy_MTZ.ETORO_96: self.config.oms_type=None
2026-06-08T20:00:02.641058600Z [INFO] eToro-Momentum-LS.MLS_FlashCrashReversalStrategy_MTZ.ETORO_96: self.config.external_order_claims=None
2026-06-08T20:00:02.641058851Z [INFO] eToro-Momentum-LS.MLS_FlashCrashReversalStrategy_MTZ.ETORO_96: self.config.manage_gtd_expiry=False
2026-06-08T20:00:02.641059853Z [INFO] eToro-Momentum-LS.MLS_FlashCrashReversalStrategy_MTZ.ETORO_96: Set ClientOrderIdGenerator client_order_id count to 0
2026-06-08T20:00:02.641060414Z [INFO] eToro-Momentum-LS.MLS_FlashCrashReversalStrategy_MTZ.ETORO_96: Set ClientOrderIdGenerator order_list_id count to 0
2026-06-08T20:00:02.641062558Z [INFO] eToro-Momentum-LS.MLS_FlashCrashReversalStrategy_MTZ.ETORO_96: Starte Flash Crash Reversal auf MTZ.ETORO
2026-06-08T20:00:02.641078548Z [DEBUG] eToro-Momentum-LS.MessageBus: Added Subscription(topic=data.bars.MTZ.ETORO-1-HOUR-MID-INTERNAL, handler=<bound method Actor.handle_bar of FlashCrashReversalStrategy(MLS_FlashCrashReversalStrategy_MTZ.ETORO_96-096)>, priority=0)
2026-06-08T20:00:02.641082796Z [INFO] eToro-Momentum-LS.MLS_FlashCrashReversalStrategy_MTZ.ETORO_96: [CMD]--> SubscribeBars(bar_type=MTZ.ETORO-1-HOUR-MID-INTERNAL, client_id=None, venue=ETORO)
2026-06-08T20:00:02.641115367Z [INFO] eToro-Momentum-LS.MLS_FlashCrashReversalStrategy_MTZ.ETORO_96: RUNNING
2026-06-08T20:00:02.641119555Z [DEBUG] eToro-Momentum-LS.MLS_FlashCrashReversalStrategy_MTZ.ETORO_97: STARTING
2026-06-08T20:00:02.641120126Z [INFO] eToro-Momentum-LS.MLS_FlashCrashReversalStrategy_MTZ.ETORO_97: self.config.oms_type=None
2026-06-08T20:00:02.641120537Z [INFO] eToro-Momentum-LS.MLS_FlashCrashReversalStrategy_MTZ.ETORO_97: self.config.external_order_claims=None
2026-06-08T20:00:02.641120717Z [INFO] eToro-Momentum-LS.MLS_FlashCrashReversalStrategy_MTZ.ETORO_97: self.config.manage_gtd_expiry=False
2026-06-08T20:00:02.641121709Z [INFO] eToro-Momentum-LS.MLS_FlashCrashReversalStrategy_MTZ.ETORO_97: Set ClientOrderIdGenerator client_order_id count to 0
2026-06-08T20:00:02.641121899Z [INFO] eToro-Momentum-LS.MLS_FlashCrashReversalStrategy_MTZ.ETORO_97: Set ClientOrderIdGenerator order_list_id count to 0
2026-06-08T20:00:02.641124474Z [INFO] eToro-Momentum-LS.MLS_FlashCrashReversalStrategy_MTZ.ETORO_97: Starte Flash Crash Reversal auf MTZ.ETORO
2026-06-08T20:00:02.641138821Z [DEBUG] eToro-Momentum-LS.MessageBus: Added Subscription(topic=data.bars.MTZ.ETORO-1-HOUR-MID-INTERNAL, handler=<bound method Actor.handle_bar of FlashCrashReversalStrategy(MLS_FlashCrashReversalStrategy_MTZ.ETORO_97-097)>, priority=0)
2026-06-08T20:00:02.641145103Z [INFO] eToro-Momentum-LS.MLS_FlashCrashReversalStrategy_MTZ.ETORO_97: [CMD]--> SubscribeBars(bar_type=MTZ.ETORO-1-HOUR-MID-INTERNAL, client_id=None, venue=ETORO)
2026-06-08T20:00:02.641172594Z [INFO] eToro-Momentum-LS.MLS_FlashCrashReversalStrategy_MTZ.ETORO_97: RUNNING
2026-06-08T20:00:02.641176522Z [DEBUG] eToro-Momentum-LS.MLS_FlashCrashReversalStrategy_MTZ.ETORO_98: STARTING
2026-06-08T20:00:02.641176872Z [INFO] eToro-Momentum-LS.MLS_FlashCrashReversalStrategy_MTZ.ETORO_98: self.config.oms_type=None
2026-06-08T20:00:02.641177193Z [INFO] eToro-Momentum-LS.MLS_FlashCrashReversalStrategy_MTZ.ETORO_98: self.config.external_order_claims=None
2026-06-08T20:00:02.641177423Z [INFO] eToro-Momentum-LS.MLS_FlashCrashReversalStrategy_MTZ.ETORO_98: self.config.manage_gtd_expiry=False
2026-06-08T20:00:02.641178195Z [INFO] eToro-Momentum-LS.MLS_FlashCrashReversalStrategy_MTZ.ETORO_98: Set ClientOrderIdGenerator client_order_id count to 0
2026-06-08T20:00:02.641178415Z [INFO] eToro-Momentum-LS.MLS_FlashCrashReversalStrategy_MTZ.ETORO_98: Set ClientOrderIdGenerator order_list_id count to 0
2026-06-08T20:00:02.641179928Z [INFO] eToro-Momentum-LS.MLS_FlashCrashReversalStrategy_MTZ.ETORO_98: Starte Flash Crash Reversal auf MTZ.ETORO
2026-06-08T20:00:02.641190758Z [DEBUG] eToro-Momentum-LS.MessageBus: Added Subscription(topic=data.bars.MTZ.ETORO-1-HOUR-MID-INTERNAL, handler=<bound method Actor.handle_bar of FlashCrashReversalStrategy(MLS_FlashCrashReversalStrategy_MTZ.ETORO_98-098)>, priority=0)
2026-06-08T20:00:02.641194565Z [INFO] eToro-Momentum-LS.MLS_FlashCrashReversalStrategy_MTZ.ETORO_98: [CMD]--> SubscribeBars(bar_type=MTZ.ETORO-1-HOUR-MID-INTERNAL, client_id=None, venue=ETORO)
2026-06-08T20:00:02.641222327Z [INFO] eToro-Momentum-LS.MLS_FlashCrashReversalStrategy_MTZ.ETORO_98: RUNNING
2026-06-08T20:00:02.641225854Z [DEBUG] eToro-Momentum-LS.MLS_FlashCrashReversalStrategy_MTZ.ETORO_99: STARTING
2026-06-08T20:00:02.641226335Z [INFO] eToro-Momentum-LS.MLS_FlashCrashReversalStrategy_MTZ.ETORO_99: self.config.oms_type=None
2026-06-08T20:00:02.641226645Z [INFO] eToro-Momentum-LS.MLS_FlashCrashReversalStrategy_MTZ.ETORO_99: self.config.external_order_claims=None
2026-06-08T20:00:02.641226826Z [INFO] eToro-Momentum-LS.MLS_FlashCrashReversalStrategy_MTZ.ETORO_99: self.config.manage_gtd_expiry=False
2026-06-08T20:00:02.641227517Z [INFO] eToro-Momentum-LS.MLS_FlashCrashReversalStrategy_MTZ.ETORO_99: Set ClientOrderIdGenerator client_order_id count to 0
2026-06-08T20:00:02.641227798Z [INFO] eToro-Momentum-LS.MLS_FlashCrashReversalStrategy_MTZ.ETORO_99: Set ClientOrderIdGenerator order_list_id count to 0
2026-06-08T20:00:02.641229260Z [INFO] eToro-Momentum-LS.MLS_FlashCrashReversalStrategy_MTZ.ETORO_99: Starte Flash Crash Reversal auf MTZ.ETORO
2026-06-08T20:00:02.641240421Z [DEBUG] eToro-Momentum-LS.MessageBus: Added Subscription(topic=data.bars.MTZ.ETORO-1-HOUR-MID-INTERNAL, handler=<bound method Actor.handle_bar of FlashCrashReversalStrategy(MLS_FlashCrashReversalStrategy_MTZ.ETORO_99-099)>, priority=0)
2026-06-08T20:00:02.641243707Z [INFO] eToro-Momentum-LS.MLS_FlashCrashReversalStrategy_MTZ.ETORO_99: [CMD]--> SubscribeBars(bar_type=MTZ.ETORO-1-HOUR-MID-INTERNAL, client_id=None, venue=ETORO)
2026-06-08T20:00:02.641275457Z [INFO] eToro-Momentum-LS.MLS_FlashCrashReversalStrategy_MTZ.ETORO_99: RUNNING
2026-06-08T20:00:02.641279515Z [DEBUG] eToro-Momentum-LS.MLS_FlashCrashReversalStrategy_MTZ.ETORO_100: STARTING
2026-06-08T20:00:02.641279835Z [INFO] eToro-Momentum-LS.MLS_FlashCrashReversalStrategy_MTZ.ETORO_100: self.config.oms_type=None
2026-06-08T20:00:02.641280066Z [INFO] eToro-Momentum-LS.MLS_FlashCrashReversalStrategy_MTZ.ETORO_100: self.config.external_order_claims=None
2026-06-08T20:00:02.641280396Z [INFO] eToro-Momentum-LS.MLS_FlashCrashReversalStrategy_MTZ.ETORO_100: self.config.manage_gtd_expiry=False
2026-06-08T20:00:02.641281088Z [INFO] eToro-Momentum-LS.MLS_FlashCrashReversalStrategy_MTZ.ETORO_100: Set ClientOrderIdGenerator client_order_id count to 0
2026-06-08T20:00:02.641281398Z [INFO] eToro-Momentum-LS.MLS_FlashCrashReversalStrategy_MTZ.ETORO_100: Set ClientOrderIdGenerator order_list_id count to 0
2026-06-08T20:00:02.641283562Z [INFO] eToro-Momentum-LS.MLS_FlashCrashReversalStrategy_MTZ.ETORO_100: Starte Flash Crash Reversal auf MTZ.ETORO
2026-06-08T20:00:02.641294833Z [DEBUG] eToro-Momentum-LS.MessageBus: Added Subscription(topic=data.bars.MTZ.ETORO-1-HOUR-MID-INTERNAL, handler=<bound method Actor.handle_bar of FlashCrashReversalStrategy(MLS_FlashCrashReversalStrategy_MTZ.ETORO_100-100)>, priority=0)
2026-06-08T20:00:02.641302117Z [INFO] eToro-Momentum-LS.MLS_FlashCrashReversalStrategy_MTZ.ETORO_100: [CMD]--> SubscribeBars(bar_type=MTZ.ETORO-1-HOUR-MID-INTERNAL, client_id=None, venue=ETORO)
2026-06-08T20:00:02.641330170Z [INFO] eToro-Momentum-LS.MLS_FlashCrashReversalStrategy_MTZ.ETORO_100: RUNNING
2026-06-08T20:00:02.641333977Z [DEBUG] eToro-Momentum-LS.MLS_FlashCrashReversalStrategy_MTZ.ETORO_101: STARTING
2026-06-08T20:00:02.641334367Z [INFO] eToro-Momentum-LS.MLS_FlashCrashReversalStrategy_MTZ.ETORO_101: self.config.oms_type=None
2026-06-08T20:00:02.641334718Z [INFO] eToro-Momentum-LS.MLS_FlashCrashReversalStrategy_MTZ.ETORO_101: self.config.external_order_claims=None
2026-06-08T20:00:02.641335009Z [INFO] eToro-Momentum-LS.MLS_FlashCrashReversalStrategy_MTZ.ETORO_101: self.config.manage_gtd_expiry=False
2026-06-08T20:00:02.641335780Z [INFO] eToro-Momentum-LS.MLS_FlashCrashReversalStrategy_MTZ.ETORO_101: Set ClientOrderIdGenerator client_order_id count to 0
2026-06-08T20:00:02.641336071Z [INFO] eToro-Momentum-LS.MLS_FlashCrashReversalStrategy_MTZ.ETORO_101: Set ClientOrderIdGenerator order_list_id count to 0
2026-06-08T20:00:02.641337764Z [INFO] eToro-Momentum-LS.MLS_FlashCrashReversalStrategy_MTZ.ETORO_101: Starte Flash Crash Reversal auf MTZ.ETORO
2026-06-08T20:00:02.641351219Z [DEBUG] eToro-Momentum-LS.MessageBus: Added Subscription(topic=data.bars.MTZ.ETORO-1-HOUR-MID-INTERNAL, handler=<bound method Actor.handle_bar of FlashCrashReversalStrategy(MLS_FlashCrashReversalStrategy_MTZ.ETORO_101-101)>, priority=0)
2026-06-08T20:00:02.641355076Z [INFO] eToro-Momentum-LS.MLS_FlashCrashReversalStrategy_MTZ.ETORO_101: [CMD]--> SubscribeBars(bar_type=MTZ.ETORO-1-HOUR-MID-INTERNAL, client_id=None, venue=ETORO)
2026-06-08T20:00:02.641385323Z [INFO] eToro-Momentum-LS.MLS_FlashCrashReversalStrategy_MTZ.ETORO_101: RUNNING
2026-06-08T20:00:02.641389050Z [DEBUG] eToro-Momentum-LS.MLS_FlashCrashReversalStrategy_MTZ.ETORO_102: STARTING
2026-06-08T20:00:02.641389461Z [INFO] eToro-Momentum-LS.MLS_FlashCrashReversalStrategy_MTZ.ETORO_102: self.config.oms_type=None
2026-06-08T20:00:02.641389761Z [INFO] eToro-Momentum-LS.MLS_FlashCrashReversalStrategy_MTZ.ETORO_102: self.config.external_order_claims=None
2026-06-08T20:00:02.641390082Z [INFO] eToro-Momentum-LS.MLS_FlashCrashReversalStrategy_MTZ.ETORO_102: self.config.manage_gtd_expiry=False
2026-06-08T20:00:02.641390793Z [INFO] eToro-Momentum-LS.MLS_FlashCrashReversalStrategy_MTZ.ETORO_102: Set ClientOrderIdGenerator client_order_id count to 0
2026-06-08T20:00:02.641391114Z [INFO] eToro-Momentum-LS.MLS_FlashCrashReversalStrategy_MTZ.ETORO_102: Set ClientOrderIdGenerator order_list_id count to 0
2026-06-08T20:00:02.641392647Z [INFO] eToro-Momentum-LS.MLS_FlashCrashReversalStrategy_MTZ.ETORO_102: Starte Flash Crash Reversal auf MTZ.ETORO
2026-06-08T20:00:02.641404439Z [DEBUG] eToro-Momentum-LS.MessageBus: Added Subscription(topic=data.bars.MTZ.ETORO-1-HOUR-MID-INTERNAL, handler=<bound method Actor.handle_bar of FlashCrashReversalStrategy(MLS_FlashCrashReversalStrategy_MTZ.ETORO_102-102)>, priority=0)
2026-06-08T20:00:02.641408166Z [INFO] eToro-Momentum-LS.MLS_FlashCrashReversalStrategy_MTZ.ETORO_102: [CMD]--> SubscribeBars(bar_type=MTZ.ETORO-1-HOUR-MID-INTERNAL, client_id=None, venue=ETORO)
2026-06-08T20:00:02.641435357Z [INFO] eToro-Momentum-LS.MLS_FlashCrashReversalStrategy_MTZ.ETORO_102: RUNNING
2026-06-08T20:00:02.641438803Z [DEBUG] eToro-Momentum-LS.MLS_FlashCrashReversalStrategy_FDX.ETORO_103: STARTING
2026-06-08T20:00:02.641439645Z [INFO] eToro-Momentum-LS.MLS_FlashCrashReversalStrategy_FDX.ETORO_103: self.config.oms_type=None
2026-06-08T20:00:02.641439955Z [INFO] eToro-Momentum-LS.MLS_FlashCrashReversalStrategy_FDX.ETORO_103: self.config.external_order_claims=None
2026-06-08T20:00:02.641440196Z [INFO] eToro-Momentum-LS.MLS_FlashCrashReversalStrategy_FDX.ETORO_103: self.config.manage_gtd_expiry=False
2026-06-08T20:00:02.641440957Z [INFO] eToro-Momentum-LS.MLS_FlashCrashReversalStrategy_FDX.ETORO_103: Set ClientOrderIdGenerator client_order_id count to 0
2026-06-08T20:00:02.641441248Z [INFO] eToro-Momentum-LS.MLS_FlashCrashReversalStrategy_FDX.ETORO_103: Set ClientOrderIdGenerator order_list_id count to 0
2026-06-08T20:00:02.641443051Z [INFO] eToro-Momentum-LS.MLS_FlashCrashReversalStrategy_FDX.ETORO_103: Starte Flash Crash Reversal auf FDX.ETORO
2026-06-08T20:00:02.641453942Z [DEBUG] eToro-Momentum-LS.MessageBus: Added Subscription(topic=data.bars.FDX.ETORO-1-HOUR-MID-INTERNAL, handler=<bound method Actor.handle_bar of FlashCrashReversalStrategy(MLS_FlashCrashReversalStrategy_FDX.ETORO_103-103)>, priority=0)
2026-06-08T20:00:02.641457138Z [INFO] eToro-Momentum-LS.MLS_FlashCrashReversalStrategy_FDX.ETORO_103: [CMD]--> SubscribeBars(bar_type=FDX.ETORO-1-HOUR-MID-INTERNAL, client_id=None, venue=ETORO)
2026-06-08T20:00:02.641484970Z [INFO] eToro-Momentum-LS.MLS_FlashCrashReversalStrategy_FDX.ETORO_103: RUNNING
2026-06-08T20:00:02.641488556Z [DEBUG] eToro-Momentum-LS.MLS_FlashCrashReversalStrategy_FDX.ETORO_104: STARTING
2026-06-08T20:00:02.641489067Z [INFO] eToro-Momentum-LS.MLS_FlashCrashReversalStrategy_FDX.ETORO_104: self.config.oms_type=None
2026-06-08T20:00:02.641489278Z [INFO] eToro-Momentum-LS.MLS_FlashCrashReversalStrategy_FDX.ETORO_104: self.config.external_order_claims=None
2026-06-08T20:00:02.641489538Z [INFO] eToro-Momentum-LS.MLS_FlashCrashReversalStrategy_FDX.ETORO_104: self.config.manage_gtd_expiry=False
2026-06-08T20:00:02.641490330Z [INFO] eToro-Momentum-LS.MLS_FlashCrashReversalStrategy_FDX.ETORO_104: Set ClientOrderIdGenerator client_order_id count to 0
2026-06-08T20:00:02.641490610Z [INFO] eToro-Momentum-LS.MLS_FlashCrashReversalStrategy_FDX.ETORO_104: Set ClientOrderIdGenerator order_list_id count to 0
2026-06-08T20:00:02.641492003Z [INFO] eToro-Momentum-LS.MLS_FlashCrashReversalStrategy_FDX.ETORO_104: Starte Flash Crash Reversal auf FDX.ETORO
2026-06-08T20:00:02.641504326Z [DEBUG] eToro-Momentum-LS.MessageBus: Added Subscription(topic=data.bars.FDX.ETORO-1-HOUR-MID-INTERNAL, handler=<bound method Actor.handle_bar of FlashCrashReversalStrategy(MLS_FlashCrashReversalStrategy_FDX.ETORO_104-104)>, priority=0)
2026-06-08T20:00:02.641507783Z [INFO] eToro-Momentum-LS.MLS_FlashCrashReversalStrategy_FDX.ETORO_104: [CMD]--> SubscribeBars(bar_type=FDX.ETORO-1-HOUR-MID-INTERNAL, client_id=None, venue=ETORO)
2026-06-08T20:00:02.641535374Z [INFO] eToro-Momentum-LS.MLS_FlashCrashReversalStrategy_FDX.ETORO_104: RUNNING
2026-06-08T20:00:02.641538721Z [DEBUG] eToro-Momentum-LS.MLS_FlashCrashReversalStrategy_FDX.ETORO_105: STARTING
2026-06-08T20:00:02.641539272Z [INFO] eToro-Momentum-LS.MLS_FlashCrashReversalStrategy_FDX.ETORO_105: self.config.oms_type=None
2026-06-08T20:00:02.641539612Z [INFO] eToro-Momentum-LS.MLS_FlashCrashReversalStrategy_FDX.ETORO_105: self.config.external_order_claims=None
2026-06-08T20:00:02.641539823Z [INFO] eToro-Momentum-LS.MLS_FlashCrashReversalStrategy_FDX.ETORO_105: self.config.manage_gtd_expiry=False
2026-06-08T20:00:02.641540524Z [INFO] eToro-Momentum-LS.MLS_FlashCrashReversalStrategy_FDX.ETORO_105: Set ClientOrderIdGenerator client_order_id count to 0
2026-06-08T20:00:02.641540865Z [INFO] eToro-Momentum-LS.MLS_FlashCrashReversalStrategy_FDX.ETORO_105: Set ClientOrderIdGenerator order_list_id count to 0
2026-06-08T20:00:02.641542858Z [INFO] eToro-Momentum-LS.MLS_FlashCrashReversalStrategy_FDX.ETORO_105: Starte Flash Crash Reversal auf FDX.ETORO
2026-06-08T20:00:02.641553368Z [DEBUG] eToro-Momentum-LS.MessageBus: Added Subscription(topic=data.bars.FDX.ETORO-1-HOUR-MID-INTERNAL, handler=<bound method Actor.handle_bar of FlashCrashReversalStrategy(MLS_FlashCrashReversalStrategy_FDX.ETORO_105-105)>, priority=0)
2026-06-08T20:00:02.641556624Z [INFO] eToro-Momentum-LS.MLS_FlashCrashReversalStrategy_FDX.ETORO_105: [CMD]--> SubscribeBars(bar_type=FDX.ETORO-1-HOUR-MID-INTERNAL, client_id=None, venue=ETORO)
2026-06-08T20:00:02.641585077Z [INFO] eToro-Momentum-LS.MLS_FlashCrashReversalStrategy_FDX.ETORO_105: RUNNING
2026-06-08T20:00:02.641588554Z [DEBUG] eToro-Momentum-LS.MLS_FlashCrashReversalStrategy_FDX.ETORO_106: STARTING
2026-06-08T20:00:02.641588875Z [INFO] eToro-Momentum-LS.MLS_FlashCrashReversalStrategy_FDX.ETORO_106: self.config.oms_type=None
2026-06-08T20:00:02.641590117Z [INFO] eToro-Momentum-LS.MLS_FlashCrashReversalStrategy_FDX.ETORO_106: self.config.external_order_claims=None
2026-06-08T20:00:02.641590377Z [INFO] eToro-Momentum-LS.MLS_FlashCrashReversalStrategy_FDX.ETORO_106: self.config.manage_gtd_expiry=False
2026-06-08T20:00:02.641591209Z [INFO] eToro-Momentum-LS.MLS_FlashCrashReversalStrategy_FDX.ETORO_106: Set ClientOrderIdGenerator client_order_id count to 0
2026-06-08T20:00:02.641591530Z [INFO] eToro-Momentum-LS.MLS_FlashCrashReversalStrategy_FDX.ETORO_106: Set ClientOrderIdGenerator order_list_id count to 0
2026-06-08T20:00:02.641594014Z [INFO] eToro-Momentum-LS.MLS_FlashCrashReversalStrategy_FDX.ETORO_106: Starte Flash Crash Reversal auf FDX.ETORO
2026-06-08T20:00:02.641605115Z [DEBUG] eToro-Momentum-LS.MessageBus: Added Subscription(topic=data.bars.FDX.ETORO-1-HOUR-MID-INTERNAL, handler=<bound method Actor.handle_bar of FlashCrashReversalStrategy(MLS_FlashCrashReversalStrategy_FDX.ETORO_106-106)>, priority=0)
2026-06-08T20:00:02.641608571Z [INFO] eToro-Momentum-LS.MLS_FlashCrashReversalStrategy_FDX.ETORO_106: [CMD]--> SubscribeBars(bar_type=FDX.ETORO-1-HOUR-MID-INTERNAL, client_id=None, venue=ETORO)
2026-06-08T20:00:02.641636794Z [INFO] eToro-Momentum-LS.MLS_FlashCrashReversalStrategy_FDX.ETORO_106: RUNNING
2026-06-08T20:00:02.641640471Z [DEBUG] eToro-Momentum-LS.MLS_FlashCrashReversalStrategy_FDX.ETORO_107: STARTING
2026-06-08T20:00:02.641640862Z [INFO] eToro-Momentum-LS.MLS_FlashCrashReversalStrategy_FDX.ETORO_107: self.config.oms_type=None
2026-06-08T20:00:02.641641233Z [INFO] eToro-Momentum-LS.MLS_FlashCrashReversalStrategy_FDX.ETORO_107: self.config.external_order_claims=None
2026-06-08T20:00:02.641641523Z [INFO] eToro-Momentum-LS.MLS_FlashCrashReversalStrategy_FDX.ETORO_107: self.config.manage_gtd_expiry=False
2026-06-08T20:00:02.641642335Z [INFO] eToro-Momentum-LS.MLS_FlashCrashReversalStrategy_FDX.ETORO_107: Set ClientOrderIdGenerator client_order_id count to 0
2026-06-08T20:00:02.641642675Z [INFO] eToro-Momentum-LS.MLS_FlashCrashReversalStrategy_FDX.ETORO_107: Set ClientOrderIdGenerator order_list_id count to 0
2026-06-08T20:00:02.641644369Z [INFO] eToro-Momentum-LS.MLS_FlashCrashReversalStrategy_FDX.ETORO_107: Starte Flash Crash Reversal auf FDX.ETORO
2026-06-08T20:00:02.641656411Z [DEBUG] eToro-Momentum-LS.MessageBus: Added Subscription(topic=data.bars.FDX.ETORO-1-HOUR-MID-INTERNAL, handler=<bound method Actor.handle_bar of FlashCrashReversalStrategy(MLS_FlashCrashReversalStrategy_FDX.ETORO_107-107)>, priority=0)
2026-06-08T20:00:02.641659928Z [INFO] eToro-Momentum-LS.MLS_FlashCrashReversalStrategy_FDX.ETORO_107: [CMD]--> SubscribeBars(bar_type=FDX.ETORO-1-HOUR-MID-INTERNAL, client_id=None, venue=ETORO)
2026-06-08T20:00:02.641689633Z [INFO] eToro-Momentum-LS.MLS_FlashCrashReversalStrategy_FDX.ETORO_107: RUNNING
2026-06-08T20:00:02.641692860Z [DEBUG] eToro-Momentum-LS.MLS_FlashCrashReversalStrategy_FDX.ETORO_108: STARTING
2026-06-08T20:00:02.641693170Z [INFO] eToro-Momentum-LS.MLS_FlashCrashReversalStrategy_FDX.ETORO_108: self.config.oms_type=None
2026-06-08T20:00:02.641693421Z [INFO] eToro-Momentum-LS.MLS_FlashCrashReversalStrategy_FDX.ETORO_108: self.config.external_order_claims=None
2026-06-08T20:00:02.641693641Z [INFO] eToro-Momentum-LS.MLS_FlashCrashReversalStrategy_FDX.ETORO_108: self.config.manage_gtd_expiry=False
2026-06-08T20:00:02.641694412Z [INFO] eToro-Momentum-LS.MLS_FlashCrashReversalStrategy_FDX.ETORO_108: Set ClientOrderIdGenerator client_order_id count to 0
2026-06-08T20:00:02.641694623Z [INFO] eToro-Momentum-LS.MLS_FlashCrashReversalStrategy_FDX.ETORO_108: Set ClientOrderIdGenerator order_list_id count to 0
2026-06-08T20:00:02.641696146Z [INFO] eToro-Momentum-LS.MLS_FlashCrashReversalStrategy_FDX.ETORO_108: Starte Flash Crash Reversal auf FDX.ETORO
2026-06-08T20:00:02.641706796Z [DEBUG] eToro-Momentum-LS.MessageBus: Added Subscription(topic=data.bars.FDX.ETORO-1-HOUR-MID-INTERNAL, handler=<bound method Actor.handle_bar of FlashCrashReversalStrategy(MLS_FlashCrashReversalStrategy_FDX.ETORO_108-108)>, priority=0)
2026-06-08T20:00:02.641710242Z [INFO] eToro-Momentum-LS.MLS_FlashCrashReversalStrategy_FDX.ETORO_108: [CMD]--> SubscribeBars(bar_type=FDX.ETORO-1-HOUR-MID-INTERNAL, client_id=None, venue=ETORO)
2026-06-08T20:00:02.641738104Z [INFO] eToro-Momentum-LS.MLS_FlashCrashReversalStrategy_FDX.ETORO_108: RUNNING
2026-06-08T20:00:02.641741360Z [DEBUG] eToro-Momentum-LS.MLS_FlashCrashReversalStrategy_FDX.ETORO_109: STARTING
2026-06-08T20:00:02.641741841Z [INFO] eToro-Momentum-LS.MLS_FlashCrashReversalStrategy_FDX.ETORO_109: self.config.oms_type=None
2026-06-08T20:00:02.641742132Z [INFO] eToro-Momentum-LS.MLS_FlashCrashReversalStrategy_FDX.ETORO_109: self.config.external_order_claims=None
2026-06-08T20:00:02.641742873Z [INFO] eToro-Momentum-LS.MLS_FlashCrashReversalStrategy_FDX.ETORO_109: self.config.manage_gtd_expiry=False
2026-06-08T20:00:02.641743635Z [INFO] eToro-Momentum-LS.MLS_FlashCrashReversalStrategy_FDX.ETORO_109: Set ClientOrderIdGenerator client_order_id count to 0
2026-06-08T20:00:02.641743805Z [INFO] eToro-Momentum-LS.MLS_FlashCrashReversalStrategy_FDX.ETORO_109: Set ClientOrderIdGenerator order_list_id count to 0
2026-06-08T20:00:02.641746039Z [INFO] eToro-Momentum-LS.MLS_FlashCrashReversalStrategy_FDX.ETORO_109: Starte Flash Crash Reversal auf FDX.ETORO
2026-06-08T20:00:02.641757681Z [DEBUG] eToro-Momentum-LS.MessageBus: Added Subscription(topic=data.bars.FDX.ETORO-1-HOUR-MID-INTERNAL, handler=<bound method Actor.handle_bar of FlashCrashReversalStrategy(MLS_FlashCrashReversalStrategy_FDX.ETORO_109-109)>, priority=0)
2026-06-08T20:00:02.641764574Z [INFO] eToro-Momentum-LS.MLS_FlashCrashReversalStrategy_FDX.ETORO_109: [CMD]--> SubscribeBars(bar_type=FDX.ETORO-1-HOUR-MID-INTERNAL, client_id=None, venue=ETORO)
2026-06-08T20:00:02.641793127Z [INFO] eToro-Momentum-LS.MLS_FlashCrashReversalStrategy_FDX.ETORO_109: RUNNING
2026-06-08T20:00:02.641796604Z [DEBUG] eToro-Momentum-LS.MLS_FlashCrashReversalStrategy_FDX.ETORO_110: STARTING
2026-06-08T20:00:02.641797075Z [INFO] eToro-Momentum-LS.MLS_FlashCrashReversalStrategy_FDX.ETORO_110: self.config.oms_type=None
2026-06-08T20:00:02.641797406Z [INFO] eToro-Momentum-LS.MLS_FlashCrashReversalStrategy_FDX.ETORO_110: self.config.external_order_claims=None
2026-06-08T20:00:02.641797576Z [INFO] eToro-Momentum-LS.MLS_FlashCrashReversalStrategy_FDX.ETORO_110: self.config.manage_gtd_expiry=False
2026-06-08T20:00:02.641798317Z [INFO] eToro-Momentum-LS.MLS_FlashCrashReversalStrategy_FDX.ETORO_110: Set ClientOrderIdGenerator client_order_id count to 0
2026-06-08T20:00:02.641798538Z [INFO] eToro-Momentum-LS.MLS_FlashCrashReversalStrategy_FDX.ETORO_110: Set ClientOrderIdGenerator order_list_id count to 0
2026-06-08T20:00:02.641800391Z [INFO] eToro-Momentum-LS.MLS_FlashCrashReversalStrategy_FDX.ETORO_110: Starte Flash Crash Reversal auf FDX.ETORO
2026-06-08T20:00:02.641814077Z [DEBUG] eToro-Momentum-LS.MessageBus: Added Subscription(topic=data.bars.FDX.ETORO-1-HOUR-MID-INTERNAL, handler=<bound method Actor.handle_bar of FlashCrashReversalStrategy(MLS_FlashCrashReversalStrategy_FDX.ETORO_110-110)>, priority=0)
2026-06-08T20:00:02.641818335Z [INFO] eToro-Momentum-LS.MLS_FlashCrashReversalStrategy_FDX.ETORO_110: [CMD]--> SubscribeBars(bar_type=FDX.ETORO-1-HOUR-MID-INTERNAL, client_id=None, venue=ETORO)
2026-06-08T20:00:02.641846928Z [INFO] eToro-Momentum-LS.MLS_FlashCrashReversalStrategy_FDX.ETORO_110: RUNNING
2026-06-08T20:00:02.641850335Z [DEBUG] eToro-Momentum-LS.MLS_FlashCrashReversalStrategy_AMKR.ETORO_111: STARTING
2026-06-08T20:00:02.641850776Z [INFO] eToro-Momentum-LS.MLS_FlashCrashReversalStrategy_AMKR.ETORO_111: self.config.oms_type=None
2026-06-08T20:00:02.641851106Z [INFO] eToro-Momentum-LS.MLS_FlashCrashReversalStrategy_AMKR.ETORO_111: self.config.external_order_claims=None
2026-06-08T20:00:02.641851347Z [INFO] eToro-Momentum-LS.MLS_FlashCrashReversalStrategy_AMKR.ETORO_111: self.config.manage_gtd_expiry=False
2026-06-08T20:00:02.641852138Z [INFO] eToro-Momentum-LS.MLS_FlashCrashReversalStrategy_AMKR.ETORO_111: Set ClientOrderIdGenerator client_order_id count to 0
2026-06-08T20:00:02.641852509Z [INFO] eToro-Momentum-LS.MLS_FlashCrashReversalStrategy_AMKR.ETORO_111: Set ClientOrderIdGenerator order_list_id count to 0
2026-06-08T20:00:02.641854312Z [INFO] eToro-Momentum-LS.MLS_FlashCrashReversalStrategy_AMKR.ETORO_111: Starte Flash Crash Reversal auf AMKR.ETORO
2026-06-08T20:00:02.641865653Z [DEBUG] eToro-Momentum-LS.MessageBus: Added Subscription(topic=data.bars.AMKR.ETORO-1-HOUR-MID-INTERNAL, handler=<bound method Actor.handle_bar of FlashCrashReversalStrategy(MLS_FlashCrashReversalStrategy_AMKR.ETORO_111-111)>, priority=0)
2026-06-08T20:00:02.641869220Z [INFO] eToro-Momentum-LS.MLS_FlashCrashReversalStrategy_AMKR.ETORO_111: [CMD]--> SubscribeBars(bar_type=AMKR.ETORO-1-HOUR-MID-INTERNAL, client_id=None, venue=ETORO)
2026-06-08T20:00:02.641898054Z [INFO] eToro-Momentum-LS.MLS_FlashCrashReversalStrategy_AMKR.ETORO_111: RUNNING
2026-06-08T20:00:02.641901400Z [DEBUG] eToro-Momentum-LS.MLS_FlashCrashReversalStrategy_AMKR.ETORO_112: STARTING
2026-06-08T20:00:02.641901781Z [INFO] eToro-Momentum-LS.MLS_FlashCrashReversalStrategy_AMKR.ETORO_112: self.config.oms_type=None
2026-06-08T20:00:02.641902062Z [INFO] eToro-Momentum-LS.MLS_FlashCrashReversalStrategy_AMKR.ETORO_112: self.config.external_order_claims=None
2026-06-08T20:00:02.641902282Z [INFO] eToro-Momentum-LS.MLS_FlashCrashReversalStrategy_AMKR.ETORO_112: self.config.manage_gtd_expiry=False
2026-06-08T20:00:02.641903514Z [INFO] eToro-Momentum-LS.MLS_FlashCrashReversalStrategy_AMKR.ETORO_112: Set ClientOrderIdGenerator client_order_id count to 0
2026-06-08T20:00:02.641903845Z [INFO] eToro-Momentum-LS.MLS_FlashCrashReversalStrategy_AMKR.ETORO_112: Set ClientOrderIdGenerator order_list_id count to 0
2026-06-08T20:00:02.641905378Z [INFO] eToro-Momentum-LS.MLS_FlashCrashReversalStrategy_AMKR.ETORO_112: Starte Flash Crash Reversal auf AMKR.ETORO
2026-06-08T20:00:02.641917060Z [DEBUG] eToro-Momentum-LS.MessageBus: Added Subscription(topic=data.bars.AMKR.ETORO-1-HOUR-MID-INTERNAL, handler=<bound method Actor.handle_bar of FlashCrashReversalStrategy(MLS_FlashCrashReversalStrategy_AMKR.ETORO_112-112)>, priority=0)
2026-06-08T20:00:02.641920576Z [INFO] eToro-Momentum-LS.MLS_FlashCrashReversalStrategy_AMKR.ETORO_112: [CMD]--> SubscribeBars(bar_type=AMKR.ETORO-1-HOUR-MID-INTERNAL, client_id=None, venue=ETORO)
2026-06-08T20:00:02.641966132Z [INFO] eToro-Momentum-LS.MLS_FlashCrashReversalStrategy_AMKR.ETORO_112: RUNNING
2026-06-08T20:00:02.641971672Z [DEBUG] eToro-Momentum-LS.MLS_FlashCrashReversalStrategy_AMKR.ETORO_113: STARTING
2026-06-08T20:00:02.641972063Z [INFO] eToro-Momentum-LS.MLS_FlashCrashReversalStrategy_AMKR.ETORO_113: self.config.oms_type=None
2026-06-08T20:00:02.641972444Z [INFO] eToro-Momentum-LS.MLS_FlashCrashReversalStrategy_AMKR.ETORO_113: self.config.external_order_claims=None
2026-06-08T20:00:02.641972834Z [INFO] eToro-Momentum-LS.MLS_FlashCrashReversalStrategy_AMKR.ETORO_113: self.config.manage_gtd_expiry=False
2026-06-08T20:00:02.641973626Z [INFO] eToro-Momentum-LS.MLS_FlashCrashReversalStrategy_AMKR.ETORO_113: Set ClientOrderIdGenerator client_order_id count to 0
2026-06-08T20:00:02.641973977Z [INFO] eToro-Momentum-LS.MLS_FlashCrashReversalStrategy_AMKR.ETORO_113: Set ClientOrderIdGenerator order_list_id count to 0
2026-06-08T20:00:02.641976261Z [INFO] eToro-Momentum-LS.MLS_FlashCrashReversalStrategy_AMKR.ETORO_113: Starte Flash Crash Reversal auf AMKR.ETORO
2026-06-08T20:00:02.641993814Z [DEBUG] eToro-Momentum-LS.MessageBus: Added Subscription(topic=data.bars.AMKR.ETORO-1-HOUR-MID-INTERNAL, handler=<bound method Actor.handle_bar of FlashCrashReversalStrategy(MLS_FlashCrashReversalStrategy_AMKR.ETORO_113-113)>, priority=0)
2026-06-08T20:00:02.641998513Z [INFO] eToro-Momentum-LS.MLS_FlashCrashReversalStrategy_AMKR.ETORO_113: [CMD]--> SubscribeBars(bar_type=AMKR.ETORO-1-HOUR-MID-INTERNAL, client_id=None, venue=ETORO)
2026-06-08T20:00:02.642031504Z [INFO] eToro-Momentum-LS.MLS_FlashCrashReversalStrategy_AMKR.ETORO_113: RUNNING
2026-06-08T20:00:02.642035582Z [DEBUG] eToro-Momentum-LS.MLS_FlashCrashReversalStrategy_AMKR.ETORO_114: STARTING
2026-06-08T20:00:02.642036103Z [INFO] eToro-Momentum-LS.MLS_FlashCrashReversalStrategy_AMKR.ETORO_114: self.config.oms_type=None
2026-06-08T20:00:02.642036434Z [INFO] eToro-Momentum-LS.MLS_FlashCrashReversalStrategy_AMKR.ETORO_114: self.config.external_order_claims=None
2026-06-08T20:00:02.642036634Z [INFO] eToro-Momentum-LS.MLS_FlashCrashReversalStrategy_AMKR.ETORO_114: self.config.manage_gtd_expiry=False
2026-06-08T20:00:02.642037536Z [INFO] eToro-Momentum-LS.MLS_FlashCrashReversalStrategy_AMKR.ETORO_114: Set ClientOrderIdGenerator client_order_id count to 0
2026-06-08T20:00:02.642037866Z [INFO] eToro-Momentum-LS.MLS_FlashCrashReversalStrategy_AMKR.ETORO_114: Set ClientOrderIdGenerator order_list_id count to 0
2026-06-08T20:00:02.642040251Z [INFO] eToro-Momentum-LS.MLS_FlashCrashReversalStrategy_AMKR.ETORO_114: Starte Flash Crash Reversal auf AMKR.ETORO
2026-06-08T20:00:02.642054297Z [DEBUG] eToro-Momentum-LS.MessageBus: Added Subscription(topic=data.bars.AMKR.ETORO-1-HOUR-MID-INTERNAL, handler=<bound method Actor.handle_bar of FlashCrashReversalStrategy(MLS_FlashCrashReversalStrategy_AMKR.ETORO_114-114)>, priority=0)
2026-06-08T20:00:02.642058816Z [INFO] eToro-Momentum-LS.MLS_FlashCrashReversalStrategy_AMKR.ETORO_114: [CMD]--> SubscribeBars(bar_type=AMKR.ETORO-1-HOUR-MID-INTERNAL, client_id=None, venue=ETORO)
2026-06-08T20:00:02.642092359Z [INFO] eToro-Momentum-LS.MLS_FlashCrashReversalStrategy_AMKR.ETORO_114: RUNNING
2026-06-08T20:00:02.642096576Z [DEBUG] eToro-Momentum-LS.MLS_FlashCrashReversalStrategy_AMKR.ETORO_115: STARTING
2026-06-08T20:00:02.642096927Z [INFO] eToro-Momentum-LS.MLS_FlashCrashReversalStrategy_AMKR.ETORO_115: self.config.oms_type=None
2026-06-08T20:00:02.642097168Z [INFO] eToro-Momentum-LS.MLS_FlashCrashReversalStrategy_AMKR.ETORO_115: self.config.external_order_claims=None
2026-06-08T20:00:02.642097468Z [INFO] eToro-Momentum-LS.MLS_FlashCrashReversalStrategy_AMKR.ETORO_115: self.config.manage_gtd_expiry=False
2026-06-08T20:00:02.642098320Z [INFO] eToro-Momentum-LS.MLS_FlashCrashReversalStrategy_AMKR.ETORO_115: Set ClientOrderIdGenerator client_order_id count to 0
2026-06-08T20:00:02.642099131Z [INFO] eToro-Momentum-LS.MLS_FlashCrashReversalStrategy_AMKR.ETORO_115: Set ClientOrderIdGenerator order_list_id count to 0
2026-06-08T20:00:02.642101345Z [INFO] eToro-Momentum-LS.MLS_FlashCrashReversalStrategy_AMKR.ETORO_115: Starte Flash Crash Reversal auf AMKR.ETORO
2026-06-08T20:00:02.642118107Z [DEBUG] eToro-Momentum-LS.MessageBus: Added Subscription(topic=data.bars.AMKR.ETORO-1-HOUR-MID-INTERNAL, handler=<bound method Actor.handle_bar of FlashCrashReversalStrategy(MLS_FlashCrashReversalStrategy_AMKR.ETORO_115-115)>, priority=0)
2026-06-08T20:00:02.642125431Z [INFO] eToro-Momentum-LS.MLS_FlashCrashReversalStrategy_AMKR.ETORO_115: [CMD]--> SubscribeBars(bar_type=AMKR.ETORO-1-HOUR-MID-INTERNAL, client_id=None, venue=ETORO)
2026-06-08T20:00:02.642158262Z [INFO] eToro-Momentum-LS.MLS_FlashCrashReversalStrategy_AMKR.ETORO_115: RUNNING
2026-06-08T20:00:02.642162159Z [DEBUG] eToro-Momentum-LS.MLS_FlashCrashReversalStrategy_AMKR.ETORO_116: STARTING
2026-06-08T20:00:02.642162650Z [INFO] eToro-Momentum-LS.MLS_FlashCrashReversalStrategy_AMKR.ETORO_116: self.config.oms_type=None
2026-06-08T20:00:02.642162981Z [INFO] eToro-Momentum-LS.MLS_FlashCrashReversalStrategy_AMKR.ETORO_116: self.config.external_order_claims=None
2026-06-08T20:00:02.642163332Z [INFO] eToro-Momentum-LS.MLS_FlashCrashReversalStrategy_AMKR.ETORO_116: self.config.manage_gtd_expiry=False
2026-06-08T20:00:02.642164323Z [INFO] eToro-Momentum-LS.MLS_FlashCrashReversalStrategy_AMKR.ETORO_116: Set ClientOrderIdGenerator client_order_id count to 0
2026-06-08T20:00:02.642164624Z [INFO] eToro-Momentum-LS.MLS_FlashCrashReversalStrategy_AMKR.ETORO_116: Set ClientOrderIdGenerator order_list_id count to 0
2026-06-08T20:00:02.642166307Z [INFO] eToro-Momentum-LS.MLS_FlashCrashReversalStrategy_AMKR.ETORO_116: Starte Flash Crash Reversal auf AMKR.ETORO
2026-06-08T20:00:02.642184091Z [DEBUG] eToro-Momentum-LS.MessageBus: Added Subscription(topic=data.bars.AMKR.ETORO-1-HOUR-MID-INTERNAL, handler=<bound method Actor.handle_bar of FlashCrashReversalStrategy(MLS_FlashCrashReversalStrategy_AMKR.ETORO_116-116)>, priority=0)
2026-06-08T20:00:02.642189120Z [INFO] eToro-Momentum-LS.MLS_FlashCrashReversalStrategy_AMKR.ETORO_116: [CMD]--> SubscribeBars(bar_type=AMKR.ETORO-1-HOUR-MID-INTERNAL, client_id=None, venue=ETORO)
2026-06-08T20:00:02.642223575Z [INFO] eToro-Momentum-LS.MLS_FlashCrashReversalStrategy_AMKR.ETORO_116: RUNNING
2026-06-08T20:00:02.642227422Z [DEBUG] eToro-Momentum-LS.MLS_FlashCrashReversalStrategy_AMKR.ETORO_117: STARTING
2026-06-08T20:00:02.642228013Z [INFO] eToro-Momentum-LS.MLS_FlashCrashReversalStrategy_AMKR.ETORO_117: self.config.oms_type=None
2026-06-08T20:00:02.642228474Z [INFO] eToro-Momentum-LS.MLS_FlashCrashReversalStrategy_AMKR.ETORO_117: self.config.external_order_claims=None
2026-06-08T20:00:02.642228684Z [INFO] eToro-Momentum-LS.MLS_FlashCrashReversalStrategy_AMKR.ETORO_117: self.config.manage_gtd_expiry=False
2026-06-08T20:00:02.642229786Z [INFO] eToro-Momentum-LS.MLS_FlashCrashReversalStrategy_AMKR.ETORO_117: Set ClientOrderIdGenerator client_order_id count to 0
2026-06-08T20:00:02.642230167Z [INFO] eToro-Momentum-LS.MLS_FlashCrashReversalStrategy_AMKR.ETORO_117: Set ClientOrderIdGenerator order_list_id count to 0
2026-06-08T20:00:02.642231910Z [INFO] eToro-Momentum-LS.MLS_FlashCrashReversalStrategy_AMKR.ETORO_117: Starte Flash Crash Reversal auf AMKR.ETORO
2026-06-08T20:00:02.642246317Z [DEBUG] eToro-Momentum-LS.MessageBus: Added Subscription(topic=data.bars.AMKR.ETORO-1-HOUR-MID-INTERNAL, handler=<bound method Actor.handle_bar of FlashCrashReversalStrategy(MLS_FlashCrashReversalStrategy_AMKR.ETORO_117-117)>, priority=0)
2026-06-08T20:00:02.642250515Z [INFO] eToro-Momentum-LS.MLS_FlashCrashReversalStrategy_AMKR.ETORO_117: [CMD]--> SubscribeBars(bar_type=AMKR.ETORO-1-HOUR-MID-INTERNAL, client_id=None, venue=ETORO)
2026-06-08T20:00:02.642295980Z [INFO] eToro-Momentum-LS.MLS_FlashCrashReversalStrategy_AMKR.ETORO_117: RUNNING
2026-06-08T20:00:02.642299567Z [DEBUG] eToro-Momentum-LS.MLS_FlashCrashReversalStrategy_AMKR.ETORO_118: STARTING
2026-06-08T20:00:02.642299848Z [INFO] eToro-Momentum-LS.MLS_FlashCrashReversalStrategy_AMKR.ETORO_118: self.config.oms_type=None
2026-06-08T20:00:02.642300048Z [INFO] eToro-Momentum-LS.MLS_FlashCrashReversalStrategy_AMKR.ETORO_118: self.config.external_order_claims=None
2026-06-08T20:00:02.642300288Z [INFO] eToro-Momentum-LS.MLS_FlashCrashReversalStrategy_AMKR.ETORO_118: self.config.manage_gtd_expiry=False
2026-06-08T20:00:02.642301000Z [INFO] eToro-Momentum-LS.MLS_FlashCrashReversalStrategy_AMKR.ETORO_118: Set ClientOrderIdGenerator client_order_id count to 0
2026-06-08T20:00:02.642301170Z [INFO] eToro-Momentum-LS.MLS_FlashCrashReversalStrategy_AMKR.ETORO_118: Set ClientOrderIdGenerator order_list_id count to 0
2026-06-08T20:00:02.642303194Z [INFO] eToro-Momentum-LS.MLS_FlashCrashReversalStrategy_AMKR.ETORO_118: Starte Flash Crash Reversal auf AMKR.ETORO
2026-06-08T20:00:02.642311199Z [DEBUG] eToro-Momentum-LS.MessageBus: Added Subscription(topic=data.bars.AMKR.ETORO-1-HOUR-MID-INTERNAL, handler=<bound method Actor.handle_bar of FlashCrashReversalStrategy(MLS_FlashCrashReversalStrategy_AMKR.ETORO_118-118)>, priority=0)
2026-06-08T20:00:02.642313854Z [INFO] eToro-Momentum-LS.MLS_FlashCrashReversalStrategy_AMKR.ETORO_118: [CMD]--> SubscribeBars(bar_type=AMKR.ETORO-1-HOUR-MID-INTERNAL, client_id=None, venue=ETORO)
2026-06-08T20:00:02.642330435Z [INFO] eToro-Momentum-LS.MLS_FlashCrashReversalStrategy_AMKR.ETORO_118: RUNNING
2026-06-08T20:00:02.642333240Z [DEBUG] eToro-Momentum-LS.MLS_FlashCrashReversalStrategy_AMKR.ETORO_119: STARTING
2026-06-08T20:00:02.642333631Z [INFO] eToro-Momentum-LS.MLS_FlashCrashReversalStrategy_AMKR.ETORO_119: self.config.oms_type=None
2026-06-08T20:00:02.642333791Z [INFO] eToro-Momentum-LS.MLS_FlashCrashReversalStrategy_AMKR.ETORO_119: self.config.external_order_claims=None
2026-06-08T20:00:02.642333941Z [INFO] eToro-Momentum-LS.MLS_FlashCrashReversalStrategy_AMKR.ETORO_119: self.config.manage_gtd_expiry=False
2026-06-08T20:00:02.642334503Z [INFO] eToro-Momentum-LS.MLS_FlashCrashReversalStrategy_AMKR.ETORO_119: Set ClientOrderIdGenerator client_order_id count to 0
2026-06-08T20:00:02.642334653Z [INFO] eToro-Momentum-LS.MLS_FlashCrashReversalStrategy_AMKR.ETORO_119: Set ClientOrderIdGenerator order_list_id count to 0
2026-06-08T20:00:02.642356093Z [INFO] eToro-Momentum-LS.MLS_FlashCrashReversalStrategy_AMKR.ETORO_119: Starte Flash Crash Reversal auf AMKR.ETORO
2026-06-08T20:00:02.642364108Z [DEBUG] eToro-Momentum-LS.MessageBus: Added Subscription(topic=data.bars.AMKR.ETORO-1-HOUR-MID-INTERNAL, handler=<bound method Actor.handle_bar of FlashCrashReversalStrategy(MLS_FlashCrashReversalStrategy_AMKR.ETORO_119-119)>, priority=0)
2026-06-08T20:00:02.642366563Z [INFO] eToro-Momentum-LS.MLS_FlashCrashReversalStrategy_AMKR.ETORO_119: [CMD]--> SubscribeBars(bar_type=AMKR.ETORO-1-HOUR-MID-INTERNAL, client_id=None, venue=ETORO)
2026-06-08T20:00:02.642383354Z [INFO] eToro-Momentum-LS.MLS_FlashCrashReversalStrategy_AMKR.ETORO_119: RUNNING
2026-06-08T20:00:02.642386099Z [DEBUG] eToro-Momentum-LS.MLS_FlashCrashReversalStrategy_AMKR.ETORO_120: STARTING
2026-06-08T20:00:02.642386580Z [INFO] eToro-Momentum-LS.MLS_FlashCrashReversalStrategy_AMKR.ETORO_120: self.config.oms_type=None
2026-06-08T20:00:02.642386750Z [INFO] eToro-Momentum-LS.MLS_FlashCrashReversalStrategy_AMKR.ETORO_120: self.config.external_order_claims=None
2026-06-08T20:00:02.642386911Z [INFO] eToro-Momentum-LS.MLS_FlashCrashReversalStrategy_AMKR.ETORO_120: self.config.manage_gtd_expiry=False
2026-06-08T20:00:02.642387662Z [INFO] eToro-Momentum-LS.MLS_FlashCrashReversalStrategy_AMKR.ETORO_120: Set ClientOrderIdGenerator client_order_id count to 0
2026-06-08T20:00:02.642387822Z [INFO] eToro-Momentum-LS.MLS_FlashCrashReversalStrategy_AMKR.ETORO_120: Set ClientOrderIdGenerator order_list_id count to 0
2026-06-08T20:00:02.642389225Z [INFO] eToro-Momentum-LS.MLS_FlashCrashReversalStrategy_AMKR.ETORO_120: Starte Flash Crash Reversal auf AMKR.ETORO
2026-06-08T20:00:02.642396379Z [DEBUG] eToro-Momentum-LS.MessageBus: Added Subscription(topic=data.bars.AMKR.ETORO-1-HOUR-MID-INTERNAL, handler=<bound method Actor.handle_bar of FlashCrashReversalStrategy(MLS_FlashCrashReversalStrategy_AMKR.ETORO_120-120)>, priority=0)
2026-06-08T20:00:02.642398923Z [INFO] eToro-Momentum-LS.MLS_FlashCrashReversalStrategy_AMKR.ETORO_120: [CMD]--> SubscribeBars(bar_type=AMKR.ETORO-1-HOUR-MID-INTERNAL, client_id=None, venue=ETORO)
2026-06-08T20:00:02.642416146Z [INFO] eToro-Momentum-LS.MLS_FlashCrashReversalStrategy_AMKR.ETORO_120: RUNNING
2026-06-08T20:00:02.642418941Z [DEBUG] eToro-Momentum-LS.MLS_FlashCrashReversalStrategy_SE.ETORO_121: STARTING
2026-06-08T20:00:02.642419342Z [INFO] eToro-Momentum-LS.MLS_FlashCrashReversalStrategy_SE.ETORO_121: self.config.oms_type=None
2026-06-08T20:00:02.642419522Z [INFO] eToro-Momentum-LS.MLS_FlashCrashReversalStrategy_SE.ETORO_121: self.config.external_order_claims=None
2026-06-08T20:00:02.642419692Z [INFO] eToro-Momentum-LS.MLS_FlashCrashReversalStrategy_SE.ETORO_121: self.config.manage_gtd_expiry=False
2026-06-08T20:00:02.642420313Z [INFO] eToro-Momentum-LS.MLS_FlashCrashReversalStrategy_SE.ETORO_121: Set ClientOrderIdGenerator client_order_id count to 0
2026-06-08T20:00:02.642420484Z [INFO] eToro-Momentum-LS.MLS_FlashCrashReversalStrategy_SE.ETORO_121: Set ClientOrderIdGenerator order_list_id count to 0
2026-06-08T20:00:02.642421656Z [INFO] eToro-Momentum-LS.MLS_FlashCrashReversalStrategy_SE.ETORO_121: Starte Flash Crash Reversal auf SE.ETORO
2026-06-08T20:00:02.642430212Z [DEBUG] eToro-Momentum-LS.MessageBus: Added Subscription(topic=data.bars.SE.ETORO-1-HOUR-MID-INTERNAL, handler=<bound method Actor.handle_bar of FlashCrashReversalStrategy(MLS_FlashCrashReversalStrategy_SE.ETORO_121-121)>, priority=0)
2026-06-08T20:00:02.642432837Z [INFO] eToro-Momentum-LS.MLS_FlashCrashReversalStrategy_SE.ETORO_121: [CMD]--> SubscribeBars(bar_type=SE.ETORO-1-HOUR-MID-INTERNAL, client_id=None, venue=ETORO)
2026-06-08T20:00:02.642449949Z [INFO] eToro-Momentum-LS.MLS_FlashCrashReversalStrategy_SE.ETORO_121: RUNNING
2026-06-08T20:00:02.642453035Z [DEBUG] eToro-Momentum-LS.MLS_FlashCrashReversalStrategy_SE.ETORO_122: STARTING
2026-06-08T20:00:02.642453506Z [INFO] eToro-Momentum-LS.MLS_FlashCrashReversalStrategy_SE.ETORO_122: self.config.oms_type=None
2026-06-08T20:00:02.642453676Z [INFO] eToro-Momentum-LS.MLS_FlashCrashReversalStrategy_SE.ETORO_122: self.config.external_order_claims=None
2026-06-08T20:00:02.642453836Z [INFO] eToro-Momentum-LS.MLS_FlashCrashReversalStrategy_SE.ETORO_122: self.config.manage_gtd_expiry=False
2026-06-08T20:00:02.642454558Z [INFO] eToro-Momentum-LS.MLS_FlashCrashReversalStrategy_SE.ETORO_122: Set ClientOrderIdGenerator client_order_id count to 0
2026-06-08T20:00:02.642454768Z [INFO] eToro-Momentum-LS.MLS_FlashCrashReversalStrategy_SE.ETORO_122: Set ClientOrderIdGenerator order_list_id count to 0
2026-06-08T20:00:02.642456171Z [INFO] eToro-Momentum-LS.MLS_FlashCrashReversalStrategy_SE.ETORO_122: Starte Flash Crash Reversal auf SE.ETORO
2026-06-08T20:00:02.642463534Z [DEBUG] eToro-Momentum-LS.MessageBus: Added Subscription(topic=data.bars.SE.ETORO-1-HOUR-MID-INTERNAL, handler=<bound method Actor.handle_bar of FlashCrashReversalStrategy(MLS_FlashCrashReversalStrategy_SE.ETORO_122-122)>, priority=0)
2026-06-08T20:00:02.642465789Z [INFO] eToro-Momentum-LS.MLS_FlashCrashReversalStrategy_SE.ETORO_122: [CMD]--> SubscribeBars(bar_type=SE.ETORO-1-HOUR-MID-INTERNAL, client_id=None, venue=ETORO)
2026-06-08T20:00:02.642482410Z [INFO] eToro-Momentum-LS.MLS_FlashCrashReversalStrategy_SE.ETORO_122: RUNNING
2026-06-08T20:00:02.642485135Z [DEBUG] eToro-Momentum-LS.MLS_FlashCrashReversalStrategy_SE.ETORO_123: STARTING
2026-06-08T20:00:02.642485516Z [INFO] eToro-Momentum-LS.MLS_FlashCrashReversalStrategy_SE.ETORO_123: self.config.oms_type=None
2026-06-08T20:00:02.642485686Z [INFO] eToro-Momentum-LS.MLS_FlashCrashReversalStrategy_SE.ETORO_123: self.config.external_order_claims=None
2026-06-08T20:00:02.642485836Z [INFO] eToro-Momentum-LS.MLS_FlashCrashReversalStrategy_SE.ETORO_123: self.config.manage_gtd_expiry=False
2026-06-08T20:00:02.642486548Z [INFO] eToro-Momentum-LS.MLS_FlashCrashReversalStrategy_SE.ETORO_123: Set ClientOrderIdGenerator client_order_id count to 0
2026-06-08T20:00:02.642486768Z [INFO] eToro-Momentum-LS.MLS_FlashCrashReversalStrategy_SE.ETORO_123: Set ClientOrderIdGenerator order_list_id count to 0
2026-06-08T20:00:02.642487750Z [INFO] eToro-Momentum-LS.MLS_FlashCrashReversalStrategy_SE.ETORO_123: Starte Flash Crash Reversal auf SE.ETORO
2026-06-08T20:00:02.642496536Z [DEBUG] eToro-Momentum-LS.MessageBus: Added Subscription(topic=data.bars.SE.ETORO-1-HOUR-MID-INTERNAL, handler=<bound method Actor.handle_bar of FlashCrashReversalStrategy(MLS_FlashCrashReversalStrategy_SE.ETORO_123-123)>, priority=0)
2026-06-08T20:00:02.642499352Z [INFO] eToro-Momentum-LS.MLS_FlashCrashReversalStrategy_SE.ETORO_123: [CMD]--> SubscribeBars(bar_type=SE.ETORO-1-HOUR-MID-INTERNAL, client_id=None, venue=ETORO)
2026-06-08T20:00:02.642515712Z [INFO] eToro-Momentum-LS.MLS_FlashCrashReversalStrategy_SE.ETORO_123: RUNNING
2026-06-08T20:00:02.642518818Z [DEBUG] eToro-Momentum-LS.MLS_FlashCrashReversalStrategy_SE.ETORO_124: STARTING
2026-06-08T20:00:02.642519209Z [INFO] eToro-Momentum-LS.MLS_FlashCrashReversalStrategy_SE.ETORO_124: self.config.oms_type=None
2026-06-08T20:00:02.642519379Z [INFO] eToro-Momentum-LS.MLS_FlashCrashReversalStrategy_SE.ETORO_124: self.config.external_order_claims=None
2026-06-08T20:00:02.642519539Z [INFO] eToro-Momentum-LS.MLS_FlashCrashReversalStrategy_SE.ETORO_124: self.config.manage_gtd_expiry=False
2026-06-08T20:00:02.642520331Z [INFO] eToro-Momentum-LS.MLS_FlashCrashReversalStrategy_SE.ETORO_124: Set ClientOrderIdGenerator client_order_id count to 0
2026-06-08T20:00:02.642520531Z [INFO] eToro-Momentum-LS.MLS_FlashCrashReversalStrategy_SE.ETORO_124: Set ClientOrderIdGenerator order_list_id count to 0
2026-06-08T20:00:02.642522275Z [INFO] eToro-Momentum-LS.MLS_FlashCrashReversalStrategy_SE.ETORO_124: Starte Flash Crash Reversal auf SE.ETORO
2026-06-08T20:00:02.642529799Z [DEBUG] eToro-Momentum-LS.MessageBus: Added Subscription(topic=data.bars.SE.ETORO-1-HOUR-MID-INTERNAL, handler=<bound method Actor.handle_bar of FlashCrashReversalStrategy(MLS_FlashCrashReversalStrategy_SE.ETORO_124-124)>, priority=0)
2026-06-08T20:00:02.642533285Z [INFO] eToro-Momentum-LS.MLS_FlashCrashReversalStrategy_SE.ETORO_124: [CMD]--> SubscribeBars(bar_type=SE.ETORO-1-HOUR-MID-INTERNAL, client_id=None, venue=ETORO)
2026-06-08T20:00:02.642549766Z [INFO] eToro-Momentum-LS.MLS_FlashCrashReversalStrategy_SE.ETORO_124: RUNNING
2026-06-08T20:00:02.642552561Z [DEBUG] eToro-Momentum-LS.MLS_FlashCrashReversalStrategy_SE.ETORO_125: STARTING
2026-06-08T20:00:02.642552952Z [INFO] eToro-Momentum-LS.MLS_FlashCrashReversalStrategy_SE.ETORO_125: self.config.oms_type=None
2026-06-08T20:00:02.642553122Z [INFO] eToro-Momentum-LS.MLS_FlashCrashReversalStrategy_SE.ETORO_125: self.config.external_order_claims=None
2026-06-08T20:00:02.642553273Z [INFO] eToro-Momentum-LS.MLS_FlashCrashReversalStrategy_SE.ETORO_125: self.config.manage_gtd_expiry=False
2026-06-08T20:00:02.642553854Z [INFO] eToro-Momentum-LS.MLS_FlashCrashReversalStrategy_SE.ETORO_125: Set ClientOrderIdGenerator client_order_id count to 0
2026-06-08T20:00:02.642554024Z [INFO] eToro-Momentum-LS.MLS_FlashCrashReversalStrategy_SE.ETORO_125: Set ClientOrderIdGenerator order_list_id count to 0
2026-06-08T20:00:02.642555266Z [INFO] eToro-Momentum-LS.MLS_FlashCrashReversalStrategy_SE.ETORO_125: Starte Flash Crash Reversal auf SE.ETORO
2026-06-08T20:00:02.642562911Z [DEBUG] eToro-Momentum-LS.MessageBus: Added Subscription(topic=data.bars.SE.ETORO-1-HOUR-MID-INTERNAL, handler=<bound method Actor.handle_bar of FlashCrashReversalStrategy(MLS_FlashCrashReversalStrategy_SE.ETORO_125-125)>, priority=0)
2026-06-08T20:00:02.642565536Z [INFO] eToro-Momentum-LS.MLS_FlashCrashReversalStrategy_SE.ETORO_125: [CMD]--> SubscribeBars(bar_type=SE.ETORO-1-HOUR-MID-INTERNAL, client_id=None, venue=ETORO)
2026-06-08T20:00:02.642582047Z [INFO] eToro-Momentum-LS.MLS_FlashCrashReversalStrategy_SE.ETORO_125: RUNNING
2026-06-08T20:00:02.642584992Z [DEBUG] eToro-Momentum-LS.MLS_FlashCrashReversalStrategy_SE.ETORO_126: STARTING
2026-06-08T20:00:02.642585373Z [INFO] eToro-Momentum-LS.MLS_FlashCrashReversalStrategy_SE.ETORO_126: self.config.oms_type=None
2026-06-08T20:00:02.642585543Z [INFO] eToro-Momentum-LS.MLS_FlashCrashReversalStrategy_SE.ETORO_126: self.config.external_order_claims=None
2026-06-08T20:00:02.642585693Z [INFO] eToro-Momentum-LS.MLS_FlashCrashReversalStrategy_SE.ETORO_126: self.config.manage_gtd_expiry=False
2026-06-08T20:00:02.642586224Z [INFO] eToro-Momentum-LS.MLS_FlashCrashReversalStrategy_SE.ETORO_126: Set ClientOrderIdGenerator client_order_id count to 0
2026-06-08T20:00:02.642586465Z [INFO] eToro-Momentum-LS.MLS_FlashCrashReversalStrategy_SE.ETORO_126: Set ClientOrderIdGenerator order_list_id count to 0
2026-06-08T20:00:02.642587607Z [INFO] eToro-Momentum-LS.MLS_FlashCrashReversalStrategy_SE.ETORO_126: Starte Flash Crash Reversal auf SE.ETORO
2026-06-08T20:00:02.642595281Z [DEBUG] eToro-Momentum-LS.MessageBus: Added Subscription(topic=data.bars.SE.ETORO-1-HOUR-MID-INTERNAL, handler=<bound method Actor.handle_bar of FlashCrashReversalStrategy(MLS_FlashCrashReversalStrategy_SE.ETORO_126-126)>, priority=0)
2026-06-08T20:00:02.642597576Z [INFO] eToro-Momentum-LS.MLS_FlashCrashReversalStrategy_SE.ETORO_126: [CMD]--> SubscribeBars(bar_type=SE.ETORO-1-HOUR-MID-INTERNAL, client_id=None, venue=ETORO)
2026-06-08T20:00:02.642614017Z [INFO] eToro-Momentum-LS.MLS_FlashCrashReversalStrategy_SE.ETORO_126: RUNNING
2026-06-08T20:00:02.642617012Z [DEBUG] eToro-Momentum-LS.MLS_FlashCrashReversalStrategy_SE.ETORO_127: STARTING
2026-06-08T20:00:02.642617303Z [INFO] eToro-Momentum-LS.MLS_FlashCrashReversalStrategy_SE.ETORO_127: self.config.oms_type=None
2026-06-08T20:00:02.642617473Z [INFO] eToro-Momentum-LS.MLS_FlashCrashReversalStrategy_SE.ETORO_127: self.config.external_order_claims=None
2026-06-08T20:00:02.642617613Z [INFO] eToro-Momentum-LS.MLS_FlashCrashReversalStrategy_SE.ETORO_127: self.config.manage_gtd_expiry=False
2026-06-08T20:00:02.642618265Z [INFO] eToro-Momentum-LS.MLS_FlashCrashReversalStrategy_SE.ETORO_127: Set ClientOrderIdGenerator client_order_id count to 0
2026-06-08T20:00:02.642618425Z [INFO] eToro-Momentum-LS.MLS_FlashCrashReversalStrategy_SE.ETORO_127: Set ClientOrderIdGenerator order_list_id count to 0
2026-06-08T20:00:02.642619607Z [INFO] eToro-Momentum-LS.MLS_FlashCrashReversalStrategy_SE.ETORO_127: Starte Flash Crash Reversal auf SE.ETORO
2026-06-08T20:00:02.642627382Z [DEBUG] eToro-Momentum-LS.MessageBus: Added Subscription(topic=data.bars.SE.ETORO-1-HOUR-MID-INTERNAL, handler=<bound method Actor.handle_bar of FlashCrashReversalStrategy(MLS_FlashCrashReversalStrategy_SE.ETORO_127-127)>, priority=0)
2026-06-08T20:00:02.642629836Z [INFO] eToro-Momentum-LS.MLS_FlashCrashReversalStrategy_SE.ETORO_127: [CMD]--> SubscribeBars(bar_type=SE.ETORO-1-HOUR-MID-INTERNAL, client_id=None, venue=ETORO)
2026-06-08T20:00:02.642647069Z [INFO] eToro-Momentum-LS.MLS_FlashCrashReversalStrategy_SE.ETORO_127: RUNNING
2026-06-08T20:00:02.642649994Z [DEBUG] eToro-Momentum-LS.MLS_FlashCrashReversalStrategy_SE.ETORO_128: STARTING
2026-06-08T20:00:02.642650465Z [INFO] eToro-Momentum-LS.MLS_FlashCrashReversalStrategy_SE.ETORO_128: self.config.oms_type=None
2026-06-08T20:00:02.642650625Z [INFO] eToro-Momentum-LS.MLS_FlashCrashReversalStrategy_SE.ETORO_128: self.config.external_order_claims=None
2026-06-08T20:00:02.642650766Z [INFO] eToro-Momentum-LS.MLS_FlashCrashReversalStrategy_SE.ETORO_128: self.config.manage_gtd_expiry=False
2026-06-08T20:00:02.642651276Z [INFO] eToro-Momentum-LS.MLS_FlashCrashReversalStrategy_SE.ETORO_128: Set ClientOrderIdGenerator client_order_id count to 0
2026-06-08T20:00:02.642651487Z [INFO] eToro-Momentum-LS.MLS_FlashCrashReversalStrategy_SE.ETORO_128: Set ClientOrderIdGenerator order_list_id count to 0
2026-06-08T20:00:02.642652459Z [INFO] eToro-Momentum-LS.MLS_FlashCrashReversalStrategy_SE.ETORO_128: Starte Flash Crash Reversal auf SE.ETORO
2026-06-08T20:00:02.642660714Z [DEBUG] eToro-Momentum-LS.MessageBus: Added Subscription(topic=data.bars.SE.ETORO-1-HOUR-MID-INTERNAL, handler=<bound method Actor.handle_bar of FlashCrashReversalStrategy(MLS_FlashCrashReversalStrategy_SE.ETORO_128-128)>, priority=0)
2026-06-08T20:00:02.642662998Z [INFO] eToro-Momentum-LS.MLS_FlashCrashReversalStrategy_SE.ETORO_128: [CMD]--> SubscribeBars(bar_type=SE.ETORO-1-HOUR-MID-INTERNAL, client_id=None, venue=ETORO)
2026-06-08T20:00:02.642680171Z [INFO] eToro-Momentum-LS.MLS_FlashCrashReversalStrategy_SE.ETORO_128: RUNNING
2026-06-08T20:00:02.642682846Z [DEBUG] eToro-Momentum-LS.MLS_FlashCrashReversalStrategy_ASX.ETORO_129: STARTING
2026-06-08T20:00:02.642683266Z [INFO] eToro-Momentum-LS.MLS_FlashCrashReversalStrategy_ASX.ETORO_129: self.config.oms_type=None
2026-06-08T20:00:02.642683457Z [INFO] eToro-Momentum-LS.MLS_FlashCrashReversalStrategy_ASX.ETORO_129: self.config.external_order_claims=None
2026-06-08T20:00:02.642683617Z [INFO] eToro-Momentum-LS.MLS_FlashCrashReversalStrategy_ASX.ETORO_129: self.config.manage_gtd_expiry=False
2026-06-08T20:00:02.642684348Z [INFO] eToro-Momentum-LS.MLS_FlashCrashReversalStrategy_ASX.ETORO_129: Set ClientOrderIdGenerator client_order_id count to 0
2026-06-08T20:00:02.642684529Z [INFO] eToro-Momentum-LS.MLS_FlashCrashReversalStrategy_ASX.ETORO_129: Set ClientOrderIdGenerator order_list_id count to 0
2026-06-08T20:00:02.642685911Z [INFO] eToro-Momentum-LS.MLS_FlashCrashReversalStrategy_ASX.ETORO_129: Starte Flash Crash Reversal auf ASX.ETORO
2026-06-08T20:00:02.642693225Z [DEBUG] eToro-Momentum-LS.MessageBus: Added Subscription(topic=data.bars.ASX.ETORO-1-HOUR-MID-INTERNAL, handler=<bound method Actor.handle_bar of FlashCrashReversalStrategy(MLS_FlashCrashReversalStrategy_ASX.ETORO_129-129)>, priority=0)
2026-06-08T20:00:02.642698285Z [INFO] eToro-Momentum-LS.MLS_FlashCrashReversalStrategy_ASX.ETORO_129: [CMD]--> SubscribeBars(bar_type=ASX.ETORO-1-HOUR-MID-INTERNAL, client_id=None, venue=ETORO)
2026-06-08T20:00:02.642715317Z [INFO] eToro-Momentum-LS.MLS_FlashCrashReversalStrategy_ASX.ETORO_129: RUNNING
2026-06-08T20:00:02.642718002Z [DEBUG] eToro-Momentum-LS.MLS_FlashCrashReversalStrategy_ASX.ETORO_130: STARTING
2026-06-08T20:00:02.642718643Z [INFO] eToro-Momentum-LS.MLS_FlashCrashReversalStrategy_ASX.ETORO_130: self.config.oms_type=None
2026-06-08T20:00:02.642718833Z [INFO] eToro-Momentum-LS.MLS_FlashCrashReversalStrategy_ASX.ETORO_130: self.config.external_order_claims=None
2026-06-08T20:00:02.642718983Z [INFO] eToro-Momentum-LS.MLS_FlashCrashReversalStrategy_ASX.ETORO_130: self.config.manage_gtd_expiry=False
2026-06-08T20:00:02.642719665Z [INFO] eToro-Momentum-LS.MLS_FlashCrashReversalStrategy_ASX.ETORO_130: Set ClientOrderIdGenerator client_order_id count to 0
2026-06-08T20:00:02.642719865Z [INFO] eToro-Momentum-LS.MLS_FlashCrashReversalStrategy_ASX.ETORO_130: Set ClientOrderIdGenerator order_list_id count to 0
2026-06-08T20:00:02.642720987Z [INFO] eToro-Momentum-LS.MLS_FlashCrashReversalStrategy_ASX.ETORO_130: Starte Flash Crash Reversal auf ASX.ETORO
2026-06-08T20:00:02.642728201Z [DEBUG] eToro-Momentum-LS.MessageBus: Added Subscription(topic=data.bars.ASX.ETORO-1-HOUR-MID-INTERNAL, handler=<bound method Actor.handle_bar of FlashCrashReversalStrategy(MLS_FlashCrashReversalStrategy_ASX.ETORO_130-130)>, priority=0)
2026-06-08T20:00:02.642730755Z [INFO] eToro-Momentum-LS.MLS_FlashCrashReversalStrategy_ASX.ETORO_130: [CMD]--> SubscribeBars(bar_type=ASX.ETORO-1-HOUR-MID-INTERNAL, client_id=None, venue=ETORO)
2026-06-08T20:00:02.642747868Z [INFO] eToro-Momentum-LS.MLS_FlashCrashReversalStrategy_ASX.ETORO_130: RUNNING
2026-06-08T20:00:02.642750723Z [DEBUG] eToro-Momentum-LS.MLS_FlashCrashReversalStrategy_ASX.ETORO_131: STARTING
2026-06-08T20:00:02.642751134Z [INFO] eToro-Momentum-LS.MLS_FlashCrashReversalStrategy_ASX.ETORO_131: self.config.oms_type=None
2026-06-08T20:00:02.642751304Z [INFO] eToro-Momentum-LS.MLS_FlashCrashReversalStrategy_ASX.ETORO_131: self.config.external_order_claims=None
2026-06-08T20:00:02.642751454Z [INFO] eToro-Momentum-LS.MLS_FlashCrashReversalStrategy_ASX.ETORO_131: self.config.manage_gtd_expiry=False
2026-06-08T20:00:02.642752045Z [INFO] eToro-Momentum-LS.MLS_FlashCrashReversalStrategy_ASX.ETORO_131: Set ClientOrderIdGenerator client_order_id count to 0
2026-06-08T20:00:02.642752226Z [INFO] eToro-Momentum-LS.MLS_FlashCrashReversalStrategy_ASX.ETORO_131: Set ClientOrderIdGenerator order_list_id count to 0
2026-06-08T20:00:02.642753298Z [INFO] eToro-Momentum-LS.MLS_FlashCrashReversalStrategy_ASX.ETORO_131: Starte Flash Crash Reversal auf ASX.ETORO
2026-06-08T20:00:02.642760060Z [DEBUG] eToro-Momentum-LS.MessageBus: Added Subscription(topic=data.bars.ASX.ETORO-1-HOUR-MID-INTERNAL, handler=<bound method Actor.handle_bar of FlashCrashReversalStrategy(MLS_FlashCrashReversalStrategy_ASX.ETORO_131-131)>, priority=0)
2026-06-08T20:00:02.642762425Z [INFO] eToro-Momentum-LS.MLS_FlashCrashReversalStrategy_ASX.ETORO_131: [CMD]--> SubscribeBars(bar_type=ASX.ETORO-1-HOUR-MID-INTERNAL, client_id=None, venue=ETORO)
2026-06-08T20:00:02.642779407Z [INFO] eToro-Momentum-LS.MLS_FlashCrashReversalStrategy_ASX.ETORO_131: RUNNING
2026-06-08T20:00:02.642782322Z [DEBUG] eToro-Momentum-LS.MLS_FlashCrashReversalStrategy_ASX.ETORO_132: STARTING
2026-06-08T20:00:02.642782713Z [INFO] eToro-Momentum-LS.MLS_FlashCrashReversalStrategy_ASX.ETORO_132: self.config.oms_type=None
2026-06-08T20:00:02.642782893Z [INFO] eToro-Momentum-LS.MLS_FlashCrashReversalStrategy_ASX.ETORO_132: self.config.external_order_claims=None
2026-06-08T20:00:02.642783034Z [INFO] eToro-Momentum-LS.MLS_FlashCrashReversalStrategy_ASX.ETORO_132: self.config.manage_gtd_expiry=False
2026-06-08T20:00:02.642783785Z [INFO] eToro-Momentum-LS.MLS_FlashCrashReversalStrategy_ASX.ETORO_132: Set ClientOrderIdGenerator client_order_id count to 0
2026-06-08T20:00:02.642783985Z [INFO] eToro-Momentum-LS.MLS_FlashCrashReversalStrategy_ASX.ETORO_132: Set ClientOrderIdGenerator order_list_id count to 0
2026-06-08T20:00:02.642784927Z [INFO] eToro-Momentum-LS.MLS_FlashCrashReversalStrategy_ASX.ETORO_132: Starte Flash Crash Reversal auf ASX.ETORO
2026-06-08T20:00:02.642793152Z [DEBUG] eToro-Momentum-LS.MessageBus: Added Subscription(topic=data.bars.ASX.ETORO-1-HOUR-MID-INTERNAL, handler=<bound method Actor.handle_bar of FlashCrashReversalStrategy(MLS_FlashCrashReversalStrategy_ASX.ETORO_132-132)>, priority=0)
2026-06-08T20:00:02.642795577Z [INFO] eToro-Momentum-LS.MLS_FlashCrashReversalStrategy_ASX.ETORO_132: [CMD]--> SubscribeBars(bar_type=ASX.ETORO-1-HOUR-MID-INTERNAL, client_id=None, venue=ETORO)
2026-06-08T20:00:02.642813230Z [INFO] eToro-Momentum-LS.MLS_FlashCrashReversalStrategy_ASX.ETORO_132: RUNNING
2026-06-08T20:00:02.642815835Z [DEBUG] eToro-Momentum-LS.MLS_FlashCrashReversalStrategy_SQM.ETORO_133: STARTING
2026-06-08T20:00:02.642816206Z [INFO] eToro-Momentum-LS.MLS_FlashCrashReversalStrategy_SQM.ETORO_133: self.config.oms_type=None
2026-06-08T20:00:02.642816386Z [INFO] eToro-Momentum-LS.MLS_FlashCrashReversalStrategy_SQM.ETORO_133: self.config.external_order_claims=None
2026-06-08T20:00:02.642816536Z [INFO] eToro-Momentum-LS.MLS_FlashCrashReversalStrategy_SQM.ETORO_133: self.config.manage_gtd_expiry=False
2026-06-08T20:00:02.642817157Z [INFO] eToro-Momentum-LS.MLS_FlashCrashReversalStrategy_SQM.ETORO_133: Set ClientOrderIdGenerator client_order_id count to 0
2026-06-08T20:00:02.642817328Z [INFO] eToro-Momentum-LS.MLS_FlashCrashReversalStrategy_SQM.ETORO_133: Set ClientOrderIdGenerator order_list_id count to 0
2026-06-08T20:00:02.642818410Z [INFO] eToro-Momentum-LS.MLS_FlashCrashReversalStrategy_SQM.ETORO_133: Starte Flash Crash Reversal auf SQM.ETORO
2026-06-08T20:00:02.642825473Z [DEBUG] eToro-Momentum-LS.MessageBus: Added Subscription(topic=data.bars.SQM.ETORO-1-HOUR-MID-INTERNAL, handler=<bound method Actor.handle_bar of FlashCrashReversalStrategy(MLS_FlashCrashReversalStrategy_SQM.ETORO_133-133)>, priority=0)
2026-06-08T20:00:02.642827747Z [INFO] eToro-Momentum-LS.MLS_FlashCrashReversalStrategy_SQM.ETORO_133: [CMD]--> SubscribeBars(bar_type=SQM.ETORO-1-HOUR-MID-INTERNAL, client_id=None, venue=ETORO)
2026-06-08T20:00:02.642844940Z [INFO] eToro-Momentum-LS.MLS_FlashCrashReversalStrategy_SQM.ETORO_133: RUNNING
2026-06-08T20:00:02.642847715Z [DEBUG] eToro-Momentum-LS.MLS_FlashCrashReversalStrategy_SQM.ETORO_134: STARTING
2026-06-08T20:00:02.642848206Z [INFO] eToro-Momentum-LS.MLS_FlashCrashReversalStrategy_SQM.ETORO_134: self.config.oms_type=None
2026-06-08T20:00:02.642848396Z [INFO] eToro-Momentum-LS.MLS_FlashCrashReversalStrategy_SQM.ETORO_134: self.config.external_order_claims=None
2026-06-08T20:00:02.642848667Z [INFO] eToro-Momentum-LS.MLS_FlashCrashReversalStrategy_SQM.ETORO_134: self.config.manage_gtd_expiry=False
2026-06-08T20:00:02.642849248Z [INFO] eToro-Momentum-LS.MLS_FlashCrashReversalStrategy_SQM.ETORO_134: Set ClientOrderIdGenerator client_order_id count to 0
2026-06-08T20:00:02.642849418Z [INFO] eToro-Momentum-LS.MLS_FlashCrashReversalStrategy_SQM.ETORO_134: Set ClientOrderIdGenerator order_list_id count to 0
2026-06-08T20:00:02.642850520Z [INFO] eToro-Momentum-LS.MLS_FlashCrashReversalStrategy_SQM.ETORO_134: Starte Flash Crash Reversal auf SQM.ETORO
2026-06-08T20:00:02.642858405Z [DEBUG] eToro-Momentum-LS.MessageBus: Added Subscription(topic=data.bars.SQM.ETORO-1-HOUR-MID-INTERNAL, handler=<bound method Actor.handle_bar of FlashCrashReversalStrategy(MLS_FlashCrashReversalStrategy_SQM.ETORO_134-134)>, priority=0)
2026-06-08T20:00:02.642861110Z [INFO] eToro-Momentum-LS.MLS_FlashCrashReversalStrategy_SQM.ETORO_134: [CMD]--> SubscribeBars(bar_type=SQM.ETORO-1-HOUR-MID-INTERNAL, client_id=None, venue=ETORO)
2026-06-08T20:00:02.642877951Z [INFO] eToro-Momentum-LS.MLS_FlashCrashReversalStrategy_SQM.ETORO_134: RUNNING
2026-06-08T20:00:02.642880937Z [DEBUG] eToro-Momentum-LS.MLS_FlashCrashReversalStrategy_SQM.ETORO_135: STARTING
2026-06-08T20:00:02.642881248Z [INFO] eToro-Momentum-LS.MLS_FlashCrashReversalStrategy_SQM.ETORO_135: self.config.oms_type=None
2026-06-08T20:00:02.642881418Z [INFO] eToro-Momentum-LS.MLS_FlashCrashReversalStrategy_SQM.ETORO_135: self.config.external_order_claims=None
2026-06-08T20:00:02.642881568Z [INFO] eToro-Momentum-LS.MLS_FlashCrashReversalStrategy_SQM.ETORO_135: self.config.manage_gtd_expiry=False
2026-06-08T20:00:02.642882159Z [INFO] eToro-Momentum-LS.MLS_FlashCrashReversalStrategy_SQM.ETORO_135: Set ClientOrderIdGenerator client_order_id count to 0
2026-06-08T20:00:02.642882420Z [INFO] eToro-Momentum-LS.MLS_FlashCrashReversalStrategy_SQM.ETORO_135: Set ClientOrderIdGenerator order_list_id count to 0
2026-06-08T20:00:02.642883422Z [INFO] eToro-Momentum-LS.MLS_FlashCrashReversalStrategy_SQM.ETORO_135: Starte Flash Crash Reversal auf SQM.ETORO
2026-06-08T20:00:02.642890555Z [DEBUG] eToro-Momentum-LS.MessageBus: Added Subscription(topic=data.bars.SQM.ETORO-1-HOUR-MID-INTERNAL, handler=<bound method Actor.handle_bar of FlashCrashReversalStrategy(MLS_FlashCrashReversalStrategy_SQM.ETORO_135-135)>, priority=0)
2026-06-08T20:00:02.642893941Z [INFO] eToro-Momentum-LS.MLS_FlashCrashReversalStrategy_SQM.ETORO_135: [CMD]--> SubscribeBars(bar_type=SQM.ETORO-1-HOUR-MID-INTERNAL, client_id=None, venue=ETORO)
2026-06-08T20:00:02.642911174Z [INFO] eToro-Momentum-LS.MLS_FlashCrashReversalStrategy_SQM.ETORO_135: RUNNING
2026-06-08T20:00:02.642913969Z [DEBUG] eToro-Momentum-LS.MLS_FlashCrashReversalStrategy_SQM.ETORO_136: STARTING
2026-06-08T20:00:02.642914370Z [INFO] eToro-Momentum-LS.MLS_FlashCrashReversalStrategy_SQM.ETORO_136: self.config.oms_type=None
2026-06-08T20:00:02.642914550Z [INFO] eToro-Momentum-LS.MLS_FlashCrashReversalStrategy_SQM.ETORO_136: self.config.external_order_claims=None
2026-06-08T20:00:02.642914690Z [INFO] eToro-Momentum-LS.MLS_FlashCrashReversalStrategy_SQM.ETORO_136: self.config.manage_gtd_expiry=False
2026-06-08T20:00:02.642915412Z [INFO] eToro-Momentum-LS.MLS_FlashCrashReversalStrategy_SQM.ETORO_136: Set ClientOrderIdGenerator client_order_id count to 0
2026-06-08T20:00:02.642916073Z [INFO] eToro-Momentum-LS.MLS_FlashCrashReversalStrategy_SQM.ETORO_136: Set ClientOrderIdGenerator order_list_id count to 0
2026-06-08T20:00:02.642917716Z [INFO] eToro-Momentum-LS.MLS_FlashCrashReversalStrategy_SQM.ETORO_136: Starte Flash Crash Reversal auf SQM.ETORO
2026-06-08T20:00:02.642925841Z [DEBUG] eToro-Momentum-LS.MessageBus: Added Subscription(topic=data.bars.SQM.ETORO-1-HOUR-MID-INTERNAL, handler=<bound method Actor.handle_bar of FlashCrashReversalStrategy(MLS_FlashCrashReversalStrategy_SQM.ETORO_136-136)>, priority=0)
2026-06-08T20:00:02.642947171Z [INFO] eToro-Momentum-LS.MLS_FlashCrashReversalStrategy_SQM.ETORO_136: [CMD]--> SubscribeBars(bar_type=SQM.ETORO-1-HOUR-MID-INTERNAL, client_id=None, venue=ETORO)
2026-06-08T20:00:02.642964313Z [INFO] eToro-Momentum-LS.MLS_FlashCrashReversalStrategy_SQM.ETORO_136: RUNNING
2026-06-08T20:00:02.642967249Z [DEBUG] eToro-Momentum-LS.MLS_FlashCrashReversalStrategy_SQM.ETORO_137: STARTING
2026-06-08T20:00:02.642967620Z [INFO] eToro-Momentum-LS.MLS_FlashCrashReversalStrategy_SQM.ETORO_137: self.config.oms_type=None
2026-06-08T20:00:02.642968611Z [INFO] eToro-Momentum-LS.MLS_FlashCrashReversalStrategy_SQM.ETORO_137: self.config.external_order_claims=None
2026-06-08T20:00:02.642968792Z [INFO] eToro-Momentum-LS.MLS_FlashCrashReversalStrategy_SQM.ETORO_137: self.config.manage_gtd_expiry=False
2026-06-08T20:00:02.642969343Z [INFO] eToro-Momentum-LS.MLS_FlashCrashReversalStrategy_SQM.ETORO_137: Set ClientOrderIdGenerator client_order_id count to 0
2026-06-08T20:00:02.642969483Z [INFO] eToro-Momentum-LS.MLS_FlashCrashReversalStrategy_SQM.ETORO_137: Set ClientOrderIdGenerator order_list_id count to 0
2026-06-08T20:00:02.642970745Z [INFO] eToro-Momentum-LS.MLS_FlashCrashReversalStrategy_SQM.ETORO_137: Starte Flash Crash Reversal auf SQM.ETORO
2026-06-08T20:00:02.642979111Z [DEBUG] eToro-Momentum-LS.MessageBus: Added Subscription(topic=data.bars.SQM.ETORO-1-HOUR-MID-INTERNAL, handler=<bound method Actor.handle_bar of FlashCrashReversalStrategy(MLS_FlashCrashReversalStrategy_SQM.ETORO_137-137)>, priority=0)
2026-06-08T20:00:02.642986946Z [INFO] eToro-Momentum-LS.MLS_FlashCrashReversalStrategy_SQM.ETORO_137: [CMD]--> SubscribeBars(bar_type=SQM.ETORO-1-HOUR-MID-INTERNAL, client_id=None, venue=ETORO)
2026-06-08T20:00:02.643010480Z [INFO] eToro-Momentum-LS.MLS_FlashCrashReversalStrategy_SQM.ETORO_137: RUNNING
2026-06-08T20:00:02.643013375Z [DEBUG] eToro-Momentum-LS.MLS_FlashCrashReversalStrategy_SQM.ETORO_138: STARTING
2026-06-08T20:00:02.643013676Z [INFO] eToro-Momentum-LS.MLS_FlashCrashReversalStrategy_SQM.ETORO_138: self.config.oms_type=None
2026-06-08T20:00:02.643013876Z [INFO] eToro-Momentum-LS.MLS_FlashCrashReversalStrategy_SQM.ETORO_138: self.config.external_order_claims=None
2026-06-08T20:00:02.643014127Z [INFO] eToro-Momentum-LS.MLS_FlashCrashReversalStrategy_SQM.ETORO_138: self.config.manage_gtd_expiry=False
2026-06-08T20:00:02.643014738Z [INFO] eToro-Momentum-LS.MLS_FlashCrashReversalStrategy_SQM.ETORO_138: Set ClientOrderIdGenerator client_order_id count to 0
2026-06-08T20:00:02.643014938Z [INFO] eToro-Momentum-LS.MLS_FlashCrashReversalStrategy_SQM.ETORO_138: Set ClientOrderIdGenerator order_list_id count to 0
2026-06-08T20:00:02.643016040Z [INFO] eToro-Momentum-LS.MLS_FlashCrashReversalStrategy_SQM.ETORO_138: Starte Flash Crash Reversal auf SQM.ETORO
2026-06-08T20:00:02.643022763Z [DEBUG] eToro-Momentum-LS.MessageBus: Added Subscription(topic=data.bars.SQM.ETORO-1-HOUR-MID-INTERNAL, handler=<bound method Actor.handle_bar of FlashCrashReversalStrategy(MLS_FlashCrashReversalStrategy_SQM.ETORO_138-138)>, priority=0)
2026-06-08T20:00:02.643025198Z [INFO] eToro-Momentum-LS.MLS_FlashCrashReversalStrategy_SQM.ETORO_138: [CMD]--> SubscribeBars(bar_type=SQM.ETORO-1-HOUR-MID-INTERNAL, client_id=None, venue=ETORO)
2026-06-08T20:00:02.643042019Z [INFO] eToro-Momentum-LS.MLS_FlashCrashReversalStrategy_SQM.ETORO_138: RUNNING
2026-06-08T20:00:02.643044834Z [DEBUG] eToro-Momentum-LS.MLS_FlashCrashReversalStrategy_SQM.ETORO_139: STARTING
2026-06-08T20:00:02.643045115Z [INFO] eToro-Momentum-LS.MLS_FlashCrashReversalStrategy_SQM.ETORO_139: self.config.oms_type=None
2026-06-08T20:00:02.643045315Z [INFO] eToro-Momentum-LS.MLS_FlashCrashReversalStrategy_SQM.ETORO_139: self.config.external_order_claims=None
2026-06-08T20:00:02.643045486Z [INFO] eToro-Momentum-LS.MLS_FlashCrashReversalStrategy_SQM.ETORO_139: self.config.manage_gtd_expiry=False
2026-06-08T20:00:02.643046077Z [INFO] eToro-Momentum-LS.MLS_FlashCrashReversalStrategy_SQM.ETORO_139: Set ClientOrderIdGenerator client_order_id count to 0
2026-06-08T20:00:02.643046447Z [INFO] eToro-Momentum-LS.MLS_FlashCrashReversalStrategy_SQM.ETORO_139: Set ClientOrderIdGenerator order_list_id count to 0
2026-06-08T20:00:02.643047439Z [INFO] eToro-Momentum-LS.MLS_FlashCrashReversalStrategy_SQM.ETORO_139: Starte Flash Crash Reversal auf SQM.ETORO
2026-06-08T20:00:02.643055074Z [DEBUG] eToro-Momentum-LS.MessageBus: Added Subscription(topic=data.bars.SQM.ETORO-1-HOUR-MID-INTERNAL, handler=<bound method Actor.handle_bar of FlashCrashReversalStrategy(MLS_FlashCrashReversalStrategy_SQM.ETORO_139-139)>, priority=0)
2026-06-08T20:00:02.643057538Z [INFO] eToro-Momentum-LS.MLS_FlashCrashReversalStrategy_SQM.ETORO_139: [CMD]--> SubscribeBars(bar_type=SQM.ETORO-1-HOUR-MID-INTERNAL, client_id=None, venue=ETORO)
2026-06-08T20:00:02.643074209Z [INFO] eToro-Momentum-LS.MLS_FlashCrashReversalStrategy_SQM.ETORO_139: RUNNING
2026-06-08T20:00:02.643077005Z [DEBUG] eToro-Momentum-LS.MLS_FlashCrashReversalStrategy_SQM.ETORO_140: STARTING
2026-06-08T20:00:02.643077385Z [INFO] eToro-Momentum-LS.MLS_FlashCrashReversalStrategy_SQM.ETORO_140: self.config.oms_type=None
2026-06-08T20:00:02.643077556Z [INFO] eToro-Momentum-LS.MLS_FlashCrashReversalStrategy_SQM.ETORO_140: self.config.external_order_claims=None
2026-06-08T20:00:02.643078417Z [INFO] eToro-Momentum-LS.MLS_FlashCrashReversalStrategy_SQM.ETORO_140: self.config.manage_gtd_expiry=False
2026-06-08T20:00:02.643078968Z [INFO] eToro-Momentum-LS.MLS_FlashCrashReversalStrategy_SQM.ETORO_140: Set ClientOrderIdGenerator client_order_id count to 0
2026-06-08T20:00:02.643079169Z [INFO] eToro-Momentum-LS.MLS_FlashCrashReversalStrategy_SQM.ETORO_140: Set ClientOrderIdGenerator order_list_id count to 0
2026-06-08T20:00:02.643080251Z [INFO] eToro-Momentum-LS.MLS_FlashCrashReversalStrategy_SQM.ETORO_140: Starte Flash Crash Reversal auf SQM.ETORO
2026-06-08T20:00:02.643087074Z [DEBUG] eToro-Momentum-LS.MessageBus: Added Subscription(topic=data.bars.SQM.ETORO-1-HOUR-MID-INTERNAL, handler=<bound method Actor.handle_bar of FlashCrashReversalStrategy(MLS_FlashCrashReversalStrategy_SQM.ETORO_140-140)>, priority=0)
2026-06-08T20:00:02.643089979Z [INFO] eToro-Momentum-LS.MLS_FlashCrashReversalStrategy_SQM.ETORO_140: [CMD]--> SubscribeBars(bar_type=SQM.ETORO-1-HOUR-MID-INTERNAL, client_id=None, venue=ETORO)
2026-06-08T20:00:02.643106500Z [INFO] eToro-Momentum-LS.MLS_FlashCrashReversalStrategy_SQM.ETORO_140: RUNNING
2026-06-08T20:00:02.643109486Z [DEBUG] eToro-Momentum-LS.MLS_FlashCrashReversalStrategy_SQM.ETORO_141: STARTING
2026-06-08T20:00:02.643109866Z [INFO] eToro-Momentum-LS.MLS_FlashCrashReversalStrategy_SQM.ETORO_141: self.config.oms_type=None
2026-06-08T20:00:02.643110027Z [INFO] eToro-Momentum-LS.MLS_FlashCrashReversalStrategy_SQM.ETORO_141: self.config.external_order_claims=None
2026-06-08T20:00:02.643110197Z [INFO] eToro-Momentum-LS.MLS_FlashCrashReversalStrategy_SQM.ETORO_141: self.config.manage_gtd_expiry=False
2026-06-08T20:00:02.643110768Z [INFO] eToro-Momentum-LS.MLS_FlashCrashReversalStrategy_SQM.ETORO_141: Set ClientOrderIdGenerator client_order_id count to 0
2026-06-08T20:00:02.643111028Z [INFO] eToro-Momentum-LS.MLS_FlashCrashReversalStrategy_SQM.ETORO_141: Set ClientOrderIdGenerator order_list_id count to 0
2026-06-08T20:00:02.643112151Z [INFO] eToro-Momentum-LS.MLS_FlashCrashReversalStrategy_SQM.ETORO_141: Starte Flash Crash Reversal auf SQM.ETORO
2026-06-08T20:00:02.643119685Z [DEBUG] eToro-Momentum-LS.MessageBus: Added Subscription(topic=data.bars.SQM.ETORO-1-HOUR-MID-INTERNAL, handler=<bound method Actor.handle_bar of FlashCrashReversalStrategy(MLS_FlashCrashReversalStrategy_SQM.ETORO_141-141)>, priority=0)
2026-06-08T20:00:02.643122229Z [INFO] eToro-Momentum-LS.MLS_FlashCrashReversalStrategy_SQM.ETORO_141: [CMD]--> SubscribeBars(bar_type=SQM.ETORO-1-HOUR-MID-INTERNAL, client_id=None, venue=ETORO)
2026-06-08T20:00:02.643138700Z [INFO] eToro-Momentum-LS.MLS_FlashCrashReversalStrategy_SQM.ETORO_141: RUNNING
2026-06-08T20:00:02.643141325Z [DEBUG] eToro-Momentum-LS.MLS_FlashCrashReversalStrategy_SQM.ETORO_142: STARTING
2026-06-08T20:00:02.643141706Z [INFO] eToro-Momentum-LS.MLS_FlashCrashReversalStrategy_SQM.ETORO_142: self.config.oms_type=None
2026-06-08T20:00:02.643141876Z [INFO] eToro-Momentum-LS.MLS_FlashCrashReversalStrategy_SQM.ETORO_142: self.config.external_order_claims=None
2026-06-08T20:00:02.643142037Z [INFO] eToro-Momentum-LS.MLS_FlashCrashReversalStrategy_SQM.ETORO_142: self.config.manage_gtd_expiry=False
2026-06-08T20:00:02.643142728Z [INFO] eToro-Momentum-LS.MLS_FlashCrashReversalStrategy_SQM.ETORO_142: Set ClientOrderIdGenerator client_order_id count to 0
2026-06-08T20:00:02.643142928Z [INFO] eToro-Momentum-LS.MLS_FlashCrashReversalStrategy_SQM.ETORO_142: Set ClientOrderIdGenerator order_list_id count to 0
2026-06-08T20:00:02.643144982Z [INFO] eToro-Momentum-LS.MLS_FlashCrashReversalStrategy_SQM.ETORO_142: Starte Flash Crash Reversal auf SQM.ETORO
2026-06-08T20:00:02.643151615Z [DEBUG] eToro-Momentum-LS.MessageBus: Added Subscription(topic=data.bars.SQM.ETORO-1-HOUR-MID-INTERNAL, handler=<bound method Actor.handle_bar of FlashCrashReversalStrategy(MLS_FlashCrashReversalStrategy_SQM.ETORO_142-142)>, priority=0)
2026-06-08T20:00:02.643153999Z [INFO] eToro-Momentum-LS.MLS_FlashCrashReversalStrategy_SQM.ETORO_142: [CMD]--> SubscribeBars(bar_type=SQM.ETORO-1-HOUR-MID-INTERNAL, client_id=None, venue=ETORO)
2026-06-08T20:00:02.643170680Z [INFO] eToro-Momentum-LS.MLS_FlashCrashReversalStrategy_SQM.ETORO_142: RUNNING
2026-06-08T20:00:02.643173486Z [DEBUG] eToro-Momentum-LS.MLS_FlashCrashReversalStrategy_SQM.ETORO_143: STARTING
2026-06-08T20:00:02.643173866Z [INFO] eToro-Momentum-LS.MLS_FlashCrashReversalStrategy_SQM.ETORO_143: self.config.oms_type=None
2026-06-08T20:00:02.643174057Z [INFO] eToro-Momentum-LS.MLS_FlashCrashReversalStrategy_SQM.ETORO_143: self.config.external_order_claims=None
2026-06-08T20:00:02.643174197Z [INFO] eToro-Momentum-LS.MLS_FlashCrashReversalStrategy_SQM.ETORO_143: self.config.manage_gtd_expiry=False
2026-06-08T20:00:02.643175680Z [INFO] eToro-Momentum-LS.MLS_FlashCrashReversalStrategy_SQM.ETORO_143: Set ClientOrderIdGenerator client_order_id count to 0
2026-06-08T20:00:02.643175830Z [INFO] eToro-Momentum-LS.MLS_FlashCrashReversalStrategy_SQM.ETORO_143: Set ClientOrderIdGenerator order_list_id count to 0
2026-06-08T20:00:02.643177433Z [INFO] eToro-Momentum-LS.MLS_FlashCrashReversalStrategy_SQM.ETORO_143: Starte Flash Crash Reversal auf SQM.ETORO
2026-06-08T20:00:02.643190808Z [DEBUG] eToro-Momentum-LS.MessageBus: Added Subscription(topic=data.bars.SQM.ETORO-1-HOUR-MID-INTERNAL, handler=<bound method Actor.handle_bar of FlashCrashReversalStrategy(MLS_FlashCrashReversalStrategy_SQM.ETORO_143-143)>, priority=0)
2026-06-08T20:00:02.643193713Z [INFO] eToro-Momentum-LS.MLS_FlashCrashReversalStrategy_SQM.ETORO_143: [CMD]--> SubscribeBars(bar_type=SQM.ETORO-1-HOUR-MID-INTERNAL, client_id=None, venue=ETORO)
2026-06-08T20:00:02.643221015Z [INFO] eToro-Momentum-LS.MLS_FlashCrashReversalStrategy_SQM.ETORO_143: RUNNING
2026-06-08T20:00:02.643224141Z [DEBUG] eToro-Momentum-LS.MLS_FlashCrashReversalStrategy_SQM.ETORO_144: STARTING
2026-06-08T20:00:02.643224491Z [INFO] eToro-Momentum-LS.MLS_FlashCrashReversalStrategy_SQM.ETORO_144: self.config.oms_type=None
2026-06-08T20:00:02.643224692Z [INFO] eToro-Momentum-LS.MLS_FlashCrashReversalStrategy_SQM.ETORO_144: self.config.external_order_claims=None
2026-06-08T20:00:02.643224872Z [INFO] eToro-Momentum-LS.MLS_FlashCrashReversalStrategy_SQM.ETORO_144: self.config.manage_gtd_expiry=False
2026-06-08T20:00:02.643225583Z [INFO] eToro-Momentum-LS.MLS_FlashCrashReversalStrategy_SQM.ETORO_144: Set ClientOrderIdGenerator client_order_id count to 0
2026-06-08T20:00:02.643225774Z [INFO] eToro-Momentum-LS.MLS_FlashCrashReversalStrategy_SQM.ETORO_144: Set ClientOrderIdGenerator order_list_id count to 0
2026-06-08T20:00:02.643226735Z [INFO] eToro-Momentum-LS.MLS_FlashCrashReversalStrategy_SQM.ETORO_144: Starte Flash Crash Reversal auf SQM.ETORO
2026-06-08T20:00:02.643233688Z [DEBUG] eToro-Momentum-LS.MessageBus: Added Subscription(topic=data.bars.SQM.ETORO-1-HOUR-MID-INTERNAL, handler=<bound method Actor.handle_bar of FlashCrashReversalStrategy(MLS_FlashCrashReversalStrategy_SQM.ETORO_144-144)>, priority=0)
2026-06-08T20:00:02.643236293Z [INFO] eToro-Momentum-LS.MLS_FlashCrashReversalStrategy_SQM.ETORO_144: [CMD]--> SubscribeBars(bar_type=SQM.ETORO-1-HOUR-MID-INTERNAL, client_id=None, venue=ETORO)
2026-06-08T20:00:02.643254227Z [INFO] eToro-Momentum-LS.MLS_FlashCrashReversalStrategy_SQM.ETORO_144: RUNNING
2026-06-08T20:00:02.643257233Z [DEBUG] eToro-Momentum-LS.MLS_FlashCrashReversalStrategy_SQM.ETORO_145: STARTING
2026-06-08T20:00:02.643257633Z [INFO] eToro-Momentum-LS.MLS_FlashCrashReversalStrategy_SQM.ETORO_145: self.config.oms_type=None
2026-06-08T20:00:02.643257804Z [INFO] eToro-Momentum-LS.MLS_FlashCrashReversalStrategy_SQM.ETORO_145: self.config.external_order_claims=None
2026-06-08T20:00:02.643257944Z [INFO] eToro-Momentum-LS.MLS_FlashCrashReversalStrategy_SQM.ETORO_145: self.config.manage_gtd_expiry=False
2026-06-08T20:00:02.643258545Z [INFO] eToro-Momentum-LS.MLS_FlashCrashReversalStrategy_SQM.ETORO_145: Set ClientOrderIdGenerator client_order_id count to 0
2026-06-08T20:00:02.643258906Z [INFO] eToro-Momentum-LS.MLS_FlashCrashReversalStrategy_SQM.ETORO_145: Set ClientOrderIdGenerator order_list_id count to 0
2026-06-08T20:00:02.643260018Z [INFO] eToro-Momentum-LS.MLS_FlashCrashReversalStrategy_SQM.ETORO_145: Starte Flash Crash Reversal auf SQM.ETORO
2026-06-08T20:00:02.643267211Z [DEBUG] eToro-Momentum-LS.MessageBus: Added Subscription(topic=data.bars.SQM.ETORO-1-HOUR-MID-INTERNAL, handler=<bound method Actor.handle_bar of FlashCrashReversalStrategy(MLS_FlashCrashReversalStrategy_SQM.ETORO_145-145)>, priority=0)
2026-06-08T20:00:02.643269806Z [INFO] eToro-Momentum-LS.MLS_FlashCrashReversalStrategy_SQM.ETORO_145: [CMD]--> SubscribeBars(bar_type=SQM.ETORO-1-HOUR-MID-INTERNAL, client_id=None, venue=ETORO)
2026-06-08T20:00:02.643287449Z [INFO] eToro-Momentum-LS.MLS_FlashCrashReversalStrategy_SQM.ETORO_145: RUNNING
2026-06-08T20:00:02.643290244Z [DEBUG] eToro-Momentum-LS.MLS_FlashCrashReversalStrategy_SQM.ETORO_146: STARTING
2026-06-08T20:00:02.643290595Z [INFO] eToro-Momentum-LS.MLS_FlashCrashReversalStrategy_SQM.ETORO_146: self.config.oms_type=None
2026-06-08T20:00:02.643290765Z [INFO] eToro-Momentum-LS.MLS_FlashCrashReversalStrategy_SQM.ETORO_146: self.config.external_order_claims=None
2026-06-08T20:00:02.643290906Z [INFO] eToro-Momentum-LS.MLS_FlashCrashReversalStrategy_SQM.ETORO_146: self.config.manage_gtd_expiry=False
2026-06-08T20:00:02.643291557Z [INFO] eToro-Momentum-LS.MLS_FlashCrashReversalStrategy_SQM.ETORO_146: Set ClientOrderIdGenerator client_order_id count to 0
2026-06-08T20:00:02.643292008Z [INFO] eToro-Momentum-LS.MLS_FlashCrashReversalStrategy_SQM.ETORO_146: Set ClientOrderIdGenerator order_list_id count to 0
2026-06-08T20:00:02.643293000Z [INFO] eToro-Momentum-LS.MLS_FlashCrashReversalStrategy_SQM.ETORO_146: Starte Flash Crash Reversal auf SQM.ETORO
2026-06-08T20:00:02.643299532Z [DEBUG] eToro-Momentum-LS.MessageBus: Added Subscription(topic=data.bars.SQM.ETORO-1-HOUR-MID-INTERNAL, handler=<bound method Actor.handle_bar of FlashCrashReversalStrategy(MLS_FlashCrashReversalStrategy_SQM.ETORO_146-146)>, priority=0)
2026-06-08T20:00:02.643301816Z [INFO] eToro-Momentum-LS.MLS_FlashCrashReversalStrategy_SQM.ETORO_146: [CMD]--> SubscribeBars(bar_type=SQM.ETORO-1-HOUR-MID-INTERNAL, client_id=None, venue=ETORO)
2026-06-08T20:00:02.643319670Z [INFO] eToro-Momentum-LS.MLS_FlashCrashReversalStrategy_SQM.ETORO_146: RUNNING
2026-06-08T20:00:02.643322325Z [DEBUG] eToro-Momentum-LS.MLS_FlashCrashReversalStrategy_SQM.ETORO_147: STARTING
2026-06-08T20:00:02.643322705Z [INFO] eToro-Momentum-LS.MLS_FlashCrashReversalStrategy_SQM.ETORO_147: self.config.oms_type=None
2026-06-08T20:00:02.643322876Z [INFO] eToro-Momentum-LS.MLS_FlashCrashReversalStrategy_SQM.ETORO_147: self.config.external_order_claims=None
2026-06-08T20:00:02.643323036Z [INFO] eToro-Momentum-LS.MLS_FlashCrashReversalStrategy_SQM.ETORO_147: self.config.manage_gtd_expiry=False
2026-06-08T20:00:02.643323717Z [INFO] eToro-Momentum-LS.MLS_FlashCrashReversalStrategy_SQM.ETORO_147: Set ClientOrderIdGenerator client_order_id count to 0
2026-06-08T20:00:02.643323938Z [INFO] eToro-Momentum-LS.MLS_FlashCrashReversalStrategy_SQM.ETORO_147: Set ClientOrderIdGenerator order_list_id count to 0
2026-06-08T20:00:02.643325000Z [INFO] eToro-Momentum-LS.MLS_FlashCrashReversalStrategy_SQM.ETORO_147: Starte Flash Crash Reversal auf SQM.ETORO
2026-06-08T20:00:02.643332113Z [DEBUG] eToro-Momentum-LS.MessageBus: Added Subscription(topic=data.bars.SQM.ETORO-1-HOUR-MID-INTERNAL, handler=<bound method Actor.handle_bar of FlashCrashReversalStrategy(MLS_FlashCrashReversalStrategy_SQM.ETORO_147-147)>, priority=0)
2026-06-08T20:00:02.643335660Z [INFO] eToro-Momentum-LS.MLS_FlashCrashReversalStrategy_SQM.ETORO_147: [CMD]--> SubscribeBars(bar_type=SQM.ETORO-1-HOUR-MID-INTERNAL, client_id=None, venue=ETORO)
2026-06-08T20:00:02.643353483Z [INFO] eToro-Momentum-LS.MLS_FlashCrashReversalStrategy_SQM.ETORO_147: RUNNING
2026-06-08T20:00:02.643356539Z [DEBUG] eToro-Momentum-LS.MLS_FlashCrashReversalStrategy_SQM.ETORO_148: STARTING
2026-06-08T20:00:02.643356829Z [INFO] eToro-Momentum-LS.MLS_FlashCrashReversalStrategy_SQM.ETORO_148: self.config.oms_type=None
2026-06-08T20:00:02.643357000Z [INFO] eToro-Momentum-LS.MLS_FlashCrashReversalStrategy_SQM.ETORO_148: self.config.external_order_claims=None
2026-06-08T20:00:02.643357140Z [INFO] eToro-Momentum-LS.MLS_FlashCrashReversalStrategy_SQM.ETORO_148: self.config.manage_gtd_expiry=False
2026-06-08T20:00:02.643357721Z [INFO] eToro-Momentum-LS.MLS_FlashCrashReversalStrategy_SQM.ETORO_148: Set ClientOrderIdGenerator client_order_id count to 0
2026-06-08T20:00:02.643357931Z [INFO] eToro-Momentum-LS.MLS_FlashCrashReversalStrategy_SQM.ETORO_148: Set ClientOrderIdGenerator order_list_id count to 0
2026-06-08T20:00:02.643358893Z [INFO] eToro-Momentum-LS.MLS_FlashCrashReversalStrategy_SQM.ETORO_148: Starte Flash Crash Reversal auf SQM.ETORO
2026-06-08T20:00:02.643366698Z [DEBUG] eToro-Momentum-LS.MessageBus: Added Subscription(topic=data.bars.SQM.ETORO-1-HOUR-MID-INTERNAL, handler=<bound method Actor.handle_bar of FlashCrashReversalStrategy(MLS_FlashCrashReversalStrategy_SQM.ETORO_148-148)>, priority=0)
2026-06-08T20:00:02.643370004Z [INFO] eToro-Momentum-LS.MLS_FlashCrashReversalStrategy_SQM.ETORO_148: [CMD]--> SubscribeBars(bar_type=SQM.ETORO-1-HOUR-MID-INTERNAL, client_id=None, venue=ETORO)
2026-06-08T20:00:02.643387837Z [INFO] eToro-Momentum-LS.MLS_FlashCrashReversalStrategy_SQM.ETORO_148: RUNNING
2026-06-08T20:00:02.643391033Z [DEBUG] eToro-Momentum-LS.MLS_FlashCrashReversalStrategy_SQM.ETORO_149: STARTING
2026-06-08T20:00:02.643391584Z [INFO] eToro-Momentum-LS.MLS_FlashCrashReversalStrategy_SQM.ETORO_149: self.config.oms_type=None
2026-06-08T20:00:02.643391745Z [INFO] eToro-Momentum-LS.MLS_FlashCrashReversalStrategy_SQM.ETORO_149: self.config.external_order_claims=None
2026-06-08T20:00:02.643391895Z [INFO] eToro-Momentum-LS.MLS_FlashCrashReversalStrategy_SQM.ETORO_149: self.config.manage_gtd_expiry=False
2026-06-08T20:00:02.643392626Z [INFO] eToro-Momentum-LS.MLS_FlashCrashReversalStrategy_SQM.ETORO_149: Set ClientOrderIdGenerator client_order_id count to 0
2026-06-08T20:00:02.643392847Z [INFO] eToro-Momentum-LS.MLS_FlashCrashReversalStrategy_SQM.ETORO_149: Set ClientOrderIdGenerator order_list_id count to 0
2026-06-08T20:00:02.643394360Z [INFO] eToro-Momentum-LS.MLS_FlashCrashReversalStrategy_SQM.ETORO_149: Starte Flash Crash Reversal auf SQM.ETORO
2026-06-08T20:00:02.643401263Z [DEBUG] eToro-Momentum-LS.MessageBus: Added Subscription(topic=data.bars.SQM.ETORO-1-HOUR-MID-INTERNAL, handler=<bound method Actor.handle_bar of FlashCrashReversalStrategy(MLS_FlashCrashReversalStrategy_SQM.ETORO_149-149)>, priority=0)
2026-06-08T20:00:02.643403497Z [INFO] eToro-Momentum-LS.MLS_FlashCrashReversalStrategy_SQM.ETORO_149: [CMD]--> SubscribeBars(bar_type=SQM.ETORO-1-HOUR-MID-INTERNAL, client_id=None, venue=ETORO)
2026-06-08T20:00:02.643421310Z [INFO] eToro-Momentum-LS.MLS_FlashCrashReversalStrategy_SQM.ETORO_149: RUNNING
2026-06-08T20:00:02.643424035Z [DEBUG] eToro-Momentum-LS.MLS_FlashCrashReversalStrategy_SQM.ETORO_150: STARTING
2026-06-08T20:00:02.643424426Z [INFO] eToro-Momentum-LS.MLS_FlashCrashReversalStrategy_SQM.ETORO_150: self.config.oms_type=None
2026-06-08T20:00:02.643424596Z [INFO] eToro-Momentum-LS.MLS_FlashCrashReversalStrategy_SQM.ETORO_150: self.config.external_order_claims=None
2026-06-08T20:00:02.643424767Z [INFO] eToro-Momentum-LS.MLS_FlashCrashReversalStrategy_SQM.ETORO_150: self.config.manage_gtd_expiry=False
2026-06-08T20:00:02.643425358Z [INFO] eToro-Momentum-LS.MLS_FlashCrashReversalStrategy_SQM.ETORO_150: Set ClientOrderIdGenerator client_order_id count to 0
2026-06-08T20:00:02.643425588Z [INFO] eToro-Momentum-LS.MLS_FlashCrashReversalStrategy_SQM.ETORO_150: Set ClientOrderIdGenerator order_list_id count to 0
2026-06-08T20:00:02.643427041Z [INFO] eToro-Momentum-LS.MLS_FlashCrashReversalStrategy_SQM.ETORO_150: Starte Flash Crash Reversal auf SQM.ETORO
2026-06-08T20:00:02.643433844Z [DEBUG] eToro-Momentum-LS.MessageBus: Added Subscription(topic=data.bars.SQM.ETORO-1-HOUR-MID-INTERNAL, handler=<bound method Actor.handle_bar of FlashCrashReversalStrategy(MLS_FlashCrashReversalStrategy_SQM.ETORO_150-150)>, priority=0)
2026-06-08T20:00:02.643436469Z [INFO] eToro-Momentum-LS.MLS_FlashCrashReversalStrategy_SQM.ETORO_150: [CMD]--> SubscribeBars(bar_type=SQM.ETORO-1-HOUR-MID-INTERNAL, client_id=None, venue=ETORO)
2026-06-08T20:00:02.643454272Z [INFO] eToro-Momentum-LS.MLS_FlashCrashReversalStrategy_SQM.ETORO_150: RUNNING
2026-06-08T20:00:02.643457107Z [DEBUG] eToro-Momentum-LS.MLS_FlashCrashReversalStrategy_SQM.ETORO_151: STARTING
2026-06-08T20:00:02.643457498Z [INFO] eToro-Momentum-LS.MLS_FlashCrashReversalStrategy_SQM.ETORO_151: self.config.oms_type=None
2026-06-08T20:00:02.643457698Z [INFO] eToro-Momentum-LS.MLS_FlashCrashReversalStrategy_SQM.ETORO_151: self.config.external_order_claims=None
2026-06-08T20:00:02.643457859Z [INFO] eToro-Momentum-LS.MLS_FlashCrashReversalStrategy_SQM.ETORO_151: self.config.manage_gtd_expiry=False
2026-06-08T20:00:02.643458520Z [INFO] eToro-Momentum-LS.MLS_FlashCrashReversalStrategy_SQM.ETORO_151: Set ClientOrderIdGenerator client_order_id count to 0
2026-06-08T20:00:02.643458690Z [INFO] eToro-Momentum-LS.MLS_FlashCrashReversalStrategy_SQM.ETORO_151: Set ClientOrderIdGenerator order_list_id count to 0
2026-06-08T20:00:02.643459872Z [INFO] eToro-Momentum-LS.MLS_FlashCrashReversalStrategy_SQM.ETORO_151: Starte Flash Crash Reversal auf SQM.ETORO
2026-06-08T20:00:02.643466375Z [DEBUG] eToro-Momentum-LS.MessageBus: Added Subscription(topic=data.bars.SQM.ETORO-1-HOUR-MID-INTERNAL, handler=<bound method Actor.handle_bar of FlashCrashReversalStrategy(MLS_FlashCrashReversalStrategy_SQM.ETORO_151-151)>, priority=0)
2026-06-08T20:00:02.643468889Z [INFO] eToro-Momentum-LS.MLS_FlashCrashReversalStrategy_SQM.ETORO_151: [CMD]--> SubscribeBars(bar_type=SQM.ETORO-1-HOUR-MID-INTERNAL, client_id=None, venue=ETORO)
2026-06-08T20:00:02.643486583Z [INFO] eToro-Momentum-LS.MLS_FlashCrashReversalStrategy_SQM.ETORO_151: RUNNING
2026-06-08T20:00:02.643489758Z [DEBUG] eToro-Momentum-LS.MLS_FlashCrashReversalStrategy_MNDY.ETORO_152: STARTING
2026-06-08T20:00:02.643490139Z [INFO] eToro-Momentum-LS.MLS_FlashCrashReversalStrategy_MNDY.ETORO_152: self.config.oms_type=None
2026-06-08T20:00:02.643490320Z [INFO] eToro-Momentum-LS.MLS_FlashCrashReversalStrategy_MNDY.ETORO_152: self.config.external_order_claims=None
2026-06-08T20:00:02.643490500Z [INFO] eToro-Momentum-LS.MLS_FlashCrashReversalStrategy_MNDY.ETORO_152: self.config.manage_gtd_expiry=False
2026-06-08T20:00:02.643491271Z [INFO] eToro-Momentum-LS.MLS_FlashCrashReversalStrategy_MNDY.ETORO_152: Set ClientOrderIdGenerator client_order_id count to 0
2026-06-08T20:00:02.643491482Z [INFO] eToro-Momentum-LS.MLS_FlashCrashReversalStrategy_MNDY.ETORO_152: Set ClientOrderIdGenerator order_list_id count to 0
2026-06-08T20:00:02.643492514Z [INFO] eToro-Momentum-LS.MLS_FlashCrashReversalStrategy_MNDY.ETORO_152: Starte Flash Crash Reversal auf MNDY.ETORO
2026-06-08T20:00:02.643500769Z [DEBUG] eToro-Momentum-LS.MessageBus: Added Subscription(topic=data.bars.MNDY.ETORO-1-HOUR-MID-INTERNAL, handler=<bound method Actor.handle_bar of FlashCrashReversalStrategy(MLS_FlashCrashReversalStrategy_MNDY.ETORO_152-152)>, priority=0)
2026-06-08T20:00:02.643503284Z [INFO] eToro-Momentum-LS.MLS_FlashCrashReversalStrategy_MNDY.ETORO_152: [CMD]--> SubscribeBars(bar_type=MNDY.ETORO-1-HOUR-MID-INTERNAL, client_id=None, venue=ETORO)
2026-06-08T20:00:02.643522330Z [INFO] eToro-Momentum-LS.MLS_FlashCrashReversalStrategy_MNDY.ETORO_152: RUNNING
2026-06-08T20:00:02.643525315Z [DEBUG] eToro-Momentum-LS.MLS_FlashCrashReversalStrategy_MNDY.ETORO_153: STARTING
2026-06-08T20:00:02.643525546Z [INFO] eToro-Momentum-LS.MLS_FlashCrashReversalStrategy_MNDY.ETORO_153: self.config.oms_type=None
2026-06-08T20:00:02.643525736Z [INFO] eToro-Momentum-LS.MLS_FlashCrashReversalStrategy_MNDY.ETORO_153: self.config.external_order_claims=None
2026-06-08T20:00:02.643525906Z [INFO] eToro-Momentum-LS.MLS_FlashCrashReversalStrategy_MNDY.ETORO_153: self.config.manage_gtd_expiry=False
2026-06-08T20:00:02.643526628Z [INFO] eToro-Momentum-LS.MLS_FlashCrashReversalStrategy_MNDY.ETORO_153: Set ClientOrderIdGenerator client_order_id count to 0
2026-06-08T20:00:02.643526798Z [INFO] eToro-Momentum-LS.MLS_FlashCrashReversalStrategy_MNDY.ETORO_153: Set ClientOrderIdGenerator order_list_id count to 0
2026-06-08T20:00:02.643528221Z [INFO] eToro-Momentum-LS.MLS_FlashCrashReversalStrategy_MNDY.ETORO_153: Starte Flash Crash Reversal auf MNDY.ETORO
2026-06-08T20:00:02.643536286Z [DEBUG] eToro-Momentum-LS.MessageBus: Added Subscription(topic=data.bars.MNDY.ETORO-1-HOUR-MID-INTERNAL, handler=<bound method Actor.handle_bar of FlashCrashReversalStrategy(MLS_FlashCrashReversalStrategy_MNDY.ETORO_153-153)>, priority=0)
2026-06-08T20:00:02.643539111Z [INFO] eToro-Momentum-LS.MLS_FlashCrashReversalStrategy_MNDY.ETORO_153: [CMD]--> SubscribeBars(bar_type=MNDY.ETORO-1-HOUR-MID-INTERNAL, client_id=None, venue=ETORO)
2026-06-08T20:00:02.643556934Z [INFO] eToro-Momentum-LS.MLS_FlashCrashReversalStrategy_MNDY.ETORO_153: RUNNING
2026-06-08T20:00:02.643559880Z [DEBUG] eToro-Momentum-LS.MLS_FlashCrashReversalStrategy_MNDY.ETORO_154: STARTING
2026-06-08T20:00:02.643560191Z [INFO] eToro-Momentum-LS.MLS_FlashCrashReversalStrategy_MNDY.ETORO_154: self.config.oms_type=None
2026-06-08T20:00:02.643560361Z [INFO] eToro-Momentum-LS.MLS_FlashCrashReversalStrategy_MNDY.ETORO_154: self.config.external_order_claims=None
2026-06-08T20:00:02.643560631Z [INFO] eToro-Momentum-LS.MLS_FlashCrashReversalStrategy_MNDY.ETORO_154: self.config.manage_gtd_expiry=False
2026-06-08T20:00:02.643561363Z [INFO] eToro-Momentum-LS.MLS_FlashCrashReversalStrategy_MNDY.ETORO_154: Set ClientOrderIdGenerator client_order_id count to 0
2026-06-08T20:00:02.643561573Z [INFO] eToro-Momentum-LS.MLS_FlashCrashReversalStrategy_MNDY.ETORO_154: Set ClientOrderIdGenerator order_list_id count to 0
2026-06-08T20:00:02.643562675Z [INFO] eToro-Momentum-LS.MLS_FlashCrashReversalStrategy_MNDY.ETORO_154: Starte Flash Crash Reversal auf MNDY.ETORO
2026-06-08T20:00:02.643569318Z [DEBUG] eToro-Momentum-LS.MessageBus: Added Subscription(topic=data.bars.MNDY.ETORO-1-HOUR-MID-INTERNAL, handler=<bound method Actor.handle_bar of FlashCrashReversalStrategy(MLS_FlashCrashReversalStrategy_MNDY.ETORO_154-154)>, priority=0)
2026-06-08T20:00:02.643572413Z [INFO] eToro-Momentum-LS.MLS_FlashCrashReversalStrategy_MNDY.ETORO_154: [CMD]--> SubscribeBars(bar_type=MNDY.ETORO-1-HOUR-MID-INTERNAL, client_id=None, venue=ETORO)
2026-06-08T20:00:02.643590347Z [INFO] eToro-Momentum-LS.MLS_FlashCrashReversalStrategy_MNDY.ETORO_154: RUNNING
2026-06-08T20:00:02.643593122Z [DEBUG] eToro-Momentum-LS.MLS_FlashCrashReversalStrategy_MNDY.ETORO_155: STARTING
2026-06-08T20:00:02.643593333Z [INFO] eToro-Momentum-LS.MLS_FlashCrashReversalStrategy_MNDY.ETORO_155: self.config.oms_type=None
2026-06-08T20:00:02.643593503Z [INFO] eToro-Momentum-LS.MLS_FlashCrashReversalStrategy_MNDY.ETORO_155: self.config.external_order_claims=None
2026-06-08T20:00:02.643593663Z [INFO] eToro-Momentum-LS.MLS_FlashCrashReversalStrategy_MNDY.ETORO_155: self.config.manage_gtd_expiry=False
2026-06-08T20:00:02.643594495Z [INFO] eToro-Momentum-LS.MLS_FlashCrashReversalStrategy_MNDY.ETORO_155: Set ClientOrderIdGenerator client_order_id count to 0
2026-06-08T20:00:02.643594725Z [INFO] eToro-Momentum-LS.MLS_FlashCrashReversalStrategy_MNDY.ETORO_155: Set ClientOrderIdGenerator order_list_id count to 0
2026-06-08T20:00:02.643595807Z [INFO] eToro-Momentum-LS.MLS_FlashCrashReversalStrategy_MNDY.ETORO_155: Starte Flash Crash Reversal auf MNDY.ETORO
2026-06-08T20:00:02.643604353Z [DEBUG] eToro-Momentum-LS.MessageBus: Added Subscription(topic=data.bars.MNDY.ETORO-1-HOUR-MID-INTERNAL, handler=<bound method Actor.handle_bar of FlashCrashReversalStrategy(MLS_FlashCrashReversalStrategy_MNDY.ETORO_155-155)>, priority=0)
2026-06-08T20:00:02.643607619Z [INFO] eToro-Momentum-LS.MLS_FlashCrashReversalStrategy_MNDY.ETORO_155: [CMD]--> SubscribeBars(bar_type=MNDY.ETORO-1-HOUR-MID-INTERNAL, client_id=None, venue=ETORO)
2026-06-08T20:00:02.643625423Z [INFO] eToro-Momentum-LS.MLS_FlashCrashReversalStrategy_MNDY.ETORO_155: RUNNING
2026-06-08T20:00:02.643628519Z [DEBUG] eToro-Momentum-LS.MLS_FlashCrashReversalStrategy_MNDY.ETORO_156: STARTING
2026-06-08T20:00:02.643628789Z [INFO] eToro-Momentum-LS.MLS_FlashCrashReversalStrategy_MNDY.ETORO_156: self.config.oms_type=None
2026-06-08T20:00:02.643628959Z [INFO] eToro-Momentum-LS.MLS_FlashCrashReversalStrategy_MNDY.ETORO_156: self.config.external_order_claims=None
2026-06-08T20:00:02.643629100Z [INFO] eToro-Momentum-LS.MLS_FlashCrashReversalStrategy_MNDY.ETORO_156: self.config.manage_gtd_expiry=False
2026-06-08T20:00:02.643629711Z [INFO] eToro-Momentum-LS.MLS_FlashCrashReversalStrategy_MNDY.ETORO_156: Set ClientOrderIdGenerator client_order_id count to 0
2026-06-08T20:00:02.643629871Z [INFO] eToro-Momentum-LS.MLS_FlashCrashReversalStrategy_MNDY.ETORO_156: Set ClientOrderIdGenerator order_list_id count to 0
2026-06-08T20:00:02.643630763Z [INFO] eToro-Momentum-LS.MLS_FlashCrashReversalStrategy_MNDY.ETORO_156: Starte Flash Crash Reversal auf MNDY.ETORO
2026-06-08T20:00:02.643637345Z [DEBUG] eToro-Momentum-LS.MessageBus: Added Subscription(topic=data.bars.MNDY.ETORO-1-HOUR-MID-INTERNAL, handler=<bound method Actor.handle_bar of FlashCrashReversalStrategy(MLS_FlashCrashReversalStrategy_MNDY.ETORO_156-156)>, priority=0)
2026-06-08T20:00:02.643639970Z [INFO] eToro-Momentum-LS.MLS_FlashCrashReversalStrategy_MNDY.ETORO_156: [CMD]--> SubscribeBars(bar_type=MNDY.ETORO-1-HOUR-MID-INTERNAL, client_id=None, venue=ETORO)
2026-06-08T20:00:02.643657403Z [INFO] eToro-Momentum-LS.MLS_FlashCrashReversalStrategy_MNDY.ETORO_156: RUNNING
2026-06-08T20:00:02.643659998Z [DEBUG] eToro-Momentum-LS.MLS_FlashCrashReversalStrategy_MNDY.ETORO_157: STARTING
2026-06-08T20:00:02.643660298Z [INFO] eToro-Momentum-LS.MLS_FlashCrashReversalStrategy_MNDY.ETORO_157: self.config.oms_type=None
2026-06-08T20:00:02.643660469Z [INFO] eToro-Momentum-LS.MLS_FlashCrashReversalStrategy_MNDY.ETORO_157: self.config.external_order_claims=None
2026-06-08T20:00:02.643660619Z [INFO] eToro-Momentum-LS.MLS_FlashCrashReversalStrategy_MNDY.ETORO_157: self.config.manage_gtd_expiry=False
2026-06-08T20:00:02.643661300Z [INFO] eToro-Momentum-LS.MLS_FlashCrashReversalStrategy_MNDY.ETORO_157: Set ClientOrderIdGenerator client_order_id count to 0
2026-06-08T20:00:02.643661460Z [INFO] eToro-Momentum-LS.MLS_FlashCrashReversalStrategy_MNDY.ETORO_157: Set ClientOrderIdGenerator order_list_id count to 0
2026-06-08T20:00:02.643662723Z [INFO] eToro-Momentum-LS.MLS_FlashCrashReversalStrategy_MNDY.ETORO_157: Starte Flash Crash Reversal auf MNDY.ETORO
2026-06-08T20:00:02.643669726Z [DEBUG] eToro-Momentum-LS.MessageBus: Added Subscription(topic=data.bars.MNDY.ETORO-1-HOUR-MID-INTERNAL, handler=<bound method Actor.handle_bar of FlashCrashReversalStrategy(MLS_FlashCrashReversalStrategy_MNDY.ETORO_157-157)>, priority=0)
2026-06-08T20:00:02.643672651Z [INFO] eToro-Momentum-LS.MLS_FlashCrashReversalStrategy_MNDY.ETORO_157: [CMD]--> SubscribeBars(bar_type=MNDY.ETORO-1-HOUR-MID-INTERNAL, client_id=None, venue=ETORO)
2026-06-08T20:00:02.643690415Z [INFO] eToro-Momentum-LS.MLS_FlashCrashReversalStrategy_MNDY.ETORO_157: RUNNING
2026-06-08T20:00:02.643693480Z [DEBUG] eToro-Momentum-LS.MLS_FlashCrashReversalStrategy_MNDY.ETORO_158: STARTING
2026-06-08T20:00:02.643693871Z [INFO] eToro-Momentum-LS.MLS_FlashCrashReversalStrategy_MNDY.ETORO_158: self.config.oms_type=None
2026-06-08T20:00:02.643694041Z [INFO] eToro-Momentum-LS.MLS_FlashCrashReversalStrategy_MNDY.ETORO_158: self.config.external_order_claims=None
2026-06-08T20:00:02.643694192Z [INFO] eToro-Momentum-LS.MLS_FlashCrashReversalStrategy_MNDY.ETORO_158: self.config.manage_gtd_expiry=False
2026-06-08T20:00:02.643694883Z [INFO] eToro-Momentum-LS.MLS_FlashCrashReversalStrategy_MNDY.ETORO_158: Set ClientOrderIdGenerator client_order_id count to 0
2026-06-08T20:00:02.643695013Z [INFO] eToro-Momentum-LS.MLS_FlashCrashReversalStrategy_MNDY.ETORO_158: Set ClientOrderIdGenerator order_list_id count to 0
2026-06-08T20:00:02.643696175Z [INFO] eToro-Momentum-LS.MLS_FlashCrashReversalStrategy_MNDY.ETORO_158: Starte Flash Crash Reversal auf MNDY.ETORO
2026-06-08T20:00:02.643702708Z [DEBUG] eToro-Momentum-LS.MessageBus: Added Subscription(topic=data.bars.MNDY.ETORO-1-HOUR-MID-INTERNAL, handler=<bound method Actor.handle_bar of FlashCrashReversalStrategy(MLS_FlashCrashReversalStrategy_MNDY.ETORO_158-158)>, priority=0)
2026-06-08T20:00:02.643705112Z [INFO] eToro-Momentum-LS.MLS_FlashCrashReversalStrategy_MNDY.ETORO_158: [CMD]--> SubscribeBars(bar_type=MNDY.ETORO-1-HOUR-MID-INTERNAL, client_id=None, venue=ETORO)
2026-06-08T20:00:02.643723316Z [INFO] eToro-Momentum-LS.MLS_FlashCrashReversalStrategy_MNDY.ETORO_158: RUNNING
2026-06-08T20:00:02.643726242Z [DEBUG] eToro-Momentum-LS.MLS_FlashCrashReversalStrategy_ELF.ETORO_159: STARTING
2026-06-08T20:00:02.643726693Z [INFO] eToro-Momentum-LS.MLS_FlashCrashReversalStrategy_ELF.ETORO_159: self.config.oms_type=None
2026-06-08T20:00:02.643726893Z [INFO] eToro-Momentum-LS.MLS_FlashCrashReversalStrategy_ELF.ETORO_159: self.config.external_order_claims=None
2026-06-08T20:00:02.643727043Z [INFO] eToro-Momentum-LS.MLS_FlashCrashReversalStrategy_ELF.ETORO_159: self.config.manage_gtd_expiry=False
2026-06-08T20:00:02.643727715Z [INFO] eToro-Momentum-LS.MLS_FlashCrashReversalStrategy_ELF.ETORO_159: Set ClientOrderIdGenerator client_order_id count to 0
2026-06-08T20:00:02.643727865Z [INFO] eToro-Momentum-LS.MLS_FlashCrashReversalStrategy_ELF.ETORO_159: Set ClientOrderIdGenerator order_list_id count to 0
2026-06-08T20:00:02.643729017Z [INFO] eToro-Momentum-LS.MLS_FlashCrashReversalStrategy_ELF.ETORO_159: Starte Flash Crash Reversal auf ELF.ETORO
2026-06-08T20:00:02.643735780Z [DEBUG] eToro-Momentum-LS.MessageBus: Added Subscription(topic=data.bars.ELF.ETORO-1-HOUR-MID-INTERNAL, handler=<bound method Actor.handle_bar of FlashCrashReversalStrategy(MLS_FlashCrashReversalStrategy_ELF.ETORO_159-159)>, priority=0)
2026-06-08T20:00:02.643738174Z [INFO] eToro-Momentum-LS.MLS_FlashCrashReversalStrategy_ELF.ETORO_159: [CMD]--> SubscribeBars(bar_type=ELF.ETORO-1-HOUR-MID-INTERNAL, client_id=None, venue=ETORO)
2026-06-08T20:00:02.643756238Z [INFO] eToro-Momentum-LS.MLS_FlashCrashReversalStrategy_ELF.ETORO_159: RUNNING
2026-06-08T20:00:02.643759033Z [DEBUG] eToro-Momentum-LS.MLS_FlashCrashReversalStrategy_ELF.ETORO_160: STARTING
2026-06-08T20:00:02.643759414Z [INFO] eToro-Momentum-LS.MLS_FlashCrashReversalStrategy_ELF.ETORO_160: self.config.oms_type=None
2026-06-08T20:00:02.643759594Z [INFO] eToro-Momentum-LS.MLS_FlashCrashReversalStrategy_ELF.ETORO_160: self.config.external_order_claims=None
2026-06-08T20:00:02.643759755Z [INFO] eToro-Momentum-LS.MLS_FlashCrashReversalStrategy_ELF.ETORO_160: self.config.manage_gtd_expiry=False
2026-06-08T20:00:02.643760366Z [INFO] eToro-Momentum-LS.MLS_FlashCrashReversalStrategy_ELF.ETORO_160: Set ClientOrderIdGenerator client_order_id count to 0
2026-06-08T20:00:02.643760576Z [INFO] eToro-Momentum-LS.MLS_FlashCrashReversalStrategy_ELF.ETORO_160: Set ClientOrderIdGenerator order_list_id count to 0
2026-06-08T20:00:02.643762289Z [INFO] eToro-Momentum-LS.MLS_FlashCrashReversalStrategy_ELF.ETORO_160: Starte Flash Crash Reversal auf ELF.ETORO
2026-06-08T20:00:02.643770234Z [DEBUG] eToro-Momentum-LS.MessageBus: Added Subscription(topic=data.bars.ELF.ETORO-1-HOUR-MID-INTERNAL, handler=<bound method Actor.handle_bar of FlashCrashReversalStrategy(MLS_FlashCrashReversalStrategy_ELF.ETORO_160-160)>, priority=0)
2026-06-08T20:00:02.643773210Z [INFO] eToro-Momentum-LS.MLS_FlashCrashReversalStrategy_ELF.ETORO_160: [CMD]--> SubscribeBars(bar_type=ELF.ETORO-1-HOUR-MID-INTERNAL, client_id=None, venue=ETORO)
2026-06-08T20:00:02.643791554Z [INFO] eToro-Momentum-LS.MLS_FlashCrashReversalStrategy_ELF.ETORO_160: RUNNING
2026-06-08T20:00:02.643794319Z [DEBUG] eToro-Momentum-LS.MLS_FlashCrashReversalStrategy_ELF.ETORO_161: STARTING
2026-06-08T20:00:02.643794700Z [INFO] eToro-Momentum-LS.MLS_FlashCrashReversalStrategy_ELF.ETORO_161: self.config.oms_type=None
2026-06-08T20:00:02.643794870Z [INFO] eToro-Momentum-LS.MLS_FlashCrashReversalStrategy_ELF.ETORO_161: self.config.external_order_claims=None
2026-06-08T20:00:02.643795031Z [INFO] eToro-Momentum-LS.MLS_FlashCrashReversalStrategy_ELF.ETORO_161: self.config.manage_gtd_expiry=False
2026-06-08T20:00:02.643795582Z [INFO] eToro-Momentum-LS.MLS_FlashCrashReversalStrategy_ELF.ETORO_161: Set ClientOrderIdGenerator client_order_id count to 0
2026-06-08T20:00:02.643795842Z [INFO] eToro-Momentum-LS.MLS_FlashCrashReversalStrategy_ELF.ETORO_161: Set ClientOrderIdGenerator order_list_id count to 0
2026-06-08T20:00:02.643797025Z [INFO] eToro-Momentum-LS.MLS_FlashCrashReversalStrategy_ELF.ETORO_161: Starte Flash Crash Reversal auf ELF.ETORO
2026-06-08T20:00:02.643803857Z [DEBUG] eToro-Momentum-LS.MessageBus: Added Subscription(topic=data.bars.ELF.ETORO-1-HOUR-MID-INTERNAL, handler=<bound method Actor.handle_bar of FlashCrashReversalStrategy(MLS_FlashCrashReversalStrategy_ELF.ETORO_161-161)>, priority=0)
2026-06-08T20:00:02.643807234Z [INFO] eToro-Momentum-LS.MLS_FlashCrashReversalStrategy_ELF.ETORO_161: [CMD]--> SubscribeBars(bar_type=ELF.ETORO-1-HOUR-MID-INTERNAL, client_id=None, venue=ETORO)
2026-06-08T20:00:02.643825328Z [INFO] eToro-Momentum-LS.MLS_FlashCrashReversalStrategy_ELF.ETORO_161: RUNNING
2026-06-08T20:00:02.643828584Z [DEBUG] eToro-Momentum-LS.MLS_FlashCrashReversalStrategy_ELF.ETORO_162: STARTING
2026-06-08T20:00:02.643828864Z [INFO] eToro-Momentum-LS.MLS_FlashCrashReversalStrategy_ELF.ETORO_162: self.config.oms_type=None
2026-06-08T20:00:02.643829025Z [INFO] eToro-Momentum-LS.MLS_FlashCrashReversalStrategy_ELF.ETORO_162: self.config.external_order_claims=None
2026-06-08T20:00:02.643829185Z [INFO] eToro-Momentum-LS.MLS_FlashCrashReversalStrategy_ELF.ETORO_162: self.config.manage_gtd_expiry=False
2026-06-08T20:00:02.643830036Z [INFO] eToro-Momentum-LS.MLS_FlashCrashReversalStrategy_ELF.ETORO_162: Set ClientOrderIdGenerator client_order_id count to 0
2026-06-08T20:00:02.643830237Z [INFO] eToro-Momentum-LS.MLS_FlashCrashReversalStrategy_ELF.ETORO_162: Set ClientOrderIdGenerator order_list_id count to 0
2026-06-08T20:00:02.643831449Z [INFO] eToro-Momentum-LS.MLS_FlashCrashReversalStrategy_ELF.ETORO_162: Starte Flash Crash Reversal auf ELF.ETORO
2026-06-08T20:00:02.643838192Z [DEBUG] eToro-Momentum-LS.MessageBus: Added Subscription(topic=data.bars.ELF.ETORO-1-HOUR-MID-INTERNAL, handler=<bound method Actor.handle_bar of FlashCrashReversalStrategy(MLS_FlashCrashReversalStrategy_ELF.ETORO_162-162)>, priority=0)
2026-06-08T20:00:02.643840857Z [INFO] eToro-Momentum-LS.MLS_FlashCrashReversalStrategy_ELF.ETORO_162: [CMD]--> SubscribeBars(bar_type=ELF.ETORO-1-HOUR-MID-INTERNAL, client_id=None, venue=ETORO)
2026-06-08T20:00:02.643858760Z [INFO] eToro-Momentum-LS.MLS_FlashCrashReversalStrategy_ELF.ETORO_162: RUNNING
2026-06-08T20:00:02.643862107Z [DEBUG] eToro-Momentum-LS.MLS_FlashCrashReversalStrategy_ELF.ETORO_163: STARTING
2026-06-08T20:00:02.643862497Z [INFO] eToro-Momentum-LS.MLS_FlashCrashReversalStrategy_ELF.ETORO_163: self.config.oms_type=None
2026-06-08T20:00:02.643862668Z [INFO] eToro-Momentum-LS.MLS_FlashCrashReversalStrategy_ELF.ETORO_163: self.config.external_order_claims=None
2026-06-08T20:00:02.643862818Z [INFO] eToro-Momentum-LS.MLS_FlashCrashReversalStrategy_ELF.ETORO_163: self.config.manage_gtd_expiry=False
2026-06-08T20:00:02.643863439Z [INFO] eToro-Momentum-LS.MLS_FlashCrashReversalStrategy_ELF.ETORO_163: Set ClientOrderIdGenerator client_order_id count to 0
2026-06-08T20:00:02.643863659Z [INFO] eToro-Momentum-LS.MLS_FlashCrashReversalStrategy_ELF.ETORO_163: Set ClientOrderIdGenerator order_list_id count to 0
2026-06-08T20:00:02.643864772Z [INFO] eToro-Momentum-LS.MLS_FlashCrashReversalStrategy_ELF.ETORO_163: Starte Flash Crash Reversal auf ELF.ETORO
2026-06-08T20:00:02.643871564Z [DEBUG] eToro-Momentum-LS.MessageBus: Added Subscription(topic=data.bars.ELF.ETORO-1-HOUR-MID-INTERNAL, handler=<bound method Actor.handle_bar of FlashCrashReversalStrategy(MLS_FlashCrashReversalStrategy_ELF.ETORO_163-163)>, priority=0)
2026-06-08T20:00:02.643874139Z [INFO] eToro-Momentum-LS.MLS_FlashCrashReversalStrategy_ELF.ETORO_163: [CMD]--> SubscribeBars(bar_type=ELF.ETORO-1-HOUR-MID-INTERNAL, client_id=None, venue=ETORO)
2026-06-08T20:00:02.643892273Z [INFO] eToro-Momentum-LS.MLS_FlashCrashReversalStrategy_ELF.ETORO_163: RUNNING
2026-06-08T20:00:02.643895048Z [DEBUG] eToro-Momentum-LS.MLS_FlashCrashReversalStrategy_ELF.ETORO_164: STARTING
2026-06-08T20:00:02.643895429Z [INFO] eToro-Momentum-LS.MLS_FlashCrashReversalStrategy_ELF.ETORO_164: self.config.oms_type=None
2026-06-08T20:00:02.643895619Z [INFO] eToro-Momentum-LS.MLS_FlashCrashReversalStrategy_ELF.ETORO_164: self.config.external_order_claims=None
2026-06-08T20:00:02.643895770Z [INFO] eToro-Momentum-LS.MLS_FlashCrashReversalStrategy_ELF.ETORO_164: self.config.manage_gtd_expiry=False
2026-06-08T20:00:02.643896461Z [INFO] eToro-Momentum-LS.MLS_FlashCrashReversalStrategy_ELF.ETORO_164: Set ClientOrderIdGenerator client_order_id count to 0
2026-06-08T20:00:02.643896661Z [INFO] eToro-Momentum-LS.MLS_FlashCrashReversalStrategy_ELF.ETORO_164: Set ClientOrderIdGenerator order_list_id count to 0
2026-06-08T20:00:02.643897623Z [INFO] eToro-Momentum-LS.MLS_FlashCrashReversalStrategy_ELF.ETORO_164: Starte Flash Crash Reversal auf ELF.ETORO
2026-06-08T20:00:02.643904746Z [DEBUG] eToro-Momentum-LS.MessageBus: Added Subscription(topic=data.bars.ELF.ETORO-1-HOUR-MID-INTERNAL, handler=<bound method Actor.handle_bar of FlashCrashReversalStrategy(MLS_FlashCrashReversalStrategy_ELF.ETORO_164-164)>, priority=0)
2026-06-08T20:00:02.643907442Z [INFO] eToro-Momentum-LS.MLS_FlashCrashReversalStrategy_ELF.ETORO_164: [CMD]--> SubscribeBars(bar_type=ELF.ETORO-1-HOUR-MID-INTERNAL, client_id=None, venue=ETORO)
2026-06-08T20:00:02.643928822Z [INFO] eToro-Momentum-LS.MLS_FlashCrashReversalStrategy_ELF.ETORO_164: RUNNING
2026-06-08T20:00:02.643933781Z [DEBUG] eToro-Momentum-LS.MLS_FlashCrashReversalStrategy_VRT.ETORO_165: STARTING
2026-06-08T20:00:02.643934833Z [INFO] eToro-Momentum-LS.MLS_FlashCrashReversalStrategy_VRT.ETORO_165: self.config.oms_type=None
2026-06-08T20:00:02.643935123Z [INFO] eToro-Momentum-LS.MLS_FlashCrashReversalStrategy_VRT.ETORO_165: self.config.external_order_claims=None
2026-06-08T20:00:02.643935374Z [INFO] eToro-Momentum-LS.MLS_FlashCrashReversalStrategy_VRT.ETORO_165: self.config.manage_gtd_expiry=False
2026-06-08T20:00:02.643936276Z [INFO] eToro-Momentum-LS.MLS_FlashCrashReversalStrategy_VRT.ETORO_165: Set ClientOrderIdGenerator client_order_id count to 0
2026-06-08T20:00:02.643936566Z [INFO] eToro-Momentum-LS.MLS_FlashCrashReversalStrategy_VRT.ETORO_165: Set ClientOrderIdGenerator order_list_id count to 0
2026-06-08T20:00:02.643938339Z [INFO] eToro-Momentum-LS.MLS_FlashCrashReversalStrategy_VRT.ETORO_165: Starte Flash Crash Reversal auf VRT.ETORO
2026-06-08T20:00:02.643948999Z [DEBUG] eToro-Momentum-LS.MessageBus: Added Subscription(topic=data.bars.VRT.ETORO-1-HOUR-MID-INTERNAL, handler=<bound method Actor.handle_bar of FlashCrashReversalStrategy(MLS_FlashCrashReversalStrategy_VRT.ETORO_165-165)>, priority=0)
2026-06-08T20:00:02.643951765Z [INFO] eToro-Momentum-LS.MLS_FlashCrashReversalStrategy_VRT.ETORO_165: [CMD]--> SubscribeBars(bar_type=VRT.ETORO-1-HOUR-MID-INTERNAL, client_id=None, venue=ETORO)
2026-06-08T20:00:02.643970440Z [INFO] eToro-Momentum-LS.MLS_FlashCrashReversalStrategy_VRT.ETORO_165: RUNNING
2026-06-08T20:00:02.643973485Z [DEBUG] eToro-Momentum-LS.MLS_FlashCrashReversalStrategy_VRT.ETORO_166: STARTING
2026-06-08T20:00:02.643973866Z [INFO] eToro-Momentum-LS.MLS_FlashCrashReversalStrategy_VRT.ETORO_166: self.config.oms_type=None
2026-06-08T20:00:02.643974076Z [INFO] eToro-Momentum-LS.MLS_FlashCrashReversalStrategy_VRT.ETORO_166: self.config.external_order_claims=None
2026-06-08T20:00:02.643974247Z [INFO] eToro-Momentum-LS.MLS_FlashCrashReversalStrategy_VRT.ETORO_166: self.config.manage_gtd_expiry=False
2026-06-08T20:00:02.643974848Z [INFO] eToro-Momentum-LS.MLS_FlashCrashReversalStrategy_VRT.ETORO_166: Set ClientOrderIdGenerator client_order_id count to 0
2026-06-08T20:00:02.643975068Z [INFO] eToro-Momentum-LS.MLS_FlashCrashReversalStrategy_VRT.ETORO_166: Set ClientOrderIdGenerator order_list_id count to 0
2026-06-08T20:00:02.643976581Z [INFO] eToro-Momentum-LS.MLS_FlashCrashReversalStrategy_VRT.ETORO_166: Starte Flash Crash Reversal auf VRT.ETORO
2026-06-08T20:00:02.643984225Z [DEBUG] eToro-Momentum-LS.MessageBus: Added Subscription(topic=data.bars.VRT.ETORO-1-HOUR-MID-INTERNAL, handler=<bound method Actor.handle_bar of FlashCrashReversalStrategy(MLS_FlashCrashReversalStrategy_VRT.ETORO_166-166)>, priority=0)
2026-06-08T20:00:02.643986840Z [INFO] eToro-Momentum-LS.MLS_FlashCrashReversalStrategy_VRT.ETORO_166: [CMD]--> SubscribeBars(bar_type=VRT.ETORO-1-HOUR-MID-INTERNAL, client_id=None, venue=ETORO)
2026-06-08T20:00:02.644005285Z [INFO] eToro-Momentum-LS.MLS_FlashCrashReversalStrategy_VRT.ETORO_166: RUNNING
2026-06-08T20:00:02.644008291Z [DEBUG] eToro-Momentum-LS.MLS_FlashCrashReversalStrategy_VRT.ETORO_167: STARTING
2026-06-08T20:00:02.644008581Z [INFO] eToro-Momentum-LS.MLS_FlashCrashReversalStrategy_VRT.ETORO_167: self.config.oms_type=None
2026-06-08T20:00:02.644008751Z [INFO] eToro-Momentum-LS.MLS_FlashCrashReversalStrategy_VRT.ETORO_167: self.config.external_order_claims=None
2026-06-08T20:00:02.644008902Z [INFO] eToro-Momentum-LS.MLS_FlashCrashReversalStrategy_VRT.ETORO_167: self.config.manage_gtd_expiry=False
2026-06-08T20:00:02.644009633Z [INFO] eToro-Momentum-LS.MLS_FlashCrashReversalStrategy_VRT.ETORO_167: Set ClientOrderIdGenerator client_order_id count to 0
2026-06-08T20:00:02.644009854Z [INFO] eToro-Momentum-LS.MLS_FlashCrashReversalStrategy_VRT.ETORO_167: Set ClientOrderIdGenerator order_list_id count to 0
2026-06-08T20:00:02.644010956Z [INFO] eToro-Momentum-LS.MLS_FlashCrashReversalStrategy_VRT.ETORO_167: Starte Flash Crash Reversal auf VRT.ETORO
2026-06-08T20:00:02.644017628Z [DEBUG] eToro-Momentum-LS.MessageBus: Added Subscription(topic=data.bars.VRT.ETORO-1-HOUR-MID-INTERNAL, handler=<bound method Actor.handle_bar of FlashCrashReversalStrategy(MLS_FlashCrashReversalStrategy_VRT.ETORO_167-167)>, priority=0)
2026-06-08T20:00:02.644020894Z [INFO] eToro-Momentum-LS.MLS_FlashCrashReversalStrategy_VRT.ETORO_167: [CMD]--> SubscribeBars(bar_type=VRT.ETORO-1-HOUR-MID-INTERNAL, client_id=None, venue=ETORO)
2026-06-08T20:00:02.644039279Z [INFO] eToro-Momentum-LS.MLS_FlashCrashReversalStrategy_VRT.ETORO_167: RUNNING
2026-06-08T20:00:02.644042124Z [DEBUG] eToro-Momentum-LS.MLS_FlashCrashReversalStrategy_VRT.ETORO_168: STARTING
2026-06-08T20:00:02.644042395Z [INFO] eToro-Momentum-LS.MLS_FlashCrashReversalStrategy_VRT.ETORO_168: self.config.oms_type=None
2026-06-08T20:00:02.644042775Z [INFO] eToro-Momentum-LS.MLS_FlashCrashReversalStrategy_VRT.ETORO_168: self.config.external_order_claims=None
2026-06-08T20:00:02.644042926Z [INFO] eToro-Momentum-LS.MLS_FlashCrashReversalStrategy_VRT.ETORO_168: self.config.manage_gtd_expiry=False
2026-06-08T20:00:02.644043617Z [INFO] eToro-Momentum-LS.MLS_FlashCrashReversalStrategy_VRT.ETORO_168: Set ClientOrderIdGenerator client_order_id count to 0
2026-06-08T20:00:02.644043827Z [INFO] eToro-Momentum-LS.MLS_FlashCrashReversalStrategy_VRT.ETORO_168: Set ClientOrderIdGenerator order_list_id count to 0
2026-06-08T20:00:02.644045100Z [INFO] eToro-Momentum-LS.MLS_FlashCrashReversalStrategy_VRT.ETORO_168: Starte Flash Crash Reversal auf VRT.ETORO
2026-06-08T20:00:02.644052443Z [DEBUG] eToro-Momentum-LS.MessageBus: Added Subscription(topic=data.bars.VRT.ETORO-1-HOUR-MID-INTERNAL, handler=<bound method Actor.handle_bar of FlashCrashReversalStrategy(MLS_FlashCrashReversalStrategy_VRT.ETORO_168-168)>, priority=0)
2026-06-08T20:00:02.644054798Z [INFO] eToro-Momentum-LS.MLS_FlashCrashReversalStrategy_VRT.ETORO_168: [CMD]--> SubscribeBars(bar_type=VRT.ETORO-1-HOUR-MID-INTERNAL, client_id=None, venue=ETORO)
2026-06-08T20:00:02.644073202Z [INFO] eToro-Momentum-LS.MLS_FlashCrashReversalStrategy_VRT.ETORO_168: RUNNING
2026-06-08T20:00:02.644076008Z [DEBUG] eToro-Momentum-LS.MLS_FlashCrashReversalStrategy_VRT.ETORO_169: STARTING
2026-06-08T20:00:02.644076398Z [INFO] eToro-Momentum-LS.MLS_FlashCrashReversalStrategy_VRT.ETORO_169: self.config.oms_type=None
2026-06-08T20:00:02.644076589Z [INFO] eToro-Momentum-LS.MLS_FlashCrashReversalStrategy_VRT.ETORO_169: self.config.external_order_claims=None
2026-06-08T20:00:02.644076759Z [INFO] eToro-Momentum-LS.MLS_FlashCrashReversalStrategy_VRT.ETORO_169: self.config.manage_gtd_expiry=False
2026-06-08T20:00:02.644077470Z [INFO] eToro-Momentum-LS.MLS_FlashCrashReversalStrategy_VRT.ETORO_169: Set ClientOrderIdGenerator client_order_id count to 0
2026-06-08T20:00:02.644077701Z [INFO] eToro-Momentum-LS.MLS_FlashCrashReversalStrategy_VRT.ETORO_169: Set ClientOrderIdGenerator order_list_id count to 0
2026-06-08T20:00:02.644078783Z [INFO] eToro-Momentum-LS.MLS_FlashCrashReversalStrategy_VRT.ETORO_169: Starte Flash Crash Reversal auf VRT.ETORO
2026-06-08T20:00:02.644085415Z [DEBUG] eToro-Momentum-LS.MessageBus: Added Subscription(topic=data.bars.VRT.ETORO-1-HOUR-MID-INTERNAL, handler=<bound method Actor.handle_bar of FlashCrashReversalStrategy(MLS_FlashCrashReversalStrategy_VRT.ETORO_169-169)>, priority=0)
2026-06-08T20:00:02.644088090Z [INFO] eToro-Momentum-LS.MLS_FlashCrashReversalStrategy_VRT.ETORO_169: [CMD]--> SubscribeBars(bar_type=VRT.ETORO-1-HOUR-MID-INTERNAL, client_id=None, venue=ETORO)
2026-06-08T20:00:02.644106745Z [INFO] eToro-Momentum-LS.MLS_FlashCrashReversalStrategy_VRT.ETORO_169: RUNNING
2026-06-08T20:00:02.644109741Z [DEBUG] eToro-Momentum-LS.MLS_FlashCrashReversalStrategy_VRT.ETORO_170: STARTING
2026-06-08T20:00:02.644110132Z [INFO] eToro-Momentum-LS.MLS_FlashCrashReversalStrategy_VRT.ETORO_170: self.config.oms_type=None
2026-06-08T20:00:02.644110302Z [INFO] eToro-Momentum-LS.MLS_FlashCrashReversalStrategy_VRT.ETORO_170: self.config.external_order_claims=None
2026-06-08T20:00:02.644110442Z [INFO] eToro-Momentum-LS.MLS_FlashCrashReversalStrategy_VRT.ETORO_170: self.config.manage_gtd_expiry=False
2026-06-08T20:00:02.644111013Z [INFO] eToro-Momentum-LS.MLS_FlashCrashReversalStrategy_VRT.ETORO_170: Set ClientOrderIdGenerator client_order_id count to 0
2026-06-08T20:00:02.644111234Z [INFO] eToro-Momentum-LS.MLS_FlashCrashReversalStrategy_VRT.ETORO_170: Set ClientOrderIdGenerator order_list_id count to 0
2026-06-08T20:00:02.644112306Z [INFO] eToro-Momentum-LS.MLS_FlashCrashReversalStrategy_VRT.ETORO_170: Starte Flash Crash Reversal auf VRT.ETORO
2026-06-08T20:00:02.644119539Z [DEBUG] eToro-Momentum-LS.MessageBus: Added Subscription(topic=data.bars.VRT.ETORO-1-HOUR-MID-INTERNAL, handler=<bound method Actor.handle_bar of FlashCrashReversalStrategy(MLS_FlashCrashReversalStrategy_VRT.ETORO_170-170)>, priority=0)
2026-06-08T20:00:02.644121803Z [INFO] eToro-Momentum-LS.MLS_FlashCrashReversalStrategy_VRT.ETORO_170: [CMD]--> SubscribeBars(bar_type=VRT.ETORO-1-HOUR-MID-INTERNAL, client_id=None, venue=ETORO)
2026-06-08T20:00:02.644139617Z [INFO] eToro-Momentum-LS.MLS_FlashCrashReversalStrategy_VRT.ETORO_170: RUNNING
2026-06-08T20:00:02.644142202Z [DEBUG] eToro-Momentum-LS.MLS_FlashCrashReversalStrategy_VRT.ETORO_171: STARTING
2026-06-08T20:00:02.644142592Z [INFO] eToro-Momentum-LS.MLS_FlashCrashReversalStrategy_VRT.ETORO_171: self.config.oms_type=None
2026-06-08T20:00:02.644142753Z [INFO] eToro-Momentum-LS.MLS_FlashCrashReversalStrategy_VRT.ETORO_171: self.config.external_order_claims=None
2026-06-08T20:00:02.644143504Z [INFO] eToro-Momentum-LS.MLS_FlashCrashReversalStrategy_VRT.ETORO_171: self.config.manage_gtd_expiry=False
2026-06-08T20:00:02.644144115Z [INFO] eToro-Momentum-LS.MLS_FlashCrashReversalStrategy_VRT.ETORO_171: Set ClientOrderIdGenerator client_order_id count to 0
2026-06-08T20:00:02.644144256Z [INFO] eToro-Momentum-LS.MLS_FlashCrashReversalStrategy_VRT.ETORO_171: Set ClientOrderIdGenerator order_list_id count to 0
2026-06-08T20:00:02.644145428Z [INFO] eToro-Momentum-LS.MLS_FlashCrashReversalStrategy_VRT.ETORO_171: Starte Flash Crash Reversal auf VRT.ETORO
2026-06-08T20:00:02.644152241Z [DEBUG] eToro-Momentum-LS.MessageBus: Added Subscription(topic=data.bars.VRT.ETORO-1-HOUR-MID-INTERNAL, handler=<bound method Actor.handle_bar of FlashCrashReversalStrategy(MLS_FlashCrashReversalStrategy_VRT.ETORO_171-171)>, priority=0)
2026-06-08T20:00:02.644154956Z [INFO] eToro-Momentum-LS.MLS_FlashCrashReversalStrategy_VRT.ETORO_171: [CMD]--> SubscribeBars(bar_type=VRT.ETORO-1-HOUR-MID-INTERNAL, client_id=None, venue=ETORO)
2026-06-08T20:00:02.644175324Z [INFO] eToro-Momentum-LS.MLS_FlashCrashReversalStrategy_VRT.ETORO_171: RUNNING
2026-06-08T20:00:02.644178390Z [DEBUG] eToro-Momentum-LS.MLS_FlashCrashReversalStrategy_VRT.ETORO_172: STARTING
2026-06-08T20:00:02.644178941Z [INFO] eToro-Momentum-LS.MLS_FlashCrashReversalStrategy_VRT.ETORO_172: self.config.oms_type=None
2026-06-08T20:00:02.644179131Z [INFO] eToro-Momentum-LS.MLS_FlashCrashReversalStrategy_VRT.ETORO_172: self.config.external_order_claims=None
2026-06-08T20:00:02.644179291Z [INFO] eToro-Momentum-LS.MLS_FlashCrashReversalStrategy_VRT.ETORO_172: self.config.manage_gtd_expiry=False
2026-06-08T20:00:02.644179932Z [INFO] eToro-Momentum-LS.MLS_FlashCrashReversalStrategy_VRT.ETORO_172: Set ClientOrderIdGenerator client_order_id count to 0
2026-06-08T20:00:02.644180133Z [INFO] eToro-Momentum-LS.MLS_FlashCrashReversalStrategy_VRT.ETORO_172: Set ClientOrderIdGenerator order_list_id count to 0
2026-06-08T20:00:02.644181115Z [INFO] eToro-Momentum-LS.MLS_FlashCrashReversalStrategy_VRT.ETORO_172: Starte Flash Crash Reversal auf VRT.ETORO
2026-06-08T20:00:02.644187957Z [DEBUG] eToro-Momentum-LS.MessageBus: Added Subscription(topic=data.bars.VRT.ETORO-1-HOUR-MID-INTERNAL, handler=<bound method Actor.handle_bar of FlashCrashReversalStrategy(MLS_FlashCrashReversalStrategy_VRT.ETORO_172-172)>, priority=0)
2026-06-08T20:00:02.644190482Z [INFO] eToro-Momentum-LS.MLS_FlashCrashReversalStrategy_VRT.ETORO_172: [CMD]--> SubscribeBars(bar_type=VRT.ETORO-1-HOUR-MID-INTERNAL, client_id=None, venue=ETORO)
2026-06-08T20:00:02.644209107Z [INFO] eToro-Momentum-LS.MLS_FlashCrashReversalStrategy_VRT.ETORO_172: RUNNING
2026-06-08T20:00:02.644212143Z [DEBUG] eToro-Momentum-LS.MLS_FlashCrashReversalStrategy_VRT.ETORO_173: STARTING
2026-06-08T20:00:02.644212564Z [INFO] eToro-Momentum-LS.MLS_FlashCrashReversalStrategy_VRT.ETORO_173: self.config.oms_type=None
2026-06-08T20:00:02.644212734Z [INFO] eToro-Momentum-LS.MLS_FlashCrashReversalStrategy_VRT.ETORO_173: self.config.external_order_claims=None
2026-06-08T20:00:02.644212894Z [INFO] eToro-Momentum-LS.MLS_FlashCrashReversalStrategy_VRT.ETORO_173: self.config.manage_gtd_expiry=False
2026-06-08T20:00:02.644213565Z [INFO] eToro-Momentum-LS.MLS_FlashCrashReversalStrategy_VRT.ETORO_173: Set ClientOrderIdGenerator client_order_id count to 0
2026-06-08T20:00:02.644213806Z [INFO] eToro-Momentum-LS.MLS_FlashCrashReversalStrategy_VRT.ETORO_173: Set ClientOrderIdGenerator order_list_id count to 0
2026-06-08T20:00:02.644214878Z [INFO] eToro-Momentum-LS.MLS_FlashCrashReversalStrategy_VRT.ETORO_173: Starte Flash Crash Reversal auf VRT.ETORO
2026-06-08T20:00:02.644222783Z [DEBUG] eToro-Momentum-LS.MessageBus: Added Subscription(topic=data.bars.VRT.ETORO-1-HOUR-MID-INTERNAL, handler=<bound method Actor.handle_bar of FlashCrashReversalStrategy(MLS_FlashCrashReversalStrategy_VRT.ETORO_173-173)>, priority=0)
2026-06-08T20:00:02.644224897Z [INFO] eToro-Momentum-LS.MLS_FlashCrashReversalStrategy_VRT.ETORO_173: [CMD]--> SubscribeBars(bar_type=VRT.ETORO-1-HOUR-MID-INTERNAL, client_id=None, venue=ETORO)
2026-06-08T20:00:02.644244383Z [INFO] eToro-Momentum-LS.MLS_FlashCrashReversalStrategy_VRT.ETORO_173: RUNNING
2026-06-08T20:00:02.644247108Z [DEBUG] eToro-Momentum-LS.MLS_FlashCrashReversalStrategy_CIEN.ETORO_174: STARTING
2026-06-08T20:00:02.644247609Z [INFO] eToro-Momentum-LS.MLS_FlashCrashReversalStrategy_CIEN.ETORO_174: self.config.oms_type=None
2026-06-08T20:00:02.644247790Z [INFO] eToro-Momentum-LS.MLS_FlashCrashReversalStrategy_CIEN.ETORO_174: self.config.external_order_claims=None
2026-06-08T20:00:02.644247950Z [INFO] eToro-Momentum-LS.MLS_FlashCrashReversalStrategy_CIEN.ETORO_174: self.config.manage_gtd_expiry=False
2026-06-08T20:00:02.644249373Z [INFO] eToro-Momentum-LS.MLS_FlashCrashReversalStrategy_CIEN.ETORO_174: Set ClientOrderIdGenerator client_order_id count to 0
2026-06-08T20:00:02.644249613Z [INFO] eToro-Momentum-LS.MLS_FlashCrashReversalStrategy_CIEN.ETORO_174: Set ClientOrderIdGenerator order_list_id count to 0
2026-06-08T20:00:02.644250755Z [INFO] eToro-Momentum-LS.MLS_FlashCrashReversalStrategy_CIEN.ETORO_174: Starte Flash Crash Reversal auf CIEN.ETORO
2026-06-08T20:00:02.644259251Z [DEBUG] eToro-Momentum-LS.MessageBus: Added Subscription(topic=data.bars.CIEN.ETORO-1-HOUR-MID-INTERNAL, handler=<bound method Actor.handle_bar of FlashCrashReversalStrategy(MLS_FlashCrashReversalStrategy_CIEN.ETORO_174-174)>, priority=0)
2026-06-08T20:00:02.644261776Z [INFO] eToro-Momentum-LS.MLS_FlashCrashReversalStrategy_CIEN.ETORO_174: [CMD]--> SubscribeBars(bar_type=CIEN.ETORO-1-HOUR-MID-INTERNAL, client_id=None, venue=ETORO)
2026-06-08T20:00:02.644280932Z [INFO] eToro-Momentum-LS.MLS_FlashCrashReversalStrategy_CIEN.ETORO_174: RUNNING
2026-06-08T20:00:02.644283807Z [DEBUG] eToro-Momentum-LS.MLS_FlashCrashReversalStrategy_CIEN.ETORO_175: STARTING
2026-06-08T20:00:02.644284368Z [INFO] eToro-Momentum-LS.MLS_FlashCrashReversalStrategy_CIEN.ETORO_175: self.config.oms_type=None
2026-06-08T20:00:02.644284559Z [INFO] eToro-Momentum-LS.MLS_FlashCrashReversalStrategy_CIEN.ETORO_175: self.config.external_order_claims=None
2026-06-08T20:00:02.644284739Z [INFO] eToro-Momentum-LS.MLS_FlashCrashReversalStrategy_CIEN.ETORO_175: self.config.manage_gtd_expiry=False
2026-06-08T20:00:02.644285440Z [INFO] eToro-Momentum-LS.MLS_FlashCrashReversalStrategy_CIEN.ETORO_175: Set ClientOrderIdGenerator client_order_id count to 0
2026-06-08T20:00:02.644285671Z [INFO] eToro-Momentum-LS.MLS_FlashCrashReversalStrategy_CIEN.ETORO_175: Set ClientOrderIdGenerator order_list_id count to 0
2026-06-08T20:00:02.644286763Z [INFO] eToro-Momentum-LS.MLS_FlashCrashReversalStrategy_CIEN.ETORO_175: Starte Flash Crash Reversal auf CIEN.ETORO
2026-06-08T20:00:02.644293666Z [DEBUG] eToro-Momentum-LS.MessageBus: Added Subscription(topic=data.bars.CIEN.ETORO-1-HOUR-MID-INTERNAL, handler=<bound method Actor.handle_bar of FlashCrashReversalStrategy(MLS_FlashCrashReversalStrategy_CIEN.ETORO_175-175)>, priority=0)
2026-06-08T20:00:02.644296080Z [INFO] eToro-Momentum-LS.MLS_FlashCrashReversalStrategy_CIEN.ETORO_175: [CMD]--> SubscribeBars(bar_type=CIEN.ETORO-1-HOUR-MID-INTERNAL, client_id=None, venue=ETORO)
2026-06-08T20:00:02.644314174Z [INFO] eToro-Momentum-LS.MLS_FlashCrashReversalStrategy_CIEN.ETORO_175: RUNNING
2026-06-08T20:00:02.644316799Z [DEBUG] eToro-Momentum-LS.MLS_FlashCrashReversalStrategy_CIEN.ETORO_176: STARTING
2026-06-08T20:00:02.644317340Z [INFO] eToro-Momentum-LS.MLS_FlashCrashReversalStrategy_CIEN.ETORO_176: self.config.oms_type=None
2026-06-08T20:00:02.644317510Z [INFO] eToro-Momentum-LS.MLS_FlashCrashReversalStrategy_CIEN.ETORO_176: self.config.external_order_claims=None
2026-06-08T20:00:02.644317751Z [INFO] eToro-Momentum-LS.MLS_FlashCrashReversalStrategy_CIEN.ETORO_176: self.config.manage_gtd_expiry=False
2026-06-08T20:00:02.644318342Z [INFO] eToro-Momentum-LS.MLS_FlashCrashReversalStrategy_CIEN.ETORO_176: Set ClientOrderIdGenerator client_order_id count to 0
2026-06-08T20:00:02.644318552Z [INFO] eToro-Momentum-LS.MLS_FlashCrashReversalStrategy_CIEN.ETORO_176: Set ClientOrderIdGenerator order_list_id count to 0
2026-06-08T20:00:02.644319735Z [INFO] eToro-Momentum-LS.MLS_FlashCrashReversalStrategy_CIEN.ETORO_176: Starte Flash Crash Reversal auf CIEN.ETORO
2026-06-08T20:00:02.644327058Z [DEBUG] eToro-Momentum-LS.MessageBus: Added Subscription(topic=data.bars.CIEN.ETORO-1-HOUR-MID-INTERNAL, handler=<bound method Actor.handle_bar of FlashCrashReversalStrategy(MLS_FlashCrashReversalStrategy_CIEN.ETORO_176-176)>, priority=0)
2026-06-08T20:00:02.644329513Z [INFO] eToro-Momentum-LS.MLS_FlashCrashReversalStrategy_CIEN.ETORO_176: [CMD]--> SubscribeBars(bar_type=CIEN.ETORO-1-HOUR-MID-INTERNAL, client_id=None, venue=ETORO)
2026-06-08T20:00:02.644347697Z [INFO] eToro-Momentum-LS.MLS_FlashCrashReversalStrategy_CIEN.ETORO_176: RUNNING
2026-06-08T20:00:02.644350843Z [DEBUG] eToro-Momentum-LS.MLS_FlashCrashReversalStrategy_CIEN.ETORO_177: STARTING
2026-06-08T20:00:02.644351274Z [INFO] eToro-Momentum-LS.MLS_FlashCrashReversalStrategy_CIEN.ETORO_177: self.config.oms_type=None
2026-06-08T20:00:02.644351454Z [INFO] eToro-Momentum-LS.MLS_FlashCrashReversalStrategy_CIEN.ETORO_177: self.config.external_order_claims=None
2026-06-08T20:00:02.644351604Z [INFO] eToro-Momentum-LS.MLS_FlashCrashReversalStrategy_CIEN.ETORO_177: self.config.manage_gtd_expiry=False
2026-06-08T20:00:02.644352406Z [INFO] eToro-Momentum-LS.MLS_FlashCrashReversalStrategy_CIEN.ETORO_177: Set ClientOrderIdGenerator client_order_id count to 0
2026-06-08T20:00:02.644353277Z [INFO] eToro-Momentum-LS.MLS_FlashCrashReversalStrategy_CIEN.ETORO_177: Set ClientOrderIdGenerator order_list_id count to 0
2026-06-08T20:00:02.644354760Z [INFO] eToro-Momentum-LS.MLS_FlashCrashReversalStrategy_CIEN.ETORO_177: Starte Flash Crash Reversal auf CIEN.ETORO
2026-06-08T20:00:02.644384787Z [DEBUG] eToro-Momentum-LS.MessageBus: Added Subscription(topic=data.bars.CIEN.ETORO-1-HOUR-MID-INTERNAL, handler=<bound method Actor.handle_bar of FlashCrashReversalStrategy(MLS_FlashCrashReversalStrategy_CIEN.ETORO_177-177)>, priority=0)
2026-06-08T20:00:02.644387722Z [INFO] eToro-Momentum-LS.MLS_FlashCrashReversalStrategy_CIEN.ETORO_177: [CMD]--> SubscribeBars(bar_type=CIEN.ETORO-1-HOUR-MID-INTERNAL, client_id=None, venue=ETORO)
2026-06-08T20:00:02.644407078Z [INFO] eToro-Momentum-LS.MLS_FlashCrashReversalStrategy_CIEN.ETORO_177: RUNNING
2026-06-08T20:00:02.644409944Z [DEBUG] eToro-Momentum-LS.MLS_FlashCrashReversalStrategy_CIEN.ETORO_178: STARTING
2026-06-08T20:00:02.644410164Z [INFO] eToro-Momentum-LS.MLS_FlashCrashReversalStrategy_CIEN.ETORO_178: self.config.oms_type=None
2026-06-08T20:00:02.644410334Z [INFO] eToro-Momentum-LS.MLS_FlashCrashReversalStrategy_CIEN.ETORO_178: self.config.external_order_claims=None
2026-06-08T20:00:02.644410485Z [INFO] eToro-Momentum-LS.MLS_FlashCrashReversalStrategy_CIEN.ETORO_178: self.config.manage_gtd_expiry=False
2026-06-08T20:00:02.644411256Z [INFO] eToro-Momentum-LS.MLS_FlashCrashReversalStrategy_CIEN.ETORO_178: Set ClientOrderIdGenerator client_order_id count to 0
2026-06-08T20:00:02.644411477Z [INFO] eToro-Momentum-LS.MLS_FlashCrashReversalStrategy_CIEN.ETORO_178: Set ClientOrderIdGenerator order_list_id count to 0
2026-06-08T20:00:02.644413651Z [INFO] eToro-Momentum-LS.MLS_FlashCrashReversalStrategy_CIEN.ETORO_178: Starte Flash Crash Reversal auf CIEN.ETORO
2026-06-08T20:00:02.644420544Z [DEBUG] eToro-Momentum-LS.MessageBus: Added Subscription(topic=data.bars.CIEN.ETORO-1-HOUR-MID-INTERNAL, handler=<bound method Actor.handle_bar of FlashCrashReversalStrategy(MLS_FlashCrashReversalStrategy_CIEN.ETORO_178-178)>, priority=0)
2026-06-08T20:00:02.644424060Z [INFO] eToro-Momentum-LS.MLS_FlashCrashReversalStrategy_CIEN.ETORO_178: [CMD]--> SubscribeBars(bar_type=CIEN.ETORO-1-HOUR-MID-INTERNAL, client_id=None, venue=ETORO)
2026-06-08T20:00:02.644442815Z [INFO] eToro-Momentum-LS.MLS_FlashCrashReversalStrategy_CIEN.ETORO_178: RUNNING
2026-06-08T20:00:02.644445671Z [DEBUG] eToro-Momentum-LS.MLS_FlashCrashReversalStrategy_CIEN.ETORO_179: STARTING
2026-06-08T20:00:02.644445961Z [INFO] eToro-Momentum-LS.MLS_FlashCrashReversalStrategy_CIEN.ETORO_179: self.config.oms_type=None
2026-06-08T20:00:02.644446132Z [INFO] eToro-Momentum-LS.MLS_FlashCrashReversalStrategy_CIEN.ETORO_179: self.config.external_order_claims=None
2026-06-08T20:00:02.644446272Z [INFO] eToro-Momentum-LS.MLS_FlashCrashReversalStrategy_CIEN.ETORO_179: self.config.manage_gtd_expiry=False
2026-06-08T20:00:02.644447514Z [INFO] eToro-Momentum-LS.MLS_FlashCrashReversalStrategy_CIEN.ETORO_179: Set ClientOrderIdGenerator client_order_id count to 0
2026-06-08T20:00:02.644447815Z [INFO] eToro-Momentum-LS.MLS_FlashCrashReversalStrategy_CIEN.ETORO_179: Set ClientOrderIdGenerator order_list_id count to 0
2026-06-08T20:00:02.644448927Z [INFO] eToro-Momentum-LS.MLS_FlashCrashReversalStrategy_CIEN.ETORO_179: Starte Flash Crash Reversal auf CIEN.ETORO
2026-06-08T20:00:02.644456471Z [DEBUG] eToro-Momentum-LS.MessageBus: Added Subscription(topic=data.bars.CIEN.ETORO-1-HOUR-MID-INTERNAL, handler=<bound method Actor.handle_bar of FlashCrashReversalStrategy(MLS_FlashCrashReversalStrategy_CIEN.ETORO_179-179)>, priority=0)
2026-06-08T20:00:02.644459186Z [INFO] eToro-Momentum-LS.MLS_FlashCrashReversalStrategy_CIEN.ETORO_179: [CMD]--> SubscribeBars(bar_type=CIEN.ETORO-1-HOUR-MID-INTERNAL, client_id=None, venue=ETORO)
2026-06-08T20:00:02.644477390Z [INFO] eToro-Momentum-LS.MLS_FlashCrashReversalStrategy_CIEN.ETORO_179: RUNNING
2026-06-08T20:00:02.644480195Z [DEBUG] eToro-Momentum-LS.MLS_FlashCrashReversalStrategy_POWL.ETORO_180: STARTING
2026-06-08T20:00:02.644480656Z [INFO] eToro-Momentum-LS.MLS_FlashCrashReversalStrategy_POWL.ETORO_180: self.config.oms_type=None
2026-06-08T20:00:02.644480827Z [INFO] eToro-Momentum-LS.MLS_FlashCrashReversalStrategy_POWL.ETORO_180: self.config.external_order_claims=None
2026-06-08T20:00:02.644480967Z [INFO] eToro-Momentum-LS.MLS_FlashCrashReversalStrategy_POWL.ETORO_180: self.config.manage_gtd_expiry=False
2026-06-08T20:00:02.644481708Z [INFO] eToro-Momentum-LS.MLS_FlashCrashReversalStrategy_POWL.ETORO_180: Set ClientOrderIdGenerator client_order_id count to 0
2026-06-08T20:00:02.644481949Z [INFO] eToro-Momentum-LS.MLS_FlashCrashReversalStrategy_POWL.ETORO_180: Set ClientOrderIdGenerator order_list_id count to 0
2026-06-08T20:00:02.644483441Z [INFO] eToro-Momentum-LS.MLS_FlashCrashReversalStrategy_POWL.ETORO_180: Starte Flash Crash Reversal auf POWL.ETORO
2026-06-08T20:00:02.644491627Z [DEBUG] eToro-Momentum-LS.MessageBus: Added Subscription(topic=data.bars.POWL.ETORO-1-HOUR-MID-INTERNAL, handler=<bound method Actor.handle_bar of FlashCrashReversalStrategy(MLS_FlashCrashReversalStrategy_POWL.ETORO_180-180)>, priority=0)
2026-06-08T20:00:02.644495184Z [INFO] eToro-Momentum-LS.MLS_FlashCrashReversalStrategy_POWL.ETORO_180: [CMD]--> SubscribeBars(bar_type=POWL.ETORO-1-HOUR-MID-INTERNAL, client_id=None, venue=ETORO)
2026-06-08T20:00:02.644513578Z [INFO] eToro-Momentum-LS.MLS_FlashCrashReversalStrategy_POWL.ETORO_180: RUNNING
2026-06-08T20:00:02.644516453Z [DEBUG] eToro-Momentum-LS.MLS_FlashCrashReversalStrategy_POWL.ETORO_181: STARTING
2026-06-08T20:00:02.644516864Z [INFO] eToro-Momentum-LS.MLS_FlashCrashReversalStrategy_POWL.ETORO_181: self.config.oms_type=None
2026-06-08T20:00:02.644517034Z [INFO] eToro-Momentum-LS.MLS_FlashCrashReversalStrategy_POWL.ETORO_181: self.config.external_order_claims=None
2026-06-08T20:00:02.644517175Z [INFO] eToro-Momentum-LS.MLS_FlashCrashReversalStrategy_POWL.ETORO_181: self.config.manage_gtd_expiry=False
2026-06-08T20:00:02.644517896Z [INFO] eToro-Momentum-LS.MLS_FlashCrashReversalStrategy_POWL.ETORO_181: Set ClientOrderIdGenerator client_order_id count to 0
2026-06-08T20:00:02.644518056Z [INFO] eToro-Momentum-LS.MLS_FlashCrashReversalStrategy_POWL.ETORO_181: Set ClientOrderIdGenerator order_list_id count to 0
2026-06-08T20:00:02.644519289Z [INFO] eToro-Momentum-LS.MLS_FlashCrashReversalStrategy_POWL.ETORO_181: Starte Flash Crash Reversal auf POWL.ETORO
2026-06-08T20:00:02.644526773Z [DEBUG] eToro-Momentum-LS.MessageBus: Added Subscription(topic=data.bars.POWL.ETORO-1-HOUR-MID-INTERNAL, handler=<bound method Actor.handle_bar of FlashCrashReversalStrategy(MLS_FlashCrashReversalStrategy_POWL.ETORO_181-181)>, priority=0)
2026-06-08T20:00:02.644529458Z [INFO] eToro-Momentum-LS.MLS_FlashCrashReversalStrategy_POWL.ETORO_181: [CMD]--> SubscribeBars(bar_type=POWL.ETORO-1-HOUR-MID-INTERNAL, client_id=None, venue=ETORO)
2026-06-08T20:00:02.644550367Z [INFO] eToro-Momentum-LS.MLS_FlashCrashReversalStrategy_POWL.ETORO_181: RUNNING
2026-06-08T20:00:02.644553353Z [DEBUG] eToro-Momentum-LS.MLS_FlashCrashReversalStrategy_POWL.ETORO_182: STARTING
2026-06-08T20:00:02.644554435Z [INFO] eToro-Momentum-LS.MLS_FlashCrashReversalStrategy_POWL.ETORO_182: self.config.oms_type=None
2026-06-08T20:00:02.644554625Z [INFO] eToro-Momentum-LS.MLS_FlashCrashReversalStrategy_POWL.ETORO_182: self.config.external_order_claims=None
2026-06-08T20:00:02.644554775Z [INFO] eToro-Momentum-LS.MLS_FlashCrashReversalStrategy_POWL.ETORO_182: self.config.manage_gtd_expiry=False
2026-06-08T20:00:02.644555406Z [INFO] eToro-Momentum-LS.MLS_FlashCrashReversalStrategy_POWL.ETORO_182: Set ClientOrderIdGenerator client_order_id count to 0
2026-06-08T20:00:02.644555607Z [INFO] eToro-Momentum-LS.MLS_FlashCrashReversalStrategy_POWL.ETORO_182: Set ClientOrderIdGenerator order_list_id count to 0
2026-06-08T20:00:02.644556589Z [INFO] eToro-Momentum-LS.MLS_FlashCrashReversalStrategy_POWL.ETORO_182: Starte Flash Crash Reversal auf POWL.ETORO
2026-06-08T20:00:02.644563752Z [DEBUG] eToro-Momentum-LS.MessageBus: Added Subscription(topic=data.bars.POWL.ETORO-1-HOUR-MID-INTERNAL, handler=<bound method Actor.handle_bar of FlashCrashReversalStrategy(MLS_FlashCrashReversalStrategy_POWL.ETORO_182-182)>, priority=0)
2026-06-08T20:00:02.644566076Z [INFO] eToro-Momentum-LS.MLS_FlashCrashReversalStrategy_POWL.ETORO_182: [CMD]--> SubscribeBars(bar_type=POWL.ETORO-1-HOUR-MID-INTERNAL, client_id=None, venue=ETORO)
2026-06-08T20:00:02.644584361Z [INFO] eToro-Momentum-LS.MLS_FlashCrashReversalStrategy_POWL.ETORO_182: RUNNING
2026-06-08T20:00:02.644587116Z [DEBUG] eToro-Momentum-LS.MLS_FlashCrashReversalStrategy_POWL.ETORO_183: STARTING
2026-06-08T20:00:02.644587416Z [INFO] eToro-Momentum-LS.MLS_FlashCrashReversalStrategy_POWL.ETORO_183: self.config.oms_type=None
2026-06-08T20:00:02.644587587Z [INFO] eToro-Momentum-LS.MLS_FlashCrashReversalStrategy_POWL.ETORO_183: self.config.external_order_claims=None
2026-06-08T20:00:02.644587737Z [INFO] eToro-Momentum-LS.MLS_FlashCrashReversalStrategy_POWL.ETORO_183: self.config.manage_gtd_expiry=False
2026-06-08T20:00:02.644588508Z [INFO] eToro-Momentum-LS.MLS_FlashCrashReversalStrategy_POWL.ETORO_183: Set ClientOrderIdGenerator client_order_id count to 0
2026-06-08T20:00:02.644588749Z [INFO] eToro-Momentum-LS.MLS_FlashCrashReversalStrategy_POWL.ETORO_183: Set ClientOrderIdGenerator order_list_id count to 0
2026-06-08T20:00:02.644589781Z [INFO] eToro-Momentum-LS.MLS_FlashCrashReversalStrategy_POWL.ETORO_183: Starte Flash Crash Reversal auf POWL.ETORO
2026-06-08T20:00:02.644596644Z [DEBUG] eToro-Momentum-LS.MessageBus: Added Subscription(topic=data.bars.POWL.ETORO-1-HOUR-MID-INTERNAL, handler=<bound method Actor.handle_bar of FlashCrashReversalStrategy(MLS_FlashCrashReversalStrategy_POWL.ETORO_183-183)>, priority=0)
2026-06-08T20:00:02.644598908Z [INFO] eToro-Momentum-LS.MLS_FlashCrashReversalStrategy_POWL.ETORO_183: [CMD]--> SubscribeBars(bar_type=POWL.ETORO-1-HOUR-MID-INTERNAL, client_id=None, venue=ETORO)
2026-06-08T20:00:02.644617242Z [INFO] eToro-Momentum-LS.MLS_FlashCrashReversalStrategy_POWL.ETORO_183: RUNNING
2026-06-08T20:00:02.644620068Z [DEBUG] eToro-Momentum-LS.MLS_FlashCrashReversalStrategy_POWL.ETORO_184: STARTING
2026-06-08T20:00:02.644620368Z [INFO] eToro-Momentum-LS.MLS_FlashCrashReversalStrategy_POWL.ETORO_184: self.config.oms_type=None
2026-06-08T20:00:02.644620559Z [INFO] eToro-Momentum-LS.MLS_FlashCrashReversalStrategy_POWL.ETORO_184: self.config.external_order_claims=None
2026-06-08T20:00:02.644620699Z [INFO] eToro-Momentum-LS.MLS_FlashCrashReversalStrategy_POWL.ETORO_184: self.config.manage_gtd_expiry=False
2026-06-08T20:00:02.644621320Z [INFO] eToro-Momentum-LS.MLS_FlashCrashReversalStrategy_POWL.ETORO_184: Set ClientOrderIdGenerator client_order_id count to 0
2026-06-08T20:00:02.644621560Z [INFO] eToro-Momentum-LS.MLS_FlashCrashReversalStrategy_POWL.ETORO_184: Set ClientOrderIdGenerator order_list_id count to 0
2026-06-08T20:00:02.644622522Z [INFO] eToro-Momentum-LS.MLS_FlashCrashReversalStrategy_POWL.ETORO_184: Starte Flash Crash Reversal auf POWL.ETORO
2026-06-08T20:00:02.644629405Z [DEBUG] eToro-Momentum-LS.MessageBus: Added Subscription(topic=data.bars.POWL.ETORO-1-HOUR-MID-INTERNAL, handler=<bound method Actor.handle_bar of FlashCrashReversalStrategy(MLS_FlashCrashReversalStrategy_POWL.ETORO_184-184)>, priority=0)
2026-06-08T20:00:02.644631850Z [INFO] eToro-Momentum-LS.MLS_FlashCrashReversalStrategy_POWL.ETORO_184: [CMD]--> SubscribeBars(bar_type=POWL.ETORO-1-HOUR-MID-INTERNAL, client_id=None, venue=ETORO)
2026-06-08T20:00:02.644650705Z [INFO] eToro-Momentum-LS.MLS_FlashCrashReversalStrategy_POWL.ETORO_184: RUNNING
2026-06-08T20:00:02.644653350Z [DEBUG] eToro-Momentum-LS.MLS_FlashCrashReversalStrategy_POWL.ETORO_185: STARTING
2026-06-08T20:00:02.644653731Z [INFO] eToro-Momentum-LS.MLS_FlashCrashReversalStrategy_POWL.ETORO_185: self.config.oms_type=None
2026-06-08T20:00:02.644653901Z [INFO] eToro-Momentum-LS.MLS_FlashCrashReversalStrategy_POWL.ETORO_185: self.config.external_order_claims=None
2026-06-08T20:00:02.644654041Z [INFO] eToro-Momentum-LS.MLS_FlashCrashReversalStrategy_POWL.ETORO_185: self.config.manage_gtd_expiry=False
2026-06-08T20:00:02.644654873Z [INFO] eToro-Momentum-LS.MLS_FlashCrashReversalStrategy_POWL.ETORO_185: Set ClientOrderIdGenerator client_order_id count to 0
2026-06-08T20:00:02.644655043Z [INFO] eToro-Momentum-LS.MLS_FlashCrashReversalStrategy_POWL.ETORO_185: Set ClientOrderIdGenerator order_list_id count to 0
2026-06-08T20:00:02.644656135Z [INFO] eToro-Momentum-LS.MLS_FlashCrashReversalStrategy_POWL.ETORO_185: Starte Flash Crash Reversal auf POWL.ETORO
2026-06-08T20:00:02.644663118Z [DEBUG] eToro-Momentum-LS.MessageBus: Added Subscription(topic=data.bars.POWL.ETORO-1-HOUR-MID-INTERNAL, handler=<bound method Actor.handle_bar of FlashCrashReversalStrategy(MLS_FlashCrashReversalStrategy_POWL.ETORO_185-185)>, priority=0)
2026-06-08T20:00:02.644665282Z [INFO] eToro-Momentum-LS.MLS_FlashCrashReversalStrategy_POWL.ETORO_185: [CMD]--> SubscribeBars(bar_type=POWL.ETORO-1-HOUR-MID-INTERNAL, client_id=None, venue=ETORO)
2026-06-08T20:00:02.644683657Z [INFO] eToro-Momentum-LS.MLS_FlashCrashReversalStrategy_POWL.ETORO_185: RUNNING
2026-06-08T20:00:02.644686893Z [DEBUG] eToro-Momentum-LS.MLS_FlashCrashReversalStrategy_POWL.ETORO_186: STARTING
2026-06-08T20:00:02.644687184Z [INFO] eToro-Momentum-LS.MLS_FlashCrashReversalStrategy_POWL.ETORO_186: self.config.oms_type=None
2026-06-08T20:00:02.644687364Z [INFO] eToro-Momentum-LS.MLS_FlashCrashReversalStrategy_POWL.ETORO_186: self.config.external_order_claims=None
2026-06-08T20:00:02.644687514Z [INFO] eToro-Momentum-LS.MLS_FlashCrashReversalStrategy_POWL.ETORO_186: self.config.manage_gtd_expiry=False
2026-06-08T20:00:02.644688145Z [INFO] eToro-Momentum-LS.MLS_FlashCrashReversalStrategy_POWL.ETORO_186: Set ClientOrderIdGenerator client_order_id count to 0
2026-06-08T20:00:02.644688356Z [INFO] eToro-Momentum-LS.MLS_FlashCrashReversalStrategy_POWL.ETORO_186: Set ClientOrderIdGenerator order_list_id count to 0
2026-06-08T20:00:02.644689698Z [INFO] eToro-Momentum-LS.MLS_FlashCrashReversalStrategy_POWL.ETORO_186: Starte Flash Crash Reversal auf POWL.ETORO
2026-06-08T20:00:02.644697753Z [DEBUG] eToro-Momentum-LS.MessageBus: Added Subscription(topic=data.bars.POWL.ETORO-1-HOUR-MID-INTERNAL, handler=<bound method Actor.handle_bar of FlashCrashReversalStrategy(MLS_FlashCrashReversalStrategy_POWL.ETORO_186-186)>, priority=0)
2026-06-08T20:00:02.644700759Z [INFO] eToro-Momentum-LS.MLS_FlashCrashReversalStrategy_POWL.ETORO_186: [CMD]--> SubscribeBars(bar_type=POWL.ETORO-1-HOUR-MID-INTERNAL, client_id=None, venue=ETORO)
2026-06-08T20:00:02.644719845Z [INFO] eToro-Momentum-LS.MLS_FlashCrashReversalStrategy_POWL.ETORO_186: RUNNING
2026-06-08T20:00:02.644722580Z [DEBUG] eToro-Momentum-LS.MLS_FlashCrashReversalStrategy_POWL.ETORO_187: STARTING
2026-06-08T20:00:02.644723001Z [INFO] eToro-Momentum-LS.MLS_FlashCrashReversalStrategy_POWL.ETORO_187: self.config.oms_type=None
2026-06-08T20:00:02.644723181Z [INFO] eToro-Momentum-LS.MLS_FlashCrashReversalStrategy_POWL.ETORO_187: self.config.external_order_claims=None
2026-06-08T20:00:02.644723351Z [INFO] eToro-Momentum-LS.MLS_FlashCrashReversalStrategy_POWL.ETORO_187: self.config.manage_gtd_expiry=False
2026-06-08T20:00:02.644724163Z [INFO] eToro-Momentum-LS.MLS_FlashCrashReversalStrategy_POWL.ETORO_187: Set ClientOrderIdGenerator client_order_id count to 0
2026-06-08T20:00:02.644724574Z [INFO] eToro-Momentum-LS.MLS_FlashCrashReversalStrategy_POWL.ETORO_187: Set ClientOrderIdGenerator order_list_id count to 0
2026-06-08T20:00:02.644726447Z [INFO] eToro-Momentum-LS.MLS_FlashCrashReversalStrategy_POWL.ETORO_187: Starte Flash Crash Reversal auf POWL.ETORO
2026-06-08T20:00:02.644733681Z [DEBUG] eToro-Momentum-LS.MessageBus: Added Subscription(topic=data.bars.POWL.ETORO-1-HOUR-MID-INTERNAL, handler=<bound method Actor.handle_bar of FlashCrashReversalStrategy(MLS_FlashCrashReversalStrategy_POWL.ETORO_187-187)>, priority=0)
2026-06-08T20:00:02.644736446Z [INFO] eToro-Momentum-LS.MLS_FlashCrashReversalStrategy_POWL.ETORO_187: [CMD]--> SubscribeBars(bar_type=POWL.ETORO-1-HOUR-MID-INTERNAL, client_id=None, venue=ETORO)
2026-06-08T20:00:02.644754840Z [INFO] eToro-Momentum-LS.MLS_FlashCrashReversalStrategy_POWL.ETORO_187: RUNNING
2026-06-08T20:00:02.644757746Z [DEBUG] eToro-Momentum-LS.MLS_FlashCrashReversalStrategy_POWL.ETORO_188: STARTING
2026-06-08T20:00:02.644758137Z [INFO] eToro-Momentum-LS.MLS_FlashCrashReversalStrategy_POWL.ETORO_188: self.config.oms_type=None
2026-06-08T20:00:02.644758307Z [INFO] eToro-Momentum-LS.MLS_FlashCrashReversalStrategy_POWL.ETORO_188: self.config.external_order_claims=None
2026-06-08T20:00:02.644758447Z [INFO] eToro-Momentum-LS.MLS_FlashCrashReversalStrategy_POWL.ETORO_188: self.config.manage_gtd_expiry=False
2026-06-08T20:00:02.644759158Z [INFO] eToro-Momentum-LS.MLS_FlashCrashReversalStrategy_POWL.ETORO_188: Set ClientOrderIdGenerator client_order_id count to 0
2026-06-08T20:00:02.644759419Z [INFO] eToro-Momentum-LS.MLS_FlashCrashReversalStrategy_POWL.ETORO_188: Set ClientOrderIdGenerator order_list_id count to 0
2026-06-08T20:00:02.644760451Z [INFO] eToro-Momentum-LS.MLS_FlashCrashReversalStrategy_POWL.ETORO_188: Starte Flash Crash Reversal auf POWL.ETORO
2026-06-08T20:00:02.644767534Z [DEBUG] eToro-Momentum-LS.MessageBus: Added Subscription(topic=data.bars.POWL.ETORO-1-HOUR-MID-INTERNAL, handler=<bound method Actor.handle_bar of FlashCrashReversalStrategy(MLS_FlashCrashReversalStrategy_POWL.ETORO_188-188)>, priority=0)
2026-06-08T20:00:02.644770249Z [INFO] eToro-Momentum-LS.MLS_FlashCrashReversalStrategy_POWL.ETORO_188: [CMD]--> SubscribeBars(bar_type=POWL.ETORO-1-HOUR-MID-INTERNAL, client_id=None, venue=ETORO)
2026-06-08T20:00:02.644789125Z [INFO] eToro-Momentum-LS.MLS_FlashCrashReversalStrategy_POWL.ETORO_188: RUNNING
2026-06-08T20:00:02.644791960Z [DEBUG] eToro-Momentum-LS.MLS_FlashCrashReversalStrategy_POWL.ETORO_189: STARTING
2026-06-08T20:00:02.644792361Z [INFO] eToro-Momentum-LS.MLS_FlashCrashReversalStrategy_POWL.ETORO_189: self.config.oms_type=None
2026-06-08T20:00:02.644792531Z [INFO] eToro-Momentum-LS.MLS_FlashCrashReversalStrategy_POWL.ETORO_189: self.config.external_order_claims=None
2026-06-08T20:00:02.644792681Z [INFO] eToro-Momentum-LS.MLS_FlashCrashReversalStrategy_POWL.ETORO_189: self.config.manage_gtd_expiry=False
2026-06-08T20:00:02.644793373Z [INFO] eToro-Momentum-LS.MLS_FlashCrashReversalStrategy_POWL.ETORO_189: Set ClientOrderIdGenerator client_order_id count to 0
2026-06-08T20:00:02.644793643Z [INFO] eToro-Momentum-LS.MLS_FlashCrashReversalStrategy_POWL.ETORO_189: Set ClientOrderIdGenerator order_list_id count to 0
2026-06-08T20:00:02.644794976Z [INFO] eToro-Momentum-LS.MLS_FlashCrashReversalStrategy_POWL.ETORO_189: Starte Flash Crash Reversal auf POWL.ETORO
2026-06-08T20:00:02.644801748Z [DEBUG] eToro-Momentum-LS.MessageBus: Added Subscription(topic=data.bars.POWL.ETORO-1-HOUR-MID-INTERNAL, handler=<bound method Actor.handle_bar of FlashCrashReversalStrategy(MLS_FlashCrashReversalStrategy_POWL.ETORO_189-189)>, priority=0)
2026-06-08T20:00:02.644804353Z [INFO] eToro-Momentum-LS.MLS_FlashCrashReversalStrategy_POWL.ETORO_189: [CMD]--> SubscribeBars(bar_type=POWL.ETORO-1-HOUR-MID-INTERNAL, client_id=None, venue=ETORO)
2026-06-08T20:00:02.644823609Z [INFO] eToro-Momentum-LS.MLS_FlashCrashReversalStrategy_POWL.ETORO_189: RUNNING
2026-06-08T20:00:02.644826675Z [DEBUG] eToro-Momentum-LS.MLS_FlashCrashReversalStrategy_PBR.ETORO_190: STARTING
2026-06-08T20:00:02.644827066Z [INFO] eToro-Momentum-LS.MLS_FlashCrashReversalStrategy_PBR.ETORO_190: self.config.oms_type=None
2026-06-08T20:00:02.644827246Z [INFO] eToro-Momentum-LS.MLS_FlashCrashReversalStrategy_PBR.ETORO_190: self.config.external_order_claims=None
2026-06-08T20:00:02.644827416Z [INFO] eToro-Momentum-LS.MLS_FlashCrashReversalStrategy_PBR.ETORO_190: self.config.manage_gtd_expiry=False
2026-06-08T20:00:02.644828138Z [INFO] eToro-Momentum-LS.MLS_FlashCrashReversalStrategy_PBR.ETORO_190: Set ClientOrderIdGenerator client_order_id count to 0
2026-06-08T20:00:02.644828338Z [INFO] eToro-Momentum-LS.MLS_FlashCrashReversalStrategy_PBR.ETORO_190: Set ClientOrderIdGenerator order_list_id count to 0
2026-06-08T20:00:02.644829540Z [INFO] eToro-Momentum-LS.MLS_FlashCrashReversalStrategy_PBR.ETORO_190: Starte Flash Crash Reversal auf PBR.ETORO
2026-06-08T20:00:02.644837786Z [DEBUG] eToro-Momentum-LS.MessageBus: Added Subscription(topic=data.bars.PBR.ETORO-1-HOUR-MID-INTERNAL, handler=<bound method Actor.handle_bar of FlashCrashReversalStrategy(MLS_FlashCrashReversalStrategy_PBR.ETORO_190-190)>, priority=0)
2026-06-08T20:00:02.644840451Z [INFO] eToro-Momentum-LS.MLS_FlashCrashReversalStrategy_PBR.ETORO_190: [CMD]--> SubscribeBars(bar_type=PBR.ETORO-1-HOUR-MID-INTERNAL, client_id=None, venue=ETORO)
2026-06-08T20:00:02.644859256Z [INFO] eToro-Momentum-LS.MLS_FlashCrashReversalStrategy_PBR.ETORO_190: RUNNING
2026-06-08T20:00:02.644862302Z [DEBUG] eToro-Momentum-LS.MLS_FlashCrashReversalStrategy_PBR.ETORO_191: STARTING
2026-06-08T20:00:02.644862512Z [INFO] eToro-Momentum-LS.MLS_FlashCrashReversalStrategy_PBR.ETORO_191: self.config.oms_type=None
2026-06-08T20:00:02.644862693Z [INFO] eToro-Momentum-LS.MLS_FlashCrashReversalStrategy_PBR.ETORO_191: self.config.external_order_claims=None
2026-06-08T20:00:02.644862863Z [INFO] eToro-Momentum-LS.MLS_FlashCrashReversalStrategy_PBR.ETORO_191: self.config.manage_gtd_expiry=False
2026-06-08T20:00:02.644863554Z [INFO] eToro-Momentum-LS.MLS_FlashCrashReversalStrategy_PBR.ETORO_191: Set ClientOrderIdGenerator client_order_id count to 0
2026-06-08T20:00:02.644863735Z [INFO] eToro-Momentum-LS.MLS_FlashCrashReversalStrategy_PBR.ETORO_191: Set ClientOrderIdGenerator order_list_id count to 0
2026-06-08T20:00:02.644864857Z [INFO] eToro-Momentum-LS.MLS_FlashCrashReversalStrategy_PBR.ETORO_191: Starte Flash Crash Reversal auf PBR.ETORO
2026-06-08T20:00:02.644871599Z [DEBUG] eToro-Momentum-LS.MessageBus: Added Subscription(topic=data.bars.PBR.ETORO-1-HOUR-MID-INTERNAL, handler=<bound method Actor.handle_bar of FlashCrashReversalStrategy(MLS_FlashCrashReversalStrategy_PBR.ETORO_191-191)>, priority=0)
2026-06-08T20:00:02.644874505Z [INFO] eToro-Momentum-LS.MLS_FlashCrashReversalStrategy_PBR.ETORO_191: [CMD]--> SubscribeBars(bar_type=PBR.ETORO-1-HOUR-MID-INTERNAL, client_id=None, venue=ETORO)
2026-06-08T20:00:02.644893671Z [INFO] eToro-Momentum-LS.MLS_FlashCrashReversalStrategy_PBR.ETORO_191: RUNNING
2026-06-08T20:00:02.644896746Z [DEBUG] eToro-Momentum-LS.MLS_FlashCrashReversalStrategy_PBR.ETORO_192: STARTING
2026-06-08T20:00:02.644897137Z [INFO] eToro-Momentum-LS.MLS_FlashCrashReversalStrategy_PBR.ETORO_192: self.config.oms_type=None
2026-06-08T20:00:02.644897307Z [INFO] eToro-Momentum-LS.MLS_FlashCrashReversalStrategy_PBR.ETORO_192: self.config.external_order_claims=None
2026-06-08T20:00:02.644897458Z [INFO] eToro-Momentum-LS.MLS_FlashCrashReversalStrategy_PBR.ETORO_192: self.config.manage_gtd_expiry=False
2026-06-08T20:00:02.644898259Z [INFO] eToro-Momentum-LS.MLS_FlashCrashReversalStrategy_PBR.ETORO_192: Set ClientOrderIdGenerator client_order_id count to 0
2026-06-08T20:00:02.644898430Z [INFO] eToro-Momentum-LS.MLS_FlashCrashReversalStrategy_PBR.ETORO_192: Set ClientOrderIdGenerator order_list_id count to 0
2026-06-08T20:00:02.644899421Z [INFO] eToro-Momentum-LS.MLS_FlashCrashReversalStrategy_PBR.ETORO_192: Starte Flash Crash Reversal auf PBR.ETORO
2026-06-08T20:00:02.644907687Z [DEBUG] eToro-Momentum-LS.MessageBus: Added Subscription(topic=data.bars.PBR.ETORO-1-HOUR-MID-INTERNAL, handler=<bound method Actor.handle_bar of FlashCrashReversalStrategy(MLS_FlashCrashReversalStrategy_PBR.ETORO_192-192)>, priority=0)
2026-06-08T20:00:02.644909941Z [INFO] eToro-Momentum-LS.MLS_FlashCrashReversalStrategy_PBR.ETORO_192: [CMD]--> SubscribeBars(bar_type=PBR.ETORO-1-HOUR-MID-INTERNAL, client_id=None, venue=ETORO)
2026-06-08T20:00:02.644934718Z [INFO] eToro-Momentum-LS.MLS_FlashCrashReversalStrategy_PBR.ETORO_192: RUNNING
2026-06-08T20:00:02.644938986Z [DEBUG] eToro-Momentum-LS.MLS_FlashCrashReversalStrategy_PBR.ETORO_193: STARTING
2026-06-08T20:00:02.644939887Z [INFO] eToro-Momentum-LS.MLS_FlashCrashReversalStrategy_PBR.ETORO_193: self.config.oms_type=None
2026-06-08T20:00:02.644940168Z [INFO] eToro-Momentum-LS.MLS_FlashCrashReversalStrategy_PBR.ETORO_193: self.config.external_order_claims=None
2026-06-08T20:00:02.644940408Z [INFO] eToro-Momentum-LS.MLS_FlashCrashReversalStrategy_PBR.ETORO_193: self.config.manage_gtd_expiry=False
2026-06-08T20:00:02.644941420Z [INFO] eToro-Momentum-LS.MLS_FlashCrashReversalStrategy_PBR.ETORO_193: Set ClientOrderIdGenerator client_order_id count to 0
2026-06-08T20:00:02.644941731Z [INFO] eToro-Momentum-LS.MLS_FlashCrashReversalStrategy_PBR.ETORO_193: Set ClientOrderIdGenerator order_list_id count to 0
2026-06-08T20:00:02.644943384Z [INFO] eToro-Momentum-LS.MLS_FlashCrashReversalStrategy_PBR.ETORO_193: Starte Flash Crash Reversal auf PBR.ETORO
2026-06-08T20:00:02.644951449Z [DEBUG] eToro-Momentum-LS.MessageBus: Added Subscription(topic=data.bars.PBR.ETORO-1-HOUR-MID-INTERNAL, handler=<bound method Actor.handle_bar of FlashCrashReversalStrategy(MLS_FlashCrashReversalStrategy_PBR.ETORO_193-193)>, priority=0)
2026-06-08T20:00:02.644954505Z [INFO] eToro-Momentum-LS.MLS_FlashCrashReversalStrategy_PBR.ETORO_193: [CMD]--> SubscribeBars(bar_type=PBR.ETORO-1-HOUR-MID-INTERNAL, client_id=None, venue=ETORO)
2026-06-08T20:00:02.644983860Z [INFO] eToro-Momentum-LS.MLS_FlashCrashReversalStrategy_PBR.ETORO_193: RUNNING
2026-06-08T20:00:02.644988859Z [DEBUG] eToro-Momentum-LS.MLS_FlashCrashReversalStrategy_PBR.ETORO_194: STARTING
2026-06-08T20:00:02.644989290Z [INFO] eToro-Momentum-LS.MLS_FlashCrashReversalStrategy_PBR.ETORO_194: self.config.oms_type=None
2026-06-08T20:00:02.644989480Z [INFO] eToro-Momentum-LS.MLS_FlashCrashReversalStrategy_PBR.ETORO_194: self.config.external_order_claims=None
2026-06-08T20:00:02.644989631Z [INFO] eToro-Momentum-LS.MLS_FlashCrashReversalStrategy_PBR.ETORO_194: self.config.manage_gtd_expiry=False
2026-06-08T20:00:02.644990342Z [INFO] eToro-Momentum-LS.MLS_FlashCrashReversalStrategy_PBR.ETORO_194: Set ClientOrderIdGenerator client_order_id count to 0
2026-06-08T20:00:02.644990532Z [INFO] eToro-Momentum-LS.MLS_FlashCrashReversalStrategy_PBR.ETORO_194: Set ClientOrderIdGenerator order_list_id count to 0
2026-06-08T20:00:02.644991835Z [INFO] eToro-Momentum-LS.MLS_FlashCrashReversalStrategy_PBR.ETORO_194: Starte Flash Crash Reversal auf PBR.ETORO
2026-06-08T20:00:02.644998527Z [DEBUG] eToro-Momentum-LS.MessageBus: Added Subscription(topic=data.bars.PBR.ETORO-1-HOUR-MID-INTERNAL, handler=<bound method Actor.handle_bar of FlashCrashReversalStrategy(MLS_FlashCrashReversalStrategy_PBR.ETORO_194-194)>, priority=0)
2026-06-08T20:00:02.645001343Z [INFO] eToro-Momentum-LS.MLS_FlashCrashReversalStrategy_PBR.ETORO_194: [CMD]--> SubscribeBars(bar_type=PBR.ETORO-1-HOUR-MID-INTERNAL, client_id=None, venue=ETORO)
2026-06-08T20:00:02.645020408Z [INFO] eToro-Momentum-LS.MLS_FlashCrashReversalStrategy_PBR.ETORO_194: RUNNING
2026-06-08T20:00:02.645023334Z [DEBUG] eToro-Momentum-LS.MLS_FlashCrashReversalStrategy_PINS.ETORO_195: STARTING
2026-06-08T20:00:02.645023725Z [INFO] eToro-Momentum-LS.MLS_FlashCrashReversalStrategy_PINS.ETORO_195: self.config.oms_type=None
2026-06-08T20:00:02.645023905Z [INFO] eToro-Momentum-LS.MLS_FlashCrashReversalStrategy_PINS.ETORO_195: self.config.external_order_claims=None
2026-06-08T20:00:02.645024055Z [INFO] eToro-Momentum-LS.MLS_FlashCrashReversalStrategy_PINS.ETORO_195: self.config.manage_gtd_expiry=False
2026-06-08T20:00:02.645024817Z [INFO] eToro-Momentum-LS.MLS_FlashCrashReversalStrategy_PINS.ETORO_195: Set ClientOrderIdGenerator client_order_id count to 0
2026-06-08T20:00:02.645024987Z [INFO] eToro-Momentum-LS.MLS_FlashCrashReversalStrategy_PINS.ETORO_195: Set ClientOrderIdGenerator order_list_id count to 0
2026-06-08T20:00:02.645026490Z [INFO] eToro-Momentum-LS.MLS_FlashCrashReversalStrategy_PINS.ETORO_195: Starte Flash Crash Reversal auf PINS.ETORO
2026-06-08T20:00:02.645033272Z [DEBUG] eToro-Momentum-LS.MessageBus: Added Subscription(topic=data.bars.PINS.ETORO-1-HOUR-MID-INTERNAL, handler=<bound method Actor.handle_bar of FlashCrashReversalStrategy(MLS_FlashCrashReversalStrategy_PINS.ETORO_195-195)>, priority=0)
2026-06-08T20:00:02.645036208Z [INFO] eToro-Momentum-LS.MLS_FlashCrashReversalStrategy_PINS.ETORO_195: [CMD]--> SubscribeBars(bar_type=PINS.ETORO-1-HOUR-MID-INTERNAL, client_id=None, venue=ETORO)
2026-06-08T20:00:02.645055043Z [INFO] eToro-Momentum-LS.MLS_FlashCrashReversalStrategy_PINS.ETORO_195: RUNNING
2026-06-08T20:00:02.645058199Z [DEBUG] eToro-Momentum-LS.MLS_FlashCrashReversalStrategy_PINS.ETORO_196: STARTING
2026-06-08T20:00:02.645058700Z [INFO] eToro-Momentum-LS.MLS_FlashCrashReversalStrategy_PINS.ETORO_196: self.config.oms_type=None
2026-06-08T20:00:02.645058870Z [INFO] eToro-Momentum-LS.MLS_FlashCrashReversalStrategy_PINS.ETORO_196: self.config.external_order_claims=None
2026-06-08T20:00:02.645059021Z [INFO] eToro-Momentum-LS.MLS_FlashCrashReversalStrategy_PINS.ETORO_196: self.config.manage_gtd_expiry=False
2026-06-08T20:00:02.645059632Z [INFO] eToro-Momentum-LS.MLS_FlashCrashReversalStrategy_PINS.ETORO_196: Set ClientOrderIdGenerator client_order_id count to 0
2026-06-08T20:00:02.645059872Z [INFO] eToro-Momentum-LS.MLS_FlashCrashReversalStrategy_PINS.ETORO_196: Set ClientOrderIdGenerator order_list_id count to 0
2026-06-08T20:00:02.645061686Z [INFO] eToro-Momentum-LS.MLS_FlashCrashReversalStrategy_PINS.ETORO_196: Starte Flash Crash Reversal auf PINS.ETORO
2026-06-08T20:00:02.645068709Z [DEBUG] eToro-Momentum-LS.MessageBus: Added Subscription(topic=data.bars.PINS.ETORO-1-HOUR-MID-INTERNAL, handler=<bound method Actor.handle_bar of FlashCrashReversalStrategy(MLS_FlashCrashReversalStrategy_PINS.ETORO_196-196)>, priority=0)
2026-06-08T20:00:02.645071284Z [INFO] eToro-Momentum-LS.MLS_FlashCrashReversalStrategy_PINS.ETORO_196: [CMD]--> SubscribeBars(bar_type=PINS.ETORO-1-HOUR-MID-INTERNAL, client_id=None, venue=ETORO)
2026-06-08T20:00:02.645091441Z [INFO] eToro-Momentum-LS.MLS_FlashCrashReversalStrategy_PINS.ETORO_196: RUNNING
2026-06-08T20:00:02.645094106Z [DEBUG] eToro-Momentum-LS.MLS_FlashCrashReversalStrategy_PINS.ETORO_197: STARTING
2026-06-08T20:00:02.645094487Z [INFO] eToro-Momentum-LS.MLS_FlashCrashReversalStrategy_PINS.ETORO_197: self.config.oms_type=None
2026-06-08T20:00:02.645094658Z [INFO] eToro-Momentum-LS.MLS_FlashCrashReversalStrategy_PINS.ETORO_197: self.config.external_order_claims=None
2026-06-08T20:00:02.645094838Z [INFO] eToro-Momentum-LS.MLS_FlashCrashReversalStrategy_PINS.ETORO_197: self.config.manage_gtd_expiry=False
2026-06-08T20:00:02.645095489Z [INFO] eToro-Momentum-LS.MLS_FlashCrashReversalStrategy_PINS.ETORO_197: Set ClientOrderIdGenerator client_order_id count to 0
2026-06-08T20:00:02.645095720Z [INFO] eToro-Momentum-LS.MLS_FlashCrashReversalStrategy_PINS.ETORO_197: Set ClientOrderIdGenerator order_list_id count to 0
2026-06-08T20:00:02.645096822Z [INFO] eToro-Momentum-LS.MLS_FlashCrashReversalStrategy_PINS.ETORO_197: Starte Flash Crash Reversal auf PINS.ETORO
2026-06-08T20:00:02.645103524Z [DEBUG] eToro-Momentum-LS.MessageBus: Added Subscription(topic=data.bars.PINS.ETORO-1-HOUR-MID-INTERNAL, handler=<bound method Actor.handle_bar of FlashCrashReversalStrategy(MLS_FlashCrashReversalStrategy_PINS.ETORO_197-197)>, priority=0)
2026-06-08T20:00:02.645106169Z [INFO] eToro-Momentum-LS.MLS_FlashCrashReversalStrategy_PINS.ETORO_197: [CMD]--> SubscribeBars(bar_type=PINS.ETORO-1-HOUR-MID-INTERNAL, client_id=None, venue=ETORO)
2026-06-08T20:00:02.645124734Z [INFO] eToro-Momentum-LS.MLS_FlashCrashReversalStrategy_PINS.ETORO_197: RUNNING
2026-06-08T20:00:02.645127519Z [DEBUG] eToro-Momentum-LS.MLS_FlashCrashReversalStrategy_PINS.ETORO_198: STARTING
2026-06-08T20:00:02.645127810Z [INFO] eToro-Momentum-LS.MLS_FlashCrashReversalStrategy_PINS.ETORO_198: self.config.oms_type=None
2026-06-08T20:00:02.645128000Z [INFO] eToro-Momentum-LS.MLS_FlashCrashReversalStrategy_PINS.ETORO_198: self.config.external_order_claims=None
2026-06-08T20:00:02.645128230Z [INFO] eToro-Momentum-LS.MLS_FlashCrashReversalStrategy_PINS.ETORO_198: self.config.manage_gtd_expiry=False
2026-06-08T20:00:02.645128912Z [INFO] eToro-Momentum-LS.MLS_FlashCrashReversalStrategy_PINS.ETORO_198: Set ClientOrderIdGenerator client_order_id count to 0
2026-06-08T20:00:02.645129122Z [INFO] eToro-Momentum-LS.MLS_FlashCrashReversalStrategy_PINS.ETORO_198: Set ClientOrderIdGenerator order_list_id count to 0
2026-06-08T20:00:02.645130465Z [INFO] eToro-Momentum-LS.MLS_FlashCrashReversalStrategy_PINS.ETORO_198: Starte Flash Crash Reversal auf PINS.ETORO
2026-06-08T20:00:02.645137618Z [DEBUG] eToro-Momentum-LS.MessageBus: Added Subscription(topic=data.bars.PINS.ETORO-1-HOUR-MID-INTERNAL, handler=<bound method Actor.handle_bar of FlashCrashReversalStrategy(MLS_FlashCrashReversalStrategy_PINS.ETORO_198-198)>, priority=0)
2026-06-08T20:00:02.645140784Z [INFO] eToro-Momentum-LS.MLS_FlashCrashReversalStrategy_PINS.ETORO_198: [CMD]--> SubscribeBars(bar_type=PINS.ETORO-1-HOUR-MID-INTERNAL, client_id=None, venue=ETORO)
2026-06-08T20:00:02.645159259Z [INFO] eToro-Momentum-LS.MLS_FlashCrashReversalStrategy_PINS.ETORO_198: RUNNING
2026-06-08T20:00:02.645162024Z [DEBUG] eToro-Momentum-LS.MLS_FlashCrashReversalStrategy_PINS.ETORO_199: STARTING
2026-06-08T20:00:02.645162405Z [INFO] eToro-Momentum-LS.MLS_FlashCrashReversalStrategy_PINS.ETORO_199: self.config.oms_type=None
2026-06-08T20:00:02.645162725Z [INFO] eToro-Momentum-LS.MLS_FlashCrashReversalStrategy_PINS.ETORO_199: self.config.external_order_claims=None
2026-06-08T20:00:02.645162865Z [INFO] eToro-Momentum-LS.MLS_FlashCrashReversalStrategy_PINS.ETORO_199: self.config.manage_gtd_expiry=False
2026-06-08T20:00:02.645163517Z [INFO] eToro-Momentum-LS.MLS_FlashCrashReversalStrategy_PINS.ETORO_199: Set ClientOrderIdGenerator client_order_id count to 0
2026-06-08T20:00:02.645163677Z [INFO] eToro-Momentum-LS.MLS_FlashCrashReversalStrategy_PINS.ETORO_199: Set ClientOrderIdGenerator order_list_id count to 0
2026-06-08T20:00:02.645164989Z [INFO] eToro-Momentum-LS.MLS_FlashCrashReversalStrategy_PINS.ETORO_199: Starte Flash Crash Reversal auf PINS.ETORO
2026-06-08T20:00:02.645171702Z [DEBUG] eToro-Momentum-LS.MessageBus: Added Subscription(topic=data.bars.PINS.ETORO-1-HOUR-MID-INTERNAL, handler=<bound method Actor.handle_bar of FlashCrashReversalStrategy(MLS_FlashCrashReversalStrategy_PINS.ETORO_199-199)>, priority=0)
2026-06-08T20:00:02.645175018Z [INFO] eToro-Momentum-LS.MLS_FlashCrashReversalStrategy_PINS.ETORO_199: [CMD]--> SubscribeBars(bar_type=PINS.ETORO-1-HOUR-MID-INTERNAL, client_id=None, venue=ETORO)
2026-06-08T20:00:02.645193323Z [INFO] eToro-Momentum-LS.MLS_FlashCrashReversalStrategy_PINS.ETORO_199: RUNNING
2026-06-08T20:00:02.645196388Z [DEBUG] eToro-Momentum-LS.MLS_FlashCrashReversalStrategy_PINS.ETORO_200: STARTING
2026-06-08T20:00:02.645196859Z [INFO] eToro-Momentum-LS.MLS_FlashCrashReversalStrategy_PINS.ETORO_200: self.config.oms_type=None
2026-06-08T20:00:02.645197029Z [INFO] eToro-Momentum-LS.MLS_FlashCrashReversalStrategy_PINS.ETORO_200: self.config.external_order_claims=None
2026-06-08T20:00:02.645197190Z [INFO] eToro-Momentum-LS.MLS_FlashCrashReversalStrategy_PINS.ETORO_200: self.config.manage_gtd_expiry=False
2026-06-08T20:00:02.645197811Z [INFO] eToro-Momentum-LS.MLS_FlashCrashReversalStrategy_PINS.ETORO_200: Set ClientOrderIdGenerator client_order_id count to 0
2026-06-08T20:00:02.645197971Z [INFO] eToro-Momentum-LS.MLS_FlashCrashReversalStrategy_PINS.ETORO_200: Set ClientOrderIdGenerator order_list_id count to 0
2026-06-08T20:00:02.645199143Z [INFO] eToro-Momentum-LS.MLS_FlashCrashReversalStrategy_PINS.ETORO_200: Starte Flash Crash Reversal auf PINS.ETORO
2026-06-08T20:00:02.645205816Z [DEBUG] eToro-Momentum-LS.MessageBus: Added Subscription(topic=data.bars.PINS.ETORO-1-HOUR-MID-INTERNAL, handler=<bound method Actor.handle_bar of FlashCrashReversalStrategy(MLS_FlashCrashReversalStrategy_PINS.ETORO_200-200)>, priority=0)
2026-06-08T20:00:02.645208631Z [INFO] eToro-Momentum-LS.MLS_FlashCrashReversalStrategy_PINS.ETORO_200: [CMD]--> SubscribeBars(bar_type=PINS.ETORO-1-HOUR-MID-INTERNAL, client_id=None, venue=ETORO)
2026-06-08T20:00:02.645226976Z [INFO] eToro-Momentum-LS.MLS_FlashCrashReversalStrategy_PINS.ETORO_200: RUNNING
2026-06-08T20:00:02.645229791Z [DEBUG] eToro-Momentum-LS.MLS_FlashCrashReversalStrategy_PINS.ETORO_201: STARTING
2026-06-08T20:00:02.645230182Z [INFO] eToro-Momentum-LS.MLS_FlashCrashReversalStrategy_PINS.ETORO_201: self.config.oms_type=None
2026-06-08T20:00:02.645230352Z [INFO] eToro-Momentum-LS.MLS_FlashCrashReversalStrategy_PINS.ETORO_201: self.config.external_order_claims=None
2026-06-08T20:00:02.645230492Z [INFO] eToro-Momentum-LS.MLS_FlashCrashReversalStrategy_PINS.ETORO_201: self.config.manage_gtd_expiry=False
2026-06-08T20:00:02.645231304Z [INFO] eToro-Momentum-LS.MLS_FlashCrashReversalStrategy_PINS.ETORO_201: Set ClientOrderIdGenerator client_order_id count to 0
2026-06-08T20:00:02.645231534Z [INFO] eToro-Momentum-LS.MLS_FlashCrashReversalStrategy_PINS.ETORO_201: Set ClientOrderIdGenerator order_list_id count to 0
2026-06-08T20:00:02.645232676Z [INFO] eToro-Momentum-LS.MLS_FlashCrashReversalStrategy_PINS.ETORO_201: Starte Flash Crash Reversal auf PINS.ETORO
2026-06-08T20:00:02.645239389Z [DEBUG] eToro-Momentum-LS.MessageBus: Added Subscription(topic=data.bars.PINS.ETORO-1-HOUR-MID-INTERNAL, handler=<bound method Actor.handle_bar of FlashCrashReversalStrategy(MLS_FlashCrashReversalStrategy_PINS.ETORO_201-201)>, priority=0)
2026-06-08T20:00:02.645241653Z [INFO] eToro-Momentum-LS.MLS_FlashCrashReversalStrategy_PINS.ETORO_201: [CMD]--> SubscribeBars(bar_type=PINS.ETORO-1-HOUR-MID-INTERNAL, client_id=None, venue=ETORO)
2026-06-08T20:00:02.645260098Z [INFO] eToro-Momentum-LS.MLS_FlashCrashReversalStrategy_PINS.ETORO_201: RUNNING
2026-06-08T20:00:02.645263204Z [DEBUG] eToro-Momentum-LS.MLS_FlashCrashReversalStrategy_PINS.ETORO_202: STARTING
2026-06-08T20:00:02.645263594Z [INFO] eToro-Momentum-LS.MLS_FlashCrashReversalStrategy_PINS.ETORO_202: self.config.oms_type=None
2026-06-08T20:00:02.645263755Z [INFO] eToro-Momentum-LS.MLS_FlashCrashReversalStrategy_PINS.ETORO_202: self.config.external_order_claims=None
2026-06-08T20:00:02.645264666Z [INFO] eToro-Momentum-LS.MLS_FlashCrashReversalStrategy_PINS.ETORO_202: self.config.manage_gtd_expiry=False
2026-06-08T20:00:02.645265267Z [INFO] eToro-Momentum-LS.MLS_FlashCrashReversalStrategy_PINS.ETORO_202: Set ClientOrderIdGenerator client_order_id count to 0
2026-06-08T20:00:02.645265428Z [INFO] eToro-Momentum-LS.MLS_FlashCrashReversalStrategy_PINS.ETORO_202: Set ClientOrderIdGenerator order_list_id count to 0
2026-06-08T20:00:02.645266760Z [INFO] eToro-Momentum-LS.MLS_FlashCrashReversalStrategy_PINS.ETORO_202: Starte Flash Crash Reversal auf PINS.ETORO
2026-06-08T20:00:02.645274956Z [DEBUG] eToro-Momentum-LS.MessageBus: Added Subscription(topic=data.bars.PINS.ETORO-1-HOUR-MID-INTERNAL, handler=<bound method Actor.handle_bar of FlashCrashReversalStrategy(MLS_FlashCrashReversalStrategy_PINS.ETORO_202-202)>, priority=0)
2026-06-08T20:00:02.645278101Z [INFO] eToro-Momentum-LS.MLS_FlashCrashReversalStrategy_PINS.ETORO_202: [CMD]--> SubscribeBars(bar_type=PINS.ETORO-1-HOUR-MID-INTERNAL, client_id=None, venue=ETORO)
2026-06-08T20:00:02.645297428Z [INFO] eToro-Momentum-LS.MLS_FlashCrashReversalStrategy_PINS.ETORO_202: RUNNING
2026-06-08T20:00:02.645300443Z [DEBUG] eToro-Momentum-LS.MLS_FlashCrashReversalStrategy_NTSK.ETORO_203: STARTING
2026-06-08T20:00:02.645300864Z [INFO] eToro-Momentum-LS.MLS_FlashCrashReversalStrategy_NTSK.ETORO_203: self.config.oms_type=None
2026-06-08T20:00:02.645301034Z [INFO] eToro-Momentum-LS.MLS_FlashCrashReversalStrategy_NTSK.ETORO_203: self.config.external_order_claims=None
2026-06-08T20:00:02.645301205Z [INFO] eToro-Momentum-LS.MLS_FlashCrashReversalStrategy_NTSK.ETORO_203: self.config.manage_gtd_expiry=False
2026-06-08T20:00:02.645301826Z [INFO] eToro-Momentum-LS.MLS_FlashCrashReversalStrategy_NTSK.ETORO_203: Set ClientOrderIdGenerator client_order_id count to 0
2026-06-08T20:00:02.645302056Z [INFO] eToro-Momentum-LS.MLS_FlashCrashReversalStrategy_NTSK.ETORO_203: Set ClientOrderIdGenerator order_list_id count to 0
2026-06-08T20:00:02.645303118Z [INFO] eToro-Momentum-LS.MLS_FlashCrashReversalStrategy_NTSK.ETORO_203: Starte Flash Crash Reversal auf NTSK.ETORO
2026-06-08T20:00:02.645310162Z [DEBUG] eToro-Momentum-LS.MessageBus: Added Subscription(topic=data.bars.NTSK.ETORO-1-HOUR-MID-INTERNAL, handler=<bound method Actor.handle_bar of FlashCrashReversalStrategy(MLS_FlashCrashReversalStrategy_NTSK.ETORO_203-203)>, priority=0)
2026-06-08T20:00:02.645312546Z [INFO] eToro-Momentum-LS.MLS_FlashCrashReversalStrategy_NTSK.ETORO_203: [CMD]--> SubscribeBars(bar_type=NTSK.ETORO-1-HOUR-MID-INTERNAL, client_id=None, venue=ETORO)
2026-06-08T20:00:02.645331582Z [INFO] eToro-Momentum-LS.MLS_FlashCrashReversalStrategy_NTSK.ETORO_203: RUNNING
2026-06-08T20:00:02.645334658Z [DEBUG] eToro-Momentum-LS.MLS_FlashCrashReversalStrategy_EEFT.ETORO_204: STARTING
2026-06-08T20:00:02.645335058Z [INFO] eToro-Momentum-LS.MLS_FlashCrashReversalStrategy_EEFT.ETORO_204: self.config.oms_type=None
2026-06-08T20:00:02.645335229Z [INFO] eToro-Momentum-LS.MLS_FlashCrashReversalStrategy_EEFT.ETORO_204: self.config.external_order_claims=None
2026-06-08T20:00:02.645335369Z [INFO] eToro-Momentum-LS.MLS_FlashCrashReversalStrategy_EEFT.ETORO_204: self.config.manage_gtd_expiry=False
2026-06-08T20:00:02.645335980Z [INFO] eToro-Momentum-LS.MLS_FlashCrashReversalStrategy_EEFT.ETORO_204: Set ClientOrderIdGenerator client_order_id count to 0
2026-06-08T20:00:02.645336190Z [INFO] eToro-Momentum-LS.MLS_FlashCrashReversalStrategy_EEFT.ETORO_204: Set ClientOrderIdGenerator order_list_id count to 0
2026-06-08T20:00:02.645337172Z [INFO] eToro-Momentum-LS.MLS_FlashCrashReversalStrategy_EEFT.ETORO_204: Starte Flash Crash Reversal auf EEFT.ETORO
2026-06-08T20:00:02.645343995Z [DEBUG] eToro-Momentum-LS.MessageBus: Added Subscription(topic=data.bars.EEFT.ETORO-1-HOUR-MID-INTERNAL, handler=<bound method Actor.handle_bar of FlashCrashReversalStrategy(MLS_FlashCrashReversalStrategy_EEFT.ETORO_204-204)>, priority=0)
2026-06-08T20:00:02.645346400Z [INFO] eToro-Momentum-LS.MLS_FlashCrashReversalStrategy_EEFT.ETORO_204: [CMD]--> SubscribeBars(bar_type=EEFT.ETORO-1-HOUR-MID-INTERNAL, client_id=None, venue=ETORO)
2026-06-08T20:00:02.645364493Z [INFO] eToro-Momentum-LS.MLS_FlashCrashReversalStrategy_EEFT.ETORO_204: RUNNING
2026-06-08T20:00:02.645367048Z [DEBUG] eToro-Momentum-LS.MLS_FlashCrashReversalStrategy_EEFT.ETORO_205: STARTING
2026-06-08T20:00:02.645367439Z [INFO] eToro-Momentum-LS.MLS_FlashCrashReversalStrategy_EEFT.ETORO_205: self.config.oms_type=None
2026-06-08T20:00:02.645367609Z [INFO] eToro-Momentum-LS.MLS_FlashCrashReversalStrategy_EEFT.ETORO_205: self.config.external_order_claims=None
2026-06-08T20:00:02.645367760Z [INFO] eToro-Momentum-LS.MLS_FlashCrashReversalStrategy_EEFT.ETORO_205: self.config.manage_gtd_expiry=False
2026-06-08T20:00:02.645368992Z [INFO] eToro-Momentum-LS.MLS_FlashCrashReversalStrategy_EEFT.ETORO_205: Set ClientOrderIdGenerator client_order_id count to 0
2026-06-08T20:00:02.645369152Z [INFO] eToro-Momentum-LS.MLS_FlashCrashReversalStrategy_EEFT.ETORO_205: Set ClientOrderIdGenerator order_list_id count to 0
2026-06-08T20:00:02.645370605Z [INFO] eToro-Momentum-LS.MLS_FlashCrashReversalStrategy_EEFT.ETORO_205: Starte Flash Crash Reversal auf EEFT.ETORO
2026-06-08T20:00:02.645377147Z [DEBUG] eToro-Momentum-LS.MessageBus: Added Subscription(topic=data.bars.EEFT.ETORO-1-HOUR-MID-INTERNAL, handler=<bound method Actor.handle_bar of FlashCrashReversalStrategy(MLS_FlashCrashReversalStrategy_EEFT.ETORO_205-205)>, priority=0)
2026-06-08T20:00:02.645379331Z [INFO] eToro-Momentum-LS.MLS_FlashCrashReversalStrategy_EEFT.ETORO_205: [CMD]--> SubscribeBars(bar_type=EEFT.ETORO-1-HOUR-MID-INTERNAL, client_id=None, venue=ETORO)
2026-06-08T20:00:02.645398567Z [INFO] eToro-Momentum-LS.MLS_FlashCrashReversalStrategy_EEFT.ETORO_205: RUNNING
2026-06-08T20:00:02.645401493Z [DEBUG] eToro-Momentum-LS.MLS_FlashCrashReversalStrategy_EEFT.ETORO_206: STARTING
2026-06-08T20:00:02.645401904Z [INFO] eToro-Momentum-LS.MLS_FlashCrashReversalStrategy_EEFT.ETORO_206: self.config.oms_type=None
2026-06-08T20:00:02.645402074Z [INFO] eToro-Momentum-LS.MLS_FlashCrashReversalStrategy_EEFT.ETORO_206: self.config.external_order_claims=None
2026-06-08T20:00:02.645402214Z [INFO] eToro-Momentum-LS.MLS_FlashCrashReversalStrategy_EEFT.ETORO_206: self.config.manage_gtd_expiry=False
2026-06-08T20:00:02.645403026Z [INFO] eToro-Momentum-LS.MLS_FlashCrashReversalStrategy_EEFT.ETORO_206: Set ClientOrderIdGenerator client_order_id count to 0
2026-06-08T20:00:02.645403226Z [INFO] eToro-Momentum-LS.MLS_FlashCrashReversalStrategy_EEFT.ETORO_206: Set ClientOrderIdGenerator order_list_id count to 0
2026-06-08T20:00:02.645404428Z [INFO] eToro-Momentum-LS.MLS_FlashCrashReversalStrategy_EEFT.ETORO_206: Starte Flash Crash Reversal auf EEFT.ETORO
2026-06-08T20:00:02.645411802Z [DEBUG] eToro-Momentum-LS.MessageBus: Added Subscription(topic=data.bars.EEFT.ETORO-1-HOUR-MID-INTERNAL, handler=<bound method Actor.handle_bar of FlashCrashReversalStrategy(MLS_FlashCrashReversalStrategy_EEFT.ETORO_206-206)>, priority=0)
2026-06-08T20:00:02.645414267Z [INFO] eToro-Momentum-LS.MLS_FlashCrashReversalStrategy_EEFT.ETORO_206: [CMD]--> SubscribeBars(bar_type=EEFT.ETORO-1-HOUR-MID-INTERNAL, client_id=None, venue=ETORO)
2026-06-08T20:00:02.645433262Z [INFO] eToro-Momentum-LS.MLS_FlashCrashReversalStrategy_EEFT.ETORO_206: RUNNING
2026-06-08T20:00:02.645435987Z [DEBUG] eToro-Momentum-LS.MLS_FlashCrashReversalStrategy_EEFT.ETORO_207: STARTING
2026-06-08T20:00:02.645436408Z [INFO] eToro-Momentum-LS.MLS_FlashCrashReversalStrategy_EEFT.ETORO_207: self.config.oms_type=None
2026-06-08T20:00:02.645436609Z [INFO] eToro-Momentum-LS.MLS_FlashCrashReversalStrategy_EEFT.ETORO_207: self.config.external_order_claims=None
2026-06-08T20:00:02.645436779Z [INFO] eToro-Momentum-LS.MLS_FlashCrashReversalStrategy_EEFT.ETORO_207: self.config.manage_gtd_expiry=False
2026-06-08T20:00:02.645437390Z [INFO] eToro-Momentum-LS.MLS_FlashCrashReversalStrategy_EEFT.ETORO_207: Set ClientOrderIdGenerator client_order_id count to 0
2026-06-08T20:00:02.645437540Z [INFO] eToro-Momentum-LS.MLS_FlashCrashReversalStrategy_EEFT.ETORO_207: Set ClientOrderIdGenerator order_list_id count to 0
2026-06-08T20:00:02.645438933Z [INFO] eToro-Momentum-LS.MLS_FlashCrashReversalStrategy_EEFT.ETORO_207: Starte Flash Crash Reversal auf EEFT.ETORO
2026-06-08T20:00:02.645447319Z [DEBUG] eToro-Momentum-LS.MessageBus: Added Subscription(topic=data.bars.EEFT.ETORO-1-HOUR-MID-INTERNAL, handler=<bound method Actor.handle_bar of FlashCrashReversalStrategy(MLS_FlashCrashReversalStrategy_EEFT.ETORO_207-207)>, priority=0)
2026-06-08T20:00:02.645450615Z [INFO] eToro-Momentum-LS.MLS_FlashCrashReversalStrategy_EEFT.ETORO_207: [CMD]--> SubscribeBars(bar_type=EEFT.ETORO-1-HOUR-MID-INTERNAL, client_id=None, venue=ETORO)
2026-06-08T20:00:02.645469380Z [INFO] eToro-Momentum-LS.MLS_FlashCrashReversalStrategy_EEFT.ETORO_207: RUNNING
2026-06-08T20:00:02.645472175Z [DEBUG] eToro-Momentum-LS.MLS_FlashCrashReversalStrategy_EEFT.ETORO_208: STARTING
2026-06-08T20:00:02.645472476Z [INFO] eToro-Momentum-LS.MLS_FlashCrashReversalStrategy_EEFT.ETORO_208: self.config.oms_type=None
2026-06-08T20:00:02.645472666Z [INFO] eToro-Momentum-LS.MLS_FlashCrashReversalStrategy_EEFT.ETORO_208: self.config.external_order_claims=None
2026-06-08T20:00:02.645472967Z [INFO] eToro-Momentum-LS.MLS_FlashCrashReversalStrategy_EEFT.ETORO_208: self.config.manage_gtd_expiry=False
2026-06-08T20:00:02.645473628Z [INFO] eToro-Momentum-LS.MLS_FlashCrashReversalStrategy_EEFT.ETORO_208: Set ClientOrderIdGenerator client_order_id count to 0
2026-06-08T20:00:02.645474750Z [INFO] eToro-Momentum-LS.MLS_FlashCrashReversalStrategy_EEFT.ETORO_208: Set ClientOrderIdGenerator order_list_id count to 0
2026-06-08T20:00:02.645475772Z [INFO] eToro-Momentum-LS.MLS_FlashCrashReversalStrategy_EEFT.ETORO_208: Starte Flash Crash Reversal auf EEFT.ETORO
2026-06-08T20:00:02.645482655Z [DEBUG] eToro-Momentum-LS.MessageBus: Added Subscription(topic=data.bars.EEFT.ETORO-1-HOUR-MID-INTERNAL, handler=<bound method Actor.handle_bar of FlashCrashReversalStrategy(MLS_FlashCrashReversalStrategy_EEFT.ETORO_208-208)>, priority=0)
2026-06-08T20:00:02.645484969Z [INFO] eToro-Momentum-LS.MLS_FlashCrashReversalStrategy_EEFT.ETORO_208: [CMD]--> SubscribeBars(bar_type=EEFT.ETORO-1-HOUR-MID-INTERNAL, client_id=None, venue=ETORO)
2026-06-08T20:00:02.645503714Z [INFO] eToro-Momentum-LS.MLS_FlashCrashReversalStrategy_EEFT.ETORO_208: RUNNING
2026-06-08T20:00:02.645506540Z [DEBUG] eToro-Momentum-LS.MLS_FlashCrashReversalStrategy_EEFT.ETORO_209: STARTING
2026-06-08T20:00:02.645506850Z [INFO] eToro-Momentum-LS.MLS_FlashCrashReversalStrategy_EEFT.ETORO_209: self.config.oms_type=None
2026-06-08T20:00:02.645507041Z [INFO] eToro-Momentum-LS.MLS_FlashCrashReversalStrategy_EEFT.ETORO_209: self.config.external_order_claims=None
2026-06-08T20:00:02.645507201Z [INFO] eToro-Momentum-LS.MLS_FlashCrashReversalStrategy_EEFT.ETORO_209: self.config.manage_gtd_expiry=False
2026-06-08T20:00:02.645507812Z [INFO] eToro-Momentum-LS.MLS_FlashCrashReversalStrategy_EEFT.ETORO_209: Set ClientOrderIdGenerator client_order_id count to 0
2026-06-08T20:00:02.645508063Z [INFO] eToro-Momentum-LS.MLS_FlashCrashReversalStrategy_EEFT.ETORO_209: Set ClientOrderIdGenerator order_list_id count to 0
2026-06-08T20:00:02.645509305Z [INFO] eToro-Momentum-LS.MLS_FlashCrashReversalStrategy_EEFT.ETORO_209: Starte Flash Crash Reversal auf EEFT.ETORO
2026-06-08T20:00:02.645516088Z [DEBUG] eToro-Momentum-LS.MessageBus: Added Subscription(topic=data.bars.EEFT.ETORO-1-HOUR-MID-INTERNAL, handler=<bound method Actor.handle_bar of FlashCrashReversalStrategy(MLS_FlashCrashReversalStrategy_EEFT.ETORO_209-209)>, priority=0)
2026-06-08T20:00:02.645518622Z [INFO] eToro-Momentum-LS.MLS_FlashCrashReversalStrategy_EEFT.ETORO_209: [CMD]--> SubscribeBars(bar_type=EEFT.ETORO-1-HOUR-MID-INTERNAL, client_id=None, venue=ETORO)
2026-06-08T20:00:02.645536877Z [INFO] eToro-Momentum-LS.MLS_FlashCrashReversalStrategy_EEFT.ETORO_209: RUNNING
2026-06-08T20:00:02.645539492Z [DEBUG] eToro-Momentum-LS.MLS_FlashCrashReversalStrategy_EEFT.ETORO_210: STARTING
2026-06-08T20:00:02.645539892Z [INFO] eToro-Momentum-LS.MLS_FlashCrashReversalStrategy_EEFT.ETORO_210: self.config.oms_type=None
2026-06-08T20:00:02.645540063Z [INFO] eToro-Momentum-LS.MLS_FlashCrashReversalStrategy_EEFT.ETORO_210: self.config.external_order_claims=None
2026-06-08T20:00:02.645540213Z [INFO] eToro-Momentum-LS.MLS_FlashCrashReversalStrategy_EEFT.ETORO_210: self.config.manage_gtd_expiry=False
2026-06-08T20:00:02.645540894Z [INFO] eToro-Momentum-LS.MLS_FlashCrashReversalStrategy_EEFT.ETORO_210: Set ClientOrderIdGenerator client_order_id count to 0
2026-06-08T20:00:02.645541054Z [INFO] eToro-Momentum-LS.MLS_FlashCrashReversalStrategy_EEFT.ETORO_210: Set ClientOrderIdGenerator order_list_id count to 0
2026-06-08T20:00:02.645542287Z [INFO] eToro-Momentum-LS.MLS_FlashCrashReversalStrategy_EEFT.ETORO_210: Starte Flash Crash Reversal auf EEFT.ETORO
2026-06-08T20:00:02.645548869Z [DEBUG] eToro-Momentum-LS.MessageBus: Added Subscription(topic=data.bars.EEFT.ETORO-1-HOUR-MID-INTERNAL, handler=<bound method Actor.handle_bar of FlashCrashReversalStrategy(MLS_FlashCrashReversalStrategy_EEFT.ETORO_210-210)>, priority=0)
2026-06-08T20:00:02.645551484Z [INFO] eToro-Momentum-LS.MLS_FlashCrashReversalStrategy_EEFT.ETORO_210: [CMD]--> SubscribeBars(bar_type=EEFT.ETORO-1-HOUR-MID-INTERNAL, client_id=None, venue=ETORO)
2026-06-08T20:00:02.645569909Z [INFO] eToro-Momentum-LS.MLS_FlashCrashReversalStrategy_EEFT.ETORO_210: RUNNING
2026-06-08T20:00:02.645572674Z [DEBUG] eToro-Momentum-LS.MLS_FlashCrashReversalStrategy_EEFT.ETORO_211: STARTING
2026-06-08T20:00:02.645572974Z [INFO] eToro-Momentum-LS.MLS_FlashCrashReversalStrategy_EEFT.ETORO_211: self.config.oms_type=None
2026-06-08T20:00:02.645573145Z [INFO] eToro-Momentum-LS.MLS_FlashCrashReversalStrategy_EEFT.ETORO_211: self.config.external_order_claims=None
2026-06-08T20:00:02.645573295Z [INFO] eToro-Momentum-LS.MLS_FlashCrashReversalStrategy_EEFT.ETORO_211: self.config.manage_gtd_expiry=False
2026-06-08T20:00:02.645574006Z [INFO] eToro-Momentum-LS.MLS_FlashCrashReversalStrategy_EEFT.ETORO_211: Set ClientOrderIdGenerator client_order_id count to 0
2026-06-08T20:00:02.645574297Z [INFO] eToro-Momentum-LS.MLS_FlashCrashReversalStrategy_EEFT.ETORO_211: Set ClientOrderIdGenerator order_list_id count to 0
2026-06-08T20:00:02.645575689Z [INFO] eToro-Momentum-LS.MLS_FlashCrashReversalStrategy_EEFT.ETORO_211: Starte Flash Crash Reversal auf EEFT.ETORO
2026-06-08T20:00:02.645584786Z [DEBUG] eToro-Momentum-LS.MessageBus: Added Subscription(topic=data.bars.EEFT.ETORO-1-HOUR-MID-INTERNAL, handler=<bound method Actor.handle_bar of FlashCrashReversalStrategy(MLS_FlashCrashReversalStrategy_EEFT.ETORO_211-211)>, priority=0)
2026-06-08T20:00:02.645587361Z [INFO] eToro-Momentum-LS.MLS_FlashCrashReversalStrategy_EEFT.ETORO_211: [CMD]--> SubscribeBars(bar_type=EEFT.ETORO-1-HOUR-MID-INTERNAL, client_id=None, venue=ETORO)
2026-06-08T20:00:02.645606157Z [INFO] eToro-Momentum-LS.MLS_FlashCrashReversalStrategy_EEFT.ETORO_211: RUNNING
2026-06-08T20:00:02.645609112Z [DEBUG] eToro-Momentum-LS.MLS_FlashCrashReversalStrategy_EEFT.ETORO_212: STARTING
2026-06-08T20:00:02.645610274Z [INFO] eToro-Momentum-LS.MLS_FlashCrashReversalStrategy_EEFT.ETORO_212: self.config.oms_type=None
2026-06-08T20:00:02.645610465Z [INFO] eToro-Momentum-LS.MLS_FlashCrashReversalStrategy_EEFT.ETORO_212: self.config.external_order_claims=None
2026-06-08T20:00:02.645610625Z [INFO] eToro-Momentum-LS.MLS_FlashCrashReversalStrategy_EEFT.ETORO_212: self.config.manage_gtd_expiry=False
2026-06-08T20:00:02.645611436Z [INFO] eToro-Momentum-LS.MLS_FlashCrashReversalStrategy_EEFT.ETORO_212: Set ClientOrderIdGenerator client_order_id count to 0
2026-06-08T20:00:02.645611647Z [INFO] eToro-Momentum-LS.MLS_FlashCrashReversalStrategy_EEFT.ETORO_212: Set ClientOrderIdGenerator order_list_id count to 0
2026-06-08T20:00:02.645612629Z [INFO] eToro-Momentum-LS.MLS_FlashCrashReversalStrategy_EEFT.ETORO_212: Starte Flash Crash Reversal auf EEFT.ETORO
2026-06-08T20:00:02.645619411Z [DEBUG] eToro-Momentum-LS.MessageBus: Added Subscription(topic=data.bars.EEFT.ETORO-1-HOUR-MID-INTERNAL, handler=<bound method Actor.handle_bar of FlashCrashReversalStrategy(MLS_FlashCrashReversalStrategy_EEFT.ETORO_212-212)>, priority=0)
2026-06-08T20:00:02.645622287Z [INFO] eToro-Momentum-LS.MLS_FlashCrashReversalStrategy_EEFT.ETORO_212: [CMD]--> SubscribeBars(bar_type=EEFT.ETORO-1-HOUR-MID-INTERNAL, client_id=None, venue=ETORO)
2026-06-08T20:00:02.645641082Z [INFO] eToro-Momentum-LS.MLS_FlashCrashReversalStrategy_EEFT.ETORO_212: RUNNING
2026-06-08T20:00:02.645643657Z [DEBUG] eToro-Momentum-LS.MLS_FlashCrashReversalStrategy_EEFT.ETORO_213: STARTING
2026-06-08T20:00:02.645644048Z [INFO] eToro-Momentum-LS.MLS_FlashCrashReversalStrategy_EEFT.ETORO_213: self.config.oms_type=None
2026-06-08T20:00:02.645644228Z [INFO] eToro-Momentum-LS.MLS_FlashCrashReversalStrategy_EEFT.ETORO_213: self.config.external_order_claims=None
2026-06-08T20:00:02.645644378Z [INFO] eToro-Momentum-LS.MLS_FlashCrashReversalStrategy_EEFT.ETORO_213: self.config.manage_gtd_expiry=False
2026-06-08T20:00:02.645644979Z [INFO] eToro-Momentum-LS.MLS_FlashCrashReversalStrategy_EEFT.ETORO_213: Set ClientOrderIdGenerator client_order_id count to 0
2026-06-08T20:00:02.645645210Z [INFO] eToro-Momentum-LS.MLS_FlashCrashReversalStrategy_EEFT.ETORO_213: Set ClientOrderIdGenerator order_list_id count to 0
2026-06-08T20:00:02.645646452Z [INFO] eToro-Momentum-LS.MLS_FlashCrashReversalStrategy_EEFT.ETORO_213: Starte Flash Crash Reversal auf EEFT.ETORO
2026-06-08T20:00:02.645653405Z [DEBUG] eToro-Momentum-LS.MessageBus: Added Subscription(topic=data.bars.EEFT.ETORO-1-HOUR-MID-INTERNAL, handler=<bound method Actor.handle_bar of FlashCrashReversalStrategy(MLS_FlashCrashReversalStrategy_EEFT.ETORO_213-213)>, priority=0)
2026-06-08T20:00:02.645655900Z [INFO] eToro-Momentum-LS.MLS_FlashCrashReversalStrategy_EEFT.ETORO_213: [CMD]--> SubscribeBars(bar_type=EEFT.ETORO-1-HOUR-MID-INTERNAL, client_id=None, venue=ETORO)
2026-06-08T20:00:02.645674605Z [INFO] eToro-Momentum-LS.MLS_FlashCrashReversalStrategy_EEFT.ETORO_213: RUNNING
2026-06-08T20:00:02.645677400Z [DEBUG] eToro-Momentum-LS.MLS_FlashCrashReversalStrategy_EEFT.ETORO_214: STARTING
2026-06-08T20:00:02.645677771Z [INFO] eToro-Momentum-LS.MLS_FlashCrashReversalStrategy_EEFT.ETORO_214: self.config.oms_type=None
2026-06-08T20:00:02.645677941Z [INFO] eToro-Momentum-LS.MLS_FlashCrashReversalStrategy_EEFT.ETORO_214: self.config.external_order_claims=None
2026-06-08T20:00:02.645678081Z [INFO] eToro-Momentum-LS.MLS_FlashCrashReversalStrategy_EEFT.ETORO_214: self.config.manage_gtd_expiry=False
2026-06-08T20:00:02.645678683Z [INFO] eToro-Momentum-LS.MLS_FlashCrashReversalStrategy_EEFT.ETORO_214: Set ClientOrderIdGenerator client_order_id count to 0
2026-06-08T20:00:02.645678893Z [INFO] eToro-Momentum-LS.MLS_FlashCrashReversalStrategy_EEFT.ETORO_214: Set ClientOrderIdGenerator order_list_id count to 0
2026-06-08T20:00:02.645680817Z [INFO] eToro-Momentum-LS.MLS_FlashCrashReversalStrategy_EEFT.ETORO_214: Starte Flash Crash Reversal auf EEFT.ETORO
2026-06-08T20:00:02.645688090Z [DEBUG] eToro-Momentum-LS.MessageBus: Added Subscription(topic=data.bars.EEFT.ETORO-1-HOUR-MID-INTERNAL, handler=<bound method Actor.handle_bar of FlashCrashReversalStrategy(MLS_FlashCrashReversalStrategy_EEFT.ETORO_214-214)>, priority=0)
2026-06-08T20:00:02.645690655Z [INFO] eToro-Momentum-LS.MLS_FlashCrashReversalStrategy_EEFT.ETORO_214: [CMD]--> SubscribeBars(bar_type=EEFT.ETORO-1-HOUR-MID-INTERNAL, client_id=None, venue=ETORO)
2026-06-08T20:00:02.645710592Z [INFO] eToro-Momentum-LS.MLS_FlashCrashReversalStrategy_EEFT.ETORO_214: RUNNING
2026-06-08T20:00:02.645714850Z [DEBUG] eToro-Momentum-LS.MLS_FlashCrashReversalStrategy_EEFT.ETORO_215: STARTING
2026-06-08T20:00:02.645719128Z [INFO] eToro-Momentum-LS.MLS_FlashCrashReversalStrategy_EEFT.ETORO_215: self.config.oms_type=None
2026-06-08T20:00:02.645720311Z [INFO] eToro-Momentum-LS.MLS_FlashCrashReversalStrategy_EEFT.ETORO_215: self.config.external_order_claims=None
2026-06-08T20:00:02.645720792Z [INFO] eToro-Momentum-LS.MLS_FlashCrashReversalStrategy_EEFT.ETORO_215: self.config.manage_gtd_expiry=False
2026-06-08T20:00:02.645723867Z [INFO] eToro-Momentum-LS.MLS_FlashCrashReversalStrategy_EEFT.ETORO_215: Set ClientOrderIdGenerator client_order_id count to 0
2026-06-08T20:00:02.645724308Z [INFO] eToro-Momentum-LS.MLS_FlashCrashReversalStrategy_EEFT.ETORO_215: Set ClientOrderIdGenerator order_list_id count to 0
2026-06-08T20:00:02.645730269Z [INFO] eToro-Momentum-LS.MLS_FlashCrashReversalStrategy_EEFT.ETORO_215: Starte Flash Crash Reversal auf EEFT.ETORO
2026-06-08T20:00:02.645761929Z [DEBUG] eToro-Momentum-LS.MessageBus: Added Subscription(topic=data.bars.EEFT.ETORO-1-HOUR-MID-INTERNAL, handler=<bound method Actor.handle_bar of FlashCrashReversalStrategy(MLS_FlashCrashReversalStrategy_EEFT.ETORO_215-215)>, priority=0)
2026-06-08T20:00:02.645773060Z [INFO] eToro-Momentum-LS.MLS_FlashCrashReversalStrategy_EEFT.ETORO_215: [CMD]--> SubscribeBars(bar_type=EEFT.ETORO-1-HOUR-MID-INTERNAL, client_id=None, venue=ETORO)
2026-06-08T20:00:02.645810389Z [INFO] eToro-Momentum-LS.MLS_FlashCrashReversalStrategy_EEFT.ETORO_215: RUNNING
2026-06-08T20:00:02.645814898Z [DEBUG] eToro-Momentum-LS.MLS_FlashCrashReversalStrategy_EEFT.ETORO_216: STARTING
2026-06-08T20:00:02.645815760Z [INFO] eToro-Momentum-LS.MLS_FlashCrashReversalStrategy_EEFT.ETORO_216: self.config.oms_type=None
2026-06-08T20:00:02.645816050Z [INFO] eToro-Momentum-LS.MLS_FlashCrashReversalStrategy_EEFT.ETORO_216: self.config.external_order_claims=None
2026-06-08T20:00:02.645816321Z [INFO] eToro-Momentum-LS.MLS_FlashCrashReversalStrategy_EEFT.ETORO_216: self.config.manage_gtd_expiry=False
2026-06-08T20:00:02.645817473Z [INFO] eToro-Momentum-LS.MLS_FlashCrashReversalStrategy_EEFT.ETORO_216: Set ClientOrderIdGenerator client_order_id count to 0
2026-06-08T20:00:02.645817693Z [INFO] eToro-Momentum-LS.MLS_FlashCrashReversalStrategy_EEFT.ETORO_216: Set ClientOrderIdGenerator order_list_id count to 0
2026-06-08T20:00:02.645820258Z [INFO] eToro-Momentum-LS.MLS_FlashCrashReversalStrategy_EEFT.ETORO_216: Starte Flash Crash Reversal auf EEFT.ETORO
2026-06-08T20:00:02.645834755Z [DEBUG] eToro-Momentum-LS.MessageBus: Added Subscription(topic=data.bars.EEFT.ETORO-1-HOUR-MID-INTERNAL, handler=<bound method Actor.handle_bar of FlashCrashReversalStrategy(MLS_FlashCrashReversalStrategy_EEFT.ETORO_216-216)>, priority=0)
2026-06-08T20:00:02.645840496Z [INFO] eToro-Momentum-LS.MLS_FlashCrashReversalStrategy_EEFT.ETORO_216: [CMD]--> SubscribeBars(bar_type=EEFT.ETORO-1-HOUR-MID-INTERNAL, client_id=None, venue=ETORO)
2026-06-08T20:00:02.645871755Z [INFO] eToro-Momentum-LS.MLS_FlashCrashReversalStrategy_EEFT.ETORO_216: RUNNING
2026-06-08T20:00:02.645874880Z [DEBUG] eToro-Momentum-LS.MLS_FlashCrashReversalStrategy_GTLB.ETORO_217: STARTING
2026-06-08T20:00:02.645875351Z [INFO] eToro-Momentum-LS.MLS_FlashCrashReversalStrategy_GTLB.ETORO_217: self.config.oms_type=None
2026-06-08T20:00:02.645875562Z [INFO] eToro-Momentum-LS.MLS_FlashCrashReversalStrategy_GTLB.ETORO_217: self.config.external_order_claims=None
2026-06-08T20:00:02.645875762Z [INFO] eToro-Momentum-LS.MLS_FlashCrashReversalStrategy_GTLB.ETORO_217: self.config.manage_gtd_expiry=False
2026-06-08T20:00:02.645876564Z [INFO] eToro-Momentum-LS.MLS_FlashCrashReversalStrategy_GTLB.ETORO_217: Set ClientOrderIdGenerator client_order_id count to 0
2026-06-08T20:00:02.645876814Z [INFO] eToro-Momentum-LS.MLS_FlashCrashReversalStrategy_GTLB.ETORO_217: Set ClientOrderIdGenerator order_list_id count to 0
2026-06-08T20:00:02.645878587Z [INFO] eToro-Momentum-LS.MLS_FlashCrashReversalStrategy_GTLB.ETORO_217: Starte Flash Crash Reversal auf GTLB.ETORO
2026-06-08T20:00:02.645886041Z [DEBUG] eToro-Momentum-LS.MessageBus: Added Subscription(topic=data.bars.GTLB.ETORO-1-HOUR-MID-INTERNAL, handler=<bound method Actor.handle_bar of FlashCrashReversalStrategy(MLS_FlashCrashReversalStrategy_GTLB.ETORO_217-217)>, priority=0)
2026-06-08T20:00:02.645889848Z [INFO] eToro-Momentum-LS.MLS_FlashCrashReversalStrategy_GTLB.ETORO_217: [CMD]--> SubscribeBars(bar_type=GTLB.ETORO-1-HOUR-MID-INTERNAL, client_id=None, venue=ETORO)
2026-06-08T20:00:02.645909325Z [INFO] eToro-Momentum-LS.MLS_FlashCrashReversalStrategy_GTLB.ETORO_217: RUNNING
2026-06-08T20:00:02.645912551Z [DEBUG] eToro-Momentum-LS.MLS_FlashCrashReversalStrategy_GTLB.ETORO_218: STARTING
2026-06-08T20:00:02.645912982Z [INFO] eToro-Momentum-LS.MLS_FlashCrashReversalStrategy_GTLB.ETORO_218: self.config.oms_type=None
2026-06-08T20:00:02.645913182Z [INFO] eToro-Momentum-LS.MLS_FlashCrashReversalStrategy_GTLB.ETORO_218: self.config.external_order_claims=None
2026-06-08T20:00:02.645913373Z [INFO] eToro-Momentum-LS.MLS_FlashCrashReversalStrategy_GTLB.ETORO_218: self.config.manage_gtd_expiry=False
2026-06-08T20:00:02.645914014Z [INFO] eToro-Momentum-LS.MLS_FlashCrashReversalStrategy_GTLB.ETORO_218: Set ClientOrderIdGenerator client_order_id count to 0
2026-06-08T20:00:02.645914244Z [INFO] eToro-Momentum-LS.MLS_FlashCrashReversalStrategy_GTLB.ETORO_218: Set ClientOrderIdGenerator order_list_id count to 0
2026-06-08T20:00:02.645916799Z [INFO] eToro-Momentum-LS.MLS_FlashCrashReversalStrategy_GTLB.ETORO_218: Starte Flash Crash Reversal auf GTLB.ETORO
2026-06-08T20:00:02.645930815Z [DEBUG] eToro-Momentum-LS.MessageBus: Added Subscription(topic=data.bars.GTLB.ETORO-1-HOUR-MID-INTERNAL, handler=<bound method Actor.handle_bar of FlashCrashReversalStrategy(MLS_FlashCrashReversalStrategy_GTLB.ETORO_218-218)>, priority=0)
2026-06-08T20:00:02.645936706Z [INFO] eToro-Momentum-LS.MLS_FlashCrashReversalStrategy_GTLB.ETORO_218: [CMD]--> SubscribeBars(bar_type=GTLB.ETORO-1-HOUR-MID-INTERNAL, client_id=None, venue=ETORO)
2026-06-08T20:00:02.645960090Z [INFO] eToro-Momentum-LS.MLS_FlashCrashReversalStrategy_GTLB.ETORO_218: RUNNING
2026-06-08T20:00:02.645963116Z [DEBUG] eToro-Momentum-LS.MLS_FlashCrashReversalStrategy_JAZZ.ETORO_219: STARTING
2026-06-08T20:00:02.645963497Z [INFO] eToro-Momentum-LS.MLS_FlashCrashReversalStrategy_JAZZ.ETORO_219: self.config.oms_type=None
2026-06-08T20:00:02.645963747Z [INFO] eToro-Momentum-LS.MLS_FlashCrashReversalStrategy_JAZZ.ETORO_219: self.config.external_order_claims=None
2026-06-08T20:00:02.645963907Z [INFO] eToro-Momentum-LS.MLS_FlashCrashReversalStrategy_JAZZ.ETORO_219: self.config.manage_gtd_expiry=False
2026-06-08T20:00:02.645964709Z [INFO] eToro-Momentum-LS.MLS_FlashCrashReversalStrategy_JAZZ.ETORO_219: Set ClientOrderIdGenerator client_order_id count to 0
2026-06-08T20:00:02.645964939Z [INFO] eToro-Momentum-LS.MLS_FlashCrashReversalStrategy_JAZZ.ETORO_219: Set ClientOrderIdGenerator order_list_id count to 0
2026-06-08T20:00:02.645966492Z [INFO] eToro-Momentum-LS.MLS_FlashCrashReversalStrategy_JAZZ.ETORO_219: Starte Flash Crash Reversal auf JAZZ.ETORO
2026-06-08T20:00:02.645975729Z [DEBUG] eToro-Momentum-LS.MessageBus: Added Subscription(topic=data.bars.JAZZ.ETORO-1-HOUR-MID-INTERNAL, handler=<bound method Actor.handle_bar of FlashCrashReversalStrategy(MLS_FlashCrashReversalStrategy_JAZZ.ETORO_219-219)>, priority=0)
2026-06-08T20:00:02.645978725Z [INFO] eToro-Momentum-LS.MLS_FlashCrashReversalStrategy_JAZZ.ETORO_219: [CMD]--> SubscribeBars(bar_type=JAZZ.ETORO-1-HOUR-MID-INTERNAL, client_id=None, venue=ETORO)
2026-06-08T20:00:02.645998783Z [INFO] eToro-Momentum-LS.MLS_FlashCrashReversalStrategy_JAZZ.ETORO_219: RUNNING
2026-06-08T20:00:02.646001748Z [DEBUG] eToro-Momentum-LS.MLS_FlashCrashReversalStrategy_JAZZ.ETORO_220: STARTING
2026-06-08T20:00:02.646002129Z [INFO] eToro-Momentum-LS.MLS_FlashCrashReversalStrategy_JAZZ.ETORO_220: self.config.oms_type=None
2026-06-08T20:00:02.646002309Z [INFO] eToro-Momentum-LS.MLS_FlashCrashReversalStrategy_JAZZ.ETORO_220: self.config.external_order_claims=None
2026-06-08T20:00:02.646002470Z [INFO] eToro-Momentum-LS.MLS_FlashCrashReversalStrategy_JAZZ.ETORO_220: self.config.manage_gtd_expiry=False
2026-06-08T20:00:02.646003111Z [INFO] eToro-Momentum-LS.MLS_FlashCrashReversalStrategy_JAZZ.ETORO_220: Set ClientOrderIdGenerator client_order_id count to 0
2026-06-08T20:00:02.646003341Z [INFO] eToro-Momentum-LS.MLS_FlashCrashReversalStrategy_JAZZ.ETORO_220: Set ClientOrderIdGenerator order_list_id count to 0
2026-06-08T20:00:02.646004413Z [INFO] eToro-Momentum-LS.MLS_FlashCrashReversalStrategy_JAZZ.ETORO_220: Starte Flash Crash Reversal auf JAZZ.ETORO
2026-06-08T20:00:02.646011446Z [DEBUG] eToro-Momentum-LS.MessageBus: Added Subscription(topic=data.bars.JAZZ.ETORO-1-HOUR-MID-INTERNAL, handler=<bound method Actor.handle_bar of FlashCrashReversalStrategy(MLS_FlashCrashReversalStrategy_JAZZ.ETORO_220-220)>, priority=0)
2026-06-08T20:00:02.646014863Z [INFO] eToro-Momentum-LS.MLS_FlashCrashReversalStrategy_JAZZ.ETORO_220: [CMD]--> SubscribeBars(bar_type=JAZZ.ETORO-1-HOUR-MID-INTERNAL, client_id=None, venue=ETORO)
2026-06-08T20:00:02.646034199Z [INFO] eToro-Momentum-LS.MLS_FlashCrashReversalStrategy_JAZZ.ETORO_220: RUNNING
2026-06-08T20:00:02.646037014Z [DEBUG] eToro-Momentum-LS.MLS_FlashCrashReversalStrategy_JAZZ.ETORO_221: STARTING
2026-06-08T20:00:02.646037395Z [INFO] eToro-Momentum-LS.MLS_FlashCrashReversalStrategy_JAZZ.ETORO_221: self.config.oms_type=None
2026-06-08T20:00:02.646037565Z [INFO] eToro-Momentum-LS.MLS_FlashCrashReversalStrategy_JAZZ.ETORO_221: self.config.external_order_claims=None
2026-06-08T20:00:02.646037716Z [INFO] eToro-Momentum-LS.MLS_FlashCrashReversalStrategy_JAZZ.ETORO_221: self.config.manage_gtd_expiry=False
2026-06-08T20:00:02.646038417Z [INFO] eToro-Momentum-LS.MLS_FlashCrashReversalStrategy_JAZZ.ETORO_221: Set ClientOrderIdGenerator client_order_id count to 0
2026-06-08T20:00:02.646038647Z [INFO] eToro-Momentum-LS.MLS_FlashCrashReversalStrategy_JAZZ.ETORO_221: Set ClientOrderIdGenerator order_list_id count to 0
2026-06-08T20:00:02.646039729Z [INFO] eToro-Momentum-LS.MLS_FlashCrashReversalStrategy_JAZZ.ETORO_221: Starte Flash Crash Reversal auf JAZZ.ETORO
2026-06-08T20:00:02.646047354Z [DEBUG] eToro-Momentum-LS.MessageBus: Added Subscription(topic=data.bars.JAZZ.ETORO-1-HOUR-MID-INTERNAL, handler=<bound method Actor.handle_bar of FlashCrashReversalStrategy(MLS_FlashCrashReversalStrategy_JAZZ.ETORO_221-221)>, priority=0)
2026-06-08T20:00:02.646049758Z [INFO] eToro-Momentum-LS.MLS_FlashCrashReversalStrategy_JAZZ.ETORO_221: [CMD]--> SubscribeBars(bar_type=JAZZ.ETORO-1-HOUR-MID-INTERNAL, client_id=None, venue=ETORO)
2026-06-08T20:00:02.646068964Z [INFO] eToro-Momentum-LS.MLS_FlashCrashReversalStrategy_JAZZ.ETORO_221: RUNNING
2026-06-08T20:00:02.646071860Z [DEBUG] eToro-Momentum-LS.MLS_FlashCrashReversalStrategy_JAZZ.ETORO_222: STARTING
2026-06-08T20:00:02.646072250Z [INFO] eToro-Momentum-LS.MLS_FlashCrashReversalStrategy_JAZZ.ETORO_222: self.config.oms_type=None
2026-06-08T20:00:02.646072411Z [INFO] eToro-Momentum-LS.MLS_FlashCrashReversalStrategy_JAZZ.ETORO_222: self.config.external_order_claims=None
2026-06-08T20:00:02.646072561Z [INFO] eToro-Momentum-LS.MLS_FlashCrashReversalStrategy_JAZZ.ETORO_222: self.config.manage_gtd_expiry=False
2026-06-08T20:00:02.646073292Z [INFO] eToro-Momentum-LS.MLS_FlashCrashReversalStrategy_JAZZ.ETORO_222: Set ClientOrderIdGenerator client_order_id count to 0
2026-06-08T20:00:02.646073513Z [INFO] eToro-Momentum-LS.MLS_FlashCrashReversalStrategy_JAZZ.ETORO_222: Set ClientOrderIdGenerator order_list_id count to 0
2026-06-08T20:00:02.646074645Z [INFO] eToro-Momentum-LS.MLS_FlashCrashReversalStrategy_JAZZ.ETORO_222: Starte Flash Crash Reversal auf JAZZ.ETORO
2026-06-08T20:00:02.646081818Z [DEBUG] eToro-Momentum-LS.MessageBus: Added Subscription(topic=data.bars.JAZZ.ETORO-1-HOUR-MID-INTERNAL, handler=<bound method Actor.handle_bar of FlashCrashReversalStrategy(MLS_FlashCrashReversalStrategy_JAZZ.ETORO_222-222)>, priority=0)
2026-06-08T20:00:02.646084173Z [INFO] eToro-Momentum-LS.MLS_FlashCrashReversalStrategy_JAZZ.ETORO_222: [CMD]--> SubscribeBars(bar_type=JAZZ.ETORO-1-HOUR-MID-INTERNAL, client_id=None, venue=ETORO)
2026-06-08T20:00:02.646103559Z [INFO] eToro-Momentum-LS.MLS_FlashCrashReversalStrategy_JAZZ.ETORO_222: RUNNING
2026-06-08T20:00:02.646106364Z [DEBUG] eToro-Momentum-LS.MLS_FlashCrashReversalStrategy_JAZZ.ETORO_223: STARTING
2026-06-08T20:00:02.646106745Z [INFO] eToro-Momentum-LS.MLS_FlashCrashReversalStrategy_JAZZ.ETORO_223: self.config.oms_type=None
2026-06-08T20:00:02.646106915Z [INFO] eToro-Momentum-LS.MLS_FlashCrashReversalStrategy_JAZZ.ETORO_223: self.config.external_order_claims=None
2026-06-08T20:00:02.646107056Z [INFO] eToro-Momentum-LS.MLS_FlashCrashReversalStrategy_JAZZ.ETORO_223: self.config.manage_gtd_expiry=False
2026-06-08T20:00:02.646107727Z [INFO] eToro-Momentum-LS.MLS_FlashCrashReversalStrategy_JAZZ.ETORO_223: Set ClientOrderIdGenerator client_order_id count to 0
2026-06-08T20:00:02.646107967Z [INFO] eToro-Momentum-LS.MLS_FlashCrashReversalStrategy_JAZZ.ETORO_223: Set ClientOrderIdGenerator order_list_id count to 0
2026-06-08T20:00:02.646109039Z [INFO] eToro-Momentum-LS.MLS_FlashCrashReversalStrategy_JAZZ.ETORO_223: Starte Flash Crash Reversal auf JAZZ.ETORO
2026-06-08T20:00:02.646116053Z [DEBUG] eToro-Momentum-LS.MessageBus: Added Subscription(topic=data.bars.JAZZ.ETORO-1-HOUR-MID-INTERNAL, handler=<bound method Actor.handle_bar of FlashCrashReversalStrategy(MLS_FlashCrashReversalStrategy_JAZZ.ETORO_223-223)>, priority=0)
2026-06-08T20:00:02.646118537Z [INFO] eToro-Momentum-LS.MLS_FlashCrashReversalStrategy_JAZZ.ETORO_223: [CMD]--> SubscribeBars(bar_type=JAZZ.ETORO-1-HOUR-MID-INTERNAL, client_id=None, venue=ETORO)
2026-06-08T20:00:02.646137863Z [INFO] eToro-Momentum-LS.MLS_FlashCrashReversalStrategy_JAZZ.ETORO_223: RUNNING
2026-06-08T20:00:02.646140889Z [DEBUG] eToro-Momentum-LS.MLS_FlashCrashReversalStrategy_JAZZ.ETORO_224: STARTING
2026-06-08T20:00:02.646141160Z [INFO] eToro-Momentum-LS.MLS_FlashCrashReversalStrategy_JAZZ.ETORO_224: self.config.oms_type=None
2026-06-08T20:00:02.646141320Z [INFO] eToro-Momentum-LS.MLS_FlashCrashReversalStrategy_JAZZ.ETORO_224: self.config.external_order_claims=None
2026-06-08T20:00:02.646141550Z [INFO] eToro-Momentum-LS.MLS_FlashCrashReversalStrategy_JAZZ.ETORO_224: self.config.manage_gtd_expiry=False
2026-06-08T20:00:02.646142232Z [INFO] eToro-Momentum-LS.MLS_FlashCrashReversalStrategy_JAZZ.ETORO_224: Set ClientOrderIdGenerator client_order_id count to 0
2026-06-08T20:00:02.646142442Z [INFO] eToro-Momentum-LS.MLS_FlashCrashReversalStrategy_JAZZ.ETORO_224: Set ClientOrderIdGenerator order_list_id count to 0
2026-06-08T20:00:02.646143654Z [INFO] eToro-Momentum-LS.MLS_FlashCrashReversalStrategy_JAZZ.ETORO_224: Starte Flash Crash Reversal auf JAZZ.ETORO
2026-06-08T20:00:02.646150597Z [DEBUG] eToro-Momentum-LS.MessageBus: Added Subscription(topic=data.bars.JAZZ.ETORO-1-HOUR-MID-INTERNAL, handler=<bound method Actor.handle_bar of FlashCrashReversalStrategy(MLS_FlashCrashReversalStrategy_JAZZ.ETORO_224-224)>, priority=0)
2026-06-08T20:00:02.646153202Z [INFO] eToro-Momentum-LS.MLS_FlashCrashReversalStrategy_JAZZ.ETORO_224: [CMD]--> SubscribeBars(bar_type=JAZZ.ETORO-1-HOUR-MID-INTERNAL, client_id=None, venue=ETORO)
2026-06-08T20:00:02.646172268Z [INFO] eToro-Momentum-LS.MLS_FlashCrashReversalStrategy_JAZZ.ETORO_224: RUNNING
2026-06-08T20:00:02.646175063Z [DEBUG] eToro-Momentum-LS.MLS_FlashCrashReversalStrategy_JAZZ.ETORO_225: STARTING
2026-06-08T20:00:02.646175434Z [INFO] eToro-Momentum-LS.MLS_FlashCrashReversalStrategy_JAZZ.ETORO_225: self.config.oms_type=None
2026-06-08T20:00:02.646175604Z [INFO] eToro-Momentum-LS.MLS_FlashCrashReversalStrategy_JAZZ.ETORO_225: self.config.external_order_claims=None
2026-06-08T20:00:02.646175765Z [INFO] eToro-Momentum-LS.MLS_FlashCrashReversalStrategy_JAZZ.ETORO_225: self.config.manage_gtd_expiry=False
2026-06-08T20:00:02.646176376Z [INFO] eToro-Momentum-LS.MLS_FlashCrashReversalStrategy_JAZZ.ETORO_225: Set ClientOrderIdGenerator client_order_id count to 0
2026-06-08T20:00:02.646176606Z [INFO] eToro-Momentum-LS.MLS_FlashCrashReversalStrategy_JAZZ.ETORO_225: Set ClientOrderIdGenerator order_list_id count to 0
2026-06-08T20:00:02.646177738Z [INFO] eToro-Momentum-LS.MLS_FlashCrashReversalStrategy_JAZZ.ETORO_225: Starte Flash Crash Reversal auf JAZZ.ETORO
2026-06-08T20:00:02.646185102Z [DEBUG] eToro-Momentum-LS.MessageBus: Added Subscription(topic=data.bars.JAZZ.ETORO-1-HOUR-MID-INTERNAL, handler=<bound method Actor.handle_bar of FlashCrashReversalStrategy(MLS_FlashCrashReversalStrategy_JAZZ.ETORO_225-225)>, priority=0)
2026-06-08T20:00:02.646188228Z [INFO] eToro-Momentum-LS.MLS_FlashCrashReversalStrategy_JAZZ.ETORO_225: [CMD]--> SubscribeBars(bar_type=JAZZ.ETORO-1-HOUR-MID-INTERNAL, client_id=None, venue=ETORO)
2026-06-08T20:00:02.646208085Z [INFO] eToro-Momentum-LS.MLS_FlashCrashReversalStrategy_JAZZ.ETORO_225: RUNNING
2026-06-08T20:00:02.646211191Z [DEBUG] eToro-Momentum-LS.MLS_FlashCrashReversalStrategy_JAZZ.ETORO_226: STARTING
2026-06-08T20:00:02.646211481Z [INFO] eToro-Momentum-LS.MLS_FlashCrashReversalStrategy_JAZZ.ETORO_226: self.config.oms_type=None
2026-06-08T20:00:02.646211652Z [INFO] eToro-Momentum-LS.MLS_FlashCrashReversalStrategy_JAZZ.ETORO_226: self.config.external_order_claims=None
2026-06-08T20:00:02.646211802Z [INFO] eToro-Momentum-LS.MLS_FlashCrashReversalStrategy_JAZZ.ETORO_226: self.config.manage_gtd_expiry=False
2026-06-08T20:00:02.646212333Z [INFO] eToro-Momentum-LS.MLS_FlashCrashReversalStrategy_JAZZ.ETORO_226: Set ClientOrderIdGenerator client_order_id count to 0
2026-06-08T20:00:02.646212543Z [INFO] eToro-Momentum-LS.MLS_FlashCrashReversalStrategy_JAZZ.ETORO_226: Set ClientOrderIdGenerator order_list_id count to 0
2026-06-08T20:00:02.646213615Z [INFO] eToro-Momentum-LS.MLS_FlashCrashReversalStrategy_JAZZ.ETORO_226: Starte Flash Crash Reversal auf JAZZ.ETORO
2026-06-08T20:00:02.646220208Z [DEBUG] eToro-Momentum-LS.MessageBus: Added Subscription(topic=data.bars.JAZZ.ETORO-1-HOUR-MID-INTERNAL, handler=<bound method Actor.handle_bar of FlashCrashReversalStrategy(MLS_FlashCrashReversalStrategy_JAZZ.ETORO_226-226)>, priority=0)
2026-06-08T20:00:02.646222502Z [INFO] eToro-Momentum-LS.MLS_FlashCrashReversalStrategy_JAZZ.ETORO_226: [CMD]--> SubscribeBars(bar_type=JAZZ.ETORO-1-HOUR-MID-INTERNAL, client_id=None, venue=ETORO)
2026-06-08T20:00:02.646242049Z [INFO] eToro-Momentum-LS.MLS_FlashCrashReversalStrategy_JAZZ.ETORO_226: RUNNING
2026-06-08T20:00:02.646244934Z [DEBUG] eToro-Momentum-LS.MLS_FlashCrashReversalStrategy_JAZZ.ETORO_227: STARTING
2026-06-08T20:00:02.646245395Z [INFO] eToro-Momentum-LS.MLS_FlashCrashReversalStrategy_JAZZ.ETORO_227: self.config.oms_type=None
2026-06-08T20:00:02.646245555Z [INFO] eToro-Momentum-LS.MLS_FlashCrashReversalStrategy_JAZZ.ETORO_227: self.config.external_order_claims=None
2026-06-08T20:00:02.646245726Z [INFO] eToro-Momentum-LS.MLS_FlashCrashReversalStrategy_JAZZ.ETORO_227: self.config.manage_gtd_expiry=False
2026-06-08T20:00:02.646246307Z [INFO] eToro-Momentum-LS.MLS_FlashCrashReversalStrategy_JAZZ.ETORO_227: Set ClientOrderIdGenerator client_order_id count to 0
2026-06-08T20:00:02.646246467Z [INFO] eToro-Momentum-LS.MLS_FlashCrashReversalStrategy_JAZZ.ETORO_227: Set ClientOrderIdGenerator order_list_id count to 0
2026-06-08T20:00:02.646247699Z [INFO] eToro-Momentum-LS.MLS_FlashCrashReversalStrategy_JAZZ.ETORO_227: Starte Flash Crash Reversal auf JAZZ.ETORO
2026-06-08T20:00:02.646254452Z [DEBUG] eToro-Momentum-LS.MessageBus: Added Subscription(topic=data.bars.JAZZ.ETORO-1-HOUR-MID-INTERNAL, handler=<bound method Actor.handle_bar of FlashCrashReversalStrategy(MLS_FlashCrashReversalStrategy_JAZZ.ETORO_227-227)>, priority=0)
2026-06-08T20:00:02.646256766Z [INFO] eToro-Momentum-LS.MLS_FlashCrashReversalStrategy_JAZZ.ETORO_227: [CMD]--> SubscribeBars(bar_type=JAZZ.ETORO-1-HOUR-MID-INTERNAL, client_id=None, venue=ETORO)
2026-06-08T20:00:02.646276674Z [INFO] eToro-Momentum-LS.MLS_FlashCrashReversalStrategy_JAZZ.ETORO_227: RUNNING
2026-06-08T20:00:02.646279529Z [DEBUG] eToro-Momentum-LS.MLS_FlashCrashReversalStrategy_JAZZ.ETORO_228: STARTING
2026-06-08T20:00:02.646279840Z [INFO] eToro-Momentum-LS.MLS_FlashCrashReversalStrategy_JAZZ.ETORO_228: self.config.oms_type=None
2026-06-08T20:00:02.646280010Z [INFO] eToro-Momentum-LS.MLS_FlashCrashReversalStrategy_JAZZ.ETORO_228: self.config.external_order_claims=None
2026-06-08T20:00:02.646280150Z [INFO] eToro-Momentum-LS.MLS_FlashCrashReversalStrategy_JAZZ.ETORO_228: self.config.manage_gtd_expiry=False
2026-06-08T20:00:02.646280721Z [INFO] eToro-Momentum-LS.MLS_FlashCrashReversalStrategy_JAZZ.ETORO_228: Set ClientOrderIdGenerator client_order_id count to 0
2026-06-08T20:00:02.646280932Z [INFO] eToro-Momentum-LS.MLS_FlashCrashReversalStrategy_JAZZ.ETORO_228: Set ClientOrderIdGenerator order_list_id count to 0
2026-06-08T20:00:02.646282164Z [INFO] eToro-Momentum-LS.MLS_FlashCrashReversalStrategy_JAZZ.ETORO_228: Starte Flash Crash Reversal auf JAZZ.ETORO
2026-06-08T20:00:02.646290189Z [DEBUG] eToro-Momentum-LS.MessageBus: Added Subscription(topic=data.bars.JAZZ.ETORO-1-HOUR-MID-INTERNAL, handler=<bound method Actor.handle_bar of FlashCrashReversalStrategy(MLS_FlashCrashReversalStrategy_JAZZ.ETORO_228-228)>, priority=0)
2026-06-08T20:00:02.646292654Z [INFO] eToro-Momentum-LS.MLS_FlashCrashReversalStrategy_JAZZ.ETORO_228: [CMD]--> SubscribeBars(bar_type=JAZZ.ETORO-1-HOUR-MID-INTERNAL, client_id=None, venue=ETORO)
2026-06-08T20:00:02.646312481Z [INFO] eToro-Momentum-LS.MLS_FlashCrashReversalStrategy_JAZZ.ETORO_228: RUNNING
2026-06-08T20:00:02.646315607Z [DEBUG] eToro-Momentum-LS.MLS_FlashCrashReversalStrategy_JAZZ.ETORO_229: STARTING
2026-06-08T20:00:02.646315907Z [INFO] eToro-Momentum-LS.MLS_FlashCrashReversalStrategy_JAZZ.ETORO_229: self.config.oms_type=None
2026-06-08T20:00:02.646316078Z [INFO] eToro-Momentum-LS.MLS_FlashCrashReversalStrategy_JAZZ.ETORO_229: self.config.external_order_claims=None
2026-06-08T20:00:02.646316218Z [INFO] eToro-Momentum-LS.MLS_FlashCrashReversalStrategy_JAZZ.ETORO_229: self.config.manage_gtd_expiry=False
2026-06-08T20:00:02.646316899Z [INFO] eToro-Momentum-LS.MLS_FlashCrashReversalStrategy_JAZZ.ETORO_229: Set ClientOrderIdGenerator client_order_id count to 0
2026-06-08T20:00:02.646317130Z [INFO] eToro-Momentum-LS.MLS_FlashCrashReversalStrategy_JAZZ.ETORO_229: Set ClientOrderIdGenerator order_list_id count to 0
2026-06-08T20:00:02.646318272Z [INFO] eToro-Momentum-LS.MLS_FlashCrashReversalStrategy_JAZZ.ETORO_229: Starte Flash Crash Reversal auf JAZZ.ETORO
2026-06-08T20:00:02.646325014Z [DEBUG] eToro-Momentum-LS.MessageBus: Added Subscription(topic=data.bars.JAZZ.ETORO-1-HOUR-MID-INTERNAL, handler=<bound method Actor.handle_bar of FlashCrashReversalStrategy(MLS_FlashCrashReversalStrategy_JAZZ.ETORO_229-229)>, priority=0)
2026-06-08T20:00:02.646327619Z [INFO] eToro-Momentum-LS.MLS_FlashCrashReversalStrategy_JAZZ.ETORO_229: [CMD]--> SubscribeBars(bar_type=JAZZ.ETORO-1-HOUR-MID-INTERNAL, client_id=None, venue=ETORO)
2026-06-08T20:00:02.646347366Z [INFO] eToro-Momentum-LS.MLS_FlashCrashReversalStrategy_JAZZ.ETORO_229: RUNNING
2026-06-08T20:00:02.646350322Z [DEBUG] eToro-Momentum-LS.MLS_FlashCrashReversalStrategy_JAZZ.ETORO_230: STARTING
2026-06-08T20:00:02.646350702Z [INFO] eToro-Momentum-LS.MLS_FlashCrashReversalStrategy_JAZZ.ETORO_230: self.config.oms_type=None
2026-06-08T20:00:02.646351855Z [INFO] eToro-Momentum-LS.MLS_FlashCrashReversalStrategy_JAZZ.ETORO_230: self.config.external_order_claims=None
2026-06-08T20:00:02.646352015Z [INFO] eToro-Momentum-LS.MLS_FlashCrashReversalStrategy_JAZZ.ETORO_230: self.config.manage_gtd_expiry=False
2026-06-08T20:00:02.646352606Z [INFO] eToro-Momentum-LS.MLS_FlashCrashReversalStrategy_JAZZ.ETORO_230: Set ClientOrderIdGenerator client_order_id count to 0
2026-06-08T20:00:02.646352756Z [INFO] eToro-Momentum-LS.MLS_FlashCrashReversalStrategy_JAZZ.ETORO_230: Set ClientOrderIdGenerator order_list_id count to 0
2026-06-08T20:00:02.646354199Z [INFO] eToro-Momentum-LS.MLS_FlashCrashReversalStrategy_JAZZ.ETORO_230: Starte Flash Crash Reversal auf JAZZ.ETORO
2026-06-08T20:00:02.646361032Z [DEBUG] eToro-Momentum-LS.MessageBus: Added Subscription(topic=data.bars.JAZZ.ETORO-1-HOUR-MID-INTERNAL, handler=<bound method Actor.handle_bar of FlashCrashReversalStrategy(MLS_FlashCrashReversalStrategy_JAZZ.ETORO_230-230)>, priority=0)
2026-06-08T20:00:02.646363496Z [INFO] eToro-Momentum-LS.MLS_FlashCrashReversalStrategy_JAZZ.ETORO_230: [CMD]--> SubscribeBars(bar_type=JAZZ.ETORO-1-HOUR-MID-INTERNAL, client_id=None, venue=ETORO)
2026-06-08T20:00:02.646384496Z [INFO] eToro-Momentum-LS.MLS_FlashCrashReversalStrategy_JAZZ.ETORO_230: RUNNING
2026-06-08T20:00:02.646387271Z [DEBUG] eToro-Momentum-LS.MLS_FlashCrashReversalStrategy_JAZZ.ETORO_231: STARTING
2026-06-08T20:00:02.646387752Z [INFO] eToro-Momentum-LS.MLS_FlashCrashReversalStrategy_JAZZ.ETORO_231: self.config.oms_type=None
2026-06-08T20:00:02.646387932Z [INFO] eToro-Momentum-LS.MLS_FlashCrashReversalStrategy_JAZZ.ETORO_231: self.config.external_order_claims=None
2026-06-08T20:00:02.646388083Z [INFO] eToro-Momentum-LS.MLS_FlashCrashReversalStrategy_JAZZ.ETORO_231: self.config.manage_gtd_expiry=False
2026-06-08T20:00:02.646388634Z [INFO] eToro-Momentum-LS.MLS_FlashCrashReversalStrategy_JAZZ.ETORO_231: Set ClientOrderIdGenerator client_order_id count to 0
2026-06-08T20:00:02.646388794Z [INFO] eToro-Momentum-LS.MLS_FlashCrashReversalStrategy_JAZZ.ETORO_231: Set ClientOrderIdGenerator order_list_id count to 0
2026-06-08T20:00:02.646390066Z [INFO] eToro-Momentum-LS.MLS_FlashCrashReversalStrategy_JAZZ.ETORO_231: Starte Flash Crash Reversal auf JAZZ.ETORO
2026-06-08T20:00:02.646397951Z [DEBUG] eToro-Momentum-LS.MessageBus: Added Subscription(topic=data.bars.JAZZ.ETORO-1-HOUR-MID-INTERNAL, handler=<bound method Actor.handle_bar of FlashCrashReversalStrategy(MLS_FlashCrashReversalStrategy_JAZZ.ETORO_231-231)>, priority=0)
2026-06-08T20:00:02.646400997Z [INFO] eToro-Momentum-LS.MLS_FlashCrashReversalStrategy_JAZZ.ETORO_231: [CMD]--> SubscribeBars(bar_type=JAZZ.ETORO-1-HOUR-MID-INTERNAL, client_id=None, venue=ETORO)
2026-06-08T20:00:02.646420734Z [INFO] eToro-Momentum-LS.MLS_FlashCrashReversalStrategy_JAZZ.ETORO_231: RUNNING
2026-06-08T20:00:02.646423519Z [DEBUG] eToro-Momentum-LS.MLS_FlashCrashReversalStrategy_JAZZ.ETORO_232: STARTING
2026-06-08T20:00:02.646423890Z [INFO] eToro-Momentum-LS.MLS_FlashCrashReversalStrategy_JAZZ.ETORO_232: self.config.oms_type=None
2026-06-08T20:00:02.646424060Z [INFO] eToro-Momentum-LS.MLS_FlashCrashReversalStrategy_JAZZ.ETORO_232: self.config.external_order_claims=None
2026-06-08T20:00:02.646424200Z [INFO] eToro-Momentum-LS.MLS_FlashCrashReversalStrategy_JAZZ.ETORO_232: self.config.manage_gtd_expiry=False
2026-06-08T20:00:02.646424801Z [INFO] eToro-Momentum-LS.MLS_FlashCrashReversalStrategy_JAZZ.ETORO_232: Set ClientOrderIdGenerator client_order_id count to 0
2026-06-08T20:00:02.646425012Z [INFO] eToro-Momentum-LS.MLS_FlashCrashReversalStrategy_JAZZ.ETORO_232: Set ClientOrderIdGenerator order_list_id count to 0
2026-06-08T20:00:02.646426705Z [INFO] eToro-Momentum-LS.MLS_FlashCrashReversalStrategy_JAZZ.ETORO_232: Starte Flash Crash Reversal auf JAZZ.ETORO
2026-06-08T20:00:02.646434239Z [DEBUG] eToro-Momentum-LS.MessageBus: Added Subscription(topic=data.bars.JAZZ.ETORO-1-HOUR-MID-INTERNAL, handler=<bound method Actor.handle_bar of FlashCrashReversalStrategy(MLS_FlashCrashReversalStrategy_JAZZ.ETORO_232-232)>, priority=0)
2026-06-08T20:00:02.646436744Z [INFO] eToro-Momentum-LS.MLS_FlashCrashReversalStrategy_JAZZ.ETORO_232: [CMD]--> SubscribeBars(bar_type=JAZZ.ETORO-1-HOUR-MID-INTERNAL, client_id=None, venue=ETORO)
2026-06-08T20:00:02.646456811Z [INFO] eToro-Momentum-LS.MLS_FlashCrashReversalStrategy_JAZZ.ETORO_232: RUNNING
2026-06-08T20:00:02.646459516Z [DEBUG] eToro-Momentum-LS.MLS_FlashCrashReversalStrategy_JAZZ.ETORO_233: STARTING
2026-06-08T20:00:02.646459927Z [INFO] eToro-Momentum-LS.MLS_FlashCrashReversalStrategy_JAZZ.ETORO_233: self.config.oms_type=None
2026-06-08T20:00:02.646460128Z [INFO] eToro-Momentum-LS.MLS_FlashCrashReversalStrategy_JAZZ.ETORO_233: self.config.external_order_claims=None
2026-06-08T20:00:02.646460649Z [INFO] eToro-Momentum-LS.MLS_FlashCrashReversalStrategy_JAZZ.ETORO_233: self.config.manage_gtd_expiry=False
2026-06-08T20:00:02.646461761Z [INFO] eToro-Momentum-LS.MLS_FlashCrashReversalStrategy_JAZZ.ETORO_233: Set ClientOrderIdGenerator client_order_id count to 0
2026-06-08T20:00:02.646462041Z [INFO] eToro-Momentum-LS.MLS_FlashCrashReversalStrategy_JAZZ.ETORO_233: Set ClientOrderIdGenerator order_list_id count to 0
2026-06-08T20:00:02.646465498Z [INFO] eToro-Momentum-LS.MLS_FlashCrashReversalStrategy_JAZZ.ETORO_233: Starte Flash Crash Reversal auf JAZZ.ETORO
2026-06-08T20:00:02.646473132Z [DEBUG] eToro-Momentum-LS.MessageBus: Added Subscription(topic=data.bars.JAZZ.ETORO-1-HOUR-MID-INTERNAL, handler=<bound method Actor.handle_bar of FlashCrashReversalStrategy(MLS_FlashCrashReversalStrategy_JAZZ.ETORO_233-233)>, priority=0)
2026-06-08T20:00:02.646475567Z [INFO] eToro-Momentum-LS.MLS_FlashCrashReversalStrategy_JAZZ.ETORO_233: [CMD]--> SubscribeBars(bar_type=JAZZ.ETORO-1-HOUR-MID-INTERNAL, client_id=None, venue=ETORO)
2026-06-08T20:00:02.646495263Z [INFO] eToro-Momentum-LS.MLS_FlashCrashReversalStrategy_JAZZ.ETORO_233: RUNNING
2026-06-08T20:00:02.646498389Z [DEBUG] eToro-Momentum-LS.MLS_FlashCrashReversalStrategy_HUBS.ETORO_234: STARTING
2026-06-08T20:00:02.646498700Z [INFO] eToro-Momentum-LS.MLS_FlashCrashReversalStrategy_HUBS.ETORO_234: self.config.oms_type=None
2026-06-08T20:00:02.646498870Z [INFO] eToro-Momentum-LS.MLS_FlashCrashReversalStrategy_HUBS.ETORO_234: self.config.external_order_claims=None
2026-06-08T20:00:02.646499011Z [INFO] eToro-Momentum-LS.MLS_FlashCrashReversalStrategy_HUBS.ETORO_234: self.config.manage_gtd_expiry=False
2026-06-08T20:00:02.646499612Z [INFO] eToro-Momentum-LS.MLS_FlashCrashReversalStrategy_HUBS.ETORO_234: Set ClientOrderIdGenerator client_order_id count to 0
2026-06-08T20:00:02.646499822Z [INFO] eToro-Momentum-LS.MLS_FlashCrashReversalStrategy_HUBS.ETORO_234: Set ClientOrderIdGenerator order_list_id count to 0
2026-06-08T20:00:02.646501044Z [INFO] eToro-Momentum-LS.MLS_FlashCrashReversalStrategy_HUBS.ETORO_234: Starte Flash Crash Reversal auf HUBS.ETORO
2026-06-08T20:00:02.646508057Z [DEBUG] eToro-Momentum-LS.MessageBus: Added Subscription(topic=data.bars.HUBS.ETORO-1-HOUR-MID-INTERNAL, handler=<bound method Actor.handle_bar of FlashCrashReversalStrategy(MLS_FlashCrashReversalStrategy_HUBS.ETORO_234-234)>, priority=0)
2026-06-08T20:00:02.646510562Z [INFO] eToro-Momentum-LS.MLS_FlashCrashReversalStrategy_HUBS.ETORO_234: [CMD]--> SubscribeBars(bar_type=HUBS.ETORO-1-HOUR-MID-INTERNAL, client_id=None, venue=ETORO)
2026-06-08T20:00:02.646529718Z [INFO] eToro-Momentum-LS.MLS_FlashCrashReversalStrategy_HUBS.ETORO_234: RUNNING
2026-06-08T20:00:02.646532383Z [DEBUG] eToro-Momentum-LS.MLS_FlashCrashReversalStrategy_HUBS.ETORO_235: STARTING
2026-06-08T20:00:02.646532764Z [INFO] eToro-Momentum-LS.MLS_FlashCrashReversalStrategy_HUBS.ETORO_235: self.config.oms_type=None
2026-06-08T20:00:02.646532934Z [INFO] eToro-Momentum-LS.MLS_FlashCrashReversalStrategy_HUBS.ETORO_235: self.config.external_order_claims=None
2026-06-08T20:00:02.646533104Z [INFO] eToro-Momentum-LS.MLS_FlashCrashReversalStrategy_HUBS.ETORO_235: self.config.manage_gtd_expiry=False
2026-06-08T20:00:02.646533675Z [INFO] eToro-Momentum-LS.MLS_FlashCrashReversalStrategy_HUBS.ETORO_235: Set ClientOrderIdGenerator client_order_id count to 0
2026-06-08T20:00:02.646533836Z [INFO] eToro-Momentum-LS.MLS_FlashCrashReversalStrategy_HUBS.ETORO_235: Set ClientOrderIdGenerator order_list_id count to 0
2026-06-08T20:00:02.646534918Z [INFO] eToro-Momentum-LS.MLS_FlashCrashReversalStrategy_HUBS.ETORO_235: Starte Flash Crash Reversal auf HUBS.ETORO
2026-06-08T20:00:02.646542061Z [DEBUG] eToro-Momentum-LS.MessageBus: Added Subscription(topic=data.bars.HUBS.ETORO-1-HOUR-MID-INTERNAL, handler=<bound method Actor.handle_bar of FlashCrashReversalStrategy(MLS_FlashCrashReversalStrategy_HUBS.ETORO_235-235)>, priority=0)
2026-06-08T20:00:02.647147516Z [INFO] eToro-Momentum-LS.MLS_FlashCrashReversalStrategy_HUBS.ETORO_235: [CMD]--> SubscribeBars(bar_type=HUBS.ETORO-1-HOUR-MID-INTERNAL, client_id=None, venue=ETORO)
2026-06-08T20:00:02.647173715Z [INFO] eToro-Momentum-LS.MLS_FlashCrashReversalStrategy_HUBS.ETORO_235: RUNNING
2026-06-08T20:00:02.647177442Z [DEBUG] eToro-Momentum-LS.MLS_FlashCrashReversalStrategy_HUBS.ETORO_236: STARTING
2026-06-08T20:00:02.647177863Z [INFO] eToro-Momentum-LS.MLS_FlashCrashReversalStrategy_HUBS.ETORO_236: self.config.oms_type=None
2026-06-08T20:00:02.647178184Z [INFO] eToro-Momentum-LS.MLS_FlashCrashReversalStrategy_HUBS.ETORO_236: self.config.external_order_claims=None
2026-06-08T20:00:02.647178414Z [INFO] eToro-Momentum-LS.MLS_FlashCrashReversalStrategy_HUBS.ETORO_236: self.config.manage_gtd_expiry=False
2026-06-08T20:00:02.647179647Z [INFO] eToro-Momentum-LS.MLS_FlashCrashReversalStrategy_HUBS.ETORO_236: Set ClientOrderIdGenerator client_order_id count to 0
2026-06-08T20:00:02.647179847Z [INFO] eToro-Momentum-LS.MLS_FlashCrashReversalStrategy_HUBS.ETORO_236: Set ClientOrderIdGenerator order_list_id count to 0
2026-06-08T20:00:02.647181771Z [INFO] eToro-Momentum-LS.MLS_FlashCrashReversalStrategy_HUBS.ETORO_236: Starte Flash Crash Reversal auf HUBS.ETORO
2026-06-08T20:00:02.647191920Z [DEBUG] eToro-Momentum-LS.MessageBus: Added Subscription(topic=data.bars.HUBS.ETORO-1-HOUR-MID-INTERNAL, handler=<bound method Actor.handle_bar of FlashCrashReversalStrategy(MLS_FlashCrashReversalStrategy_HUBS.ETORO_236-236)>, priority=0)
2026-06-08T20:00:02.647195757Z [INFO] eToro-Momentum-LS.MLS_FlashCrashReversalStrategy_HUBS.ETORO_236: [CMD]--> SubscribeBars(bar_type=HUBS.ETORO-1-HOUR-MID-INTERNAL, client_id=None, venue=ETORO)
2026-06-08T20:00:02.647217047Z [INFO] eToro-Momentum-LS.MLS_FlashCrashReversalStrategy_HUBS.ETORO_236: RUNNING
2026-06-08T20:00:02.647219922Z [DEBUG] eToro-Momentum-LS.MLS_FlashCrashReversalStrategy_HUBS.ETORO_237: STARTING
2026-06-08T20:00:02.647220333Z [INFO] eToro-Momentum-LS.MLS_FlashCrashReversalStrategy_HUBS.ETORO_237: self.config.oms_type=None
2026-06-08T20:00:02.647220513Z [INFO] eToro-Momentum-LS.MLS_FlashCrashReversalStrategy_HUBS.ETORO_237: self.config.external_order_claims=None
2026-06-08T20:00:02.647220684Z [INFO] eToro-Momentum-LS.MLS_FlashCrashReversalStrategy_HUBS.ETORO_237: self.config.manage_gtd_expiry=False
2026-06-08T20:00:02.647221615Z [INFO] eToro-Momentum-LS.MLS_FlashCrashReversalStrategy_HUBS.ETORO_237: Set ClientOrderIdGenerator client_order_id count to 0
2026-06-08T20:00:02.647221886Z [INFO] eToro-Momentum-LS.MLS_FlashCrashReversalStrategy_HUBS.ETORO_237: Set ClientOrderIdGenerator order_list_id count to 0
2026-06-08T20:00:02.647223599Z [INFO] eToro-Momentum-LS.MLS_FlashCrashReversalStrategy_HUBS.ETORO_237: Starte Flash Crash Reversal auf HUBS.ETORO
2026-06-08T20:00:02.647231253Z [DEBUG] eToro-Momentum-LS.MessageBus: Added Subscription(topic=data.bars.HUBS.ETORO-1-HOUR-MID-INTERNAL, handler=<bound method Actor.handle_bar of FlashCrashReversalStrategy(MLS_FlashCrashReversalStrategy_HUBS.ETORO_237-237)>, priority=0)
2026-06-08T20:00:02.647233688Z [INFO] eToro-Momentum-LS.MLS_FlashCrashReversalStrategy_HUBS.ETORO_237: [CMD]--> SubscribeBars(bar_type=HUBS.ETORO-1-HOUR-MID-INTERNAL, client_id=None, venue=ETORO)
2026-06-08T20:00:02.647253976Z [INFO] eToro-Momentum-LS.MLS_FlashCrashReversalStrategy_HUBS.ETORO_237: RUNNING
2026-06-08T20:00:02.647257042Z [DEBUG] eToro-Momentum-LS.MLS_FlashCrashReversalStrategy_HUBS.ETORO_238: STARTING
2026-06-08T20:00:02.647257462Z [INFO] eToro-Momentum-LS.MLS_FlashCrashReversalStrategy_HUBS.ETORO_238: self.config.oms_type=None
2026-06-08T20:00:02.647257643Z [INFO] eToro-Momentum-LS.MLS_FlashCrashReversalStrategy_HUBS.ETORO_238: self.config.external_order_claims=None
2026-06-08T20:00:02.647257813Z [INFO] eToro-Momentum-LS.MLS_FlashCrashReversalStrategy_HUBS.ETORO_238: self.config.manage_gtd_expiry=False
2026-06-08T20:00:02.647258454Z [INFO] eToro-Momentum-LS.MLS_FlashCrashReversalStrategy_HUBS.ETORO_238: Set ClientOrderIdGenerator client_order_id count to 0
2026-06-08T20:00:02.647258665Z [INFO] eToro-Momentum-LS.MLS_FlashCrashReversalStrategy_HUBS.ETORO_238: Set ClientOrderIdGenerator order_list_id count to 0
2026-06-08T20:00:02.647260799Z [INFO] eToro-Momentum-LS.MLS_FlashCrashReversalStrategy_HUBS.ETORO_238: Starte Flash Crash Reversal auf HUBS.ETORO
2026-06-08T20:00:02.647268303Z [DEBUG] eToro-Momentum-LS.MessageBus: Added Subscription(topic=data.bars.HUBS.ETORO-1-HOUR-MID-INTERNAL, handler=<bound method Actor.handle_bar of FlashCrashReversalStrategy(MLS_FlashCrashReversalStrategy_HUBS.ETORO_238-238)>, priority=0)
2026-06-08T20:00:02.647270908Z [INFO] eToro-Momentum-LS.MLS_FlashCrashReversalStrategy_HUBS.ETORO_238: [CMD]--> SubscribeBars(bar_type=HUBS.ETORO-1-HOUR-MID-INTERNAL, client_id=None, venue=ETORO)
2026-06-08T20:00:02.647291076Z [INFO] eToro-Momentum-LS.MLS_FlashCrashReversalStrategy_HUBS.ETORO_238: RUNNING
2026-06-08T20:00:02.647293841Z [DEBUG] eToro-Momentum-LS.MLS_FlashCrashReversalStrategy_HUBS.ETORO_239: STARTING
2026-06-08T20:00:02.647294231Z [INFO] eToro-Momentum-LS.MLS_FlashCrashReversalStrategy_HUBS.ETORO_239: self.config.oms_type=None
2026-06-08T20:00:02.647294422Z [INFO] eToro-Momentum-LS.MLS_FlashCrashReversalStrategy_HUBS.ETORO_239: self.config.external_order_claims=None
2026-06-08T20:00:02.647294592Z [INFO] eToro-Momentum-LS.MLS_FlashCrashReversalStrategy_HUBS.ETORO_239: self.config.manage_gtd_expiry=False
2026-06-08T20:00:02.647295113Z [INFO] eToro-Momentum-LS.MLS_FlashCrashReversalStrategy_HUBS.ETORO_239: Set ClientOrderIdGenerator client_order_id count to 0
2026-06-08T20:00:02.647296045Z [INFO] eToro-Momentum-LS.MLS_FlashCrashReversalStrategy_HUBS.ETORO_239: Set ClientOrderIdGenerator order_list_id count to 0
2026-06-08T20:00:02.647297297Z [INFO] eToro-Momentum-LS.MLS_FlashCrashReversalStrategy_HUBS.ETORO_239: Starte Flash Crash Reversal auf HUBS.ETORO
2026-06-08T20:00:02.647304942Z [DEBUG] eToro-Momentum-LS.MessageBus: Added Subscription(topic=data.bars.HUBS.ETORO-1-HOUR-MID-INTERNAL, handler=<bound method Actor.handle_bar of FlashCrashReversalStrategy(MLS_FlashCrashReversalStrategy_HUBS.ETORO_239-239)>, priority=0)
2026-06-08T20:00:02.647308117Z [INFO] eToro-Momentum-LS.MLS_FlashCrashReversalStrategy_HUBS.ETORO_239: [CMD]--> SubscribeBars(bar_type=HUBS.ETORO-1-HOUR-MID-INTERNAL, client_id=None, venue=ETORO)
2026-06-08T20:00:02.647327764Z [INFO] eToro-Momentum-LS.MLS_FlashCrashReversalStrategy_HUBS.ETORO_239: RUNNING
2026-06-08T20:00:02.647330780Z [DEBUG] eToro-Momentum-LS.MLS_FlashCrashReversalStrategy_HUBS.ETORO_240: STARTING
2026-06-08T20:00:02.647331081Z [INFO] eToro-Momentum-LS.MLS_FlashCrashReversalStrategy_HUBS.ETORO_240: self.config.oms_type=None
2026-06-08T20:00:02.647331291Z [INFO] eToro-Momentum-LS.MLS_FlashCrashReversalStrategy_HUBS.ETORO_240: self.config.external_order_claims=None
2026-06-08T20:00:02.647331551Z [INFO] eToro-Momentum-LS.MLS_FlashCrashReversalStrategy_HUBS.ETORO_240: self.config.manage_gtd_expiry=False
2026-06-08T20:00:02.647332303Z [INFO] eToro-Momentum-LS.MLS_FlashCrashReversalStrategy_HUBS.ETORO_240: Set ClientOrderIdGenerator client_order_id count to 0
2026-06-08T20:00:02.647332503Z [INFO] eToro-Momentum-LS.MLS_FlashCrashReversalStrategy_HUBS.ETORO_240: Set ClientOrderIdGenerator order_list_id count to 0
2026-06-08T20:00:02.647333535Z [INFO] eToro-Momentum-LS.MLS_FlashCrashReversalStrategy_HUBS.ETORO_240: Starte Flash Crash Reversal auf HUBS.ETORO
2026-06-08T20:00:02.647340729Z [DEBUG] eToro-Momentum-LS.MessageBus: Added Subscription(topic=data.bars.HUBS.ETORO-1-HOUR-MID-INTERNAL, handler=<bound method Actor.handle_bar of FlashCrashReversalStrategy(MLS_FlashCrashReversalStrategy_HUBS.ETORO_240-240)>, priority=0)
2026-06-08T20:00:02.647343594Z [INFO] eToro-Momentum-LS.MLS_FlashCrashReversalStrategy_HUBS.ETORO_240: [CMD]--> SubscribeBars(bar_type=HUBS.ETORO-1-HOUR-MID-INTERNAL, client_id=None, venue=ETORO)
2026-06-08T20:00:02.647363591Z [INFO] eToro-Momentum-LS.MLS_FlashCrashReversalStrategy_HUBS.ETORO_240: RUNNING
2026-06-08T20:00:02.647366106Z [DEBUG] eToro-Momentum-LS.MLS_FlashCrashReversalStrategy_HUBS.ETORO_241: STARTING
2026-06-08T20:00:02.647366497Z [INFO] eToro-Momentum-LS.MLS_FlashCrashReversalStrategy_HUBS.ETORO_241: self.config.oms_type=None
2026-06-08T20:00:02.647366687Z [INFO] eToro-Momentum-LS.MLS_FlashCrashReversalStrategy_HUBS.ETORO_241: self.config.external_order_claims=None
2026-06-08T20:00:02.647366848Z [INFO] eToro-Momentum-LS.MLS_FlashCrashReversalStrategy_HUBS.ETORO_241: self.config.manage_gtd_expiry=False
2026-06-08T20:00:02.647367509Z [INFO] eToro-Momentum-LS.MLS_FlashCrashReversalStrategy_HUBS.ETORO_241: Set ClientOrderIdGenerator client_order_id count to 0
2026-06-08T20:00:02.647367689Z [INFO] eToro-Momentum-LS.MLS_FlashCrashReversalStrategy_HUBS.ETORO_241: Set ClientOrderIdGenerator order_list_id count to 0
2026-06-08T20:00:02.647368881Z [INFO] eToro-Momentum-LS.MLS_FlashCrashReversalStrategy_HUBS.ETORO_241: Starte Flash Crash Reversal auf HUBS.ETORO
2026-06-08T20:00:02.647376295Z [DEBUG] eToro-Momentum-LS.MessageBus: Added Subscription(topic=data.bars.HUBS.ETORO-1-HOUR-MID-INTERNAL, handler=<bound method Actor.handle_bar of FlashCrashReversalStrategy(MLS_FlashCrashReversalStrategy_HUBS.ETORO_241-241)>, priority=0)
2026-06-08T20:00:02.647379171Z [INFO] eToro-Momentum-LS.MLS_FlashCrashReversalStrategy_HUBS.ETORO_241: [CMD]--> SubscribeBars(bar_type=HUBS.ETORO-1-HOUR-MID-INTERNAL, client_id=None, venue=ETORO)
2026-06-08T20:00:02.647399158Z [INFO] eToro-Momentum-LS.MLS_FlashCrashReversalStrategy_HUBS.ETORO_241: RUNNING
2026-06-08T20:00:02.647402244Z [DEBUG] eToro-Momentum-LS.MLS_FlashCrashReversalStrategy_HUBS.ETORO_242: STARTING
2026-06-08T20:00:02.647402555Z [INFO] eToro-Momentum-LS.MLS_FlashCrashReversalStrategy_HUBS.ETORO_242: self.config.oms_type=None
2026-06-08T20:00:02.647402725Z [INFO] eToro-Momentum-LS.MLS_FlashCrashReversalStrategy_HUBS.ETORO_242: self.config.external_order_claims=None
2026-06-08T20:00:02.647402955Z [INFO] eToro-Momentum-LS.MLS_FlashCrashReversalStrategy_HUBS.ETORO_242: self.config.manage_gtd_expiry=False
2026-06-08T20:00:02.647403546Z [INFO] eToro-Momentum-LS.MLS_FlashCrashReversalStrategy_HUBS.ETORO_242: Set ClientOrderIdGenerator client_order_id count to 0
2026-06-08T20:00:02.647403707Z [INFO] eToro-Momentum-LS.MLS_FlashCrashReversalStrategy_HUBS.ETORO_242: Set ClientOrderIdGenerator order_list_id count to 0
2026-06-08T20:00:02.647405189Z [INFO] eToro-Momentum-LS.MLS_FlashCrashReversalStrategy_HUBS.ETORO_242: Starte Flash Crash Reversal auf HUBS.ETORO
2026-06-08T20:00:02.647412994Z [DEBUG] eToro-Momentum-LS.MessageBus: Added Subscription(topic=data.bars.HUBS.ETORO-1-HOUR-MID-INTERNAL, handler=<bound method Actor.handle_bar of FlashCrashReversalStrategy(MLS_FlashCrashReversalStrategy_HUBS.ETORO_242-242)>, priority=0)
2026-06-08T20:00:02.647415709Z [INFO] eToro-Momentum-LS.MLS_FlashCrashReversalStrategy_HUBS.ETORO_242: [CMD]--> SubscribeBars(bar_type=HUBS.ETORO-1-HOUR-MID-INTERNAL, client_id=None, venue=ETORO)
2026-06-08T20:00:02.647436027Z [INFO] eToro-Momentum-LS.MLS_FlashCrashReversalStrategy_HUBS.ETORO_242: RUNNING
2026-06-08T20:00:02.647438893Z [DEBUG] eToro-Momentum-LS.MLS_FlashCrashReversalStrategy_HUBS.ETORO_243: STARTING
2026-06-08T20:00:02.647439283Z [INFO] eToro-Momentum-LS.MLS_FlashCrashReversalStrategy_HUBS.ETORO_243: self.config.oms_type=None
2026-06-08T20:00:02.647439474Z [INFO] eToro-Momentum-LS.MLS_FlashCrashReversalStrategy_HUBS.ETORO_243: self.config.external_order_claims=None
2026-06-08T20:00:02.647439674Z [INFO] eToro-Momentum-LS.MLS_FlashCrashReversalStrategy_HUBS.ETORO_243: self.config.manage_gtd_expiry=False
2026-06-08T20:00:02.647440225Z [INFO] eToro-Momentum-LS.MLS_FlashCrashReversalStrategy_HUBS.ETORO_243: Set ClientOrderIdGenerator client_order_id count to 0
2026-06-08T20:00:02.647440406Z [INFO] eToro-Momentum-LS.MLS_FlashCrashReversalStrategy_HUBS.ETORO_243: Set ClientOrderIdGenerator order_list_id count to 0
2026-06-08T20:00:02.647441548Z [INFO] eToro-Momentum-LS.MLS_FlashCrashReversalStrategy_HUBS.ETORO_243: Starte Flash Crash Reversal auf HUBS.ETORO
2026-06-08T20:00:02.647449673Z [DEBUG] eToro-Momentum-LS.MessageBus: Added Subscription(topic=data.bars.HUBS.ETORO-1-HOUR-MID-INTERNAL, handler=<bound method Actor.handle_bar of FlashCrashReversalStrategy(MLS_FlashCrashReversalStrategy_HUBS.ETORO_243-243)>, priority=0)
2026-06-08T20:00:02.647452338Z [INFO] eToro-Momentum-LS.MLS_FlashCrashReversalStrategy_HUBS.ETORO_243: [CMD]--> SubscribeBars(bar_type=HUBS.ETORO-1-HOUR-MID-INTERNAL, client_id=None, venue=ETORO)
2026-06-08T20:00:02.647472446Z [INFO] eToro-Momentum-LS.MLS_FlashCrashReversalStrategy_HUBS.ETORO_243: RUNNING
2026-06-08T20:00:02.647475211Z [DEBUG] eToro-Momentum-LS.MLS_FlashCrashReversalStrategy_HUBS.ETORO_244: STARTING
2026-06-08T20:00:02.647475632Z [INFO] eToro-Momentum-LS.MLS_FlashCrashReversalStrategy_HUBS.ETORO_244: self.config.oms_type=None
2026-06-08T20:00:02.647475812Z [INFO] eToro-Momentum-LS.MLS_FlashCrashReversalStrategy_HUBS.ETORO_244: self.config.external_order_claims=None
2026-06-08T20:00:02.647475982Z [INFO] eToro-Momentum-LS.MLS_FlashCrashReversalStrategy_HUBS.ETORO_244: self.config.manage_gtd_expiry=False
2026-06-08T20:00:02.647476674Z [INFO] eToro-Momentum-LS.MLS_FlashCrashReversalStrategy_HUBS.ETORO_244: Set ClientOrderIdGenerator client_order_id count to 0
2026-06-08T20:00:02.647476874Z [INFO] eToro-Momentum-LS.MLS_FlashCrashReversalStrategy_HUBS.ETORO_244: Set ClientOrderIdGenerator order_list_id count to 0
2026-06-08T20:00:02.647477946Z [INFO] eToro-Momentum-LS.MLS_FlashCrashReversalStrategy_HUBS.ETORO_244: Starte Flash Crash Reversal auf HUBS.ETORO
2026-06-08T20:00:02.647486632Z [DEBUG] eToro-Momentum-LS.MessageBus: Added Subscription(topic=data.bars.HUBS.ETORO-1-HOUR-MID-INTERNAL, handler=<bound method Actor.handle_bar of FlashCrashReversalStrategy(MLS_FlashCrashReversalStrategy_HUBS.ETORO_244-244)>, priority=0)
2026-06-08T20:00:02.647489327Z [INFO] eToro-Momentum-LS.MLS_FlashCrashReversalStrategy_HUBS.ETORO_244: [CMD]--> SubscribeBars(bar_type=HUBS.ETORO-1-HOUR-MID-INTERNAL, client_id=None, venue=ETORO)
2026-06-08T20:00:02.647509265Z [INFO] eToro-Momentum-LS.MLS_FlashCrashReversalStrategy_HUBS.ETORO_244: RUNNING
2026-06-08T20:00:02.647512070Z [DEBUG] eToro-Momentum-LS.MLS_FlashCrashReversalStrategy_HUBS.ETORO_245: STARTING
2026-06-08T20:00:02.647512461Z [INFO] eToro-Momentum-LS.MLS_FlashCrashReversalStrategy_HUBS.ETORO_245: self.config.oms_type=None
2026-06-08T20:00:02.647512641Z [INFO] eToro-Momentum-LS.MLS_FlashCrashReversalStrategy_HUBS.ETORO_245: self.config.external_order_claims=None
2026-06-08T20:00:02.647512811Z [INFO] eToro-Momentum-LS.MLS_FlashCrashReversalStrategy_HUBS.ETORO_245: self.config.manage_gtd_expiry=False
2026-06-08T20:00:02.647513362Z [INFO] eToro-Momentum-LS.MLS_FlashCrashReversalStrategy_HUBS.ETORO_245: Set ClientOrderIdGenerator client_order_id count to 0
2026-06-08T20:00:02.647513523Z [INFO] eToro-Momentum-LS.MLS_FlashCrashReversalStrategy_HUBS.ETORO_245: Set ClientOrderIdGenerator order_list_id count to 0
2026-06-08T20:00:02.647514895Z [INFO] eToro-Momentum-LS.MLS_FlashCrashReversalStrategy_HUBS.ETORO_245: Starte Flash Crash Reversal auf HUBS.ETORO
2026-06-08T20:00:02.647525365Z [DEBUG] eToro-Momentum-LS.MessageBus: Added Subscription(topic=data.bars.HUBS.ETORO-1-HOUR-MID-INTERNAL, handler=<bound method Actor.handle_bar of FlashCrashReversalStrategy(MLS_FlashCrashReversalStrategy_HUBS.ETORO_245-245)>, priority=0)
2026-06-08T20:00:02.647528411Z [INFO] eToro-Momentum-LS.MLS_FlashCrashReversalStrategy_HUBS.ETORO_245: [CMD]--> SubscribeBars(bar_type=HUBS.ETORO-1-HOUR-MID-INTERNAL, client_id=None, venue=ETORO)
2026-06-08T20:00:02.647548578Z [INFO] eToro-Momentum-LS.MLS_FlashCrashReversalStrategy_HUBS.ETORO_245: RUNNING
2026-06-08T20:00:02.647551574Z [DEBUG] eToro-Momentum-LS.MLS_FlashCrashReversalStrategy_HUBS.ETORO_246: STARTING
2026-06-08T20:00:02.647552005Z [INFO] eToro-Momentum-LS.MLS_FlashCrashReversalStrategy_HUBS.ETORO_246: self.config.oms_type=None
2026-06-08T20:00:02.647552165Z [INFO] eToro-Momentum-LS.MLS_FlashCrashReversalStrategy_HUBS.ETORO_246: self.config.external_order_claims=None
2026-06-08T20:00:02.647552325Z [INFO] eToro-Momentum-LS.MLS_FlashCrashReversalStrategy_HUBS.ETORO_246: self.config.manage_gtd_expiry=False
2026-06-08T20:00:02.647552856Z [INFO] eToro-Momentum-LS.MLS_FlashCrashReversalStrategy_HUBS.ETORO_246: Set ClientOrderIdGenerator client_order_id count to 0
2026-06-08T20:00:02.647553077Z [INFO] eToro-Momentum-LS.MLS_FlashCrashReversalStrategy_HUBS.ETORO_246: Set ClientOrderIdGenerator order_list_id count to 0
2026-06-08T20:00:02.647555121Z [INFO] eToro-Momentum-LS.MLS_FlashCrashReversalStrategy_HUBS.ETORO_246: Starte Flash Crash Reversal auf HUBS.ETORO
2026-06-08T20:00:02.647563055Z [DEBUG] eToro-Momentum-LS.MessageBus: Added Subscription(topic=data.bars.HUBS.ETORO-1-HOUR-MID-INTERNAL, handler=<bound method Actor.handle_bar of FlashCrashReversalStrategy(MLS_FlashCrashReversalStrategy_HUBS.ETORO_246-246)>, priority=0)
2026-06-08T20:00:02.647565600Z [INFO] eToro-Momentum-LS.MLS_FlashCrashReversalStrategy_HUBS.ETORO_246: [CMD]--> SubscribeBars(bar_type=HUBS.ETORO-1-HOUR-MID-INTERNAL, client_id=None, venue=ETORO)
2026-06-08T20:00:02.647586019Z [INFO] eToro-Momentum-LS.MLS_FlashCrashReversalStrategy_HUBS.ETORO_246: RUNNING
2026-06-08T20:00:02.647588914Z [DEBUG] eToro-Momentum-LS.MLS_FlashCrashReversalStrategy_HUBS.ETORO_247: STARTING
2026-06-08T20:00:02.647589245Z [INFO] eToro-Momentum-LS.MLS_FlashCrashReversalStrategy_HUBS.ETORO_247: self.config.oms_type=None
2026-06-08T20:00:02.647589405Z [INFO] eToro-Momentum-LS.MLS_FlashCrashReversalStrategy_HUBS.ETORO_247: self.config.external_order_claims=None
2026-06-08T20:00:02.647589575Z [INFO] eToro-Momentum-LS.MLS_FlashCrashReversalStrategy_HUBS.ETORO_247: self.config.manage_gtd_expiry=False
2026-06-08T20:00:02.647590126Z [INFO] eToro-Momentum-LS.MLS_FlashCrashReversalStrategy_HUBS.ETORO_247: Set ClientOrderIdGenerator client_order_id count to 0
2026-06-08T20:00:02.647590407Z [INFO] eToro-Momentum-LS.MLS_FlashCrashReversalStrategy_HUBS.ETORO_247: Set ClientOrderIdGenerator order_list_id count to 0
2026-06-08T20:00:02.647591980Z [INFO] eToro-Momentum-LS.MLS_FlashCrashReversalStrategy_HUBS.ETORO_247: Starte Flash Crash Reversal auf HUBS.ETORO
2026-06-08T20:00:02.647599394Z [DEBUG] eToro-Momentum-LS.MessageBus: Added Subscription(topic=data.bars.HUBS.ETORO-1-HOUR-MID-INTERNAL, handler=<bound method Actor.handle_bar of FlashCrashReversalStrategy(MLS_FlashCrashReversalStrategy_HUBS.ETORO_247-247)>, priority=0)
2026-06-08T20:00:02.647601978Z [INFO] eToro-Momentum-LS.MLS_FlashCrashReversalStrategy_HUBS.ETORO_247: [CMD]--> SubscribeBars(bar_type=HUBS.ETORO-1-HOUR-MID-INTERNAL, client_id=None, venue=ETORO)
2026-06-08T20:00:02.647621886Z [INFO] eToro-Momentum-LS.MLS_FlashCrashReversalStrategy_HUBS.ETORO_247: RUNNING
2026-06-08T20:00:02.647625012Z [DEBUG] eToro-Momentum-LS.MLS_FlashCrashReversalStrategy_HUBS.ETORO_248: STARTING
2026-06-08T20:00:02.647625412Z [INFO] eToro-Momentum-LS.MLS_FlashCrashReversalStrategy_HUBS.ETORO_248: self.config.oms_type=None
2026-06-08T20:00:02.647625593Z [INFO] eToro-Momentum-LS.MLS_FlashCrashReversalStrategy_HUBS.ETORO_248: self.config.external_order_claims=None
2026-06-08T20:00:02.647625743Z [INFO] eToro-Momentum-LS.MLS_FlashCrashReversalStrategy_HUBS.ETORO_248: self.config.manage_gtd_expiry=False
2026-06-08T20:00:02.647626274Z [INFO] eToro-Momentum-LS.MLS_FlashCrashReversalStrategy_HUBS.ETORO_248: Set ClientOrderIdGenerator client_order_id count to 0
2026-06-08T20:00:02.647626484Z [INFO] eToro-Momentum-LS.MLS_FlashCrashReversalStrategy_HUBS.ETORO_248: Set ClientOrderIdGenerator order_list_id count to 0
2026-06-08T20:00:02.647627556Z [INFO] eToro-Momentum-LS.MLS_FlashCrashReversalStrategy_HUBS.ETORO_248: Starte Flash Crash Reversal auf HUBS.ETORO
2026-06-08T20:00:02.647634920Z [DEBUG] eToro-Momentum-LS.MessageBus: Added Subscription(topic=data.bars.HUBS.ETORO-1-HOUR-MID-INTERNAL, handler=<bound method Actor.handle_bar of FlashCrashReversalStrategy(MLS_FlashCrashReversalStrategy_HUBS.ETORO_248-248)>, priority=0)
2026-06-08T20:00:02.647637996Z [INFO] eToro-Momentum-LS.MLS_FlashCrashReversalStrategy_HUBS.ETORO_248: [CMD]--> SubscribeBars(bar_type=HUBS.ETORO-1-HOUR-MID-INTERNAL, client_id=None, venue=ETORO)
2026-06-08T20:00:02.647658274Z [INFO] eToro-Momentum-LS.MLS_FlashCrashReversalStrategy_HUBS.ETORO_248: RUNNING
2026-06-08T20:00:02.647660859Z [DEBUG] eToro-Momentum-LS.MLS_FlashCrashReversalStrategy_HUBS.ETORO_249: STARTING
2026-06-08T20:00:02.647661250Z [INFO] eToro-Momentum-LS.MLS_FlashCrashReversalStrategy_HUBS.ETORO_249: self.config.oms_type=None
2026-06-08T20:00:02.647661430Z [INFO] eToro-Momentum-LS.MLS_FlashCrashReversalStrategy_HUBS.ETORO_249: self.config.external_order_claims=None
2026-06-08T20:00:02.647661580Z [INFO] eToro-Momentum-LS.MLS_FlashCrashReversalStrategy_HUBS.ETORO_249: self.config.manage_gtd_expiry=False
2026-06-08T20:00:02.647662131Z [INFO] eToro-Momentum-LS.MLS_FlashCrashReversalStrategy_HUBS.ETORO_249: Set ClientOrderIdGenerator client_order_id count to 0
2026-06-08T20:00:02.647662292Z [INFO] eToro-Momentum-LS.MLS_FlashCrashReversalStrategy_HUBS.ETORO_249: Set ClientOrderIdGenerator order_list_id count to 0
2026-06-08T20:00:02.647663444Z [INFO] eToro-Momentum-LS.MLS_FlashCrashReversalStrategy_HUBS.ETORO_249: Starte Flash Crash Reversal auf HUBS.ETORO
2026-06-08T20:00:02.647670216Z [DEBUG] eToro-Momentum-LS.MessageBus: Added Subscription(topic=data.bars.HUBS.ETORO-1-HOUR-MID-INTERNAL, handler=<bound method Actor.handle_bar of FlashCrashReversalStrategy(MLS_FlashCrashReversalStrategy_HUBS.ETORO_249-249)>, priority=0)
2026-06-08T20:00:02.647673162Z [INFO] eToro-Momentum-LS.MLS_FlashCrashReversalStrategy_HUBS.ETORO_249: [CMD]--> SubscribeBars(bar_type=HUBS.ETORO-1-HOUR-MID-INTERNAL, client_id=None, venue=ETORO)
2026-06-08T20:00:02.647692919Z [INFO] eToro-Momentum-LS.MLS_FlashCrashReversalStrategy_HUBS.ETORO_249: RUNNING
2026-06-08T20:00:02.647697267Z [DEBUG] eToro-Momentum-LS.MLS_MeanReversionStrategy_WIX.ETORO_250: STARTING
2026-06-08T20:00:02.647698660Z [INFO] eToro-Momentum-LS.MLS_MeanReversionStrategy_WIX.ETORO_250: self.config.oms_type=None
2026-06-08T20:00:02.647699040Z [INFO] eToro-Momentum-LS.MLS_MeanReversionStrategy_WIX.ETORO_250: self.config.external_order_claims=None
2026-06-08T20:00:02.647699431Z [INFO] eToro-Momentum-LS.MLS_MeanReversionStrategy_WIX.ETORO_250: self.config.manage_gtd_expiry=False
2026-06-08T20:00:02.647700092Z [INFO] eToro-Momentum-LS.MLS_MeanReversionStrategy_WIX.ETORO_250: Set ClientOrderIdGenerator client_order_id count to 0
2026-06-08T20:00:02.647700263Z [INFO] eToro-Momentum-LS.MLS_MeanReversionStrategy_WIX.ETORO_250: Set ClientOrderIdGenerator order_list_id count to 0
2026-06-08T20:00:02.647705643Z [INFO] eToro-Momentum-LS.MLS_MeanReversionStrategy_WIX.ETORO_250: Starte Mean Reversion auf WIX.ETORO
2026-06-08T20:00:02.647714800Z [DEBUG] eToro-Momentum-LS.MessageBus: Added Subscription(topic=data.bars.WIX.ETORO-1-HOUR-MID-INTERNAL, handler=<bound method Actor.handle_bar of MeanReversionStrategy(MLS_MeanReversionStrategy_WIX.ETORO_250-250)>, priority=0)
2026-06-08T20:00:02.647718427Z [INFO] eToro-Momentum-LS.MLS_MeanReversionStrategy_WIX.ETORO_250: [CMD]--> SubscribeBars(bar_type=WIX.ETORO-1-HOUR-MID-INTERNAL, client_id=None, venue=ETORO)
2026-06-08T20:00:02.647738364Z [INFO] eToro-Momentum-LS.MLS_MeanReversionStrategy_WIX.ETORO_250: RUNNING
2026-06-08T20:00:02.647741260Z [DEBUG] eToro-Momentum-LS.MLS_FlashCrashReversalStrategy_HAL.ETORO_251: STARTING
2026-06-08T20:00:02.647741831Z [INFO] eToro-Momentum-LS.MLS_FlashCrashReversalStrategy_HAL.ETORO_251: self.config.oms_type=None
2026-06-08T20:00:02.647742041Z [INFO] eToro-Momentum-LS.MLS_FlashCrashReversalStrategy_HAL.ETORO_251: self.config.external_order_claims=None
2026-06-08T20:00:02.647742231Z [INFO] eToro-Momentum-LS.MLS_FlashCrashReversalStrategy_HAL.ETORO_251: self.config.manage_gtd_expiry=False
2026-06-08T20:00:02.647742843Z [INFO] eToro-Momentum-LS.MLS_FlashCrashReversalStrategy_HAL.ETORO_251: Set ClientOrderIdGenerator client_order_id count to 0
2026-06-08T20:00:02.647743053Z [INFO] eToro-Momentum-LS.MLS_FlashCrashReversalStrategy_HAL.ETORO_251: Set ClientOrderIdGenerator order_list_id count to 0
2026-06-08T20:00:02.647744476Z [INFO] eToro-Momentum-LS.MLS_FlashCrashReversalStrategy_HAL.ETORO_251: Starte Flash Crash Reversal auf HAL.ETORO
2026-06-08T20:00:02.647751910Z [DEBUG] eToro-Momentum-LS.MessageBus: Added Subscription(topic=data.bars.HAL.ETORO-1-HOUR-MID-INTERNAL, handler=<bound method Actor.handle_bar of FlashCrashReversalStrategy(MLS_FlashCrashReversalStrategy_HAL.ETORO_251-251)>, priority=0)
2026-06-08T20:00:02.647754685Z [INFO] eToro-Momentum-LS.MLS_FlashCrashReversalStrategy_HAL.ETORO_251: [CMD]--> SubscribeBars(bar_type=HAL.ETORO-1-HOUR-MID-INTERNAL, client_id=None, venue=ETORO)
2026-06-08T20:00:02.647775103Z [INFO] eToro-Momentum-LS.MLS_FlashCrashReversalStrategy_HAL.ETORO_251: RUNNING
2026-06-08T20:00:02.647777778Z [DEBUG] eToro-Momentum-LS.MLS_FlashCrashReversalStrategy_RHM.DE.ETORO_252: STARTING
2026-06-08T20:00:02.647778199Z [INFO] eToro-Momentum-LS.MLS_FlashCrashReversalStrategy_RHM.DE.ETORO_252: self.config.oms_type=None
2026-06-08T20:00:02.647778369Z [INFO] eToro-Momentum-LS.MLS_FlashCrashReversalStrategy_RHM.DE.ETORO_252: self.config.external_order_claims=None
2026-06-08T20:00:02.647778539Z [INFO] eToro-Momentum-LS.MLS_FlashCrashReversalStrategy_RHM.DE.ETORO_252: self.config.manage_gtd_expiry=False
2026-06-08T20:00:02.647778930Z [INFO] eToro-Momentum-LS.MLS_FlashCrashReversalStrategy_RHM.DE.ETORO_252: Set ClientOrderIdGenerator client_order_id count to 0
2026-06-08T20:00:02.647779091Z [INFO] eToro-Momentum-LS.MLS_FlashCrashReversalStrategy_RHM.DE.ETORO_252: Set ClientOrderIdGenerator order_list_id count to 0
2026-06-08T20:00:02.647780583Z [INFO] eToro-Momentum-LS.MLS_FlashCrashReversalStrategy_RHM.DE.ETORO_252: Starte Flash Crash Reversal auf RHM.DE.ETORO
2026-06-08T20:00:02.647788338Z [DEBUG] eToro-Momentum-LS.MessageBus: Added Subscription(topic=data.bars.RHM.DE.ETORO-1-HOUR-MID-INTERNAL, handler=<bound method Actor.handle_bar of FlashCrashReversalStrategy(MLS_FlashCrashReversalStrategy_RHM.DE.ETORO_252-252)>, priority=0)
2026-06-08T20:00:02.647790873Z [INFO] eToro-Momentum-LS.MLS_FlashCrashReversalStrategy_RHM.DE.ETORO_252: [CMD]--> SubscribeBars(bar_type=RHM.DE.ETORO-1-HOUR-MID-INTERNAL, client_id=None, venue=ETORO)
2026-06-08T20:00:02.647810249Z [INFO] eToro-Momentum-LS.MLS_FlashCrashReversalStrategy_RHM.DE.ETORO_252: RUNNING
2026-06-08T20:00:02.647812864Z [DEBUG] eToro-Momentum-LS.MLS_FlashCrashReversalStrategy_PALL.ETORO_253: STARTING
2026-06-08T20:00:02.647813285Z [INFO] eToro-Momentum-LS.MLS_FlashCrashReversalStrategy_PALL.ETORO_253: self.config.oms_type=None
2026-06-08T20:00:02.647813465Z [INFO] eToro-Momentum-LS.MLS_FlashCrashReversalStrategy_PALL.ETORO_253: self.config.external_order_claims=None
2026-06-08T20:00:02.647813645Z [INFO] eToro-Momentum-LS.MLS_FlashCrashReversalStrategy_PALL.ETORO_253: self.config.manage_gtd_expiry=False
2026-06-08T20:00:02.647814236Z [INFO] eToro-Momentum-LS.MLS_FlashCrashReversalStrategy_PALL.ETORO_253: Set ClientOrderIdGenerator client_order_id count to 0
2026-06-08T20:00:02.647814477Z [INFO] eToro-Momentum-LS.MLS_FlashCrashReversalStrategy_PALL.ETORO_253: Set ClientOrderIdGenerator order_list_id count to 0
2026-06-08T20:00:02.647815559Z [INFO] eToro-Momentum-LS.MLS_FlashCrashReversalStrategy_PALL.ETORO_253: Starte Flash Crash Reversal auf PALL.ETORO
2026-06-08T20:00:02.647822943Z [DEBUG] eToro-Momentum-LS.MessageBus: Added Subscription(topic=data.bars.PALL.ETORO-1-HOUR-MID-INTERNAL, handler=<bound method Actor.handle_bar of FlashCrashReversalStrategy(MLS_FlashCrashReversalStrategy_PALL.ETORO_253-253)>, priority=0)
2026-06-08T20:00:02.647825387Z [INFO] eToro-Momentum-LS.MLS_FlashCrashReversalStrategy_PALL.ETORO_253: [CMD]--> SubscribeBars(bar_type=PALL.ETORO-1-HOUR-MID-INTERNAL, client_id=None, venue=ETORO)
2026-06-08T20:00:02.647845515Z [INFO] eToro-Momentum-LS.MLS_FlashCrashReversalStrategy_PALL.ETORO_253: RUNNING
2026-06-08T20:00:02.647848280Z [DEBUG] eToro-Momentum-LS.MLS_FlashCrashReversalStrategy_NVS.ETORO_254: STARTING
2026-06-08T20:00:02.647848701Z [INFO] eToro-Momentum-LS.MLS_FlashCrashReversalStrategy_NVS.ETORO_254: self.config.oms_type=None
2026-06-08T20:00:02.647848891Z [INFO] eToro-Momentum-LS.MLS_FlashCrashReversalStrategy_NVS.ETORO_254: self.config.external_order_claims=None
2026-06-08T20:00:02.647849042Z [INFO] eToro-Momentum-LS.MLS_FlashCrashReversalStrategy_NVS.ETORO_254: self.config.manage_gtd_expiry=False
2026-06-08T20:00:02.647849723Z [INFO] eToro-Momentum-LS.MLS_FlashCrashReversalStrategy_NVS.ETORO_254: Set ClientOrderIdGenerator client_order_id count to 0
2026-06-08T20:00:02.647849893Z [INFO] eToro-Momentum-LS.MLS_FlashCrashReversalStrategy_NVS.ETORO_254: Set ClientOrderIdGenerator order_list_id count to 0
2026-06-08T20:00:02.647851065Z [INFO] eToro-Momentum-LS.MLS_FlashCrashReversalStrategy_NVS.ETORO_254: Starte Flash Crash Reversal auf NVS.ETORO
2026-06-08T20:00:02.647858219Z [DEBUG] eToro-Momentum-LS.MessageBus: Added Subscription(topic=data.bars.NVS.ETORO-1-HOUR-MID-INTERNAL, handler=<bound method Actor.handle_bar of FlashCrashReversalStrategy(MLS_FlashCrashReversalStrategy_NVS.ETORO_254-254)>, priority=0)
2026-06-08T20:00:02.647860934Z [INFO] eToro-Momentum-LS.MLS_FlashCrashReversalStrategy_NVS.ETORO_254: [CMD]--> SubscribeBars(bar_type=NVS.ETORO-1-HOUR-MID-INTERNAL, client_id=None, venue=ETORO)
2026-06-08T20:00:02.647881222Z [INFO] eToro-Momentum-LS.MLS_FlashCrashReversalStrategy_NVS.ETORO_254: RUNNING
2026-06-08T20:00:02.647884288Z [DEBUG] eToro-Momentum-LS.MLS_FlashCrashReversalStrategy_DOCU.ETORO_255: STARTING
2026-06-08T20:00:02.647884699Z [INFO] eToro-Momentum-LS.MLS_FlashCrashReversalStrategy_DOCU.ETORO_255: self.config.oms_type=None
2026-06-08T20:00:02.647884879Z [INFO] eToro-Momentum-LS.MLS_FlashCrashReversalStrategy_DOCU.ETORO_255: self.config.external_order_claims=None
2026-06-08T20:00:02.647885039Z [INFO] eToro-Momentum-LS.MLS_FlashCrashReversalStrategy_DOCU.ETORO_255: self.config.manage_gtd_expiry=False
2026-06-08T20:00:02.647885700Z [INFO] eToro-Momentum-LS.MLS_FlashCrashReversalStrategy_DOCU.ETORO_255: Set ClientOrderIdGenerator client_order_id count to 0
2026-06-08T20:00:02.647885931Z [INFO] eToro-Momentum-LS.MLS_FlashCrashReversalStrategy_DOCU.ETORO_255: Set ClientOrderIdGenerator order_list_id count to 0
2026-06-08T20:00:02.647887243Z [INFO] eToro-Momentum-LS.MLS_FlashCrashReversalStrategy_DOCU.ETORO_255: Starte Flash Crash Reversal auf DOCU.ETORO
2026-06-08T20:00:02.647895268Z [DEBUG] eToro-Momentum-LS.MessageBus: Added Subscription(topic=data.bars.DOCU.ETORO-1-HOUR-MID-INTERNAL, handler=<bound method Actor.handle_bar of FlashCrashReversalStrategy(MLS_FlashCrashReversalStrategy_DOCU.ETORO_255-255)>, priority=0)
2026-06-08T20:00:02.647897703Z [INFO] eToro-Momentum-LS.MLS_FlashCrashReversalStrategy_DOCU.ETORO_255: [CMD]--> SubscribeBars(bar_type=DOCU.ETORO-1-HOUR-MID-INTERNAL, client_id=None, venue=ETORO)
2026-06-08T20:00:02.647919424Z [INFO] eToro-Momentum-LS.MLS_FlashCrashReversalStrategy_DOCU.ETORO_255: RUNNING
2026-06-08T20:00:02.647923050Z [DEBUG] eToro-Momentum-LS.MLS_FlashCrashReversalStrategy_FSLY.ETORO_256: STARTING
2026-06-08T20:00:02.647923932Z [INFO] eToro-Momentum-LS.MLS_FlashCrashReversalStrategy_FSLY.ETORO_256: self.config.oms_type=None
2026-06-08T20:00:02.647924203Z [INFO] eToro-Momentum-LS.MLS_FlashCrashReversalStrategy_FSLY.ETORO_256: self.config.external_order_claims=None
2026-06-08T20:00:02.647924433Z [INFO] eToro-Momentum-LS.MLS_FlashCrashReversalStrategy_FSLY.ETORO_256: self.config.manage_gtd_expiry=False
2026-06-08T20:00:02.647925204Z [INFO] eToro-Momentum-LS.MLS_FlashCrashReversalStrategy_FSLY.ETORO_256: Set ClientOrderIdGenerator client_order_id count to 0
2026-06-08T20:00:02.647925425Z [INFO] eToro-Momentum-LS.MLS_FlashCrashReversalStrategy_FSLY.ETORO_256: Set ClientOrderIdGenerator order_list_id count to 0
2026-06-08T20:00:02.647929873Z [INFO] eToro-Momentum-LS.MLS_FlashCrashReversalStrategy_FSLY.ETORO_256: Starte Flash Crash Reversal auf FSLY.ETORO
2026-06-08T20:00:02.647942978Z [DEBUG] eToro-Momentum-LS.MessageBus: Added Subscription(topic=data.bars.FSLY.ETORO-1-HOUR-MID-INTERNAL, handler=<bound method Actor.handle_bar of FlashCrashReversalStrategy(MLS_FlashCrashReversalStrategy_FSLY.ETORO_256-256)>, priority=0)
2026-06-08T20:00:02.647947717Z [INFO] eToro-Momentum-LS.MLS_FlashCrashReversalStrategy_FSLY.ETORO_256: [CMD]--> SubscribeBars(bar_type=FSLY.ETORO-1-HOUR-MID-INTERNAL, client_id=None, venue=ETORO)
2026-06-08T20:00:02.647970229Z [INFO] eToro-Momentum-LS.MLS_FlashCrashReversalStrategy_FSLY.ETORO_256: RUNNING
2026-06-08T20:00:02.647973245Z [DEBUG] eToro-Momentum-LS.MLS_FlashCrashReversalStrategy_TSEM.ETORO_257: STARTING
2026-06-08T20:00:02.647973475Z [INFO] eToro-Momentum-LS.MLS_FlashCrashReversalStrategy_TSEM.ETORO_257: self.config.oms_type=None
2026-06-08T20:00:02.647973665Z [INFO] eToro-Momentum-LS.MLS_FlashCrashReversalStrategy_TSEM.ETORO_257: self.config.external_order_claims=None
2026-06-08T20:00:02.647973846Z [INFO] eToro-Momentum-LS.MLS_FlashCrashReversalStrategy_TSEM.ETORO_257: self.config.manage_gtd_expiry=False
2026-06-08T20:00:02.647974467Z [INFO] eToro-Momentum-LS.MLS_FlashCrashReversalStrategy_TSEM.ETORO_257: Set ClientOrderIdGenerator client_order_id count to 0
2026-06-08T20:00:02.647974697Z [INFO] eToro-Momentum-LS.MLS_FlashCrashReversalStrategy_TSEM.ETORO_257: Set ClientOrderIdGenerator order_list_id count to 0
2026-06-08T20:00:02.647976180Z [INFO] eToro-Momentum-LS.MLS_FlashCrashReversalStrategy_TSEM.ETORO_257: Starte Flash Crash Reversal auf TSEM.ETORO
2026-06-08T20:00:02.647985057Z [DEBUG] eToro-Momentum-LS.MessageBus: Added Subscription(topic=data.bars.TSEM.ETORO-1-HOUR-MID-INTERNAL, handler=<bound method Actor.handle_bar of FlashCrashReversalStrategy(MLS_FlashCrashReversalStrategy_TSEM.ETORO_257-257)>, priority=0)
2026-06-08T20:00:02.647987962Z [INFO] eToro-Momentum-LS.MLS_FlashCrashReversalStrategy_TSEM.ETORO_257: [CMD]--> SubscribeBars(bar_type=TSEM.ETORO-1-HOUR-MID-INTERNAL, client_id=None, venue=ETORO)
2026-06-08T20:00:02.648008571Z [INFO] eToro-Momentum-LS.MLS_FlashCrashReversalStrategy_TSEM.ETORO_257: RUNNING
2026-06-08T20:00:02.648011657Z [DEBUG] eToro-Momentum-LS.MLS_FlashCrashReversalStrategy_AG.ETORO_258: STARTING
2026-06-08T20:00:02.648012158Z [INFO] eToro-Momentum-LS.MLS_FlashCrashReversalStrategy_AG.ETORO_258: self.config.oms_type=None
2026-06-08T20:00:02.648012358Z [INFO] eToro-Momentum-LS.MLS_FlashCrashReversalStrategy_AG.ETORO_258: self.config.external_order_claims=None
2026-06-08T20:00:02.648012548Z [INFO] eToro-Momentum-LS.MLS_FlashCrashReversalStrategy_AG.ETORO_258: self.config.manage_gtd_expiry=False
2026-06-08T20:00:02.648013280Z [INFO] eToro-Momentum-LS.MLS_FlashCrashReversalStrategy_AG.ETORO_258: Set ClientOrderIdGenerator client_order_id count to 0
2026-06-08T20:00:02.648013510Z [INFO] eToro-Momentum-LS.MLS_FlashCrashReversalStrategy_AG.ETORO_258: Set ClientOrderIdGenerator order_list_id count to 0
2026-06-08T20:00:02.648014913Z [INFO] eToro-Momentum-LS.MLS_FlashCrashReversalStrategy_AG.ETORO_258: Starte Flash Crash Reversal auf AG.ETORO
2026-06-08T20:00:02.648023168Z [DEBUG] eToro-Momentum-LS.MessageBus: Added Subscription(topic=data.bars.AG.ETORO-1-HOUR-MID-INTERNAL, handler=<bound method Actor.handle_bar of FlashCrashReversalStrategy(MLS_FlashCrashReversalStrategy_AG.ETORO_258-258)>, priority=0)
2026-06-08T20:00:02.648025863Z [INFO] eToro-Momentum-LS.MLS_FlashCrashReversalStrategy_AG.ETORO_258: [CMD]--> SubscribeBars(bar_type=AG.ETORO-1-HOUR-MID-INTERNAL, client_id=None, venue=ETORO)
2026-06-08T20:00:02.648047003Z [INFO] eToro-Momentum-LS.MLS_FlashCrashReversalStrategy_AG.ETORO_258: RUNNING
2026-06-08T20:00:02.648049988Z [DEBUG] eToro-Momentum-LS.MLS_FlashCrashReversalStrategy_XPEV.ETORO_259: STARTING
2026-06-08T20:00:02.648050399Z [INFO] eToro-Momentum-LS.MLS_FlashCrashReversalStrategy_XPEV.ETORO_259: self.config.oms_type=None
2026-06-08T20:00:02.648050559Z [INFO] eToro-Momentum-LS.MLS_FlashCrashReversalStrategy_XPEV.ETORO_259: self.config.external_order_claims=None
2026-06-08T20:00:02.648050760Z [INFO] eToro-Momentum-LS.MLS_FlashCrashReversalStrategy_XPEV.ETORO_259: self.config.manage_gtd_expiry=False
2026-06-08T20:00:02.648051591Z [INFO] eToro-Momentum-LS.MLS_FlashCrashReversalStrategy_XPEV.ETORO_259: Set ClientOrderIdGenerator client_order_id count to 0
2026-06-08T20:00:02.648051852Z [INFO] eToro-Momentum-LS.MLS_FlashCrashReversalStrategy_XPEV.ETORO_259: Set ClientOrderIdGenerator order_list_id count to 0
2026-06-08T20:00:02.648053305Z [INFO] eToro-Momentum-LS.MLS_FlashCrashReversalStrategy_XPEV.ETORO_259: Starte Flash Crash Reversal auf XPEV.ETORO
2026-06-08T20:00:02.648061360Z [DEBUG] eToro-Momentum-LS.MessageBus: Added Subscription(topic=data.bars.XPEV.ETORO-1-HOUR-MID-INTERNAL, handler=<bound method Actor.handle_bar of FlashCrashReversalStrategy(MLS_FlashCrashReversalStrategy_XPEV.ETORO_259-259)>, priority=0)
2026-06-08T20:00:02.648064325Z [INFO] eToro-Momentum-LS.MLS_FlashCrashReversalStrategy_XPEV.ETORO_259: [CMD]--> SubscribeBars(bar_type=XPEV.ETORO-1-HOUR-MID-INTERNAL, client_id=None, venue=ETORO)
2026-06-08T20:00:02.648085305Z [INFO] eToro-Momentum-LS.MLS_FlashCrashReversalStrategy_XPEV.ETORO_259: RUNNING
2026-06-08T20:00:02.648088310Z [DEBUG] eToro-Momentum-LS.MLS_FlashCrashReversalStrategy_E.ETORO_260: STARTING
2026-06-08T20:00:02.648088771Z [INFO] eToro-Momentum-LS.MLS_FlashCrashReversalStrategy_E.ETORO_260: self.config.oms_type=None
2026-06-08T20:00:02.648088961Z [INFO] eToro-Momentum-LS.MLS_FlashCrashReversalStrategy_E.ETORO_260: self.config.external_order_claims=None
2026-06-08T20:00:02.648089202Z [INFO] eToro-Momentum-LS.MLS_FlashCrashReversalStrategy_E.ETORO_260: self.config.manage_gtd_expiry=False
2026-06-08T20:00:02.648089853Z [INFO] eToro-Momentum-LS.MLS_FlashCrashReversalStrategy_E.ETORO_260: Set ClientOrderIdGenerator client_order_id count to 0
2026-06-08T20:00:02.648090013Z [INFO] eToro-Momentum-LS.MLS_FlashCrashReversalStrategy_E.ETORO_260: Set ClientOrderIdGenerator order_list_id count to 0
2026-06-08T20:00:02.648091667Z [INFO] eToro-Momentum-LS.MLS_FlashCrashReversalStrategy_E.ETORO_260: Starte Flash Crash Reversal auf E.ETORO
2026-06-08T20:00:02.648099672Z [DEBUG] eToro-Momentum-LS.MessageBus: Added Subscription(topic=data.bars.E.ETORO-1-HOUR-MID-INTERNAL, handler=<bound method Actor.handle_bar of FlashCrashReversalStrategy(MLS_FlashCrashReversalStrategy_E.ETORO_260-260)>, priority=0)
2026-06-08T20:00:02.648102437Z [INFO] eToro-Momentum-LS.MLS_FlashCrashReversalStrategy_E.ETORO_260: [CMD]--> SubscribeBars(bar_type=E.ETORO-1-HOUR-MID-INTERNAL, client_id=None, venue=ETORO)
2026-06-08T20:00:02.648123406Z [INFO] eToro-Momentum-LS.MLS_FlashCrashReversalStrategy_E.ETORO_260: RUNNING
2026-06-08T20:00:02.648126482Z [DEBUG] eToro-Momentum-LS.MLS_FlashCrashReversalStrategy_HUT.ETORO_261: STARTING
2026-06-08T20:00:02.648126953Z [INFO] eToro-Momentum-LS.MLS_FlashCrashReversalStrategy_HUT.ETORO_261: self.config.oms_type=None
2026-06-08T20:00:02.648127935Z [INFO] eToro-Momentum-LS.MLS_FlashCrashReversalStrategy_HUT.ETORO_261: self.config.external_order_claims=None
2026-06-08T20:00:02.648128105Z [INFO] eToro-Momentum-LS.MLS_FlashCrashReversalStrategy_HUT.ETORO_261: self.config.manage_gtd_expiry=False
2026-06-08T20:00:02.648128806Z [INFO] eToro-Momentum-LS.MLS_FlashCrashReversalStrategy_HUT.ETORO_261: Set ClientOrderIdGenerator client_order_id count to 0
2026-06-08T20:00:02.648129017Z [INFO] eToro-Momentum-LS.MLS_FlashCrashReversalStrategy_HUT.ETORO_261: Set ClientOrderIdGenerator order_list_id count to 0
2026-06-08T20:00:02.648130539Z [INFO] eToro-Momentum-LS.MLS_FlashCrashReversalStrategy_HUT.ETORO_261: Starte Flash Crash Reversal auf HUT.ETORO
2026-06-08T20:00:02.648139536Z [DEBUG] eToro-Momentum-LS.MessageBus: Added Subscription(topic=data.bars.HUT.ETORO-1-HOUR-MID-INTERNAL, handler=<bound method Actor.handle_bar of FlashCrashReversalStrategy(MLS_FlashCrashReversalStrategy_HUT.ETORO_261-261)>, priority=0)
2026-06-08T20:00:02.648142402Z [INFO] eToro-Momentum-LS.MLS_FlashCrashReversalStrategy_HUT.ETORO_261: [CMD]--> SubscribeBars(bar_type=HUT.ETORO-1-HOUR-MID-INTERNAL, client_id=None, venue=ETORO)
2026-06-08T20:00:02.648164323Z [INFO] eToro-Momentum-LS.MLS_FlashCrashReversalStrategy_HUT.ETORO_261: RUNNING
2026-06-08T20:00:02.648167218Z [DEBUG] eToro-Momentum-LS.MLS_FlashCrashReversalStrategy_INSM.ETORO_262: STARTING
2026-06-08T20:00:02.648167649Z [INFO] eToro-Momentum-LS.MLS_FlashCrashReversalStrategy_INSM.ETORO_262: self.config.oms_type=None
2026-06-08T20:00:02.648167849Z [INFO] eToro-Momentum-LS.MLS_FlashCrashReversalStrategy_INSM.ETORO_262: self.config.external_order_claims=None
2026-06-08T20:00:02.648167990Z [INFO] eToro-Momentum-LS.MLS_FlashCrashReversalStrategy_INSM.ETORO_262: self.config.manage_gtd_expiry=False
2026-06-08T20:00:02.648168621Z [INFO] eToro-Momentum-LS.MLS_FlashCrashReversalStrategy_INSM.ETORO_262: Set ClientOrderIdGenerator client_order_id count to 0
2026-06-08T20:00:02.648168791Z [INFO] eToro-Momentum-LS.MLS_FlashCrashReversalStrategy_INSM.ETORO_262: Set ClientOrderIdGenerator order_list_id count to 0
2026-06-08T20:00:02.648169963Z [INFO] eToro-Momentum-LS.MLS_FlashCrashReversalStrategy_INSM.ETORO_262: Starte Flash Crash Reversal auf INSM.ETORO
2026-06-08T20:00:02.648179201Z [DEBUG] eToro-Momentum-LS.MessageBus: Added Subscription(topic=data.bars.INSM.ETORO-1-HOUR-MID-INTERNAL, handler=<bound method Actor.handle_bar of FlashCrashReversalStrategy(MLS_FlashCrashReversalStrategy_INSM.ETORO_262-262)>, priority=0)
2026-06-08T20:00:02.648182407Z [INFO] eToro-Momentum-LS.MLS_FlashCrashReversalStrategy_INSM.ETORO_262: [CMD]--> SubscribeBars(bar_type=INSM.ETORO-1-HOUR-MID-INTERNAL, client_id=None, venue=ETORO)
2026-06-08T20:00:02.648203115Z [INFO] eToro-Momentum-LS.MLS_FlashCrashReversalStrategy_INSM.ETORO_262: RUNNING
2026-06-08T20:00:02.648206141Z [DEBUG] eToro-Momentum-LS.MLS_FlashCrashReversalStrategy_INSW.ETORO_263: STARTING
2026-06-08T20:00:02.648206552Z [INFO] eToro-Momentum-LS.MLS_FlashCrashReversalStrategy_INSW.ETORO_263: self.config.oms_type=None
2026-06-08T20:00:02.648206742Z [INFO] eToro-Momentum-LS.MLS_FlashCrashReversalStrategy_INSW.ETORO_263: self.config.external_order_claims=None
2026-06-08T20:00:02.648206893Z [INFO] eToro-Momentum-LS.MLS_FlashCrashReversalStrategy_INSW.ETORO_263: self.config.manage_gtd_expiry=False
2026-06-08T20:00:02.648207544Z [INFO] eToro-Momentum-LS.MLS_FlashCrashReversalStrategy_INSW.ETORO_263: Set ClientOrderIdGenerator client_order_id count to 0
2026-06-08T20:00:02.648207764Z [INFO] eToro-Momentum-LS.MLS_FlashCrashReversalStrategy_INSW.ETORO_263: Set ClientOrderIdGenerator order_list_id count to 0
2026-06-08T20:00:02.648209157Z [INFO] eToro-Momentum-LS.MLS_FlashCrashReversalStrategy_INSW.ETORO_263: Starte Flash Crash Reversal auf INSW.ETORO
2026-06-08T20:00:02.648217533Z [DEBUG] eToro-Momentum-LS.MessageBus: Added Subscription(topic=data.bars.INSW.ETORO-1-HOUR-MID-INTERNAL, handler=<bound method Actor.handle_bar of FlashCrashReversalStrategy(MLS_FlashCrashReversalStrategy_INSW.ETORO_263-263)>, priority=0)
2026-06-08T20:00:02.648220749Z [INFO] eToro-Momentum-LS.MLS_FlashCrashReversalStrategy_INSW.ETORO_263: [CMD]--> SubscribeBars(bar_type=INSW.ETORO-1-HOUR-MID-INTERNAL, client_id=None, venue=ETORO)
2026-06-08T20:00:02.648240175Z [INFO] eToro-Momentum-LS.MLS_FlashCrashReversalStrategy_INSW.ETORO_263: RUNNING
2026-06-08T20:00:02.648242820Z [DEBUG] eToro-Momentum-LS.MLS_FlashCrashReversalStrategy_TTMI.ETORO_264: STARTING
2026-06-08T20:00:02.648243221Z [INFO] eToro-Momentum-LS.MLS_FlashCrashReversalStrategy_TTMI.ETORO_264: self.config.oms_type=None
2026-06-08T20:00:02.648243481Z [INFO] eToro-Momentum-LS.MLS_FlashCrashReversalStrategy_TTMI.ETORO_264: self.config.external_order_claims=None
2026-06-08T20:00:02.648244363Z [INFO] eToro-Momentum-LS.MLS_FlashCrashReversalStrategy_TTMI.ETORO_264: self.config.manage_gtd_expiry=False
2026-06-08T20:00:02.648244984Z [INFO] eToro-Momentum-LS.MLS_FlashCrashReversalStrategy_TTMI.ETORO_264: Set ClientOrderIdGenerator client_order_id count to 0
2026-06-08T20:00:02.648245134Z [INFO] eToro-Momentum-LS.MLS_FlashCrashReversalStrategy_TTMI.ETORO_264: Set ClientOrderIdGenerator order_list_id count to 0
2026-06-08T20:00:02.648246347Z [INFO] eToro-Momentum-LS.MLS_FlashCrashReversalStrategy_TTMI.ETORO_264: Starte Flash Crash Reversal auf TTMI.ETORO
2026-06-08T20:00:02.648253871Z [DEBUG] eToro-Momentum-LS.MessageBus: Added Subscription(topic=data.bars.TTMI.ETORO-1-HOUR-MID-INTERNAL, handler=<bound method Actor.handle_bar of FlashCrashReversalStrategy(MLS_FlashCrashReversalStrategy_TTMI.ETORO_264-264)>, priority=0)
2026-06-08T20:00:02.648256325Z [INFO] eToro-Momentum-LS.MLS_FlashCrashReversalStrategy_TTMI.ETORO_264: [CMD]--> SubscribeBars(bar_type=TTMI.ETORO-1-HOUR-MID-INTERNAL, client_id=None, venue=ETORO)
2026-06-08T20:00:02.648276102Z [INFO] eToro-Momentum-LS.MLS_FlashCrashReversalStrategy_TTMI.ETORO_264: RUNNING
2026-06-08T20:00:02.648278958Z [DEBUG] eToro-Momentum-LS.MLS_FlashCrashReversalStrategy_ESLT.ETORO_265: STARTING
2026-06-08T20:00:02.648279358Z [INFO] eToro-Momentum-LS.MLS_FlashCrashReversalStrategy_ESLT.ETORO_265: self.config.oms_type=None
2026-06-08T20:00:02.648279529Z [INFO] eToro-Momentum-LS.MLS_FlashCrashReversalStrategy_ESLT.ETORO_265: self.config.external_order_claims=None
2026-06-08T20:00:02.648279669Z [INFO] eToro-Momentum-LS.MLS_FlashCrashReversalStrategy_ESLT.ETORO_265: self.config.manage_gtd_expiry=False
2026-06-08T20:00:02.648280230Z [INFO] eToro-Momentum-LS.MLS_FlashCrashReversalStrategy_ESLT.ETORO_265: Set ClientOrderIdGenerator client_order_id count to 0
2026-06-08T20:00:02.648280440Z [INFO] eToro-Momentum-LS.MLS_FlashCrashReversalStrategy_ESLT.ETORO_265: Set ClientOrderIdGenerator order_list_id count to 0
2026-06-08T20:00:02.648281743Z [INFO] eToro-Momentum-LS.MLS_FlashCrashReversalStrategy_ESLT.ETORO_265: Starte Flash Crash Reversal auf ESLT.ETORO
2026-06-08T20:00:02.648288736Z [DEBUG] eToro-Momentum-LS.MessageBus: Added Subscription(topic=data.bars.ESLT.ETORO-1-HOUR-MID-INTERNAL, handler=<bound method Actor.handle_bar of FlashCrashReversalStrategy(MLS_FlashCrashReversalStrategy_ESLT.ETORO_265-265)>, priority=0)
2026-06-08T20:00:02.648291231Z [INFO] eToro-Momentum-LS.MLS_FlashCrashReversalStrategy_ESLT.ETORO_265: [CMD]--> SubscribeBars(bar_type=ESLT.ETORO-1-HOUR-MID-INTERNAL, client_id=None, venue=ETORO)
2026-06-08T20:00:02.648310557Z [INFO] eToro-Momentum-LS.MLS_FlashCrashReversalStrategy_ESLT.ETORO_265: RUNNING
2026-06-08T20:00:02.648317841Z [INFO] eToro-Momentum-LS.eToro-Momentum-LS: RUNNING
2026-06-08T20:00:02.648324072Z [INFO] eToro-Momentum-LS.TradingNode: RUNNING
2026-06-08T20:00:02.648465628Z [ERROR] eToro-Momentum-LS.DataEngine: Cannot start bar aggregation: no instrument found for SMTC.ETORO
2026-06-08T20:00:02.648469595Z [WARN] eToro-Momentum-LS.DataEngine: Cannot setup bar aggregator: no aggregator found for SMTC.ETORO-1-HOUR-MID-INTERNAL with key (SMTC.ETORO-1-HOUR-MID-INTERNAL, None)
2026-06-08T20:00:02.648472701Z [ERROR] eToro-Momentum-LS.DataEngine: Cannot subscribe bar aggregator: no aggregator found for SMTC.ETORO-1-HOUR-MID-INTERNAL with key (SMTC.ETORO-1-HOUR-MID-INTERNAL, None)
2026-06-08T20:00:02.648478181Z [ERROR] eToro-Momentum-LS.DataEngine: Cannot start bar aggregation: no instrument found for SMTC.ETORO
2026-06-08T20:00:02.648479413Z [WARN] eToro-Momentum-LS.DataEngine: Cannot setup bar aggregator: no aggregator found for SMTC.ETORO-1-HOUR-MID-INTERNAL with key (SMTC.ETORO-1-HOUR-MID-INTERNAL, None)
2026-06-08T20:00:02.648480405Z [ERROR] eToro-Momentum-LS.DataEngine: Cannot subscribe bar aggregator: no aggregator found for SMTC.ETORO-1-HOUR-MID-INTERNAL with key (SMTC.ETORO-1-HOUR-MID-INTERNAL, None)
2026-06-08T20:00:02.648482970Z [ERROR] eToro-Momentum-LS.DataEngine: Cannot start bar aggregation: no instrument found for SMTC.ETORO
2026-06-08T20:00:02.648484162Z [WARN] eToro-Momentum-LS.DataEngine: Cannot setup bar aggregator: no aggregator found for SMTC.ETORO-1-HOUR-MID-INTERNAL with key (SMTC.ETORO-1-HOUR-MID-INTERNAL, None)
2026-06-08T20:00:02.648485315Z [ERROR] eToro-Momentum-LS.DataEngine: Cannot subscribe bar aggregator: no aggregator found for SMTC.ETORO-1-HOUR-MID-INTERNAL with key (SMTC.ETORO-1-HOUR-MID-INTERNAL, None)
2026-06-08T20:00:02.648487228Z [ERROR] eToro-Momentum-LS.DataEngine: Cannot start bar aggregation: no instrument found for SMTC.ETORO
2026-06-08T20:00:02.648488140Z [WARN] eToro-Momentum-LS.DataEngine: Cannot setup bar aggregator: no aggregator found for SMTC.ETORO-1-HOUR-MID-INTERNAL with key (SMTC.ETORO-1-HOUR-MID-INTERNAL, None)
2026-06-08T20:00:02.648489112Z [ERROR] eToro-Momentum-LS.DataEngine: Cannot subscribe bar aggregator: no aggregator found for SMTC.ETORO-1-HOUR-MID-INTERNAL with key (SMTC.ETORO-1-HOUR-MID-INTERNAL, None)
2026-06-08T20:00:02.648491656Z [ERROR] eToro-Momentum-LS.DataEngine: Cannot start bar aggregation: no instrument found for SMTC.ETORO
2026-06-08T20:00:02.648493279Z [WARN] eToro-Momentum-LS.DataEngine: Cannot setup bar aggregator: no aggregator found for SMTC.ETORO-1-HOUR-MID-INTERNAL with key (SMTC.ETORO-1-HOUR-MID-INTERNAL, None)
2026-06-08T20:00:02.648494131Z [ERROR] eToro-Momentum-LS.DataEngine: Cannot subscribe bar aggregator: no aggregator found for SMTC.ETORO-1-HOUR-MID-INTERNAL with key (SMTC.ETORO-1-HOUR-MID-INTERNAL, None)
2026-06-08T20:00:02.648495734Z [ERROR] eToro-Momentum-LS.DataEngine: Cannot start bar aggregation: no instrument found for SMTC.ETORO
2026-06-08T20:00:02.648496696Z [WARN] eToro-Momentum-LS.DataEngine: Cannot setup bar aggregator: no aggregator found for SMTC.ETORO-1-HOUR-MID-INTERNAL with key (SMTC.ETORO-1-HOUR-MID-INTERNAL, None)
2026-06-08T20:00:02.648497868Z [ERROR] eToro-Momentum-LS.DataEngine: Cannot subscribe bar aggregator: no aggregator found for SMTC.ETORO-1-HOUR-MID-INTERNAL with key (SMTC.ETORO-1-HOUR-MID-INTERNAL, None)
2026-06-08T20:00:02.648499541Z [ERROR] eToro-Momentum-LS.DataEngine: Cannot start bar aggregation: no instrument found for SMTC.ETORO
2026-06-08T20:00:02.648500673Z [WARN] eToro-Momentum-LS.DataEngine: Cannot setup bar aggregator: no aggregator found for SMTC.ETORO-1-HOUR-MID-INTERNAL with key (SMTC.ETORO-1-HOUR-MID-INTERNAL, None)
2026-06-08T20:00:02.648501585Z [ERROR] eToro-Momentum-LS.DataEngine: Cannot subscribe bar aggregator: no aggregator found for SMTC.ETORO-1-HOUR-MID-INTERNAL with key (SMTC.ETORO-1-HOUR-MID-INTERNAL, None)
2026-06-08T20:00:02.648507977Z [ERROR] eToro-Momentum-LS.DataEngine: Cannot start bar aggregation: no instrument found for SEI.US.ETORO
2026-06-08T20:00:02.648508879Z [WARN] eToro-Momentum-LS.DataEngine: Cannot setup bar aggregator: no aggregator found for SEI.US.ETORO-1-HOUR-MID-INTERNAL with key (SEI.US.ETORO-1-HOUR-MID-INTERNAL, None)
2026-06-08T20:00:02.648509981Z [ERROR] eToro-Momentum-LS.DataEngine: Cannot subscribe bar aggregator: no aggregator found for SEI.US.ETORO-1-HOUR-MID-INTERNAL with key (SEI.US.ETORO-1-HOUR-MID-INTERNAL, None)
2026-06-08T20:00:02.648512035Z [ERROR] eToro-Momentum-LS.DataEngine: Cannot start bar aggregation: no instrument found for SEI.US.ETORO
2026-06-08T20:00:02.648513618Z [WARN] eToro-Momentum-LS.DataEngine: Cannot setup bar aggregator: no aggregator found for SEI.US.ETORO-1-HOUR-MID-INTERNAL with key (SEI.US.ETORO-1-HOUR-MID-INTERNAL, None)
2026-06-08T20:00:02.648515191Z [ERROR] eToro-Momentum-LS.DataEngine: Cannot subscribe bar aggregator: no aggregator found for SEI.US.ETORO-1-HOUR-MID-INTERNAL with key (SEI.US.ETORO-1-HOUR-MID-INTERNAL, None)
2026-06-08T20:00:02.648517685Z [ERROR] eToro-Momentum-LS.DataEngine: Cannot start bar aggregation: no instrument found for SEI.US.ETORO
2026-06-08T20:00:02.648518527Z [WARN] eToro-Momentum-LS.DataEngine: Cannot setup bar aggregator: no aggregator found for SEI.US.ETORO-1-HOUR-MID-INTERNAL with key (SEI.US.ETORO-1-HOUR-MID-INTERNAL, None)
2026-06-08T20:00:02.648519358Z [ERROR] eToro-Momentum-LS.DataEngine: Cannot subscribe bar aggregator: no aggregator found for SEI.US.ETORO-1-HOUR-MID-INTERNAL with key (SEI.US.ETORO-1-HOUR-MID-INTERNAL, None)
2026-06-08T20:00:02.648522144Z [ERROR] eToro-Momentum-LS.DataEngine: Cannot start bar aggregation: no instrument found for SEI.US.ETORO
2026-06-08T20:00:02.648523085Z [WARN] eToro-Momentum-LS.DataEngine: Cannot setup bar aggregator: no aggregator found for SEI.US.ETORO-1-HOUR-MID-INTERNAL with key (SEI.US.ETORO-1-HOUR-MID-INTERNAL, None)
2026-06-08T20:00:02.648523867Z [ERROR] eToro-Momentum-LS.DataEngine: Cannot subscribe bar aggregator: no aggregator found for SEI.US.ETORO-1-HOUR-MID-INTERNAL with key (SEI.US.ETORO-1-HOUR-MID-INTERNAL, None)
2026-06-08T20:00:02.648526061Z [ERROR] eToro-Momentum-LS.DataEngine: Cannot start bar aggregation: no instrument found for SEI.US.ETORO
2026-06-08T20:00:02.648527153Z [WARN] eToro-Momentum-LS.DataEngine: Cannot setup bar aggregator: no aggregator found for SEI.US.ETORO-1-HOUR-MID-INTERNAL with key (SEI.US.ETORO-1-HOUR-MID-INTERNAL, None)
2026-06-08T20:00:02.648528035Z [ERROR] eToro-Momentum-LS.DataEngine: Cannot subscribe bar aggregator: no aggregator found for SEI.US.ETORO-1-HOUR-MID-INTERNAL with key (SEI.US.ETORO-1-HOUR-MID-INTERNAL, None)
2026-06-08T20:00:02.648530129Z [ERROR] eToro-Momentum-LS.DataEngine: Cannot start bar aggregation: no instrument found for SEI.US.ETORO
2026-06-08T20:00:02.648531832Z [WARN] eToro-Momentum-LS.DataEngine: Cannot setup bar aggregator: no aggregator found for SEI.US.ETORO-1-HOUR-MID-INTERNAL with key (SEI.US.ETORO-1-HOUR-MID-INTERNAL, None)
2026-06-08T20:00:02.648532723Z [ERROR] eToro-Momentum-LS.DataEngine: Cannot subscribe bar aggregator: no aggregator found for SEI.US.ETORO-1-HOUR-MID-INTERNAL with key (SEI.US.ETORO-1-HOUR-MID-INTERNAL, None)
2026-06-08T20:00:02.648534457Z [ERROR] eToro-Momentum-LS.DataEngine: Cannot start bar aggregation: no instrument found for SEI.US.ETORO
2026-06-08T20:00:02.648535308Z [WARN] eToro-Momentum-LS.DataEngine: Cannot setup bar aggregator: no aggregator found for SEI.US.ETORO-1-HOUR-MID-INTERNAL with key (SEI.US.ETORO-1-HOUR-MID-INTERNAL, None)
2026-06-08T20:00:02.648536110Z [ERROR] eToro-Momentum-LS.DataEngine: Cannot subscribe bar aggregator: no aggregator found for SEI.US.ETORO-1-HOUR-MID-INTERNAL with key (SEI.US.ETORO-1-HOUR-MID-INTERNAL, None)
2026-06-08T20:00:02.648538835Z [ERROR] eToro-Momentum-LS.DataEngine: Cannot start bar aggregation: no instrument found for SEI.US.ETORO
2026-06-08T20:00:02.648540368Z [WARN] eToro-Momentum-LS.DataEngine: Cannot setup bar aggregator: no aggregator found for SEI.US.ETORO-1-HOUR-MID-INTERNAL with key (SEI.US.ETORO-1-HOUR-MID-INTERNAL, None)
2026-06-08T20:00:02.648541179Z [ERROR] eToro-Momentum-LS.DataEngine: Cannot subscribe bar aggregator: no aggregator found for SEI.US.ETORO-1-HOUR-MID-INTERNAL with key (SEI.US.ETORO-1-HOUR-MID-INTERNAL, None)
2026-06-08T20:00:02.648542913Z [ERROR] eToro-Momentum-LS.DataEngine: Cannot start bar aggregation: no instrument found for SEI.US.ETORO
2026-06-08T20:00:02.648544225Z [WARN] eToro-Momentum-LS.DataEngine: Cannot setup bar aggregator: no aggregator found for SEI.US.ETORO-1-HOUR-MID-INTERNAL with key (SEI.US.ETORO-1-HOUR-MID-INTERNAL, None)
2026-06-08T20:00:02.648545016Z [ERROR] eToro-Momentum-LS.DataEngine: Cannot subscribe bar aggregator: no aggregator found for SEI.US.ETORO-1-HOUR-MID-INTERNAL with key (SEI.US.ETORO-1-HOUR-MID-INTERNAL, None)
2026-06-08T20:00:02.648546840Z [ERROR] eToro-Momentum-LS.DataEngine: Cannot start bar aggregation: no instrument found for SEI.US.ETORO
2026-06-08T20:00:02.648547661Z [WARN] eToro-Momentum-LS.DataEngine: Cannot setup bar aggregator: no aggregator found for SEI.US.ETORO-1-HOUR-MID-INTERNAL with key (SEI.US.ETORO-1-HOUR-MID-INTERNAL, None)
2026-06-08T20:00:02.648548613Z [ERROR] eToro-Momentum-LS.DataEngine: Cannot subscribe bar aggregator: no aggregator found for SEI.US.ETORO-1-HOUR-MID-INTERNAL with key (SEI.US.ETORO-1-HOUR-MID-INTERNAL, None)
2026-06-08T20:00:02.648550417Z [ERROR] eToro-Momentum-LS.DataEngine: Cannot start bar aggregation: no instrument found for SEI.US.ETORO
2026-06-08T20:00:02.648551449Z [WARN] eToro-Momentum-LS.DataEngine: Cannot setup bar aggregator: no aggregator found for SEI.US.ETORO-1-HOUR-MID-INTERNAL with key (SEI.US.ETORO-1-HOUR-MID-INTERNAL, None)
2026-06-08T20:00:02.648552460Z [ERROR] eToro-Momentum-LS.DataEngine: Cannot subscribe bar aggregator: no aggregator found for SEI.US.ETORO-1-HOUR-MID-INTERNAL with key (SEI.US.ETORO-1-HOUR-MID-INTERNAL, None)
2026-06-08T20:00:02.648554554Z [ERROR] eToro-Momentum-LS.DataEngine: Cannot start bar aggregation: no instrument found for SEI.US.ETORO
2026-06-08T20:00:02.648555406Z [WARN] eToro-Momentum-LS.DataEngine: Cannot setup bar aggregator: no aggregator found for SEI.US.ETORO-1-HOUR-MID-INTERNAL with key (SEI.US.ETORO-1-HOUR-MID-INTERNAL, None)
2026-06-08T20:00:02.648556458Z [ERROR] eToro-Momentum-LS.DataEngine: Cannot subscribe bar aggregator: no aggregator found for SEI.US.ETORO-1-HOUR-MID-INTERNAL with key (SEI.US.ETORO-1-HOUR-MID-INTERNAL, None)
2026-06-08T20:00:02.648558392Z [ERROR] eToro-Momentum-LS.DataEngine: Cannot start bar aggregation: no instrument found for SEI.US.ETORO
2026-06-08T20:00:02.648559323Z [WARN] eToro-Momentum-LS.DataEngine: Cannot setup bar aggregator: no aggregator found for SEI.US.ETORO-1-HOUR-MID-INTERNAL with key (SEI.US.ETORO-1-HOUR-MID-INTERNAL, None)
2026-06-08T20:00:02.648560155Z [ERROR] eToro-Momentum-LS.DataEngine: Cannot subscribe bar aggregator: no aggregator found for SEI.US.ETORO-1-HOUR-MID-INTERNAL with key (SEI.US.ETORO-1-HOUR-MID-INTERNAL, None)
2026-06-08T20:00:02.648562038Z [ERROR] eToro-Momentum-LS.DataEngine: Cannot start bar aggregation: no instrument found for SEI.US.ETORO
2026-06-08T20:00:02.648562940Z [WARN] eToro-Momentum-LS.DataEngine: Cannot setup bar aggregator: no aggregator found for SEI.US.ETORO-1-HOUR-MID-INTERNAL with key (SEI.US.ETORO-1-HOUR-MID-INTERNAL, None)
2026-06-08T20:00:02.648563772Z [ERROR] eToro-Momentum-LS.DataEngine: Cannot subscribe bar aggregator: no aggregator found for SEI.US.ETORO-1-HOUR-MID-INTERNAL with key (SEI.US.ETORO-1-HOUR-MID-INTERNAL, None)
2026-06-08T20:00:02.648566447Z [ERROR] eToro-Momentum-LS.DataEngine: Cannot start bar aggregation: no instrument found for SEI.US.ETORO
2026-06-08T20:00:02.648567408Z [WARN] eToro-Momentum-LS.DataEngine: Cannot setup bar aggregator: no aggregator found for SEI.US.ETORO-1-HOUR-MID-INTERNAL with key (SEI.US.ETORO-1-HOUR-MID-INTERNAL, None)
2026-06-08T20:00:02.648568260Z [ERROR] eToro-Momentum-LS.DataEngine: Cannot subscribe bar aggregator: no aggregator found for SEI.US.ETORO-1-HOUR-MID-INTERNAL with key (SEI.US.ETORO-1-HOUR-MID-INTERNAL, None)
2026-06-08T20:00:02.648570294Z [ERROR] eToro-Momentum-LS.DataEngine: Cannot start bar aggregation: no instrument found for SEI.US.ETORO
2026-06-08T20:00:02.648571135Z [WARN] eToro-Momentum-LS.DataEngine: Cannot setup bar aggregator: no aggregator found for SEI.US.ETORO-1-HOUR-MID-INTERNAL with key (SEI.US.ETORO-1-HOUR-MID-INTERNAL, None)
2026-06-08T20:00:02.648572137Z [ERROR] eToro-Momentum-LS.DataEngine: Cannot subscribe bar aggregator: no aggregator found for SEI.US.ETORO-1-HOUR-MID-INTERNAL with key (SEI.US.ETORO-1-HOUR-MID-INTERNAL, None)
2026-06-08T20:00:02.648573881Z [ERROR] eToro-Momentum-LS.DataEngine: Cannot start bar aggregation: no instrument found for SEI.US.ETORO
2026-06-08T20:00:02.648574762Z [WARN] eToro-Momentum-LS.DataEngine: Cannot setup bar aggregator: no aggregator found for SEI.US.ETORO-1-HOUR-MID-INTERNAL with key (SEI.US.ETORO-1-HOUR-MID-INTERNAL, None)
2026-06-08T20:00:02.648575624Z [ERROR] eToro-Momentum-LS.DataEngine: Cannot subscribe bar aggregator: no aggregator found for SEI.US.ETORO-1-HOUR-MID-INTERNAL with key (SEI.US.ETORO-1-HOUR-MID-INTERNAL, None)
2026-06-08T20:00:02.648577718Z [ERROR] eToro-Momentum-LS.DataEngine: Cannot start bar aggregation: no instrument found for SEI.US.ETORO
2026-06-08T20:00:02.648578579Z [WARN] eToro-Momentum-LS.DataEngine: Cannot setup bar aggregator: no aggregator found for SEI.US.ETORO-1-HOUR-MID-INTERNAL with key (SEI.US.ETORO-1-HOUR-MID-INTERNAL, None)
2026-06-08T20:00:02.648579842Z [ERROR] eToro-Momentum-LS.DataEngine: Cannot subscribe bar aggregator: no aggregator found for SEI.US.ETORO-1-HOUR-MID-INTERNAL with key (SEI.US.ETORO-1-HOUR-MID-INTERNAL, None)
2026-06-08T20:00:02.648581645Z [ERROR] eToro-Momentum-LS.DataEngine: Cannot start bar aggregation: no instrument found for SEI.US.ETORO
2026-06-08T20:00:02.648583218Z [WARN] eToro-Momentum-LS.DataEngine: Cannot setup bar aggregator: no aggregator found for SEI.US.ETORO-1-HOUR-MID-INTERNAL with key (SEI.US.ETORO-1-HOUR-MID-INTERNAL, None)
2026-06-08T20:00:02.648584250Z [ERROR] eToro-Momentum-LS.DataEngine: Cannot subscribe bar aggregator: no aggregator found for SEI.US.ETORO-1-HOUR-MID-INTERNAL with key (SEI.US.ETORO-1-HOUR-MID-INTERNAL, None)
2026-06-08T20:00:02.648585983Z [ERROR] eToro-Momentum-LS.DataEngine: Cannot start bar aggregation: no instrument found for SEI.US.ETORO
2026-06-08T20:00:02.648586875Z [WARN] eToro-Momentum-LS.DataEngine: Cannot setup bar aggregator: no aggregator found for SEI.US.ETORO-1-HOUR-MID-INTERNAL with key (SEI.US.ETORO-1-HOUR-MID-INTERNAL, None)
2026-06-08T20:00:02.648587727Z [ERROR] eToro-Momentum-LS.DataEngine: Cannot subscribe bar aggregator: no aggregator found for SEI.US.ETORO-1-HOUR-MID-INTERNAL with key (SEI.US.ETORO-1-HOUR-MID-INTERNAL, None)
2026-06-08T20:00:02.648589600Z [ERROR] eToro-Momentum-LS.DataEngine: Cannot start bar aggregation: no instrument found for SEI.US.ETORO
2026-06-08T20:00:02.648590432Z [WARN] eToro-Momentum-LS.DataEngine: Cannot setup bar aggregator: no aggregator found for SEI.US.ETORO-1-HOUR-MID-INTERNAL with key (SEI.US.ETORO-1-HOUR-MID-INTERNAL, None)
2026-06-08T20:00:02.648595521Z [ERROR] eToro-Momentum-LS.DataEngine: Cannot subscribe bar aggregator: no aggregator found for SEI.US.ETORO-1-HOUR-MID-INTERNAL with key (SEI.US.ETORO-1-HOUR-MID-INTERNAL, None)
2026-06-08T20:00:02.648597264Z [ERROR] eToro-Momentum-LS.DataEngine: Cannot start bar aggregation: no instrument found for SEI.US.ETORO
2026-06-08T20:00:02.648598467Z [WARN] eToro-Momentum-LS.DataEngine: Cannot setup bar aggregator: no aggregator found for SEI.US.ETORO-1-HOUR-MID-INTERNAL with key (SEI.US.ETORO-1-HOUR-MID-INTERNAL, None)
2026-06-08T20:00:02.648599418Z [ERROR] eToro-Momentum-LS.DataEngine: Cannot subscribe bar aggregator: no aggregator found for SEI.US.ETORO-1-HOUR-MID-INTERNAL with key (SEI.US.ETORO-1-HOUR-MID-INTERNAL, None)
2026-06-08T20:00:02.648601482Z [ERROR] eToro-Momentum-LS.DataEngine: Cannot start bar aggregation: no instrument found for SEI.US.ETORO
2026-06-08T20:00:02.648602314Z [WARN] eToro-Momentum-LS.DataEngine: Cannot setup bar aggregator: no aggregator found for SEI.US.ETORO-1-HOUR-MID-INTERNAL with key (SEI.US.ETORO-1-HOUR-MID-INTERNAL, None)
2026-06-08T20:00:02.648603105Z [ERROR] eToro-Momentum-LS.DataEngine: Cannot subscribe bar aggregator: no aggregator found for SEI.US.ETORO-1-HOUR-MID-INTERNAL with key (SEI.US.ETORO-1-HOUR-MID-INTERNAL, None)
2026-06-08T20:00:02.648605330Z [ERROR] eToro-Momentum-LS.DataEngine: Cannot start bar aggregation: no instrument found for SEI.US.ETORO
2026-06-08T20:00:02.648606592Z [WARN] eToro-Momentum-LS.DataEngine: Cannot setup bar aggregator: no aggregator found for SEI.US.ETORO-1-HOUR-MID-INTERNAL with key (SEI.US.ETORO-1-HOUR-MID-INTERNAL, None)
2026-06-08T20:00:02.648607474Z [ERROR] eToro-Momentum-LS.DataEngine: Cannot subscribe bar aggregator: no aggregator found for SEI.US.ETORO-1-HOUR-MID-INTERNAL with key (SEI.US.ETORO-1-HOUR-MID-INTERNAL, None)
2026-06-08T20:00:02.648609157Z [ERROR] eToro-Momentum-LS.DataEngine: Cannot start bar aggregation: no instrument found for SEI.US.ETORO
2026-06-08T20:00:02.648610289Z [WARN] eToro-Momentum-LS.DataEngine: Cannot setup bar aggregator: no aggregator found for SEI.US.ETORO-1-HOUR-MID-INTERNAL with key (SEI.US.ETORO-1-HOUR-MID-INTERNAL, None)
2026-06-08T20:00:02.648611611Z [ERROR] eToro-Momentum-LS.DataEngine: Cannot subscribe bar aggregator: no aggregator found for SEI.US.ETORO-1-HOUR-MID-INTERNAL with key (SEI.US.ETORO-1-HOUR-MID-INTERNAL, None)
2026-06-08T20:00:02.648613515Z [ERROR] eToro-Momentum-LS.DataEngine: Cannot start bar aggregation: no instrument found for SEI.US.ETORO
2026-06-08T20:00:02.648614366Z [WARN] eToro-Momentum-LS.DataEngine: Cannot setup bar aggregator: no aggregator found for SEI.US.ETORO-1-HOUR-MID-INTERNAL with key (SEI.US.ETORO-1-HOUR-MID-INTERNAL, None)
2026-06-08T20:00:02.648615328Z [ERROR] eToro-Momentum-LS.DataEngine: Cannot subscribe bar aggregator: no aggregator found for SEI.US.ETORO-1-HOUR-MID-INTERNAL with key (SEI.US.ETORO-1-HOUR-MID-INTERNAL, None)
2026-06-08T20:00:02.648617092Z [ERROR] eToro-Momentum-LS.DataEngine: Cannot start bar aggregation: no instrument found for SEI.US.ETORO
2026-06-08T20:00:02.648617983Z [WARN] eToro-Momentum-LS.DataEngine: Cannot setup bar aggregator: no aggregator found for SEI.US.ETORO-1-HOUR-MID-INTERNAL with key (SEI.US.ETORO-1-HOUR-MID-INTERNAL, None)
2026-06-08T20:00:02.648618925Z [ERROR] eToro-Momentum-LS.DataEngine: Cannot subscribe bar aggregator: no aggregator found for SEI.US.ETORO-1-HOUR-MID-INTERNAL with key (SEI.US.ETORO-1-HOUR-MID-INTERNAL, None)
2026-06-08T20:00:02.648620668Z [ERROR] eToro-Momentum-LS.DataEngine: Cannot start bar aggregation: no instrument found for SEI.US.ETORO
2026-06-08T20:00:02.648621530Z [WARN] eToro-Momentum-LS.DataEngine: Cannot setup bar aggregator: no aggregator found for SEI.US.ETORO-1-HOUR-MID-INTERNAL with key (SEI.US.ETORO-1-HOUR-MID-INTERNAL, None)
2026-06-08T20:00:02.648622522Z [ERROR] eToro-Momentum-LS.DataEngine: Cannot subscribe bar aggregator: no aggregator found for SEI.US.ETORO-1-HOUR-MID-INTERNAL with key (SEI.US.ETORO-1-HOUR-MID-INTERNAL, None)
2026-06-08T20:00:02.648624586Z [ERROR] eToro-Momentum-LS.DataEngine: Cannot start bar aggregation: no instrument found for SEI.US.ETORO
2026-06-08T20:00:02.648625477Z [WARN] eToro-Momentum-LS.DataEngine: Cannot setup bar aggregator: no aggregator found for SEI.US.ETORO-1-HOUR-MID-INTERNAL with key (SEI.US.ETORO-1-HOUR-MID-INTERNAL, None)
2026-06-08T20:00:02.648626629Z [ERROR] eToro-Momentum-LS.DataEngine: Cannot subscribe bar aggregator: no aggregator found for SEI.US.ETORO-1-HOUR-MID-INTERNAL with key (SEI.US.ETORO-1-HOUR-MID-INTERNAL, None)
2026-06-08T20:00:02.648628283Z [ERROR] eToro-Momentum-LS.DataEngine: Cannot start bar aggregation: no instrument found for SEI.US.ETORO
2026-06-08T20:00:02.648629214Z [WARN] eToro-Momentum-LS.DataEngine: Cannot setup bar aggregator: no aggregator found for SEI.US.ETORO-1-HOUR-MID-INTERNAL with key (SEI.US.ETORO-1-HOUR-MID-INTERNAL, None)
2026-06-08T20:00:02.648630557Z [ERROR] eToro-Momentum-LS.DataEngine: Cannot subscribe bar aggregator: no aggregator found for SEI.US.ETORO-1-HOUR-MID-INTERNAL with key (SEI.US.ETORO-1-HOUR-MID-INTERNAL, None)
2026-06-08T20:00:02.648632380Z [ERROR] eToro-Momentum-LS.DataEngine: Cannot start bar aggregation: no instrument found for SEI.US.ETORO
2026-06-08T20:00:02.648633252Z [WARN] eToro-Momentum-LS.DataEngine: Cannot setup bar aggregator: no aggregator found for SEI.US.ETORO-1-HOUR-MID-INTERNAL with key (SEI.US.ETORO-1-HOUR-MID-INTERNAL, None)
2026-06-08T20:00:02.648636087Z [ERROR] eToro-Momentum-LS.DataEngine: Cannot subscribe bar aggregator: no aggregator found for SEI.US.ETORO-1-HOUR-MID-INTERNAL with key (SEI.US.ETORO-1-HOUR-MID-INTERNAL, None)
2026-06-08T20:00:02.648637921Z [ERROR] eToro-Momentum-LS.DataEngine: Cannot start bar aggregation: no instrument found for SEI.US.ETORO
2026-06-08T20:00:02.648638812Z [WARN] eToro-Momentum-LS.DataEngine: Cannot setup bar aggregator: no aggregator found for SEI.US.ETORO-1-HOUR-MID-INTERNAL with key (SEI.US.ETORO-1-HOUR-MID-INTERNAL, None)
2026-06-08T20:00:02.648640355Z [ERROR] eToro-Momentum-LS.DataEngine: Cannot subscribe bar aggregator: no aggregator found for SEI.US.ETORO-1-HOUR-MID-INTERNAL with key (SEI.US.ETORO-1-HOUR-MID-INTERNAL, None)
2026-06-08T20:00:02.648642129Z [ERROR] eToro-Momentum-LS.DataEngine: Cannot start bar aggregation: no instrument found for SEI.US.ETORO
2026-06-08T20:00:02.648643381Z [WARN] eToro-Momentum-LS.DataEngine: Cannot setup bar aggregator: no aggregator found for SEI.US.ETORO-1-HOUR-MID-INTERNAL with key (SEI.US.ETORO-1-HOUR-MID-INTERNAL, None)
2026-06-08T20:00:02.648644553Z [ERROR] eToro-Momentum-LS.DataEngine: Cannot subscribe bar aggregator: no aggregator found for SEI.US.ETORO-1-HOUR-MID-INTERNAL with key (SEI.US.ETORO-1-HOUR-MID-INTERNAL, None)
2026-06-08T20:00:02.648646437Z [ERROR] eToro-Momentum-LS.DataEngine: Cannot start bar aggregation: no instrument found for SEI.US.ETORO
2026-06-08T20:00:02.648648020Z [WARN] eToro-Momentum-LS.DataEngine: Cannot setup bar aggregator: no aggregator found for SEI.US.ETORO-1-HOUR-MID-INTERNAL with key (SEI.US.ETORO-1-HOUR-MID-INTERNAL, None)
2026-06-08T20:00:02.648649552Z [ERROR] eToro-Momentum-LS.DataEngine: Cannot subscribe bar aggregator: no aggregator found for SEI.US.ETORO-1-HOUR-MID-INTERNAL with key (SEI.US.ETORO-1-HOUR-MID-INTERNAL, None)
2026-06-08T20:00:02.648651466Z [ERROR] eToro-Momentum-LS.DataEngine: Cannot start bar aggregation: no instrument found for SEI.US.ETORO
2026-06-08T20:00:02.648652478Z [WARN] eToro-Momentum-LS.DataEngine: Cannot setup bar aggregator: no aggregator found for SEI.US.ETORO-1-HOUR-MID-INTERNAL with key (SEI.US.ETORO-1-HOUR-MID-INTERNAL, None)
2026-06-08T20:00:02.648653400Z [ERROR] eToro-Momentum-LS.DataEngine: Cannot subscribe bar aggregator: no aggregator found for SEI.US.ETORO-1-HOUR-MID-INTERNAL with key (SEI.US.ETORO-1-HOUR-MID-INTERNAL, None)
2026-06-08T20:00:02.648655744Z [ERROR] eToro-Momentum-LS.DataEngine: Cannot start bar aggregation: no instrument found for NOK.ETORO
2026-06-08T20:00:02.648656896Z [WARN] eToro-Momentum-LS.DataEngine: Cannot setup bar aggregator: no aggregator found for NOK.ETORO-1-HOUR-MID-INTERNAL with key (NOK.ETORO-1-HOUR-MID-INTERNAL, None)
2026-06-08T20:00:02.648657888Z [ERROR] eToro-Momentum-LS.DataEngine: Cannot subscribe bar aggregator: no aggregator found for NOK.ETORO-1-HOUR-MID-INTERNAL with key (NOK.ETORO-1-HOUR-MID-INTERNAL, None)
2026-06-08T20:00:02.648661274Z [ERROR] eToro-Momentum-LS.DataEngine: Cannot start bar aggregation: no instrument found for NOK.ETORO
2026-06-08T20:00:02.648662477Z [WARN] eToro-Momentum-LS.DataEngine: Cannot setup bar aggregator: no aggregator found for NOK.ETORO-1-HOUR-MID-INTERNAL with key (NOK.ETORO-1-HOUR-MID-INTERNAL, None)
2026-06-08T20:00:02.648663929Z [ERROR] eToro-Momentum-LS.DataEngine: Cannot subscribe bar aggregator: no aggregator found for NOK.ETORO-1-HOUR-MID-INTERNAL with key (NOK.ETORO-1-HOUR-MID-INTERNAL, None)
2026-06-08T20:00:02.648760000Z [DEBUG] eToro-Momentum-LS.DataEngine: Created aggregator for key=(BarType(COHR.ETORO-1-HOUR-MID-INTERNAL), None)
2026-06-08T20:00:02.648804012Z [DEBUG] eToro-Momentum-LS.MessageBus: Added Subscription(topic=data.quotes.ETORO.COHR, handler=<bound method BarAggregator.handle_quote_tick of <nautilus_trader.data.aggregation.TimeBarAggregator object at 0x7991cf694c40>>, priority=5)
2026-06-08T20:00:02.648976976Z [DEBUG] eToro-Momentum-LS.nautilus_common::live::timer: Creating timer 'TIME_BAR_COHR.ETORO-1-HOUR-MID-INTERNAL'
2026-06-08T20:00:02.650821825Z [DEBUG] eToro-Momentum-LS.TimeBarAggregator: [start_timer] fire_immediately=False, _skip_first_non_full_bar=False, now=2026-06-08 20:00:02.648805755+00:00, start_time=2026-06-08 20:00:00+00:00, first_close_ns=1970-01-01 00:00:00+00:00, next_close_ns=2026-06-08 21:00:00+00:00
2026-06-08T20:00:02.650867792Z [WARN] eToro-Momentum-LS.DataEngine: Aggregator for COHR.ETORO-1-HOUR-MID-INTERNAL is currently in use, subscription can't be started.
2026-06-08T20:00:02.650871519Z [WARN] eToro-Momentum-LS.DataEngine: Aggregator for COHR.ETORO-1-HOUR-MID-INTERNAL is currently in use, subscription can't be started.
2026-06-08T20:00:02.650873783Z [WARN] eToro-Momentum-LS.DataEngine: Aggregator for COHR.ETORO-1-HOUR-MID-INTERNAL is currently in use, subscription can't be started.
2026-06-08T20:00:02.650876378Z [WARN] eToro-Momentum-LS.DataEngine: Aggregator for COHR.ETORO-1-HOUR-MID-INTERNAL is currently in use, subscription can't be started.
2026-06-08T20:00:02.650879974Z [WARN] eToro-Momentum-LS.DataEngine: Aggregator for COHR.ETORO-1-HOUR-MID-INTERNAL is currently in use, subscription can't be started.
2026-06-08T20:00:02.650882679Z [WARN] eToro-Momentum-LS.DataEngine: Aggregator for COHR.ETORO-1-HOUR-MID-INTERNAL is currently in use, subscription can't be started.
2026-06-08T20:00:02.650885024Z [WARN] eToro-Momentum-LS.DataEngine: Aggregator for COHR.ETORO-1-HOUR-MID-INTERNAL is currently in use, subscription can't be started.
2026-06-08T20:00:02.650887879Z [WARN] eToro-Momentum-LS.DataEngine: Aggregator for COHR.ETORO-1-HOUR-MID-INTERNAL is currently in use, subscription can't be started.
2026-06-08T20:00:02.650890424Z [WARN] eToro-Momentum-LS.DataEngine: Aggregator for COHR.ETORO-1-HOUR-MID-INTERNAL is currently in use, subscription can't be started.
2026-06-08T20:00:02.650892598Z [WARN] eToro-Momentum-LS.DataEngine: Aggregator for COHR.ETORO-1-HOUR-MID-INTERNAL is currently in use, subscription can't be started.
2026-06-08T20:00:02.650897327Z [ERROR] eToro-Momentum-LS.DataEngine: Cannot start bar aggregation: no instrument found for FRO.ETORO
2026-06-08T20:00:02.650899371Z [WARN] eToro-Momentum-LS.DataEngine: Cannot setup bar aggregator: no aggregator found for FRO.ETORO-1-HOUR-MID-INTERNAL with key (FRO.ETORO-1-HOUR-MID-INTERNAL, None)
2026-06-08T20:00:02.650900914Z [ERROR] eToro-Momentum-LS.DataEngine: Cannot subscribe bar aggregator: no aggregator found for FRO.ETORO-1-HOUR-MID-INTERNAL with key (FRO.ETORO-1-HOUR-MID-INTERNAL, None)
2026-06-08T20:00:02.650902767Z [ERROR] eToro-Momentum-LS.DataEngine: Cannot start bar aggregation: no instrument found for FRO.ETORO
2026-06-08T20:00:02.650904100Z [WARN] eToro-Momentum-LS.DataEngine: Cannot setup bar aggregator: no aggregator found for FRO.ETORO-1-HOUR-MID-INTERNAL with key (FRO.ETORO-1-HOUR-MID-INTERNAL, None)
2026-06-08T20:00:02.650904951Z [ERROR] eToro-Momentum-LS.DataEngine: Cannot subscribe bar aggregator: no aggregator found for FRO.ETORO-1-HOUR-MID-INTERNAL with key (FRO.ETORO-1-HOUR-MID-INTERNAL, None)
2026-06-08T20:00:02.650907035Z [ERROR] eToro-Momentum-LS.DataEngine: Cannot start bar aggregation: no instrument found for FRO.ETORO
2026-06-08T20:00:02.650907907Z [WARN] eToro-Momentum-LS.DataEngine: Cannot setup bar aggregator: no aggregator found for FRO.ETORO-1-HOUR-MID-INTERNAL with key (FRO.ETORO-1-HOUR-MID-INTERNAL, None)
2026-06-08T20:00:02.650908748Z [ERROR] eToro-Momentum-LS.DataEngine: Cannot subscribe bar aggregator: no aggregator found for FRO.ETORO-1-HOUR-MID-INTERNAL with key (FRO.ETORO-1-HOUR-MID-INTERNAL, None)
2026-06-08T20:00:02.650910391Z [ERROR] eToro-Momentum-LS.DataEngine: Cannot start bar aggregation: no instrument found for FRO.ETORO
2026-06-08T20:00:02.650911233Z [WARN] eToro-Momentum-LS.DataEngine: Cannot setup bar aggregator: no aggregator found for FRO.ETORO-1-HOUR-MID-INTERNAL with key (FRO.ETORO-1-HOUR-MID-INTERNAL, None)
2026-06-08T20:00:02.650912355Z [ERROR] eToro-Momentum-LS.DataEngine: Cannot subscribe bar aggregator: no aggregator found for FRO.ETORO-1-HOUR-MID-INTERNAL with key (FRO.ETORO-1-HOUR-MID-INTERNAL, None)
2026-06-08T20:00:02.650914179Z [ERROR] eToro-Momentum-LS.DataEngine: Cannot start bar aggregation: no instrument found for FRO.ETORO
2026-06-08T20:00:02.650915050Z [WARN] eToro-Momentum-LS.DataEngine: Cannot setup bar aggregator: no aggregator found for FRO.ETORO-1-HOUR-MID-INTERNAL with key (FRO.ETORO-1-HOUR-MID-INTERNAL, None)
2026-06-08T20:00:02.650917264Z [ERROR] eToro-Momentum-LS.DataEngine: Cannot subscribe bar aggregator: no aggregator found for FRO.ETORO-1-HOUR-MID-INTERNAL with key (FRO.ETORO-1-HOUR-MID-INTERNAL, None)
2026-06-08T20:00:02.650919869Z [ERROR] eToro-Momentum-LS.DataEngine: Cannot start bar aggregation: no instrument found for FRO.ETORO
2026-06-08T20:00:02.650921442Z [WARN] eToro-Momentum-LS.DataEngine: Cannot setup bar aggregator: no aggregator found for FRO.ETORO-1-HOUR-MID-INTERNAL with key (FRO.ETORO-1-HOUR-MID-INTERNAL, None)
2026-06-08T20:00:02.650923235Z [ERROR] eToro-Momentum-LS.DataEngine: Cannot subscribe bar aggregator: no aggregator found for FRO.ETORO-1-HOUR-MID-INTERNAL with key (FRO.ETORO-1-HOUR-MID-INTERNAL, None)
2026-06-08T20:00:02.650931992Z [ERROR] eToro-Momentum-LS.DataEngine: Cannot start bar aggregation: no instrument found for FRO.ETORO
2026-06-08T20:00:02.650933845Z [WARN] eToro-Momentum-LS.DataEngine: Cannot setup bar aggregator: no aggregator found for FRO.ETORO-1-HOUR-MID-INTERNAL with key (FRO.ETORO-1-HOUR-MID-INTERNAL, None)
2026-06-08T20:00:02.650935108Z [ERROR] eToro-Momentum-LS.DataEngine: Cannot subscribe bar aggregator: no aggregator found for FRO.ETORO-1-HOUR-MID-INTERNAL with key (FRO.ETORO-1-HOUR-MID-INTERNAL, None)
2026-06-08T20:00:02.650939867Z [ERROR] eToro-Momentum-LS.DataEngine: Cannot start bar aggregation: no instrument found for FRO.ETORO
2026-06-08T20:00:02.650941670Z [WARN] eToro-Momentum-LS.DataEngine: Cannot setup bar aggregator: no aggregator found for FRO.ETORO-1-HOUR-MID-INTERNAL with key (FRO.ETORO-1-HOUR-MID-INTERNAL, None)
2026-06-08T20:00:02.650943033Z [ERROR] eToro-Momentum-LS.DataEngine: Cannot subscribe bar aggregator: no aggregator found for FRO.ETORO-1-HOUR-MID-INTERNAL with key (FRO.ETORO-1-HOUR-MID-INTERNAL, None)
2026-06-08T20:00:02.650946669Z [ERROR] eToro-Momentum-LS.DataEngine: Cannot start bar aggregation: no instrument found for FRO.ETORO
2026-06-08T20:00:02.650948052Z [WARN] eToro-Momentum-LS.DataEngine: Cannot setup bar aggregator: no aggregator found for FRO.ETORO-1-HOUR-MID-INTERNAL with key (FRO.ETORO-1-HOUR-MID-INTERNAL, None)
2026-06-08T20:00:02.650949615Z [ERROR] eToro-Momentum-LS.DataEngine: Cannot subscribe bar aggregator: no aggregator found for FRO.ETORO-1-HOUR-MID-INTERNAL with key (FRO.ETORO-1-HOUR-MID-INTERNAL, None)
2026-06-08T20:00:02.650952400Z [ERROR] eToro-Momentum-LS.DataEngine: Cannot start bar aggregation: no instrument found for FRO.ETORO
2026-06-08T20:00:02.650954304Z [WARN] eToro-Momentum-LS.DataEngine: Cannot setup bar aggregator: no aggregator found for FRO.ETORO-1-HOUR-MID-INTERNAL with key (FRO.ETORO-1-HOUR-MID-INTERNAL, None)
2026-06-08T20:00:02.650955887Z [ERROR] eToro-Momentum-LS.DataEngine: Cannot subscribe bar aggregator: no aggregator found for FRO.ETORO-1-HOUR-MID-INTERNAL with key (FRO.ETORO-1-HOUR-MID-INTERNAL, None)
2026-06-08T20:00:02.650958431Z [ERROR] eToro-Momentum-LS.DataEngine: Cannot start bar aggregation: no instrument found for FRO.ETORO
2026-06-08T20:00:02.650960255Z [WARN] eToro-Momentum-LS.DataEngine: Cannot setup bar aggregator: no aggregator found for FRO.ETORO-1-HOUR-MID-INTERNAL with key (FRO.ETORO-1-HOUR-MID-INTERNAL, None)
2026-06-08T20:00:02.650961617Z [ERROR] eToro-Momentum-LS.DataEngine: Cannot subscribe bar aggregator: no aggregator found for FRO.ETORO-1-HOUR-MID-INTERNAL with key (FRO.ETORO-1-HOUR-MID-INTERNAL, None)
2026-06-08T20:00:02.650964803Z [ERROR] eToro-Momentum-LS.DataEngine: Cannot start bar aggregation: no instrument found for FRO.ETORO
2026-06-08T20:00:02.650966747Z [WARN] eToro-Momentum-LS.DataEngine: Cannot setup bar aggregator: no aggregator found for FRO.ETORO-1-HOUR-MID-INTERNAL with key (FRO.ETORO-1-HOUR-MID-INTERNAL, None)
2026-06-08T20:00:02.650968410Z [ERROR] eToro-Momentum-LS.DataEngine: Cannot subscribe bar aggregator: no aggregator found for FRO.ETORO-1-HOUR-MID-INTERNAL with key (FRO.ETORO-1-HOUR-MID-INTERNAL, None)
2026-06-08T20:00:02.650970935Z [ERROR] eToro-Momentum-LS.DataEngine: Cannot start bar aggregation: no instrument found for LQDA.ETORO
2026-06-08T20:00:02.650972648Z [WARN] eToro-Momentum-LS.DataEngine: Cannot setup bar aggregator: no aggregator found for LQDA.ETORO-1-HOUR-MID-INTERNAL with key (LQDA.ETORO-1-HOUR-MID-INTERNAL, None)
2026-06-08T20:00:02.650974371Z [ERROR] eToro-Momentum-LS.DataEngine: Cannot subscribe bar aggregator: no aggregator found for LQDA.ETORO-1-HOUR-MID-INTERNAL with key (LQDA.ETORO-1-HOUR-MID-INTERNAL, None)
2026-06-08T20:00:02.650976335Z [ERROR] eToro-Momentum-LS.DataEngine: Cannot start bar aggregation: no instrument found for LQDA.ETORO
2026-06-08T20:00:02.650977267Z [WARN] eToro-Momentum-LS.DataEngine: Cannot setup bar aggregator: no aggregator found for LQDA.ETORO-1-HOUR-MID-INTERNAL with key (LQDA.ETORO-1-HOUR-MID-INTERNAL, None)
2026-06-08T20:00:02.650979120Z [ERROR] eToro-Momentum-LS.DataEngine: Cannot subscribe bar aggregator: no aggregator found for LQDA.ETORO-1-HOUR-MID-INTERNAL with key (LQDA.ETORO-1-HOUR-MID-INTERNAL, None)
2026-06-08T20:00:02.650980843Z [ERROR] eToro-Momentum-LS.DataEngine: Cannot start bar aggregation: no instrument found for LQDA.ETORO
2026-06-08T20:00:02.650982106Z [WARN] eToro-Momentum-LS.DataEngine: Cannot setup bar aggregator: no aggregator found for LQDA.ETORO-1-HOUR-MID-INTERNAL with key (LQDA.ETORO-1-HOUR-MID-INTERNAL, None)
2026-06-08T20:00:02.650983328Z [ERROR] eToro-Momentum-LS.DataEngine: Cannot subscribe bar aggregator: no aggregator found for LQDA.ETORO-1-HOUR-MID-INTERNAL with key (LQDA.ETORO-1-HOUR-MID-INTERNAL, None)
2026-06-08T20:00:02.650985091Z [ERROR] eToro-Momentum-LS.DataEngine: Cannot start bar aggregation: no instrument found for LQDA.ETORO
2026-06-08T20:00:02.650986003Z [WARN] eToro-Momentum-LS.DataEngine: Cannot setup bar aggregator: no aggregator found for LQDA.ETORO-1-HOUR-MID-INTERNAL with key (LQDA.ETORO-1-HOUR-MID-INTERNAL, None)
2026-06-08T20:00:02.650986865Z [ERROR] eToro-Momentum-LS.DataEngine: Cannot subscribe bar aggregator: no aggregator found for LQDA.ETORO-1-HOUR-MID-INTERNAL with key (LQDA.ETORO-1-HOUR-MID-INTERNAL, None)
2026-06-08T20:00:02.650994619Z [ERROR] eToro-Momentum-LS.DataEngine: Cannot start bar aggregation: no instrument found for LQDA.ETORO
2026-06-08T20:00:02.650995781Z [WARN] eToro-Momentum-LS.DataEngine: Cannot setup bar aggregator: no aggregator found for LQDA.ETORO-1-HOUR-MID-INTERNAL with key (LQDA.ETORO-1-HOUR-MID-INTERNAL, None)
2026-06-08T20:00:02.650999098Z [ERROR] eToro-Momentum-LS.DataEngine: Cannot subscribe bar aggregator: no aggregator found for LQDA.ETORO-1-HOUR-MID-INTERNAL with key (LQDA.ETORO-1-HOUR-MID-INTERNAL, None)
2026-06-08T20:00:02.651000741Z [ERROR] eToro-Momentum-LS.DataEngine: Cannot start bar aggregation: no instrument found for LQDA.ETORO
2026-06-08T20:00:02.651004107Z [WARN] eToro-Momentum-LS.DataEngine: Cannot setup bar aggregator: no aggregator found for LQDA.ETORO-1-HOUR-MID-INTERNAL with key (LQDA.ETORO-1-HOUR-MID-INTERNAL, None)
2026-06-08T20:00:02.651004979Z [ERROR] eToro-Momentum-LS.DataEngine: Cannot subscribe bar aggregator: no aggregator found for LQDA.ETORO-1-HOUR-MID-INTERNAL with key (LQDA.ETORO-1-HOUR-MID-INTERNAL, None)
2026-06-08T20:00:02.651006782Z [ERROR] eToro-Momentum-LS.DataEngine: Cannot start bar aggregation: no instrument found for LQDA.ETORO
2026-06-08T20:00:02.651007634Z [WARN] eToro-Momentum-LS.DataEngine: Cannot setup bar aggregator: no aggregator found for LQDA.ETORO-1-HOUR-MID-INTERNAL with key (LQDA.ETORO-1-HOUR-MID-INTERNAL, None)
2026-06-08T20:00:02.651008636Z [ERROR] eToro-Momentum-LS.DataEngine: Cannot subscribe bar aggregator: no aggregator found for LQDA.ETORO-1-HOUR-MID-INTERNAL with key (LQDA.ETORO-1-HOUR-MID-INTERNAL, None)
2026-06-08T20:00:02.651010379Z [ERROR] eToro-Momentum-LS.DataEngine: Cannot start bar aggregation: no instrument found for LQDA.ETORO
2026-06-08T20:00:02.651011200Z [WARN] eToro-Momentum-LS.DataEngine: Cannot setup bar aggregator: no aggregator found for LQDA.ETORO-1-HOUR-MID-INTERNAL with key (LQDA.ETORO-1-HOUR-MID-INTERNAL, None)
2026-06-08T20:00:02.651012012Z [ERROR] eToro-Momentum-LS.DataEngine: Cannot subscribe bar aggregator: no aggregator found for LQDA.ETORO-1-HOUR-MID-INTERNAL with key (LQDA.ETORO-1-HOUR-MID-INTERNAL, None)
2026-06-08T20:00:02.651016390Z [ERROR] eToro-Momentum-LS.DataEngine: Cannot start bar aggregation: no instrument found for LQDA.ETORO
2026-06-08T20:00:02.651017272Z [WARN] eToro-Momentum-LS.DataEngine: Cannot setup bar aggregator: no aggregator found for LQDA.ETORO-1-HOUR-MID-INTERNAL with key (LQDA.ETORO-1-HOUR-MID-INTERNAL, None)
2026-06-08T20:00:02.651020618Z [ERROR] eToro-Momentum-LS.DataEngine: Cannot subscribe bar aggregator: no aggregator found for LQDA.ETORO-1-HOUR-MID-INTERNAL with key (LQDA.ETORO-1-HOUR-MID-INTERNAL, None)
2026-06-08T20:00:02.651022502Z [ERROR] eToro-Momentum-LS.DataEngine: Cannot start bar aggregation: no instrument found for LQDA.ETORO
2026-06-08T20:00:02.651023483Z [WARN] eToro-Momentum-LS.DataEngine: Cannot setup bar aggregator: no aggregator found for LQDA.ETORO-1-HOUR-MID-INTERNAL with key (LQDA.ETORO-1-HOUR-MID-INTERNAL, None)
2026-06-08T20:00:02.651024555Z [ERROR] eToro-Momentum-LS.DataEngine: Cannot subscribe bar aggregator: no aggregator found for LQDA.ETORO-1-HOUR-MID-INTERNAL with key (LQDA.ETORO-1-HOUR-MID-INTERNAL, None)
2026-06-08T20:00:02.651026539Z [ERROR] eToro-Momentum-LS.DataEngine: Cannot start bar aggregation: no instrument found for LQDA.ETORO
2026-06-08T20:00:02.651027401Z [WARN] eToro-Momentum-LS.DataEngine: Cannot setup bar aggregator: no aggregator found for LQDA.ETORO-1-HOUR-MID-INTERNAL with key (LQDA.ETORO-1-HOUR-MID-INTERNAL, None)
2026-06-08T20:00:02.651028282Z [ERROR] eToro-Momentum-LS.DataEngine: Cannot subscribe bar aggregator: no aggregator found for LQDA.ETORO-1-HOUR-MID-INTERNAL with key (LQDA.ETORO-1-HOUR-MID-INTERNAL, None)
2026-06-08T20:00:02.651030086Z [ERROR] eToro-Momentum-LS.DataEngine: Cannot start bar aggregation: no instrument found for LQDA.ETORO
2026-06-08T20:00:02.651031038Z [WARN] eToro-Momentum-LS.DataEngine: Cannot setup bar aggregator: no aggregator found for LQDA.ETORO-1-HOUR-MID-INTERNAL with key (LQDA.ETORO-1-HOUR-MID-INTERNAL, None)
2026-06-08T20:00:02.651031939Z [ERROR] eToro-Momentum-LS.DataEngine: Cannot subscribe bar aggregator: no aggregator found for LQDA.ETORO-1-HOUR-MID-INTERNAL with key (LQDA.ETORO-1-HOUR-MID-INTERNAL, None)
2026-06-08T20:00:02.651033562Z [ERROR] eToro-Momentum-LS.DataEngine: Cannot start bar aggregation: no instrument found for LQDA.ETORO
2026-06-08T20:00:02.651036398Z [WARN] eToro-Momentum-LS.DataEngine: Cannot setup bar aggregator: no aggregator found for LQDA.ETORO-1-HOUR-MID-INTERNAL with key (LQDA.ETORO-1-HOUR-MID-INTERNAL, None)
2026-06-08T20:00:02.651037249Z [ERROR] eToro-Momentum-LS.DataEngine: Cannot subscribe bar aggregator: no aggregator found for LQDA.ETORO-1-HOUR-MID-INTERNAL with key (LQDA.ETORO-1-HOUR-MID-INTERNAL, None)
2026-06-08T20:00:02.651038912Z [ERROR] eToro-Momentum-LS.DataEngine: Cannot start bar aggregation: no instrument found for LQDA.ETORO
2026-06-08T20:00:02.651039774Z [WARN] eToro-Momentum-LS.DataEngine: Cannot setup bar aggregator: no aggregator found for LQDA.ETORO-1-HOUR-MID-INTERNAL with key (LQDA.ETORO-1-HOUR-MID-INTERNAL, None)
2026-06-08T20:00:02.651042599Z [ERROR] eToro-Momentum-LS.DataEngine: Cannot subscribe bar aggregator: no aggregator found for LQDA.ETORO-1-HOUR-MID-INTERNAL with key (LQDA.ETORO-1-HOUR-MID-INTERNAL, None)
2026-06-08T20:00:02.651044322Z [ERROR] eToro-Momentum-LS.DataEngine: Cannot start bar aggregation: no instrument found for LQDA.ETORO
2026-06-08T20:00:02.651045234Z [WARN] eToro-Momentum-LS.DataEngine: Cannot setup bar aggregator: no aggregator found for LQDA.ETORO-1-HOUR-MID-INTERNAL with key (LQDA.ETORO-1-HOUR-MID-INTERNAL, None)
2026-06-08T20:00:02.651048751Z [ERROR] eToro-Momentum-LS.DataEngine: Cannot subscribe bar aggregator: no aggregator found for LQDA.ETORO-1-HOUR-MID-INTERNAL with key (LQDA.ETORO-1-HOUR-MID-INTERNAL, None)
2026-06-08T20:00:02.651050474Z [ERROR] eToro-Momentum-LS.DataEngine: Cannot start bar aggregation: no instrument found for LQDA.ETORO
2026-06-08T20:00:02.651051346Z [WARN] eToro-Momentum-LS.DataEngine: Cannot setup bar aggregator: no aggregator found for LQDA.ETORO-1-HOUR-MID-INTERNAL with key (LQDA.ETORO-1-HOUR-MID-INTERNAL, None)
2026-06-08T20:00:02.651061294Z [ERROR] eToro-Momentum-LS.DataEngine: Cannot subscribe bar aggregator: no aggregator found for LQDA.ETORO-1-HOUR-MID-INTERNAL with key (LQDA.ETORO-1-HOUR-MID-INTERNAL, None)
2026-06-08T20:00:02.651063138Z [ERROR] eToro-Momentum-LS.DataEngine: Cannot start bar aggregation: no instrument found for LQDA.ETORO
2026-06-08T20:00:02.651064070Z [WARN] eToro-Momentum-LS.DataEngine: Cannot setup bar aggregator: no aggregator found for LQDA.ETORO-1-HOUR-MID-INTERNAL with key (LQDA.ETORO-1-HOUR-MID-INTERNAL, None)
2026-06-08T20:00:02.651064921Z [ERROR] eToro-Momentum-LS.DataEngine: Cannot subscribe bar aggregator: no aggregator found for LQDA.ETORO-1-HOUR-MID-INTERNAL with key (LQDA.ETORO-1-HOUR-MID-INTERNAL, None)
2026-06-08T20:00:02.651067085Z [ERROR] eToro-Momentum-LS.DataEngine: Cannot start bar aggregation: no instrument found for LQDA.ETORO
2026-06-08T20:00:02.651068037Z [WARN] eToro-Momentum-LS.DataEngine: Cannot setup bar aggregator: no aggregator found for LQDA.ETORO-1-HOUR-MID-INTERNAL with key (LQDA.ETORO-1-HOUR-MID-INTERNAL, None)
2026-06-08T20:00:02.651068949Z [ERROR] eToro-Momentum-LS.DataEngine: Cannot subscribe bar aggregator: no aggregator found for LQDA.ETORO-1-HOUR-MID-INTERNAL with key (LQDA.ETORO-1-HOUR-MID-INTERNAL, None)
2026-06-08T20:00:02.651070582Z [ERROR] eToro-Momentum-LS.DataEngine: Cannot start bar aggregation: no instrument found for LQDA.ETORO
2026-06-08T20:00:02.651071403Z [WARN] eToro-Momentum-LS.DataEngine: Cannot setup bar aggregator: no aggregator found for LQDA.ETORO-1-HOUR-MID-INTERNAL with key (LQDA.ETORO-1-HOUR-MID-INTERNAL, None)
2026-06-08T20:00:02.651072215Z [ERROR] eToro-Momentum-LS.DataEngine: Cannot subscribe bar aggregator: no aggregator found for LQDA.ETORO-1-HOUR-MID-INTERNAL with key (LQDA.ETORO-1-HOUR-MID-INTERNAL, None)
2026-06-08T20:00:02.651120405Z [DEBUG] eToro-Momentum-LS.DataEngine: Created aggregator for key=(BarType(MTZ.ETORO-1-HOUR-MID-INTERNAL), None)
2026-06-08T20:00:02.651151253Z [DEBUG] eToro-Momentum-LS.MessageBus: Added Subscription(topic=data.quotes.ETORO.MTZ, handler=<bound method BarAggregator.handle_quote_tick of <nautilus_trader.data.aggregation.TimeBarAggregator object at 0x7991cf571d80>>, priority=5)
2026-06-08T20:00:02.651233848Z [DEBUG] eToro-Momentum-LS.nautilus_common::live::timer: Creating timer 'TIME_BAR_MTZ.ETORO-1-HOUR-MID-INTERNAL'
2026-06-08T20:00:02.651254386Z [DEBUG] eToro-Momentum-LS.TimeBarAggregator: [start_timer] fire_immediately=False, _skip_first_non_full_bar=False, now=2026-06-08 20:00:02.651153056+00:00, start_time=2026-06-08 20:00:00+00:00, first_close_ns=1970-01-01 00:00:00+00:00, next_close_ns=2026-06-08 21:00:00+00:00
2026-06-08T20:00:02.651271048Z [WARN] eToro-Momentum-LS.DataEngine: Aggregator for MTZ.ETORO-1-HOUR-MID-INTERNAL is currently in use, subscription can't be started.
2026-06-08T20:00:02.651273833Z [WARN] eToro-Momentum-LS.DataEngine: Aggregator for MTZ.ETORO-1-HOUR-MID-INTERNAL is currently in use, subscription can't be started.
2026-06-08T20:00:02.651276107Z [WARN] eToro-Momentum-LS.DataEngine: Aggregator for MTZ.ETORO-1-HOUR-MID-INTERNAL is currently in use, subscription can't be started.
2026-06-08T20:00:02.651278231Z [WARN] eToro-Momentum-LS.DataEngine: Aggregator for MTZ.ETORO-1-HOUR-MID-INTERNAL is currently in use, subscription can't be started.
2026-06-08T20:00:02.651288039Z [WARN] eToro-Momentum-LS.DataEngine: Aggregator for MTZ.ETORO-1-HOUR-MID-INTERNAL is currently in use, subscription can't be started.
2026-06-08T20:00:02.651290153Z [WARN] eToro-Momentum-LS.DataEngine: Aggregator for MTZ.ETORO-1-HOUR-MID-INTERNAL is currently in use, subscription can't be started.
2026-06-08T20:00:02.651292227Z [WARN] eToro-Momentum-LS.DataEngine: Aggregator for MTZ.ETORO-1-HOUR-MID-INTERNAL is currently in use, subscription can't be started.
2026-06-08T20:00:02.651294632Z [WARN] eToro-Momentum-LS.DataEngine: Aggregator for MTZ.ETORO-1-HOUR-MID-INTERNAL is currently in use, subscription can't be started.
2026-06-08T20:00:02.651299180Z [WARN] eToro-Momentum-LS.DataEngine: Aggregator for MTZ.ETORO-1-HOUR-MID-INTERNAL is currently in use, subscription can't be started.
2026-06-08T20:00:02.651301404Z [WARN] eToro-Momentum-LS.DataEngine: Aggregator for MTZ.ETORO-1-HOUR-MID-INTERNAL is currently in use, subscription can't be started.
2026-06-08T20:00:02.651303599Z [WARN] eToro-Momentum-LS.DataEngine: Aggregator for MTZ.ETORO-1-HOUR-MID-INTERNAL is currently in use, subscription can't be started.
2026-06-08T20:00:02.651305753Z [WARN] eToro-Momentum-LS.DataEngine: Aggregator for MTZ.ETORO-1-HOUR-MID-INTERNAL is currently in use, subscription can't be started.
2026-06-08T20:00:02.651307796Z [WARN] eToro-Momentum-LS.DataEngine: Aggregator for MTZ.ETORO-1-HOUR-MID-INTERNAL is currently in use, subscription can't be started.
2026-06-08T20:00:02.651309780Z [WARN] eToro-Momentum-LS.DataEngine: Aggregator for MTZ.ETORO-1-HOUR-MID-INTERNAL is currently in use, subscription can't be started.
2026-06-08T20:00:02.651311784Z [WARN] eToro-Momentum-LS.DataEngine: Aggregator for MTZ.ETORO-1-HOUR-MID-INTERNAL is currently in use, subscription can't be started.
2026-06-08T20:00:02.651313677Z [WARN] eToro-Momentum-LS.DataEngine: Aggregator for MTZ.ETORO-1-HOUR-MID-INTERNAL is currently in use, subscription can't be started.
2026-06-08T20:00:02.651318336Z [ERROR] eToro-Momentum-LS.DataEngine: Cannot start bar aggregation: no instrument found for FDX.ETORO
2026-06-08T20:00:02.651320420Z [WARN] eToro-Momentum-LS.DataEngine: Cannot setup bar aggregator: no aggregator found for FDX.ETORO-1-HOUR-MID-INTERNAL with key (FDX.ETORO-1-HOUR-MID-INTERNAL, None)
2026-06-08T20:00:02.651323676Z [ERROR] eToro-Momentum-LS.DataEngine: Cannot subscribe bar aggregator: no aggregator found for FDX.ETORO-1-HOUR-MID-INTERNAL with key (FDX.ETORO-1-HOUR-MID-INTERNAL, None)
2026-06-08T20:00:02.651325920Z [ERROR] eToro-Momentum-LS.DataEngine: Cannot start bar aggregation: no instrument found for FDX.ETORO
2026-06-08T20:00:02.651326972Z [WARN] eToro-Momentum-LS.DataEngine: Cannot setup bar aggregator: no aggregator found for FDX.ETORO-1-HOUR-MID-INTERNAL with key (FDX.ETORO-1-HOUR-MID-INTERNAL, None)
2026-06-08T20:00:02.651327864Z [ERROR] eToro-Momentum-LS.DataEngine: Cannot subscribe bar aggregator: no aggregator found for FDX.ETORO-1-HOUR-MID-INTERNAL with key (FDX.ETORO-1-HOUR-MID-INTERNAL, None)
2026-06-08T20:00:02.651329718Z [ERROR] eToro-Momentum-LS.DataEngine: Cannot start bar aggregation: no instrument found for FDX.ETORO
2026-06-08T20:00:02.651331020Z [WARN] eToro-Momentum-LS.DataEngine: Cannot setup bar aggregator: no aggregator found for FDX.ETORO-1-HOUR-MID-INTERNAL with key (FDX.ETORO-1-HOUR-MID-INTERNAL, None)
2026-06-08T20:00:02.651332022Z [ERROR] eToro-Momentum-LS.DataEngine: Cannot subscribe bar aggregator: no aggregator found for FDX.ETORO-1-HOUR-MID-INTERNAL with key (FDX.ETORO-1-HOUR-MID-INTERNAL, None)
2026-06-08T20:00:02.651333815Z [ERROR] eToro-Momentum-LS.DataEngine: Cannot start bar aggregation: no instrument found for FDX.ETORO
2026-06-08T20:00:02.651334667Z [WARN] eToro-Momentum-LS.DataEngine: Cannot setup bar aggregator: no aggregator found for FDX.ETORO-1-HOUR-MID-INTERNAL with key (FDX.ETORO-1-HOUR-MID-INTERNAL, None)
2026-06-08T20:00:02.651335749Z [ERROR] eToro-Momentum-LS.DataEngine: Cannot subscribe bar aggregator: no aggregator found for FDX.ETORO-1-HOUR-MID-INTERNAL with key (FDX.ETORO-1-HOUR-MID-INTERNAL, None)
2026-06-08T20:00:02.651338083Z [ERROR] eToro-Momentum-LS.DataEngine: Cannot start bar aggregation: no instrument found for FDX.ETORO
2026-06-08T20:00:02.651339125Z [WARN] eToro-Momentum-LS.DataEngine: Cannot setup bar aggregator: no aggregator found for FDX.ETORO-1-HOUR-MID-INTERNAL with key (FDX.ETORO-1-HOUR-MID-INTERNAL, None)
2026-06-08T20:00:02.651339947Z [ERROR] eToro-Momentum-LS.DataEngine: Cannot subscribe bar aggregator: no aggregator found for FDX.ETORO-1-HOUR-MID-INTERNAL with key (FDX.ETORO-1-HOUR-MID-INTERNAL, None)
2026-06-08T20:00:02.651345116Z [ERROR] eToro-Momentum-LS.DataEngine: Cannot start bar aggregation: no instrument found for FDX.ETORO
2026-06-08T20:00:02.651346078Z [WARN] eToro-Momentum-LS.DataEngine: Cannot setup bar aggregator: no aggregator found for FDX.ETORO-1-HOUR-MID-INTERNAL with key (FDX.ETORO-1-HOUR-MID-INTERNAL, None)
2026-06-08T20:00:02.651346930Z [ERROR] eToro-Momentum-LS.DataEngine: Cannot subscribe bar aggregator: no aggregator found for FDX.ETORO-1-HOUR-MID-INTERNAL with key (FDX.ETORO-1-HOUR-MID-INTERNAL, None)
2026-06-08T20:00:02.651350466Z [ERROR] eToro-Momentum-LS.DataEngine: Cannot start bar aggregation: no instrument found for FDX.ETORO
2026-06-08T20:00:02.651351358Z [WARN] eToro-Momentum-LS.DataEngine: Cannot setup bar aggregator: no aggregator found for FDX.ETORO-1-HOUR-MID-INTERNAL with key (FDX.ETORO-1-HOUR-MID-INTERNAL, None)
2026-06-08T20:00:02.651352200Z [ERROR] eToro-Momentum-LS.DataEngine: Cannot subscribe bar aggregator: no aggregator found for FDX.ETORO-1-HOUR-MID-INTERNAL with key (FDX.ETORO-1-HOUR-MID-INTERNAL, None)
2026-06-08T20:00:02.651354354Z [ERROR] eToro-Momentum-LS.DataEngine: Cannot start bar aggregation: no instrument found for FDX.ETORO
2026-06-08T20:00:02.651357089Z [WARN] eToro-Momentum-LS.DataEngine: Cannot setup bar aggregator: no aggregator found for FDX.ETORO-1-HOUR-MID-INTERNAL with key (FDX.ETORO-1-HOUR-MID-INTERNAL, None)
2026-06-08T20:00:02.651357920Z [ERROR] eToro-Momentum-LS.DataEngine: Cannot subscribe bar aggregator: no aggregator found for FDX.ETORO-1-HOUR-MID-INTERNAL with key (FDX.ETORO-1-HOUR-MID-INTERNAL, None)
2026-06-08T20:00:02.651360014Z [ERROR] eToro-Momentum-LS.DataEngine: Cannot start bar aggregation: no instrument found for AMKR.ETORO
2026-06-08T20:00:02.651362629Z [WARN] eToro-Momentum-LS.DataEngine: Cannot setup bar aggregator: no aggregator found for AMKR.ETORO-1-HOUR-MID-INTERNAL with key (AMKR.ETORO-1-HOUR-MID-INTERNAL, None)
2026-06-08T20:00:02.651363451Z [ERROR] eToro-Momentum-LS.DataEngine: Cannot subscribe bar aggregator: no aggregator found for AMKR.ETORO-1-HOUR-MID-INTERNAL with key (AMKR.ETORO-1-HOUR-MID-INTERNAL, None)
2026-06-08T20:00:02.651368540Z [ERROR] eToro-Momentum-LS.DataEngine: Cannot start bar aggregation: no instrument found for AMKR.ETORO
2026-06-08T20:00:02.651369522Z [WARN] eToro-Momentum-LS.DataEngine: Cannot setup bar aggregator: no aggregator found for AMKR.ETORO-1-HOUR-MID-INTERNAL with key (AMKR.ETORO-1-HOUR-MID-INTERNAL, None)
2026-06-08T20:00:02.651370384Z [ERROR] eToro-Momentum-LS.DataEngine: Cannot subscribe bar aggregator: no aggregator found for AMKR.ETORO-1-HOUR-MID-INTERNAL with key (AMKR.ETORO-1-HOUR-MID-INTERNAL, None)
2026-06-08T20:00:02.651374351Z [ERROR] eToro-Momentum-LS.DataEngine: Cannot start bar aggregation: no instrument found for AMKR.ETORO
2026-06-08T20:00:02.651375263Z [WARN] eToro-Momentum-LS.DataEngine: Cannot setup bar aggregator: no aggregator found for AMKR.ETORO-1-HOUR-MID-INTERNAL with key (AMKR.ETORO-1-HOUR-MID-INTERNAL, None)
2026-06-08T20:00:02.651378499Z [ERROR] eToro-Momentum-LS.DataEngine: Cannot subscribe bar aggregator: no aggregator found for AMKR.ETORO-1-HOUR-MID-INTERNAL with key (AMKR.ETORO-1-HOUR-MID-INTERNAL, None)
2026-06-08T20:00:02.651380202Z [ERROR] eToro-Momentum-LS.DataEngine: Cannot start bar aggregation: no instrument found for AMKR.ETORO
2026-06-08T20:00:02.651381074Z [WARN] eToro-Momentum-LS.DataEngine: Cannot setup bar aggregator: no aggregator found for AMKR.ETORO-1-HOUR-MID-INTERNAL with key (AMKR.ETORO-1-HOUR-MID-INTERNAL, None)
2026-06-08T20:00:02.651382156Z [ERROR] eToro-Momentum-LS.DataEngine: Cannot subscribe bar aggregator: no aggregator found for AMKR.ETORO-1-HOUR-MID-INTERNAL with key (AMKR.ETORO-1-HOUR-MID-INTERNAL, None)
2026-06-08T20:00:02.651384059Z [ERROR] eToro-Momentum-LS.DataEngine: Cannot start bar aggregation: no instrument found for AMKR.ETORO
2026-06-08T20:00:02.651384931Z [WARN] eToro-Momentum-LS.DataEngine: Cannot setup bar aggregator: no aggregator found for AMKR.ETORO-1-HOUR-MID-INTERNAL with key (AMKR.ETORO-1-HOUR-MID-INTERNAL, None)
2026-06-08T20:00:02.651385833Z [ERROR] eToro-Momentum-LS.DataEngine: Cannot subscribe bar aggregator: no aggregator found for AMKR.ETORO-1-HOUR-MID-INTERNAL with key (AMKR.ETORO-1-HOUR-MID-INTERNAL, None)
2026-06-08T20:00:02.651391032Z [ERROR] eToro-Momentum-LS.DataEngine: Cannot start bar aggregation: no instrument found for AMKR.ETORO
2026-06-08T20:00:02.651391984Z [WARN] eToro-Momentum-LS.DataEngine: Cannot setup bar aggregator: no aggregator found for AMKR.ETORO-1-HOUR-MID-INTERNAL with key (AMKR.ETORO-1-HOUR-MID-INTERNAL, None)
2026-06-08T20:00:02.651392836Z [ERROR] eToro-Momentum-LS.DataEngine: Cannot subscribe bar aggregator: no aggregator found for AMKR.ETORO-1-HOUR-MID-INTERNAL with key (AMKR.ETORO-1-HOUR-MID-INTERNAL, None)
2026-06-08T20:00:02.651397805Z [ERROR] eToro-Momentum-LS.DataEngine: Cannot start bar aggregation: no instrument found for AMKR.ETORO
2026-06-08T20:00:02.651403406Z [WARN] eToro-Momentum-LS.DataEngine: Cannot setup bar aggregator: no aggregator found for AMKR.ETORO-1-HOUR-MID-INTERNAL with key (AMKR.ETORO-1-HOUR-MID-INTERNAL, None)
2026-06-08T20:00:02.651406071Z [ERROR] eToro-Momentum-LS.DataEngine: Cannot subscribe bar aggregator: no aggregator found for AMKR.ETORO-1-HOUR-MID-INTERNAL with key (AMKR.ETORO-1-HOUR-MID-INTERNAL, None)
2026-06-08T20:00:02.651410038Z [ERROR] eToro-Momentum-LS.DataEngine: Cannot start bar aggregation: no instrument found for AMKR.ETORO
2026-06-08T20:00:02.651414076Z [WARN] eToro-Momentum-LS.DataEngine: Cannot setup bar aggregator: no aggregator found for AMKR.ETORO-1-HOUR-MID-INTERNAL with key (AMKR.ETORO-1-HOUR-MID-INTERNAL, None)
2026-06-08T20:00:02.651415027Z [ERROR] eToro-Momentum-LS.DataEngine: Cannot subscribe bar aggregator: no aggregator found for AMKR.ETORO-1-HOUR-MID-INTERNAL with key (AMKR.ETORO-1-HOUR-MID-INTERNAL, None)
2026-06-08T20:00:02.651418744Z [ERROR] eToro-Momentum-LS.DataEngine: Cannot start bar aggregation: no instrument found for AMKR.ETORO
2026-06-08T20:00:02.651419696Z [WARN] eToro-Momentum-LS.DataEngine: Cannot setup bar aggregator: no aggregator found for AMKR.ETORO-1-HOUR-MID-INTERNAL with key (AMKR.ETORO-1-HOUR-MID-INTERNAL, None)
2026-06-08T20:00:02.651420508Z [ERROR] eToro-Momentum-LS.DataEngine: Cannot subscribe bar aggregator: no aggregator found for AMKR.ETORO-1-HOUR-MID-INTERNAL with key (AMKR.ETORO-1-HOUR-MID-INTERNAL, None)
2026-06-08T20:00:02.651425968Z [ERROR] eToro-Momentum-LS.DataEngine: Cannot start bar aggregation: no instrument found for AMKR.ETORO
2026-06-08T20:00:02.651426950Z [WARN] eToro-Momentum-LS.DataEngine: Cannot setup bar aggregator: no aggregator found for AMKR.ETORO-1-HOUR-MID-INTERNAL with key (AMKR.ETORO-1-HOUR-MID-INTERNAL, None)
2026-06-08T20:00:02.651430827Z [ERROR] eToro-Momentum-LS.DataEngine: Cannot subscribe bar aggregator: no aggregator found for AMKR.ETORO-1-HOUR-MID-INTERNAL with key (AMKR.ETORO-1-HOUR-MID-INTERNAL, None)
2026-06-08T20:00:02.651451225Z [DEBUG] eToro-Momentum-LS.DataEngine: Created aggregator for key=(BarType(SE.ETORO-1-HOUR-MID-INTERNAL), None)
2026-06-08T20:00:02.651468388Z [DEBUG] eToro-Momentum-LS.MessageBus: Added Subscription(topic=data.quotes.ETORO.SE, handler=<bound method BarAggregator.handle_quote_tick of <nautilus_trader.data.aggregation.TimeBarAggregator object at 0x7991cf573d00>>, priority=5)
2026-06-08T20:00:02.651516929Z [DEBUG] eToro-Momentum-LS.nautilus_common::live::timer: Creating timer 'TIME_BAR_SE.ETORO-1-HOUR-MID-INTERNAL'
2026-06-08T20:00:02.651531436Z [DEBUG] eToro-Momentum-LS.TimeBarAggregator: [start_timer] fire_immediately=False, _skip_first_non_full_bar=False, now=2026-06-08 20:00:02.651469640+00:00, start_time=2026-06-08 20:00:00+00:00, first_close_ns=1970-01-01 00:00:00+00:00, next_close_ns=2026-06-08 21:00:00+00:00
2026-06-08T20:00:02.651549610Z [WARN] eToro-Momentum-LS.DataEngine: Aggregator for SE.ETORO-1-HOUR-MID-INTERNAL is currently in use, subscription can't be started.
2026-06-08T20:00:02.651554319Z [WARN] eToro-Momentum-LS.DataEngine: Aggregator for SE.ETORO-1-HOUR-MID-INTERNAL is currently in use, subscription can't be started.
2026-06-08T20:00:02.651557785Z [WARN] eToro-Momentum-LS.DataEngine: Aggregator for SE.ETORO-1-HOUR-MID-INTERNAL is currently in use, subscription can't be started.
2026-06-08T20:00:02.651560039Z [WARN] eToro-Momentum-LS.DataEngine: Aggregator for SE.ETORO-1-HOUR-MID-INTERNAL is currently in use, subscription can't be started.
2026-06-08T20:00:02.651562494Z [WARN] eToro-Momentum-LS.DataEngine: Aggregator for SE.ETORO-1-HOUR-MID-INTERNAL is currently in use, subscription can't be started.
2026-06-08T20:00:02.651566912Z [WARN] eToro-Momentum-LS.DataEngine: Aggregator for SE.ETORO-1-HOUR-MID-INTERNAL is currently in use, subscription can't be started.
2026-06-08T20:00:02.651569347Z [WARN] eToro-Momentum-LS.DataEngine: Aggregator for SE.ETORO-1-HOUR-MID-INTERNAL is currently in use, subscription can't be started.
2026-06-08T20:00:02.651571902Z [ERROR] eToro-Momentum-LS.DataEngine: Cannot start bar aggregation: no instrument found for ASX.ETORO
2026-06-08T20:00:02.651575278Z [WARN] eToro-Momentum-LS.DataEngine: Cannot setup bar aggregator: no aggregator found for ASX.ETORO-1-HOUR-MID-INTERNAL with key (ASX.ETORO-1-HOUR-MID-INTERNAL, None)
2026-06-08T20:00:02.651576530Z [ERROR] eToro-Momentum-LS.DataEngine: Cannot subscribe bar aggregator: no aggregator found for ASX.ETORO-1-HOUR-MID-INTERNAL with key (ASX.ETORO-1-HOUR-MID-INTERNAL, None)
2026-06-08T20:00:02.651578624Z [ERROR] eToro-Momentum-LS.DataEngine: Cannot start bar aggregation: no instrument found for ASX.ETORO
2026-06-08T20:00:02.651581600Z [WARN] eToro-Momentum-LS.DataEngine: Cannot setup bar aggregator: no aggregator found for ASX.ETORO-1-HOUR-MID-INTERNAL with key (ASX.ETORO-1-HOUR-MID-INTERNAL, None)
2026-06-08T20:00:02.651582552Z [ERROR] eToro-Momentum-LS.DataEngine: Cannot subscribe bar aggregator: no aggregator found for ASX.ETORO-1-HOUR-MID-INTERNAL with key (ASX.ETORO-1-HOUR-MID-INTERNAL, None)
2026-06-08T20:00:02.651584215Z [ERROR] eToro-Momentum-LS.DataEngine: Cannot start bar aggregation: no instrument found for ASX.ETORO
2026-06-08T20:00:02.651587050Z [WARN] eToro-Momentum-LS.DataEngine: Cannot setup bar aggregator: no aggregator found for ASX.ETORO-1-HOUR-MID-INTERNAL with key (ASX.ETORO-1-HOUR-MID-INTERNAL, None)
2026-06-08T20:00:02.651588002Z [ERROR] eToro-Momentum-LS.DataEngine: Cannot subscribe bar aggregator: no aggregator found for ASX.ETORO-1-HOUR-MID-INTERNAL with key (ASX.ETORO-1-HOUR-MID-INTERNAL, None)
2026-06-08T20:00:02.651589775Z [ERROR] eToro-Momentum-LS.DataEngine: Cannot start bar aggregation: no instrument found for ASX.ETORO
2026-06-08T20:00:02.651593702Z [WARN] eToro-Momentum-LS.DataEngine: Cannot setup bar aggregator: no aggregator found for ASX.ETORO-1-HOUR-MID-INTERNAL with key (ASX.ETORO-1-HOUR-MID-INTERNAL, None)
2026-06-08T20:00:02.651594684Z [ERROR] eToro-Momentum-LS.DataEngine: Cannot subscribe bar aggregator: no aggregator found for ASX.ETORO-1-HOUR-MID-INTERNAL with key (ASX.ETORO-1-HOUR-MID-INTERNAL, None)
2026-06-08T20:00:02.651612317Z [DEBUG] eToro-Momentum-LS.DataEngine: Created aggregator for key=(BarType(SQM.ETORO-1-HOUR-MID-INTERNAL), None)
2026-06-08T20:00:02.651630391Z [DEBUG] eToro-Momentum-LS.MessageBus: Added Subscription(topic=data.quotes.ETORO.SQM, handler=<bound method BarAggregator.handle_quote_tick of <nautilus_trader.data.aggregation.TimeBarAggregator object at 0x7991ce9cd540>>, priority=5)
2026-06-08T20:00:02.651661399Z [DEBUG] eToro-Momentum-LS.nautilus_common::live::timer: Creating timer 'TIME_BAR_SQM.ETORO-1-HOUR-MID-INTERNAL'
2026-06-08T20:00:02.651672861Z [DEBUG] eToro-Momentum-LS.TimeBarAggregator: [start_timer] fire_immediately=False, _skip_first_non_full_bar=False, now=2026-06-08 20:00:02.651631583+00:00, start_time=2026-06-08 20:00:00+00:00, first_close_ns=1970-01-01 00:00:00+00:00, next_close_ns=2026-06-08 21:00:00+00:00
2026-06-08T20:00:02.651681237Z [WARN] eToro-Momentum-LS.DataEngine: Aggregator for SQM.ETORO-1-HOUR-MID-INTERNAL is currently in use, subscription can't be started.
2026-06-08T20:00:02.651684262Z [WARN] eToro-Momentum-LS.DataEngine: Aggregator for SQM.ETORO-1-HOUR-MID-INTERNAL is currently in use, subscription can't be started.
2026-06-08T20:00:02.651686466Z [WARN] eToro-Momentum-LS.DataEngine: Aggregator for SQM.ETORO-1-HOUR-MID-INTERNAL is currently in use, subscription can't be started.
2026-06-08T20:00:02.651693079Z [WARN] eToro-Momentum-LS.DataEngine: Aggregator for SQM.ETORO-1-HOUR-MID-INTERNAL is currently in use, subscription can't be started.
2026-06-08T20:00:02.651696846Z [WARN] eToro-Momentum-LS.DataEngine: Aggregator for SQM.ETORO-1-HOUR-MID-INTERNAL is currently in use, subscription can't be started.
2026-06-08T20:00:02.651698980Z [WARN] eToro-Momentum-LS.DataEngine: Aggregator for SQM.ETORO-1-HOUR-MID-INTERNAL is currently in use, subscription can't be started.
2026-06-08T20:00:02.651700943Z [WARN] eToro-Momentum-LS.DataEngine: Aggregator for SQM.ETORO-1-HOUR-MID-INTERNAL is currently in use, subscription can't be started.
2026-06-08T20:00:02.651702847Z [WARN] eToro-Momentum-LS.DataEngine: Aggregator for SQM.ETORO-1-HOUR-MID-INTERNAL is currently in use, subscription can't be started.
2026-06-08T20:00:02.651706845Z [WARN] eToro-Momentum-LS.DataEngine: Aggregator for SQM.ETORO-1-HOUR-MID-INTERNAL is currently in use, subscription can't be started.
2026-06-08T20:00:02.651712595Z [WARN] eToro-Momentum-LS.DataEngine: Aggregator for SQM.ETORO-1-HOUR-MID-INTERNAL is currently in use, subscription can't be started.
2026-06-08T20:00:02.651714850Z [WARN] eToro-Momentum-LS.DataEngine: Aggregator for SQM.ETORO-1-HOUR-MID-INTERNAL is currently in use, subscription can't be started.
2026-06-08T20:00:02.651718046Z [WARN] eToro-Momentum-LS.DataEngine: Aggregator for SQM.ETORO-1-HOUR-MID-INTERNAL is currently in use, subscription can't be started.
2026-06-08T20:00:02.651720119Z [WARN] eToro-Momentum-LS.DataEngine: Aggregator for SQM.ETORO-1-HOUR-MID-INTERNAL is currently in use, subscription can't be started.
2026-06-08T20:00:02.651724528Z [WARN] eToro-Momentum-LS.DataEngine: Aggregator for SQM.ETORO-1-HOUR-MID-INTERNAL is currently in use, subscription can't be started.
2026-06-08T20:00:02.651728936Z [WARN] eToro-Momentum-LS.DataEngine: Aggregator for SQM.ETORO-1-HOUR-MID-INTERNAL is currently in use, subscription can't be started.
2026-06-08T20:00:02.651731200Z [WARN] eToro-Momentum-LS.DataEngine: Aggregator for SQM.ETORO-1-HOUR-MID-INTERNAL is currently in use, subscription can't be started.
2026-06-08T20:00:02.651736210Z [WARN] eToro-Momentum-LS.DataEngine: Aggregator for SQM.ETORO-1-HOUR-MID-INTERNAL is currently in use, subscription can't be started.
2026-06-08T20:00:02.651738324Z [WARN] eToro-Momentum-LS.DataEngine: Aggregator for SQM.ETORO-1-HOUR-MID-INTERNAL is currently in use, subscription can't be started.
2026-06-08T20:00:02.651753993Z [DEBUG] eToro-Momentum-LS.DataEngine: Created aggregator for key=(BarType(MNDY.ETORO-1-HOUR-MID-INTERNAL), None)
2026-06-08T20:00:02.651767338Z [DEBUG] eToro-Momentum-LS.MessageBus: Added Subscription(topic=data.quotes.ETORO.MNDY, handler=<bound method BarAggregator.handle_quote_tick of <nautilus_trader.data.aggregation.TimeBarAggregator object at 0x7991ce9cd6c0>>, priority=5)
2026-06-08T20:00:02.651795070Z [DEBUG] eToro-Momentum-LS.nautilus_common::live::timer: Creating timer 'TIME_BAR_MNDY.ETORO-1-HOUR-MID-INTERNAL'
2026-06-08T20:00:02.651806491Z [DEBUG] eToro-Momentum-LS.TimeBarAggregator: [start_timer] fire_immediately=False, _skip_first_non_full_bar=False, now=2026-06-08 20:00:02.651770334+00:00, start_time=2026-06-08 20:00:00+00:00, first_close_ns=1970-01-01 00:00:00+00:00, next_close_ns=2026-06-08 21:00:00+00:00
2026-06-08T20:00:02.651815769Z [WARN] eToro-Momentum-LS.DataEngine: Aggregator for MNDY.ETORO-1-HOUR-MID-INTERNAL is currently in use, subscription can't be started.
2026-06-08T20:00:02.651820297Z [WARN] eToro-Momentum-LS.DataEngine: Aggregator for MNDY.ETORO-1-HOUR-MID-INTERNAL is currently in use, subscription can't be started.
2026-06-08T20:00:02.651822832Z [WARN] eToro-Momentum-LS.DataEngine: Aggregator for MNDY.ETORO-1-HOUR-MID-INTERNAL is currently in use, subscription can't be started.
2026-06-08T20:00:02.651825056Z [WARN] eToro-Momentum-LS.DataEngine: Aggregator for MNDY.ETORO-1-HOUR-MID-INTERNAL is currently in use, subscription can't be started.
2026-06-08T20:00:02.651827220Z [WARN] eToro-Momentum-LS.DataEngine: Aggregator for MNDY.ETORO-1-HOUR-MID-INTERNAL is currently in use, subscription can't be started.
2026-06-08T20:00:02.651831057Z [WARN] eToro-Momentum-LS.DataEngine: Aggregator for MNDY.ETORO-1-HOUR-MID-INTERNAL is currently in use, subscription can't be started.
2026-06-08T20:00:02.651833211Z [ERROR] eToro-Momentum-LS.DataEngine: Cannot start bar aggregation: no instrument found for ELF.ETORO
2026-06-08T20:00:02.651834384Z [WARN] eToro-Momentum-LS.DataEngine: Cannot setup bar aggregator: no aggregator found for ELF.ETORO-1-HOUR-MID-INTERNAL with key (ELF.ETORO-1-HOUR-MID-INTERNAL, None)
2026-06-08T20:00:02.651835355Z [ERROR] eToro-Momentum-LS.DataEngine: Cannot subscribe bar aggregator: no aggregator found for ELF.ETORO-1-HOUR-MID-INTERNAL with key (ELF.ETORO-1-HOUR-MID-INTERNAL, None)
2026-06-08T20:00:02.651837379Z [ERROR] eToro-Momentum-LS.DataEngine: Cannot start bar aggregation: no instrument found for ELF.ETORO
2026-06-08T20:00:02.651838762Z [WARN] eToro-Momentum-LS.DataEngine: Cannot setup bar aggregator: no aggregator found for ELF.ETORO-1-HOUR-MID-INTERNAL with key (ELF.ETORO-1-HOUR-MID-INTERNAL, None)
2026-06-08T20:00:02.651839744Z [ERROR] eToro-Momentum-LS.DataEngine: Cannot subscribe bar aggregator: no aggregator found for ELF.ETORO-1-HOUR-MID-INTERNAL with key (ELF.ETORO-1-HOUR-MID-INTERNAL, None)
2026-06-08T20:00:02.651841567Z [ERROR] eToro-Momentum-LS.DataEngine: Cannot start bar aggregation: no instrument found for ELF.ETORO
2026-06-08T20:00:02.651844573Z [WARN] eToro-Momentum-LS.DataEngine: Cannot setup bar aggregator: no aggregator found for ELF.ETORO-1-HOUR-MID-INTERNAL with key (ELF.ETORO-1-HOUR-MID-INTERNAL, None)
2026-06-08T20:00:02.651845615Z [ERROR] eToro-Momentum-LS.DataEngine: Cannot subscribe bar aggregator: no aggregator found for ELF.ETORO-1-HOUR-MID-INTERNAL with key (ELF.ETORO-1-HOUR-MID-INTERNAL, None)
2026-06-08T20:00:02.651847298Z [ERROR] eToro-Momentum-LS.DataEngine: Cannot start bar aggregation: no instrument found for ELF.ETORO
2026-06-08T20:00:02.651851376Z [WARN] eToro-Momentum-LS.DataEngine: Cannot setup bar aggregator: no aggregator found for ELF.ETORO-1-HOUR-MID-INTERNAL with key (ELF.ETORO-1-HOUR-MID-INTERNAL, None)
2026-06-08T20:00:02.651852668Z [ERROR] eToro-Momentum-LS.DataEngine: Cannot subscribe bar aggregator: no aggregator found for ELF.ETORO-1-HOUR-MID-INTERNAL with key (ELF.ETORO-1-HOUR-MID-INTERNAL, None)
2026-06-08T20:00:02.651855273Z [ERROR] eToro-Momentum-LS.DataEngine: Cannot start bar aggregation: no instrument found for ELF.ETORO
2026-06-08T20:00:02.651856265Z [WARN] eToro-Momentum-LS.DataEngine: Cannot setup bar aggregator: no aggregator found for ELF.ETORO-1-HOUR-MID-INTERNAL with key (ELF.ETORO-1-HOUR-MID-INTERNAL, None)
2026-06-08T20:00:02.651857247Z [ERROR] eToro-Momentum-LS.DataEngine: Cannot subscribe bar aggregator: no aggregator found for ELF.ETORO-1-HOUR-MID-INTERNAL with key (ELF.ETORO-1-HOUR-MID-INTERNAL, None)
2026-06-08T20:00:02.651859521Z [ERROR] eToro-Momentum-LS.DataEngine: Cannot start bar aggregation: no instrument found for ELF.ETORO
2026-06-08T20:00:02.651862015Z [WARN] eToro-Momentum-LS.DataEngine: Cannot setup bar aggregator: no aggregator found for ELF.ETORO-1-HOUR-MID-INTERNAL with key (ELF.ETORO-1-HOUR-MID-INTERNAL, None)
2026-06-08T20:00:02.651863258Z [ERROR] eToro-Momentum-LS.DataEngine: Cannot subscribe bar aggregator: no aggregator found for ELF.ETORO-1-HOUR-MID-INTERNAL with key (ELF.ETORO-1-HOUR-MID-INTERNAL, None)
2026-06-08T20:00:02.651876984Z [DEBUG] eToro-Momentum-LS.DataEngine: Created aggregator for key=(BarType(VRT.ETORO-1-HOUR-MID-INTERNAL), None)
2026-06-08T20:00:02.651895779Z [DEBUG] eToro-Momentum-LS.MessageBus: Added Subscription(topic=data.quotes.ETORO.VRT, handler=<bound method BarAggregator.handle_quote_tick of <nautilus_trader.data.aggregation.TimeBarAggregator object at 0x7991ce9cd780>>, priority=5)
2026-06-08T20:00:02.651920385Z [DEBUG] eToro-Momentum-LS.nautilus_common::live::timer: Creating timer 'TIME_BAR_VRT.ETORO-1-HOUR-MID-INTERNAL'
2026-06-08T20:00:02.651938890Z [DEBUG] eToro-Momentum-LS.TimeBarAggregator: [start_timer] fire_immediately=False, _skip_first_non_full_bar=False, now=2026-06-08 20:00:02.651896700+00:00, start_time=2026-06-08 20:00:00+00:00, first_close_ns=1970-01-01 00:00:00+00:00, next_close_ns=2026-06-08 21:00:00+00:00
2026-06-08T20:00:02.651958025Z [WARN] eToro-Momentum-LS.DataEngine: Aggregator for VRT.ETORO-1-HOUR-MID-INTERNAL is currently in use, subscription can't be started.
2026-06-08T20:00:02.651961382Z [WARN] eToro-Momentum-LS.DataEngine: Aggregator for VRT.ETORO-1-HOUR-MID-INTERNAL is currently in use, subscription can't be started.
2026-06-08T20:00:02.651964968Z [WARN] eToro-Momentum-LS.DataEngine: Aggregator for VRT.ETORO-1-HOUR-MID-INTERNAL is currently in use, subscription can't be started.
2026-06-08T20:00:02.651968395Z [WARN] eToro-Momentum-LS.DataEngine: Aggregator for VRT.ETORO-1-HOUR-MID-INTERNAL is currently in use, subscription can't be started.
2026-06-08T20:00:02.651970719Z [WARN] eToro-Momentum-LS.DataEngine: Aggregator for VRT.ETORO-1-HOUR-MID-INTERNAL is currently in use, subscription can't be started.
2026-06-08T20:00:02.651972703Z [WARN] eToro-Momentum-LS.DataEngine: Aggregator for VRT.ETORO-1-HOUR-MID-INTERNAL is currently in use, subscription can't be started.
2026-06-08T20:00:02.651977963Z [WARN] eToro-Momentum-LS.DataEngine: Aggregator for VRT.ETORO-1-HOUR-MID-INTERNAL is currently in use, subscription can't be started.
2026-06-08T20:00:02.651980427Z [WARN] eToro-Momentum-LS.DataEngine: Aggregator for VRT.ETORO-1-HOUR-MID-INTERNAL is currently in use, subscription can't be started.
2026-06-08T20:00:02.651993963Z [DEBUG] eToro-Momentum-LS.DataEngine: Created aggregator for key=(BarType(CIEN.ETORO-1-HOUR-MID-INTERNAL), None)
2026-06-08T20:00:02.652013820Z [DEBUG] eToro-Momentum-LS.MessageBus: Added Subscription(topic=data.quotes.ETORO.CIEN, handler=<bound method BarAggregator.handle_quote_tick of <nautilus_trader.data.aggregation.TimeBarAggregator object at 0x7991ce9cd840>>, priority=5)
2026-06-08T20:00:02.652038887Z [DEBUG] eToro-Momentum-LS.nautilus_common::live::timer: Creating timer 'TIME_BAR_CIEN.ETORO-1-HOUR-MID-INTERNAL'
2026-06-08T20:00:02.652050679Z [DEBUG] eToro-Momentum-LS.TimeBarAggregator: [start_timer] fire_immediately=False, _skip_first_non_full_bar=False, now=2026-06-08 20:00:02.652014732+00:00, start_time=2026-06-08 20:00:00+00:00, first_close_ns=1970-01-01 00:00:00+00:00, next_close_ns=2026-06-08 21:00:00+00:00
2026-06-08T20:00:02.652059295Z [WARN] eToro-Momentum-LS.DataEngine: Aggregator for CIEN.ETORO-1-HOUR-MID-INTERNAL is currently in use, subscription can't be started.
2026-06-08T20:00:02.652061710Z [WARN] eToro-Momentum-LS.DataEngine: Aggregator for CIEN.ETORO-1-HOUR-MID-INTERNAL is currently in use, subscription can't be started.
2026-06-08T20:00:02.652064926Z [WARN] eToro-Momentum-LS.DataEngine: Aggregator for CIEN.ETORO-1-HOUR-MID-INTERNAL is currently in use, subscription can't be started.
2026-06-08T20:00:02.652067441Z [WARN] eToro-Momentum-LS.DataEngine: Aggregator for CIEN.ETORO-1-HOUR-MID-INTERNAL is currently in use, subscription can't be started.
2026-06-08T20:00:02.652069785Z [WARN] eToro-Momentum-LS.DataEngine: Aggregator for CIEN.ETORO-1-HOUR-MID-INTERNAL is currently in use, subscription can't be started.
2026-06-08T20:00:02.652080705Z [DEBUG] eToro-Momentum-LS.DataEngine: Created aggregator for key=(BarType(POWL.ETORO-1-HOUR-MID-INTERNAL), None)
2026-06-08T20:00:02.652093530Z [DEBUG] eToro-Momentum-LS.MessageBus: Added Subscription(topic=data.quotes.ETORO.POWL, handler=<bound method BarAggregator.handle_quote_tick of <nautilus_trader.data.aggregation.TimeBarAggregator object at 0x7991ce9cd900>>, priority=5)
2026-06-08T20:00:02.652113788Z [DEBUG] eToro-Momentum-LS.nautilus_common::live::timer: Creating timer 'TIME_BAR_POWL.ETORO-1-HOUR-MID-INTERNAL'
2026-06-08T20:00:02.652124357Z [DEBUG] eToro-Momentum-LS.TimeBarAggregator: [start_timer] fire_immediately=False, _skip_first_non_full_bar=False, now=2026-06-08 20:00:02.652094632+00:00, start_time=2026-06-08 20:00:00+00:00, first_close_ns=1970-01-01 00:00:00+00:00, next_close_ns=2026-06-08 21:00:00+00:00
2026-06-08T20:00:02.652131671Z [WARN] eToro-Momentum-LS.DataEngine: Aggregator for POWL.ETORO-1-HOUR-MID-INTERNAL is currently in use, subscription can't be started.
2026-06-08T20:00:02.652134035Z [WARN] eToro-Momentum-LS.DataEngine: Aggregator for POWL.ETORO-1-HOUR-MID-INTERNAL is currently in use, subscription can't be started.
2026-06-08T20:00:02.652137652Z [WARN] eToro-Momentum-LS.DataEngine: Aggregator for POWL.ETORO-1-HOUR-MID-INTERNAL is currently in use, subscription can't be started.
2026-06-08T20:00:02.652139967Z [WARN] eToro-Momentum-LS.DataEngine: Aggregator for POWL.ETORO-1-HOUR-MID-INTERNAL is currently in use, subscription can't be started.
2026-06-08T20:00:02.652146529Z [WARN] eToro-Momentum-LS.DataEngine: Aggregator for POWL.ETORO-1-HOUR-MID-INTERNAL is currently in use, subscription can't be started.
2026-06-08T20:00:02.652148863Z [WARN] eToro-Momentum-LS.DataEngine: Aggregator for POWL.ETORO-1-HOUR-MID-INTERNAL is currently in use, subscription can't be started.
2026-06-08T20:00:02.652151218Z [WARN] eToro-Momentum-LS.DataEngine: Aggregator for POWL.ETORO-1-HOUR-MID-INTERNAL is currently in use, subscription can't be started.
2026-06-08T20:00:02.652153752Z [WARN] eToro-Momentum-LS.DataEngine: Aggregator for POWL.ETORO-1-HOUR-MID-INTERNAL is currently in use, subscription can't be started.
2026-06-08T20:00:02.652156407Z [WARN] eToro-Momentum-LS.DataEngine: Aggregator for POWL.ETORO-1-HOUR-MID-INTERNAL is currently in use, subscription can't be started.
2026-06-08T20:00:02.652166907Z [DEBUG] eToro-Momentum-LS.DataEngine: Created aggregator for key=(BarType(PBR.ETORO-1-HOUR-MID-INTERNAL), None)
2026-06-08T20:00:02.652182216Z [DEBUG] eToro-Momentum-LS.MessageBus: Added Subscription(topic=data.quotes.ETORO.PBR, handler=<bound method BarAggregator.handle_quote_tick of <nautilus_trader.data.aggregation.TimeBarAggregator object at 0x7991ce9cd9c0>>, priority=5)
2026-06-08T20:00:02.652202624Z [DEBUG] eToro-Momentum-LS.nautilus_common::live::timer: Creating timer 'TIME_BAR_PBR.ETORO-1-HOUR-MID-INTERNAL'
2026-06-08T20:00:02.652213895Z [DEBUG] eToro-Momentum-LS.TimeBarAggregator: [start_timer] fire_immediately=False, _skip_first_non_full_bar=False, now=2026-06-08 20:00:02.652183258+00:00, start_time=2026-06-08 20:00:00+00:00, first_close_ns=1970-01-01 00:00:00+00:00, next_close_ns=2026-06-08 21:00:00+00:00
2026-06-08T20:00:02.652221309Z [WARN] eToro-Momentum-LS.DataEngine: Aggregator for PBR.ETORO-1-HOUR-MID-INTERNAL is currently in use, subscription can't be started.
2026-06-08T20:00:02.652223794Z [WARN] eToro-Momentum-LS.DataEngine: Aggregator for PBR.ETORO-1-HOUR-MID-INTERNAL is currently in use, subscription can't be started.
2026-06-08T20:00:02.652226429Z [WARN] eToro-Momentum-LS.DataEngine: Aggregator for PBR.ETORO-1-HOUR-MID-INTERNAL is currently in use, subscription can't be started.
2026-06-08T20:00:02.652228613Z [WARN] eToro-Momentum-LS.DataEngine: Aggregator for PBR.ETORO-1-HOUR-MID-INTERNAL is currently in use, subscription can't be started.
2026-06-08T20:00:02.652238702Z [DEBUG] eToro-Momentum-LS.DataEngine: Created aggregator for key=(BarType(PINS.ETORO-1-HOUR-MID-INTERNAL), None)
2026-06-08T20:00:02.652250404Z [DEBUG] eToro-Momentum-LS.MessageBus: Added Subscription(topic=data.quotes.ETORO.PINS, handler=<bound method BarAggregator.handle_quote_tick of <nautilus_trader.data.aggregation.TimeBarAggregator object at 0x7991ce9cda80>>, priority=5)
2026-06-08T20:00:02.652269590Z [DEBUG] eToro-Momentum-LS.nautilus_common::live::timer: Creating timer 'TIME_BAR_PINS.ETORO-1-HOUR-MID-INTERNAL'
2026-06-08T20:00:02.652280200Z [DEBUG] eToro-Momentum-LS.TimeBarAggregator: [start_timer] fire_immediately=False, _skip_first_non_full_bar=False, now=2026-06-08 20:00:02.652251646+00:00, start_time=2026-06-08 20:00:00+00:00, first_close_ns=1970-01-01 00:00:00+00:00, next_close_ns=2026-06-08 21:00:00+00:00
2026-06-08T20:00:02.652286782Z [WARN] eToro-Momentum-LS.DataEngine: Aggregator for PINS.ETORO-1-HOUR-MID-INTERNAL is currently in use, subscription can't be started.
2026-06-08T20:00:02.652289146Z [WARN] eToro-Momentum-LS.DataEngine: Aggregator for PINS.ETORO-1-HOUR-MID-INTERNAL is currently in use, subscription can't be started.
2026-06-08T20:00:02.652291300Z [WARN] eToro-Momentum-LS.DataEngine: Aggregator for PINS.ETORO-1-HOUR-MID-INTERNAL is currently in use, subscription can't be started.
2026-06-08T20:00:02.652293555Z [WARN] eToro-Momentum-LS.DataEngine: Aggregator for PINS.ETORO-1-HOUR-MID-INTERNAL is currently in use, subscription can't be started.
2026-06-08T20:00:02.652296069Z [WARN] eToro-Momentum-LS.DataEngine: Aggregator for PINS.ETORO-1-HOUR-MID-INTERNAL is currently in use, subscription can't be started.
2026-06-08T20:00:02.652298083Z [WARN] eToro-Momentum-LS.DataEngine: Aggregator for PINS.ETORO-1-HOUR-MID-INTERNAL is currently in use, subscription can't be started.
2026-06-08T20:00:02.652300508Z [WARN] eToro-Momentum-LS.DataEngine: Aggregator for PINS.ETORO-1-HOUR-MID-INTERNAL is currently in use, subscription can't be started.
2026-06-08T20:00:02.652302902Z [ERROR] eToro-Momentum-LS.DataEngine: Cannot start bar aggregation: no instrument found for NTSK.ETORO
2026-06-08T20:00:02.652304014Z [WARN] eToro-Momentum-LS.DataEngine: Cannot setup bar aggregator: no aggregator found for NTSK.ETORO-1-HOUR-MID-INTERNAL with key (NTSK.ETORO-1-HOUR-MID-INTERNAL, None)
2026-06-08T20:00:02.652305016Z [ERROR] eToro-Momentum-LS.DataEngine: Cannot subscribe bar aggregator: no aggregator found for NTSK.ETORO-1-HOUR-MID-INTERNAL with key (NTSK.ETORO-1-HOUR-MID-INTERNAL, None)
2026-06-08T20:00:02.652314273Z [DEBUG] eToro-Momentum-LS.DataEngine: Created aggregator for key=(BarType(EEFT.ETORO-1-HOUR-MID-INTERNAL), None)
2026-06-08T20:00:02.652325945Z [DEBUG] eToro-Momentum-LS.MessageBus: Added Subscription(topic=data.quotes.ETORO.EEFT, handler=<bound method BarAggregator.handle_quote_tick of <nautilus_trader.data.aggregation.TimeBarAggregator object at 0x7991ce9cdb40>>, priority=5)
2026-06-08T20:00:02.652348387Z [DEBUG] eToro-Momentum-LS.nautilus_common::live::timer: Creating timer 'TIME_BAR_EEFT.ETORO-1-HOUR-MID-INTERNAL'
2026-06-08T20:00:02.652359568Z [DEBUG] eToro-Momentum-LS.TimeBarAggregator: [start_timer] fire_immediately=False, _skip_first_non_full_bar=False, now=2026-06-08 20:00:02.652326767+00:00, start_time=2026-06-08 20:00:00+00:00, first_close_ns=1970-01-01 00:00:00+00:00, next_close_ns=2026-06-08 21:00:00+00:00
2026-06-08T20:00:02.652367333Z [WARN] eToro-Momentum-LS.DataEngine: Aggregator for EEFT.ETORO-1-HOUR-MID-INTERNAL is currently in use, subscription can't be started.
2026-06-08T20:00:02.652369647Z [WARN] eToro-Momentum-LS.DataEngine: Aggregator for EEFT.ETORO-1-HOUR-MID-INTERNAL is currently in use, subscription can't be started.
2026-06-08T20:00:02.652371881Z [WARN] eToro-Momentum-LS.DataEngine: Aggregator for EEFT.ETORO-1-HOUR-MID-INTERNAL is currently in use, subscription can't be started.
2026-06-08T20:00:02.652374096Z [WARN] eToro-Momentum-LS.DataEngine: Aggregator for EEFT.ETORO-1-HOUR-MID-INTERNAL is currently in use, subscription can't be started.
2026-06-08T20:00:02.652376600Z [WARN] eToro-Momentum-LS.DataEngine: Aggregator for EEFT.ETORO-1-HOUR-MID-INTERNAL is currently in use, subscription can't be started.
2026-06-08T20:00:02.652379055Z [WARN] eToro-Momentum-LS.DataEngine: Aggregator for EEFT.ETORO-1-HOUR-MID-INTERNAL is currently in use, subscription can't be started.
2026-06-08T20:00:02.652381399Z [WARN] eToro-Momentum-LS.DataEngine: Aggregator for EEFT.ETORO-1-HOUR-MID-INTERNAL is currently in use, subscription can't be started.
2026-06-08T20:00:02.652383493Z [WARN] eToro-Momentum-LS.DataEngine: Aggregator for EEFT.ETORO-1-HOUR-MID-INTERNAL is currently in use, subscription can't be started.
2026-06-08T20:00:02.652385757Z [WARN] eToro-Momentum-LS.DataEngine: Aggregator for EEFT.ETORO-1-HOUR-MID-INTERNAL is currently in use, subscription can't be started.
2026-06-08T20:00:02.652388072Z [WARN] eToro-Momentum-LS.DataEngine: Aggregator for EEFT.ETORO-1-HOUR-MID-INTERNAL is currently in use, subscription can't be started.
2026-06-08T20:00:02.652390236Z [WARN] eToro-Momentum-LS.DataEngine: Aggregator for EEFT.ETORO-1-HOUR-MID-INTERNAL is currently in use, subscription can't be started.
2026-06-08T20:00:02.652392590Z [WARN] eToro-Momentum-LS.DataEngine: Aggregator for EEFT.ETORO-1-HOUR-MID-INTERNAL is currently in use, subscription can't be started.
2026-06-08T20:00:02.652402258Z [DEBUG] eToro-Momentum-LS.DataEngine: Created aggregator for key=(BarType(GTLB.ETORO-1-HOUR-MID-INTERNAL), None)
2026-06-08T20:00:02.652415112Z [DEBUG] eToro-Momentum-LS.MessageBus: Added Subscription(topic=data.quotes.ETORO.GTLB, handler=<bound method BarAggregator.handle_quote_tick of <nautilus_trader.data.aggregation.TimeBarAggregator object at 0x7991ce9cdc00>>, priority=5)
2026-06-08T20:00:02.652433968Z [DEBUG] eToro-Momentum-LS.nautilus_common::live::timer: Creating timer 'TIME_BAR_GTLB.ETORO-1-HOUR-MID-INTERNAL'
2026-06-08T20:00:02.652445289Z [DEBUG] eToro-Momentum-LS.TimeBarAggregator: [start_timer] fire_immediately=False, _skip_first_non_full_bar=False, now=2026-06-08 20:00:02.652415954+00:00, start_time=2026-06-08 20:00:00+00:00, first_close_ns=1970-01-01 00:00:00+00:00, next_close_ns=2026-06-08 21:00:00+00:00
2026-06-08T20:00:02.652451901Z [WARN] eToro-Momentum-LS.DataEngine: Aggregator for GTLB.ETORO-1-HOUR-MID-INTERNAL is currently in use, subscription can't be started.
2026-06-08T20:00:02.652454276Z [ERROR] eToro-Momentum-LS.DataEngine: Cannot start bar aggregation: no instrument found for JAZZ.ETORO
2026-06-08T20:00:02.652455238Z [WARN] eToro-Momentum-LS.DataEngine: Cannot setup bar aggregator: no aggregator found for JAZZ.ETORO-1-HOUR-MID-INTERNAL with key (JAZZ.ETORO-1-HOUR-MID-INTERNAL, None)
2026-06-08T20:00:02.652456119Z [ERROR] eToro-Momentum-LS.DataEngine: Cannot subscribe bar aggregator: no aggregator found for JAZZ.ETORO-1-HOUR-MID-INTERNAL with key (JAZZ.ETORO-1-HOUR-MID-INTERNAL, None)
2026-06-08T20:00:02.652457843Z [ERROR] eToro-Momentum-LS.DataEngine: Cannot start bar aggregation: no instrument found for JAZZ.ETORO
2026-06-08T20:00:02.652458694Z [WARN] eToro-Momentum-LS.DataEngine: Cannot setup bar aggregator: no aggregator found for JAZZ.ETORO-1-HOUR-MID-INTERNAL with key (JAZZ.ETORO-1-HOUR-MID-INTERNAL, None)
2026-06-08T20:00:02.652459826Z [ERROR] eToro-Momentum-LS.DataEngine: Cannot subscribe bar aggregator: no aggregator found for JAZZ.ETORO-1-HOUR-MID-INTERNAL with key (JAZZ.ETORO-1-HOUR-MID-INTERNAL, None)
2026-06-08T20:00:02.652461570Z [ERROR] eToro-Momentum-LS.DataEngine: Cannot start bar aggregation: no instrument found for JAZZ.ETORO
2026-06-08T20:00:02.652462561Z [WARN] eToro-Momentum-LS.DataEngine: Cannot setup bar aggregator: no aggregator found for JAZZ.ETORO-1-HOUR-MID-INTERNAL with key (JAZZ.ETORO-1-HOUR-MID-INTERNAL, None)
2026-06-08T20:00:02.652463493Z [ERROR] eToro-Momentum-LS.DataEngine: Cannot subscribe bar aggregator: no aggregator found for JAZZ.ETORO-1-HOUR-MID-INTERNAL with key (JAZZ.ETORO-1-HOUR-MID-INTERNAL, None)
2026-06-08T20:00:02.652465136Z [ERROR] eToro-Momentum-LS.DataEngine: Cannot start bar aggregation: no instrument found for JAZZ.ETORO
2026-06-08T20:00:02.652466008Z [WARN] eToro-Momentum-LS.DataEngine: Cannot setup bar aggregator: no aggregator found for JAZZ.ETORO-1-HOUR-MID-INTERNAL with key (JAZZ.ETORO-1-HOUR-MID-INTERNAL, None)
2026-06-08T20:00:02.652466880Z [ERROR] eToro-Momentum-LS.DataEngine: Cannot subscribe bar aggregator: no aggregator found for JAZZ.ETORO-1-HOUR-MID-INTERNAL with key (JAZZ.ETORO-1-HOUR-MID-INTERNAL, None)
2026-06-08T20:00:02.652469404Z [ERROR] eToro-Momentum-LS.DataEngine: Cannot start bar aggregation: no instrument found for JAZZ.ETORO
2026-06-08T20:00:02.652470677Z [WARN] eToro-Momentum-LS.DataEngine: Cannot setup bar aggregator: no aggregator found for JAZZ.ETORO-1-HOUR-MID-INTERNAL with key (JAZZ.ETORO-1-HOUR-MID-INTERNAL, None)
2026-06-08T20:00:02.652477870Z [ERROR] eToro-Momentum-LS.DataEngine: Cannot subscribe bar aggregator: no aggregator found for JAZZ.ETORO-1-HOUR-MID-INTERNAL with key (JAZZ.ETORO-1-HOUR-MID-INTERNAL, None)
2026-06-08T20:00:02.652479814Z [ERROR] eToro-Momentum-LS.DataEngine: Cannot start bar aggregation: no instrument found for JAZZ.ETORO
2026-06-08T20:00:02.652480635Z [WARN] eToro-Momentum-LS.DataEngine: Cannot setup bar aggregator: no aggregator found for JAZZ.ETORO-1-HOUR-MID-INTERNAL with key (JAZZ.ETORO-1-HOUR-MID-INTERNAL, None)
2026-06-08T20:00:02.652481407Z [ERROR] eToro-Momentum-LS.DataEngine: Cannot subscribe bar aggregator: no aggregator found for JAZZ.ETORO-1-HOUR-MID-INTERNAL with key (JAZZ.ETORO-1-HOUR-MID-INTERNAL, None)
2026-06-08T20:00:02.652483060Z [ERROR] eToro-Momentum-LS.DataEngine: Cannot start bar aggregation: no instrument found for JAZZ.ETORO
2026-06-08T20:00:02.652484002Z [WARN] eToro-Momentum-LS.DataEngine: Cannot setup bar aggregator: no aggregator found for JAZZ.ETORO-1-HOUR-MID-INTERNAL with key (JAZZ.ETORO-1-HOUR-MID-INTERNAL, None)
2026-06-08T20:00:02.652485715Z [ERROR] eToro-Momentum-LS.DataEngine: Cannot subscribe bar aggregator: no aggregator found for JAZZ.ETORO-1-HOUR-MID-INTERNAL with key (JAZZ.ETORO-1-HOUR-MID-INTERNAL, None)
2026-06-08T20:00:02.652487979Z [ERROR] eToro-Momentum-LS.DataEngine: Cannot start bar aggregation: no instrument found for JAZZ.ETORO
2026-06-08T20:00:02.652488891Z [WARN] eToro-Momentum-LS.DataEngine: Cannot setup bar aggregator: no aggregator found for JAZZ.ETORO-1-HOUR-MID-INTERNAL with key (JAZZ.ETORO-1-HOUR-MID-INTERNAL, None)
2026-06-08T20:00:02.652490404Z [ERROR] eToro-Momentum-LS.DataEngine: Cannot subscribe bar aggregator: no aggregator found for JAZZ.ETORO-1-HOUR-MID-INTERNAL with key (JAZZ.ETORO-1-HOUR-MID-INTERNAL, None)
2026-06-08T20:00:02.652492628Z [ERROR] eToro-Momentum-LS.DataEngine: Cannot start bar aggregation: no instrument found for JAZZ.ETORO
2026-06-08T20:00:02.652493890Z [WARN] eToro-Momentum-LS.DataEngine: Cannot setup bar aggregator: no aggregator found for JAZZ.ETORO-1-HOUR-MID-INTERNAL with key (JAZZ.ETORO-1-HOUR-MID-INTERNAL, None)
2026-06-08T20:00:02.652494802Z [ERROR] eToro-Momentum-LS.DataEngine: Cannot subscribe bar aggregator: no aggregator found for JAZZ.ETORO-1-HOUR-MID-INTERNAL with key (JAZZ.ETORO-1-HOUR-MID-INTERNAL, None)
2026-06-08T20:00:02.652496615Z [ERROR] eToro-Momentum-LS.DataEngine: Cannot start bar aggregation: no instrument found for JAZZ.ETORO
2026-06-08T20:00:02.652497687Z [WARN] eToro-Momentum-LS.DataEngine: Cannot setup bar aggregator: no aggregator found for JAZZ.ETORO-1-HOUR-MID-INTERNAL with key (JAZZ.ETORO-1-HOUR-MID-INTERNAL, None)
2026-06-08T20:00:02.652498649Z [ERROR] eToro-Momentum-LS.DataEngine: Cannot subscribe bar aggregator: no aggregator found for JAZZ.ETORO-1-HOUR-MID-INTERNAL with key (JAZZ.ETORO-1-HOUR-MID-INTERNAL, None)
2026-06-08T20:00:02.652500422Z [ERROR] eToro-Momentum-LS.DataEngine: Cannot start bar aggregation: no instrument found for JAZZ.ETORO
2026-06-08T20:00:02.652501585Z [WARN] eToro-Momentum-LS.DataEngine: Cannot setup bar aggregator: no aggregator found for JAZZ.ETORO-1-HOUR-MID-INTERNAL with key (JAZZ.ETORO-1-HOUR-MID-INTERNAL, None)
2026-06-08T20:00:02.652506263Z [ERROR] eToro-Momentum-LS.DataEngine: Cannot subscribe bar aggregator: no aggregator found for JAZZ.ETORO-1-HOUR-MID-INTERNAL with key (JAZZ.ETORO-1-HOUR-MID-INTERNAL, None)
2026-06-08T20:00:02.652507967Z [ERROR] eToro-Momentum-LS.DataEngine: Cannot start bar aggregation: no instrument found for JAZZ.ETORO
2026-06-08T20:00:02.652508838Z [WARN] eToro-Momentum-LS.DataEngine: Cannot setup bar aggregator: no aggregator found for JAZZ.ETORO-1-HOUR-MID-INTERNAL with key (JAZZ.ETORO-1-HOUR-MID-INTERNAL, None)
2026-06-08T20:00:02.652510030Z [ERROR] eToro-Momentum-LS.DataEngine: Cannot subscribe bar aggregator: no aggregator found for JAZZ.ETORO-1-HOUR-MID-INTERNAL with key (JAZZ.ETORO-1-HOUR-MID-INTERNAL, None)
2026-06-08T20:00:02.652511714Z [ERROR] eToro-Momentum-LS.DataEngine: Cannot start bar aggregation: no instrument found for JAZZ.ETORO
2026-06-08T20:00:02.652513206Z [WARN] eToro-Momentum-LS.DataEngine: Cannot setup bar aggregator: no aggregator found for JAZZ.ETORO-1-HOUR-MID-INTERNAL with key (JAZZ.ETORO-1-HOUR-MID-INTERNAL, None)
2026-06-08T20:00:02.652514319Z [ERROR] eToro-Momentum-LS.DataEngine: Cannot subscribe bar aggregator: no aggregator found for JAZZ.ETORO-1-HOUR-MID-INTERNAL with key (JAZZ.ETORO-1-HOUR-MID-INTERNAL, None)
2026-06-08T20:00:02.652516172Z [ERROR] eToro-Momentum-LS.DataEngine: Cannot start bar aggregation: no instrument found for JAZZ.ETORO
2026-06-08T20:00:02.652517024Z [WARN] eToro-Momentum-LS.DataEngine: Cannot setup bar aggregator: no aggregator found for JAZZ.ETORO-1-HOUR-MID-INTERNAL with key (JAZZ.ETORO-1-HOUR-MID-INTERNAL, None)
2026-06-08T20:00:02.652518186Z [ERROR] eToro-Momentum-LS.DataEngine: Cannot subscribe bar aggregator: no aggregator found for JAZZ.ETORO-1-HOUR-MID-INTERNAL with key (JAZZ.ETORO-1-HOUR-MID-INTERNAL, None)
2026-06-08T20:00:02.652519929Z [ERROR] eToro-Momentum-LS.DataEngine: Cannot start bar aggregation: no instrument found for JAZZ.ETORO
2026-06-08T20:00:02.652520821Z [WARN] eToro-Momentum-LS.DataEngine: Cannot setup bar aggregator: no aggregator found for JAZZ.ETORO-1-HOUR-MID-INTERNAL with key (JAZZ.ETORO-1-HOUR-MID-INTERNAL, None)
2026-06-08T20:00:02.652522063Z [ERROR] eToro-Momentum-LS.DataEngine: Cannot subscribe bar aggregator: no aggregator found for JAZZ.ETORO-1-HOUR-MID-INTERNAL with key (JAZZ.ETORO-1-HOUR-MID-INTERNAL, None)
2026-06-08T20:00:02.652534176Z [DEBUG] eToro-Momentum-LS.DataEngine: Created aggregator for key=(BarType(HUBS.ETORO-1-HOUR-MID-INTERNAL), None)
2026-06-08T20:00:02.652547771Z [DEBUG] eToro-Momentum-LS.MessageBus: Added Subscription(topic=data.quotes.ETORO.HUBS, handler=<bound method BarAggregator.handle_quote_tick of <nautilus_trader.data.aggregation.TimeBarAggregator object at 0x7991ce9cdcc0>>, priority=5)
2026-06-08T20:00:02.652572367Z [DEBUG] eToro-Momentum-LS.nautilus_common::live::timer: Creating timer 'TIME_BAR_HUBS.ETORO-1-HOUR-MID-INTERNAL'
2026-06-08T20:00:02.652583528Z [DEBUG] eToro-Momentum-LS.TimeBarAggregator: [start_timer] fire_immediately=False, _skip_first_non_full_bar=False, now=2026-06-08 20:00:02.652548943+00:00, start_time=2026-06-08 20:00:00+00:00, first_close_ns=1970-01-01 00:00:00+00:00, next_close_ns=2026-06-08 21:00:00+00:00
2026-06-08T20:00:02.652591573Z [WARN] eToro-Momentum-LS.DataEngine: Aggregator for HUBS.ETORO-1-HOUR-MID-INTERNAL is currently in use, subscription can't be started.
2026-06-08T20:00:02.652594008Z [WARN] eToro-Momentum-LS.DataEngine: Aggregator for HUBS.ETORO-1-HOUR-MID-INTERNAL is currently in use, subscription can't be started.
2026-06-08T20:00:02.652596613Z [WARN] eToro-Momentum-LS.DataEngine: Aggregator for HUBS.ETORO-1-HOUR-MID-INTERNAL is currently in use, subscription can't be started.
2026-06-08T20:00:02.652598566Z [WARN] eToro-Momentum-LS.DataEngine: Aggregator for HUBS.ETORO-1-HOUR-MID-INTERNAL is currently in use, subscription can't be started.
2026-06-08T20:00:02.652600801Z [WARN] eToro-Momentum-LS.DataEngine: Aggregator for HUBS.ETORO-1-HOUR-MID-INTERNAL is currently in use, subscription can't be started.
2026-06-08T20:00:02.652603115Z [WARN] eToro-Momentum-LS.DataEngine: Aggregator for HUBS.ETORO-1-HOUR-MID-INTERNAL is currently in use, subscription can't be started.
2026-06-08T20:00:02.652605179Z [WARN] eToro-Momentum-LS.DataEngine: Aggregator for HUBS.ETORO-1-HOUR-MID-INTERNAL is currently in use, subscription can't be started.
2026-06-08T20:00:02.652607223Z [WARN] eToro-Momentum-LS.DataEngine: Aggregator for HUBS.ETORO-1-HOUR-MID-INTERNAL is currently in use, subscription can't be started.
2026-06-08T20:00:02.652609337Z [WARN] eToro-Momentum-LS.DataEngine: Aggregator for HUBS.ETORO-1-HOUR-MID-INTERNAL is currently in use, subscription can't be started.
2026-06-08T20:00:02.652611360Z [WARN] eToro-Momentum-LS.DataEngine: Aggregator for HUBS.ETORO-1-HOUR-MID-INTERNAL is currently in use, subscription can't be started.
2026-06-08T20:00:02.652613484Z [WARN] eToro-Momentum-LS.DataEngine: Aggregator for HUBS.ETORO-1-HOUR-MID-INTERNAL is currently in use, subscription can't be started.
2026-06-08T20:00:02.652616059Z [WARN] eToro-Momentum-LS.DataEngine: Aggregator for HUBS.ETORO-1-HOUR-MID-INTERNAL is currently in use, subscription can't be started.
2026-06-08T20:00:02.652619285Z [WARN] eToro-Momentum-LS.DataEngine: Aggregator for HUBS.ETORO-1-HOUR-MID-INTERNAL is currently in use, subscription can't be started.
2026-06-08T20:00:02.652621389Z [WARN] eToro-Momentum-LS.DataEngine: Aggregator for HUBS.ETORO-1-HOUR-MID-INTERNAL is currently in use, subscription can't be started.
2026-06-08T20:00:02.652623654Z [WARN] eToro-Momentum-LS.DataEngine: Aggregator for HUBS.ETORO-1-HOUR-MID-INTERNAL is currently in use, subscription can't be started.
2026-06-08T20:00:02.652634043Z [DEBUG] eToro-Momentum-LS.DataEngine: Created aggregator for key=(BarType(WIX.ETORO-1-HOUR-MID-INTERNAL), None)
2026-06-08T20:00:02.652646757Z [DEBUG] eToro-Momentum-LS.MessageBus: Added Subscription(topic=data.quotes.ETORO.WIX, handler=<bound method BarAggregator.handle_quote_tick of <nautilus_trader.data.aggregation.TimeBarAggregator object at 0x7991ce9cdd80>>, priority=5)
2026-06-08T20:00:02.652669860Z [DEBUG] eToro-Momentum-LS.nautilus_common::live::timer: Creating timer 'TIME_BAR_WIX.ETORO-1-HOUR-MID-INTERNAL'
2026-06-08T20:00:02.652680700Z [DEBUG] eToro-Momentum-LS.TimeBarAggregator: [start_timer] fire_immediately=False, _skip_first_non_full_bar=False, now=2026-06-08 20:00:02.652647618+00:00, start_time=2026-06-08 20:00:00+00:00, first_close_ns=1970-01-01 00:00:00+00:00, next_close_ns=2026-06-08 21:00:00+00:00
2026-06-08T20:00:02.652695458Z [DEBUG] eToro-Momentum-LS.DataEngine: Created aggregator for key=(BarType(HAL.ETORO-1-HOUR-MID-INTERNAL), None)
2026-06-08T20:00:02.652709444Z [DEBUG] eToro-Momentum-LS.MessageBus: Added Subscription(topic=data.quotes.ETORO.HAL, handler=<bound method BarAggregator.handle_quote_tick of <nautilus_trader.data.aggregation.TimeBarAggregator object at 0x7991ce9cde40>>, priority=5)
2026-06-08T20:00:02.652730654Z [DEBUG] eToro-Momentum-LS.nautilus_common::live::timer: Creating timer 'TIME_BAR_HAL.ETORO-1-HOUR-MID-INTERNAL'
2026-06-08T20:00:02.652741104Z [DEBUG] eToro-Momentum-LS.TimeBarAggregator: [start_timer] fire_immediately=False, _skip_first_non_full_bar=False, now=2026-06-08 20:00:02.652710456+00:00, start_time=2026-06-08 20:00:00+00:00, first_close_ns=1970-01-01 00:00:00+00:00, next_close_ns=2026-06-08 21:00:00+00:00
2026-06-08T20:00:02.652755781Z [DEBUG] eToro-Momentum-LS.DataEngine: Created aggregator for key=(BarType(RHM.DE.ETORO-1-HOUR-MID-INTERNAL), None)
2026-06-08T20:00:02.652769497Z [DEBUG] eToro-Momentum-LS.MessageBus: Added Subscription(topic=data.quotes.ETORO.RHM.DE, handler=<bound method BarAggregator.handle_quote_tick of <nautilus_trader.data.aggregation.TimeBarAggregator object at 0x7991ce9cdf00>>, priority=5)
2026-06-08T20:00:02.652788483Z [DEBUG] eToro-Momentum-LS.nautilus_common::live::timer: Creating timer 'TIME_BAR_RHM.DE.ETORO-1-HOUR-MID-INTERNAL'
2026-06-08T20:00:02.652799092Z [DEBUG] eToro-Momentum-LS.TimeBarAggregator: [start_timer] fire_immediately=False, _skip_first_non_full_bar=False, now=2026-06-08 20:00:02.652770509+00:00, start_time=2026-06-08 20:00:00+00:00, first_close_ns=1970-01-01 00:00:00+00:00, next_close_ns=2026-06-08 21:00:00+00:00
2026-06-08T20:00:02.652814652Z [DEBUG] eToro-Momentum-LS.DataEngine: Created aggregator for key=(BarType(PALL.ETORO-1-HOUR-MID-INTERNAL), None)
2026-06-08T20:00:02.652827716Z [DEBUG] eToro-Momentum-LS.MessageBus: Added Subscription(topic=data.quotes.ETORO.PALL, handler=<bound method BarAggregator.handle_quote_tick of <nautilus_trader.data.aggregation.TimeBarAggregator object at 0x7991ce9cdfc0>>, priority=5)
2026-06-08T20:00:02.652848375Z [DEBUG] eToro-Momentum-LS.nautilus_common::live::timer: Creating timer 'TIME_BAR_PALL.ETORO-1-HOUR-MID-INTERNAL'
2026-06-08T20:00:02.652859355Z [DEBUG] eToro-Momentum-LS.TimeBarAggregator: [start_timer] fire_immediately=False, _skip_first_non_full_bar=False, now=2026-06-08 20:00:02.652828708+00:00, start_time=2026-06-08 20:00:00+00:00, first_close_ns=1970-01-01 00:00:00+00:00, next_close_ns=2026-06-08 21:00:00+00:00
2026-06-08T20:00:02.652873732Z [DEBUG] eToro-Momentum-LS.DataEngine: Created aggregator for key=(BarType(NVS.ETORO-1-HOUR-MID-INTERNAL), None)
2026-06-08T20:00:02.652886035Z [DEBUG] eToro-Momentum-LS.MessageBus: Added Subscription(topic=data.quotes.ETORO.NVS, handler=<bound method BarAggregator.handle_quote_tick of <nautilus_trader.data.aggregation.TimeBarAggregator object at 0x7991ce9ce080>>, priority=5)
2026-06-08T20:00:02.652907426Z [DEBUG] eToro-Momentum-LS.nautilus_common::live::timer: Creating timer 'TIME_BAR_NVS.ETORO-1-HOUR-MID-INTERNAL'
2026-06-08T20:00:02.652919218Z [DEBUG] eToro-Momentum-LS.TimeBarAggregator: [start_timer] fire_immediately=False, _skip_first_non_full_bar=False, now=2026-06-08 20:00:02.652887057+00:00, start_time=2026-06-08 20:00:00+00:00, first_close_ns=1970-01-01 00:00:00+00:00, next_close_ns=2026-06-08 21:00:00+00:00
2026-06-08T20:00:02.652944615Z [DEBUG] eToro-Momentum-LS.DataEngine: Created aggregator for key=(BarType(DOCU.ETORO-1-HOUR-MID-INTERNAL), None)
2026-06-08T20:00:02.652957790Z [DEBUG] eToro-Momentum-LS.MessageBus: Added Subscription(topic=data.quotes.ETORO.DOCU, handler=<bound method BarAggregator.handle_quote_tick of <nautilus_trader.data.aggregation.TimeBarAggregator object at 0x7991ce9ce140>>, priority=5)
2026-06-08T20:00:02.652979010Z [DEBUG] eToro-Momentum-LS.nautilus_common::live::timer: Creating timer 'TIME_BAR_DOCU.ETORO-1-HOUR-MID-INTERNAL'
2026-06-08T20:00:02.652989890Z [DEBUG] eToro-Momentum-LS.TimeBarAggregator: [start_timer] fire_immediately=False, _skip_first_non_full_bar=False, now=2026-06-08 20:00:02.652958632+00:00, start_time=2026-06-08 20:00:00+00:00, first_close_ns=1970-01-01 00:00:00+00:00, next_close_ns=2026-06-08 21:00:00+00:00
2026-06-08T20:00:02.653003937Z [DEBUG] eToro-Momentum-LS.DataEngine: Created aggregator for key=(BarType(FSLY.ETORO-1-HOUR-MID-INTERNAL), None)
2026-06-08T20:00:02.653017412Z [DEBUG] eToro-Momentum-LS.MessageBus: Added Subscription(topic=data.quotes.ETORO.FSLY, handler=<bound method BarAggregator.handle_quote_tick of <nautilus_trader.data.aggregation.TimeBarAggregator object at 0x7991ce9ce200>>, priority=5)
2026-06-08T20:00:02.653038922Z [DEBUG] eToro-Momentum-LS.nautilus_common::live::timer: Creating timer 'TIME_BAR_FSLY.ETORO-1-HOUR-MID-INTERNAL'
2026-06-08T20:00:02.653049151Z [DEBUG] eToro-Momentum-LS.TimeBarAggregator: [start_timer] fire_immediately=False, _skip_first_non_full_bar=False, now=2026-06-08 20:00:02.653018444+00:00, start_time=2026-06-08 20:00:00+00:00, first_close_ns=1970-01-01 00:00:00+00:00, next_close_ns=2026-06-08 21:00:00+00:00
2026-06-08T20:00:02.653063067Z [DEBUG] eToro-Momentum-LS.DataEngine: Created aggregator for key=(BarType(TSEM.ETORO-1-HOUR-MID-INTERNAL), None)
2026-06-08T20:00:02.653075741Z [DEBUG] eToro-Momentum-LS.MessageBus: Added Subscription(topic=data.quotes.ETORO.TSEM, handler=<bound method BarAggregator.handle_quote_tick of <nautilus_trader.data.aggregation.TimeBarAggregator object at 0x7991ce9ce2c0>>, priority=5)
2026-06-08T20:00:02.653096891Z [DEBUG] eToro-Momentum-LS.nautilus_common::live::timer: Creating timer 'TIME_BAR_TSEM.ETORO-1-HOUR-MID-INTERNAL'
2026-06-08T20:00:02.653107100Z [DEBUG] eToro-Momentum-LS.TimeBarAggregator: [start_timer] fire_immediately=False, _skip_first_non_full_bar=False, now=2026-06-08 20:00:02.653076703+00:00, start_time=2026-06-08 20:00:00+00:00, first_close_ns=1970-01-01 00:00:00+00:00, next_close_ns=2026-06-08 21:00:00+00:00
2026-06-08T20:00:02.653122429Z [DEBUG] eToro-Momentum-LS.DataEngine: Created aggregator for key=(BarType(AG.ETORO-1-HOUR-MID-INTERNAL), None)
2026-06-08T20:00:02.653135994Z [DEBUG] eToro-Momentum-LS.MessageBus: Added Subscription(topic=data.quotes.ETORO.AG, handler=<bound method BarAggregator.handle_quote_tick of <nautilus_trader.data.aggregation.TimeBarAggregator object at 0x7991ce9ce380>>, priority=5)
2026-06-08T20:00:02.653157805Z [DEBUG] eToro-Momentum-LS.nautilus_common::live::timer: Creating timer 'TIME_BAR_AG.ETORO-1-HOUR-MID-INTERNAL'
2026-06-08T20:00:02.653168365Z [DEBUG] eToro-Momentum-LS.TimeBarAggregator: [start_timer] fire_immediately=False, _skip_first_non_full_bar=False, now=2026-06-08 20:00:02.653137086+00:00, start_time=2026-06-08 20:00:00+00:00, first_close_ns=1970-01-01 00:00:00+00:00, next_close_ns=2026-06-08 21:00:00+00:00
2026-06-08T20:00:02.653182581Z [DEBUG] eToro-Momentum-LS.DataEngine: Created aggregator for key=(BarType(XPEV.ETORO-1-HOUR-MID-INTERNAL), None)
2026-06-08T20:00:02.653195987Z [DEBUG] eToro-Momentum-LS.MessageBus: Added Subscription(topic=data.quotes.ETORO.XPEV, handler=<bound method BarAggregator.handle_quote_tick of <nautilus_trader.data.aggregation.TimeBarAggregator object at 0x7991ce9ce440>>, priority=5)
2026-06-08T20:00:02.653215223Z [DEBUG] eToro-Momentum-LS.nautilus_common::live::timer: Creating timer 'TIME_BAR_XPEV.ETORO-1-HOUR-MID-INTERNAL'
2026-06-08T20:00:02.653226203Z [DEBUG] eToro-Momentum-LS.TimeBarAggregator: [start_timer] fire_immediately=False, _skip_first_non_full_bar=False, now=2026-06-08 20:00:02.653196948+00:00, start_time=2026-06-08 20:00:00+00:00, first_close_ns=1970-01-01 00:00:00+00:00, next_close_ns=2026-06-08 21:00:00+00:00
2026-06-08T20:00:02.653240480Z [DEBUG] eToro-Momentum-LS.DataEngine: Created aggregator for key=(BarType(E.ETORO-1-HOUR-MID-INTERNAL), None)
2026-06-08T20:00:02.653253494Z [DEBUG] eToro-Momentum-LS.MessageBus: Added Subscription(topic=data.quotes.ETORO.E, handler=<bound method BarAggregator.handle_quote_tick of <nautilus_trader.data.aggregation.TimeBarAggregator object at 0x7991ce9ce500>>, priority=5)
2026-06-08T20:00:02.653273953Z [DEBUG] eToro-Momentum-LS.nautilus_common::live::timer: Creating timer 'TIME_BAR_E.ETORO-1-HOUR-MID-INTERNAL'
2026-06-08T20:00:02.653284753Z [DEBUG] eToro-Momentum-LS.TimeBarAggregator: [start_timer] fire_immediately=False, _skip_first_non_full_bar=False, now=2026-06-08 20:00:02.653254436+00:00, start_time=2026-06-08 20:00:00+00:00, first_close_ns=1970-01-01 00:00:00+00:00, next_close_ns=2026-06-08 21:00:00+00:00
2026-06-08T20:00:02.653298899Z [DEBUG] eToro-Momentum-LS.DataEngine: Created aggregator for key=(BarType(HUT.ETORO-1-HOUR-MID-INTERNAL), None)
2026-06-08T20:00:02.653312565Z [DEBUG] eToro-Momentum-LS.MessageBus: Added Subscription(topic=data.quotes.ETORO.HUT, handler=<bound method BarAggregator.handle_quote_tick of <nautilus_trader.data.aggregation.TimeBarAggregator object at 0x7991ce9ce5c0>>, priority=5)
2026-06-08T20:00:02.653331861Z [DEBUG] eToro-Momentum-LS.nautilus_common::live::timer: Creating timer 'TIME_BAR_HUT.ETORO-1-HOUR-MID-INTERNAL'
2026-06-08T20:00:02.653343774Z [DEBUG] eToro-Momentum-LS.TimeBarAggregator: [start_timer] fire_immediately=False, _skip_first_non_full_bar=False, now=2026-06-08 20:00:02.653313587+00:00, start_time=2026-06-08 20:00:00+00:00, first_close_ns=1970-01-01 00:00:00+00:00, next_close_ns=2026-06-08 21:00:00+00:00
2026-06-08T20:00:02.653359573Z [DEBUG] eToro-Momentum-LS.DataEngine: Created aggregator for key=(BarType(INSM.ETORO-1-HOUR-MID-INTERNAL), None)
2026-06-08T20:00:02.653372377Z [DEBUG] eToro-Momentum-LS.MessageBus: Added Subscription(topic=data.quotes.ETORO.INSM, handler=<bound method BarAggregator.handle_quote_tick of <nautilus_trader.data.aggregation.TimeBarAggregator object at 0x7991ce9ce680>>, priority=5)
2026-06-08T20:00:02.653393727Z [DEBUG] eToro-Momentum-LS.nautilus_common::live::timer: Creating timer 'TIME_BAR_INSM.ETORO-1-HOUR-MID-INTERNAL'
2026-06-08T20:00:02.653404007Z [DEBUG] eToro-Momentum-LS.TimeBarAggregator: [start_timer] fire_immediately=False, _skip_first_non_full_bar=False, now=2026-06-08 20:00:02.653373299+00:00, start_time=2026-06-08 20:00:00+00:00, first_close_ns=1970-01-01 00:00:00+00:00, next_close_ns=2026-06-08 21:00:00+00:00
2026-06-08T20:00:02.653419676Z [DEBUG] eToro-Momentum-LS.DataEngine: Created aggregator for key=(BarType(INSW.ETORO-1-HOUR-MID-INTERNAL), None)
2026-06-08T20:00:02.653432911Z [DEBUG] eToro-Momentum-LS.MessageBus: Added Subscription(topic=data.quotes.ETORO.INSW, handler=<bound method BarAggregator.handle_quote_tick of <nautilus_trader.data.aggregation.TimeBarAggregator object at 0x7991ce9ce740>>, priority=5)
2026-06-08T20:00:02.653451926Z [DEBUG] eToro-Momentum-LS.nautilus_common::live::timer: Creating timer 'TIME_BAR_INSW.ETORO-1-HOUR-MID-INTERNAL'
2026-06-08T20:00:02.653462356Z [DEBUG] eToro-Momentum-LS.TimeBarAggregator: [start_timer] fire_immediately=False, _skip_first_non_full_bar=False, now=2026-06-08 20:00:02.653433822+00:00, start_time=2026-06-08 20:00:00+00:00, first_close_ns=1970-01-01 00:00:00+00:00, next_close_ns=2026-06-08 21:00:00+00:00
2026-06-08T20:00:02.653475931Z [DEBUG] eToro-Momentum-LS.DataEngine: Created aggregator for key=(BarType(TTMI.ETORO-1-HOUR-MID-INTERNAL), None)
2026-06-08T20:00:02.653488715Z [DEBUG] eToro-Momentum-LS.MessageBus: Added Subscription(topic=data.quotes.ETORO.TTMI, handler=<bound method BarAggregator.handle_quote_tick of <nautilus_trader.data.aggregation.TimeBarAggregator object at 0x7991ce9ce800>>, priority=5)
2026-06-08T20:00:02.653508302Z [DEBUG] eToro-Momentum-LS.nautilus_common::live::timer: Creating timer 'TIME_BAR_TTMI.ETORO-1-HOUR-MID-INTERNAL'
2026-06-08T20:00:02.653518651Z [DEBUG] eToro-Momentum-LS.TimeBarAggregator: [start_timer] fire_immediately=False, _skip_first_non_full_bar=False, now=2026-06-08 20:00:02.653489637+00:00, start_time=2026-06-08 20:00:00+00:00, first_close_ns=1970-01-01 00:00:00+00:00, next_close_ns=2026-06-08 21:00:00+00:00
2026-06-08T20:00:02.653532548Z [DEBUG] eToro-Momentum-LS.DataEngine: Created aggregator for key=(BarType(ESLT.ETORO-1-HOUR-MID-INTERNAL), None)
2026-06-08T20:00:02.653545572Z [DEBUG] eToro-Momentum-LS.MessageBus: Added Subscription(topic=data.quotes.ETORO.ESLT, handler=<bound method BarAggregator.handle_quote_tick of <nautilus_trader.data.aggregation.TimeBarAggregator object at 0x7991ce9ce8c0>>, priority=5)
2026-06-08T20:00:02.653564688Z [DEBUG] eToro-Momentum-LS.nautilus_common::live::timer: Creating timer 'TIME_BAR_ESLT.ETORO-1-HOUR-MID-INTERNAL'
2026-06-08T20:00:02.653574907Z [DEBUG] eToro-Momentum-LS.TimeBarAggregator: [start_timer] fire_immediately=False, _skip_first_non_full_bar=False, now=2026-06-08 20:00:02.653546514+00:00, start_time=2026-06-08 20:00:00+00:00, first_close_ns=1970-01-01 00:00:00+00:00, next_close_ns=2026-06-08 21:00:00+00:00
2026-06-08T20:00:02.653622546Z [DEBUG] eToro-Momentum-LS.DataClient-ETORO_WS_CLIENT: Creating async task 'subscribe: quote_ticks COHR.ETORO'
2026-06-08T20:00:02.653635240Z [DEBUG] eToro-Momentum-LS.DataClient-ETORO_WS_CLIENT: Creating async task 'subscribe: quote_ticks MTZ.ETORO'
2026-06-08T20:00:02.653640700Z [DEBUG] eToro-Momentum-LS.DataClient-ETORO_WS_CLIENT: Creating async task 'subscribe: quote_ticks SE.ETORO'
2026-06-08T20:00:02.653645379Z [DEBUG] eToro-Momentum-LS.DataClient-ETORO_WS_CLIENT: Creating async task 'subscribe: quote_ticks SQM.ETORO'
2026-06-08T20:00:02.653652052Z [DEBUG] eToro-Momentum-LS.DataClient-ETORO_WS_CLIENT: Creating async task 'subscribe: quote_ticks MNDY.ETORO'
2026-06-08T20:00:02.653657191Z [DEBUG] eToro-Momentum-LS.DataClient-ETORO_WS_CLIENT: Creating async task 'subscribe: quote_ticks VRT.ETORO'
2026-06-08T20:00:02.653661990Z [DEBUG] eToro-Momentum-LS.DataClient-ETORO_WS_CLIENT: Creating async task 'subscribe: quote_ticks CIEN.ETORO'
2026-06-08T20:00:02.653667240Z [DEBUG] eToro-Momentum-LS.DataClient-ETORO_WS_CLIENT: Creating async task 'subscribe: quote_ticks POWL.ETORO'
2026-06-08T20:00:02.653673382Z [DEBUG] eToro-Momentum-LS.DataClient-ETORO_WS_CLIENT: Creating async task 'subscribe: quote_ticks PBR.ETORO'
2026-06-08T20:00:02.653680264Z [DEBUG] eToro-Momentum-LS.DataClient-ETORO_WS_CLIENT: Creating async task 'subscribe: quote_ticks PINS.ETORO'
2026-06-08T20:00:02.653688219Z [DEBUG] eToro-Momentum-LS.DataClient-ETORO_WS_CLIENT: Creating async task 'subscribe: quote_ticks EEFT.ETORO'
2026-06-08T20:00:02.653695884Z [DEBUG] eToro-Momentum-LS.DataClient-ETORO_WS_CLIENT: Creating async task 'subscribe: quote_ticks GTLB.ETORO'
2026-06-08T20:00:02.653704189Z [DEBUG] eToro-Momentum-LS.DataClient-ETORO_WS_CLIENT: Creating async task 'subscribe: quote_ticks HUBS.ETORO'
2026-06-08T20:00:02.653713026Z [DEBUG] eToro-Momentum-LS.DataClient-ETORO_WS_CLIENT: Creating async task 'subscribe: quote_ticks WIX.ETORO'
2026-06-08T20:00:02.653722694Z [DEBUG] eToro-Momentum-LS.DataClient-ETORO_WS_CLIENT: Creating async task 'subscribe: quote_ticks HAL.ETORO'
2026-06-08T20:00:02.653733414Z [DEBUG] eToro-Momentum-LS.DataClient-ETORO_WS_CLIENT: Creating async task 'subscribe: quote_ticks RHM.DE.ETORO'
2026-06-08T20:00:02.653744785Z [DEBUG] eToro-Momentum-LS.DataClient-ETORO_WS_CLIENT: Creating async task 'subscribe: quote_ticks PALL.ETORO'
2026-06-08T20:00:02.653757028Z [DEBUG] eToro-Momentum-LS.DataClient-ETORO_WS_CLIENT: Creating async task 'subscribe: quote_ticks NVS.ETORO'
2026-06-08T20:00:02.653771556Z [DEBUG] eToro-Momentum-LS.DataClient-ETORO_WS_CLIENT: Creating async task 'subscribe: quote_ticks DOCU.ETORO'
2026-06-08T20:00:02.653785031Z [DEBUG] eToro-Momentum-LS.DataClient-ETORO_WS_CLIENT: Creating async task 'subscribe: quote_ticks FSLY.ETORO'
2026-06-08T20:00:02.653798857Z [DEBUG] eToro-Momentum-LS.DataClient-ETORO_WS_CLIENT: Creating async task 'subscribe: quote_ticks TSEM.ETORO'
2026-06-08T20:00:02.653832420Z [DEBUG] eToro-Momentum-LS.DataClient-ETORO_WS_CLIENT: Creating async task 'subscribe: quote_ticks AG.ETORO'
2026-06-08T20:00:02.653847879Z [DEBUG] eToro-Momentum-LS.DataClient-ETORO_WS_CLIENT: Creating async task 'subscribe: quote_ticks XPEV.ETORO'
2026-06-08T20:00:02.653864319Z [DEBUG] eToro-Momentum-LS.DataClient-ETORO_WS_CLIENT: Creating async task 'subscribe: quote_ticks E.ETORO'
2026-06-08T20:00:02.653882023Z [DEBUG] eToro-Momentum-LS.DataClient-ETORO_WS_CLIENT: Creating async task 'subscribe: quote_ticks HUT.ETORO'
2026-06-08T20:00:02.653899836Z [DEBUG] eToro-Momentum-LS.DataClient-ETORO_WS_CLIENT: Creating async task 'subscribe: quote_ticks INSM.ETORO'
2026-06-08T20:00:02.653918581Z [DEBUG] eToro-Momentum-LS.DataClient-ETORO_WS_CLIENT: Creating async task 'subscribe: quote_ticks INSW.ETORO'
2026-06-08T20:00:02.653941204Z [DEBUG] eToro-Momentum-LS.DataClient-ETORO_WS_CLIENT: Creating async task 'subscribe: quote_ticks TTMI.ETORO'
2026-06-08T20:00:02.653960790Z [DEBUG] eToro-Momentum-LS.DataClient-ETORO_WS_CLIENT: Creating async task 'subscribe: quote_ticks ESLT.ETORO'
2026-06-08T20:00:02.653975979Z [DEBUG] eToro-Momentum-LS.DataClient-ETORO_WS_CLIENT: Coroutine 'subscribe: quote_ticks COHR.ETORO' completed
2026-06-08T20:00:02.653976881Z [INFO] eToro-Momentum-LS.DataClient-ETORO_WS_CLIENT: Subscribed COHR.ETORO quotes
2026-06-08T20:00:02.653979846Z [DEBUG] eToro-Momentum-LS.DataClient-ETORO_WS_CLIENT: Coroutine 'subscribe: quote_ticks MTZ.ETORO' completed
2026-06-08T20:00:02.653980507Z [INFO] eToro-Momentum-LS.DataClient-ETORO_WS_CLIENT: Subscribed MTZ.ETORO quotes
2026-06-08T20:00:02.653981499Z [DEBUG] eToro-Momentum-LS.DataClient-ETORO_WS_CLIENT: Coroutine 'subscribe: quote_ticks SE.ETORO' completed
2026-06-08T20:00:02.653981700Z [INFO] eToro-Momentum-LS.DataClient-ETORO_WS_CLIENT: Subscribed SE.ETORO quotes
2026-06-08T20:00:02.653982551Z [DEBUG] eToro-Momentum-LS.DataClient-ETORO_WS_CLIENT: Coroutine 'subscribe: quote_ticks SQM.ETORO' completed
2026-06-08T20:00:02.653982912Z [INFO] eToro-Momentum-LS.DataClient-ETORO_WS_CLIENT: Subscribed SQM.ETORO quotes
2026-06-08T20:00:02.653983713Z [DEBUG] eToro-Momentum-LS.DataClient-ETORO_WS_CLIENT: Coroutine 'subscribe: quote_ticks MNDY.ETORO' completed
2026-06-08T20:00:02.653983944Z [INFO] eToro-Momentum-LS.DataClient-ETORO_WS_CLIENT: Subscribed MNDY.ETORO quotes
2026-06-08T20:00:02.653984635Z [DEBUG] eToro-Momentum-LS.DataClient-ETORO_WS_CLIENT: Coroutine 'subscribe: quote_ticks VRT.ETORO' completed
2026-06-08T20:00:02.653984886Z [INFO] eToro-Momentum-LS.DataClient-ETORO_WS_CLIENT: Subscribed VRT.ETORO quotes
2026-06-08T20:00:02.653986428Z [DEBUG] eToro-Momentum-LS.DataClient-ETORO_WS_CLIENT: Coroutine 'subscribe: quote_ticks CIEN.ETORO' completed
2026-06-08T20:00:02.653987460Z [INFO] eToro-Momentum-LS.DataClient-ETORO_WS_CLIENT: Subscribed CIEN.ETORO quotes
2026-06-08T20:00:02.653988112Z [DEBUG] eToro-Momentum-LS.DataClient-ETORO_WS_CLIENT: Coroutine 'subscribe: quote_ticks POWL.ETORO' completed
2026-06-08T20:00:02.653988372Z [INFO] eToro-Momentum-LS.DataClient-ETORO_WS_CLIENT: Subscribed POWL.ETORO quotes
2026-06-08T20:00:02.653989013Z [DEBUG] eToro-Momentum-LS.DataClient-ETORO_WS_CLIENT: Coroutine 'subscribe: quote_ticks PBR.ETORO' completed
2026-06-08T20:00:02.653989214Z [INFO] eToro-Momentum-LS.DataClient-ETORO_WS_CLIENT: Subscribed PBR.ETORO quotes
2026-06-08T20:00:02.653989845Z [DEBUG] eToro-Momentum-LS.DataClient-ETORO_WS_CLIENT: Coroutine 'subscribe: quote_ticks PINS.ETORO' completed
2026-06-08T20:00:02.653990055Z [INFO] eToro-Momentum-LS.DataClient-ETORO_WS_CLIENT: Subscribed PINS.ETORO quotes
2026-06-08T20:00:02.653990747Z [DEBUG] eToro-Momentum-LS.DataClient-ETORO_WS_CLIENT: Coroutine 'subscribe: quote_ticks EEFT.ETORO' completed
2026-06-08T20:00:02.653990977Z [INFO] eToro-Momentum-LS.DataClient-ETORO_WS_CLIENT: Subscribed EEFT.ETORO quotes
2026-06-08T20:00:02.653991598Z [DEBUG] eToro-Momentum-LS.DataClient-ETORO_WS_CLIENT: Coroutine 'subscribe: quote_ticks GTLB.ETORO' completed
2026-06-08T20:00:02.653991799Z [INFO] eToro-Momentum-LS.DataClient-ETORO_WS_CLIENT: Subscribed GTLB.ETORO quotes
2026-06-08T20:00:02.653992410Z [DEBUG] eToro-Momentum-LS.DataClient-ETORO_WS_CLIENT: Coroutine 'subscribe: quote_ticks HUBS.ETORO' completed
2026-06-08T20:00:02.653992670Z [INFO] eToro-Momentum-LS.DataClient-ETORO_WS_CLIENT: Subscribed HUBS.ETORO quotes
2026-06-08T20:00:02.653993351Z [DEBUG] eToro-Momentum-LS.DataClient-ETORO_WS_CLIENT: Coroutine 'subscribe: quote_ticks WIX.ETORO' completed
2026-06-08T20:00:02.653993562Z [INFO] eToro-Momentum-LS.DataClient-ETORO_WS_CLIENT: Subscribed WIX.ETORO quotes
2026-06-08T20:00:02.653994203Z [DEBUG] eToro-Momentum-LS.DataClient-ETORO_WS_CLIENT: Coroutine 'subscribe: quote_ticks HAL.ETORO' completed
2026-06-08T20:00:02.653994514Z [INFO] eToro-Momentum-LS.DataClient-ETORO_WS_CLIENT: Subscribed HAL.ETORO quotes
2026-06-08T20:00:02.653995155Z [DEBUG] eToro-Momentum-LS.DataClient-ETORO_WS_CLIENT: Coroutine 'subscribe: quote_ticks RHM.DE.ETORO' completed
2026-06-08T20:00:02.653995355Z [INFO] eToro-Momentum-LS.DataClient-ETORO_WS_CLIENT: Subscribed RHM.DE.ETORO quotes
2026-06-08T20:00:02.653996036Z [DEBUG] eToro-Momentum-LS.DataClient-ETORO_WS_CLIENT: Coroutine 'subscribe: quote_ticks PALL.ETORO' completed
2026-06-08T20:00:02.653996257Z [INFO] eToro-Momentum-LS.DataClient-ETORO_WS_CLIENT: Subscribed PALL.ETORO quotes
2026-06-08T20:00:02.653996878Z [DEBUG] eToro-Momentum-LS.DataClient-ETORO_WS_CLIENT: Coroutine 'subscribe: quote_ticks NVS.ETORO' completed
2026-06-08T20:00:02.653997940Z [INFO] eToro-Momentum-LS.DataClient-ETORO_WS_CLIENT: Subscribed NVS.ETORO quotes
2026-06-08T20:00:02.653998571Z [DEBUG] eToro-Momentum-LS.DataClient-ETORO_WS_CLIENT: Coroutine 'subscribe: quote_ticks DOCU.ETORO' completed
2026-06-08T20:00:02.653998892Z [INFO] eToro-Momentum-LS.DataClient-ETORO_WS_CLIENT: Subscribed DOCU.ETORO quotes
2026-06-08T20:00:02.653999563Z [DEBUG] eToro-Momentum-LS.DataClient-ETORO_WS_CLIENT: Coroutine 'subscribe: quote_ticks FSLY.ETORO' completed
2026-06-08T20:00:02.654000194Z [INFO] eToro-Momentum-LS.DataClient-ETORO_WS_CLIENT: Subscribed FSLY.ETORO quotes
2026-06-08T20:00:02.654000815Z [DEBUG] eToro-Momentum-LS.DataClient-ETORO_WS_CLIENT: Coroutine 'subscribe: quote_ticks TSEM.ETORO' completed
2026-06-08T20:00:02.654001046Z [INFO] eToro-Momentum-LS.DataClient-ETORO_WS_CLIENT: Subscribed TSEM.ETORO quotes
2026-06-08T20:00:02.654001697Z [DEBUG] eToro-Momentum-LS.DataClient-ETORO_WS_CLIENT: Coroutine 'subscribe: quote_ticks AG.ETORO' completed
2026-06-08T20:00:02.654002418Z [INFO] eToro-Momentum-LS.DataClient-ETORO_WS_CLIENT: Subscribed AG.ETORO quotes
2026-06-08T20:00:02.654003060Z [DEBUG] eToro-Momentum-LS.DataClient-ETORO_WS_CLIENT: Coroutine 'subscribe: quote_ticks XPEV.ETORO' completed
2026-06-08T20:00:02.654004222Z [INFO] eToro-Momentum-LS.DataClient-ETORO_WS_CLIENT: Subscribed XPEV.ETORO quotes
2026-06-08T20:00:02.654004873Z [DEBUG] eToro-Momentum-LS.DataClient-ETORO_WS_CLIENT: Coroutine 'subscribe: quote_ticks E.ETORO' completed
2026-06-08T20:00:02.654005174Z [INFO] eToro-Momentum-LS.DataClient-ETORO_WS_CLIENT: Subscribed E.ETORO quotes
2026-06-08T20:00:02.654005855Z [DEBUG] eToro-Momentum-LS.DataClient-ETORO_WS_CLIENT: Coroutine 'subscribe: quote_ticks HUT.ETORO' completed
2026-06-08T20:00:02.654006226Z [INFO] eToro-Momentum-LS.DataClient-ETORO_WS_CLIENT: Subscribed HUT.ETORO quotes
2026-06-08T20:00:02.654006937Z [DEBUG] eToro-Momentum-LS.DataClient-ETORO_WS_CLIENT: Coroutine 'subscribe: quote_ticks INSM.ETORO' completed
2026-06-08T20:00:02.654007268Z [INFO] eToro-Momentum-LS.DataClient-ETORO_WS_CLIENT: Subscribed INSM.ETORO quotes
2026-06-08T20:00:02.654007909Z [DEBUG] eToro-Momentum-LS.DataClient-ETORO_WS_CLIENT: Coroutine 'subscribe: quote_ticks INSW.ETORO' completed
2026-06-08T20:00:02.654008340Z [INFO] eToro-Momentum-LS.DataClient-ETORO_WS_CLIENT: Subscribed INSW.ETORO quotes
2026-06-08T20:00:02.654008991Z [DEBUG] eToro-Momentum-LS.DataClient-ETORO_WS_CLIENT: Coroutine 'subscribe: quote_ticks TTMI.ETORO' completed
2026-06-08T20:00:02.654009432Z [INFO] eToro-Momentum-LS.DataClient-ETORO_WS_CLIENT: Subscribed TTMI.ETORO quotes
2026-06-08T20:00:02.654010083Z [DEBUG] eToro-Momentum-LS.DataClient-ETORO_WS_CLIENT: Coroutine 'subscribe: quote_ticks ESLT.ETORO' completed
2026-06-08T20:00:02.654010313Z [INFO] eToro-Momentum-LS.DataClient-ETORO_WS_CLIENT: Subscribed ESLT.ETORO quotes
2026-06-08T20:00:14.638839857Z [DEBUG] eToro-Momentum-LS.ExecEngine: Checking in-flight orders status
2026-06-08T20:00:16.640567401Z [DEBUG] eToro-Momentum-LS.ExecEngine: Checking in-flight orders status
2026-06-08T20:00:18.642079762Z [DEBUG] eToro-Momentum-LS.ExecEngine: Checking in-flight orders status
2026-06-08T20:00:20.643200311Z [DEBUG] eToro-Momentum-LS.ExecEngine: Checking in-flight orders status
2026-06-08T20:00:22.643907987Z [DEBUG] eToro-Momentum-LS.ExecEngine: Checking in-flight orders status
2026-06-08T20:00:24.645866650Z [DEBUG] eToro-Momentum-LS.ExecEngine: Checking in-flight orders status
2026-06-08T20:00:26.646711752Z [DEBUG] eToro-Momentum-LS.ExecEngine: Checking in-flight orders status
2026-06-08T20:00:28.646996209Z [DEBUG] eToro-Momentum-LS.ExecEngine: Checking in-flight orders status
2026-06-08T20:00:30.649961151Z [DEBUG] eToro-Momentum-LS.ExecEngine: Checking in-flight orders status
2026-06-08T20:00:32.651270645Z [DEBUG] eToro-Momentum-LS.ExecEngine: Checking in-flight orders status
2026-06-08T20:00:34.652077244Z [DEBUG] eToro-Momentum-LS.ExecEngine: Checking in-flight orders status
2026-06-08T20:00:36.653007108Z [DEBUG] eToro-Momentum-LS.ExecEngine: Checking in-flight orders status
2026-06-08T20:00:38.654351782Z [DEBUG] eToro-Momentum-LS.ExecEngine: Checking in-flight orders status
2026-06-08T20:00:40.655991464Z [DEBUG] eToro-Momentum-LS.ExecEngine: Checking in-flight orders status
2026-06-08T20:00:42.657020889Z [DEBUG] eToro-Momentum-LS.ExecEngine: Checking in-flight orders status
2026-06-08T20:00:44.658397437Z [DEBUG] eToro-Momentum-LS.ExecEngine: Checking in-flight orders status
2026-06-08T20:00:46.659867911Z [DEBUG] eToro-Momentum-LS.ExecEngine: Checking in-flight orders status
2026-06-08T20:00:48.661435753Z [DEBUG] eToro-Momentum-LS.ExecEngine: Checking in-flight orders status
2026-06-08T20:00:50.663167525Z [DEBUG] eToro-Momentum-LS.ExecEngine: Checking in-flight orders status
2026-06-08T20:00:52.664062021Z [DEBUG] eToro-Momentum-LS.ExecEngine: Checking in-flight orders status
2026-06-08T20:00:54.665824109Z [DEBUG] eToro-Momentum-LS.ExecEngine: Checking in-flight orders status
2026-06-08T20:00:56.667810554Z [DEBUG] eToro-Momentum-LS.ExecEngine: Checking in-flight orders status
2026-06-08T20:00:58.670243107Z [DEBUG] eToro-Momentum-LS.ExecEngine: Checking in-flight orders status
2026-06-08T20:01:00.671054886Z [DEBUG] eToro-Momentum-LS.ExecEngine: Checking in-flight orders status
2026-06-08T20:01:02.671461681Z [DEBUG] eToro-Momentum-LS.ExecEngine: Checking in-flight orders status
2026-06-08T20:01:04.673569642Z [DEBUG] eToro-Momentum-LS.ExecEngine: Checking in-flight orders status
2026-06-08T20:01:06.675291747Z [DEBUG] eToro-Momentum-LS.ExecEngine: Checking in-flight orders status
2026-06-08T20:01:08.675673100Z [DEBUG] eToro-Momentum-LS.ExecEngine: Checking in-flight orders status
2026-06-08T20:01:10.677013642Z [DEBUG] eToro-Momentum-LS.ExecEngine: Checking in-flight orders status
2026-06-08T20:01:12.678787006Z [DEBUG] eToro-Momentum-LS.ExecEngine: Checking in-flight orders status
2026-06-08T20:01:14.680121392Z [DEBUG] eToro-Momentum-LS.ExecEngine: Checking in-flight orders status
2026-06-08T20:01:16.682694555Z [DEBUG] eToro-Momentum-LS.ExecEngine: Checking in-flight orders status
2026-06-08T20:01:18.683043868Z [DEBUG] eToro-Momentum-LS.ExecEngine: Checking in-flight orders status
2026-06-08T20:01:20.684111042Z [DEBUG] eToro-Momentum-LS.ExecEngine: Checking in-flight orders status
2026-06-08T20:01:22.685111746Z [DEBUG] eToro-Momentum-LS.ExecEngine: Checking in-flight orders status
2026-06-08T20:01:24.687595214Z [DEBUG] eToro-Momentum-LS.ExecEngine: Checking in-flight orders status
2026-06-08T20:01:26.687910921Z [DEBUG] eToro-Momentum-LS.ExecEngine: Checking in-flight orders status
2026-06-08T20:01:28.690083538Z [DEBUG] eToro-Momentum-LS.ExecEngine: Checking in-flight orders status
2026-06-08T20:01:30.692018635Z [DEBUG] eToro-Momentum-LS.ExecEngine: Checking in-flight orders status
2026-06-08T20:01:32.693014875Z [DEBUG] eToro-Momentum-LS.ExecEngine: Checking in-flight orders status
2026-06-08T20:01:34.695098432Z [DEBUG] eToro-Momentum-LS.ExecEngine: Checking in-flight orders status
2026-06-08T20:01:36.697214858Z [DEBUG] eToro-Momentum-LS.ExecEngine: Checking in-flight orders status
2026-06-08T20:01:38.698010127Z [DEBUG] eToro-Momentum-LS.ExecEngine: Checking in-flight orders status
2026-06-08T20:01:40.700002877Z [DEBUG] eToro-Momentum-LS.ExecEngine: Checking in-flight orders status
2026-06-08T20:01:42.701097536Z [DEBUG] eToro-Momentum-LS.ExecEngine: Checking in-flight orders status
2026-06-08T20:01:44.701739781Z [DEBUG] eToro-Momentum-LS.ExecEngine: Checking in-flight orders status
2026-06-08T20:01:46.703979134Z [DEBUG] eToro-Momentum-LS.ExecEngine: Checking in-flight orders status
2026-06-08T20:01:48.705764817Z [DEBUG] eToro-Momentum-LS.ExecEngine: Checking in-flight orders status
2026-06-08T20:01:52.707777754Z [DEBUG] eToro-Momentum-LS.ExecEngine: Checking in-flight orders status
2026-06-08T20:01:54.709052925Z [DEBUG] eToro-Momentum-LS.ExecEngine: Checking in-flight orders status
2026-06-08T20:01:56.709698202Z [DEBUG] eToro-Momentum-LS.ExecEngine: Checking in-flight orders status
2026-06-08T20:01:58.711879342Z [DEBUG] eToro-Momentum-LS.ExecEngine: Checking in-flight orders status
2026-06-08T20:02:00.713730785Z [DEBUG] eToro-Momentum-LS.ExecEngine: Checking in-flight orders status
2026-06-08T20:02:02.714284901Z [DEBUG] eToro-Momentum-LS.ExecEngine: Checking in-flight orders status
2026-06-08T20:02:04.716495266Z [DEBUG] eToro-Momentum-LS.ExecEngine: Checking in-flight orders status
2026-06-08T20:02:06.718103471Z [DEBUG] eToro-Momentum-LS.ExecEngine: Checking in-flight orders status
2026-06-08T20:02:08.719402502Z [DEBUG] eToro-Momentum-LS.ExecEngine: Checking in-flight orders status
2026-06-08T20:02:10.722089539Z [DEBUG] eToro-Momentum-LS.ExecEngine: Checking in-flight orders status
2026-06-08T20:02:12.724042564Z [DEBUG] eToro-Momentum-LS.ExecEngine: Checking in-flight orders status
2026-06-08T20:02:14.725000967Z [DEBUG] eToro-Momentum-LS.ExecEngine: Checking in-flight orders status
2026-06-08T20:02:16.727011355Z [DEBUG] eToro-Momentum-LS.ExecEngine: Checking in-flight orders status
2026-06-08T20:02:18.729758703Z [DEBUG] eToro-Momentum-LS.ExecEngine: Checking in-flight orders status
2026-06-08T20:02:20.730797990Z [DEBUG] eToro-Momentum-LS.ExecEngine: Checking in-flight orders status
2026-06-08T20:02:22.732011932Z [DEBUG] eToro-Momentum-LS.ExecEngine: Checking in-flight orders status
2026-06-08T20:02:24.734307157Z [DEBUG] eToro-Momentum-LS.ExecEngine: Checking in-flight orders status
2026-06-08T20:02:26.734645353Z [DEBUG] eToro-Momentum-LS.ExecEngine: Checking in-flight orders status
2026-06-08T20:02:28.736089050Z [DEBUG] eToro-Momentum-LS.ExecEngine: Checking in-flight orders status
2026-06-08T20:02:30.738968768Z [DEBUG] eToro-Momentum-LS.ExecEngine: Checking in-flight orders status
2026-06-08T20:02:32.739883489Z [DEBUG] eToro-Momentum-LS.ExecEngine: Checking in-flight orders status
2026-06-08T20:02:34.742059534Z [DEBUG] eToro-Momentum-LS.ExecEngine: Checking in-flight orders status
2026-06-08T20:02:36.744080541Z [DEBUG] eToro-Momentum-LS.ExecEngine: Checking in-flight orders status
2026-06-08T20:02:38.745798803Z [DEBUG] eToro-Momentum-LS.ExecEngine: Checking in-flight orders status
2026-06-08T20:02:40.748322329Z [DEBUG] eToro-Momentum-LS.ExecEngine: Checking in-flight orders status
2026-06-08T20:02:42.749620105Z [DEBUG] eToro-Momentum-LS.ExecEngine: Checking in-flight orders status
2026-06-08T20:02:44.750104623Z [DEBUG] eToro-Momentum-LS.ExecEngine: Checking in-flight orders status
2026-06-08T20:02:46.752640158Z [DEBUG] eToro-Momentum-LS.ExecEngine: Checking in-flight orders status
2026-06-08T20:02:48.753119450Z [DEBUG] eToro-Momentum-LS.ExecEngine: Checking in-flight orders status
2026-06-08T20:02:50.754446575Z [DEBUG] eToro-Momentum-LS.ExecEngine: Checking in-flight orders status
2026-06-08T20:02:52.757057233Z [DEBUG] eToro-Momentum-LS.ExecEngine: Checking in-flight orders status
2026-06-08T20:02:54.759868098Z [DEBUG] eToro-Momentum-LS.ExecEngine: Checking in-flight orders status
2026-06-08T20:02:56.761229668Z [DEBUG] eToro-Momentum-LS.ExecEngine: Checking in-flight orders status
2026-06-08T20:02:58.763422410Z [DEBUG] eToro-Momentum-LS.ExecEngine: Checking in-flight orders status
2026-06-08T20:03:00.764636403Z [DEBUG] eToro-Momentum-LS.ExecEngine: Checking in-flight orders status
2026-06-08T20:03:04.767019867Z [DEBUG] eToro-Momentum-LS.ExecEngine: Checking in-flight orders status
2026-06-08T20:03:06.769334631Z [DEBUG] eToro-Momentum-LS.ExecEngine: Checking in-flight orders status
2026-06-08T20:03:10.771757931Z [DEBUG] eToro-Momentum-LS.ExecEngine: Checking in-flight orders status
2026-06-08T20:03:12.772167087Z [DEBUG] eToro-Momentum-LS.ExecEngine: Checking in-flight orders status
2026-06-08T20:03:14.773300218Z [DEBUG] eToro-Momentum-LS.ExecEngine: Checking in-flight orders status
2026-06-08T20:03:16.775851161Z [DEBUG] eToro-Momentum-LS.ExecEngine: Checking in-flight orders status
2026-06-08T20:03:18.776701954Z [DEBUG] eToro-Momentum-LS.ExecEngine: Checking in-flight orders status
2026-06-08T20:03:20.777627797Z [DEBUG] eToro-Momentum-LS.ExecEngine: Checking in-flight orders status
2026-06-08T20:03:22.779471592Z [DEBUG] eToro-Momentum-LS.ExecEngine: Checking in-flight orders status
2026-06-08T20:03:24.781387165Z [DEBUG] eToro-Momentum-LS.ExecEngine: Checking in-flight orders status
2026-06-08T20:03:26.781745741Z [DEBUG] eToro-Momentum-LS.ExecEngine: Checking in-flight orders status
2026-06-08T20:03:28.784046343Z [DEBUG] eToro-Momentum-LS.ExecEngine: Checking in-flight orders status
2026-06-08T20:03:30.786313868Z [DEBUG] eToro-Momentum-LS.ExecEngine: Checking in-flight orders status
2026-06-08T20:03:32.787088773Z [DEBUG] eToro-Momentum-LS.ExecEngine: Checking in-flight orders status
2026-06-08T20:03:34.789259967Z [DEBUG] eToro-Momentum-LS.ExecEngine: Checking in-flight orders status
2026-06-08T20:03:36.791404759Z [DEBUG] eToro-Momentum-LS.ExecEngine: Checking in-flight orders status
2026-06-08T20:03:38.792309332Z [DEBUG] eToro-Momentum-LS.ExecEngine: Checking in-flight orders status
2026-06-08T20:03:40.794502451Z [DEBUG] eToro-Momentum-LS.ExecEngine: Checking in-flight orders status
2026-06-08T20:03:42.794515394Z [DEBUG] eToro-Momentum-LS.ExecEngine: Checking in-flight orders status
2026-06-08T20:03:44.795683130Z [DEBUG] eToro-Momentum-LS.ExecEngine: Checking in-flight orders status
2026-06-08T20:03:46.796902466Z [DEBUG] eToro-Momentum-LS.ExecEngine: Checking in-flight orders status
2026-06-08T20:03:48.799513527Z [DEBUG] eToro-Momentum-LS.ExecEngine: Checking in-flight orders status
2026-06-08T20:03:50.799868526Z [DEBUG] eToro-Momentum-LS.ExecEngine: Checking in-flight orders status
2026-06-08T20:03:52.802084646Z [DEBUG] eToro-Momentum-LS.ExecEngine: Checking in-flight orders status
2026-06-08T20:03:54.804409490Z [DEBUG] eToro-Momentum-LS.ExecEngine: Checking in-flight orders status
2026-06-08T20:03:56.805184579Z [DEBUG] eToro-Momentum-LS.ExecEngine: Checking in-flight orders status
2026-06-08T20:03:58.807383224Z [DEBUG] eToro-Momentum-LS.ExecEngine: Checking in-flight orders status
2026-06-08T20:04:00.808339172Z [DEBUG] eToro-Momentum-LS.ExecEngine: Checking in-flight orders status
2026-06-08T20:04:02.810363298Z [DEBUG] eToro-Momentum-LS.ExecEngine: Checking in-flight orders status
2026-06-08T20:04:04.812757849Z [DEBUG] eToro-Momentum-LS.ExecEngine: Checking in-flight orders status
2026-06-08T20:04:06.814113875Z [DEBUG] eToro-Momentum-LS.ExecEngine: Checking in-flight orders status
2026-06-08T20:04:08.814372474Z [DEBUG] eToro-Momentum-LS.ExecEngine: Checking in-flight orders status
2026-06-08T20:04:10.816711466Z [DEBUG] eToro-Momentum-LS.ExecEngine: Checking in-flight orders status
2026-06-08T20:04:12.818739428Z [DEBUG] eToro-Momentum-LS.ExecEngine: Checking in-flight orders status
2026-06-08T20:04:14.819408441Z [DEBUG] eToro-Momentum-LS.ExecEngine: Checking in-flight orders status
2026-06-08T20:04:16.821970904Z [DEBUG] eToro-Momentum-LS.ExecEngine: Checking in-flight orders status
2026-06-08T20:04:18.825044193Z [DEBUG] eToro-Momentum-LS.ExecEngine: Checking in-flight orders status
2026-06-08T20:04:20.826387683Z [DEBUG] eToro-Momentum-LS.ExecEngine: Checking in-flight orders status
2026-06-08T20:04:22.827328703Z [DEBUG] eToro-Momentum-LS.ExecEngine: Checking in-flight orders status
2026-06-08T20:04:24.829095694Z [DEBUG] eToro-Momentum-LS.ExecEngine: Checking in-flight orders status
2026-06-08T20:04:26.829668045Z [DEBUG] eToro-Momentum-LS.ExecEngine: Checking in-flight orders status
2026-06-08T20:04:28.831883600Z [DEBUG] eToro-Momentum-LS.ExecEngine: Checking in-flight orders status
2026-06-08T20:04:30.834241384Z [DEBUG] eToro-Momentum-LS.ExecEngine: Checking in-flight orders status
2026-06-08T20:04:32.834775881Z [DEBUG] eToro-Momentum-LS.ExecEngine: Checking in-flight orders status
2026-06-08T20:04:34.837039557Z [DEBUG] eToro-Momentum-LS.ExecEngine: Checking in-flight orders status
2026-06-08T20:04:36.838874551Z [DEBUG] eToro-Momentum-LS.ExecEngine: Checking in-flight orders status
2026-06-08T20:04:38.840110931Z [DEBUG] eToro-Momentum-LS.ExecEngine: Checking in-flight orders status
2026-06-08T20:04:40.842075384Z [DEBUG] eToro-Momentum-LS.ExecEngine: Checking in-flight orders status
2026-06-08T20:04:42.842994304Z [DEBUG] eToro-Momentum-LS.ExecEngine: Checking in-flight orders status
2026-06-08T20:04:44.844265528Z [DEBUG] eToro-Momentum-LS.ExecEngine: Checking in-flight orders status
2026-06-08T20:04:46.845430254Z [DEBUG] eToro-Momentum-LS.ExecEngine: Checking in-flight orders status
2026-06-08T20:04:48.846568132Z [DEBUG] eToro-Momentum-LS.ExecEngine: Checking in-flight orders status
2026-06-08T20:04:50.847524870Z [DEBUG] eToro-Momentum-LS.ExecEngine: Checking in-flight orders status
