2026-06-05 12:20:36,300 | INFO     | orchestrator | ╔════════════════════════════════════════════════════════════╗
2026-06-05 12:20:36,301 | INFO     | orchestrator | ║  eToro Nautilus — Daily Orchestrator v2.0                  ║
2026-06-05 12:20:36,301 | INFO     | orchestrator | ║  Start: 2026-06-05T10:20:36.301240+00:00                    ║
2026-06-05 12:20:36,301 | INFO     | orchestrator | ║  DRY-RUN: NEIN                                                 ║
2026-06-05 12:20:36,301 | INFO     | orchestrator | ║  Standalone: Kein adapters/-Import                        ║
2026-06-05 12:20:36,301 | INFO     | orchestrator | ╚════════════════════════════════════════════════════════════╝
2026-06-05 12:20:36,301 | INFO     | orchestrator | [JSON_EVENT] {"event_type": "ORCHESTRATOR_START", "timestamp_utc": "2026-06-05T10:20:36.301573+00:00", "dry_run": false, "skip_api_fetch": false, "version": "2.0", "python": "3.12.3 (main, Mar 23 2026, 19:04:32) [GCC 13.3.0]"}
2026-06-05 12:20:36,382 | INFO     | orchestrator | ════════════════════════════════════════════════════════════
2026-06-05 12:20:36,382 | INFO     | orchestrator | PHASE 1: Universe & Mapping
2026-06-05 12:20:36,382 | INFO     | orchestrator | ════════════════════════════════════════════════════════════
2026-06-05 12:20:36,382 | INFO     | orchestrator | [Phase 1] Universe-Alter: 14.3h — frisch genug.
2026-06-05 12:20:36,386 | INFO     | orchestrator | [Phase 1] 106 eindeutige Instrumente im Universum.
2026-06-05 12:20:36,386 | INFO     | orchestrator | [JSON_EVENT] {"event_type": "PHASE1_COMPLETE", "timestamp_utc": "2026-06-05T10:20:36.386503+00:00", "universe_size": 106, "unmapped_count": 0}
2026-06-05 12:20:36,386 | INFO     | orchestrator | ════════════════════════════════════════════════════════════
2026-06-05 12:20:36,386 | INFO     | orchestrator | PHASE 2: Datenbeschaffung (Multi-ZIP, Merge, API-Backfill)
2026-06-05 12:20:36,386 | INFO     | orchestrator | ════════════════════════════════════════════════════════════
2026-06-05 12:20:36,387 | INFO     | orchestrator | [Phase 2a] Keine ZIP-Dateien in data/import/ gefunden.
2026-06-05 12:20:36,387 | INFO     | api_backfiller | [api_backfiller] Universe geladen: 106 Instrumente.
2026-06-05 12:20:36,388 | INFO     | orchestrator | [Phase 2c] API-Backfill für 106 Symbole …
2026-06-05 12:20:36,388 | DEBUG    | asyncio | Using selector: EpollSelector
2026-06-05 12:20:36,388 | INFO     | api_backfiller | [api_backfiller] Starte Backfill: 2026-05-29 → 2026-06-05 | 106 Instrumente
2026-06-05 12:20:36,389 | INFO     | api_backfiller | [api_backfiller] Lade Instrument-Precisions via eToro API …
2026-06-05 12:20:36,663 | DEBUG    | api_backfiller | [api_backfiller] Raw API response (first 500 chars): {'instrumentDisplayDatas': [{'instrumentID': 1012, 'instrumentDisplayName': 'Caterpillar', 'instrumentTypeID': 5, 'exchangeID': 5, 'images': [{'instrumentID': 1012, 'width': 50.0, 'height': 50.0, 'uri': 'https://etoro-cdn.etorostatic.com/market-avatars/cat/50x50.png'}, {'instrumentID': 1012, 'width': 150.0, 'height': 150.0, 'uri': 'https://etoro-cdn.etorostatic.com/market-avatars/cat/150x150.png'}, {'instrumentID': 1012, 'width': 35.0, 'height': 35.0, 'uri': 'https://etoro-cdn.etorostatic.com/ma
2026-06-05 12:20:36,663 | DEBUG    | api_backfiller | [api_backfiller] Keine API-Precision für ID 1012 (CAT). Equity-Fallback (2,2) wird von run_backfill() angewendet.
2026-06-05 12:20:36,663 | DEBUG    | api_backfiller | Vollständiger Item-Dump: {
  "instrumentID": 1012,
  "instrumentDisplayName": "Caterpillar",
  "instrumentTypeID": 5,
  "exchangeID": 5,
  "images": [
    {
      "instrumentID": 1012,
      "width": 50.0,
      "height": 50.0,
      "uri": "https://etoro-cdn.etorostatic.com/market-avatars/cat/50x50.png"
    },
    {
      "instrumentID": 1012,
      "width": 150.0,
      "height": 150.0,
      "uri": "https://etoro-cdn.etorostatic.com/market-avatars/cat/150x150.png"
    },
    {
      "instrumentID": 1012,
      "width": 35.0,
      "height": 35.0,
      "uri": "https://etoro-cdn.etorostatic.com/market-avatars/cat/35x35.png"
    },
    {
      "instrumentID": 1012,
      "width": 90.0,
      "height": 90.0,
      "uri": "https://etoro-cdn.etorostatic.com/market-avatars/cat/90x90.png"
    },
    {
      "instrumentID": 1012,
      "uri": "https://etoro-cdn.etorostatic.com/market-avatars/1012/1012_2C2C2C_F7F7F7.svg",
      "backgroundColor": "#2C2C2C",
      "textColor": "#F7F7F7"
    }
  ],
  "symbolFull": "CAT",
  "stocksIndustryID": 6,
  "priceSource": "NASDAQ",
  "hasExpirationDate": false,
  "isInternalInstrument": false,
  "distributionType": 5
}
2026-06-05 12:20:36,663 | DEBUG    | api_backfiller | [api_backfiller] Keine API-Precision für ID 1102 (PBR). Equity-Fallback (2,2) wird von run_backfill() angewendet.
2026-06-05 12:20:36,663 | DEBUG    | api_backfiller | Vollständiger Item-Dump: {
  "instrumentID": 1102,
  "instrumentDisplayName": "Petroleo Brasileiro SA Petrobras-ADR",
  "instrumentTypeID": 5,
  "exchangeID": 5,
  "images": [
    {
      "instrumentID": 1102,
      "width": 35.0,
      "height": 35.0,
      "uri": "https://etoro-cdn.etorostatic.com/market-avatars/pbr/35x35.png"
    },
    {
      "instrumentID": 1102,
      "width": 50.0,
      "height": 50.0,
      "uri": "https://etoro-cdn.etorostatic.com/market-avatars/pbr/50x50.png"
    },
    {
      "instrumentID": 1102,
      "width": 80.0,
      "height": 80.0,
      "uri": "https://etoro-cdn.etorostatic.com/market-avatars/pbr/80x80.png"
    },
    {
      "instrumentID": 1102,
      "width": 90.0,
      "height": 90.0,
      "uri": "https://etoro-cdn.etorostatic.com/market-avatars/pbr/90x90.png"
    },
    {
      "instrumentID": 1102,
      "width": 150.0,
      "height": 150.0,
      "uri": "https://etoro-cdn.etorostatic.com/market-avatars/pbr/150x150.png"
    },
    {
      "instrumentID": 1102,
      "uri": "https://etoro-cdn.etorostatic.com/market-avatars/1102/1102_00853F_F7F7F7.svg",
      "backgroundColor": "#00853F",
      "textColor": "#F7F7F7"
    }
  ],
  "symbolFull": "PBR",
  "stocksIndustryID": 1,
  "priceSource": "NASDAQ",
  "hasExpirationDate": false,
  "isInternalInstrument": false,
  "distributionType": 5
}
2026-06-05 12:20:36,663 | DEBUG    | api_backfiller | [api_backfiller] Keine API-Precision für ID 1115 (NOK). Equity-Fallback (2,2) wird von run_backfill() angewendet.
2026-06-05 12:20:36,664 | DEBUG    | api_backfiller | Vollständiger Item-Dump: {
  "instrumentID": 1115,
  "instrumentDisplayName": "Nokia Oyj-ADR",
  "instrumentTypeID": 5,
  "exchangeID": 5,
  "images": [
    {
      "instrumentID": 1115,
      "width": 35.0,
      "height": 35.0,
      "uri": "https://etoro-cdn.etorostatic.com/market-avatars/nok/35x35.png"
    },
    {
      "instrumentID": 1115,
      "width": 50.0,
      "height": 50.0,
      "uri": "https://etoro-cdn.etorostatic.com/market-avatars/nok/50x50.png"
    },
    {
      "instrumentID": 1115,
      "width": 80.0,
      "height": 80.0,
      "uri": "https://etoro-cdn.etorostatic.com/market-avatars/nok/80x80.png"
    },
    {
      "instrumentID": 1115,
      "width": 90.0,
      "height": 90.0,
      "uri": "https://etoro-cdn.etorostatic.com/market-avatars/nok/90x90.png"
    },
    {
      "instrumentID": 1115,
      "width": 150.0,
      "height": 150.0,
      "uri": "https://etoro-cdn.etorostatic.com/market-avatars/nok/150x150.png"
    },
    {
      "instrumentID": 1115,
      "uri": "https://etoro-cdn.etorostatic.com/market-avatars/1115/1115_124191_F7F7F7.svg",
      "backgroundColor": "#124191",
      "textColor": "#F7F7F7"
    }
  ],
  "symbolFull": "NOK",
  "stocksIndustryID": 8,
  "priceSource": "NASDAQ",
  "hasExpirationDate": false,
  "isInternalInstrument": false,
  "distributionType": 5
}
2026-06-05 12:20:36,664 | DEBUG    | api_backfiller | [api_backfiller] Keine API-Precision für ID 1129 (WDC). Equity-Fallback (2,2) wird von run_backfill() angewendet.
2026-06-05 12:20:36,664 | DEBUG    | api_backfiller | [api_backfiller] Keine API-Precision für ID 1130 (MU). Equity-Fallback (2,2) wird von run_backfill() angewendet.
2026-06-05 12:20:36,664 | DEBUG    | api_backfiller | [api_backfiller] Keine API-Precision für ID 1138 (FDX). Equity-Fallback (2,2) wird von run_backfill() angewendet.
2026-06-05 12:20:36,664 | DEBUG    | api_backfiller | [api_backfiller] Keine API-Precision für ID 1184 (PINS). Equity-Fallback (2,2) wird von run_backfill() angewendet.
2026-06-05 12:20:36,664 | DEBUG    | api_backfiller | [api_backfiller] Keine API-Precision für ID 1341 (GEV). Equity-Fallback (2,2) wird von run_backfill() angewendet.
2026-06-05 12:20:36,664 | DEBUG    | api_backfiller | [api_backfiller] Keine API-Precision für ID 1484 (PYPL). Equity-Fallback (2,2) wird von run_backfill() angewendet.
2026-06-05 12:20:36,664 | DEBUG    | api_backfiller | [api_backfiller] Keine API-Precision für ID 1585 (GIS). Equity-Fallback (2,2) wird von run_backfill() angewendet.
2026-06-05 12:20:36,664 | DEBUG    | api_backfiller | [api_backfiller] Keine API-Precision für ID 1586 (CAG). Equity-Fallback (2,2) wird von run_backfill() angewendet.
2026-06-05 12:20:36,664 | DEBUG    | api_backfiller | [api_backfiller] Keine API-Precision für ID 1687 (GLW). Equity-Fallback (2,2) wird von run_backfill() angewendet.
2026-06-05 12:20:36,664 | DEBUG    | api_backfiller | [api_backfiller] Keine API-Precision für ID 1706 (AMAT). Equity-Fallback (2,2) wird von run_backfill() angewendet.
2026-06-05 12:20:36,664 | DEBUG    | api_backfiller | [api_backfiller] Keine API-Precision für ID 1832 (AMD). Equity-Fallback (2,2) wird von run_backfill() angewendet.
2026-06-05 12:20:36,664 | DEBUG    | api_backfiller | [api_backfiller] Keine API-Precision für ID 1865 (FISV). Equity-Fallback (2,2) wird von run_backfill() angewendet.
2026-06-05 12:20:36,664 | DEBUG    | api_backfiller | [api_backfiller] Keine API-Precision für ID 1905 (MTZ). Equity-Fallback (2,2) wird von run_backfill() angewendet.
2026-06-05 12:20:36,664 | DEBUG    | api_backfiller | [api_backfiller] Keine API-Precision für ID 1906 (LRCX). Equity-Fallback (2,2) wird von run_backfill() angewendet.
2026-06-05 12:20:36,664 | DEBUG    | api_backfiller | [api_backfiller] Keine API-Precision für ID 1914 (INTU). Equity-Fallback (2,2) wird von run_backfill() angewendet.
2026-06-05 12:20:36,664 | DEBUG    | api_backfiller | [api_backfiller] Keine API-Precision für ID 1945 (CMG). Equity-Fallback (2,2) wird von run_backfill() angewendet.
2026-06-05 12:20:36,664 | DEBUG    | api_backfiller | [api_backfiller] Keine API-Precision für ID 4067 (GSAT). Equity-Fallback (2,2) wird von run_backfill() angewendet.
2026-06-05 12:20:36,664 | DEBUG    | api_backfiller | [api_backfiller] Keine API-Precision für ID 4260 (NOW). Equity-Fallback (2,2) wird von run_backfill() angewendet.
2026-06-05 12:20:36,665 | DEBUG    | api_backfiller | [api_backfiller] Keine API-Precision für ID 4263 (WDAY). Equity-Fallback (2,2) wird von run_backfill() angewendet.
2026-06-05 12:20:36,665 | DEBUG    | api_backfiller | [api_backfiller] Keine API-Precision für ID 4309 (LULU). Equity-Fallback (2,2) wird von run_backfill() angewendet.
2026-06-05 12:20:36,665 | DEBUG    | api_backfiller | [api_backfiller] Keine API-Precision für ID 4356 (STX.US). Equity-Fallback (2,2) wird von run_backfill() angewendet.
2026-06-05 12:20:36,665 | DEBUG    | api_backfiller | [api_backfiller] Keine API-Precision für ID 4358 (MRVL). Equity-Fallback (2,2) wird von run_backfill() angewendet.
2026-06-05 12:20:36,665 | DEBUG    | api_backfiller | [api_backfiller] Keine API-Precision für ID 4399 (TTD). Equity-Fallback (2,2) wird von run_backfill() angewendet.
2026-06-05 12:20:36,665 | DEBUG    | api_backfiller | [api_backfiller] Keine API-Precision für ID 4421 (CIEN). Equity-Fallback (2,2) wird von run_backfill() angewendet.
2026-06-05 12:20:36,665 | DEBUG    | api_backfiller | [api_backfiller] Keine API-Precision für ID 4482 (TME). Equity-Fallback (2,2) wird von run_backfill() angewendet.
2026-06-05 12:20:36,665 | DEBUG    | api_backfiller | [api_backfiller] Keine API-Precision für ID 5491 (ASX). Equity-Fallback (2,2) wird von run_backfill() angewendet.
2026-06-05 12:20:36,665 | DEBUG    | api_backfiller | [api_backfiller] Keine API-Precision für ID 5657 (SMTC). Equity-Fallback (2,2) wird von run_backfill() angewendet.
2026-06-05 12:20:36,665 | DEBUG    | api_backfiller | [api_backfiller] Keine API-Precision für ID 5960 (SE). Equity-Fallback (2,2) wird von run_backfill() angewendet.
2026-06-05 12:20:36,665 | DEBUG    | api_backfiller | [api_backfiller] Keine API-Precision für ID 5967 (CPRT). Equity-Fallback (2,2) wird von run_backfill() angewendet.
2026-06-05 12:20:36,665 | DEBUG    | api_backfiller | [api_backfiller] Keine API-Precision für ID 6071 (AXON). Equity-Fallback (2,2) wird von run_backfill() angewendet.
2026-06-05 12:20:36,665 | DEBUG    | api_backfiller | [api_backfiller] Keine API-Precision für ID 6094 (COHR). Equity-Fallback (2,2) wird von run_backfill() angewendet.
2026-06-05 12:20:36,665 | DEBUG    | api_backfiller | [api_backfiller] Keine API-Precision für ID 6434 (GOOGL). Equity-Fallback (2,2) wird von run_backfill() angewendet.
2026-06-05 12:20:36,665 | DEBUG    | api_backfiller | [api_backfiller] Keine API-Precision für ID 6473 (MSTR). Equity-Fallback (2,2) wird von run_backfill() angewendet.
2026-06-05 12:20:36,665 | DEBUG    | api_backfiller | [api_backfiller] Keine API-Precision für ID 6549 (TER). Equity-Fallback (2,2) wird von run_backfill() angewendet.
2026-06-05 12:20:36,665 | DEBUG    | api_backfiller | [api_backfiller] Keine API-Precision für ID 6681 (ELF). Equity-Fallback (2,2) wird von run_backfill() angewendet.
2026-06-05 12:20:36,665 | DEBUG    | api_backfiller | [api_backfiller] Keine API-Precision für ID 6705 (FRO). Equity-Fallback (2,2) wird von run_backfill() angewendet.
2026-06-05 12:20:36,665 | DEBUG    | api_backfiller | [api_backfiller] Keine API-Precision für ID 6844 (NVO). Equity-Fallback (2,2) wird von run_backfill() angewendet.
2026-06-05 12:20:36,665 | DEBUG    | api_backfiller | [api_backfiller] Keine API-Precision für ID 6940 (SQM). Equity-Fallback (2,2) wird von run_backfill() angewendet.
2026-06-05 12:20:36,665 | DEBUG    | api_backfiller | [api_backfiller] Keine API-Precision für ID 7852 (AMKR). Equity-Fallback (2,2) wird von run_backfill() angewendet.
2026-06-05 12:20:36,665 | DEBUG    | api_backfiller | [api_backfiller] Keine API-Precision für ID 7930 (LQDA). Equity-Fallback (2,2) wird von run_backfill() angewendet.
2026-06-05 12:20:36,666 | DEBUG    | api_backfiller | [api_backfiller] Keine API-Precision für ID 8604 (KD). Equity-Fallback (2,2) wird von run_backfill() angewendet.
2026-06-05 12:20:36,666 | DEBUG    | api_backfiller | [api_backfiller] Keine API-Precision für ID 8637 (DUOL). Equity-Fallback (2,2) wird von run_backfill() angewendet.
2026-06-05 12:20:36,666 | DEBUG    | api_backfiller | [api_backfiller] Keine API-Precision für ID 8867 (VRT). Equity-Fallback (2,2) wird von run_backfill() angewendet.
2026-06-05 12:20:36,666 | DEBUG    | api_backfiller | [api_backfiller] Keine API-Precision für ID 9271 (MNDY). Equity-Fallback (2,2) wird von run_backfill() angewendet.
2026-06-05 12:20:36,666 | DEBUG    | api_backfiller | [api_backfiller] Keine API-Precision für ID 9814 (POWL). Equity-Fallback (2,2) wird von run_backfill() angewendet.
2026-06-05 12:20:36,666 | DEBUG    | api_backfiller | [api_backfiller] Keine API-Precision für ID 10476 (SEI.US). Equity-Fallback (2,2) wird von run_backfill() angewendet.
2026-06-05 12:20:36,666 | DEBUG    | api_backfiller | [api_backfiller] Keine API-Precision für ID 14310 (NTSK). Equity-Fallback (2,2) wird von run_backfill() angewendet.
2026-06-05 12:20:37,243 | DEBUG    | api_backfiller | [api_backfiller] Raw API response (first 500 chars): {'instrumentDisplayDatas': [{'instrumentID': 22, 'instrumentDisplayName': 'Natural Gas (Non Expiry)', 'instrumentTypeID': 2, 'exchangeID': 2, 'images': [{'instrumentID': 22, 'width': 35.0, 'height': 35.0, 'uri': 'https://etoro-cdn.etorostatic.com/market-avatars/natgas/35x35.png'}, {'instrumentID': 22, 'width': 80.0, 'height': 80.0}, {'instrumentID': 22, 'width': 50.0, 'height': 50.0, 'uri': 'https://etoro-cdn.etorostatic.com/market-avatars/natgas/50x50.png'}, {'instrumentID': 22, 'width': 150.0,
2026-06-05 12:20:37,244 | DEBUG    | api_backfiller | [api_backfiller] ID 22: price_precision via historischem Fallback=5
2026-06-05 12:20:37,244 | DEBUG    | api_backfiller | [api_backfiller] ID 22: size_precision via historischem Fallback=5
2026-06-05 12:20:37,244 | DEBUG    | api_backfiller | [api_backfiller] ID 22 (NATGAS): price_prec=5, size_prec=5
2026-06-05 12:20:37,244 | DEBUG    | api_backfiller | [api_backfiller] ID 42: price_precision via historischem Fallback=5
2026-06-05 12:20:37,244 | DEBUG    | api_backfiller | [api_backfiller] ID 42: size_precision via historischem Fallback=5
2026-06-05 12:20:37,244 | DEBUG    | api_backfiller | [api_backfiller] ID 42 (USDZAR): price_prec=5, size_prec=5
2026-06-05 12:20:37,244 | DEBUG    | api_backfiller | [api_backfiller] ID 62: price_precision via historischem Fallback=5
2026-06-05 12:20:37,244 | DEBUG    | api_backfiller | [api_backfiller] ID 62: size_precision via historischem Fallback=5
2026-06-05 12:20:37,244 | DEBUG    | api_backfiller | [api_backfiller] ID 62 (USDTRY): price_prec=5, size_prec=5
2026-06-05 12:20:37,244 | DEBUG    | api_backfiller | [api_backfiller] Keine API-Precision für ID 1002 (GOOG). Equity-Fallback (2,2) wird von run_backfill() angewendet.
2026-06-05 12:20:37,244 | DEBUG    | api_backfiller | [api_backfiller] Keine API-Precision für ID 1022 (JNJ). Equity-Fallback (2,2) wird von run_backfill() angewendet.
2026-06-05 12:20:37,244 | DEBUG    | api_backfiller | [api_backfiller] Keine API-Precision für ID 1111 (TSLA). Equity-Fallback (2,2) wird von run_backfill() angewendet.
2026-06-05 12:20:37,245 | DEBUG    | api_backfiller | [api_backfiller] Keine API-Precision für ID 1126 (ADBE). Equity-Fallback (2,2) wird von run_backfill() angewendet.
2026-06-05 12:20:37,245 | DEBUG    | api_backfiller | [api_backfiller] Keine API-Precision für ID 1137 (NVDA). Equity-Fallback (2,2) wird von run_backfill() angewendet.
2026-06-05 12:20:37,245 | DEBUG    | api_backfiller | [api_backfiller] Keine API-Precision für ID 1160 (WIX). Equity-Fallback (2,2) wird von run_backfill() angewendet.
2026-06-05 12:20:37,245 | DEBUG    | api_backfiller | [api_backfiller] Keine API-Precision für ID 1402 (ROP.ZU). Equity-Fallback (2,2) wird von run_backfill() angewendet.
2026-06-05 12:20:37,245 | DEBUG    | api_backfiller | [api_backfiller] Keine API-Precision für ID 1450 (ACN). Equity-Fallback (2,2) wird von run_backfill() angewendet.
2026-06-05 12:20:37,245 | DEBUG    | api_backfiller | [api_backfiller] Keine API-Precision für ID 1497 (VLO). Equity-Fallback (2,2) wird von run_backfill() angewendet.
2026-06-05 12:20:37,245 | DEBUG    | api_backfiller | [api_backfiller] Keine API-Precision für ID 1531 (HAL). Equity-Fallback (2,2) wird von run_backfill() angewendet.
2026-06-05 12:20:37,245 | DEBUG    | api_backfiller | [api_backfiller] Keine API-Precision für ID 1552 (ABT.US). Equity-Fallback (2,2) wird von run_backfill() angewendet.
2026-06-05 12:20:37,245 | DEBUG    | api_backfiller | [api_backfiller] Keine API-Precision für ID 1704 (CHTR). Equity-Fallback (2,2) wird von run_backfill() angewendet.
2026-06-05 12:20:37,245 | DEBUG    | api_backfiller | [api_backfiller] Keine API-Precision für ID 1839 (CRM). Equity-Fallback (2,2) wird von run_backfill() angewendet.
2026-06-05 12:20:37,245 | DEBUG    | api_backfiller | [api_backfiller] Keine API-Precision für ID 1979 (SNAP). Equity-Fallback (2,2) wird von run_backfill() angewendet.
2026-06-05 12:20:37,245 | DEBUG    | api_backfiller | [api_backfiller] Keine API-Precision für ID 2380 (01211.HK). Equity-Fallback (2,2) wird von run_backfill() angewendet.
2026-06-05 12:20:37,245 | DEBUG    | api_backfiller | [api_backfiller] Keine API-Precision für ID 2587 (RHM.DE). Equity-Fallback (2,2) wird von run_backfill() angewendet.
2026-06-05 12:20:37,245 | DEBUG    | api_backfiller | [api_backfiller] ID 3208: price_precision via historischem Fallback=5
2026-06-05 12:20:37,245 | DEBUG    | api_backfiller | [api_backfiller] ID 3208: size_precision via historischem Fallback=5
2026-06-05 12:20:37,245 | DEBUG    | api_backfiller | [api_backfiller] ID 3208 (PALL): price_prec=5, size_prec=5
2026-06-05 12:20:37,245 | DEBUG    | api_backfiller | [api_backfiller] Keine API-Precision für ID 4074 (HUBS). Equity-Fallback (2,2) wird von run_backfill() angewendet.
2026-06-05 12:20:37,245 | DEBUG    | api_backfiller | [api_backfiller] Keine API-Precision für ID 4087 (JAZZ). Equity-Fallback (2,2) wird von run_backfill() angewendet.
2026-06-05 12:20:37,245 | DEBUG    | api_backfiller | [api_backfiller] Keine API-Precision für ID 4194 (ZTS). Equity-Fallback (2,2) wird von run_backfill() angewendet.
2026-06-05 12:20:37,245 | DEBUG    | api_backfiller | [api_backfiller] Keine API-Precision für ID 4232 (NVS). Equity-Fallback (2,2) wird von run_backfill() angewendet.
2026-06-05 12:20:37,245 | DEBUG    | api_backfiller | [api_backfiller] Keine API-Precision für ID 4272 (CCL). Equity-Fallback (2,2) wird von run_backfill() angewendet.
2026-06-05 12:20:37,245 | DEBUG    | api_backfiller | [api_backfiller] Keine API-Precision für ID 4286 (TEAM). Equity-Fallback (2,2) wird von run_backfill() angewendet.
2026-06-05 12:20:37,246 | DEBUG    | api_backfiller | [api_backfiller] Keine API-Precision für ID 4398 (DOCU). Equity-Fallback (2,2) wird von run_backfill() angewendet.
2026-06-05 12:20:37,246 | DEBUG    | api_backfiller | [api_backfiller] Keine API-Precision für ID 4403 (ZS). Equity-Fallback (2,2) wird von run_backfill() angewendet.
2026-06-05 12:20:37,246 | DEBUG    | api_backfiller | [api_backfiller] Keine API-Precision für ID 5045 (FSLY). Equity-Fallback (2,2) wird von run_backfill() angewendet.
2026-06-05 12:20:37,246 | DEBUG    | api_backfiller | [api_backfiller] Keine API-Precision für ID 5635 (EEFT). Equity-Fallback (2,2) wird von run_backfill() angewendet.
2026-06-05 12:20:37,246 | DEBUG    | api_backfiller | [api_backfiller] Keine API-Precision für ID 6270 (RIOT). Equity-Fallback (2,2) wird von run_backfill() angewendet.
2026-06-05 12:20:37,246 | DEBUG    | api_backfiller | [api_backfiller] Keine API-Precision für ID 6552 (TSEM). Equity-Fallback (2,2) wird von run_backfill() angewendet.
2026-06-05 12:20:37,246 | DEBUG    | api_backfiller | [api_backfiller] Keine API-Precision für ID 6584 (AG). Equity-Fallback (2,2) wird von run_backfill() angewendet.
2026-06-05 12:20:37,246 | DEBUG    | api_backfiller | [api_backfiller] Keine API-Precision für ID 6700 (XPEV). Equity-Fallback (2,2) wird von run_backfill() angewendet.
2026-06-05 12:20:37,246 | DEBUG    | api_backfiller | [api_backfiller] Keine API-Precision für ID 7991 (PLTR). Equity-Fallback (2,2) wird von run_backfill() angewendet.
2026-06-05 12:20:37,246 | DEBUG    | api_backfiller | [api_backfiller] Keine API-Precision für ID 8585 (GTLB). Equity-Fallback (2,2) wird von run_backfill() angewendet.
2026-06-05 12:20:37,246 | DEBUG    | api_backfiller | [api_backfiller] Keine API-Precision für ID 8611 (WBD). Equity-Fallback (2,2) wird von run_backfill() angewendet.
2026-06-05 12:20:37,246 | DEBUG    | api_backfiller | [api_backfiller] Keine API-Precision für ID 8638 (E). Equity-Fallback (2,2) wird von run_backfill() angewendet.
2026-06-05 12:20:37,246 | DEBUG    | api_backfiller | [api_backfiller] Keine API-Precision für ID 8671 (HUT). Equity-Fallback (2,2) wird von run_backfill() angewendet.
2026-06-05 12:20:37,246 | DEBUG    | api_backfiller | [api_backfiller] Keine API-Precision für ID 9077 (FICO). Equity-Fallback (2,2) wird von run_backfill() angewendet.
2026-06-05 12:20:37,246 | DEBUG    | api_backfiller | [api_backfiller] Keine API-Precision für ID 9119 (INSM). Equity-Fallback (2,2) wird von run_backfill() angewendet.
2026-06-05 12:20:37,246 | DEBUG    | api_backfiller | [api_backfiller] Keine API-Precision für ID 9517 (INSW). Equity-Fallback (2,2) wird von run_backfill() angewendet.
2026-06-05 12:20:37,246 | DEBUG    | api_backfiller | [api_backfiller] Keine API-Precision für ID 9803 (TTMI). Equity-Fallback (2,2) wird von run_backfill() angewendet.
2026-06-05 12:20:37,246 | DEBUG    | api_backfiller | [api_backfiller] Keine API-Precision für ID 15233 (ESLT). Equity-Fallback (2,2) wird von run_backfill() angewendet.
2026-06-05 12:20:37,246 | DEBUG    | api_backfiller | [api_backfiller] ID 100000: price_precision via historischem Fallback=2
2026-06-05 12:20:37,246 | DEBUG    | api_backfiller | [api_backfiller] ID 100000: size_precision via historischem Fallback=8
2026-06-05 12:20:37,246 | DEBUG    | api_backfiller | [api_backfiller] ID 100000 (BTC): price_prec=2, size_prec=8
2026-06-05 12:20:37,246 | DEBUG    | api_backfiller | [api_backfiller] ID 100001: price_precision via historischem Fallback=2
2026-06-05 12:20:37,246 | DEBUG    | api_backfiller | [api_backfiller] ID 100001: size_precision via historischem Fallback=8
2026-06-05 12:20:37,247 | DEBUG    | api_backfiller | [api_backfiller] ID 100001 (ETH): price_prec=2, size_prec=8
2026-06-05 12:20:37,247 | DEBUG    | api_backfiller | [api_backfiller] ID 100003: price_precision via historischem Fallback=2
2026-06-05 12:20:37,247 | DEBUG    | api_backfiller | [api_backfiller] ID 100003: size_precision via historischem Fallback=8
2026-06-05 12:20:37,247 | DEBUG    | api_backfiller | [api_backfiller] ID 100003 (XRP): price_prec=2, size_prec=8
2026-06-05 12:20:37,247 | DEBUG    | api_backfiller | [api_backfiller] ID 100017: price_precision via historischem Fallback=2
2026-06-05 12:20:37,247 | DEBUG    | api_backfiller | [api_backfiller] ID 100017: size_precision via historischem Fallback=8
2026-06-05 12:20:37,247 | DEBUG    | api_backfiller | [api_backfiller] ID 100017 (ADA): price_prec=2, size_prec=8
2026-06-05 12:20:37,247 | DEBUG    | api_backfiller | [api_backfiller] ID 100043: price_precision via historischem Fallback=2
2026-06-05 12:20:37,247 | DEBUG    | api_backfiller | [api_backfiller] ID 100043: size_precision via historischem Fallback=8
2026-06-05 12:20:37,247 | DEBUG    | api_backfiller | [api_backfiller] ID 100043 (DOGE): price_prec=2, size_prec=8
2026-06-05 12:20:37,247 | DEBUG    | api_backfiller | [api_backfiller] ID 100063: price_precision via historischem Fallback=2
2026-06-05 12:20:37,247 | DEBUG    | api_backfiller | [api_backfiller] ID 100063: size_precision via historischem Fallback=8
2026-06-05 12:20:37,247 | DEBUG    | api_backfiller | [api_backfiller] ID 100063 (SOL): price_prec=2, size_prec=8
2026-06-05 12:20:37,816 | DEBUG    | api_backfiller | [api_backfiller] Raw API response (first 500 chars): {'instrumentDisplayDatas': [{'instrumentID': 100080, 'instrumentDisplayName': 'Shiba (in millions)', 'instrumentTypeID': 10, 'exchangeID': 8, 'images': [{'instrumentID': 100080, 'width': 35.0, 'height': 35.0, 'uri': 'https://etoro-cdn.etorostatic.com/market-avatars/100080/35x35.png'}, {'instrumentID': 100080, 'width': 50.0, 'height': 50.0, 'uri': 'https://etoro-cdn.etorostatic.com/market-avatars/100080/50x50.png'}, {'instrumentID': 100080, 'width': 150.0, 'height': 150.0, 'uri': 'https://etoro-c
2026-06-05 12:20:37,816 | DEBUG    | api_backfiller | [api_backfiller] ID 100080: price_precision via historischem Fallback=8
2026-06-05 12:20:37,817 | DEBUG    | api_backfiller | [api_backfiller] ID 100080: size_precision via historischem Fallback=8
2026-06-05 12:20:37,817 | DEBUG    | api_backfiller | [api_backfiller] ID 100080 (SHIBxM): price_prec=8, size_prec=8
2026-06-05 12:20:37,817 | DEBUG    | api_backfiller | [api_backfiller] ID 100085: price_precision via historischem Fallback=2
2026-06-05 12:20:37,817 | DEBUG    | api_backfiller | [api_backfiller] ID 100085: size_precision via historischem Fallback=8
2026-06-05 12:20:37,817 | DEBUG    | api_backfiller | [api_backfiller] ID 100085 (AVAX): price_prec=2, size_prec=8
2026-06-05 12:20:37,817 | DEBUG    | api_backfiller | [api_backfiller] ID 100303: price_precision via historischem Fallback=8
2026-06-05 12:20:37,817 | DEBUG    | api_backfiller | [api_backfiller] ID 100303: size_precision via historischem Fallback=8
2026-06-05 12:20:37,817 | DEBUG    | api_backfiller | [api_backfiller] ID 100303 (PEPExM): price_prec=8, size_prec=8
2026-06-05 12:20:37,817 | DEBUG    | api_backfiller | [api_backfiller] ID 100323: price_precision via historischem Fallback=2
2026-06-05 12:20:37,817 | DEBUG    | api_backfiller | [api_backfiller] ID 100323: size_precision via historischem Fallback=8
2026-06-05 12:20:37,817 | DEBUG    | api_backfiller | [api_backfiller] ID 100323 (ONDO): price_prec=2, size_prec=8
2026-06-05 12:20:37,817 | DEBUG    | api_backfiller | [api_backfiller] ID 100421: price_precision via historischem Fallback=2
2026-06-05 12:20:37,817 | DEBUG    | api_backfiller | [api_backfiller] ID 100421: size_precision via historischem Fallback=8
2026-06-05 12:20:37,817 | DEBUG    | api_backfiller | [api_backfiller] ID 100421 (AERO): price_prec=2, size_prec=8
2026-06-05 12:20:37,817 | DEBUG    | api_backfiller | [api_backfiller] ID 100446: price_precision via historischem Fallback=2
2026-06-05 12:20:37,817 | DEBUG    | api_backfiller | [api_backfiller] ID 100446: size_precision via historischem Fallback=8
2026-06-05 12:20:37,818 | DEBUG    | api_backfiller | [api_backfiller] ID 100446 (HYPE): price_prec=2, size_prec=8
2026-06-05 12:20:38,318 | INFO     | api_backfiller | [api_backfiller] Precision-Auflösung abgeschlossen: 16 direkt via API, 0 via Symbol-Fallback (_fallback_precisions), 90 Equities erhalten (2,2) in run_backfill().
2026-06-05 12:20:38,597 | DEBUG    | api_backfiller | [api_backfiller] 01211.HK.ETORO: Precision-Fallback price_prec=2, size_prec=2
2026-06-05 12:20:38,762 | INFO     | api_backfiller | [api_backfiller] 01211.HK.ETORO: 30 Candles konvertiert (price_prec=2, size_prec=2).
2026-06-05 12:20:38,766 | DEBUG    | api_backfiller | [api_backfiller] 01211.HK.ETORO: 1271→1241 Zeilen (-30 Duplikate)
2026-06-05 12:20:38,768 | INFO     | api_backfiller | [api_backfiller] 01211.HK.ETORO: 1241 Zeilen gespeichert (price_prec=2, size_prec=2) → data.parquet
2026-06-05 12:20:39,871 | DEBUG    | api_backfiller | [api_backfiller] ABT.US.ETORO: Precision-Fallback price_prec=2, size_prec=2
2026-06-05 12:20:39,954 | INFO     | api_backfiller | [api_backfiller] ABT.US.ETORO: 115 Candles konvertiert (price_prec=2, size_prec=2).
2026-06-05 12:20:39,957 | DEBUG    | api_backfiller | [api_backfiller] ABT.US.ETORO: 1329→1215 Zeilen (-114 Duplikate)
2026-06-05 12:20:39,959 | INFO     | api_backfiller | [api_backfiller] ABT.US.ETORO: 1215 Zeilen gespeichert (price_prec=2, size_prec=2) → data.parquet
2026-06-05 12:20:41,064 | DEBUG    | api_backfiller | [api_backfiller] ACN.ETORO: Precision-Fallback price_prec=2, size_prec=2
2026-06-05 12:20:41,163 | INFO     | api_backfiller | [api_backfiller] ACN.ETORO: 116 Candles konvertiert (price_prec=2, size_prec=2).
2026-06-05 12:20:41,167 | DEBUG    | api_backfiller | [api_backfiller] ACN.ETORO: 1422→1307 Zeilen (-115 Duplikate)
2026-06-05 12:20:41,170 | INFO     | api_backfiller | [api_backfiller] ACN.ETORO: 1307 Zeilen gespeichert (price_prec=2, size_prec=2) → data.parquet
2026-06-05 12:20:42,362 | INFO     | api_backfiller | [api_backfiller] ADA.ETORO: 168 Candles konvertiert (price_prec=2, size_prec=8).
2026-06-05 12:20:42,368 | DEBUG    | api_backfiller | [api_backfiller] ADA.ETORO: 1502→1335 Zeilen (-167 Duplikate)
2026-06-05 12:20:42,370 | INFO     | api_backfiller | [api_backfiller] ADA.ETORO: 1335 Zeilen gespeichert (price_prec=2, size_prec=8) → data.parquet
2026-06-05 12:20:43,478 | DEBUG    | api_backfiller | [api_backfiller] ADBE.ETORO: Precision-Fallback price_prec=2, size_prec=2
2026-06-05 12:20:43,555 | INFO     | api_backfiller | [api_backfiller] ADBE.ETORO: 116 Candles konvertiert (price_prec=2, size_prec=2).
2026-06-05 12:20:43,562 | DEBUG    | api_backfiller | [api_backfiller] ADBE.ETORO: 1422→1307 Zeilen (-115 Duplikate)
2026-06-05 12:20:43,563 | INFO     | api_backfiller | [api_backfiller] ADBE.ETORO: 1307 Zeilen gespeichert (price_prec=2, size_prec=2) → data.parquet
2026-06-05 12:20:44,770 | INFO     | api_backfiller | [api_backfiller] AERO.ETORO: 168 Candles konvertiert (price_prec=2, size_prec=8).
2026-06-05 12:20:44,775 | DEBUG    | api_backfiller | [api_backfiller] AERO.ETORO: 1501→1334 Zeilen (-167 Duplikate)
2026-06-05 12:20:44,778 | INFO     | api_backfiller | [api_backfiller] AERO.ETORO: 1334 Zeilen gespeichert (price_prec=2, size_prec=8) → data.parquet
2026-06-05 12:20:45,883 | DEBUG    | api_backfiller | [api_backfiller] AG.ETORO: Precision-Fallback price_prec=2, size_prec=2
2026-06-05 12:20:45,958 | INFO     | api_backfiller | [api_backfiller] AG.ETORO: 35 Candles konvertiert (price_prec=2, size_prec=2).
2026-06-05 12:20:45,966 | DEBUG    | api_backfiller | [api_backfiller] AG.ETORO: 1301→1266 Zeilen (-35 Duplikate)
2026-06-05 12:20:45,968 | INFO     | api_backfiller | [api_backfiller] AG.ETORO: 1266 Zeilen gespeichert (price_prec=2, size_prec=2) → data.parquet
2026-06-05 12:20:47,072 | DEBUG    | api_backfiller | [api_backfiller] AMAT.ETORO: Precision-Fallback price_prec=2, size_prec=2
2026-06-05 12:20:47,147 | INFO     | api_backfiller | [api_backfiller] AMAT.ETORO: 116 Candles konvertiert (price_prec=2, size_prec=2).
2026-06-05 12:20:47,150 | DEBUG    | api_backfiller | [api_backfiller] AMAT.ETORO: 1331→1216 Zeilen (-115 Duplikate)
2026-06-05 12:20:47,152 | INFO     | api_backfiller | [api_backfiller] AMAT.ETORO: 1216 Zeilen gespeichert (price_prec=2, size_prec=2) → data.parquet
2026-06-05 12:20:48,255 | DEBUG    | api_backfiller | [api_backfiller] AMD.ETORO: Precision-Fallback price_prec=2, size_prec=2
2026-06-05 12:20:48,341 | INFO     | api_backfiller | [api_backfiller] AMD.ETORO: 116 Candles konvertiert (price_prec=2, size_prec=2).
2026-06-05 12:20:48,344 | DEBUG    | api_backfiller | [api_backfiller] AMD.ETORO: 1331→1216 Zeilen (-115 Duplikate)
2026-06-05 12:20:48,348 | INFO     | api_backfiller | [api_backfiller] AMD.ETORO: 1216 Zeilen gespeichert (price_prec=2, size_prec=2) → data.parquet
2026-06-05 12:20:49,452 | DEBUG    | api_backfiller | [api_backfiller] AMKR.ETORO: Precision-Fallback price_prec=2, size_prec=2
2026-06-05 12:20:49,532 | INFO     | api_backfiller | [api_backfiller] AMKR.ETORO: 35 Candles konvertiert (price_prec=2, size_prec=2).
2026-06-05 12:20:49,538 | DEBUG    | api_backfiller | [api_backfiller] AMKR.ETORO: 1272→1237 Zeilen (-35 Duplikate)
2026-06-05 12:20:49,539 | INFO     | api_backfiller | [api_backfiller] AMKR.ETORO: 1237 Zeilen gespeichert (price_prec=2, size_prec=2) → data.parquet
2026-06-05 12:20:50,646 | DEBUG    | api_backfiller | [api_backfiller] ASX.ETORO: Precision-Fallback price_prec=2, size_prec=2
2026-06-05 12:20:50,728 | INFO     | api_backfiller | [api_backfiller] ASX.ETORO: 35 Candles konvertiert (price_prec=2, size_prec=2).
2026-06-05 12:20:50,733 | DEBUG    | api_backfiller | [api_backfiller] ASX.ETORO: 1272→1237 Zeilen (-35 Duplikate)
2026-06-05 12:20:50,735 | INFO     | api_backfiller | [api_backfiller] ASX.ETORO: 1237 Zeilen gespeichert (price_prec=2, size_prec=2) → data.parquet
2026-06-05 12:20:51,922 | INFO     | api_backfiller | [api_backfiller] AVAX.ETORO: 168 Candles konvertiert (price_prec=2, size_prec=8).
2026-06-05 12:20:51,926 | DEBUG    | api_backfiller | [api_backfiller] AVAX.ETORO: 1501→1334 Zeilen (-167 Duplikate)
2026-06-05 12:20:51,930 | INFO     | api_backfiller | [api_backfiller] AVAX.ETORO: 1334 Zeilen gespeichert (price_prec=2, size_prec=8) → data.parquet
2026-06-05 12:20:53,038 | DEBUG    | api_backfiller | [api_backfiller] AXON.ETORO: Precision-Fallback price_prec=2, size_prec=2
2026-06-05 12:20:53,131 | INFO     | api_backfiller | [api_backfiller] AXON.ETORO: 115 Candles konvertiert (price_prec=2, size_prec=2).
2026-06-05 12:20:53,137 | DEBUG    | api_backfiller | [api_backfiller] AXON.ETORO: 1331→1216 Zeilen (-115 Duplikate)
2026-06-05 12:20:53,139 | INFO     | api_backfiller | [api_backfiller] AXON.ETORO: 1216 Zeilen gespeichert (price_prec=2, size_prec=2) → data.parquet
2026-06-05 12:20:54,333 | INFO     | api_backfiller | [api_backfiller] BTC.ETORO: 168 Candles konvertiert (price_prec=2, size_prec=8).
2026-06-05 12:20:54,341 | DEBUG    | api_backfiller | [api_backfiller] BTC.ETORO: 1502→1335 Zeilen (-167 Duplikate)
2026-06-05 12:20:54,342 | INFO     | api_backfiller | [api_backfiller] BTC.ETORO: 1335 Zeilen gespeichert (price_prec=2, size_prec=8) → data.parquet
2026-06-05 12:20:55,450 | DEBUG    | api_backfiller | [api_backfiller] CAG.ETORO: Precision-Fallback price_prec=2, size_prec=2
2026-06-05 12:20:55,531 | INFO     | api_backfiller | [api_backfiller] CAG.ETORO: 110 Candles konvertiert (price_prec=2, size_prec=2).
2026-06-05 12:20:55,538 | DEBUG    | api_backfiller | [api_backfiller] CAG.ETORO: 1322→1214 Zeilen (-108 Duplikate)
2026-06-05 12:20:55,539 | INFO     | api_backfiller | [api_backfiller] CAG.ETORO: 1214 Zeilen gespeichert (price_prec=2, size_prec=2) → data.parquet
2026-06-05 12:20:56,647 | DEBUG    | api_backfiller | [api_backfiller] CAT.ETORO: Precision-Fallback price_prec=2, size_prec=2
2026-06-05 12:20:56,724 | INFO     | api_backfiller | [api_backfiller] CAT.ETORO: 116 Candles konvertiert (price_prec=2, size_prec=2).
2026-06-05 12:20:56,731 | DEBUG    | api_backfiller | [api_backfiller] CAT.ETORO: 1422→1307 Zeilen (-115 Duplikate)
2026-06-05 12:20:56,733 | INFO     | api_backfiller | [api_backfiller] CAT.ETORO: 1307 Zeilen gespeichert (price_prec=2, size_prec=2) → data.parquet
2026-06-05 12:20:57,836 | DEBUG    | api_backfiller | [api_backfiller] CCL.ETORO: Precision-Fallback price_prec=2, size_prec=2
2026-06-05 12:20:57,915 | INFO     | api_backfiller | [api_backfiller] CCL.ETORO: 116 Candles konvertiert (price_prec=2, size_prec=2).
2026-06-05 12:20:57,920 | DEBUG    | api_backfiller | [api_backfiller] CCL.ETORO: 1331→1216 Zeilen (-115 Duplikate)
2026-06-05 12:20:57,923 | INFO     | api_backfiller | [api_backfiller] CCL.ETORO: 1216 Zeilen gespeichert (price_prec=2, size_prec=2) → data.parquet
2026-06-05 12:20:59,026 | DEBUG    | api_backfiller | [api_backfiller] CHTR.ETORO: Precision-Fallback price_prec=2, size_prec=2
2026-06-05 12:20:59,120 | INFO     | api_backfiller | [api_backfiller] CHTR.ETORO: 112 Candles konvertiert (price_prec=2, size_prec=2).
2026-06-05 12:20:59,124 | DEBUG    | api_backfiller | [api_backfiller] CHTR.ETORO: 1416→1304 Zeilen (-112 Duplikate)
2026-06-05 12:20:59,127 | INFO     | api_backfiller | [api_backfiller] CHTR.ETORO: 1304 Zeilen gespeichert (price_prec=2, size_prec=2) → data.parquet
2026-06-05 12:21:00,230 | DEBUG    | api_backfiller | [api_backfiller] CIEN.ETORO: Precision-Fallback price_prec=2, size_prec=2
2026-06-05 12:21:00,547 | INFO     | api_backfiller | [api_backfiller] CIEN.ETORO: 35 Candles konvertiert (price_prec=2, size_prec=2).
2026-06-05 12:21:00,550 | DEBUG    | api_backfiller | [api_backfiller] CIEN.ETORO: 1301→1266 Zeilen (-35 Duplikate)
2026-06-05 12:21:00,552 | INFO     | api_backfiller | [api_backfiller] CIEN.ETORO: 1266 Zeilen gespeichert (price_prec=2, size_prec=2) → data.parquet
2026-06-05 12:21:01,659 | DEBUG    | api_backfiller | [api_backfiller] CMG.ETORO: Precision-Fallback price_prec=2, size_prec=2
2026-06-05 12:21:01,741 | INFO     | api_backfiller | [api_backfiller] CMG.ETORO: 116 Candles konvertiert (price_prec=2, size_prec=2).
2026-06-05 12:21:01,746 | DEBUG    | api_backfiller | [api_backfiller] CMG.ETORO: 1420→1306 Zeilen (-114 Duplikate)
2026-06-05 12:21:01,748 | INFO     | api_backfiller | [api_backfiller] CMG.ETORO: 1306 Zeilen gespeichert (price_prec=2, size_prec=2) → data.parquet
2026-06-05 12:21:02,852 | DEBUG    | api_backfiller | [api_backfiller] COHR.ETORO: Precision-Fallback price_prec=2, size_prec=2
2026-06-05 12:21:02,940 | INFO     | api_backfiller | [api_backfiller] COHR.ETORO: 35 Candles konvertiert (price_prec=2, size_prec=2).
2026-06-05 12:21:02,947 | DEBUG    | api_backfiller | [api_backfiller] COHR.ETORO: 1301→1266 Zeilen (-35 Duplikate)
2026-06-05 12:21:02,950 | INFO     | api_backfiller | [api_backfiller] COHR.ETORO: 1266 Zeilen gespeichert (price_prec=2, size_prec=2) → data.parquet
2026-06-05 12:21:04,059 | DEBUG    | api_backfiller | [api_backfiller] CPRT.ETORO: Precision-Fallback price_prec=2, size_prec=2
2026-06-05 12:21:04,134 | INFO     | api_backfiller | [api_backfiller] CPRT.ETORO: 114 Candles konvertiert (price_prec=2, size_prec=2).
2026-06-05 12:21:04,142 | DEBUG    | api_backfiller | [api_backfiller] CPRT.ETORO: 1418→1305 Zeilen (-113 Duplikate)
2026-06-05 12:21:04,148 | INFO     | api_backfiller | [api_backfiller] CPRT.ETORO: 1305 Zeilen gespeichert (price_prec=2, size_prec=2) → data.parquet
2026-06-05 12:21:05,254 | DEBUG    | api_backfiller | [api_backfiller] CRM.ETORO: Precision-Fallback price_prec=2, size_prec=2
2026-06-05 12:21:05,345 | INFO     | api_backfiller | [api_backfiller] CRM.ETORO: 116 Candles konvertiert (price_prec=2, size_prec=2).
2026-06-05 12:21:05,353 | DEBUG    | api_backfiller | [api_backfiller] CRM.ETORO: 1422→1307 Zeilen (-115 Duplikate)
2026-06-05 12:21:05,357 | INFO     | api_backfiller | [api_backfiller] CRM.ETORO: 1307 Zeilen gespeichert (price_prec=2, size_prec=2) → data.parquet
2026-06-05 12:21:06,461 | DEBUG    | api_backfiller | [api_backfiller] DOCU.ETORO: Precision-Fallback price_prec=2, size_prec=2
2026-06-05 12:21:06,546 | INFO     | api_backfiller | [api_backfiller] DOCU.ETORO: 35 Candles konvertiert (price_prec=2, size_prec=2).
2026-06-05 12:21:06,550 | DEBUG    | api_backfiller | [api_backfiller] DOCU.ETORO: 1301→1266 Zeilen (-35 Duplikate)
2026-06-05 12:21:06,555 | INFO     | api_backfiller | [api_backfiller] DOCU.ETORO: 1266 Zeilen gespeichert (price_prec=2, size_prec=2) → data.parquet
2026-06-05 12:21:07,749 | INFO     | api_backfiller | [api_backfiller] DOGE.ETORO: 168 Candles konvertiert (price_prec=2, size_prec=8).
2026-06-05 12:21:07,752 | DEBUG    | api_backfiller | [api_backfiller] DOGE.ETORO: 1501→1334 Zeilen (-167 Duplikate)
2026-06-05 12:21:07,756 | INFO     | api_backfiller | [api_backfiller] DOGE.ETORO: 1334 Zeilen gespeichert (price_prec=2, size_prec=8) → data.parquet
2026-06-05 12:21:08,860 | DEBUG    | api_backfiller | [api_backfiller] DUOL.ETORO: Precision-Fallback price_prec=2, size_prec=2
2026-06-05 12:21:08,976 | INFO     | api_backfiller | [api_backfiller] DUOL.ETORO: 116 Candles konvertiert (price_prec=2, size_prec=2).
2026-06-05 12:21:08,978 | DEBUG    | api_backfiller | [api_backfiller] DUOL.ETORO: 1422→1308 Zeilen (-114 Duplikate)
2026-06-05 12:21:08,980 | INFO     | api_backfiller | [api_backfiller] DUOL.ETORO: 1308 Zeilen gespeichert (price_prec=2, size_prec=2) → data.parquet
2026-06-05 12:21:10,086 | DEBUG    | api_backfiller | [api_backfiller] E.ETORO: Precision-Fallback price_prec=2, size_prec=2
2026-06-05 12:21:10,163 | INFO     | api_backfiller | [api_backfiller] E.ETORO: 35 Candles konvertiert (price_prec=2, size_prec=2).
2026-06-05 12:21:10,172 | DEBUG    | api_backfiller | [api_backfiller] E.ETORO: 1301→1266 Zeilen (-35 Duplikate)
2026-06-05 12:21:10,178 | INFO     | api_backfiller | [api_backfiller] E.ETORO: 1266 Zeilen gespeichert (price_prec=2, size_prec=2) → data.parquet
2026-06-05 12:21:11,286 | DEBUG    | api_backfiller | [api_backfiller] EEFT.ETORO: Precision-Fallback price_prec=2, size_prec=2
2026-06-05 12:21:11,363 | INFO     | api_backfiller | [api_backfiller] EEFT.ETORO: 35 Candles konvertiert (price_prec=2, size_prec=2).
2026-06-05 12:21:11,370 | DEBUG    | api_backfiller | [api_backfiller] EEFT.ETORO: 1301→1266 Zeilen (-35 Duplikate)
2026-06-05 12:21:11,373 | INFO     | api_backfiller | [api_backfiller] EEFT.ETORO: 1266 Zeilen gespeichert (price_prec=2, size_prec=2) → data.parquet
2026-06-05 12:21:12,478 | DEBUG    | api_backfiller | [api_backfiller] ELF.ETORO: Precision-Fallback price_prec=2, size_prec=2
2026-06-05 12:21:12,563 | INFO     | api_backfiller | [api_backfiller] ELF.ETORO: 35 Candles konvertiert (price_prec=2, size_prec=2).
2026-06-05 12:21:12,569 | DEBUG    | api_backfiller | [api_backfiller] ELF.ETORO: 1272→1237 Zeilen (-35 Duplikate)
2026-06-05 12:21:12,570 | INFO     | api_backfiller | [api_backfiller] ELF.ETORO: 1237 Zeilen gespeichert (price_prec=2, size_prec=2) → data.parquet
2026-06-05 12:21:13,675 | DEBUG    | api_backfiller | [api_backfiller] ESLT.ETORO: Precision-Fallback price_prec=2, size_prec=2
2026-06-05 12:21:13,752 | INFO     | api_backfiller | [api_backfiller] ESLT.ETORO: 35 Candles konvertiert (price_prec=2, size_prec=2).
2026-06-05 12:21:13,755 | DEBUG    | api_backfiller | [api_backfiller] ESLT.ETORO: 1087→1052 Zeilen (-35 Duplikate)
2026-06-05 12:21:13,757 | INFO     | api_backfiller | [api_backfiller] ESLT.ETORO: 1052 Zeilen gespeichert (price_prec=2, size_prec=2) → data.parquet
2026-06-05 12:21:14,943 | INFO     | api_backfiller | [api_backfiller] ETH.ETORO: 168 Candles konvertiert (price_prec=2, size_prec=8).
2026-06-05 12:21:14,946 | DEBUG    | api_backfiller | [api_backfiller] ETH.ETORO: 1501→1334 Zeilen (-167 Duplikate)
2026-06-05 12:21:14,948 | INFO     | api_backfiller | [api_backfiller] ETH.ETORO: 1334 Zeilen gespeichert (price_prec=2, size_prec=8) → data.parquet
2026-06-05 12:21:16,052 | DEBUG    | api_backfiller | [api_backfiller] FDX.ETORO: Precision-Fallback price_prec=2, size_prec=2
2026-06-05 12:21:16,125 | INFO     | api_backfiller | [api_backfiller] FDX.ETORO: 104 Candles konvertiert (price_prec=2, size_prec=2).
2026-06-05 12:21:16,131 | DEBUG    | api_backfiller | [api_backfiller] FDX.ETORO: 1317→1215 Zeilen (-102 Duplikate)
2026-06-05 12:21:16,135 | INFO     | api_backfiller | [api_backfiller] FDX.ETORO: 1215 Zeilen gespeichert (price_prec=2, size_prec=2) → data.parquet
2026-06-05 12:21:17,240 | DEBUG    | api_backfiller | [api_backfiller] FICO.ETORO: Precision-Fallback price_prec=2, size_prec=2
2026-06-05 12:21:17,317 | INFO     | api_backfiller | [api_backfiller] FICO.ETORO: 99 Candles konvertiert (price_prec=2, size_prec=2).
2026-06-05 12:21:17,322 | DEBUG    | api_backfiller | [api_backfiller] FICO.ETORO: 1388→1289 Zeilen (-99 Duplikate)
2026-06-05 12:21:17,324 | INFO     | api_backfiller | [api_backfiller] FICO.ETORO: 1289 Zeilen gespeichert (price_prec=2, size_prec=2) → data.parquet
2026-06-05 12:21:18,430 | DEBUG    | api_backfiller | [api_backfiller] FISV.ETORO: Precision-Fallback price_prec=2, size_prec=2
2026-06-05 12:21:18,509 | INFO     | api_backfiller | [api_backfiller] FISV.ETORO: 116 Candles konvertiert (price_prec=2, size_prec=2).
2026-06-05 12:21:18,512 | DEBUG    | api_backfiller | [api_backfiller] FISV.ETORO: 1421→1306 Zeilen (-115 Duplikate)
2026-06-05 12:21:18,514 | INFO     | api_backfiller | [api_backfiller] FISV.ETORO: 1306 Zeilen gespeichert (price_prec=2, size_prec=2) → data.parquet
2026-06-05 12:21:19,626 | DEBUG    | api_backfiller | [api_backfiller] FRO.ETORO: Precision-Fallback price_prec=2, size_prec=2
2026-06-05 12:21:19,720 | INFO     | api_backfiller | [api_backfiller] FRO.ETORO: 35 Candles konvertiert (price_prec=2, size_prec=2).
2026-06-05 12:21:19,726 | DEBUG    | api_backfiller | [api_backfiller] FRO.ETORO: 1272→1237 Zeilen (-35 Duplikate)
2026-06-05 12:21:19,728 | INFO     | api_backfiller | [api_backfiller] FRO.ETORO: 1237 Zeilen gespeichert (price_prec=2, size_prec=2) → data.parquet
2026-06-05 12:21:20,833 | DEBUG    | api_backfiller | [api_backfiller] FSLY.ETORO: Precision-Fallback price_prec=2, size_prec=2
2026-06-05 12:21:20,976 | INFO     | api_backfiller | [api_backfiller] FSLY.ETORO: 35 Candles konvertiert (price_prec=2, size_prec=2).
2026-06-05 12:21:20,979 | DEBUG    | api_backfiller | [api_backfiller] FSLY.ETORO: 1272→1237 Zeilen (-35 Duplikate)
2026-06-05 12:21:20,981 | INFO     | api_backfiller | [api_backfiller] FSLY.ETORO: 1237 Zeilen gespeichert (price_prec=2, size_prec=2) → data.parquet
2026-06-05 12:21:22,084 | DEBUG    | api_backfiller | [api_backfiller] GEV.ETORO: Precision-Fallback price_prec=2, size_prec=2
2026-06-05 12:21:22,171 | INFO     | api_backfiller | [api_backfiller] GEV.ETORO: 116 Candles konvertiert (price_prec=2, size_prec=2).
2026-06-05 12:21:22,175 | DEBUG    | api_backfiller | [api_backfiller] GEV.ETORO: 1331→1216 Zeilen (-115 Duplikate)
2026-06-05 12:21:22,177 | INFO     | api_backfiller | [api_backfiller] GEV.ETORO: 1216 Zeilen gespeichert (price_prec=2, size_prec=2) → data.parquet
2026-06-05 12:21:23,284 | DEBUG    | api_backfiller | [api_backfiller] GIS.ETORO: Precision-Fallback price_prec=2, size_prec=2
2026-06-05 12:21:23,359 | INFO     | api_backfiller | [api_backfiller] GIS.ETORO: 116 Candles konvertiert (price_prec=2, size_prec=2).
2026-06-05 12:21:23,362 | DEBUG    | api_backfiller | [api_backfiller] GIS.ETORO: 1331→1216 Zeilen (-115 Duplikate)
2026-06-05 12:21:23,364 | INFO     | api_backfiller | [api_backfiller] GIS.ETORO: 1216 Zeilen gespeichert (price_prec=2, size_prec=2) → data.parquet
2026-06-05 12:21:24,470 | DEBUG    | api_backfiller | [api_backfiller] GLW.ETORO: Precision-Fallback price_prec=2, size_prec=2
2026-06-05 12:21:24,546 | INFO     | api_backfiller | [api_backfiller] GLW.ETORO: 116 Candles konvertiert (price_prec=2, size_prec=2).
2026-06-05 12:21:24,550 | DEBUG    | api_backfiller | [api_backfiller] GLW.ETORO: 1422→1307 Zeilen (-115 Duplikate)
2026-06-05 12:21:24,551 | INFO     | api_backfiller | [api_backfiller] GLW.ETORO: 1307 Zeilen gespeichert (price_prec=2, size_prec=2) → data.parquet
2026-06-05 12:21:25,658 | DEBUG    | api_backfiller | [api_backfiller] GOOG.ETORO: Precision-Fallback price_prec=2, size_prec=2
2026-06-05 12:21:25,745 | INFO     | api_backfiller | [api_backfiller] GOOG.ETORO: 116 Candles konvertiert (price_prec=2, size_prec=2).
2026-06-05 12:21:25,747 | DEBUG    | api_backfiller | [api_backfiller] GOOG.ETORO: 1331→1216 Zeilen (-115 Duplikate)
2026-06-05 12:21:25,749 | INFO     | api_backfiller | [api_backfiller] GOOG.ETORO: 1216 Zeilen gespeichert (price_prec=2, size_prec=2) → data.parquet
2026-06-05 12:21:26,852 | DEBUG    | api_backfiller | [api_backfiller] GOOGL.ETORO: Precision-Fallback price_prec=2, size_prec=2
2026-06-05 12:21:26,927 | INFO     | api_backfiller | [api_backfiller] GOOGL.ETORO: 116 Candles konvertiert (price_prec=2, size_prec=2).
2026-06-05 12:21:26,930 | DEBUG    | api_backfiller | [api_backfiller] GOOGL.ETORO: 1422→1307 Zeilen (-115 Duplikate)
2026-06-05 12:21:26,932 | INFO     | api_backfiller | [api_backfiller] GOOGL.ETORO: 1307 Zeilen gespeichert (price_prec=2, size_prec=2) → data.parquet
2026-06-05 12:21:28,039 | DEBUG    | api_backfiller | [api_backfiller] GSAT.ETORO: Precision-Fallback price_prec=2, size_prec=2
2026-06-05 12:21:28,121 | INFO     | api_backfiller | [api_backfiller] GSAT.ETORO: 35 Candles konvertiert (price_prec=2, size_prec=2).
2026-06-05 12:21:28,128 | DEBUG    | api_backfiller | [api_backfiller] GSAT.ETORO: 1301→1266 Zeilen (-35 Duplikate)
2026-06-05 12:21:28,130 | INFO     | api_backfiller | [api_backfiller] GSAT.ETORO: 1266 Zeilen gespeichert (price_prec=2, size_prec=2) → data.parquet
2026-06-05 12:21:29,238 | DEBUG    | api_backfiller | [api_backfiller] GTLB.ETORO: Precision-Fallback price_prec=2, size_prec=2
2026-06-05 12:21:29,327 | INFO     | api_backfiller | [api_backfiller] GTLB.ETORO: 35 Candles konvertiert (price_prec=2, size_prec=2).
2026-06-05 12:21:29,335 | DEBUG    | api_backfiller | [api_backfiller] GTLB.ETORO: 1301→1266 Zeilen (-35 Duplikate)
2026-06-05 12:21:29,339 | INFO     | api_backfiller | [api_backfiller] GTLB.ETORO: 1266 Zeilen gespeichert (price_prec=2, size_prec=2) → data.parquet
2026-06-05 12:21:30,448 | DEBUG    | api_backfiller | [api_backfiller] HAL.ETORO: Precision-Fallback price_prec=2, size_prec=2
2026-06-05 12:21:30,534 | INFO     | api_backfiller | [api_backfiller] HAL.ETORO: 110 Candles konvertiert (price_prec=2, size_prec=2).
2026-06-05 12:21:30,541 | DEBUG    | api_backfiller | [api_backfiller] HAL.ETORO: 1409→1300 Zeilen (-109 Duplikate)
2026-06-05 12:21:30,543 | INFO     | api_backfiller | [api_backfiller] HAL.ETORO: 1300 Zeilen gespeichert (price_prec=2, size_prec=2) → data.parquet
2026-06-05 12:21:31,652 | DEBUG    | api_backfiller | [api_backfiller] HUBS.ETORO: Precision-Fallback price_prec=2, size_prec=2
2026-06-05 12:21:31,730 | INFO     | api_backfiller | [api_backfiller] HUBS.ETORO: 35 Candles konvertiert (price_prec=2, size_prec=2).
2026-06-05 12:21:31,733 | DEBUG    | api_backfiller | [api_backfiller] HUBS.ETORO: 1301→1266 Zeilen (-35 Duplikate)
2026-06-05 12:21:31,734 | INFO     | api_backfiller | [api_backfiller] HUBS.ETORO: 1266 Zeilen gespeichert (price_prec=2, size_prec=2) → data.parquet
2026-06-05 12:21:32,842 | DEBUG    | api_backfiller | [api_backfiller] HUT.ETORO: Precision-Fallback price_prec=2, size_prec=2
2026-06-05 12:21:32,919 | INFO     | api_backfiller | [api_backfiller] HUT.ETORO: 35 Candles konvertiert (price_prec=2, size_prec=2).
2026-06-05 12:21:32,927 | DEBUG    | api_backfiller | [api_backfiller] HUT.ETORO: 1272→1237 Zeilen (-35 Duplikate)
2026-06-05 12:21:32,931 | INFO     | api_backfiller | [api_backfiller] HUT.ETORO: 1237 Zeilen gespeichert (price_prec=2, size_prec=2) → data.parquet
2026-06-05 12:21:34,133 | INFO     | api_backfiller | [api_backfiller] HYPE.ETORO: 168 Candles konvertiert (price_prec=2, size_prec=8).
2026-06-05 12:21:34,138 | DEBUG    | api_backfiller | [api_backfiller] HYPE.ETORO: 1404→1237 Zeilen (-167 Duplikate)
2026-06-05 12:21:34,144 | INFO     | api_backfiller | [api_backfiller] HYPE.ETORO: 1237 Zeilen gespeichert (price_prec=2, size_prec=8) → data.parquet
2026-06-05 12:21:35,253 | DEBUG    | api_backfiller | [api_backfiller] INSM.ETORO: Precision-Fallback price_prec=2, size_prec=2
2026-06-05 12:21:35,351 | INFO     | api_backfiller | [api_backfiller] INSM.ETORO: 35 Candles konvertiert (price_prec=2, size_prec=2).
2026-06-05 12:21:35,357 | DEBUG    | api_backfiller | [api_backfiller] INSM.ETORO: 1272→1237 Zeilen (-35 Duplikate)
2026-06-05 12:21:35,359 | INFO     | api_backfiller | [api_backfiller] INSM.ETORO: 1237 Zeilen gespeichert (price_prec=2, size_prec=2) → data.parquet
2026-06-05 12:21:36,466 | DEBUG    | api_backfiller | [api_backfiller] INSW.ETORO: Precision-Fallback price_prec=2, size_prec=2
2026-06-05 12:21:36,544 | INFO     | api_backfiller | [api_backfiller] INSW.ETORO: 35 Candles konvertiert (price_prec=2, size_prec=2).
2026-06-05 12:21:36,551 | DEBUG    | api_backfiller | [api_backfiller] INSW.ETORO: 1301→1266 Zeilen (-35 Duplikate)
2026-06-05 12:21:36,552 | INFO     | api_backfiller | [api_backfiller] INSW.ETORO: 1266 Zeilen gespeichert (price_prec=2, size_prec=2) → data.parquet
2026-06-05 12:21:37,659 | DEBUG    | api_backfiller | [api_backfiller] INTU.ETORO: Precision-Fallback price_prec=2, size_prec=2
2026-06-05 12:21:37,736 | INFO     | api_backfiller | [api_backfiller] INTU.ETORO: 116 Candles konvertiert (price_prec=2, size_prec=2).
2026-06-05 12:21:37,744 | DEBUG    | api_backfiller | [api_backfiller] INTU.ETORO: 1331→1216 Zeilen (-115 Duplikate)
2026-06-05 12:21:37,746 | INFO     | api_backfiller | [api_backfiller] INTU.ETORO: 1216 Zeilen gespeichert (price_prec=2, size_prec=2) → data.parquet
2026-06-05 12:21:38,849 | DEBUG    | api_backfiller | [api_backfiller] JAZZ.ETORO: Precision-Fallback price_prec=2, size_prec=2
2026-06-05 12:21:38,936 | INFO     | api_backfiller | [api_backfiller] JAZZ.ETORO: 35 Candles konvertiert (price_prec=2, size_prec=2).
2026-06-05 12:21:38,938 | DEBUG    | api_backfiller | [api_backfiller] JAZZ.ETORO: 1272→1237 Zeilen (-35 Duplikate)
2026-06-05 12:21:38,940 | INFO     | api_backfiller | [api_backfiller] JAZZ.ETORO: 1237 Zeilen gespeichert (price_prec=2, size_prec=2) → data.parquet
2026-06-05 12:21:40,044 | DEBUG    | api_backfiller | [api_backfiller] JNJ.ETORO: Precision-Fallback price_prec=2, size_prec=2
2026-06-05 12:21:40,123 | INFO     | api_backfiller | [api_backfiller] JNJ.ETORO: 116 Candles konvertiert (price_prec=2, size_prec=2).
2026-06-05 12:21:40,130 | DEBUG    | api_backfiller | [api_backfiller] JNJ.ETORO: 1422→1307 Zeilen (-115 Duplikate)
2026-06-05 12:21:40,134 | INFO     | api_backfiller | [api_backfiller] JNJ.ETORO: 1307 Zeilen gespeichert (price_prec=2, size_prec=2) → data.parquet
2026-06-05 12:21:41,243 | DEBUG    | api_backfiller | [api_backfiller] KD.ETORO: Precision-Fallback price_prec=2, size_prec=2
2026-06-05 12:21:41,379 | INFO     | api_backfiller | [api_backfiller] KD.ETORO: 35 Candles konvertiert (price_prec=2, size_prec=2).
2026-06-05 12:21:41,382 | DEBUG    | api_backfiller | [api_backfiller] KD.ETORO: 1272→1237 Zeilen (-35 Duplikate)
2026-06-05 12:21:41,386 | INFO     | api_backfiller | [api_backfiller] KD.ETORO: 1237 Zeilen gespeichert (price_prec=2, size_prec=2) → data.parquet
2026-06-05 12:21:42,495 | DEBUG    | api_backfiller | [api_backfiller] LQDA.ETORO: Precision-Fallback price_prec=2, size_prec=2
2026-06-05 12:21:42,599 | INFO     | api_backfiller | [api_backfiller] LQDA.ETORO: 35 Candles konvertiert (price_prec=2, size_prec=2).
2026-06-05 12:21:42,604 | DEBUG    | api_backfiller | [api_backfiller] LQDA.ETORO: 1272→1237 Zeilen (-35 Duplikate)
2026-06-05 12:21:42,606 | INFO     | api_backfiller | [api_backfiller] LQDA.ETORO: 1237 Zeilen gespeichert (price_prec=2, size_prec=2) → data.parquet
2026-06-05 12:21:43,713 | DEBUG    | api_backfiller | [api_backfiller] LRCX.ETORO: Precision-Fallback price_prec=2, size_prec=2
2026-06-05 12:21:43,788 | INFO     | api_backfiller | [api_backfiller] LRCX.ETORO: 116 Candles konvertiert (price_prec=2, size_prec=2).
2026-06-05 12:21:43,791 | DEBUG    | api_backfiller | [api_backfiller] LRCX.ETORO: 1422→1307 Zeilen (-115 Duplikate)
2026-06-05 12:21:43,793 | INFO     | api_backfiller | [api_backfiller] LRCX.ETORO: 1307 Zeilen gespeichert (price_prec=2, size_prec=2) → data.parquet
2026-06-05 12:21:44,901 | DEBUG    | api_backfiller | [api_backfiller] LULU.ETORO: Precision-Fallback price_prec=2, size_prec=2
2026-06-05 12:21:44,982 | INFO     | api_backfiller | [api_backfiller] LULU.ETORO: 116 Candles konvertiert (price_prec=2, size_prec=2).
2026-06-05 12:21:44,984 | DEBUG    | api_backfiller | [api_backfiller] LULU.ETORO: 1422→1307 Zeilen (-115 Duplikate)
2026-06-05 12:21:44,986 | INFO     | api_backfiller | [api_backfiller] LULU.ETORO: 1307 Zeilen gespeichert (price_prec=2, size_prec=2) → data.parquet
2026-06-05 12:21:46,094 | DEBUG    | api_backfiller | [api_backfiller] MNDY.ETORO: Precision-Fallback price_prec=2, size_prec=2
2026-06-05 12:21:46,174 | INFO     | api_backfiller | [api_backfiller] MNDY.ETORO: 35 Candles konvertiert (price_prec=2, size_prec=2).
2026-06-05 12:21:46,182 | DEBUG    | api_backfiller | [api_backfiller] MNDY.ETORO: 1301→1266 Zeilen (-35 Duplikate)
2026-06-05 12:21:46,187 | INFO     | api_backfiller | [api_backfiller] MNDY.ETORO: 1266 Zeilen gespeichert (price_prec=2, size_prec=2) → data.parquet
2026-06-05 12:21:47,296 | DEBUG    | api_backfiller | [api_backfiller] MRVL.ETORO: Precision-Fallback price_prec=2, size_prec=2
2026-06-05 12:21:47,370 | INFO     | api_backfiller | [api_backfiller] MRVL.ETORO: 116 Candles konvertiert (price_prec=2, size_prec=2).
2026-06-05 12:21:47,376 | DEBUG    | api_backfiller | [api_backfiller] MRVL.ETORO: 1331→1216 Zeilen (-115 Duplikate)
2026-06-05 12:21:47,378 | INFO     | api_backfiller | [api_backfiller] MRVL.ETORO: 1216 Zeilen gespeichert (price_prec=2, size_prec=2) → data.parquet
2026-06-05 12:21:48,486 | DEBUG    | api_backfiller | [api_backfiller] MSTR.ETORO: Precision-Fallback price_prec=2, size_prec=2
2026-06-05 12:21:48,588 | INFO     | api_backfiller | [api_backfiller] MSTR.ETORO: 116 Candles konvertiert (price_prec=2, size_prec=2).
2026-06-05 12:21:48,596 | DEBUG    | api_backfiller | [api_backfiller] MSTR.ETORO: 1331→1216 Zeilen (-115 Duplikate)
2026-06-05 12:21:48,598 | INFO     | api_backfiller | [api_backfiller] MSTR.ETORO: 1216 Zeilen gespeichert (price_prec=2, size_prec=2) → data.parquet
2026-06-05 12:21:49,706 | DEBUG    | api_backfiller | [api_backfiller] MTZ.ETORO: Precision-Fallback price_prec=2, size_prec=2
2026-06-05 12:21:49,787 | INFO     | api_backfiller | [api_backfiller] MTZ.ETORO: 35 Candles konvertiert (price_prec=2, size_prec=2).
2026-06-05 12:21:49,789 | DEBUG    | api_backfiller | [api_backfiller] MTZ.ETORO: 1301→1266 Zeilen (-35 Duplikate)
2026-06-05 12:21:49,791 | INFO     | api_backfiller | [api_backfiller] MTZ.ETORO: 1266 Zeilen gespeichert (price_prec=2, size_prec=2) → data.parquet
2026-06-05 12:21:50,899 | DEBUG    | api_backfiller | [api_backfiller] MU.ETORO: Precision-Fallback price_prec=2, size_prec=2
2026-06-05 12:21:50,984 | INFO     | api_backfiller | [api_backfiller] MU.ETORO: 116 Candles konvertiert (price_prec=2, size_prec=2).
2026-06-05 12:21:50,987 | DEBUG    | api_backfiller | [api_backfiller] MU.ETORO: 1422→1307 Zeilen (-115 Duplikate)
2026-06-05 12:21:50,988 | INFO     | api_backfiller | [api_backfiller] MU.ETORO: 1307 Zeilen gespeichert (price_prec=2, size_prec=2) → data.parquet
2026-06-05 12:21:52,178 | INFO     | api_backfiller | [api_backfiller] NATGAS.ETORO: 115 Candles konvertiert (price_prec=5, size_prec=5).
2026-06-05 12:21:52,186 | DEBUG    | api_backfiller | [api_backfiller] NATGAS.ETORO: 1340→1226 Zeilen (-114 Duplikate)
2026-06-05 12:21:52,191 | INFO     | api_backfiller | [api_backfiller] NATGAS.ETORO: 1226 Zeilen gespeichert (price_prec=5, size_prec=5) → data.parquet
2026-06-05 12:21:53,296 | DEBUG    | api_backfiller | [api_backfiller] NOK.ETORO: Precision-Fallback price_prec=2, size_prec=2
2026-06-05 12:21:53,382 | INFO     | api_backfiller | [api_backfiller] NOK.ETORO: 35 Candles konvertiert (price_prec=2, size_prec=2).
2026-06-05 12:21:53,390 | DEBUG    | api_backfiller | [api_backfiller] NOK.ETORO: 1272→1237 Zeilen (-35 Duplikate)
2026-06-05 12:21:53,395 | INFO     | api_backfiller | [api_backfiller] NOK.ETORO: 1237 Zeilen gespeichert (price_prec=2, size_prec=2) → data.parquet
2026-06-05 12:21:54,501 | DEBUG    | api_backfiller | [api_backfiller] NOW.ETORO: Precision-Fallback price_prec=2, size_prec=2
2026-06-05 12:21:54,588 | INFO     | api_backfiller | [api_backfiller] NOW.ETORO: 110 Candles konvertiert (price_prec=2, size_prec=2).
2026-06-05 12:21:54,594 | DEBUG    | api_backfiller | [api_backfiller] NOW.ETORO: 1410→1301 Zeilen (-109 Duplikate)
2026-06-05 12:21:54,600 | INFO     | api_backfiller | [api_backfiller] NOW.ETORO: 1301 Zeilen gespeichert (price_prec=2, size_prec=2) → data.parquet
2026-06-05 12:21:55,709 | DEBUG    | api_backfiller | [api_backfiller] NTSK.ETORO: Precision-Fallback price_prec=2, size_prec=2
2026-06-05 12:21:55,790 | INFO     | api_backfiller | [api_backfiller] NTSK.ETORO: 35 Candles konvertiert (price_prec=2, size_prec=2).
2026-06-05 12:21:55,797 | DEBUG    | api_backfiller | [api_backfiller] NTSK.ETORO: 1205→1170 Zeilen (-35 Duplikate)
2026-06-05 12:21:55,799 | INFO     | api_backfiller | [api_backfiller] NTSK.ETORO: 1170 Zeilen gespeichert (price_prec=2, size_prec=2) → data.parquet
2026-06-05 12:21:56,908 | DEBUG    | api_backfiller | [api_backfiller] NVDA.ETORO: Precision-Fallback price_prec=2, size_prec=2
2026-06-05 12:21:56,987 | INFO     | api_backfiller | [api_backfiller] NVDA.ETORO: 116 Candles konvertiert (price_prec=2, size_prec=2).
2026-06-05 12:21:56,994 | DEBUG    | api_backfiller | [api_backfiller] NVDA.ETORO: 1331→1216 Zeilen (-115 Duplikate)
2026-06-05 12:21:56,996 | INFO     | api_backfiller | [api_backfiller] NVDA.ETORO: 1216 Zeilen gespeichert (price_prec=2, size_prec=2) → data.parquet
2026-06-05 12:21:58,099 | DEBUG    | api_backfiller | [api_backfiller] NVO.ETORO: Precision-Fallback price_prec=2, size_prec=2
2026-06-05 12:21:58,193 | INFO     | api_backfiller | [api_backfiller] NVO.ETORO: 35 Candles konvertiert (price_prec=2, size_prec=2).
2026-06-05 12:21:58,196 | DEBUG    | api_backfiller | [api_backfiller] NVO.ETORO: 1272→1237 Zeilen (-35 Duplikate)
2026-06-05 12:21:58,197 | INFO     | api_backfiller | [api_backfiller] NVO.ETORO: 1237 Zeilen gespeichert (price_prec=2, size_prec=2) → data.parquet
2026-06-05 12:21:59,305 | DEBUG    | api_backfiller | [api_backfiller] NVS.ETORO: Precision-Fallback price_prec=2, size_prec=2
2026-06-05 12:21:59,387 | INFO     | api_backfiller | [api_backfiller] NVS.ETORO: 35 Candles konvertiert (price_prec=2, size_prec=2).
2026-06-05 12:21:59,390 | DEBUG    | api_backfiller | [api_backfiller] NVS.ETORO: 1272→1237 Zeilen (-35 Duplikate)
2026-06-05 12:21:59,391 | INFO     | api_backfiller | [api_backfiller] NVS.ETORO: 1237 Zeilen gespeichert (price_prec=2, size_prec=2) → data.parquet
2026-06-05 12:22:00,572 | INFO     | api_backfiller | [api_backfiller] ONDO.ETORO: 168 Candles konvertiert (price_prec=2, size_prec=8).
2026-06-05 12:22:00,580 | DEBUG    | api_backfiller | [api_backfiller] ONDO.ETORO: 1501→1334 Zeilen (-167 Duplikate)
2026-06-05 12:22:00,587 | INFO     | api_backfiller | [api_backfiller] ONDO.ETORO: 1334 Zeilen gespeichert (price_prec=2, size_prec=8) → data.parquet
2026-06-05 12:22:01,771 | INFO     | api_backfiller | [api_backfiller] PALL.ETORO: 35 Candles konvertiert (price_prec=5, size_prec=5).
2026-06-05 12:22:01,774 | DEBUG    | api_backfiller | [api_backfiller] PALL.ETORO: 1272→1237 Zeilen (-35 Duplikate)
2026-06-05 12:22:01,778 | INFO     | api_backfiller | [api_backfiller] PALL.ETORO: 1237 Zeilen gespeichert (price_prec=5, size_prec=5) → data.parquet
2026-06-05 12:22:02,886 | DEBUG    | api_backfiller | [api_backfiller] PBR.ETORO: Precision-Fallback price_prec=2, size_prec=2
2026-06-05 12:22:02,968 | INFO     | api_backfiller | [api_backfiller] PBR.ETORO: 35 Candles konvertiert (price_prec=2, size_prec=2).
2026-06-05 12:22:02,972 | DEBUG    | api_backfiller | [api_backfiller] PBR.ETORO: 1301→1266 Zeilen (-35 Duplikate)
2026-06-05 12:22:02,974 | INFO     | api_backfiller | [api_backfiller] PBR.ETORO: 1266 Zeilen gespeichert (price_prec=2, size_prec=2) → data.parquet
2026-06-05 12:22:04,153 | INFO     | api_backfiller | [api_backfiller] PEPExM.ETORO: 168 Candles konvertiert (price_prec=8, size_prec=8).
2026-06-05 12:22:04,160 | DEBUG    | api_backfiller | [api_backfiller] PEPExM.ETORO: 1501→1334 Zeilen (-167 Duplikate)
2026-06-05 12:22:04,166 | INFO     | api_backfiller | [api_backfiller] PEPExM.ETORO: 1334 Zeilen gespeichert (price_prec=8, size_prec=8) → data.parquet
2026-06-05 12:22:05,273 | DEBUG    | api_backfiller | [api_backfiller] PINS.ETORO: Precision-Fallback price_prec=2, size_prec=2
2026-06-05 12:22:05,356 | INFO     | api_backfiller | [api_backfiller] PINS.ETORO: 35 Candles konvertiert (price_prec=2, size_prec=2).
2026-06-05 12:22:05,360 | DEBUG    | api_backfiller | [api_backfiller] PINS.ETORO: 1301→1266 Zeilen (-35 Duplikate)
2026-06-05 12:22:05,367 | INFO     | api_backfiller | [api_backfiller] PINS.ETORO: 1266 Zeilen gespeichert (price_prec=2, size_prec=2) → data.parquet
2026-06-05 12:22:06,476 | DEBUG    | api_backfiller | [api_backfiller] PLTR.ETORO: Precision-Fallback price_prec=2, size_prec=2
2026-06-05 12:22:06,553 | INFO     | api_backfiller | [api_backfiller] PLTR.ETORO: 116 Candles konvertiert (price_prec=2, size_prec=2).
2026-06-05 12:22:06,561 | DEBUG    | api_backfiller | [api_backfiller] PLTR.ETORO: 1331→1216 Zeilen (-115 Duplikate)
2026-06-05 12:22:06,562 | INFO     | api_backfiller | [api_backfiller] PLTR.ETORO: 1216 Zeilen gespeichert (price_prec=2, size_prec=2) → data.parquet
2026-06-05 12:22:07,671 | DEBUG    | api_backfiller | [api_backfiller] POWL.ETORO: Precision-Fallback price_prec=2, size_prec=2
2026-06-05 12:22:07,757 | INFO     | api_backfiller | [api_backfiller] POWL.ETORO: 35 Candles konvertiert (price_prec=2, size_prec=2).
2026-06-05 12:22:07,765 | DEBUG    | api_backfiller | [api_backfiller] POWL.ETORO: 1301→1266 Zeilen (-35 Duplikate)
2026-06-05 12:22:07,767 | INFO     | api_backfiller | [api_backfiller] POWL.ETORO: 1266 Zeilen gespeichert (price_prec=2, size_prec=2) → data.parquet
2026-06-05 12:22:08,872 | DEBUG    | api_backfiller | [api_backfiller] PYPL.ETORO: Precision-Fallback price_prec=2, size_prec=2
2026-06-05 12:22:08,951 | INFO     | api_backfiller | [api_backfiller] PYPL.ETORO: 116 Candles konvertiert (price_prec=2, size_prec=2).
2026-06-05 12:22:08,957 | DEBUG    | api_backfiller | [api_backfiller] PYPL.ETORO: 1331→1216 Zeilen (-115 Duplikate)
2026-06-05 12:22:08,958 | INFO     | api_backfiller | [api_backfiller] PYPL.ETORO: 1216 Zeilen gespeichert (price_prec=2, size_prec=2) → data.parquet
2026-06-05 12:22:10,063 | DEBUG    | api_backfiller | [api_backfiller] RHM.DE.ETORO: Precision-Fallback price_prec=2, size_prec=2
2026-06-05 12:22:10,140 | INFO     | api_backfiller | [api_backfiller] RHM.DE.ETORO: 45 Candles konvertiert (price_prec=2, size_prec=2).
2026-06-05 12:22:10,144 | DEBUG    | api_backfiller | [api_backfiller] RHM.DE.ETORO: 1291→1247 Zeilen (-44 Duplikate)
2026-06-05 12:22:10,145 | INFO     | api_backfiller | [api_backfiller] RHM.DE.ETORO: 1247 Zeilen gespeichert (price_prec=2, size_prec=2) → data.parquet
2026-06-05 12:22:11,257 | DEBUG    | api_backfiller | [api_backfiller] RIOT.ETORO: Precision-Fallback price_prec=2, size_prec=2
2026-06-05 12:22:11,343 | INFO     | api_backfiller | [api_backfiller] RIOT.ETORO: 116 Candles konvertiert (price_prec=2, size_prec=2).
2026-06-05 12:22:11,345 | DEBUG    | api_backfiller | [api_backfiller] RIOT.ETORO: 1331→1216 Zeilen (-115 Duplikate)
2026-06-05 12:22:11,347 | INFO     | api_backfiller | [api_backfiller] RIOT.ETORO: 1216 Zeilen gespeichert (price_prec=2, size_prec=2) → data.parquet
2026-06-05 12:22:12,456 | DEBUG    | api_backfiller | [api_backfiller] ROP.ZU.ETORO: Precision-Fallback price_prec=2, size_prec=2
2026-06-05 12:22:12,534 | INFO     | api_backfiller | [api_backfiller] ROP.ZU.ETORO: 45 Candles konvertiert (price_prec=2, size_prec=2).
2026-06-05 12:22:12,542 | DEBUG    | api_backfiller | [api_backfiller] ROP.ZU.ETORO: 1286→1242 Zeilen (-44 Duplikate)
2026-06-05 12:22:12,543 | INFO     | api_backfiller | [api_backfiller] ROP.ZU.ETORO: 1242 Zeilen gespeichert (price_prec=2, size_prec=2) → data.parquet
2026-06-05 12:22:13,651 | DEBUG    | api_backfiller | [api_backfiller] SE.ETORO: Precision-Fallback price_prec=2, size_prec=2
2026-06-05 12:22:13,730 | INFO     | api_backfiller | [api_backfiller] SE.ETORO: 35 Candles konvertiert (price_prec=2, size_prec=2).
2026-06-05 12:22:13,738 | DEBUG    | api_backfiller | [api_backfiller] SE.ETORO: 1301→1266 Zeilen (-35 Duplikate)
2026-06-05 12:22:13,739 | INFO     | api_backfiller | [api_backfiller] SE.ETORO: 1266 Zeilen gespeichert (price_prec=2, size_prec=2) → data.parquet
2026-06-05 12:22:14,842 | DEBUG    | api_backfiller | [api_backfiller] SEI.US.ETORO: Precision-Fallback price_prec=2, size_prec=2
2026-06-05 12:22:14,918 | INFO     | api_backfiller | [api_backfiller] SEI.US.ETORO: 35 Candles konvertiert (price_prec=2, size_prec=2).
2026-06-05 12:22:14,926 | DEBUG    | api_backfiller | [api_backfiller] SEI.US.ETORO: 1272→1237 Zeilen (-35 Duplikate)
2026-06-05 12:22:14,931 | INFO     | api_backfiller | [api_backfiller] SEI.US.ETORO: 1237 Zeilen gespeichert (price_prec=2, size_prec=2) → data.parquet
2026-06-05 12:22:16,163 | INFO     | api_backfiller | [api_backfiller] SHIBxM.ETORO: 168 Candles konvertiert (price_prec=8, size_prec=8).
2026-06-05 12:22:16,172 | DEBUG    | api_backfiller | [api_backfiller] SHIBxM.ETORO: 1502→1335 Zeilen (-167 Duplikate)
2026-06-05 12:22:16,178 | INFO     | api_backfiller | [api_backfiller] SHIBxM.ETORO: 1335 Zeilen gespeichert (price_prec=8, size_prec=8) → data.parquet
2026-06-05 12:22:17,286 | DEBUG    | api_backfiller | [api_backfiller] SMTC.ETORO: Precision-Fallback price_prec=2, size_prec=2
2026-06-05 12:22:17,376 | INFO     | api_backfiller | [api_backfiller] SMTC.ETORO: 35 Candles konvertiert (price_prec=2, size_prec=2).
2026-06-05 12:22:17,384 | DEBUG    | api_backfiller | [api_backfiller] SMTC.ETORO: 1272→1237 Zeilen (-35 Duplikate)
2026-06-05 12:22:17,391 | INFO     | api_backfiller | [api_backfiller] SMTC.ETORO: 1237 Zeilen gespeichert (price_prec=2, size_prec=2) → data.parquet
2026-06-05 12:22:18,500 | DEBUG    | api_backfiller | [api_backfiller] SNAP.ETORO: Precision-Fallback price_prec=2, size_prec=2
2026-06-05 12:22:18,603 | INFO     | api_backfiller | [api_backfiller] SNAP.ETORO: 116 Candles konvertiert (price_prec=2, size_prec=2).
2026-06-05 12:22:18,610 | DEBUG    | api_backfiller | [api_backfiller] SNAP.ETORO: 1423→1308 Zeilen (-115 Duplikate)
2026-06-05 12:22:18,616 | INFO     | api_backfiller | [api_backfiller] SNAP.ETORO: 1308 Zeilen gespeichert (price_prec=2, size_prec=2) → data.parquet
2026-06-05 12:22:19,802 | INFO     | api_backfiller | [api_backfiller] SOL.ETORO: 168 Candles konvertiert (price_prec=2, size_prec=8).
2026-06-05 12:22:19,809 | DEBUG    | api_backfiller | [api_backfiller] SOL.ETORO: 1501→1334 Zeilen (-167 Duplikate)
2026-06-05 12:22:19,812 | INFO     | api_backfiller | [api_backfiller] SOL.ETORO: 1334 Zeilen gespeichert (price_prec=2, size_prec=8) → data.parquet
2026-06-05 12:22:20,921 | DEBUG    | api_backfiller | [api_backfiller] SQM.ETORO: Precision-Fallback price_prec=2, size_prec=2
2026-06-05 12:22:20,999 | INFO     | api_backfiller | [api_backfiller] SQM.ETORO: 35 Candles konvertiert (price_prec=2, size_prec=2).
2026-06-05 12:22:21,004 | DEBUG    | api_backfiller | [api_backfiller] SQM.ETORO: 1302→1267 Zeilen (-35 Duplikate)
2026-06-05 12:22:21,009 | INFO     | api_backfiller | [api_backfiller] SQM.ETORO: 1267 Zeilen gespeichert (price_prec=2, size_prec=2) → data.parquet
2026-06-05 12:22:22,112 | DEBUG    | api_backfiller | [api_backfiller] STX.US.ETORO: Precision-Fallback price_prec=2, size_prec=2
2026-06-05 12:22:22,341 | INFO     | api_backfiller | [api_backfiller] STX.US.ETORO: 116 Candles konvertiert (price_prec=2, size_prec=2).
2026-06-05 12:22:22,351 | DEBUG    | api_backfiller | [api_backfiller] STX.US.ETORO: 1422→1307 Zeilen (-115 Duplikate)
2026-06-05 12:22:22,357 | INFO     | api_backfiller | [api_backfiller] STX.US.ETORO: 1307 Zeilen gespeichert (price_prec=2, size_prec=2) → data.parquet
2026-06-05 12:22:23,465 | DEBUG    | api_backfiller | [api_backfiller] TEAM.ETORO: Precision-Fallback price_prec=2, size_prec=2
2026-06-05 12:22:23,547 | INFO     | api_backfiller | [api_backfiller] TEAM.ETORO: 116 Candles konvertiert (price_prec=2, size_prec=2).
2026-06-05 12:22:23,550 | DEBUG    | api_backfiller | [api_backfiller] TEAM.ETORO: 1422→1307 Zeilen (-115 Duplikate)
2026-06-05 12:22:23,551 | INFO     | api_backfiller | [api_backfiller] TEAM.ETORO: 1307 Zeilen gespeichert (price_prec=2, size_prec=2) → data.parquet
2026-06-05 12:22:24,658 | DEBUG    | api_backfiller | [api_backfiller] TER.ETORO: Precision-Fallback price_prec=2, size_prec=2
2026-06-05 12:22:24,733 | INFO     | api_backfiller | [api_backfiller] TER.ETORO: 116 Candles konvertiert (price_prec=2, size_prec=2).
2026-06-05 12:22:24,736 | DEBUG    | api_backfiller | [api_backfiller] TER.ETORO: 1331→1216 Zeilen (-115 Duplikate)
2026-06-05 12:22:24,737 | INFO     | api_backfiller | [api_backfiller] TER.ETORO: 1216 Zeilen gespeichert (price_prec=2, size_prec=2) → data.parquet
2026-06-05 12:22:25,845 | DEBUG    | api_backfiller | [api_backfiller] TME.ETORO: Precision-Fallback price_prec=2, size_prec=2
2026-06-05 12:22:25,937 | INFO     | api_backfiller | [api_backfiller] TME.ETORO: 35 Candles konvertiert (price_prec=2, size_prec=2).
2026-06-05 12:22:25,943 | DEBUG    | api_backfiller | [api_backfiller] TME.ETORO: 1272→1237 Zeilen (-35 Duplikate)
2026-06-05 12:22:25,948 | INFO     | api_backfiller | [api_backfiller] TME.ETORO: 1237 Zeilen gespeichert (price_prec=2, size_prec=2) → data.parquet
2026-06-05 12:22:27,056 | DEBUG    | api_backfiller | [api_backfiller] TSEM.ETORO: Precision-Fallback price_prec=2, size_prec=2
2026-06-05 12:22:27,156 | INFO     | api_backfiller | [api_backfiller] TSEM.ETORO: 35 Candles konvertiert (price_prec=2, size_prec=2).
2026-06-05 12:22:27,158 | DEBUG    | api_backfiller | [api_backfiller] TSEM.ETORO: 1301→1266 Zeilen (-35 Duplikate)
2026-06-05 12:22:27,160 | INFO     | api_backfiller | [api_backfiller] TSEM.ETORO: 1266 Zeilen gespeichert (price_prec=2, size_prec=2) → data.parquet
2026-06-05 12:22:28,267 | DEBUG    | api_backfiller | [api_backfiller] TSLA.ETORO: Precision-Fallback price_prec=2, size_prec=2
2026-06-05 12:22:28,346 | INFO     | api_backfiller | [api_backfiller] TSLA.ETORO: 116 Candles konvertiert (price_prec=2, size_prec=2).
2026-06-05 12:22:28,353 | DEBUG    | api_backfiller | [api_backfiller] TSLA.ETORO: 1331→1216 Zeilen (-115 Duplikate)
2026-06-05 12:22:28,355 | INFO     | api_backfiller | [api_backfiller] TSLA.ETORO: 1216 Zeilen gespeichert (price_prec=2, size_prec=2) → data.parquet
2026-06-05 12:22:29,459 | DEBUG    | api_backfiller | [api_backfiller] TTD.ETORO: Precision-Fallback price_prec=2, size_prec=2
2026-06-05 12:22:29,540 | INFO     | api_backfiller | [api_backfiller] TTD.ETORO: 116 Candles konvertiert (price_prec=2, size_prec=2).
2026-06-05 12:22:29,548 | DEBUG    | api_backfiller | [api_backfiller] TTD.ETORO: 1422→1307 Zeilen (-115 Duplikate)
2026-06-05 12:22:29,553 | INFO     | api_backfiller | [api_backfiller] TTD.ETORO: 1307 Zeilen gespeichert (price_prec=2, size_prec=2) → data.parquet
2026-06-05 12:22:30,662 | DEBUG    | api_backfiller | [api_backfiller] TTMI.ETORO: Precision-Fallback price_prec=2, size_prec=2
2026-06-05 12:22:30,743 | INFO     | api_backfiller | [api_backfiller] TTMI.ETORO: 35 Candles konvertiert (price_prec=2, size_prec=2).
2026-06-05 12:22:30,748 | DEBUG    | api_backfiller | [api_backfiller] TTMI.ETORO: 1301→1266 Zeilen (-35 Duplikate)
2026-06-05 12:22:30,754 | INFO     | api_backfiller | [api_backfiller] TTMI.ETORO: 1266 Zeilen gespeichert (price_prec=2, size_prec=2) → data.parquet
2026-06-05 12:22:31,945 | INFO     | api_backfiller | [api_backfiller] USDTRY.ETORO: 120 Candles konvertiert (price_prec=5, size_prec=5).
2026-06-05 12:22:31,952 | DEBUG    | api_backfiller | [api_backfiller] USDTRY.ETORO: 1349→1230 Zeilen (-119 Duplikate)
2026-06-05 12:22:31,954 | INFO     | api_backfiller | [api_backfiller] USDTRY.ETORO: 1230 Zeilen gespeichert (price_prec=5, size_prec=5) → data.parquet
2026-06-05 12:22:33,179 | INFO     | api_backfiller | [api_backfiller] USDZAR.ETORO: 120 Candles konvertiert (price_prec=5, size_prec=5).
2026-06-05 12:22:33,182 | DEBUG    | api_backfiller | [api_backfiller] USDZAR.ETORO: 1349→1230 Zeilen (-119 Duplikate)
2026-06-05 12:22:33,185 | INFO     | api_backfiller | [api_backfiller] USDZAR.ETORO: 1230 Zeilen gespeichert (price_prec=5, size_prec=5) → data.parquet
2026-06-05 12:22:34,289 | DEBUG    | api_backfiller | [api_backfiller] VLO.ETORO: Precision-Fallback price_prec=2, size_prec=2
2026-06-05 12:22:34,386 | INFO     | api_backfiller | [api_backfiller] VLO.ETORO: 109 Candles konvertiert (price_prec=2, size_prec=2).
2026-06-05 12:22:34,393 | DEBUG    | api_backfiller | [api_backfiller] VLO.ETORO: 1407→1298 Zeilen (-109 Duplikate)
2026-06-05 12:22:34,394 | INFO     | api_backfiller | [api_backfiller] VLO.ETORO: 1298 Zeilen gespeichert (price_prec=2, size_prec=2) → data.parquet
2026-06-05 12:22:35,499 | DEBUG    | api_backfiller | [api_backfiller] VRT.ETORO: Precision-Fallback price_prec=2, size_prec=2
2026-06-05 12:22:35,577 | INFO     | api_backfiller | [api_backfiller] VRT.ETORO: 35 Candles konvertiert (price_prec=2, size_prec=2).
2026-06-05 12:22:35,587 | DEBUG    | api_backfiller | [api_backfiller] VRT.ETORO: 1301→1266 Zeilen (-35 Duplikate)
2026-06-05 12:22:35,593 | INFO     | api_backfiller | [api_backfiller] VRT.ETORO: 1266 Zeilen gespeichert (price_prec=2, size_prec=2) → data.parquet
2026-06-05 12:22:36,702 | DEBUG    | api_backfiller | [api_backfiller] WBD.ETORO: Precision-Fallback price_prec=2, size_prec=2
2026-06-05 12:22:36,780 | INFO     | api_backfiller | [api_backfiller] WBD.ETORO: 116 Candles konvertiert (price_prec=2, size_prec=2).
2026-06-05 12:22:36,787 | DEBUG    | api_backfiller | [api_backfiller] WBD.ETORO: 1422→1308 Zeilen (-114 Duplikate)
2026-06-05 12:22:36,789 | INFO     | api_backfiller | [api_backfiller] WBD.ETORO: 1308 Zeilen gespeichert (price_prec=2, size_prec=2) → data.parquet
2026-06-05 12:22:37,897 | DEBUG    | api_backfiller | [api_backfiller] WDAY.ETORO: Precision-Fallback price_prec=2, size_prec=2
2026-06-05 12:22:37,985 | INFO     | api_backfiller | [api_backfiller] WDAY.ETORO: 116 Candles konvertiert (price_prec=2, size_prec=2).
2026-06-05 12:22:37,990 | DEBUG    | api_backfiller | [api_backfiller] WDAY.ETORO: 1421→1306 Zeilen (-115 Duplikate)
2026-06-05 12:22:37,991 | INFO     | api_backfiller | [api_backfiller] WDAY.ETORO: 1306 Zeilen gespeichert (price_prec=2, size_prec=2) → data.parquet
2026-06-05 12:22:39,100 | DEBUG    | api_backfiller | [api_backfiller] WDC.ETORO: Precision-Fallback price_prec=2, size_prec=2
2026-06-05 12:22:39,338 | INFO     | api_backfiller | [api_backfiller] WDC.ETORO: 116 Candles konvertiert (price_prec=2, size_prec=2).
2026-06-05 12:22:39,341 | DEBUG    | api_backfiller | [api_backfiller] WDC.ETORO: 1422→1307 Zeilen (-115 Duplikate)
2026-06-05 12:22:39,343 | INFO     | api_backfiller | [api_backfiller] WDC.ETORO: 1307 Zeilen gespeichert (price_prec=2, size_prec=2) → data.parquet
2026-06-05 12:22:40,450 | DEBUG    | api_backfiller | [api_backfiller] WIX.ETORO: Precision-Fallback price_prec=2, size_prec=2
2026-06-05 12:22:40,542 | INFO     | api_backfiller | [api_backfiller] WIX.ETORO: 35 Candles konvertiert (price_prec=2, size_prec=2).
2026-06-05 12:22:40,550 | DEBUG    | api_backfiller | [api_backfiller] WIX.ETORO: 1301→1266 Zeilen (-35 Duplikate)
2026-06-05 12:22:40,555 | INFO     | api_backfiller | [api_backfiller] WIX.ETORO: 1266 Zeilen gespeichert (price_prec=2, size_prec=2) → data.parquet
2026-06-05 12:22:41,663 | DEBUG    | api_backfiller | [api_backfiller] XPEV.ETORO: Precision-Fallback price_prec=2, size_prec=2
2026-06-05 12:22:41,743 | INFO     | api_backfiller | [api_backfiller] XPEV.ETORO: 35 Candles konvertiert (price_prec=2, size_prec=2).
2026-06-05 12:22:41,746 | DEBUG    | api_backfiller | [api_backfiller] XPEV.ETORO: 1272→1237 Zeilen (-35 Duplikate)
2026-06-05 12:22:41,748 | INFO     | api_backfiller | [api_backfiller] XPEV.ETORO: 1237 Zeilen gespeichert (price_prec=2, size_prec=2) → data.parquet
2026-06-05 12:22:42,935 | INFO     | api_backfiller | [api_backfiller] XRP.ETORO: 168 Candles konvertiert (price_prec=2, size_prec=8).
2026-06-05 12:22:42,945 | DEBUG    | api_backfiller | [api_backfiller] XRP.ETORO: 1501→1334 Zeilen (-167 Duplikate)
2026-06-05 12:22:42,948 | INFO     | api_backfiller | [api_backfiller] XRP.ETORO: 1334 Zeilen gespeichert (price_prec=2, size_prec=8) → data.parquet
2026-06-05 12:22:44,056 | DEBUG    | api_backfiller | [api_backfiller] ZS.ETORO: Precision-Fallback price_prec=2, size_prec=2
2026-06-05 12:22:44,141 | INFO     | api_backfiller | [api_backfiller] ZS.ETORO: 116 Candles konvertiert (price_prec=2, size_prec=2).
2026-06-05 12:22:44,148 | DEBUG    | api_backfiller | [api_backfiller] ZS.ETORO: 1422→1307 Zeilen (-115 Duplikate)
2026-06-05 12:22:44,153 | INFO     | api_backfiller | [api_backfiller] ZS.ETORO: 1307 Zeilen gespeichert (price_prec=2, size_prec=2) → data.parquet
2026-06-05 12:22:45,262 | DEBUG    | api_backfiller | [api_backfiller] ZTS.ETORO: Precision-Fallback price_prec=2, size_prec=2
2026-06-05 12:22:45,369 | INFO     | api_backfiller | [api_backfiller] ZTS.ETORO: 115 Candles konvertiert (price_prec=2, size_prec=2).
2026-06-05 12:22:45,376 | DEBUG    | api_backfiller | [api_backfiller] ZTS.ETORO: 1328→1214 Zeilen (-114 Duplikate)
2026-06-05 12:22:45,378 | INFO     | api_backfiller | [api_backfiller] ZTS.ETORO: 1214 Zeilen gespeichert (price_prec=2, size_prec=2) → data.parquet
2026-06-05 12:22:46,480 | INFO     | api_backfiller | [api_backfiller] Backfill abgeschlossen: 106 Symbole befüllt.
2026-06-05 12:22:46,482 | INFO     | orchestrator | [Phase 2c] API-Backfill: 106 Symbole befüllt.
2026-06-05 12:22:46,600 | INFO     | orchestrator | [Phase 2d] 1 Symbole unzureichend (benötigt Daten bis 1762510966484651008 ns) — starte Historical Fetcher ...
2026-06-05 12:22:46,601 | INFO     | api_backfiller | [api_backfiller] Universe geladen: 106 Instrumente.
2026-06-05 12:22:46,601 | DEBUG    | asyncio | Using selector: EpollSelector
2026-06-05 12:22:46,602 | INFO     | historical_fetcher | [historical_fetcher] 1/1 Symbole werden gefetcht (months=12, start_ns=1762510966484651008).
2026-06-05 12:22:46,603 | INFO     | historical_fetcher | [historical_fetcher] Lade Instrument-Precisions via eToro API …
2026-06-05 12:22:46,798 | DEBUG    | api_backfiller | [api_backfiller] Raw API response (first 500 chars): {'instrumentDisplayDatas': [{'instrumentID': 15233, 'instrumentDisplayName': 'Elbit Systems Ltd', 'instrumentTypeID': 5, 'exchangeID': 4, 'images': [{'instrumentID': 15233, 'width': 35.0, 'height': 35.0, 'uri': 'https://etoro-cdn.etorostatic.com/market-avatars/15233/35x35.png'}, {'instrumentID': 15233, 'width': 50.0, 'height': 50.0, 'uri': 'https://etoro-cdn.etorostatic.com/market-avatars/15233/50x50.png'}, {'instrumentID': 15233, 'width': 150.0, 'height': 150.0, 'uri': 'https://etoro-cdn.etoros
2026-06-05 12:22:46,798 | DEBUG    | api_backfiller | [api_backfiller] Keine API-Precision für ID 15233 (ESLT). Equity-Fallback (2,2) wird von run_backfill() angewendet.
2026-06-05 12:22:46,798 | DEBUG    | api_backfiller | Vollständiger Item-Dump: {
  "instrumentID": 15233,
  "instrumentDisplayName": "Elbit Systems Ltd",
  "instrumentTypeID": 5,
  "exchangeID": 4,
  "images": [
    {
      "instrumentID": 15233,
      "width": 35.0,
      "height": 35.0,
      "uri": "https://etoro-cdn.etorostatic.com/market-avatars/15233/35x35.png"
    },
    {
      "instrumentID": 15233,
      "width": 50.0,
      "height": 50.0,
      "uri": "https://etoro-cdn.etorostatic.com/market-avatars/15233/50x50.png"
    },
    {
      "instrumentID": 15233,
      "width": 150.0,
      "height": 150.0,
      "uri": "https://etoro-cdn.etorostatic.com/market-avatars/15233/150x150.png"
    },
    {
      "instrumentID": 15233,
      "uri": "https://etoro-cdn.etorostatic.com/market-avatars/15233/15233_FDE134_2C2C2C.svg",
      "backgroundColor": "#FDE134",
      "textColor": "#2C2C2C"
    }
  ],
  "symbolFull": "ESLT",
  "stocksIndustryID": 6,
  "priceSource": "NASDAQ",
  "hasExpirationDate": false,
  "isInternalInstrument": false,
  "distributionType": 5
}
2026-06-05 12:22:47,299 | WARNING  | api_backfiller | [api_backfiller] Precision-API lieferte keine Felder (0 von 1 Instrumenten). API-Endpunkt oder Response-Format möglicherweise geändert.
2026-06-05 12:22:47,299 | INFO     | api_backfiller | [api_backfiller] Precision-Auflösung abgeschlossen: 0 direkt via API, 0 via Symbol-Fallback (_fallback_precisions), 1 Equities erhalten (2,2) in run_backfill().
2026-06-05 12:22:47,300 | INFO     | historical_fetcher | [historical_fetcher] Precisions via API: 0/1 Instrumente.
2026-06-05 12:22:47,303 | INFO     | historical_fetcher | [ESLT.ETORO] Delta-Update: Fetch ab 2025-11-19T23:59:59+00:00 rückwärts bis 2025-11-07T10:22:46.484651+00:00
2026-06-05 12:22:47,446 | DEBUG    | historical_fetcher | [ESLT.ETORO] OneHour: 925 Candles, älteste: 2025-11-20T14:00:00+00:00
2026-06-05 12:22:48,671 | INFO     | historical_fetcher | [ESLT.ETORO] Historische Tiefe für OneHour erreicht.
2026-06-05 12:22:48,755 | DEBUG    | historical_fetcher | [ESLT.ETORO] OneDay: 126 Candles, älteste: 2025-11-20T00:00:00+00:00
2026-06-05 12:22:49,936 | INFO     | historical_fetcher | [ESLT.ETORO] Historische Tiefe für OneDay erreicht.
2026-06-05 12:22:49,951 | INFO     | historical_fetcher | [ESLT.ETORO] 1051 Candles → speichere (price_prec=2).
2026-06-05 12:22:49,962 | DEBUG    | historical_fetcher | [api_backfiller] ESLT.ETORO: 2103→1052 Zeilen (-1051 Duplikate)
2026-06-05 12:22:49,967 | INFO     | historical_fetcher | [api_backfiller] ESLT.ETORO: 1052 Zeilen gespeichert (price_prec=2, size_prec=2) → data.parquet
2026-06-05 12:22:51,070 | INFO     | historical_fetcher | [historical_fetcher] Fertig: 1 Symbole befüllt.
2026-06-05 12:22:51,071 | INFO     | orchestrator | [Phase 2d] Historical Fetcher: 1 Symbole befüllt.
2026-06-05 12:22:51,072 | INFO     | orchestrator | [JSON_EVENT] {"event_type": "PHASE2D_COMPLETE", "timestamp_utc": "2026-06-05T10:22:51.071964+00:00", "insufficient_count": 1, "hist_filled_count": 1}
2026-06-05 12:22:51,072 | INFO     | orchestrator | [JSON_EVENT] {"event_type": "PHASE2_COMPLETE", "timestamp_utc": "2026-06-05T10:22:51.072083+00:00", "merged_instruments": 0, "zips_deleted": 0, "api_filled_count": 106, "hist_filled_count": 1}
2026-06-05 12:22:51,072 | INFO     | orchestrator | ════════════════════════════════════════════════════════════
2026-06-05 12:22:51,072 | INFO     | orchestrator | PHASE 3+4: Matrix-Backtesting & Tournament
2026-06-05 12:22:51,072 | INFO     | orchestrator | ════════════════════════════════════════════════════════════
2026-06-05 12:22:51,072 | INFO     | orchestrator | [Phase 3] Dynamische Config: /home/user/etoro_nautilus/logs/backtest_dynamic_config.json
2026-06-05 12:22:51,073 | INFO     | orchestrator | [Phase 3] Backtest-Kommando: /home/user/etoro_nautilus/venv/bin/python3 /home/user/etoro_nautilus/automation/backtest_runner.py --momentum --catalog-path /home/user/etoro_nautilus/data/nautilus --config /home/user/etoro_nautilus/logs/backtest_dynamic_config.json --output /home/user/etoro_nautilus/logs/tournament_2026-06-05.json
2026-06-05 12:22:51,073 | WARNING  | orchestrator | [Phase 3] Rolling Walk-Forward is not fully implemented. Using single Train/Test split.
2026-06-05 12:22:51,073 | INFO     | orchestrator | [JSON_EVENT] {"event_type": "BACKTEST_START", "timestamp_utc": "2026-06-05T10:22:51.073230+00:00", "start": "2026-01-06T00:00:00Z", "end": "2026-06-05T00:00:00Z", "walk_forward_active": false}
2026-06-05 12:29:51,063 | INFO     | orchestrator | [Phase 3] Backtest beendet (Exit-Code: 0).
2026-06-05 12:29:58,319 | DEBUG    | orchestrator |   [BT-LOG] ZS.ETORO             | MeanReversionStrategy          |   -2.29 |   -1.00 |    0.32 |     68 |    13.1 | 
2026-06-05 12:29:58,320 | DEBUG    | orchestrator |   [BT-LOG] ZS.ETORO             | SmaCrossoverStrategy           |   -3.19 |   -0.98 |    0.27 |     74 |    12.2 | 
2026-06-05 12:29:58,320 | DEBUG    | orchestrator |   [BT-LOG] ZS.ETORO             | VolatilityBreakoutPumpStrategy |   -2.28 |   -0.76 |    0.34 |     66 |    12.0 | 
2026-06-05 12:29:58,320 | DEBUG    | orchestrator |   [BT-LOG] ZS.ETORO             | VwapExhaustionStrategy         |     N/A |    0.51 |    1.51 |      4 |     9.0 | 
2026-06-05 12:29:58,320 | DEBUG    | orchestrator |   [BT-LOG] ZTS.ETORO            | ComboTrendVwapStrategy         |    1.05 |    0.40 |    1.40 |    112 |     2.1 | 
2026-06-05 12:29:58,320 | DEBUG    | orchestrator |   [BT-LOG] ZTS.ETORO            | DynamicBreakoutStrategy        |   -3.08 |   -1.00 |    0.00 |    356 |     2.1 | 
2026-06-05 12:29:58,320 | DEBUG    | orchestrator |   [BT-LOG] ZTS.ETORO            | FlashCrashReversalStrategy     |   50.78 |    4.65 |    5.64 |     82 |    11.0 | 
2026-06-05 12:29:58,320 | DEBUG    | orchestrator |   [BT-LOG] ZTS.ETORO            | HourlyMeanReversionStrategy    |   -0.22 |   -0.09 |    0.94 |     78 |    12.7 | 
2026-06-05 12:29:58,320 | DEBUG    | orchestrator |   [BT-LOG] ZTS.ETORO            | MeanReversionStrategy          |   -0.22 |   -0.09 |    0.94 |     78 |    12.7 | 
2026-06-05 12:29:58,320 | DEBUG    | orchestrator |   [BT-LOG] ZTS.ETORO            | SmaCrossoverStrategy           |   -3.10 |   -1.00 |    0.00 |     92 |    11.0 | 
2026-06-05 12:29:58,320 | DEBUG    | orchestrator |   [BT-LOG] ZTS.ETORO            | VolatilityBreakoutPumpStrategy |   -3.49 |   -1.00 |    0.08 |     72 |    12.0 | 
2026-06-05 12:29:58,320 | DEBUG    | orchestrator |   [BT-LOG] ZTS.ETORO            | VwapExhaustionStrategy         |    0.00 |    0.00 |    0.00 |      0 |     0.0 | 
2026-06-05 12:29:58,320 | DEBUG    | orchestrator |   [BT-LOG] 
2026-06-05 12:29:58,320 | DEBUG    | orchestrator |   [BT-LOG] ✅ Tournament: 106 Symbole | 0 eligible Paare | 0 Gewinner-Symbole
2026-06-05 12:29:58,320 | DEBUG    | orchestrator |   [BT-LOG] ⚠️  Ohne eindeutigen Gewinner: 01211.HK.ETORO, ABT.US.ETORO, ACN.ETORO, ADA.ETORO, ADBE.ETORO, AERO.ETORO, AG.ETORO, AMAT.ETORO, AMD.ETORO, AMKR.ETORO, ASX.ETORO, AVAX.ETORO, AXON.ETORO, BTC.ETORO, CAG.ETORO, CAT.ETORO, CCL.ETORO, CHTR.ETORO, CIEN.ETORO, CMG.ETORO, COHR.ETORO, CPRT.ETORO, CRM.ETORO, DOCU.ETORO, DOGE.ETORO, DUOL.ETORO, E.ETORO, EEFT.ETORO, ELF.ETORO, ESLT.ETORO, ETH.ETORO, FDX.ETORO, FICO.ETORO, FISV.ETORO, FRO.ETORO, FSLY.ETORO, GEV.ETORO, GIS.ETORO, GLW.ETORO, GOOG.ETORO, GOOGL.ETORO, GSAT.ETORO, GTLB.ETORO, HAL.ETORO, HUBS.ETORO, HUT.ETORO, HYPE.ETORO, INSM.ETORO, INSW.ETORO, INTU.ETORO, JAZZ.ETORO, JNJ.ETORO, KD.ETORO, LQDA.ETORO, LRCX.ETORO, LULU.ETORO, MNDY.ETORO, MRVL.ETORO, MSTR.ETORO, MTZ.ETORO, MU.ETORO, NATGAS.ETORO, NOK.ETORO, NOW.ETORO, NTSK.ETORO, NVDA.ETORO, NVO.ETORO, NVS.ETORO, ONDO.ETORO, PALL.ETORO, PBR.ETORO, PEPExM.ETORO, PINS.ETORO, PLTR.ETORO, POWL.ETORO, PYPL.ETORO, RHM.DE.ETORO, RIOT.ETORO, ROP.ZU.ETORO, SE.ETORO, SEI.US.ETORO, SHIBxM.ETORO, SMTC.ETORO, SNAP.ETORO, SOL.ETORO, SQM.ETORO, STX.US.ETORO, TEAM.ETORO, TER.ETORO, TME.ETORO, TSEM.ETORO, TSLA.ETORO, TTD.ETORO, TTMI.ETORO, USDTRY.ETORO, USDZAR.ETORO, VLO.ETORO, VRT.ETORO, WBD.ETORO, WDAY.ETORO, WDC.ETORO, WIX.ETORO, XPEV.ETORO, XRP.ETORO, ZS.ETORO, ZTS.ETORO
2026-06-05 12:29:58,320 | DEBUG    | orchestrator |   [BT-LOG] ⚠️  Rejected: Undefined metrics due to all-win / insufficient loss data for ABT.US.ETORO - ComboTrendVwapStrategy
2026-06-05 12:29:58,320 | DEBUG    | orchestrator |   [BT-LOG] ⚠️  Rejected: Undefined metrics due to all-win / insufficient loss data for ADBE.ETORO - ComboTrendVwapStrategy
2026-06-05 12:29:58,320 | DEBUG    | orchestrator |   [BT-LOG] ⚠️  Rejected: Undefined metrics due to all-win / insufficient loss data for AERO.ETORO - ComboTrendVwapStrategy
2026-06-05 12:29:58,321 | DEBUG    | orchestrator |   [BT-LOG] ⚠️  Rejected: Undefined metrics due to all-win / insufficient loss data for AVAX.ETORO - ComboTrendVwapStrategy
2026-06-05 12:29:58,321 | DEBUG    | orchestrator |   [BT-LOG] ⚠️  Rejected: Undefined metrics due to all-win / insufficient loss data for BTC.ETORO - ComboTrendVwapStrategy
2026-06-05 12:29:58,321 | DEBUG    | orchestrator |   [BT-LOG] ⚠️  Rejected: Undefined metrics due to all-win / insufficient loss data for BTC.ETORO - HourlyMeanReversionStrategy
2026-06-05 12:29:58,321 | DEBUG    | orchestrator |   [BT-LOG] ⚠️  Rejected: Undefined metrics due to all-win / insufficient loss data for CAT.ETORO - VwapExhaustionStrategy
2026-06-05 12:29:58,321 | DEBUG    | orchestrator |   [BT-LOG] ⚠️  Rejected: Undefined metrics due to all-win / insufficient loss data for CHTR.ETORO - VwapExhaustionStrategy
2026-06-05 12:29:58,321 | DEBUG    | orchestrator |   [BT-LOG] ⚠️  Rejected: Undefined metrics due to all-win / insufficient loss data for CMG.ETORO - VwapExhaustionStrategy
2026-06-05 12:29:58,321 | DEBUG    | orchestrator |   [BT-LOG] ⚠️  Rejected: Undefined metrics due to all-win / insufficient loss data for DUOL.ETORO - VwapExhaustionStrategy
2026-06-05 12:29:58,321 | DEBUG    | orchestrator |   [BT-LOG] ⚠️  Rejected: Undefined metrics due to all-win / insufficient loss data for ETH.ETORO - ComboTrendVwapStrategy
2026-06-05 12:29:58,321 | DEBUG    | orchestrator |   [BT-LOG] ⚠️  Rejected: Undefined metrics due to all-win / insufficient loss data for FICO.ETORO - VwapExhaustionStrategy
2026-06-05 12:29:58,321 | DEBUG    | orchestrator |   [BT-LOG] ⚠️  Rejected: Undefined metrics due to all-win / insufficient loss data for FISV.ETORO - ComboTrendVwapStrategy
2026-06-05 12:29:58,321 | DEBUG    | orchestrator |   [BT-LOG] ⚠️  Rejected: Undefined metrics due to all-win / insufficient loss data for FISV.ETORO - VwapExhaustionStrategy
2026-06-05 12:29:58,321 | DEBUG    | orchestrator |   [BT-LOG] ⚠️  Rejected: Undefined metrics due to all-win / insufficient loss data for GLW.ETORO - VwapExhaustionStrategy
2026-06-05 12:29:58,321 | DEBUG    | orchestrator |   [BT-LOG] ⚠️  Rejected: Undefined metrics due to all-win / insufficient loss data for GOOGL.ETORO - VwapExhaustionStrategy
2026-06-05 12:29:58,321 | DEBUG    | orchestrator |   [BT-LOG] ⚠️  Rejected: Undefined metrics due to all-win / insufficient loss data for HAL.ETORO - VwapExhaustionStrategy
2026-06-05 12:29:58,321 | DEBUG    | orchestrator |   [BT-LOG] ⚠️  Rejected: Undefined metrics due to all-win / insufficient loss data for INTU.ETORO - ComboTrendVwapStrategy
2026-06-05 12:29:58,321 | DEBUG    | orchestrator |   [BT-LOG] ⚠️  Rejected: Undefined metrics due to all-win / insufficient loss data for LRCX.ETORO - VwapExhaustionStrategy
2026-06-05 12:29:58,321 | DEBUG    | orchestrator |   [BT-LOG] ⚠️  Rejected: Undefined metrics due to all-win / insufficient loss data for LULU.ETORO - VwapExhaustionStrategy
2026-06-05 12:29:58,321 | DEBUG    | orchestrator |   [BT-LOG] ⚠️  Rejected: Undefined metrics due to all-win / insufficient loss data for MU.ETORO - VwapExhaustionStrategy
2026-06-05 12:29:58,321 | DEBUG    | orchestrator |   [BT-LOG] ⚠️  Rejected: Undefined metrics due to all-win / insufficient loss data for NOW.ETORO - VwapExhaustionStrategy
2026-06-05 12:29:58,321 | DEBUG    | orchestrator |   [BT-LOG] ⚠️  Rejected: Undefined metrics due to all-win / insufficient loss data for SNAP.ETORO - VwapExhaustionStrategy
2026-06-05 12:29:58,321 | DEBUG    | orchestrator |   [BT-LOG] ⚠️  Rejected: Undefined metrics due to all-win / insufficient loss data for STX.US.ETORO - VwapExhaustionStrategy
2026-06-05 12:29:58,321 | DEBUG    | orchestrator |   [BT-LOG] ⚠️  Rejected: Undefined metrics due to all-win / insufficient loss data for TEAM.ETORO - ComboTrendVwapStrategy
2026-06-05 12:29:58,321 | DEBUG    | orchestrator |   [BT-LOG] ⚠️  Rejected: Undefined metrics due to all-win / insufficient loss data for TEAM.ETORO - VwapExhaustionStrategy
2026-06-05 12:29:58,322 | DEBUG    | orchestrator |   [BT-LOG] ⚠️  Rejected: Undefined metrics due to all-win / insufficient loss data for TTD.ETORO - VwapExhaustionStrategy
2026-06-05 12:29:58,322 | DEBUG    | orchestrator |   [BT-LOG] ⚠️  Rejected: Undefined metrics due to all-win / insufficient loss data for VLO.ETORO - VwapExhaustionStrategy
2026-06-05 12:29:58,322 | DEBUG    | orchestrator |   [BT-LOG] ⚠️  Rejected: Undefined metrics due to all-win / insufficient loss data for WDAY.ETORO - VwapExhaustionStrategy
2026-06-05 12:29:58,322 | DEBUG    | orchestrator |   [BT-LOG] ⚠️  Rejected: Undefined metrics due to all-win / insufficient loss data for WDC.ETORO - VwapExhaustionStrategy
2026-06-05 12:29:58,322 | DEBUG    | orchestrator |   [BT-LOG] ⚠️  Rejected: Undefined metrics due to all-win / insufficient loss data for ZS.ETORO - VwapExhaustionStrategy
2026-06-05 12:29:58,322 | DEBUG    | orchestrator |   [BT-LOG] 
2026-06-05 12:29:58,322 | DEBUG    | orchestrator |   [BT-LOG] 📄 Tournament-Ergebnisse gespeichert: /home/user/etoro_nautilus/logs/tournament_2026-06-05.json
2026-06-05 12:29:58,322 | DEBUG    | orchestrator |   [BT-LOG] 
2026-06-05 12:29:58,322 | DEBUG    | orchestrator |   [BT-LOG] ✅ Matrix-Backtest vollständig abgeschlossen!
2026-06-05 12:29:58,500 | INFO     | orchestrator | [Phase 4] Tournament: 0 Gewinner.
2026-06-05 12:29:58,500 | INFO     | orchestrator | [JSON_EVENT] {"event_type": "TOURNAMENT_COMPLETE", "timestamp_utc": "2026-06-05T10:29:58.500350+00:00", "winner_count": 0, "aggregate_winner": null, "path": "/home/user/etoro_nautilus/logs/tournament_2026-06-05.json"}
2026-06-05 12:29:58,500 | INFO     | orchestrator | ════════════════════════════════════════════════════════════
2026-06-05 12:29:58,500 | INFO     | orchestrator | PHASE 5: Live Deployment & Bot-Start
2026-06-05 12:29:58,501 | INFO     | orchestrator | ════════════════════════════════════════════════════════════
2026-06-05 12:29:58,508 | ERROR    | orchestrator | [Phase 5] Kein Aggregat-Sieger im Tournament. Abbruch.
2026-06-05 12:29:58,509 | INFO     | orchestrator | [JSON_EVENT] {"event_type": "ORCHESTRATOR_EXIT", "timestamp_utc": "2026-06-05T10:29:58.509084+00:00", "exit_code": 1}
2026-06-05 12:29:58,509 | INFO     | orchestrator | Orchestrator beendet (Exit-Code: 1).
