2026-06-25 12:24:16,052 | INFO     | orchestrator | ╔════════════════════════════════════════════════════════════╗
2026-06-25 12:24:16,052 | INFO     | orchestrator | ║  eToro Nautilus — Daily Orchestrator v2.0                  ║
2026-06-25 12:24:16,052 | INFO     | orchestrator | ║  Start: 2026-06-25T10:24:16.052618+00:00                    ║
2026-06-25 12:24:16,052 | INFO     | orchestrator | ║  NO-DEPLOY: JA                                                 ║
2026-06-25 12:24:16,053 | INFO     | orchestrator | ║  Standalone: Kein adapters/-Import                        ║
2026-06-25 12:24:16,053 | INFO     | orchestrator | ╚════════════════════════════════════════════════════════════╝
2026-06-25 12:24:16,053 | INFO     | orchestrator | [JSON_EVENT] {"event_type": "ORCHESTRATOR_START", "timestamp_utc": "2026-06-25T10:24:16.053192+00:00", "no_deploy": true, "skip_api_fetch": false, "version": "2.0", "python": "3.12.3 (main, Mar 23 2026, 19:04:32) [GCC 13.3.0]"}
2026-06-25 12:24:16,057 | INFO     | orchestrator | [LOG-CLEANUP] 1 Log-Dateien gelöscht (älter als 7 Tage).
2026-06-25 12:24:16,192 | INFO     | orchestrator | ════════════════════════════════════════════════════════════
2026-06-25 12:24:16,193 | INFO     | orchestrator | PHASE 1: Universe & Mapping
2026-06-25 12:24:16,193 | INFO     | orchestrator | ════════════════════════════════════════════════════════════
2026-06-25 12:24:16,193 | WARNING  | orchestrator | [Phase 1] Universe-Daten sind 191.1h alt (> 24h). Erfordert auto-fetch.
2026-06-25 12:24:16,193 | INFO     | orchestrator | [Phase 1] Starte automatischen Universe-Fetch...
2026-06-25 12:24:16,194 | DEBUG    | asyncio | Using selector: EpollSelector
2026-06-25 12:24:18,841 | INFO     | automation.universe_fetcher | Total positions: 458
2026-06-25 12:24:18,841 | INFO     | automation.universe_fetcher | Known symbols: 413
2026-06-25 12:24:18,841 | INFO     | automation.universe_fetcher | Unknown symbols: 0 unique, 0 total
2026-06-25 12:24:18,841 | INFO     | automation.universe_fetcher | Saved to /home/user/etoro_nautilus/data/universe/momentum_ls.json
2026-06-25 12:24:18,843 | INFO     | orchestrator | [Phase 1] Auto-Fetch erfolgreich abgeschlossen.
2026-06-25 12:24:18,848 | INFO     | orchestrator | [Phase 1] 106 eindeutige Instrumente im Universum.
2026-06-25 12:24:18,848 | INFO     | orchestrator | [JSON_EVENT] {"event_type": "PHASE1_COMPLETE", "timestamp_utc": "2026-06-25T10:24:18.848612+00:00", "universe_size": 106, "unmapped_count": 0}
2026-06-25 12:24:18,848 | INFO     | orchestrator | ════════════════════════════════════════════════════════════
2026-06-25 12:24:18,848 | INFO     | orchestrator | PHASE 2: Datenbeschaffung (Multi-ZIP, Merge, API-Backfill)
2026-06-25 12:24:18,849 | INFO     | orchestrator | ════════════════════════════════════════════════════════════
2026-06-25 12:24:18,849 | INFO     | orchestrator | [Phase 2a] Keine ZIP-Dateien in data/import/ gefunden.
2026-06-25 12:24:18,850 | INFO     | api_backfiller | [api_backfiller] Universe geladen: 106 Instrumente.
2026-06-25 12:24:18,850 | INFO     | orchestrator | [Phase 2c] API-Backfill für 106 Symbole …
2026-06-25 12:24:18,850 | DEBUG    | asyncio | Using selector: EpollSelector
2026-06-25 12:24:18,850 | INFO     | api_backfiller | [api_backfiller] Starte Backfill: 2026-06-18 → 2026-06-25 | 106 Instrumente
2026-06-25 12:24:18,851 | INFO     | api_backfiller | [api_backfiller] Lade Instrument-Precisions via eToro API …
2026-06-25 12:24:19,134 | DEBUG    | api_backfiller | [api_backfiller] Raw API response (first 500 chars): {'instrumentDisplayDatas': [{'instrumentID': 1012, 'instrumentDisplayName': 'Caterpillar', 'instrumentTypeID': 5, 'exchangeID': 5, 'images': [{'instrumentID': 1012, 'width': 50.0, 'height': 50.0, 'uri': 'https://etoro-cdn.etorostatic.com/market-avatars/cat/50x50.png'}, {'instrumentID': 1012, 'width': 150.0, 'height': 150.0, 'uri': 'https://etoro-cdn.etorostatic.com/market-avatars/cat/150x150.png'}, {'instrumentID': 1012, 'width': 35.0, 'height': 35.0, 'uri': 'https://etoro-cdn.etorostatic.com/ma
2026-06-25 12:24:19,134 | DEBUG    | api_backfiller | [api_backfiller] Keine API-Precision für ID 1012 (CAT). Equity-Fallback (2,2) wird von run_backfill() angewendet.
2026-06-25 12:24:19,134 | DEBUG    | api_backfiller | Vollständiger Item-Dump: {
  "instrumentID": 1012,
  "instrumentDisplayName": "Caterpillar",
  "instrumentTypeID": 5,
  "exchangeID": 5,
  "images": [
    {
      "instrumentID": 1012,
      "width": 50.0,
      "height": 50.0,
      "uri": "https://etoro-cdn.etorostatic.com/market-avatars/cat/50x50.png"
    },
    {
      "instrumentID": 1012,
      "width": 150.0,
      "height": 150.0,
      "uri": "https://etoro-cdn.etorostatic.com/market-avatars/cat/150x150.png"
    },
    {
      "instrumentID": 1012,
      "width": 35.0,
      "height": 35.0,
      "uri": "https://etoro-cdn.etorostatic.com/market-avatars/cat/35x35.png"
    },
    {
      "instrumentID": 1012,
      "width": 90.0,
      "height": 90.0,
      "uri": "https://etoro-cdn.etorostatic.com/market-avatars/cat/90x90.png"
    },
    {
      "instrumentID": 1012,
      "uri": "https://etoro-cdn.etorostatic.com/market-avatars/1012/1012_2C2C2C_F7F7F7.svg",
      "backgroundColor": "#2C2C2C",
      "textColor": "#F7F7F7"
    }
  ],
  "symbolFull": "CAT",
  "stocksIndustryID": 6,
  "priceSource": "NASDAQ",
  "hasExpirationDate": false,
  "isInternalInstrument": false,
  "distributionType": 5
}
2026-06-25 12:24:19,135 | DEBUG    | api_backfiller | [api_backfiller] Keine API-Precision für ID 1102 (PBR). Equity-Fallback (2,2) wird von run_backfill() angewendet.
2026-06-25 12:24:19,135 | DEBUG    | api_backfiller | Vollständiger Item-Dump: {
  "instrumentID": 1102,
  "instrumentDisplayName": "Petroleo Brasileiro SA Petrobras-ADR",
  "instrumentTypeID": 5,
  "exchangeID": 5,
  "images": [
    {
      "instrumentID": 1102,
      "width": 35.0,
      "height": 35.0,
      "uri": "https://etoro-cdn.etorostatic.com/market-avatars/pbr/35x35.png"
    },
    {
      "instrumentID": 1102,
      "width": 50.0,
      "height": 50.0,
      "uri": "https://etoro-cdn.etorostatic.com/market-avatars/pbr/50x50.png"
    },
    {
      "instrumentID": 1102,
      "width": 80.0,
      "height": 80.0,
      "uri": "https://etoro-cdn.etorostatic.com/market-avatars/pbr/80x80.png"
    },
    {
      "instrumentID": 1102,
      "width": 90.0,
      "height": 90.0,
      "uri": "https://etoro-cdn.etorostatic.com/market-avatars/pbr/90x90.png"
    },
    {
      "instrumentID": 1102,
      "width": 150.0,
      "height": 150.0,
      "uri": "https://etoro-cdn.etorostatic.com/market-avatars/pbr/150x150.png"
    },
    {
      "instrumentID": 1102,
      "uri": "https://etoro-cdn.etorostatic.com/market-avatars/1102/1102_00853F_F7F7F7.svg",
      "backgroundColor": "#00853F",
      "textColor": "#F7F7F7"
    }
  ],
  "symbolFull": "PBR",
  "stocksIndustryID": 1,
  "priceSource": "NASDAQ",
  "hasExpirationDate": false,
  "isInternalInstrument": false,
  "distributionType": 5
}
2026-06-25 12:24:19,135 | DEBUG    | api_backfiller | [api_backfiller] Keine API-Precision für ID 1115 (NOK). Equity-Fallback (2,2) wird von run_backfill() angewendet.
2026-06-25 12:24:19,136 | DEBUG    | api_backfiller | Vollständiger Item-Dump: {
  "instrumentID": 1115,
  "instrumentDisplayName": "Nokia Oyj-ADR",
  "instrumentTypeID": 5,
  "exchangeID": 5,
  "images": [
    {
      "instrumentID": 1115,
      "width": 35.0,
      "height": 35.0,
      "uri": "https://etoro-cdn.etorostatic.com/market-avatars/nok/35x35.png"
    },
    {
      "instrumentID": 1115,
      "width": 50.0,
      "height": 50.0,
      "uri": "https://etoro-cdn.etorostatic.com/market-avatars/nok/50x50.png"
    },
    {
      "instrumentID": 1115,
      "width": 80.0,
      "height": 80.0,
      "uri": "https://etoro-cdn.etorostatic.com/market-avatars/nok/80x80.png"
    },
    {
      "instrumentID": 1115,
      "width": 90.0,
      "height": 90.0,
      "uri": "https://etoro-cdn.etorostatic.com/market-avatars/nok/90x90.png"
    },
    {
      "instrumentID": 1115,
      "width": 150.0,
      "height": 150.0,
      "uri": "https://etoro-cdn.etorostatic.com/market-avatars/nok/150x150.png"
    },
    {
      "instrumentID": 1115,
      "uri": "https://etoro-cdn.etorostatic.com/market-avatars/1115/1115_124191_F7F7F7.svg",
      "backgroundColor": "#124191",
      "textColor": "#F7F7F7"
    }
  ],
  "symbolFull": "NOK",
  "stocksIndustryID": 8,
  "priceSource": "NASDAQ",
  "hasExpirationDate": false,
  "isInternalInstrument": false,
  "distributionType": 5
}
2026-06-25 12:24:19,136 | DEBUG    | api_backfiller | [api_backfiller] Keine API-Precision für ID 1129 (WDC). Equity-Fallback (2,2) wird von run_backfill() angewendet.
2026-06-25 12:24:19,136 | DEBUG    | api_backfiller | [api_backfiller] Keine API-Precision für ID 1130 (MU). Equity-Fallback (2,2) wird von run_backfill() angewendet.
2026-06-25 12:24:19,136 | DEBUG    | api_backfiller | [api_backfiller] Keine API-Precision für ID 1138 (FDX). Equity-Fallback (2,2) wird von run_backfill() angewendet.
2026-06-25 12:24:19,137 | DEBUG    | api_backfiller | [api_backfiller] Keine API-Precision für ID 1184 (PINS). Equity-Fallback (2,2) wird von run_backfill() angewendet.
2026-06-25 12:24:19,137 | DEBUG    | api_backfiller | [api_backfiller] Keine API-Precision für ID 1341 (GEV). Equity-Fallback (2,2) wird von run_backfill() angewendet.
2026-06-25 12:24:19,137 | DEBUG    | api_backfiller | [api_backfiller] Keine API-Precision für ID 1484 (PYPL). Equity-Fallback (2,2) wird von run_backfill() angewendet.
2026-06-25 12:24:19,137 | DEBUG    | api_backfiller | [api_backfiller] Keine API-Precision für ID 1585 (GIS). Equity-Fallback (2,2) wird von run_backfill() angewendet.
2026-06-25 12:24:19,137 | DEBUG    | api_backfiller | [api_backfiller] Keine API-Precision für ID 1586 (CAG). Equity-Fallback (2,2) wird von run_backfill() angewendet.
2026-06-25 12:24:19,137 | DEBUG    | api_backfiller | [api_backfiller] Keine API-Precision für ID 1687 (GLW). Equity-Fallback (2,2) wird von run_backfill() angewendet.
2026-06-25 12:24:19,138 | DEBUG    | api_backfiller | [api_backfiller] Keine API-Precision für ID 1706 (AMAT). Equity-Fallback (2,2) wird von run_backfill() angewendet.
2026-06-25 12:24:19,138 | DEBUG    | api_backfiller | [api_backfiller] Keine API-Precision für ID 1832 (AMD). Equity-Fallback (2,2) wird von run_backfill() angewendet.
2026-06-25 12:24:19,138 | DEBUG    | api_backfiller | [api_backfiller] Keine API-Precision für ID 1865 (FISV). Equity-Fallback (2,2) wird von run_backfill() angewendet.
2026-06-25 12:24:19,138 | DEBUG    | api_backfiller | [api_backfiller] Keine API-Precision für ID 1905 (MTZ). Equity-Fallback (2,2) wird von run_backfill() angewendet.
2026-06-25 12:24:19,138 | DEBUG    | api_backfiller | [api_backfiller] Keine API-Precision für ID 1906 (LRCX). Equity-Fallback (2,2) wird von run_backfill() angewendet.
2026-06-25 12:24:19,138 | DEBUG    | api_backfiller | [api_backfiller] Keine API-Precision für ID 1914 (INTU). Equity-Fallback (2,2) wird von run_backfill() angewendet.
2026-06-25 12:24:19,139 | DEBUG    | api_backfiller | [api_backfiller] Keine API-Precision für ID 1945 (CMG). Equity-Fallback (2,2) wird von run_backfill() angewendet.
2026-06-25 12:24:19,139 | DEBUG    | api_backfiller | [api_backfiller] Keine API-Precision für ID 4067 (GSAT). Equity-Fallback (2,2) wird von run_backfill() angewendet.
2026-06-25 12:24:19,139 | DEBUG    | api_backfiller | [api_backfiller] Keine API-Precision für ID 4260 (NOW). Equity-Fallback (2,2) wird von run_backfill() angewendet.
2026-06-25 12:24:19,139 | DEBUG    | api_backfiller | [api_backfiller] Keine API-Precision für ID 4263 (WDAY). Equity-Fallback (2,2) wird von run_backfill() angewendet.
2026-06-25 12:24:19,139 | DEBUG    | api_backfiller | [api_backfiller] Keine API-Precision für ID 4309 (LULU). Equity-Fallback (2,2) wird von run_backfill() angewendet.
2026-06-25 12:24:19,139 | DEBUG    | api_backfiller | [api_backfiller] Keine API-Precision für ID 4356 (STX.US). Equity-Fallback (2,2) wird von run_backfill() angewendet.
2026-06-25 12:24:19,140 | DEBUG    | api_backfiller | [api_backfiller] Keine API-Precision für ID 4358 (MRVL). Equity-Fallback (2,2) wird von run_backfill() angewendet.
2026-06-25 12:24:19,140 | DEBUG    | api_backfiller | [api_backfiller] Keine API-Precision für ID 4399 (TTD). Equity-Fallback (2,2) wird von run_backfill() angewendet.
2026-06-25 12:24:19,140 | DEBUG    | api_backfiller | [api_backfiller] Keine API-Precision für ID 4421 (CIEN). Equity-Fallback (2,2) wird von run_backfill() angewendet.
2026-06-25 12:24:19,140 | DEBUG    | api_backfiller | [api_backfiller] Keine API-Precision für ID 4482 (TME). Equity-Fallback (2,2) wird von run_backfill() angewendet.
2026-06-25 12:24:19,140 | DEBUG    | api_backfiller | [api_backfiller] Keine API-Precision für ID 5491 (ASX). Equity-Fallback (2,2) wird von run_backfill() angewendet.
2026-06-25 12:24:19,140 | DEBUG    | api_backfiller | [api_backfiller] Keine API-Precision für ID 5657 (SMTC). Equity-Fallback (2,2) wird von run_backfill() angewendet.
2026-06-25 12:24:19,141 | DEBUG    | api_backfiller | [api_backfiller] Keine API-Precision für ID 5960 (SE). Equity-Fallback (2,2) wird von run_backfill() angewendet.
2026-06-25 12:24:19,141 | DEBUG    | api_backfiller | [api_backfiller] Keine API-Precision für ID 5967 (CPRT). Equity-Fallback (2,2) wird von run_backfill() angewendet.
2026-06-25 12:24:19,141 | DEBUG    | api_backfiller | [api_backfiller] Keine API-Precision für ID 6071 (AXON). Equity-Fallback (2,2) wird von run_backfill() angewendet.
2026-06-25 12:24:19,141 | DEBUG    | api_backfiller | [api_backfiller] Keine API-Precision für ID 6094 (COHR). Equity-Fallback (2,2) wird von run_backfill() angewendet.
2026-06-25 12:24:19,141 | DEBUG    | api_backfiller | [api_backfiller] Keine API-Precision für ID 6434 (GOOGL). Equity-Fallback (2,2) wird von run_backfill() angewendet.
2026-06-25 12:24:19,141 | DEBUG    | api_backfiller | [api_backfiller] Keine API-Precision für ID 6473 (MSTR). Equity-Fallback (2,2) wird von run_backfill() angewendet.
2026-06-25 12:24:19,141 | DEBUG    | api_backfiller | [api_backfiller] Keine API-Precision für ID 6549 (TER). Equity-Fallback (2,2) wird von run_backfill() angewendet.
2026-06-25 12:24:19,141 | DEBUG    | api_backfiller | [api_backfiller] Keine API-Precision für ID 6681 (ELF). Equity-Fallback (2,2) wird von run_backfill() angewendet.
2026-06-25 12:24:19,141 | DEBUG    | api_backfiller | [api_backfiller] Keine API-Precision für ID 6705 (FRO). Equity-Fallback (2,2) wird von run_backfill() angewendet.
2026-06-25 12:24:19,141 | DEBUG    | api_backfiller | [api_backfiller] Keine API-Precision für ID 6844 (NVO). Equity-Fallback (2,2) wird von run_backfill() angewendet.
2026-06-25 12:24:19,141 | DEBUG    | api_backfiller | [api_backfiller] Keine API-Precision für ID 6940 (SQM). Equity-Fallback (2,2) wird von run_backfill() angewendet.
2026-06-25 12:24:19,141 | DEBUG    | api_backfiller | [api_backfiller] Keine API-Precision für ID 7852 (AMKR). Equity-Fallback (2,2) wird von run_backfill() angewendet.
2026-06-25 12:24:19,141 | DEBUG    | api_backfiller | [api_backfiller] Keine API-Precision für ID 7930 (LQDA). Equity-Fallback (2,2) wird von run_backfill() angewendet.
2026-06-25 12:24:19,141 | DEBUG    | api_backfiller | [api_backfiller] Keine API-Precision für ID 8604 (KD). Equity-Fallback (2,2) wird von run_backfill() angewendet.
2026-06-25 12:24:19,141 | DEBUG    | api_backfiller | [api_backfiller] Keine API-Precision für ID 8637 (DUOL). Equity-Fallback (2,2) wird von run_backfill() angewendet.
2026-06-25 12:24:19,141 | DEBUG    | api_backfiller | [api_backfiller] Keine API-Precision für ID 8867 (VRT). Equity-Fallback (2,2) wird von run_backfill() angewendet.
2026-06-25 12:24:19,141 | DEBUG    | api_backfiller | [api_backfiller] Keine API-Precision für ID 9271 (MNDY). Equity-Fallback (2,2) wird von run_backfill() angewendet.
2026-06-25 12:24:19,141 | DEBUG    | api_backfiller | [api_backfiller] Keine API-Precision für ID 9814 (POWL). Equity-Fallback (2,2) wird von run_backfill() angewendet.
2026-06-25 12:24:19,141 | DEBUG    | api_backfiller | [api_backfiller] Keine API-Precision für ID 10476 (SEI.US). Equity-Fallback (2,2) wird von run_backfill() angewendet.
2026-06-25 12:24:19,141 | DEBUG    | api_backfiller | [api_backfiller] Keine API-Precision für ID 14310 (NTSK). Equity-Fallback (2,2) wird von run_backfill() angewendet.
2026-06-25 12:24:20,054 | DEBUG    | api_backfiller | [api_backfiller] Raw API response (first 500 chars): {'instrumentDisplayDatas': [{'instrumentID': 22, 'instrumentDisplayName': 'Natural Gas (Non Expiry)', 'instrumentTypeID': 2, 'exchangeID': 2, 'images': [{'instrumentID': 22, 'width': 35.0, 'height': 35.0, 'uri': 'https://etoro-cdn.etorostatic.com/market-avatars/natgas/35x35.png'}, {'instrumentID': 22, 'width': 80.0, 'height': 80.0}, {'instrumentID': 22, 'width': 50.0, 'height': 50.0, 'uri': 'https://etoro-cdn.etorostatic.com/market-avatars/natgas/50x50.png'}, {'instrumentID': 22, 'width': 150.0,
2026-06-25 12:24:20,054 | DEBUG    | api_backfiller | [api_backfiller] ID 22: price_precision via historischem Fallback=5
2026-06-25 12:24:20,054 | DEBUG    | api_backfiller | [api_backfiller] ID 22: size_precision via historischem Fallback=5
2026-06-25 12:24:20,055 | DEBUG    | api_backfiller | [api_backfiller] ID 22 (NATGAS): price_prec=5, size_prec=5
2026-06-25 12:24:20,055 | DEBUG    | api_backfiller | [api_backfiller] ID 42: price_precision via historischem Fallback=5
2026-06-25 12:24:20,055 | DEBUG    | api_backfiller | [api_backfiller] ID 42: size_precision via historischem Fallback=5
2026-06-25 12:24:20,055 | DEBUG    | api_backfiller | [api_backfiller] ID 42 (USDZAR): price_prec=5, size_prec=5
2026-06-25 12:24:20,056 | DEBUG    | api_backfiller | [api_backfiller] ID 62: price_precision via historischem Fallback=5
2026-06-25 12:24:20,056 | DEBUG    | api_backfiller | [api_backfiller] ID 62: size_precision via historischem Fallback=5
2026-06-25 12:24:20,056 | DEBUG    | api_backfiller | [api_backfiller] ID 62 (USDTRY): price_prec=5, size_prec=5
2026-06-25 12:24:20,056 | DEBUG    | api_backfiller | [api_backfiller] Keine API-Precision für ID 1002 (GOOG). Equity-Fallback (2,2) wird von run_backfill() angewendet.
2026-06-25 12:24:20,056 | DEBUG    | api_backfiller | [api_backfiller] Keine API-Precision für ID 1022 (JNJ). Equity-Fallback (2,2) wird von run_backfill() angewendet.
2026-06-25 12:24:20,057 | DEBUG    | api_backfiller | [api_backfiller] Keine API-Precision für ID 1111 (TSLA). Equity-Fallback (2,2) wird von run_backfill() angewendet.
2026-06-25 12:24:20,057 | DEBUG    | api_backfiller | [api_backfiller] Keine API-Precision für ID 1126 (ADBE). Equity-Fallback (2,2) wird von run_backfill() angewendet.
2026-06-25 12:24:20,057 | DEBUG    | api_backfiller | [api_backfiller] Keine API-Precision für ID 1137 (NVDA). Equity-Fallback (2,2) wird von run_backfill() angewendet.
2026-06-25 12:24:20,057 | DEBUG    | api_backfiller | [api_backfiller] Keine API-Precision für ID 1160 (WIX). Equity-Fallback (2,2) wird von run_backfill() angewendet.
2026-06-25 12:24:20,057 | DEBUG    | api_backfiller | [api_backfiller] Keine API-Precision für ID 1402 (ROP.ZU). Equity-Fallback (2,2) wird von run_backfill() angewendet.
2026-06-25 12:24:20,058 | DEBUG    | api_backfiller | [api_backfiller] Keine API-Precision für ID 1450 (ACN). Equity-Fallback (2,2) wird von run_backfill() angewendet.
2026-06-25 12:24:20,058 | DEBUG    | api_backfiller | [api_backfiller] Keine API-Precision für ID 1497 (VLO). Equity-Fallback (2,2) wird von run_backfill() angewendet.
2026-06-25 12:24:20,058 | DEBUG    | api_backfiller | [api_backfiller] Keine API-Precision für ID 1531 (HAL). Equity-Fallback (2,2) wird von run_backfill() angewendet.
2026-06-25 12:24:20,058 | DEBUG    | api_backfiller | [api_backfiller] Keine API-Precision für ID 1552 (ABT.US). Equity-Fallback (2,2) wird von run_backfill() angewendet.
2026-06-25 12:24:20,059 | DEBUG    | api_backfiller | [api_backfiller] Keine API-Precision für ID 1704 (CHTR). Equity-Fallback (2,2) wird von run_backfill() angewendet.
2026-06-25 12:24:20,059 | DEBUG    | api_backfiller | [api_backfiller] Keine API-Precision für ID 1839 (CRM). Equity-Fallback (2,2) wird von run_backfill() angewendet.
2026-06-25 12:24:20,059 | DEBUG    | api_backfiller | [api_backfiller] Keine API-Precision für ID 1979 (SNAP). Equity-Fallback (2,2) wird von run_backfill() angewendet.
2026-06-25 12:24:20,059 | DEBUG    | api_backfiller | [api_backfiller] Keine API-Precision für ID 2380 (01211.HK). Equity-Fallback (2,2) wird von run_backfill() angewendet.
2026-06-25 12:24:20,059 | DEBUG    | api_backfiller | [api_backfiller] Keine API-Precision für ID 2587 (RHM.DE). Equity-Fallback (2,2) wird von run_backfill() angewendet.
2026-06-25 12:24:20,060 | DEBUG    | api_backfiller | [api_backfiller] ID 3208: price_precision via historischem Fallback=5
2026-06-25 12:24:20,060 | DEBUG    | api_backfiller | [api_backfiller] ID 3208: size_precision via historischem Fallback=5
2026-06-25 12:24:20,060 | DEBUG    | api_backfiller | [api_backfiller] ID 3208 (PALL): price_prec=5, size_prec=5
2026-06-25 12:24:20,060 | DEBUG    | api_backfiller | [api_backfiller] Keine API-Precision für ID 4074 (HUBS). Equity-Fallback (2,2) wird von run_backfill() angewendet.
2026-06-25 12:24:20,060 | DEBUG    | api_backfiller | [api_backfiller] Keine API-Precision für ID 4087 (JAZZ). Equity-Fallback (2,2) wird von run_backfill() angewendet.
2026-06-25 12:24:20,061 | DEBUG    | api_backfiller | [api_backfiller] Keine API-Precision für ID 4194 (ZTS). Equity-Fallback (2,2) wird von run_backfill() angewendet.
2026-06-25 12:24:20,061 | DEBUG    | api_backfiller | [api_backfiller] Keine API-Precision für ID 4232 (NVS). Equity-Fallback (2,2) wird von run_backfill() angewendet.
2026-06-25 12:24:20,061 | DEBUG    | api_backfiller | [api_backfiller] Keine API-Precision für ID 4272 (CCL). Equity-Fallback (2,2) wird von run_backfill() angewendet.
2026-06-25 12:24:20,061 | DEBUG    | api_backfiller | [api_backfiller] Keine API-Precision für ID 4286 (TEAM). Equity-Fallback (2,2) wird von run_backfill() angewendet.
2026-06-25 12:24:20,061 | DEBUG    | api_backfiller | [api_backfiller] Keine API-Precision für ID 4398 (DOCU). Equity-Fallback (2,2) wird von run_backfill() angewendet.
2026-06-25 12:24:20,061 | DEBUG    | api_backfiller | [api_backfiller] Keine API-Precision für ID 4403 (ZS). Equity-Fallback (2,2) wird von run_backfill() angewendet.
2026-06-25 12:24:20,061 | DEBUG    | api_backfiller | [api_backfiller] Keine API-Precision für ID 5045 (FSLY). Equity-Fallback (2,2) wird von run_backfill() angewendet.
2026-06-25 12:24:20,061 | DEBUG    | api_backfiller | [api_backfiller] Keine API-Precision für ID 5635 (EEFT). Equity-Fallback (2,2) wird von run_backfill() angewendet.
2026-06-25 12:24:20,061 | DEBUG    | api_backfiller | [api_backfiller] Keine API-Precision für ID 6270 (RIOT). Equity-Fallback (2,2) wird von run_backfill() angewendet.
2026-06-25 12:24:20,062 | DEBUG    | api_backfiller | [api_backfiller] Keine API-Precision für ID 6552 (TSEM). Equity-Fallback (2,2) wird von run_backfill() angewendet.
2026-06-25 12:24:20,062 | DEBUG    | api_backfiller | [api_backfiller] Keine API-Precision für ID 6584 (AG). Equity-Fallback (2,2) wird von run_backfill() angewendet.
2026-06-25 12:24:20,062 | DEBUG    | api_backfiller | [api_backfiller] Keine API-Precision für ID 6700 (XPEV). Equity-Fallback (2,2) wird von run_backfill() angewendet.
2026-06-25 12:24:20,062 | DEBUG    | api_backfiller | [api_backfiller] Keine API-Precision für ID 7991 (PLTR). Equity-Fallback (2,2) wird von run_backfill() angewendet.
2026-06-25 12:24:20,062 | DEBUG    | api_backfiller | [api_backfiller] Keine API-Precision für ID 8585 (GTLB). Equity-Fallback (2,2) wird von run_backfill() angewendet.
2026-06-25 12:24:20,062 | DEBUG    | api_backfiller | [api_backfiller] Keine API-Precision für ID 8611 (WBD). Equity-Fallback (2,2) wird von run_backfill() angewendet.
2026-06-25 12:24:20,062 | DEBUG    | api_backfiller | [api_backfiller] Keine API-Precision für ID 8638 (E). Equity-Fallback (2,2) wird von run_backfill() angewendet.
2026-06-25 12:24:20,062 | DEBUG    | api_backfiller | [api_backfiller] Keine API-Precision für ID 8671 (HUT). Equity-Fallback (2,2) wird von run_backfill() angewendet.
2026-06-25 12:24:20,062 | DEBUG    | api_backfiller | [api_backfiller] Keine API-Precision für ID 9077 (FICO). Equity-Fallback (2,2) wird von run_backfill() angewendet.
2026-06-25 12:24:20,062 | DEBUG    | api_backfiller | [api_backfiller] Keine API-Precision für ID 9119 (INSM). Equity-Fallback (2,2) wird von run_backfill() angewendet.
2026-06-25 12:24:20,062 | DEBUG    | api_backfiller | [api_backfiller] Keine API-Precision für ID 9517 (INSW). Equity-Fallback (2,2) wird von run_backfill() angewendet.
2026-06-25 12:24:20,062 | DEBUG    | api_backfiller | [api_backfiller] Keine API-Precision für ID 9803 (TTMI). Equity-Fallback (2,2) wird von run_backfill() angewendet.
2026-06-25 12:24:20,062 | DEBUG    | api_backfiller | [api_backfiller] Keine API-Precision für ID 15233 (ESLT). Equity-Fallback (2,2) wird von run_backfill() angewendet.
2026-06-25 12:24:20,062 | DEBUG    | api_backfiller | [api_backfiller] ID 100000: price_precision via historischem Fallback=2
2026-06-25 12:24:20,062 | DEBUG    | api_backfiller | [api_backfiller] ID 100000: size_precision via historischem Fallback=8
2026-06-25 12:24:20,062 | DEBUG    | api_backfiller | [api_backfiller] ID 100000 (BTC): price_prec=2, size_prec=8
2026-06-25 12:24:20,062 | DEBUG    | api_backfiller | [api_backfiller] ID 100001: price_precision via historischem Fallback=2
2026-06-25 12:24:20,062 | DEBUG    | api_backfiller | [api_backfiller] ID 100001: size_precision via historischem Fallback=8
2026-06-25 12:24:20,062 | DEBUG    | api_backfiller | [api_backfiller] ID 100001 (ETH): price_prec=2, size_prec=8
2026-06-25 12:24:20,062 | DEBUG    | api_backfiller | [api_backfiller] ID 100003: price_precision via historischem Fallback=2
2026-06-25 12:24:20,062 | DEBUG    | api_backfiller | [api_backfiller] ID 100003: size_precision via historischem Fallback=8
2026-06-25 12:24:20,062 | DEBUG    | api_backfiller | [api_backfiller] ID 100003 (XRP): price_prec=2, size_prec=8
2026-06-25 12:24:20,063 | DEBUG    | api_backfiller | [api_backfiller] ID 100017: price_precision via historischem Fallback=2
2026-06-25 12:24:20,063 | DEBUG    | api_backfiller | [api_backfiller] ID 100017: size_precision via historischem Fallback=8
2026-06-25 12:24:20,063 | DEBUG    | api_backfiller | [api_backfiller] ID 100017 (ADA): price_prec=2, size_prec=8
2026-06-25 12:24:20,063 | DEBUG    | api_backfiller | [api_backfiller] ID 100043: price_precision via historischem Fallback=2
2026-06-25 12:24:20,063 | DEBUG    | api_backfiller | [api_backfiller] ID 100043: size_precision via historischem Fallback=8
2026-06-25 12:24:20,063 | DEBUG    | api_backfiller | [api_backfiller] ID 100043 (DOGE): price_prec=2, size_prec=8
2026-06-25 12:24:20,063 | DEBUG    | api_backfiller | [api_backfiller] ID 100063: price_precision via historischem Fallback=2
2026-06-25 12:24:20,063 | DEBUG    | api_backfiller | [api_backfiller] ID 100063: size_precision via historischem Fallback=8
2026-06-25 12:24:20,063 | DEBUG    | api_backfiller | [api_backfiller] ID 100063 (SOL): price_prec=2, size_prec=8
2026-06-25 12:24:20,984 | DEBUG    | api_backfiller | [api_backfiller] Raw API response (first 500 chars): {'instrumentDisplayDatas': [{'instrumentID': 100080, 'instrumentDisplayName': 'Shiba (in millions)', 'instrumentTypeID': 10, 'exchangeID': 8, 'images': [{'instrumentID': 100080, 'width': 35.0, 'height': 35.0, 'uri': 'https://etoro-cdn.etorostatic.com/market-avatars/100080/35x35.png'}, {'instrumentID': 100080, 'width': 50.0, 'height': 50.0, 'uri': 'https://etoro-cdn.etorostatic.com/market-avatars/100080/50x50.png'}, {'instrumentID': 100080, 'width': 150.0, 'height': 150.0, 'uri': 'https://etoro-c
2026-06-25 12:24:20,984 | DEBUG    | api_backfiller | [api_backfiller] ID 100080: price_precision via historischem Fallback=8
2026-06-25 12:24:20,984 | DEBUG    | api_backfiller | [api_backfiller] ID 100080: size_precision via historischem Fallback=8
2026-06-25 12:24:20,984 | DEBUG    | api_backfiller | [api_backfiller] ID 100080 (SHIBxM): price_prec=8, size_prec=8
2026-06-25 12:24:20,984 | DEBUG    | api_backfiller | [api_backfiller] ID 100085: price_precision via historischem Fallback=2
2026-06-25 12:24:20,984 | DEBUG    | api_backfiller | [api_backfiller] ID 100085: size_precision via historischem Fallback=8
2026-06-25 12:24:20,984 | DEBUG    | api_backfiller | [api_backfiller] ID 100085 (AVAX): price_prec=2, size_prec=8
2026-06-25 12:24:20,985 | DEBUG    | api_backfiller | [api_backfiller] ID 100303: price_precision via historischem Fallback=8
2026-06-25 12:24:20,985 | DEBUG    | api_backfiller | [api_backfiller] ID 100303: size_precision via historischem Fallback=8
2026-06-25 12:24:20,985 | DEBUG    | api_backfiller | [api_backfiller] ID 100303 (PEPExM): price_prec=8, size_prec=8
2026-06-25 12:24:20,985 | DEBUG    | api_backfiller | [api_backfiller] ID 100323: price_precision via historischem Fallback=2
2026-06-25 12:24:20,985 | DEBUG    | api_backfiller | [api_backfiller] ID 100323: size_precision via historischem Fallback=8
2026-06-25 12:24:20,986 | DEBUG    | api_backfiller | [api_backfiller] ID 100323 (ONDO): price_prec=2, size_prec=8
2026-06-25 12:24:20,986 | DEBUG    | api_backfiller | [api_backfiller] ID 100421: price_precision via historischem Fallback=2
2026-06-25 12:24:20,986 | DEBUG    | api_backfiller | [api_backfiller] ID 100421: size_precision via historischem Fallback=8
2026-06-25 12:24:20,986 | DEBUG    | api_backfiller | [api_backfiller] ID 100421 (AERO): price_prec=2, size_prec=8
2026-06-25 12:24:20,987 | DEBUG    | api_backfiller | [api_backfiller] ID 100446: price_precision via historischem Fallback=2
2026-06-25 12:24:20,987 | DEBUG    | api_backfiller | [api_backfiller] ID 100446: size_precision via historischem Fallback=8
2026-06-25 12:24:20,987 | DEBUG    | api_backfiller | [api_backfiller] ID 100446 (HYPE): price_prec=2, size_prec=8
2026-06-25 12:24:21,488 | INFO     | api_backfiller | [api_backfiller] Precision-Auflösung abgeschlossen: 16 direkt via API, 0 via Symbol-Fallback (_fallback_precisions), 90 Equities erhalten (2,2) in run_backfill().
2026-06-25 12:24:21,791 | DEBUG    | api_backfiller | [api_backfiller] 01211.HK.ETORO: Precision-Fallback price_prec=2, size_prec=2
2026-06-25 12:24:22,009 | INFO     | api_backfiller | [api_backfiller] 01211.HK.ETORO: 24 Candles konvertiert (price_prec=2, size_prec=2).
2026-06-25 12:24:22,012 | DEBUG    | api_backfiller | [api_backfiller] 01211.HK.ETORO: 1299→1299 Zeilen (-0 Duplikate)
2026-06-25 12:24:22,014 | INFO     | api_backfiller | [api_backfiller] 01211.HK.ETORO: 1299 Zeilen gespeichert (price_prec=2, size_prec=2) → data.parquet
2026-06-25 12:24:23,119 | DEBUG    | api_backfiller | [api_backfiller] ABT.US.ETORO: Precision-Fallback price_prec=2, size_prec=2
2026-06-25 12:24:23,332 | INFO     | api_backfiller | [api_backfiller] ABT.US.ETORO: 94 Candles konvertiert (price_prec=2, size_prec=2).
2026-06-25 12:24:23,337 | DEBUG    | api_backfiller | [api_backfiller] ABT.US.ETORO: 1467→1444 Zeilen (-23 Duplikate)
2026-06-25 12:24:23,340 | INFO     | api_backfiller | [api_backfiller] ABT.US.ETORO: 1444 Zeilen gespeichert (price_prec=2, size_prec=2) → data.parquet
2026-06-25 12:24:24,445 | DEBUG    | api_backfiller | [api_backfiller] ACN.ETORO: Precision-Fallback price_prec=2, size_prec=2
2026-06-25 12:24:24,662 | INFO     | api_backfiller | [api_backfiller] ACN.ETORO: 95 Candles konvertiert (price_prec=2, size_prec=2).
2026-06-25 12:24:24,669 | DEBUG    | api_backfiller | [api_backfiller] ACN.ETORO: 1473→1450 Zeilen (-23 Duplikate)
2026-06-25 12:24:24,674 | INFO     | api_backfiller | [api_backfiller] ACN.ETORO: 1450 Zeilen gespeichert (price_prec=2, size_prec=2) → data.parquet
2026-06-25 12:24:26,096 | INFO     | api_backfiller | [api_backfiller] ADA.ETORO: 168 Candles konvertiert (price_prec=2, size_prec=8).
2026-06-25 12:24:26,100 | DEBUG    | api_backfiller | [api_backfiller] ADA.ETORO: 1808→1713 Zeilen (-95 Duplikate)
2026-06-25 12:24:26,103 | INFO     | api_backfiller | [api_backfiller] ADA.ETORO: 1713 Zeilen gespeichert (price_prec=2, size_prec=8) → data.parquet
2026-06-25 12:24:27,210 | DEBUG    | api_backfiller | [api_backfiller] ADBE.ETORO: Precision-Fallback price_prec=2, size_prec=2
2026-06-25 12:24:27,427 | INFO     | api_backfiller | [api_backfiller] ADBE.ETORO: 96 Candles konvertiert (price_prec=2, size_prec=2).
2026-06-25 12:24:27,434 | DEBUG    | api_backfiller | [api_backfiller] ADBE.ETORO: 1477→1454 Zeilen (-23 Duplikate)
2026-06-25 12:24:27,439 | INFO     | api_backfiller | [api_backfiller] ADBE.ETORO: 1454 Zeilen gespeichert (price_prec=2, size_prec=2) → data.parquet
2026-06-25 12:24:28,861 | INFO     | api_backfiller | [api_backfiller] AERO.ETORO: 168 Candles konvertiert (price_prec=2, size_prec=8).
2026-06-25 12:24:28,866 | DEBUG    | api_backfiller | [api_backfiller] AERO.ETORO: 1807→1712 Zeilen (-95 Duplikate)
2026-06-25 12:24:28,870 | INFO     | api_backfiller | [api_backfiller] AERO.ETORO: 1712 Zeilen gespeichert (price_prec=2, size_prec=8) → data.parquet
2026-06-25 12:24:29,975 | DEBUG    | api_backfiller | [api_backfiller] AG.ETORO: Precision-Fallback price_prec=2, size_prec=2
2026-06-25 12:24:30,294 | INFO     | api_backfiller | [api_backfiller] AG.ETORO: 28 Candles konvertiert (price_prec=2, size_prec=2).
2026-06-25 12:24:30,297 | DEBUG    | api_backfiller | [api_backfiller] AG.ETORO: 1335→1328 Zeilen (-7 Duplikate)
2026-06-25 12:24:30,299 | INFO     | api_backfiller | [api_backfiller] AG.ETORO: 1328 Zeilen gespeichert (price_prec=2, size_prec=2) → data.parquet
2026-06-25 12:24:31,404 | DEBUG    | api_backfiller | [api_backfiller] AMAT.ETORO: Precision-Fallback price_prec=2, size_prec=2
2026-06-25 12:24:31,625 | INFO     | api_backfiller | [api_backfiller] AMAT.ETORO: 96 Candles konvertiert (price_prec=2, size_prec=2).
2026-06-25 12:24:31,632 | DEBUG    | api_backfiller | [api_backfiller] AMAT.ETORO: 1479→1455 Zeilen (-24 Duplikate)
2026-06-25 12:24:31,636 | INFO     | api_backfiller | [api_backfiller] AMAT.ETORO: 1455 Zeilen gespeichert (price_prec=2, size_prec=2) → data.parquet
2026-06-25 12:24:32,742 | DEBUG    | api_backfiller | [api_backfiller] AMD.ETORO: Precision-Fallback price_prec=2, size_prec=2
2026-06-25 12:24:32,924 | INFO     | api_backfiller | [api_backfiller] AMD.ETORO: 96 Candles konvertiert (price_prec=2, size_prec=2).
2026-06-25 12:24:32,929 | DEBUG    | api_backfiller | [api_backfiller] AMD.ETORO: 1479→1455 Zeilen (-24 Duplikate)
2026-06-25 12:24:32,931 | INFO     | api_backfiller | [api_backfiller] AMD.ETORO: 1455 Zeilen gespeichert (price_prec=2, size_prec=2) → data.parquet
2026-06-25 12:24:34,038 | DEBUG    | api_backfiller | [api_backfiller] AMKR.ETORO: Precision-Fallback price_prec=2, size_prec=2
2026-06-25 12:24:34,188 | INFO     | api_backfiller | [api_backfiller] AMKR.ETORO: 28 Candles konvertiert (price_prec=2, size_prec=2).
2026-06-25 12:24:34,191 | DEBUG    | api_backfiller | [api_backfiller] AMKR.ETORO: 1336→1329 Zeilen (-7 Duplikate)
2026-06-25 12:24:34,192 | INFO     | api_backfiller | [api_backfiller] AMKR.ETORO: 1329 Zeilen gespeichert (price_prec=2, size_prec=2) → data.parquet
2026-06-25 12:24:35,295 | DEBUG    | api_backfiller | [api_backfiller] ASX.ETORO: Precision-Fallback price_prec=2, size_prec=2
2026-06-25 12:24:35,518 | INFO     | api_backfiller | [api_backfiller] ASX.ETORO: 28 Candles konvertiert (price_prec=2, size_prec=2).
2026-06-25 12:24:35,523 | DEBUG    | api_backfiller | [api_backfiller] ASX.ETORO: 1335→1328 Zeilen (-7 Duplikate)
2026-06-25 12:24:35,525 | INFO     | api_backfiller | [api_backfiller] ASX.ETORO: 1328 Zeilen gespeichert (price_prec=2, size_prec=2) → data.parquet
2026-06-25 12:24:36,848 | INFO     | api_backfiller | [api_backfiller] AVAX.ETORO: 168 Candles konvertiert (price_prec=2, size_prec=8).
2026-06-25 12:24:36,852 | DEBUG    | api_backfiller | [api_backfiller] AVAX.ETORO: 1808→1712 Zeilen (-96 Duplikate)
2026-06-25 12:24:36,854 | INFO     | api_backfiller | [api_backfiller] AVAX.ETORO: 1712 Zeilen gespeichert (price_prec=2, size_prec=8) → data.parquet
2026-06-25 12:24:37,960 | DEBUG    | api_backfiller | [api_backfiller] AXON.ETORO: Precision-Fallback price_prec=2, size_prec=2
2026-06-25 12:24:38,179 | INFO     | api_backfiller | [api_backfiller] AXON.ETORO: 77 Candles konvertiert (price_prec=2, size_prec=2).
2026-06-25 12:24:38,187 | DEBUG    | api_backfiller | [api_backfiller] AXON.ETORO: 1443→1422 Zeilen (-21 Duplikate)
2026-06-25 12:24:38,193 | INFO     | api_backfiller | [api_backfiller] AXON.ETORO: 1422 Zeilen gespeichert (price_prec=2, size_prec=2) → data.parquet
2026-06-25 12:24:39,512 | INFO     | api_backfiller | [api_backfiller] BTC.ETORO: 168 Candles konvertiert (price_prec=2, size_prec=8).
2026-06-25 12:24:39,517 | DEBUG    | api_backfiller | [api_backfiller] BTC.ETORO: 1808→1712 Zeilen (-96 Duplikate)
2026-06-25 12:24:39,521 | INFO     | api_backfiller | [api_backfiller] BTC.ETORO: 1712 Zeilen gespeichert (price_prec=2, size_prec=8) → data.parquet
2026-06-25 12:24:40,629 | DEBUG    | api_backfiller | [api_backfiller] CAG.ETORO: Precision-Fallback price_prec=2, size_prec=2
2026-06-25 12:24:41,046 | INFO     | api_backfiller | [api_backfiller] CAG.ETORO: 90 Candles konvertiert (price_prec=2, size_prec=2).
2026-06-25 12:24:41,053 | DEBUG    | api_backfiller | [api_backfiller] CAG.ETORO: 1468→1446 Zeilen (-22 Duplikate)
2026-06-25 12:24:41,055 | INFO     | api_backfiller | [api_backfiller] CAG.ETORO: 1446 Zeilen gespeichert (price_prec=2, size_prec=2) → data.parquet
2026-06-25 12:24:42,159 | DEBUG    | api_backfiller | [api_backfiller] CAT.ETORO: Precision-Fallback price_prec=2, size_prec=2
2026-06-25 12:24:42,480 | INFO     | api_backfiller | [api_backfiller] CAT.ETORO: 96 Candles konvertiert (price_prec=2, size_prec=2).
2026-06-25 12:24:42,487 | DEBUG    | api_backfiller | [api_backfiller] CAT.ETORO: 1480→1456 Zeilen (-24 Duplikate)
2026-06-25 12:24:42,489 | INFO     | api_backfiller | [api_backfiller] CAT.ETORO: 1456 Zeilen gespeichert (price_prec=2, size_prec=2) → data.parquet
2026-06-25 12:24:43,595 | DEBUG    | api_backfiller | [api_backfiller] CCL.ETORO: Precision-Fallback price_prec=2, size_prec=2
2026-06-25 12:24:43,811 | INFO     | api_backfiller | [api_backfiller] CCL.ETORO: 96 Candles konvertiert (price_prec=2, size_prec=2).
2026-06-25 12:24:43,818 | DEBUG    | api_backfiller | [api_backfiller] CCL.ETORO: 1479→1455 Zeilen (-24 Duplikate)
2026-06-25 12:24:43,823 | INFO     | api_backfiller | [api_backfiller] CCL.ETORO: 1455 Zeilen gespeichert (price_prec=2, size_prec=2) → data.parquet
2026-06-25 12:24:44,932 | DEBUG    | api_backfiller | [api_backfiller] CHTR.ETORO: Precision-Fallback price_prec=2, size_prec=2
2026-06-25 12:24:45,144 | INFO     | api_backfiller | [api_backfiller] CHTR.ETORO: 70 Candles konvertiert (price_prec=2, size_prec=2).
2026-06-25 12:24:45,151 | DEBUG    | api_backfiller | [api_backfiller] CHTR.ETORO: 1420→1399 Zeilen (-21 Duplikate)
2026-06-25 12:24:45,153 | INFO     | api_backfiller | [api_backfiller] CHTR.ETORO: 1399 Zeilen gespeichert (price_prec=2, size_prec=2) → data.parquet
2026-06-25 12:24:46,261 | DEBUG    | api_backfiller | [api_backfiller] CIEN.ETORO: Precision-Fallback price_prec=2, size_prec=2
2026-06-25 12:24:46,473 | INFO     | api_backfiller | [api_backfiller] CIEN.ETORO: 28 Candles konvertiert (price_prec=2, size_prec=2).
2026-06-25 12:24:46,478 | DEBUG    | api_backfiller | [api_backfiller] CIEN.ETORO: 1335→1328 Zeilen (-7 Duplikate)
2026-06-25 12:24:46,481 | INFO     | api_backfiller | [api_backfiller] CIEN.ETORO: 1328 Zeilen gespeichert (price_prec=2, size_prec=2) → data.parquet
2026-06-25 12:24:47,589 | DEBUG    | api_backfiller | [api_backfiller] CMG.ETORO: Precision-Fallback price_prec=2, size_prec=2
2026-06-25 12:24:47,907 | INFO     | api_backfiller | [api_backfiller] CMG.ETORO: 91 Candles konvertiert (price_prec=2, size_prec=2).
2026-06-25 12:24:47,916 | DEBUG    | api_backfiller | [api_backfiller] CMG.ETORO: 1471→1448 Zeilen (-23 Duplikate)
2026-06-25 12:24:47,923 | INFO     | api_backfiller | [api_backfiller] CMG.ETORO: 1448 Zeilen gespeichert (price_prec=2, size_prec=2) → data.parquet
2026-06-25 12:24:49,033 | DEBUG    | api_backfiller | [api_backfiller] COHR.ETORO: Precision-Fallback price_prec=2, size_prec=2
2026-06-25 12:24:49,238 | INFO     | api_backfiller | [api_backfiller] COHR.ETORO: 28 Candles konvertiert (price_prec=2, size_prec=2).
2026-06-25 12:24:49,246 | DEBUG    | api_backfiller | [api_backfiller] COHR.ETORO: 1335→1328 Zeilen (-7 Duplikate)
2026-06-25 12:24:49,247 | INFO     | api_backfiller | [api_backfiller] COHR.ETORO: 1328 Zeilen gespeichert (price_prec=2, size_prec=2) → data.parquet
2026-06-25 12:24:50,354 | DEBUG    | api_backfiller | [api_backfiller] CPRT.ETORO: Precision-Fallback price_prec=2, size_prec=2
2026-06-25 12:24:50,569 | INFO     | api_backfiller | [api_backfiller] CPRT.ETORO: 89 Candles konvertiert (price_prec=2, size_prec=2).
2026-06-25 12:24:50,577 | DEBUG    | api_backfiller | [api_backfiller] CPRT.ETORO: 1462→1441 Zeilen (-21 Duplikate)
2026-06-25 12:24:50,578 | INFO     | api_backfiller | [api_backfiller] CPRT.ETORO: 1441 Zeilen gespeichert (price_prec=2, size_prec=2) → data.parquet
2026-06-25 12:24:51,682 | DEBUG    | api_backfiller | [api_backfiller] CRM.ETORO: Precision-Fallback price_prec=2, size_prec=2
2026-06-25 12:24:52,003 | INFO     | api_backfiller | [api_backfiller] CRM.ETORO: 96 Candles konvertiert (price_prec=2, size_prec=2).
2026-06-25 12:24:52,010 | DEBUG    | api_backfiller | [api_backfiller] CRM.ETORO: 1479→1455 Zeilen (-24 Duplikate)
2026-06-25 12:24:52,013 | INFO     | api_backfiller | [api_backfiller] CRM.ETORO: 1455 Zeilen gespeichert (price_prec=2, size_prec=2) → data.parquet
2026-06-25 12:24:53,123 | DEBUG    | api_backfiller | [api_backfiller] DOCU.ETORO: Precision-Fallback price_prec=2, size_prec=2
2026-06-25 12:24:53,336 | INFO     | api_backfiller | [api_backfiller] DOCU.ETORO: 28 Candles konvertiert (price_prec=2, size_prec=2).
2026-06-25 12:24:53,343 | DEBUG    | api_backfiller | [api_backfiller] DOCU.ETORO: 1336→1329 Zeilen (-7 Duplikate)
2026-06-25 12:24:53,345 | INFO     | api_backfiller | [api_backfiller] DOCU.ETORO: 1329 Zeilen gespeichert (price_prec=2, size_prec=2) → data.parquet
2026-06-25 12:24:54,667 | INFO     | api_backfiller | [api_backfiller] DOGE.ETORO: 168 Candles konvertiert (price_prec=2, size_prec=8).
2026-06-25 12:24:54,676 | DEBUG    | api_backfiller | [api_backfiller] DOGE.ETORO: 1809→1713 Zeilen (-96 Duplikate)
2026-06-25 12:24:54,678 | INFO     | api_backfiller | [api_backfiller] DOGE.ETORO: 1713 Zeilen gespeichert (price_prec=2, size_prec=8) → data.parquet
2026-06-25 12:24:55,785 | DEBUG    | api_backfiller | [api_backfiller] DUOL.ETORO: Precision-Fallback price_prec=2, size_prec=2
2026-06-25 12:24:56,165 | INFO     | api_backfiller | [api_backfiller] DUOL.ETORO: 95 Candles konvertiert (price_prec=2, size_prec=2).
2026-06-25 12:24:56,171 | DEBUG    | api_backfiller | [api_backfiller] DUOL.ETORO: 1478→1455 Zeilen (-23 Duplikate)
2026-06-25 12:24:56,174 | INFO     | api_backfiller | [api_backfiller] DUOL.ETORO: 1455 Zeilen gespeichert (price_prec=2, size_prec=2) → data.parquet
2026-06-25 12:24:57,277 | DEBUG    | api_backfiller | [api_backfiller] E.ETORO: Precision-Fallback price_prec=2, size_prec=2
2026-06-25 12:24:57,635 | INFO     | api_backfiller | [api_backfiller] E.ETORO: 28 Candles konvertiert (price_prec=2, size_prec=2).
2026-06-25 12:24:57,642 | DEBUG    | api_backfiller | [api_backfiller] E.ETORO: 1335→1328 Zeilen (-7 Duplikate)
2026-06-25 12:24:57,645 | INFO     | api_backfiller | [api_backfiller] E.ETORO: 1328 Zeilen gespeichert (price_prec=2, size_prec=2) → data.parquet
2026-06-25 12:24:58,753 | DEBUG    | api_backfiller | [api_backfiller] EEFT.ETORO: Precision-Fallback price_prec=2, size_prec=2
2026-06-25 12:24:58,967 | INFO     | api_backfiller | [api_backfiller] EEFT.ETORO: 28 Candles konvertiert (price_prec=2, size_prec=2).
2026-06-25 12:24:58,974 | DEBUG    | api_backfiller | [api_backfiller] EEFT.ETORO: 1336→1329 Zeilen (-7 Duplikate)
2026-06-25 12:24:58,975 | INFO     | api_backfiller | [api_backfiller] EEFT.ETORO: 1329 Zeilen gespeichert (price_prec=2, size_prec=2) → data.parquet
2026-06-25 12:25:00,079 | DEBUG    | api_backfiller | [api_backfiller] ELF.ETORO: Precision-Fallback price_prec=2, size_prec=2
2026-06-25 12:25:00,300 | INFO     | api_backfiller | [api_backfiller] ELF.ETORO: 28 Candles konvertiert (price_prec=2, size_prec=2).
2026-06-25 12:25:00,307 | DEBUG    | api_backfiller | [api_backfiller] ELF.ETORO: 1333→1326 Zeilen (-7 Duplikate)
2026-06-25 12:25:00,311 | INFO     | api_backfiller | [api_backfiller] ELF.ETORO: 1326 Zeilen gespeichert (price_prec=2, size_prec=2) → data.parquet
2026-06-25 12:25:01,417 | DEBUG    | api_backfiller | [api_backfiller] ESLT.ETORO: Precision-Fallback price_prec=2, size_prec=2
2026-06-25 12:25:01,631 | INFO     | api_backfiller | [api_backfiller] ESLT.ETORO: 28 Candles konvertiert (price_prec=2, size_prec=2).
2026-06-25 12:25:01,639 | DEBUG    | api_backfiller | [api_backfiller] ESLT.ETORO: 1139→1139 Zeilen (-0 Duplikate)
2026-06-25 12:25:01,640 | INFO     | api_backfiller | [api_backfiller] ESLT.ETORO: 1139 Zeilen gespeichert (price_prec=2, size_prec=2) → data.parquet
2026-06-25 12:25:02,960 | INFO     | api_backfiller | [api_backfiller] ETH.ETORO: 168 Candles konvertiert (price_prec=2, size_prec=8).
2026-06-25 12:25:02,966 | DEBUG    | api_backfiller | [api_backfiller] ETH.ETORO: 1808→1712 Zeilen (-96 Duplikate)
2026-06-25 12:25:02,968 | INFO     | api_backfiller | [api_backfiller] ETH.ETORO: 1712 Zeilen gespeichert (price_prec=2, size_prec=8) → data.parquet
2026-06-25 12:25:04,072 | DEBUG    | api_backfiller | [api_backfiller] FDX.ETORO: Precision-Fallback price_prec=2, size_prec=2
2026-06-25 12:25:04,292 | INFO     | api_backfiller | [api_backfiller] FDX.ETORO: 90 Candles konvertiert (price_prec=2, size_prec=2).
2026-06-25 12:25:04,296 | DEBUG    | api_backfiller | [api_backfiller] FDX.ETORO: 1437→1416 Zeilen (-21 Duplikate)
2026-06-25 12:25:04,298 | INFO     | api_backfiller | [api_backfiller] FDX.ETORO: 1416 Zeilen gespeichert (price_prec=2, size_prec=2) → data.parquet
2026-06-25 12:25:05,406 | DEBUG    | api_backfiller | [api_backfiller] FICO.ETORO: Precision-Fallback price_prec=2, size_prec=2
2026-06-25 12:25:06,032 | INFO     | api_backfiller | [api_backfiller] FICO.ETORO: 58 Candles konvertiert (price_prec=2, size_prec=2).
2026-06-25 12:25:06,040 | DEBUG    | api_backfiller | [api_backfiller] FICO.ETORO: 1392→1372 Zeilen (-20 Duplikate)
2026-06-25 12:25:06,045 | INFO     | api_backfiller | [api_backfiller] FICO.ETORO: 1372 Zeilen gespeichert (price_prec=2, size_prec=2) → data.parquet
2026-06-25 12:25:07,150 | DEBUG    | api_backfiller | [api_backfiller] FISV.ETORO: Precision-Fallback price_prec=2, size_prec=2
2026-06-25 12:25:07,363 | INFO     | api_backfiller | [api_backfiller] FISV.ETORO: 92 Candles konvertiert (price_prec=2, size_prec=2).
2026-06-25 12:25:07,370 | DEBUG    | api_backfiller | [api_backfiller] FISV.ETORO: 1475→1451 Zeilen (-24 Duplikate)
2026-06-25 12:25:07,374 | INFO     | api_backfiller | [api_backfiller] FISV.ETORO: 1451 Zeilen gespeichert (price_prec=2, size_prec=2) → data.parquet
2026-06-25 12:25:08,478 | DEBUG    | api_backfiller | [api_backfiller] FRO.ETORO: Precision-Fallback price_prec=2, size_prec=2
2026-06-25 12:25:08,694 | INFO     | api_backfiller | [api_backfiller] FRO.ETORO: 28 Candles konvertiert (price_prec=2, size_prec=2).
2026-06-25 12:25:08,697 | DEBUG    | api_backfiller | [api_backfiller] FRO.ETORO: 1333→1326 Zeilen (-7 Duplikate)
2026-06-25 12:25:08,698 | INFO     | api_backfiller | [api_backfiller] FRO.ETORO: 1326 Zeilen gespeichert (price_prec=2, size_prec=2) → data.parquet
2026-06-25 12:25:09,806 | DEBUG    | api_backfiller | [api_backfiller] FSLY.ETORO: Precision-Fallback price_prec=2, size_prec=2
2026-06-25 12:25:10,025 | INFO     | api_backfiller | [api_backfiller] FSLY.ETORO: 28 Candles konvertiert (price_prec=2, size_prec=2).
2026-06-25 12:25:10,029 | DEBUG    | api_backfiller | [api_backfiller] FSLY.ETORO: 1335→1328 Zeilen (-7 Duplikate)
2026-06-25 12:25:10,032 | INFO     | api_backfiller | [api_backfiller] FSLY.ETORO: 1328 Zeilen gespeichert (price_prec=2, size_prec=2) → data.parquet
2026-06-25 12:25:11,135 | DEBUG    | api_backfiller | [api_backfiller] GEV.ETORO: Precision-Fallback price_prec=2, size_prec=2
2026-06-25 12:25:11,357 | INFO     | api_backfiller | [api_backfiller] GEV.ETORO: 96 Candles konvertiert (price_prec=2, size_prec=2).
2026-06-25 12:25:11,364 | DEBUG    | api_backfiller | [api_backfiller] GEV.ETORO: 1479→1455 Zeilen (-24 Duplikate)
2026-06-25 12:25:11,366 | INFO     | api_backfiller | [api_backfiller] GEV.ETORO: 1455 Zeilen gespeichert (price_prec=2, size_prec=2) → data.parquet
2026-06-25 12:25:12,469 | DEBUG    | api_backfiller | [api_backfiller] GIS.ETORO: Precision-Fallback price_prec=2, size_prec=2
2026-06-25 12:25:12,688 | INFO     | api_backfiller | [api_backfiller] GIS.ETORO: 94 Candles konvertiert (price_prec=2, size_prec=2).
2026-06-25 12:25:12,696 | DEBUG    | api_backfiller | [api_backfiller] GIS.ETORO: 1474→1451 Zeilen (-23 Duplikate)
2026-06-25 12:25:12,701 | INFO     | api_backfiller | [api_backfiller] GIS.ETORO: 1451 Zeilen gespeichert (price_prec=2, size_prec=2) → data.parquet
2026-06-25 12:25:13,809 | DEBUG    | api_backfiller | [api_backfiller] GLW.ETORO: Precision-Fallback price_prec=2, size_prec=2
2026-06-25 12:25:14,019 | INFO     | api_backfiller | [api_backfiller] GLW.ETORO: 96 Candles konvertiert (price_prec=2, size_prec=2).
2026-06-25 12:25:14,026 | DEBUG    | api_backfiller | [api_backfiller] GLW.ETORO: 1479→1455 Zeilen (-24 Duplikate)
2026-06-25 12:25:14,032 | INFO     | api_backfiller | [api_backfiller] GLW.ETORO: 1455 Zeilen gespeichert (price_prec=2, size_prec=2) → data.parquet
2026-06-25 12:25:15,140 | DEBUG    | api_backfiller | [api_backfiller] GOOG.ETORO: Precision-Fallback price_prec=2, size_prec=2
2026-06-25 12:25:15,350 | INFO     | api_backfiller | [api_backfiller] GOOG.ETORO: 96 Candles konvertiert (price_prec=2, size_prec=2).
2026-06-25 12:25:15,359 | DEBUG    | api_backfiller | [api_backfiller] GOOG.ETORO: 1479→1455 Zeilen (-24 Duplikate)
2026-06-25 12:25:15,364 | INFO     | api_backfiller | [api_backfiller] GOOG.ETORO: 1455 Zeilen gespeichert (price_prec=2, size_prec=2) → data.parquet
2026-06-25 12:25:16,473 | DEBUG    | api_backfiller | [api_backfiller] GOOGL.ETORO: Precision-Fallback price_prec=2, size_prec=2
2026-06-25 12:25:16,682 | INFO     | api_backfiller | [api_backfiller] GOOGL.ETORO: 96 Candles konvertiert (price_prec=2, size_prec=2).
2026-06-25 12:25:16,690 | DEBUG    | api_backfiller | [api_backfiller] GOOGL.ETORO: 1479→1455 Zeilen (-24 Duplikate)
2026-06-25 12:25:16,695 | INFO     | api_backfiller | [api_backfiller] GOOGL.ETORO: 1455 Zeilen gespeichert (price_prec=2, size_prec=2) → data.parquet
2026-06-25 12:25:17,804 | DEBUG    | api_backfiller | [api_backfiller] GSAT.ETORO: Precision-Fallback price_prec=2, size_prec=2
2026-06-25 12:25:18,014 | INFO     | api_backfiller | [api_backfiller] GSAT.ETORO: 28 Candles konvertiert (price_prec=2, size_prec=2).
2026-06-25 12:25:18,019 | DEBUG    | api_backfiller | [api_backfiller] GSAT.ETORO: 1335→1328 Zeilen (-7 Duplikate)
2026-06-25 12:25:18,022 | INFO     | api_backfiller | [api_backfiller] GSAT.ETORO: 1328 Zeilen gespeichert (price_prec=2, size_prec=2) → data.parquet
2026-06-25 12:25:19,126 | DEBUG    | api_backfiller | [api_backfiller] GTLB.ETORO: Precision-Fallback price_prec=2, size_prec=2
2026-06-25 12:25:19,446 | INFO     | api_backfiller | [api_backfiller] GTLB.ETORO: 28 Candles konvertiert (price_prec=2, size_prec=2).
2026-06-25 12:25:19,454 | DEBUG    | api_backfiller | [api_backfiller] GTLB.ETORO: 1336→1329 Zeilen (-7 Duplikate)
2026-06-25 12:25:19,459 | INFO     | api_backfiller | [api_backfiller] GTLB.ETORO: 1329 Zeilen gespeichert (price_prec=2, size_prec=2) → data.parquet
2026-06-25 12:25:20,568 | DEBUG    | api_backfiller | [api_backfiller] HAL.ETORO: Precision-Fallback price_prec=2, size_prec=2
2026-06-25 12:25:20,986 | INFO     | api_backfiller | [api_backfiller] HAL.ETORO: 91 Candles konvertiert (price_prec=2, size_prec=2).
2026-06-25 12:25:20,993 | DEBUG    | api_backfiller | [api_backfiller] HAL.ETORO: 1461→1437 Zeilen (-24 Duplikate)
2026-06-25 12:25:20,996 | INFO     | api_backfiller | [api_backfiller] HAL.ETORO: 1437 Zeilen gespeichert (price_prec=2, size_prec=2) → data.parquet
2026-06-25 12:25:22,105 | DEBUG    | api_backfiller | [api_backfiller] HUBS.ETORO: Precision-Fallback price_prec=2, size_prec=2
2026-06-25 12:25:22,314 | INFO     | api_backfiller | [api_backfiller] HUBS.ETORO: 28 Candles konvertiert (price_prec=2, size_prec=2).
2026-06-25 12:25:22,321 | DEBUG    | api_backfiller | [api_backfiller] HUBS.ETORO: 1335→1328 Zeilen (-7 Duplikate)
2026-06-25 12:25:22,323 | INFO     | api_backfiller | [api_backfiller] HUBS.ETORO: 1328 Zeilen gespeichert (price_prec=2, size_prec=2) → data.parquet
2026-06-25 12:25:23,428 | DEBUG    | api_backfiller | [api_backfiller] HUT.ETORO: Precision-Fallback price_prec=2, size_prec=2
2026-06-25 12:25:23,562 | INFO     | api_backfiller | [api_backfiller] HUT.ETORO: 28 Candles konvertiert (price_prec=2, size_prec=2).
2026-06-25 12:25:23,568 | DEBUG    | api_backfiller | [api_backfiller] HUT.ETORO: 1336→1329 Zeilen (-7 Duplikate)
2026-06-25 12:25:23,569 | INFO     | api_backfiller | [api_backfiller] HUT.ETORO: 1329 Zeilen gespeichert (price_prec=2, size_prec=2) → data.parquet
2026-06-25 12:25:24,676 | DEBUG    | api_backfiller | [api_backfiller] HYPE.ETORO: Daten aktuell (Lücke 0.4h) — überspringe.
2026-06-25 12:25:24,678 | DEBUG    | api_backfiller | [api_backfiller] INSM.ETORO: Precision-Fallback price_prec=2, size_prec=2
2026-06-25 12:25:24,874 | INFO     | api_backfiller | [api_backfiller] INSM.ETORO: 28 Candles konvertiert (price_prec=2, size_prec=2).
2026-06-25 12:25:24,878 | DEBUG    | api_backfiller | [api_backfiller] INSM.ETORO: 1336→1329 Zeilen (-7 Duplikate)
2026-06-25 12:25:24,880 | INFO     | api_backfiller | [api_backfiller] INSM.ETORO: 1329 Zeilen gespeichert (price_prec=2, size_prec=2) → data.parquet
2026-06-25 12:25:25,988 | DEBUG    | api_backfiller | [api_backfiller] INSW.ETORO: Precision-Fallback price_prec=2, size_prec=2
2026-06-25 12:25:26,205 | INFO     | api_backfiller | [api_backfiller] INSW.ETORO: 28 Candles konvertiert (price_prec=2, size_prec=2).
2026-06-25 12:25:26,214 | DEBUG    | api_backfiller | [api_backfiller] INSW.ETORO: 1331→1324 Zeilen (-7 Duplikate)
2026-06-25 12:25:26,219 | INFO     | api_backfiller | [api_backfiller] INSW.ETORO: 1324 Zeilen gespeichert (price_prec=2, size_prec=2) → data.parquet
2026-06-25 12:25:27,327 | DEBUG    | api_backfiller | [api_backfiller] INTU.ETORO: Precision-Fallback price_prec=2, size_prec=2
2026-06-25 12:25:27,536 | INFO     | api_backfiller | [api_backfiller] INTU.ETORO: 96 Candles konvertiert (price_prec=2, size_prec=2).
2026-06-25 12:25:27,539 | DEBUG    | api_backfiller | [api_backfiller] INTU.ETORO: 1478→1454 Zeilen (-24 Duplikate)
2026-06-25 12:25:27,541 | INFO     | api_backfiller | [api_backfiller] INTU.ETORO: 1454 Zeilen gespeichert (price_prec=2, size_prec=2) → data.parquet
2026-06-25 12:25:28,648 | DEBUG    | api_backfiller | [api_backfiller] JAZZ.ETORO: Precision-Fallback price_prec=2, size_prec=2
2026-06-25 12:25:28,971 | INFO     | api_backfiller | [api_backfiller] JAZZ.ETORO: 28 Candles konvertiert (price_prec=2, size_prec=2).
2026-06-25 12:25:28,977 | DEBUG    | api_backfiller | [api_backfiller] JAZZ.ETORO: 1334→1327 Zeilen (-7 Duplikate)
2026-06-25 12:25:28,981 | INFO     | api_backfiller | [api_backfiller] JAZZ.ETORO: 1327 Zeilen gespeichert (price_prec=2, size_prec=2) → data.parquet
2026-06-25 12:25:30,088 | DEBUG    | api_backfiller | [api_backfiller] JNJ.ETORO: Precision-Fallback price_prec=2, size_prec=2
2026-06-25 12:25:30,217 | INFO     | api_backfiller | [api_backfiller] JNJ.ETORO: 96 Candles konvertiert (price_prec=2, size_prec=2).
2026-06-25 12:25:30,225 | DEBUG    | api_backfiller | [api_backfiller] JNJ.ETORO: 1477→1453 Zeilen (-24 Duplikate)
2026-06-25 12:25:30,228 | INFO     | api_backfiller | [api_backfiller] JNJ.ETORO: 1453 Zeilen gespeichert (price_prec=2, size_prec=2) → data.parquet
2026-06-25 12:25:31,331 | DEBUG    | api_backfiller | [api_backfiller] KD.ETORO: Precision-Fallback price_prec=2, size_prec=2
2026-06-25 12:25:31,530 | INFO     | api_backfiller | [api_backfiller] KD.ETORO: 28 Candles konvertiert (price_prec=2, size_prec=2).
2026-06-25 12:25:31,537 | DEBUG    | api_backfiller | [api_backfiller] KD.ETORO: 1335→1328 Zeilen (-7 Duplikate)
2026-06-25 12:25:31,539 | INFO     | api_backfiller | [api_backfiller] KD.ETORO: 1328 Zeilen gespeichert (price_prec=2, size_prec=2) → data.parquet
2026-06-25 12:25:32,648 | DEBUG    | api_backfiller | [api_backfiller] LQDA.ETORO: Precision-Fallback price_prec=2, size_prec=2
2026-06-25 12:25:32,862 | INFO     | api_backfiller | [api_backfiller] LQDA.ETORO: 28 Candles konvertiert (price_prec=2, size_prec=2).
2026-06-25 12:25:32,868 | DEBUG    | api_backfiller | [api_backfiller] LQDA.ETORO: 1336→1329 Zeilen (-7 Duplikate)
2026-06-25 12:25:32,874 | INFO     | api_backfiller | [api_backfiller] LQDA.ETORO: 1329 Zeilen gespeichert (price_prec=2, size_prec=2) → data.parquet
2026-06-25 12:25:33,978 | DEBUG    | api_backfiller | [api_backfiller] LRCX.ETORO: Precision-Fallback price_prec=2, size_prec=2
2026-06-25 12:25:34,192 | INFO     | api_backfiller | [api_backfiller] LRCX.ETORO: 95 Candles konvertiert (price_prec=2, size_prec=2).
2026-06-25 12:25:34,200 | DEBUG    | api_backfiller | [api_backfiller] LRCX.ETORO: 1478→1454 Zeilen (-24 Duplikate)
2026-06-25 12:25:34,201 | INFO     | api_backfiller | [api_backfiller] LRCX.ETORO: 1454 Zeilen gespeichert (price_prec=2, size_prec=2) → data.parquet
2026-06-25 12:25:35,308 | DEBUG    | api_backfiller | [api_backfiller] LULU.ETORO: Precision-Fallback price_prec=2, size_prec=2
2026-06-25 12:25:35,523 | INFO     | api_backfiller | [api_backfiller] LULU.ETORO: 96 Candles konvertiert (price_prec=2, size_prec=2).
2026-06-25 12:25:35,530 | DEBUG    | api_backfiller | [api_backfiller] LULU.ETORO: 1478→1454 Zeilen (-24 Duplikate)
2026-06-25 12:25:35,534 | INFO     | api_backfiller | [api_backfiller] LULU.ETORO: 1454 Zeilen gespeichert (price_prec=2, size_prec=2) → data.parquet
2026-06-25 12:25:36,640 | DEBUG    | api_backfiller | [api_backfiller] MNDY.ETORO: Precision-Fallback price_prec=2, size_prec=2
2026-06-25 12:25:37,162 | INFO     | api_backfiller | [api_backfiller] MNDY.ETORO: 28 Candles konvertiert (price_prec=2, size_prec=2).
2026-06-25 12:25:37,166 | DEBUG    | api_backfiller | [api_backfiller] MNDY.ETORO: 1336→1329 Zeilen (-7 Duplikate)
2026-06-25 12:25:37,167 | INFO     | api_backfiller | [api_backfiller] MNDY.ETORO: 1329 Zeilen gespeichert (price_prec=2, size_prec=2) → data.parquet
2026-06-25 12:25:38,273 | DEBUG    | api_backfiller | [api_backfiller] MRVL.ETORO: Precision-Fallback price_prec=2, size_prec=2
2026-06-25 12:25:38,493 | INFO     | api_backfiller | [api_backfiller] MRVL.ETORO: 96 Candles konvertiert (price_prec=2, size_prec=2).
2026-06-25 12:25:38,501 | DEBUG    | api_backfiller | [api_backfiller] MRVL.ETORO: 1479→1455 Zeilen (-24 Duplikate)
2026-06-25 12:25:38,506 | INFO     | api_backfiller | [api_backfiller] MRVL.ETORO: 1455 Zeilen gespeichert (price_prec=2, size_prec=2) → data.parquet
2026-06-25 12:25:39,612 | DEBUG    | api_backfiller | [api_backfiller] MSTR.ETORO: Precision-Fallback price_prec=2, size_prec=2
2026-06-25 12:25:39,824 | INFO     | api_backfiller | [api_backfiller] MSTR.ETORO: 96 Candles konvertiert (price_prec=2, size_prec=2).
2026-06-25 12:25:39,829 | DEBUG    | api_backfiller | [api_backfiller] MSTR.ETORO: 1479→1455 Zeilen (-24 Duplikate)
2026-06-25 12:25:39,832 | INFO     | api_backfiller | [api_backfiller] MSTR.ETORO: 1455 Zeilen gespeichert (price_prec=2, size_prec=2) → data.parquet
2026-06-25 12:25:40,940 | DEBUG    | api_backfiller | [api_backfiller] MTZ.ETORO: Precision-Fallback price_prec=2, size_prec=2
2026-06-25 12:25:41,156 | INFO     | api_backfiller | [api_backfiller] MTZ.ETORO: 28 Candles konvertiert (price_prec=2, size_prec=2).
2026-06-25 12:25:41,158 | DEBUG    | api_backfiller | [api_backfiller] MTZ.ETORO: 1335→1328 Zeilen (-7 Duplikate)
2026-06-25 12:25:41,160 | INFO     | api_backfiller | [api_backfiller] MTZ.ETORO: 1328 Zeilen gespeichert (price_prec=2, size_prec=2) → data.parquet
2026-06-25 12:25:42,269 | DEBUG    | api_backfiller | [api_backfiller] MU.ETORO: Precision-Fallback price_prec=2, size_prec=2
2026-06-25 12:25:42,487 | INFO     | api_backfiller | [api_backfiller] MU.ETORO: 96 Candles konvertiert (price_prec=2, size_prec=2).
2026-06-25 12:25:42,495 | DEBUG    | api_backfiller | [api_backfiller] MU.ETORO: 1478→1454 Zeilen (-24 Duplikate)
2026-06-25 12:25:42,496 | INFO     | api_backfiller | [api_backfiller] MU.ETORO: 1454 Zeilen gespeichert (price_prec=2, size_prec=2) → data.parquet
2026-06-25 12:25:43,818 | INFO     | api_backfiller | [api_backfiller] NATGAS.ETORO: 112 Candles konvertiert (price_prec=5, size_prec=5).
2026-06-25 12:25:43,827 | DEBUG    | api_backfiller | [api_backfiller] NATGAS.ETORO: 1523→1480 Zeilen (-43 Duplikate)
2026-06-25 12:25:43,831 | INFO     | api_backfiller | [api_backfiller] NATGAS.ETORO: 1480 Zeilen gespeichert (price_prec=5, size_prec=5) → data.parquet
2026-06-25 12:25:44,940 | DEBUG    | api_backfiller | [api_backfiller] NOK.ETORO: Precision-Fallback price_prec=2, size_prec=2
2026-06-25 12:25:45,149 | INFO     | api_backfiller | [api_backfiller] NOK.ETORO: 28 Candles konvertiert (price_prec=2, size_prec=2).
2026-06-25 12:25:45,156 | DEBUG    | api_backfiller | [api_backfiller] NOK.ETORO: 1335→1328 Zeilen (-7 Duplikate)
2026-06-25 12:25:45,158 | INFO     | api_backfiller | [api_backfiller] NOK.ETORO: 1328 Zeilen gespeichert (price_prec=2, size_prec=2) → data.parquet
2026-06-25 12:25:46,265 | DEBUG    | api_backfiller | [api_backfiller] NOW.ETORO: Precision-Fallback price_prec=2, size_prec=2
2026-06-25 12:25:46,406 | INFO     | api_backfiller | [api_backfiller] NOW.ETORO: 96 Candles konvertiert (price_prec=2, size_prec=2).
2026-06-25 12:25:46,414 | DEBUG    | api_backfiller | [api_backfiller] NOW.ETORO: 1479→1455 Zeilen (-24 Duplikate)
2026-06-25 12:25:46,420 | INFO     | api_backfiller | [api_backfiller] NOW.ETORO: 1455 Zeilen gespeichert (price_prec=2, size_prec=2) → data.parquet
2026-06-25 12:25:47,528 | DEBUG    | api_backfiller | [api_backfiller] NTSK.ETORO: Precision-Fallback price_prec=2, size_prec=2
2026-06-25 12:25:47,673 | INFO     | api_backfiller | [api_backfiller] NTSK.ETORO: 28 Candles konvertiert (price_prec=2, size_prec=2).
2026-06-25 12:25:47,676 | DEBUG    | api_backfiller | [api_backfiller] NTSK.ETORO: 1222→1222 Zeilen (-0 Duplikate)
2026-06-25 12:25:47,679 | INFO     | api_backfiller | [api_backfiller] NTSK.ETORO: 1222 Zeilen gespeichert (price_prec=2, size_prec=2) → data.parquet
2026-06-25 12:25:48,786 | DEBUG    | api_backfiller | [api_backfiller] NVDA.ETORO: Precision-Fallback price_prec=2, size_prec=2
2026-06-25 12:25:49,040 | INFO     | api_backfiller | [api_backfiller] NVDA.ETORO: 96 Candles konvertiert (price_prec=2, size_prec=2).
2026-06-25 12:25:49,048 | DEBUG    | api_backfiller | [api_backfiller] NVDA.ETORO: 1479→1455 Zeilen (-24 Duplikate)
2026-06-25 12:25:49,049 | INFO     | api_backfiller | [api_backfiller] NVDA.ETORO: 1455 Zeilen gespeichert (price_prec=2, size_prec=2) → data.parquet
2026-06-25 12:25:50,157 | DEBUG    | api_backfiller | [api_backfiller] NVO.ETORO: Precision-Fallback price_prec=2, size_prec=2
2026-06-25 12:25:50,373 | INFO     | api_backfiller | [api_backfiller] NVO.ETORO: 28 Candles konvertiert (price_prec=2, size_prec=2).
2026-06-25 12:25:50,379 | DEBUG    | api_backfiller | [api_backfiller] NVO.ETORO: 1335→1328 Zeilen (-7 Duplikate)
2026-06-25 12:25:50,385 | INFO     | api_backfiller | [api_backfiller] NVO.ETORO: 1328 Zeilen gespeichert (price_prec=2, size_prec=2) → data.parquet
2026-06-25 12:25:51,491 | DEBUG    | api_backfiller | [api_backfiller] NVS.ETORO: Precision-Fallback price_prec=2, size_prec=2
2026-06-25 12:25:51,703 | INFO     | api_backfiller | [api_backfiller] NVS.ETORO: 28 Candles konvertiert (price_prec=2, size_prec=2).
2026-06-25 12:25:51,710 | DEBUG    | api_backfiller | [api_backfiller] NVS.ETORO: 1335→1328 Zeilen (-7 Duplikate)
2026-06-25 12:25:51,712 | INFO     | api_backfiller | [api_backfiller] NVS.ETORO: 1328 Zeilen gespeichert (price_prec=2, size_prec=2) → data.parquet
2026-06-25 12:25:53,038 | INFO     | api_backfiller | [api_backfiller] ONDO.ETORO: 168 Candles konvertiert (price_prec=2, size_prec=8).
2026-06-25 12:25:53,046 | DEBUG    | api_backfiller | [api_backfiller] ONDO.ETORO: 1808→1712 Zeilen (-96 Duplikate)
2026-06-25 12:25:53,051 | INFO     | api_backfiller | [api_backfiller] ONDO.ETORO: 1712 Zeilen gespeichert (price_prec=2, size_prec=8) → data.parquet
2026-06-25 12:25:54,365 | INFO     | api_backfiller | [api_backfiller] PALL.ETORO: 28 Candles konvertiert (price_prec=5, size_prec=5).
2026-06-25 12:25:54,374 | DEBUG    | api_backfiller | [api_backfiller] PALL.ETORO: 1335→1328 Zeilen (-7 Duplikate)
2026-06-25 12:25:54,376 | INFO     | api_backfiller | [api_backfiller] PALL.ETORO: 1328 Zeilen gespeichert (price_prec=5, size_prec=5) → data.parquet
2026-06-25 12:25:55,482 | DEBUG    | api_backfiller | [api_backfiller] PBR.ETORO: Precision-Fallback price_prec=2, size_prec=2
2026-06-25 12:25:55,697 | INFO     | api_backfiller | [api_backfiller] PBR.ETORO: 28 Candles konvertiert (price_prec=2, size_prec=2).
2026-06-25 12:25:55,704 | DEBUG    | api_backfiller | [api_backfiller] PBR.ETORO: 1335→1328 Zeilen (-7 Duplikate)
2026-06-25 12:25:55,709 | INFO     | api_backfiller | [api_backfiller] PBR.ETORO: 1328 Zeilen gespeichert (price_prec=2, size_prec=2) → data.parquet
2026-06-25 12:25:57,029 | INFO     | api_backfiller | [api_backfiller] PEPExM.ETORO: 168 Candles konvertiert (price_prec=8, size_prec=8).
2026-06-25 12:25:57,036 | DEBUG    | api_backfiller | [api_backfiller] PEPExM.ETORO: 1808→1712 Zeilen (-96 Duplikate)
2026-06-25 12:25:57,040 | INFO     | api_backfiller | [api_backfiller] PEPExM.ETORO: 1712 Zeilen gespeichert (price_prec=8, size_prec=8) → data.parquet
2026-06-25 12:25:58,148 | DEBUG    | api_backfiller | [api_backfiller] PINS.ETORO: Precision-Fallback price_prec=2, size_prec=2
2026-06-25 12:25:58,360 | INFO     | api_backfiller | [api_backfiller] PINS.ETORO: 28 Candles konvertiert (price_prec=2, size_prec=2).
2026-06-25 12:25:58,367 | DEBUG    | api_backfiller | [api_backfiller] PINS.ETORO: 1335→1328 Zeilen (-7 Duplikate)
2026-06-25 12:25:58,372 | INFO     | api_backfiller | [api_backfiller] PINS.ETORO: 1328 Zeilen gespeichert (price_prec=2, size_prec=2) → data.parquet
2026-06-25 12:25:59,480 | DEBUG    | api_backfiller | [api_backfiller] PLTR.ETORO: Precision-Fallback price_prec=2, size_prec=2
2026-06-25 12:25:59,690 | INFO     | api_backfiller | [api_backfiller] PLTR.ETORO: 96 Candles konvertiert (price_prec=2, size_prec=2).
2026-06-25 12:25:59,698 | DEBUG    | api_backfiller | [api_backfiller] PLTR.ETORO: 1479→1455 Zeilen (-24 Duplikate)
2026-06-25 12:25:59,704 | INFO     | api_backfiller | [api_backfiller] PLTR.ETORO: 1455 Zeilen gespeichert (price_prec=2, size_prec=2) → data.parquet
2026-06-25 12:26:00,813 | DEBUG    | api_backfiller | [api_backfiller] POWL.ETORO: Precision-Fallback price_prec=2, size_prec=2
2026-06-25 12:26:01,124 | INFO     | api_backfiller | [api_backfiller] POWL.ETORO: 28 Candles konvertiert (price_prec=2, size_prec=2).
2026-06-25 12:26:01,127 | DEBUG    | api_backfiller | [api_backfiller] POWL.ETORO: 1336→1329 Zeilen (-7 Duplikate)
2026-06-25 12:26:01,128 | INFO     | api_backfiller | [api_backfiller] POWL.ETORO: 1329 Zeilen gespeichert (price_prec=2, size_prec=2) → data.parquet
2026-06-25 12:26:02,236 | DEBUG    | api_backfiller | [api_backfiller] PYPL.ETORO: Precision-Fallback price_prec=2, size_prec=2
2026-06-25 12:26:02,456 | INFO     | api_backfiller | [api_backfiller] PYPL.ETORO: 96 Candles konvertiert (price_prec=2, size_prec=2).
2026-06-25 12:26:02,463 | DEBUG    | api_backfiller | [api_backfiller] PYPL.ETORO: 1479→1455 Zeilen (-24 Duplikate)
2026-06-25 12:26:02,464 | INFO     | api_backfiller | [api_backfiller] PYPL.ETORO: 1455 Zeilen gespeichert (price_prec=2, size_prec=2) → data.parquet
2026-06-25 12:26:03,573 | DEBUG    | api_backfiller | [api_backfiller] RHM.DE.ETORO: Precision-Fallback price_prec=2, size_prec=2
2026-06-25 12:26:03,786 | INFO     | api_backfiller | [api_backfiller] RHM.DE.ETORO: 45 Candles konvertiert (price_prec=2, size_prec=2).
2026-06-25 12:26:03,794 | DEBUG    | api_backfiller | [api_backfiller] RHM.DE.ETORO: 1399→1381 Zeilen (-18 Duplikate)
2026-06-25 12:26:03,795 | INFO     | api_backfiller | [api_backfiller] RHM.DE.ETORO: 1381 Zeilen gespeichert (price_prec=2, size_prec=2) → data.parquet
2026-06-25 12:26:04,903 | DEBUG    | api_backfiller | [api_backfiller] RIOT.ETORO: Precision-Fallback price_prec=2, size_prec=2
2026-06-25 12:26:05,119 | INFO     | api_backfiller | [api_backfiller] RIOT.ETORO: 96 Candles konvertiert (price_prec=2, size_prec=2).
2026-06-25 12:26:05,125 | DEBUG    | api_backfiller | [api_backfiller] RIOT.ETORO: 1478→1454 Zeilen (-24 Duplikate)
2026-06-25 12:26:05,131 | INFO     | api_backfiller | [api_backfiller] RIOT.ETORO: 1454 Zeilen gespeichert (price_prec=2, size_prec=2) → data.parquet
2026-06-25 12:26:06,239 | DEBUG    | api_backfiller | [api_backfiller] ROP.ZU.ETORO: Precision-Fallback price_prec=2, size_prec=2
2026-06-25 12:26:06,448 | INFO     | api_backfiller | [api_backfiller] ROP.ZU.ETORO: 45 Candles konvertiert (price_prec=2, size_prec=2).
2026-06-25 12:26:06,455 | DEBUG    | api_backfiller | [api_backfiller] ROP.ZU.ETORO: 1392→1374 Zeilen (-18 Duplikate)
2026-06-25 12:26:06,457 | INFO     | api_backfiller | [api_backfiller] ROP.ZU.ETORO: 1374 Zeilen gespeichert (price_prec=2, size_prec=2) → data.parquet
2026-06-25 12:26:07,565 | DEBUG    | api_backfiller | [api_backfiller] SE.ETORO: Precision-Fallback price_prec=2, size_prec=2
2026-06-25 12:26:07,780 | INFO     | api_backfiller | [api_backfiller] SE.ETORO: 28 Candles konvertiert (price_prec=2, size_prec=2).
2026-06-25 12:26:07,787 | DEBUG    | api_backfiller | [api_backfiller] SE.ETORO: 1335→1328 Zeilen (-7 Duplikate)
2026-06-25 12:26:07,793 | INFO     | api_backfiller | [api_backfiller] SE.ETORO: 1328 Zeilen gespeichert (price_prec=2, size_prec=2) → data.parquet
2026-06-25 12:26:08,899 | DEBUG    | api_backfiller | [api_backfiller] SEI.US.ETORO: Precision-Fallback price_prec=2, size_prec=2
2026-06-25 12:26:09,214 | INFO     | api_backfiller | [api_backfiller] SEI.US.ETORO: 28 Candles konvertiert (price_prec=2, size_prec=2).
2026-06-25 12:26:09,222 | DEBUG    | api_backfiller | [api_backfiller] SEI.US.ETORO: 1335→1328 Zeilen (-7 Duplikate)
2026-06-25 12:26:09,227 | INFO     | api_backfiller | [api_backfiller] SEI.US.ETORO: 1328 Zeilen gespeichert (price_prec=2, size_prec=2) → data.parquet
2026-06-25 12:26:10,545 | INFO     | api_backfiller | [api_backfiller] SHIBxM.ETORO: 168 Candles konvertiert (price_prec=8, size_prec=8).
2026-06-25 12:26:10,553 | DEBUG    | api_backfiller | [api_backfiller] SHIBxM.ETORO: 1809→1713 Zeilen (-96 Duplikate)
2026-06-25 12:26:10,558 | INFO     | api_backfiller | [api_backfiller] SHIBxM.ETORO: 1713 Zeilen gespeichert (price_prec=8, size_prec=8) → data.parquet
2026-06-25 12:26:11,667 | DEBUG    | api_backfiller | [api_backfiller] SMTC.ETORO: Precision-Fallback price_prec=2, size_prec=2
2026-06-25 12:26:11,879 | INFO     | api_backfiller | [api_backfiller] SMTC.ETORO: 28 Candles konvertiert (price_prec=2, size_prec=2).
2026-06-25 12:26:11,885 | DEBUG    | api_backfiller | [api_backfiller] SMTC.ETORO: 1336→1329 Zeilen (-7 Duplikate)
2026-06-25 12:26:11,889 | INFO     | api_backfiller | [api_backfiller] SMTC.ETORO: 1329 Zeilen gespeichert (price_prec=2, size_prec=2) → data.parquet
2026-06-25 12:26:12,997 | DEBUG    | api_backfiller | [api_backfiller] SNAP.ETORO: Precision-Fallback price_prec=2, size_prec=2
2026-06-25 12:26:13,207 | INFO     | api_backfiller | [api_backfiller] SNAP.ETORO: 96 Candles konvertiert (price_prec=2, size_prec=2).
2026-06-25 12:26:13,215 | DEBUG    | api_backfiller | [api_backfiller] SNAP.ETORO: 1478→1454 Zeilen (-24 Duplikate)
2026-06-25 12:26:13,217 | INFO     | api_backfiller | [api_backfiller] SNAP.ETORO: 1454 Zeilen gespeichert (price_prec=2, size_prec=2) → data.parquet
2026-06-25 12:26:14,538 | INFO     | api_backfiller | [api_backfiller] SOL.ETORO: 168 Candles konvertiert (price_prec=2, size_prec=8).
2026-06-25 12:26:14,546 | DEBUG    | api_backfiller | [api_backfiller] SOL.ETORO: 1809→1713 Zeilen (-96 Duplikate)
2026-06-25 12:26:14,549 | INFO     | api_backfiller | [api_backfiller] SOL.ETORO: 1713 Zeilen gespeichert (price_prec=2, size_prec=8) → data.parquet
2026-06-25 12:26:15,653 | DEBUG    | api_backfiller | [api_backfiller] SQM.ETORO: Precision-Fallback price_prec=2, size_prec=2
2026-06-25 12:26:16,075 | INFO     | api_backfiller | [api_backfiller] SQM.ETORO: 28 Candles konvertiert (price_prec=2, size_prec=2).
2026-06-25 12:26:16,082 | DEBUG    | api_backfiller | [api_backfiller] SQM.ETORO: 1335→1328 Zeilen (-7 Duplikate)
2026-06-25 12:26:16,084 | INFO     | api_backfiller | [api_backfiller] SQM.ETORO: 1328 Zeilen gespeichert (price_prec=2, size_prec=2) → data.parquet
2026-06-25 12:26:17,188 | DEBUG    | api_backfiller | [api_backfiller] STX.US.ETORO: Precision-Fallback price_prec=2, size_prec=2
2026-06-25 12:26:17,508 | INFO     | api_backfiller | [api_backfiller] STX.US.ETORO: 96 Candles konvertiert (price_prec=2, size_prec=2).
2026-06-25 12:26:17,516 | DEBUG    | api_backfiller | [api_backfiller] STX.US.ETORO: 1478→1454 Zeilen (-24 Duplikate)
2026-06-25 12:26:17,517 | INFO     | api_backfiller | [api_backfiller] STX.US.ETORO: 1454 Zeilen gespeichert (price_prec=2, size_prec=2) → data.parquet
2026-06-25 12:26:18,625 | DEBUG    | api_backfiller | [api_backfiller] TEAM.ETORO: Precision-Fallback price_prec=2, size_prec=2
2026-06-25 12:26:18,839 | INFO     | api_backfiller | [api_backfiller] TEAM.ETORO: 93 Candles konvertiert (price_prec=2, size_prec=2).
2026-06-25 12:26:18,847 | DEBUG    | api_backfiller | [api_backfiller] TEAM.ETORO: 1475→1451 Zeilen (-24 Duplikate)
2026-06-25 12:26:18,850 | INFO     | api_backfiller | [api_backfiller] TEAM.ETORO: 1451 Zeilen gespeichert (price_prec=2, size_prec=2) → data.parquet
2026-06-25 12:26:19,959 | DEBUG    | api_backfiller | [api_backfiller] TER.ETORO: Precision-Fallback price_prec=2, size_prec=2
2026-06-25 12:26:20,171 | INFO     | api_backfiller | [api_backfiller] TER.ETORO: 96 Candles konvertiert (price_prec=2, size_prec=2).
2026-06-25 12:26:20,178 | DEBUG    | api_backfiller | [api_backfiller] TER.ETORO: 1478→1454 Zeilen (-24 Duplikate)
2026-06-25 12:26:20,180 | INFO     | api_backfiller | [api_backfiller] TER.ETORO: 1454 Zeilen gespeichert (price_prec=2, size_prec=2) → data.parquet
2026-06-25 12:26:21,288 | DEBUG    | api_backfiller | [api_backfiller] TME.ETORO: Precision-Fallback price_prec=2, size_prec=2
2026-06-25 12:26:21,461 | INFO     | api_backfiller | [api_backfiller] TME.ETORO: 28 Candles konvertiert (price_prec=2, size_prec=2).
2026-06-25 12:26:21,468 | DEBUG    | api_backfiller | [api_backfiller] TME.ETORO: 1335→1328 Zeilen (-7 Duplikate)
2026-06-25 12:26:21,473 | INFO     | api_backfiller | [api_backfiller] TME.ETORO: 1328 Zeilen gespeichert (price_prec=2, size_prec=2) → data.parquet
2026-06-25 12:26:22,580 | DEBUG    | api_backfiller | [api_backfiller] TSEM.ETORO: Precision-Fallback price_prec=2, size_prec=2
2026-06-25 12:26:22,936 | INFO     | api_backfiller | [api_backfiller] TSEM.ETORO: 28 Candles konvertiert (price_prec=2, size_prec=2).
2026-06-25 12:26:22,943 | DEBUG    | api_backfiller | [api_backfiller] TSEM.ETORO: 1336→1329 Zeilen (-7 Duplikate)
2026-06-25 12:26:22,948 | INFO     | api_backfiller | [api_backfiller] TSEM.ETORO: 1329 Zeilen gespeichert (price_prec=2, size_prec=2) → data.parquet
2026-06-25 12:26:24,056 | DEBUG    | api_backfiller | [api_backfiller] TSLA.ETORO: Precision-Fallback price_prec=2, size_prec=2
2026-06-25 12:26:24,372 | INFO     | api_backfiller | [api_backfiller] TSLA.ETORO: 94 Candles konvertiert (price_prec=2, size_prec=2).
2026-06-25 12:26:24,377 | DEBUG    | api_backfiller | [api_backfiller] TSLA.ETORO: 1477→1453 Zeilen (-24 Duplikate)
2026-06-25 12:26:24,379 | INFO     | api_backfiller | [api_backfiller] TSLA.ETORO: 1453 Zeilen gespeichert (price_prec=2, size_prec=2) → data.parquet
2026-06-25 12:26:25,484 | DEBUG    | api_backfiller | [api_backfiller] TTD.ETORO: Precision-Fallback price_prec=2, size_prec=2
2026-06-25 12:26:25,700 | INFO     | api_backfiller | [api_backfiller] TTD.ETORO: 96 Candles konvertiert (price_prec=2, size_prec=2).
2026-06-25 12:26:25,707 | DEBUG    | api_backfiller | [api_backfiller] TTD.ETORO: 1479→1455 Zeilen (-24 Duplikate)
2026-06-25 12:26:25,709 | INFO     | api_backfiller | [api_backfiller] TTD.ETORO: 1455 Zeilen gespeichert (price_prec=2, size_prec=2) → data.parquet
2026-06-25 12:26:26,817 | DEBUG    | api_backfiller | [api_backfiller] TTMI.ETORO: Precision-Fallback price_prec=2, size_prec=2
2026-06-25 12:26:27,032 | INFO     | api_backfiller | [api_backfiller] TTMI.ETORO: 28 Candles konvertiert (price_prec=2, size_prec=2).
2026-06-25 12:26:27,038 | DEBUG    | api_backfiller | [api_backfiller] TTMI.ETORO: 1335→1328 Zeilen (-7 Duplikate)
2026-06-25 12:26:27,041 | INFO     | api_backfiller | [api_backfiller] TTMI.ETORO: 1328 Zeilen gespeichert (price_prec=2, size_prec=2) → data.parquet
2026-06-25 12:26:28,363 | INFO     | api_backfiller | [api_backfiller] USDTRY.ETORO: 120 Candles konvertiert (price_prec=5, size_prec=5).
2026-06-25 12:26:28,370 | DEBUG    | api_backfiller | [api_backfiller] USDTRY.ETORO: 1544→1496 Zeilen (-48 Duplikate)
2026-06-25 12:26:28,372 | INFO     | api_backfiller | [api_backfiller] USDTRY.ETORO: 1496 Zeilen gespeichert (price_prec=5, size_prec=5) → data.parquet
2026-06-25 12:26:29,694 | INFO     | api_backfiller | [api_backfiller] USDZAR.ETORO: 120 Candles konvertiert (price_prec=5, size_prec=5).
2026-06-25 12:26:29,701 | DEBUG    | api_backfiller | [api_backfiller] USDZAR.ETORO: 1544→1496 Zeilen (-48 Duplikate)
2026-06-25 12:26:29,703 | INFO     | api_backfiller | [api_backfiller] USDZAR.ETORO: 1496 Zeilen gespeichert (price_prec=5, size_prec=5) → data.parquet
2026-06-25 12:26:30,811 | DEBUG    | api_backfiller | [api_backfiller] VLO.ETORO: Precision-Fallback price_prec=2, size_prec=2
2026-06-25 12:26:31,029 | INFO     | api_backfiller | [api_backfiller] VLO.ETORO: 52 Candles konvertiert (price_prec=2, size_prec=2).
2026-06-25 12:26:31,031 | DEBUG    | api_backfiller | [api_backfiller] VLO.ETORO: 1388→1372 Zeilen (-16 Duplikate)
2026-06-25 12:26:31,033 | INFO     | api_backfiller | [api_backfiller] VLO.ETORO: 1372 Zeilen gespeichert (price_prec=2, size_prec=2) → data.parquet
2026-06-25 12:26:32,137 | DEBUG    | api_backfiller | [api_backfiller] VRT.ETORO: Precision-Fallback price_prec=2, size_prec=2
2026-06-25 12:26:32,357 | INFO     | api_backfiller | [api_backfiller] VRT.ETORO: 28 Candles konvertiert (price_prec=2, size_prec=2).
2026-06-25 12:26:32,361 | DEBUG    | api_backfiller | [api_backfiller] VRT.ETORO: 1335→1328 Zeilen (-7 Duplikate)
2026-06-25 12:26:32,362 | INFO     | api_backfiller | [api_backfiller] VRT.ETORO: 1328 Zeilen gespeichert (price_prec=2, size_prec=2) → data.parquet
2026-06-25 12:26:33,468 | DEBUG    | api_backfiller | [api_backfiller] WBD.ETORO: Precision-Fallback price_prec=2, size_prec=2
2026-06-25 12:26:33,619 | INFO     | api_backfiller | [api_backfiller] WBD.ETORO: 92 Candles konvertiert (price_prec=2, size_prec=2).
2026-06-25 12:26:33,626 | DEBUG    | api_backfiller | [api_backfiller] WBD.ETORO: 1467→1444 Zeilen (-23 Duplikate)
2026-06-25 12:26:33,627 | INFO     | api_backfiller | [api_backfiller] WBD.ETORO: 1444 Zeilen gespeichert (price_prec=2, size_prec=2) → data.parquet
2026-06-25 12:26:34,733 | DEBUG    | api_backfiller | [api_backfiller] WDAY.ETORO: Precision-Fallback price_prec=2, size_prec=2
2026-06-25 12:26:34,917 | INFO     | api_backfiller | [api_backfiller] WDAY.ETORO: 95 Candles konvertiert (price_prec=2, size_prec=2).
2026-06-25 12:26:34,920 | DEBUG    | api_backfiller | [api_backfiller] WDAY.ETORO: 1475→1451 Zeilen (-24 Duplikate)
2026-06-25 12:26:34,922 | INFO     | api_backfiller | [api_backfiller] WDAY.ETORO: 1451 Zeilen gespeichert (price_prec=2, size_prec=2) → data.parquet
2026-06-25 12:26:36,029 | DEBUG    | api_backfiller | [api_backfiller] WDC.ETORO: Precision-Fallback price_prec=2, size_prec=2
2026-06-25 12:26:36,248 | INFO     | api_backfiller | [api_backfiller] WDC.ETORO: 96 Candles konvertiert (price_prec=2, size_prec=2).
2026-06-25 12:26:36,255 | DEBUG    | api_backfiller | [api_backfiller] WDC.ETORO: 1479→1455 Zeilen (-24 Duplikate)
2026-06-25 12:26:36,256 | INFO     | api_backfiller | [api_backfiller] WDC.ETORO: 1455 Zeilen gespeichert (price_prec=2, size_prec=2) → data.parquet
2026-06-25 12:26:37,364 | DEBUG    | api_backfiller | [api_backfiller] WIX.ETORO: Precision-Fallback price_prec=2, size_prec=2
2026-06-25 12:26:37,579 | INFO     | api_backfiller | [api_backfiller] WIX.ETORO: 28 Candles konvertiert (price_prec=2, size_prec=2).
2026-06-25 12:26:37,586 | DEBUG    | api_backfiller | [api_backfiller] WIX.ETORO: 1336→1329 Zeilen (-7 Duplikate)
2026-06-25 12:26:37,588 | INFO     | api_backfiller | [api_backfiller] WIX.ETORO: 1329 Zeilen gespeichert (price_prec=2, size_prec=2) → data.parquet
2026-06-25 12:26:38,697 | DEBUG    | api_backfiller | [api_backfiller] XPEV.ETORO: Precision-Fallback price_prec=2, size_prec=2
2026-06-25 12:26:38,910 | INFO     | api_backfiller | [api_backfiller] XPEV.ETORO: 28 Candles konvertiert (price_prec=2, size_prec=2).
2026-06-25 12:26:38,915 | DEBUG    | api_backfiller | [api_backfiller] XPEV.ETORO: 1335→1328 Zeilen (-7 Duplikate)
2026-06-25 12:26:38,917 | INFO     | api_backfiller | [api_backfiller] XPEV.ETORO: 1328 Zeilen gespeichert (price_prec=2, size_prec=2) → data.parquet
2026-06-25 12:26:40,470 | INFO     | api_backfiller | [api_backfiller] XRP.ETORO: 168 Candles konvertiert (price_prec=2, size_prec=8).
2026-06-25 12:26:40,478 | DEBUG    | api_backfiller | [api_backfiller] XRP.ETORO: 1809→1713 Zeilen (-96 Duplikate)
2026-06-25 12:26:40,480 | INFO     | api_backfiller | [api_backfiller] XRP.ETORO: 1713 Zeilen gespeichert (price_prec=2, size_prec=8) → data.parquet
2026-06-25 12:26:41,588 | DEBUG    | api_backfiller | [api_backfiller] ZS.ETORO: Precision-Fallback price_prec=2, size_prec=2
2026-06-25 12:26:41,882 | INFO     | api_backfiller | [api_backfiller] ZS.ETORO: 96 Candles konvertiert (price_prec=2, size_prec=2).
2026-06-25 12:26:41,885 | DEBUG    | api_backfiller | [api_backfiller] ZS.ETORO: 1478→1454 Zeilen (-24 Duplikate)
2026-06-25 12:26:41,886 | INFO     | api_backfiller | [api_backfiller] ZS.ETORO: 1454 Zeilen gespeichert (price_prec=2, size_prec=2) → data.parquet
2026-06-25 12:26:42,996 | DEBUG    | api_backfiller | [api_backfiller] ZTS.ETORO: Precision-Fallback price_prec=2, size_prec=2
2026-06-25 12:26:43,161 | INFO     | api_backfiller | [api_backfiller] ZTS.ETORO: 92 Candles konvertiert (price_prec=2, size_prec=2).
2026-06-25 12:26:43,168 | DEBUG    | api_backfiller | [api_backfiller] ZTS.ETORO: 1462→1438 Zeilen (-24 Duplikate)
2026-06-25 12:26:43,170 | INFO     | api_backfiller | [api_backfiller] ZTS.ETORO: 1438 Zeilen gespeichert (price_prec=2, size_prec=2) → data.parquet
2026-06-25 12:26:44,272 | INFO     | api_backfiller | [api_backfiller] Backfill abgeschlossen: 105 Symbole befüllt.
2026-06-25 12:26:44,273 | INFO     | orchestrator | [Phase 2c] API-Backfill: 105 Symbole befüllt.
2026-06-25 12:26:44,394 | INFO     | historical_fetcher | [NTSK.ETORO] Inception-Bound-Check erfolgreich: Volle historische Tiefe (2025-09-18) liegt vor.
2026-06-25 12:26:44,508 | INFO     | historical_fetcher | [ESLT.ETORO] Inception-Bound-Check erfolgreich: Volle historische Tiefe (2025-11-20) liegt vor.
2026-06-25 12:26:44,539 | INFO     | orchestrator | [Phase 2d] 1 Symbole unzureichend (benötigt Daten bis 1746095204278341888 ns) — starte Historical Fetcher ...
2026-06-25 12:26:44,541 | INFO     | api_backfiller | [api_backfiller] Universe geladen: 106 Instrumente.
2026-06-25 12:26:44,541 | DEBUG    | asyncio | Using selector: EpollSelector
2026-06-25 12:26:44,545 | INFO     | historical_fetcher | [historical_fetcher] 1/1 Symbole werden gefetcht (months=12, start_ns=1746095204278341888).
2026-06-25 12:26:44,545 | INFO     | historical_fetcher | [historical_fetcher] Lade Instrument-Precisions via eToro API …
2026-06-25 12:26:44,849 | DEBUG    | api_backfiller | [api_backfiller] Raw API response (first 500 chars): {'instrumentDisplayDatas': [{'instrumentID': 100446, 'instrumentDisplayName': 'Hyperliquid', 'instrumentTypeID': 10, 'exchangeID': 8, 'images': [{'instrumentID': 100446, 'width': 35.0, 'height': 35.0, 'uri': 'https://etoro-cdn.etorostatic.com/market-avatars/100446/35x35.png'}, {'instrumentID': 100446, 'width': 50.0, 'height': 50.0, 'uri': 'https://etoro-cdn.etorostatic.com/market-avatars/100446/50x50.png'}, {'instrumentID': 100446, 'width': 150.0, 'height': 150.0, 'uri': 'https://etoro-cdn.etoro
2026-06-25 12:26:44,849 | DEBUG    | api_backfiller | [api_backfiller] ID 100446: price_precision via historischem Fallback=2
2026-06-25 12:26:44,849 | DEBUG    | api_backfiller | [api_backfiller] ID 100446: size_precision via historischem Fallback=8
2026-06-25 12:26:44,850 | DEBUG    | api_backfiller | [api_backfiller] ID 100446 (HYPE): price_prec=2, size_prec=8
2026-06-25 12:26:45,351 | INFO     | api_backfiller | [api_backfiller] Precision-Auflösung abgeschlossen: 1 direkt via API, 0 via Symbol-Fallback (_fallback_precisions), 0 Equities erhalten (2,2) in run_backfill().
2026-06-25 12:26:45,351 | INFO     | historical_fetcher | [historical_fetcher] Precisions via API/Fallback: 1 geladen (restliche via Standard-Equity-Fallback).
2026-06-25 12:26:45,355 | INFO     | historical_fetcher | [HYPE.ETORO] Delta-Update: Fetch ab 2025-09-14T23:59:59+00:00 rückwärts bis 2025-05-01T10:26:44.278342+00:00
2026-06-25 12:26:45,573 | DEBUG    | historical_fetcher | [HYPE.ETORO] OneHour: 1000 Candles, älteste: 2026-05-14T19:00:00+00:00
2026-06-25 12:26:46,905 | INFO     | historical_fetcher | [HYPE.ETORO] Historische Tiefe für OneHour erreicht.
2026-06-25 12:26:47,103 | DEBUG    | historical_fetcher | [HYPE.ETORO] OneDay: 287 Candles, älteste: 2025-04-09T00:00:00+00:00
2026-06-25 12:26:48,205 | INFO     | historical_fetcher | [HYPE.ETORO] Ziel-Startdatum mit OneDay erreicht.
2026-06-25 12:26:48,225 | INFO     | historical_fetcher | [HYPE.ETORO] 1285 Candles → speichere (price_prec=2).
2026-06-25 12:26:48,231 | DEBUG    | historical_fetcher | [api_backfiller] HYPE.ETORO: 2853→1568 Zeilen (-1285 Duplikate)
2026-06-25 12:26:48,236 | INFO     | historical_fetcher | [api_backfiller] HYPE.ETORO: 1568 Zeilen gespeichert (price_prec=2, size_prec=8) → data.parquet
2026-06-25 12:26:49,340 | INFO     | historical_fetcher | [historical_fetcher] Fertig: 1 Symbole befüllt.
2026-06-25 12:26:49,341 | INFO     | orchestrator | [Phase 2d] Historical Fetcher: 1 Symbole befüllt.
2026-06-25 12:26:49,341 | INFO     | orchestrator | [JSON_EVENT] {"event_type": "PHASE2D_COMPLETE", "timestamp_utc": "2026-06-25T10:26:49.341383+00:00", "insufficient_count": 1, "hist_filled_count": 1}
2026-06-25 12:26:49,341 | INFO     | orchestrator | [JSON_EVENT] {"event_type": "PHASE2_COMPLETE", "timestamp_utc": "2026-06-25T10:26:49.341624+00:00", "merged_instruments": 0, "zips_deleted": 0, "api_filled_count": 105, "hist_filled_count": 1}
2026-06-25 12:26:49,341 | INFO     | orchestrator | ════════════════════════════════════════════════════════════
2026-06-25 12:26:49,342 | INFO     | orchestrator | PHASE 3+4: Matrix-Backtesting & Tournament
2026-06-25 12:26:49,342 | INFO     | orchestrator | ════════════════════════════════════════════════════════════
2026-06-25 12:26:49,343 | INFO     | orchestrator | [Phase 3] Dynamische Config: /home/user/etoro_nautilus/logs/backtest_dynamic_config.json
2026-06-25 12:26:49,343 | INFO     | orchestrator | [Phase 3] Backtest-Kommando: /home/user/etoro_nautilus/venv/bin/python3 /home/user/etoro_nautilus/automation/backtest_runner.py --momentum --catalog-path /home/user/etoro_nautilus/data/nautilus --config /home/user/etoro_nautilus/logs/backtest_dynamic_config.json --output /home/user/etoro_nautilus/logs/tournament_2026-06-25.json
2026-06-25 12:26:49,343 | INFO     | orchestrator | [JSON_EVENT] {"event_type": "BACKTEST_START", "timestamp_utc": "2026-06-25T10:26:49.343649+00:00", "start": "2025-06-30T00:00:00Z", "end": "2026-06-25T00:00:00Z", "walk_forward_active": true}
2026-06-25 12:37:12,730 | INFO     | orchestrator | [Phase 3] Backtest beendet (Exit-Code: 0).
2026-06-25 12:38:25,849 | DEBUG    | orchestrator |   [BT-LOG] WDAY.ETORO           | ComboTrendVwapStrategy         |  -12.25 |   -1.00 |    0.00 |    266 |     6.5 | 
2026-06-25 12:38:25,875 | DEBUG    | orchestrator |   [BT-LOG] WDAY.ETORO           | FlashCrashReversalStrategy     |  -12.30 |   -1.00 |    0.00 |    140 |     9.7 | 
2026-06-25 12:38:25,875 | DEBUG    | orchestrator |   [BT-LOG] WDAY.ETORO           | HourlyMeanReversionStrategy    |   -9.08 |   -0.99 |    0.01 |    478 |     6.1 | 
2026-06-25 12:38:25,875 | DEBUG    | orchestrator |   [BT-LOG] WDAY.ETORO           | SmaCrossoverStrategy           |  -12.29 |   -1.00 |    0.00 |    172 |    11.7 | 
2026-06-25 12:38:25,875 | DEBUG    | orchestrator |   [BT-LOG] WDAY.ETORO           | VolatilityBreakoutPumpStrategy |  -12.30 |   -1.00 |    0.00 |    144 |    11.6 | 
2026-06-25 12:38:25,875 | DEBUG    | orchestrator |   [BT-LOG] WDAY.ETORO           | VwapExhaustionStrategy         |  -11.17 |   -0.91 |    0.09 |   1036 |     3.0 | 
2026-06-25 12:38:25,875 | DEBUG    | orchestrator |   [BT-LOG] WDC.ETORO            | ComboTrendVwapStrategy         |   -2.96 |   -0.81 |    0.34 |    264 |     7.2 | 
2026-06-25 12:38:25,876 | DEBUG    | orchestrator |   [BT-LOG] WDC.ETORO            | FlashCrashReversalStrategy     |  -11.51 |   -1.00 |    0.00 |     90 |    10.9 | 
2026-06-25 12:38:25,876 | DEBUG    | orchestrator |   [BT-LOG] WDC.ETORO            | HourlyMeanReversionStrategy    |  -11.41 |   -0.99 |    0.01 |    476 |     6.1 | 
2026-06-25 12:38:25,876 | DEBUG    | orchestrator |   [BT-LOG] WDC.ETORO            | SmaCrossoverStrategy           |  -11.52 |   -1.00 |    0.00 |    124 |    13.3 | 
2026-06-25 12:38:25,876 | DEBUG    | orchestrator |   [BT-LOG] WDC.ETORO            | VolatilityBreakoutPumpStrategy |  -11.50 |   -1.00 |    0.00 |    146 |    11.8 | 
2026-06-25 12:38:25,876 | DEBUG    | orchestrator |   [BT-LOG] WDC.ETORO            | VwapExhaustionStrategy         |  -11.60 |   -1.00 |    0.00 |   1244 |     3.1 | 
2026-06-25 12:38:25,876 | DEBUG    | orchestrator |   [BT-LOG] WIX.ETORO            | ComboTrendVwapStrategy         |   -3.53 |   -1.00 |    0.09 |    282 |     7.5 | 
2026-06-25 12:38:25,876 | DEBUG    | orchestrator |   [BT-LOG] WIX.ETORO            | FlashCrashReversalStrategy     |   29.23 |    3.73 |    3.97 |    174 |     7.5 | 
2026-06-25 12:38:25,876 | DEBUG    | orchestrator |   [BT-LOG] WIX.ETORO            | HourlyMeanReversionStrategy    |    1.48 |    0.44 |    1.26 |    460 |     6.5 | 
2026-06-25 12:38:25,876 | DEBUG    | orchestrator |   [BT-LOG] WIX.ETORO            | SmaCrossoverStrategy           |   -5.89 |   -1.00 |    0.09 |    188 |    10.6 | 
2026-06-25 12:38:25,876 | DEBUG    | orchestrator |   [BT-LOG] WIX.ETORO            | VolatilityBreakoutPumpStrategy |   -4.44 |   -1.00 |    0.18 |    182 |     9.9 | 
2026-06-25 12:38:25,876 | DEBUG    | orchestrator |   [BT-LOG] WIX.ETORO            | VwapExhaustionStrategy         |   -0.41 |   -0.11 |    0.93 |   1058 |     3.9 | 
2026-06-25 12:38:25,877 | DEBUG    | orchestrator |   [BT-LOG] XPEV.ETORO           | ComboTrendVwapStrategy         |   -4.68 |   -1.00 |    0.11 |    286 |     7.3 | 
2026-06-25 12:38:25,877 | DEBUG    | orchestrator |   [BT-LOG] XPEV.ETORO           | FlashCrashReversalStrategy     |    6.35 |    0.89 |    1.67 |    138 |     8.3 | ✓
2026-06-25 12:38:25,877 | DEBUG    | orchestrator |   [BT-LOG] XPEV.ETORO           | HourlyMeanReversionStrategy    |   -3.86 |   -0.67 |    0.54 |    466 |     6.2 | 
2026-06-25 12:38:25,877 | DEBUG    | orchestrator |   [BT-LOG] XPEV.ETORO           | SmaCrossoverStrategy           |   -4.87 |   -1.00 |    0.14 |    176 |    11.2 | 
2026-06-25 12:38:25,877 | DEBUG    | orchestrator |   [BT-LOG] XPEV.ETORO           | VolatilityBreakoutPumpStrategy |   -5.94 |   -1.00 |    0.05 |    196 |    10.2 | 
2026-06-25 12:38:25,877 | DEBUG    | orchestrator |   [BT-LOG] XPEV.ETORO           | VwapExhaustionStrategy         |   -3.80 |   -0.99 |    0.26 |   1064 |     3.8 | 
2026-06-25 12:38:25,877 | DEBUG    | orchestrator |   [BT-LOG] XRP.ETORO            | ComboTrendVwapStrategy         |   -9.71 |   -1.00 |    0.02 |    348 |     7.6 | 
2026-06-25 12:38:25,877 | DEBUG    | orchestrator |   [BT-LOG] XRP.ETORO            | FlashCrashReversalStrategy     |  -11.04 |   -1.00 |    0.00 |    192 |     9.3 | 
2026-06-25 12:38:25,877 | DEBUG    | orchestrator |   [BT-LOG] XRP.ETORO            | HourlyMeanReversionStrategy    |  -11.05 |   -1.00 |    0.00 |    378 |    10.7 | 
2026-06-25 12:38:25,877 | DEBUG    | orchestrator |   [BT-LOG] XRP.ETORO            | SmaCrossoverStrategy           |  -11.03 |   -1.00 |    0.00 |    206 |    13.1 | 
2026-06-25 12:38:25,877 | DEBUG    | orchestrator |   [BT-LOG] XRP.ETORO            | VolatilityBreakoutPumpStrategy |  -11.06 |   -1.00 |    0.00 |    194 |    12.4 | 
2026-06-25 12:38:25,877 | DEBUG    | orchestrator |   [BT-LOG] XRP.ETORO            | VwapExhaustionStrategy         |  -11.05 |   -1.00 |    0.00 |   1122 |     4.0 | 
2026-06-25 12:38:25,877 | DEBUG    | orchestrator |   [BT-LOG] ZS.ETORO             | ComboTrendVwapStrategy         |  -12.63 |   -1.00 |    0.00 |    290 |     6.0 | 
2026-06-25 12:38:25,877 | DEBUG    | orchestrator |   [BT-LOG] ZS.ETORO             | FlashCrashReversalStrategy     |  -12.60 |   -1.00 |    0.00 |    146 |     9.5 | 
2026-06-25 12:38:25,877 | DEBUG    | orchestrator |   [BT-LOG] ZS.ETORO             | HourlyMeanReversionStrategy    |  -12.66 |   -1.00 |    0.00 |    474 |     6.1 | 
2026-06-25 12:38:25,877 | DEBUG    | orchestrator |   [BT-LOG] ZS.ETORO             | SmaCrossoverStrategy           |   -8.42 |   -1.00 |    0.00 |    132 |    13.0 | 
2026-06-25 12:38:25,877 | DEBUG    | orchestrator |   [BT-LOG] ZS.ETORO             | VolatilityBreakoutPumpStrategy |  -12.67 |   -1.00 |    0.00 |    144 |    11.8 | 
2026-06-25 12:38:25,877 | DEBUG    | orchestrator |   [BT-LOG] ZS.ETORO             | VwapExhaustionStrategy         |  -12.64 |   -1.00 |    0.00 |   1126 |     3.1 | 
2026-06-25 12:38:25,877 | DEBUG    | orchestrator |   [BT-LOG] ZTS.ETORO            | ComboTrendVwapStrategy         |   -9.52 |   -0.87 |    0.13 |    280 |     5.9 | 
2026-06-25 12:38:25,877 | DEBUG    | orchestrator |   [BT-LOG] ZTS.ETORO            | FlashCrashReversalStrategy     |  -11.05 |   -1.00 |    0.00 |    142 |     9.5 | 
2026-06-25 12:38:25,877 | DEBUG    | orchestrator |   [BT-LOG] ZTS.ETORO            | HourlyMeanReversionStrategy    |  -11.06 |   -1.00 |    0.00 |    474 |     6.1 | 
2026-06-25 12:38:25,877 | DEBUG    | orchestrator |   [BT-LOG] ZTS.ETORO            | SmaCrossoverStrategy           |  -11.06 |   -1.00 |    0.00 |    132 |    12.9 | 
2026-06-25 12:38:25,877 | DEBUG    | orchestrator |   [BT-LOG] ZTS.ETORO            | VolatilityBreakoutPumpStrategy |  -11.08 |   -1.00 |    0.00 |    126 |    12.4 | 
2026-06-25 12:38:25,878 | DEBUG    | orchestrator |   [BT-LOG] ZTS.ETORO            | VwapExhaustionStrategy         |  -11.03 |   -1.00 |    0.00 |    990 |     3.1 | 
2026-06-25 12:38:25,878 | DEBUG    | orchestrator |   [BT-LOG] 
2026-06-25 12:38:25,878 | DEBUG    | orchestrator |   [BT-LOG] ✅ Tournament: 103 Symbole | 15 IS-taugliche Paare | 15 voll taugliche Paare (IS+OOS) | 15 Gewinner-Symbole
2026-06-25 12:38:25,878 | DEBUG    | orchestrator |   [BT-LOG] 🏆 FlashCrashReversalStrategy — 15 Wins, Median IS Sortino: 9.4636
2026-06-25 12:38:25,878 | DEBUG    | orchestrator |   [BT-LOG] ⚠️  Ohne eindeutigen Gewinner: ABT.US.ETORO, ACN.ETORO, ADA.ETORO, ADBE.ETORO, AERO.ETORO, AG.ETORO, AMAT.ETORO, AMD.ETORO, AMKR.ETORO, ASX.ETORO, AVAX.ETORO, AXON.ETORO, BTC.ETORO, CAG.ETORO, CAT.ETORO, CCL.ETORO, CHTR.ETORO, CMG.ETORO, CPRT.ETORO, CRM.ETORO, DOGE.ETORO, DUOL.ETORO, E.ETORO, EEFT.ETORO, ELF.ETORO, ETH.ETORO, FDX.ETORO, FICO.ETORO, FISV.ETORO, FRO.ETORO, FSLY.ETORO, GEV.ETORO, GIS.ETORO, GLW.ETORO, GOOG.ETORO, GOOGL.ETORO, GTLB.ETORO, HAL.ETORO, HUBS.ETORO, INSM.ETORO, INSW.ETORO, INTU.ETORO, JNJ.ETORO, KD.ETORO, LQDA.ETORO, LRCX.ETORO, LULU.ETORO, MNDY.ETORO, MRVL.ETORO, MSTR.ETORO, MU.ETORO, NATGAS.ETORO, NOK.ETORO, NOW.ETORO, NVDA.ETORO, NVO.ETORO, NVS.ETORO, ONDO.ETORO, PBR.ETORO, PEPExM.ETORO, PINS.ETORO, PLTR.ETORO, POWL.ETORO, PYPL.ETORO, RHM.DE.ETORO, RIOT.ETORO, ROP.ZU.ETORO, SEI.US.ETORO, SHIBxM.ETORO, SNAP.ETORO, SOL.ETORO, STX.US.ETORO, TEAM.ETORO, TER.ETORO, TME.ETORO, TSLA.ETORO, TTD.ETORO, USDTRY.ETORO, USDZAR.ETORO, VLO.ETORO, VRT.ETORO, WBD.ETORO, WDAY.ETORO, WDC.ETORO, WIX.ETORO, XRP.ETORO, ZS.ETORO, ZTS.ETORO
2026-06-25 12:38:25,878 | DEBUG    | orchestrator |   [BT-LOG] 
2026-06-25 12:38:25,878 | DEBUG    | orchestrator |   [BT-LOG] 📄 Tournament-Ergebnisse gespeichert: /home/user/etoro_nautilus/logs/tournament_2026-06-25.json
2026-06-25 12:38:25,878 | DEBUG    | orchestrator |   [BT-LOG] 
2026-06-25 12:38:25,878 | DEBUG    | orchestrator |   [BT-LOG] ✅ Matrix-Backtest vollständig abgeschlossen!
2026-06-25 12:38:26,975 | INFO     | orchestrator | [Phase 4] Tournament: 15 Gewinner.
2026-06-25 12:38:26,979 | INFO     | orchestrator | [Phase 4] Aggregierter Gewinner: FlashCrashReversalStrategy (15 Wins, Portfolio-Trades: 3470, Trade-Weighted OOS-Return: 18.63%, In-Sample Median Sortino: 9.4636)
2026-06-25 12:38:26,984 | INFO     | orchestrator | [JSON_EVENT] {"event_type": "TOURNAMENT_COMPLETE", "timestamp_utc": "2026-06-25T10:38:26.980734+00:00", "winner_count": 15, "aggregate_winner": {"strategy": "FlashCrashReversalStrategy", "win_count": 15, "median_is_sortino": 9.4636, "oos_evaluated": true, "oos_eligible": true, "oos_metrics": {"total_trades": 3470, "sortino_ratio": 17.34230209778423, "profit_factor": 5.116688974265373, "max_drawdown": 0.025767924108129076, "win_rate": 0.5997118155619596, "total_return": 0.18625132660310678, "oos_span_days": 180, "median_position_notional": 749.3584, "aggregation_basis": "portfolio_equity_curve"}, "oos_rejection_reasons": []}, "median_is_sortino": 9.4636, "path": "/home/user/etoro_nautilus/logs/tournament_2026-06-25.json"}
2026-06-25 12:38:27,019 | INFO     | orchestrator | ════════════════════════════════════════════════════════════
2026-06-25 12:38:27,019 | INFO     | orchestrator | PHASE 5: Live Deployment & Bot-Start
2026-06-25 12:38:27,019 | INFO     | orchestrator | ════════════════════════════════════════════════════════════
2026-06-25 12:38:27,371 | INFO     | orchestrator | [Phase 5] Per-Pair-Eligible Check: 15 fully eligible pairs found (Winners: 15).
2026-06-25 12:38:27,372 | INFO     | orchestrator | [Phase 5] OOS-GATE Statistics: 0 Pairs rejected due to trade shortage, 0 Pairs failed performance.
2026-06-25 12:38:27,375 | INFO     | orchestrator | [Phase 5] OOS-GATE BESTANDEN: Aggregat-Sieger FlashCrashReversalStrategy (Aggregate Out-of-Sample Sortino: 17.34230209778423, Portfolio DD: 0.025767924108129076).
2026-06-25 12:38:29,435 | INFO     | orchestrator | [JSON_EVENT] {"event_type": "DEPLOYMENT_WHITELIST_GENERATED", "timestamp_utc": "2026-06-25T10:38:29.435788+00:00", "whitelisted_pairs_count": 15, "rejected_pairs_count": 0, "whitelist_path": "/home/user/etoro_nautilus/data/state/whitelist_tournament.json"}
2026-06-25 12:38:29,752 | INFO     | orchestrator | [Phase 5] Bot-Kommando: /home/user/etoro_nautilus/venv/bin/python3 /home/user/etoro_nautilus/automation/momentum_ls_run.py --universe /home/user/etoro_nautilus/data/universe/momentum_ls.json --tournament /home/user/etoro_nautilus/data/state/whitelist_tournament.json
2026-06-25 12:38:29,770 | INFO     | orchestrator | [JSON_EVENT] {"event_type": "BOT_START_INITIATED", "timestamp_utc": "2026-06-25T10:38:29.770338+00:00", "cmd": ["/home/user/etoro_nautilus/venv/bin/python3", "/home/user/etoro_nautilus/automation/momentum_ls_run.py", "--universe", "/home/user/etoro_nautilus/data/universe/momentum_ls.json", "--tournament", "/home/user/etoro_nautilus/data/state/whitelist_tournament.json"], "log_file": "/home/user/etoro_nautilus/logs/live_bot_20260625.log", "tournament": "/home/user/etoro_nautilus/data/state/whitelist_tournament.json", "universe": "/home/user/etoro_nautilus/data/universe/momentum_ls.json", "no_deploy": true, "aggregate_oos_sortino": 17.34230209778423, "fully_eligible_pairs": 15, "winner_count": 15}
2026-06-25 12:38:29,771 | INFO     | orchestrator | [Phase 5] --no-deploy: Live-Deploy unterbunden (Phase 1–4 vollständig ausgeführt).
2026-06-25 12:38:29,772 | INFO     | orchestrator | [JSON_EVENT] {"event_type": "LIVE_DEPLOY_SKIPPED_NO_DEPLOY", "timestamp_utc": "2026-06-25T10:38:29.771968+00:00", "strategy": "FlashCrashReversalStrategy", "fully_eligible_pairs": 15, "winner_count": 15}
2026-06-25 12:38:29,835 | INFO     | orchestrator | [JSON_EVENT] {"event_type": "ORCHESTRATOR_EXIT", "timestamp_utc": "2026-06-25T10:38:29.835754+00:00", "exit_code": 0}
2026-06-25 12:38:29,836 | INFO     | orchestrator | Orchestrator beendet (Exit-Code: 0).
