2026-10-04 18:12:30,505 | INFO     | historical_fetcher | [api_backfiller] ENLT.ETORO: 4592 Zeilen gespeichert (price_prec=2, size_prec=2) → /home/minisforum/etoro_nautilus/data/nautilus/data/quote_tick/ENLT.ETORO/OneHour/data.parquet
2026-10-04 18:12:30,509 | INFO     | historical_fetcher | [ENLT.ETORO] OneDay: 1120 Ticks → speichere (price_prec=2).
2026-10-04 18:12:30,511 | DEBUG    | historical_fetcher | [api_backfiller] ENLT.ETORO: 4048→2928 Zeilen (-1120 Duplikate)
2026-10-04 18:12:30,513 | INFO     | historical_fetcher | [api_backfiller] ENLT.ETORO: 2928 Zeilen gespeichert (price_prec=2, size_prec=2) → /home/minisforum/etoro_nautilus/data/nautilus/data/quote_tick/ENLT.ETORO/OneDay/data.parquet
2026-10-04 18:12:31,617 | INFO     | historical_fetcher | [FDX.ETORO] Delta-Update: Fetch ab 2026-06-23T20:59:59+00:00 rückwärts bis 2025-08-10T16:09:41.204653+00:00
2026-10-04 18:12:31,844 | DEBUG    | historical_fetcher | [FDX.ETORO] OneHour: 1000 Candles, älteste: 2026-07-21T05:00:00+00:00
2026-10-04 18:12:33,081 | INFO     | historical_fetcher | [FDX.ETORO] Historische Tiefe für OneHour erreicht.
2026-10-04 18:12:33,225 | DEBUG    | historical_fetcher | [FDX.ETORO] OneDay: 1000 Candles, älteste: 2022-09-02T00:00:00+00:00
2026-10-04 18:12:34,326 | INFO     | historical_fetcher | [FDX.ETORO] Ziel-Startdatum mit OneDay erreicht.
2026-10-04 18:12:34,337 | INFO     | historical_fetcher | [FDX.ETORO] OneHour: 4000 Ticks → speichere (price_prec=2).
2026-10-04 18:12:34,341 | DEBUG    | historical_fetcher | [api_backfiller] FDX.ETORO: 9488→5488 Zeilen (-4000 Duplikate)
2026-10-04 18:12:34,343 | INFO     | historical_fetcher | [api_backfiller] FDX.ETORO: 5488 Zeilen gespeichert (price_prec=2, size_prec=2) → /home/minisforum/etoro_nautilus/data/nautilus/data/quote_tick/FDX.ETORO/OneHour/data.parquet
2026-10-04 18:12:34,346 | INFO     | historical_fetcher | [FDX.ETORO] OneDay: 1156 Ticks → speichere (price_prec=2).
2026-10-04 18:12:34,348 | DEBUG    | historical_fetcher | [api_backfiller] FDX.ETORO: 4120→2964 Zeilen (-1156 Duplikate)
2026-10-04 18:12:34,350 | INFO     | historical_fetcher | [api_backfiller] FDX.ETORO: 2964 Zeilen gespeichert (price_prec=2, size_prec=2) → /home/minisforum/etoro_nautilus/data/nautilus/data/quote_tick/FDX.ETORO/OneDay/data.parquet
2026-10-04 18:12:35,454 | INFO     | historical_fetcher | [FICO.ETORO] Delta-Update: Fetch ab 2026-06-04T19:59:59+00:00 rückwärts bis 2025-08-10T16:09:41.204653+00:00
2026-10-04 18:12:35,659 | DEBUG    | historical_fetcher | [FICO.ETORO] OneHour: 1000 Candles, älteste: 2026-07-16T20:00:00+00:00
2026-10-04 18:12:36,886 | INFO     | historical_fetcher | [FICO.ETORO] Historische Tiefe für OneHour erreicht.
2026-10-04 18:12:37,017 | DEBUG    | historical_fetcher | [FICO.ETORO] OneDay: 1000 Candles, älteste: 2022-09-02T00:00:00+00:00
2026-10-04 18:12:38,119 | INFO     | historical_fetcher | [FICO.ETORO] Ziel-Startdatum mit OneDay erreicht.
2026-10-04 18:12:38,128 | INFO     | historical_fetcher | [FICO.ETORO] OneHour: 4000 Ticks → speichere (price_prec=2).
2026-10-04 18:12:38,133 | DEBUG    | historical_fetcher | [api_backfiller] FICO.ETORO: 9656→5656 Zeilen (-4000 Duplikate)
2026-10-04 18:12:38,136 | INFO     | historical_fetcher | [api_backfiller] FICO.ETORO: 5656 Zeilen gespeichert (price_prec=2, size_prec=2) → /home/minisforum/etoro_nautilus/data/nautilus/data/quote_tick/FICO.ETORO/OneHour/data.parquet
2026-10-04 18:12:38,140 | INFO     | historical_fetcher | [FICO.ETORO] OneDay: 1156 Ticks → speichere (price_prec=2).
2026-10-04 18:12:38,143 | DEBUG    | historical_fetcher | [api_backfiller] FICO.ETORO: 4120→2964 Zeilen (-1156 Duplikate)
2026-10-04 18:12:38,145 | INFO     | historical_fetcher | [api_backfiller] FICO.ETORO: 2964 Zeilen gespeichert (price_prec=2, size_prec=2) → /home/minisforum/etoro_nautilus/data/nautilus/data/quote_tick/FICO.ETORO/OneDay/data.parquet
2026-10-04 18:12:39,249 | INFO     | historical_fetcher | [FISV.ETORO] Delta-Update: Fetch ab 2026-07-01T06:59:59+00:00 rückwärts bis 2025-08-10T16:09:41.204653+00:00
2026-10-04 18:12:39,376 | DEBUG    | historical_fetcher | [FISV.ETORO] OneHour: 1000 Candles, älteste: 2026-07-29T13:00:00+00:00
2026-10-04 18:12:40,588 | DEBUG    | historical_fetcher | [FISV.ETORO] OneHour: 1000 Candles, älteste: 2026-07-29T14:00:00+00:00
2026-10-04 18:12:41,811 | INFO     | historical_fetcher | [FISV.ETORO] Historische Tiefe für OneHour erreicht.
2026-10-04 18:12:41,962 | DEBUG    | historical_fetcher | [FISV.ETORO] OneDay: 1000 Candles, älteste: 2022-09-02T00:00:00+00:00
2026-10-04 18:12:43,064 | INFO     | historical_fetcher | [FISV.ETORO] Ziel-Startdatum mit OneDay erreicht.
2026-10-04 18:12:43,076 | INFO     | historical_fetcher | [FISV.ETORO] OneHour: 8000 Ticks → speichere (price_prec=2).
2026-10-04 18:12:43,081 | DEBUG    | historical_fetcher | [api_backfiller] FISV.ETORO: 13736→5736 Zeilen (-8000 Duplikate)
2026-10-04 18:12:43,083 | INFO     | historical_fetcher | [api_backfiller] FISV.ETORO: 5736 Zeilen gespeichert (price_prec=2, size_prec=2) → /home/minisforum/etoro_nautilus/data/nautilus/data/quote_tick/FISV.ETORO/OneHour/data.parquet
2026-10-04 18:12:43,087 | INFO     | historical_fetcher | [FISV.ETORO] OneDay: 1156 Ticks → speichere (price_prec=2).
2026-10-04 18:12:43,090 | DEBUG    | historical_fetcher | [api_backfiller] FISV.ETORO: 4120→2964 Zeilen (-1156 Duplikate)
2026-10-04 18:12:43,091 | INFO     | historical_fetcher | [api_backfiller] FISV.ETORO: 2964 Zeilen gespeichert (price_prec=2, size_prec=2) → /home/minisforum/etoro_nautilus/data/nautilus/data/quote_tick/FISV.ETORO/OneDay/data.parquet
2026-10-04 18:12:44,195 | INFO     | historical_fetcher | [FRO.ETORO] Delta-Update: Fetch ab 2026-02-05T18:59:59+00:00 rückwärts bis 2025-08-10T16:09:41.204653+00:00
2026-10-04 18:12:44,376 | DEBUG    | historical_fetcher | [FRO.ETORO] OneHour: 1000 Candles, älteste: 2026-03-10T15:00:00+00:00
2026-10-04 18:12:45,623 | DEBUG    | historical_fetcher | [FRO.ETORO] OneHour: 1000 Candles, älteste: 2026-03-10T16:00:00+00:00
2026-10-04 18:12:46,941 | INFO     | historical_fetcher | [FRO.ETORO] Historische Tiefe für OneHour erreicht.
2026-10-04 18:12:47,082 | DEBUG    | historical_fetcher | [FRO.ETORO] OneDay: 1000 Candles, älteste: 2022-08-22T00:00:00+00:00
2026-10-04 18:12:48,184 | INFO     | historical_fetcher | [FRO.ETORO] Ziel-Startdatum mit OneDay erreicht.
2026-10-04 18:12:48,200 | INFO     | historical_fetcher | [FRO.ETORO] OneHour: 8000 Ticks → speichere (price_prec=2).
2026-10-04 18:12:48,204 | DEBUG    | historical_fetcher | [api_backfiller] FRO.ETORO: 12592→4592 Zeilen (-8000 Duplikate)
2026-10-04 18:12:48,206 | INFO     | historical_fetcher | [api_backfiller] FRO.ETORO: 4592 Zeilen gespeichert (price_prec=2, size_prec=2) → /home/minisforum/etoro_nautilus/data/nautilus/data/quote_tick/FRO.ETORO/OneHour/data.parquet
2026-10-04 18:12:48,208 | INFO     | historical_fetcher | [FRO.ETORO] OneDay: 1120 Ticks → speichere (price_prec=2).
2026-10-04 18:12:48,210 | DEBUG    | historical_fetcher | [api_backfiller] FRO.ETORO: 4048→2928 Zeilen (-1120 Duplikate)
2026-10-04 18:12:48,212 | INFO     | historical_fetcher | [api_backfiller] FRO.ETORO: 2928 Zeilen gespeichert (price_prec=2, size_prec=2) → /home/minisforum/etoro_nautilus/data/nautilus/data/quote_tick/FRO.ETORO/OneDay/data.parquet
2026-10-04 18:12:49,316 | INFO     | historical_fetcher | [FSLY.ETORO] Delta-Update: Fetch ab 2026-02-05T18:59:59+00:00 rückwärts bis 2025-08-10T16:09:41.204653+00:00
2026-10-04 18:12:49,480 | DEBUG    | historical_fetcher | [FSLY.ETORO] OneHour: 1000 Candles, älteste: 2026-03-10T14:00:00+00:00
2026-10-04 18:12:50,801 | INFO     | historical_fetcher | [FSLY.ETORO] Historische Tiefe für OneHour erreicht.
2026-10-04 18:12:50,939 | DEBUG    | historical_fetcher | [FSLY.ETORO] OneDay: 1000 Candles, älteste: 2022-08-22T00:00:00+00:00
2026-10-04 18:12:52,040 | INFO     | historical_fetcher | [FSLY.ETORO] Ziel-Startdatum mit OneDay erreicht.
2026-10-04 18:12:52,049 | INFO     | historical_fetcher | [FSLY.ETORO] OneHour: 4000 Ticks → speichere (price_prec=2).
2026-10-04 18:12:52,054 | DEBUG    | historical_fetcher | [api_backfiller] FSLY.ETORO: 8592→4592 Zeilen (-4000 Duplikate)
2026-10-04 18:12:52,056 | INFO     | historical_fetcher | [api_backfiller] FSLY.ETORO: 4592 Zeilen gespeichert (price_prec=2, size_prec=2) → /home/minisforum/etoro_nautilus/data/nautilus/data/quote_tick/FSLY.ETORO/OneHour/data.parquet
2026-10-04 18:12:52,059 | INFO     | historical_fetcher | [FSLY.ETORO] OneDay: 1120 Ticks → speichere (price_prec=2).
2026-10-04 18:12:52,062 | DEBUG    | historical_fetcher | [api_backfiller] FSLY.ETORO: 4048→2928 Zeilen (-1120 Duplikate)
2026-10-04 18:12:52,063 | INFO     | historical_fetcher | [api_backfiller] FSLY.ETORO: 2928 Zeilen gespeichert (price_prec=2, size_prec=2) → /home/minisforum/etoro_nautilus/data/nautilus/data/quote_tick/FSLY.ETORO/OneDay/data.parquet
2026-10-04 18:12:53,166 | INFO     | historical_fetcher | [FTI.ETORO] Delta-Update: Fetch ab 2026-02-06T13:59:59+00:00 rückwärts bis 2025-08-10T16:09:41.204653+00:00
2026-10-04 18:12:53,351 | DEBUG    | historical_fetcher | [FTI.ETORO] OneHour: 1000 Candles, älteste: 2026-03-10T15:00:00+00:00
2026-10-04 18:12:54,711 | INFO     | historical_fetcher | [FTI.ETORO] Historische Tiefe für OneHour erreicht.
2026-10-04 18:12:54,842 | DEBUG    | historical_fetcher | [FTI.ETORO] OneDay: 1000 Candles, älteste: 2022-08-22T00:00:00+00:00
2026-10-04 18:12:55,943 | INFO     | historical_fetcher | [FTI.ETORO] Ziel-Startdatum mit OneDay erreicht.
2026-10-04 18:12:55,950 | INFO     | historical_fetcher | [FTI.ETORO] OneHour: 4000 Ticks → speichere (price_prec=2).
2026-10-04 18:12:55,954 | DEBUG    | historical_fetcher | [api_backfiller] FTI.ETORO: 8588→4588 Zeilen (-4000 Duplikate)
2026-10-04 18:12:55,956 | INFO     | historical_fetcher | [api_backfiller] FTI.ETORO: 4588 Zeilen gespeichert (price_prec=2, size_prec=2) → /home/minisforum/etoro_nautilus/data/nautilus/data/quote_tick/FTI.ETORO/OneHour/data.parquet
2026-10-04 18:12:55,959 | INFO     | historical_fetcher | [FTI.ETORO] OneDay: 1120 Ticks → speichere (price_prec=2).
2026-10-04 18:12:55,961 | DEBUG    | historical_fetcher | [api_backfiller] FTI.ETORO: 4048→2928 Zeilen (-1120 Duplikate)
2026-10-04 18:12:55,963 | INFO     | historical_fetcher | [api_backfiller] FTI.ETORO: 2928 Zeilen gespeichert (price_prec=2, size_prec=2) → /home/minisforum/etoro_nautilus/data/nautilus/data/quote_tick/FTI.ETORO/OneDay/data.parquet
2026-10-04 18:12:57,067 | INFO     | historical_fetcher | [FTNT.ETORO] Delta-Update: Fetch ab 2026-07-01T17:59:59+00:00 rückwärts bis 2025-08-10T16:09:41.204653+00:00
2026-10-04 18:12:57,243 | DEBUG    | historical_fetcher | [FTNT.ETORO] OneHour: 1000 Candles, älteste: 2026-07-28T14:00:00+00:00
2026-10-04 18:12:58,468 | INFO     | historical_fetcher | [FTNT.ETORO] Historische Tiefe für OneHour erreicht.
2026-10-04 18:12:58,849 | DEBUG    | historical_fetcher | [FTNT.ETORO] OneDay: 1000 Candles, älteste: 2022-09-02T00:00:00+00:00
2026-10-04 18:12:59,949 | INFO     | historical_fetcher | [FTNT.ETORO] Ziel-Startdatum mit OneDay erreicht.
2026-10-04 18:12:59,956 | INFO     | historical_fetcher | [FTNT.ETORO] OneHour: 4000 Ticks → speichere (price_prec=2).
2026-10-04 18:12:59,960 | DEBUG    | historical_fetcher | [api_backfiller] FTNT.ETORO: 9636→5636 Zeilen (-4000 Duplikate)
2026-10-04 18:12:59,962 | INFO     | historical_fetcher | [api_backfiller] FTNT.ETORO: 5636 Zeilen gespeichert (price_prec=2, size_prec=2) → /home/minisforum/etoro_nautilus/data/nautilus/data/quote_tick/FTNT.ETORO/OneHour/data.parquet
2026-10-04 18:12:59,965 | INFO     | historical_fetcher | [FTNT.ETORO] OneDay: 1156 Ticks → speichere (price_prec=2).
2026-10-04 18:12:59,968 | DEBUG    | historical_fetcher | [api_backfiller] FTNT.ETORO: 4120→2964 Zeilen (-1156 Duplikate)
2026-10-04 18:12:59,969 | INFO     | historical_fetcher | [api_backfiller] FTNT.ETORO: 2964 Zeilen gespeichert (price_prec=2, size_prec=2) → /home/minisforum/etoro_nautilus/data/nautilus/data/quote_tick/FTNT.ETORO/OneDay/data.parquet
2026-10-04 18:13:01,072 | INFO     | historical_fetcher | [GEV.ETORO] Delta-Update: Fetch ab 2026-07-02T16:59:59+00:00 rückwärts bis 2025-08-10T16:09:41.204653+00:00
2026-10-04 18:13:01,242 | DEBUG    | historical_fetcher | [GEV.ETORO] OneHour: 1000 Candles, älteste: 2026-08-03T20:00:00+00:00
2026-10-04 18:13:02,506 | INFO     | historical_fetcher | [GEV.ETORO] Historische Tiefe für OneHour erreicht.
2026-10-04 18:13:02,656 | DEBUG    | historical_fetcher | [GEV.ETORO] OneDay: 618 Candles, älteste: 2023-03-25T00:00:00+00:00
2026-10-04 18:13:03,757 | INFO     | historical_fetcher | [GEV.ETORO] Ziel-Startdatum mit OneDay erreicht.
2026-10-04 18:13:03,768 | INFO     | historical_fetcher | [GEV.ETORO] OneHour: 4000 Ticks → speichere (price_prec=2).
2026-10-04 18:13:03,774 | DEBUG    | historical_fetcher | [api_backfiller] GEV.ETORO: 9952→5952 Zeilen (-4000 Duplikate)
2026-10-04 18:13:03,777 | INFO     | historical_fetcher | [api_backfiller] GEV.ETORO: 5952 Zeilen gespeichert (price_prec=2, size_prec=2) → /home/minisforum/etoro_nautilus/data/nautilus/data/quote_tick/GEV.ETORO/OneHour/data.parquet
2026-10-04 18:13:03,781 | INFO     | historical_fetcher | [GEV.ETORO] OneDay: 1156 Ticks → speichere (price_prec=2).
2026-10-04 18:13:03,784 | DEBUG    | historical_fetcher | [api_backfiller] GEV.ETORO: 3620→2464 Zeilen (-1156 Duplikate)
2026-10-04 18:13:03,786 | INFO     | historical_fetcher | [api_backfiller] GEV.ETORO: 2464 Zeilen gespeichert (price_prec=2, size_prec=2) → /home/minisforum/etoro_nautilus/data/nautilus/data/quote_tick/GEV.ETORO/OneDay/data.parquet
2026-10-04 18:13:04,891 | INFO     | historical_fetcher | [GIS.ETORO] Delta-Update: Fetch ab 2026-07-01T00:59:59+00:00 rückwärts bis 2025-08-10T16:09:41.204653+00:00
2026-10-04 18:13:05,035 | DEBUG    | historical_fetcher | [GIS.ETORO] OneHour: 1000 Candles, älteste: 2026-07-30T11:00:00+00:00
2026-10-04 18:13:06,250 | INFO     | historical_fetcher | [GIS.ETORO] Historische Tiefe für OneHour erreicht.
2026-10-04 18:13:06,369 | DEBUG    | historical_fetcher | [GIS.ETORO] OneDay: 1000 Candles, älteste: 2022-09-02T00:00:00+00:00
2026-10-04 18:13:07,470 | INFO     | historical_fetcher | [GIS.ETORO] Ziel-Startdatum mit OneDay erreicht.
2026-10-04 18:13:07,479 | INFO     | historical_fetcher | [GIS.ETORO] OneHour: 4000 Ticks → speichere (price_prec=2).
2026-10-04 18:13:07,484 | DEBUG    | historical_fetcher | [api_backfiller] GIS.ETORO: 9864→5864 Zeilen (-4000 Duplikate)
2026-10-04 18:13:07,487 | INFO     | historical_fetcher | [api_backfiller] GIS.ETORO: 5864 Zeilen gespeichert (price_prec=2, size_prec=2) → /home/minisforum/etoro_nautilus/data/nautilus/data/quote_tick/GIS.ETORO/OneHour/data.parquet
2026-10-04 18:13:07,492 | INFO     | historical_fetcher | [GIS.ETORO] OneDay: 1156 Ticks → speichere (price_prec=2).
2026-10-04 18:13:07,495 | DEBUG    | historical_fetcher | [api_backfiller] GIS.ETORO: 4120→2964 Zeilen (-1156 Duplikate)
2026-10-04 18:13:07,497 | INFO     | historical_fetcher | [api_backfiller] GIS.ETORO: 2964 Zeilen gespeichert (price_prec=2, size_prec=2) → /home/minisforum/etoro_nautilus/data/nautilus/data/quote_tick/GIS.ETORO/OneDay/data.parquet
2026-10-04 18:13:08,602 | INFO     | historical_fetcher | [GLW.ETORO] Delta-Update: Fetch ab 2026-07-02T15:59:59+00:00 rückwärts bis 2025-08-10T16:09:41.204653+00:00
2026-10-04 18:13:09,324 | DEBUG    | historical_fetcher | [GLW.ETORO] OneHour: 1000 Candles, älteste: 2026-08-03T20:00:00+00:00
2026-10-04 18:13:10,720 | INFO     | historical_fetcher | [GLW.ETORO] Historische Tiefe für OneHour erreicht.
2026-10-04 18:13:10,843 | DEBUG    | historical_fetcher | [GLW.ETORO] OneDay: 1000 Candles, älteste: 2022-09-02T00:00:00+00:00
2026-10-04 18:13:11,945 | INFO     | historical_fetcher | [GLW.ETORO] Ziel-Startdatum mit OneDay erreicht.
2026-10-04 18:13:11,954 | INFO     | historical_fetcher | [GLW.ETORO] OneHour: 4000 Ticks → speichere (price_prec=2).
2026-10-04 18:13:11,959 | DEBUG    | historical_fetcher | [api_backfiller] GLW.ETORO: 9952→5952 Zeilen (-4000 Duplikate)
2026-10-04 18:13:11,962 | INFO     | historical_fetcher | [api_backfiller] GLW.ETORO: 5952 Zeilen gespeichert (price_prec=2, size_prec=2) → /home/minisforum/etoro_nautilus/data/nautilus/data/quote_tick/GLW.ETORO/OneHour/data.parquet
2026-10-04 18:13:11,965 | INFO     | historical_fetcher | [GLW.ETORO] OneDay: 1156 Ticks → speichere (price_prec=2).
2026-10-04 18:13:11,968 | DEBUG    | historical_fetcher | [api_backfiller] GLW.ETORO: 4120→2964 Zeilen (-1156 Duplikate)
2026-10-04 18:13:11,969 | INFO     | historical_fetcher | [api_backfiller] GLW.ETORO: 2964 Zeilen gespeichert (price_prec=2, size_prec=2) → /home/minisforum/etoro_nautilus/data/nautilus/data/quote_tick/GLW.ETORO/OneDay/data.parquet
2026-10-04 18:13:13,075 | INFO     | historical_fetcher | [GOOG.ETORO] Delta-Update: Fetch ab 2026-07-02T18:59:59+00:00 rückwärts bis 2025-08-10T16:09:41.204653+00:00
2026-10-04 18:13:13,358 | DEBUG    | historical_fetcher | [GOOG.ETORO] OneHour: 1000 Candles, älteste: 2026-08-03T20:00:00+00:00
2026-10-04 18:13:14,692 | INFO     | historical_fetcher | [GOOG.ETORO] Historische Tiefe für OneHour erreicht.
2026-10-04 18:13:14,813 | DEBUG    | historical_fetcher | [GOOG.ETORO] OneDay: 1000 Candles, älteste: 2022-09-02T00:00:00+00:00
2026-10-04 18:13:15,914 | INFO     | historical_fetcher | [GOOG.ETORO] Ziel-Startdatum mit OneDay erreicht.
2026-10-04 18:13:15,920 | INFO     | historical_fetcher | [GOOG.ETORO] OneHour: 4000 Ticks → speichere (price_prec=2).
2026-10-04 18:13:15,924 | DEBUG    | historical_fetcher | [api_backfiller] GOOG.ETORO: 9952→5952 Zeilen (-4000 Duplikate)
2026-10-04 18:13:15,926 | INFO     | historical_fetcher | [api_backfiller] GOOG.ETORO: 5952 Zeilen gespeichert (price_prec=2, size_prec=2) → /home/minisforum/etoro_nautilus/data/nautilus/data/quote_tick/GOOG.ETORO/OneHour/data.parquet
2026-10-04 18:13:15,929 | INFO     | historical_fetcher | [GOOG.ETORO] OneDay: 1156 Ticks → speichere (price_prec=2).
2026-10-04 18:13:15,931 | DEBUG    | historical_fetcher | [api_backfiller] GOOG.ETORO: 4120→2964 Zeilen (-1156 Duplikate)
2026-10-04 18:13:15,933 | INFO     | historical_fetcher | [api_backfiller] GOOG.ETORO: 2964 Zeilen gespeichert (price_prec=2, size_prec=2) → /home/minisforum/etoro_nautilus/data/nautilus/data/quote_tick/GOOG.ETORO/OneDay/data.parquet
2026-10-04 18:13:17,036 | INFO     | historical_fetcher | [GOOGL.ETORO] Delta-Update: Fetch ab 2026-07-02T17:59:59+00:00 rückwärts bis 2025-08-10T16:09:41.204653+00:00
2026-10-04 18:13:17,182 | DEBUG    | historical_fetcher | [GOOGL.ETORO] OneHour: 1000 Candles, älteste: 2026-08-03T20:00:00+00:00
2026-10-04 18:13:18,416 | INFO     | historical_fetcher | [GOOGL.ETORO] Historische Tiefe für OneHour erreicht.
2026-10-04 18:13:18,835 | DEBUG    | historical_fetcher | [GOOGL.ETORO] OneDay: 1000 Candles, älteste: 2022-09-02T00:00:00+00:00
2026-10-04 18:13:19,936 | INFO     | historical_fetcher | [GOOGL.ETORO] Ziel-Startdatum mit OneDay erreicht.
2026-10-04 18:13:19,942 | INFO     | historical_fetcher | [GOOGL.ETORO] OneHour: 4000 Ticks → speichere (price_prec=2).
2026-10-04 18:13:19,947 | DEBUG    | historical_fetcher | [api_backfiller] GOOGL.ETORO: 9956→5956 Zeilen (-4000 Duplikate)
2026-10-04 18:13:19,949 | INFO     | historical_fetcher | [api_backfiller] GOOGL.ETORO: 5956 Zeilen gespeichert (price_prec=2, size_prec=2) → /home/minisforum/etoro_nautilus/data/nautilus/data/quote_tick/GOOGL.ETORO/OneHour/data.parquet
2026-10-04 18:13:19,952 | INFO     | historical_fetcher | [GOOGL.ETORO] OneDay: 1156 Ticks → speichere (price_prec=2).
2026-10-04 18:13:19,954 | DEBUG    | historical_fetcher | [api_backfiller] GOOGL.ETORO: 4120→2964 Zeilen (-1156 Duplikate)
2026-10-04 18:13:19,956 | INFO     | historical_fetcher | [api_backfiller] GOOGL.ETORO: 2964 Zeilen gespeichert (price_prec=2, size_prec=2) → /home/minisforum/etoro_nautilus/data/nautilus/data/quote_tick/GOOGL.ETORO/OneDay/data.parquet
2026-10-04 18:13:21,059 | INFO     | historical_fetcher | [GRAB.ETORO] Delta-Update: Fetch ab 2026-02-05T19:59:59+00:00 rückwärts bis 2025-08-10T16:09:41.204653+00:00
2026-10-04 18:13:21,194 | DEBUG    | historical_fetcher | [GRAB.ETORO] OneHour: 1000 Candles, älteste: 2026-03-10T15:00:00+00:00
2026-10-04 18:13:22,439 | DEBUG    | historical_fetcher | [GRAB.ETORO] OneHour: 1000 Candles, älteste: 2026-03-10T16:00:00+00:00
2026-10-04 18:13:23,901 | INFO     | historical_fetcher | [GRAB.ETORO] Historische Tiefe für OneHour erreicht.
2026-10-04 18:13:24,545 | DEBUG    | historical_fetcher | [GRAB.ETORO] OneDay: 1000 Candles, älteste: 2022-08-22T00:00:00+00:00
2026-10-04 18:13:25,645 | INFO     | historical_fetcher | [GRAB.ETORO] Ziel-Startdatum mit OneDay erreicht.
2026-10-04 18:13:25,657 | INFO     | historical_fetcher | [GRAB.ETORO] OneHour: 8000 Ticks → speichere (price_prec=2).
2026-10-04 18:13:25,661 | DEBUG    | historical_fetcher | [api_backfiller] GRAB.ETORO: 12592→4592 Zeilen (-8000 Duplikate)
2026-10-04 18:13:25,662 | INFO     | historical_fetcher | [api_backfiller] GRAB.ETORO: 4592 Zeilen gespeichert (price_prec=2, size_prec=2) → /home/minisforum/etoro_nautilus/data/nautilus/data/quote_tick/GRAB.ETORO/OneHour/data.parquet
2026-10-04 18:13:25,665 | INFO     | historical_fetcher | [GRAB.ETORO] OneDay: 1120 Ticks → speichere (price_prec=2).
2026-10-04 18:13:25,667 | DEBUG    | historical_fetcher | [api_backfiller] GRAB.ETORO: 4048→2928 Zeilen (-1120 Duplikate)
2026-10-04 18:13:25,668 | INFO     | historical_fetcher | [api_backfiller] GRAB.ETORO: 2928 Zeilen gespeichert (price_prec=2, size_prec=2) → /home/minisforum/etoro_nautilus/data/nautilus/data/quote_tick/GRAB.ETORO/OneDay/data.parquet
2026-10-04 18:13:26,773 | INFO     | historical_fetcher | [GSAT.ETORO] Delta-Update: Fetch ab 2026-02-06T13:59:59+00:00 rückwärts bis 2025-08-10T16:09:41.204653+00:00
2026-10-04 18:13:27,242 | DEBUG    | historical_fetcher | [GSAT.ETORO] OneHour: 1000 Candles, älteste: 2026-03-10T15:00:00+00:00
2026-10-04 18:13:28,918 | DEBUG    | historical_fetcher | [GSAT.ETORO] OneHour: 1000 Candles, älteste: 2026-03-10T16:00:00+00:00
2026-10-04 18:13:30,136 | DEBUG    | historical_fetcher | [GSAT.ETORO] OneHour: 1000 Candles, älteste: 2026-03-10T15:00:00+00:00
2026-10-04 18:13:31,364 | INFO     | historical_fetcher | [GSAT.ETORO] Historische Tiefe für OneHour erreicht.
2026-10-04 18:13:31,491 | DEBUG    | historical_fetcher | [GSAT.ETORO] OneDay: 1000 Candles, älteste: 2022-08-22T00:00:00+00:00
2026-10-04 18:13:32,591 | INFO     | historical_fetcher | [GSAT.ETORO] Ziel-Startdatum mit OneDay erreicht.
2026-10-04 18:13:32,610 | INFO     | historical_fetcher | [GSAT.ETORO] OneHour: 12000 Ticks → speichere (price_prec=2).
2026-10-04 18:13:32,615 | DEBUG    | historical_fetcher | [api_backfiller] GSAT.ETORO: 16592→4592 Zeilen (-12000 Duplikate)
2026-10-04 18:13:32,617 | INFO     | historical_fetcher | [api_backfiller] GSAT.ETORO: 4592 Zeilen gespeichert (price_prec=2, size_prec=2) → /home/minisforum/etoro_nautilus/data/nautilus/data/quote_tick/GSAT.ETORO/OneHour/data.parquet
2026-10-04 18:13:32,620 | INFO     | historical_fetcher | [GSAT.ETORO] OneDay: 1120 Ticks → speichere (price_prec=2).
2026-10-04 18:13:32,623 | DEBUG    | historical_fetcher | [api_backfiller] GSAT.ETORO: 4048→2928 Zeilen (-1120 Duplikate)
2026-10-04 18:13:32,625 | INFO     | historical_fetcher | [api_backfiller] GSAT.ETORO: 2928 Zeilen gespeichert (price_prec=2, size_prec=2) → /home/minisforum/etoro_nautilus/data/nautilus/data/quote_tick/GSAT.ETORO/OneDay/data.parquet
2026-10-04 18:13:33,728 | INFO     | historical_fetcher | [GTLB.ETORO] Delta-Update: Fetch ab 2026-02-06T13:59:59+00:00 rückwärts bis 2025-08-10T16:09:41.204653+00:00
2026-10-04 18:13:33,902 | DEBUG    | historical_fetcher | [GTLB.ETORO] OneHour: 1000 Candles, älteste: 2026-03-10T15:00:00+00:00
2026-10-04 18:13:35,139 | DEBUG    | historical_fetcher | [GTLB.ETORO] OneHour: 1000 Candles, älteste: 2026-03-10T16:00:00+00:00
2026-10-04 18:13:37,073 | INFO     | historical_fetcher | [GTLB.ETORO] Historische Tiefe für OneHour erreicht.
2026-10-04 18:13:37,206 | DEBUG    | historical_fetcher | [GTLB.ETORO] OneDay: 1000 Candles, älteste: 2022-08-22T00:00:00+00:00
2026-10-04 18:13:38,307 | INFO     | historical_fetcher | [GTLB.ETORO] Ziel-Startdatum mit OneDay erreicht.
2026-10-04 18:13:38,318 | INFO     | historical_fetcher | [GTLB.ETORO] OneHour: 8000 Ticks → speichere (price_prec=2).
2026-10-04 18:13:38,322 | DEBUG    | historical_fetcher | [api_backfiller] GTLB.ETORO: 12592→4592 Zeilen (-8000 Duplikate)
2026-10-04 18:13:38,324 | INFO     | historical_fetcher | [api_backfiller] GTLB.ETORO: 4592 Zeilen gespeichert (price_prec=2, size_prec=2) → /home/minisforum/etoro_nautilus/data/nautilus/data/quote_tick/GTLB.ETORO/OneHour/data.parquet
2026-10-04 18:13:38,327 | INFO     | historical_fetcher | [GTLB.ETORO] OneDay: 1120 Ticks → speichere (price_prec=2).
2026-10-04 18:13:38,329 | DEBUG    | historical_fetcher | [api_backfiller] GTLB.ETORO: 4048→2928 Zeilen (-1120 Duplikate)
2026-10-04 18:13:38,331 | INFO     | historical_fetcher | [api_backfiller] GTLB.ETORO: 2928 Zeilen gespeichert (price_prec=2, size_prec=2) → /home/minisforum/etoro_nautilus/data/nautilus/data/quote_tick/GTLB.ETORO/OneDay/data.parquet
2026-10-04 18:13:39,435 | INFO     | historical_fetcher | [HAL.ETORO] Delta-Update: Fetch ab 2026-06-29T13:59:59+00:00 rückwärts bis 2025-08-10T16:09:41.204653+00:00
2026-10-04 18:13:39,580 | DEBUG    | historical_fetcher | [HAL.ETORO] OneHour: 1000 Candles, älteste: 2026-07-28T12:00:00+00:00
2026-10-04 18:13:40,837 | INFO     | historical_fetcher | [HAL.ETORO] Historische Tiefe für OneHour erreicht.
2026-10-04 18:13:40,957 | DEBUG    | historical_fetcher | [HAL.ETORO] OneDay: 1000 Candles, älteste: 2022-09-02T00:00:00+00:00
2026-10-04 18:13:42,059 | INFO     | historical_fetcher | [HAL.ETORO] Ziel-Startdatum mit OneDay erreicht.
2026-10-04 18:13:42,067 | INFO     | historical_fetcher | [HAL.ETORO] OneHour: 4000 Ticks → speichere (price_prec=2).
2026-10-04 18:13:42,072 | DEBUG    | historical_fetcher | [api_backfiller] HAL.ETORO: 9708→5708 Zeilen (-4000 Duplikate)
2026-10-04 18:13:42,075 | INFO     | historical_fetcher | [api_backfiller] HAL.ETORO: 5708 Zeilen gespeichert (price_prec=2, size_prec=2) → /home/minisforum/etoro_nautilus/data/nautilus/data/quote_tick/HAL.ETORO/OneHour/data.parquet
2026-10-04 18:13:42,079 | INFO     | historical_fetcher | [HAL.ETORO] OneDay: 1156 Ticks → speichere (price_prec=2).
2026-10-04 18:13:42,083 | DEBUG    | historical_fetcher | [api_backfiller] HAL.ETORO: 4120→2964 Zeilen (-1156 Duplikate)
2026-10-04 18:13:42,085 | INFO     | historical_fetcher | [api_backfiller] HAL.ETORO: 2964 Zeilen gespeichert (price_prec=2, size_prec=2) → /home/minisforum/etoro_nautilus/data/nautilus/data/quote_tick/HAL.ETORO/OneDay/data.parquet
2026-10-04 18:13:43,189 | INFO     | historical_fetcher | [HPE.ETORO] Delta-Update: Fetch ab 2026-08-03T18:59:59+00:00 rückwärts bis 2025-08-10T16:09:41.204653+00:00
2026-10-04 18:13:43,318 | DEBUG    | historical_fetcher | [HPE.ETORO] OneHour: 1000 Candles, älteste: 2026-08-03T19:00:00+00:00
2026-10-04 18:13:44,548 | INFO     | historical_fetcher | [HPE.ETORO] Historische Tiefe für OneHour erreicht.
2026-10-04 18:13:44,675 | DEBUG    | historical_fetcher | [HPE.ETORO] OneDay: 1000 Candles, älteste: 2022-09-02T00:00:00+00:00
2026-10-04 18:13:45,777 | INFO     | historical_fetcher | [HPE.ETORO] Ziel-Startdatum mit OneDay erreicht.
2026-10-04 18:13:45,786 | INFO     | historical_fetcher | [HPE.ETORO] OneHour: 4000 Ticks → speichere (price_prec=2).
2026-10-04 18:13:45,790 | DEBUG    | historical_fetcher | [api_backfiller] HPE.ETORO: 8000→4000 Zeilen (-4000 Duplikate)
2026-10-04 18:13:45,793 | INFO     | historical_fetcher | [api_backfiller] HPE.ETORO: 4000 Zeilen gespeichert (price_prec=2, size_prec=2) → /home/minisforum/etoro_nautilus/data/nautilus/data/quote_tick/HPE.ETORO/OneHour/data.parquet
2026-10-04 18:13:45,797 | INFO     | historical_fetcher | [HPE.ETORO] OneDay: 1156 Ticks → speichere (price_prec=2).
2026-10-04 18:13:45,800 | DEBUG    | historical_fetcher | [api_backfiller] HPE.ETORO: 4032→2876 Zeilen (-1156 Duplikate)
2026-10-04 18:13:45,802 | INFO     | historical_fetcher | [api_backfiller] HPE.ETORO: 2876 Zeilen gespeichert (price_prec=2, size_prec=2) → /home/minisforum/etoro_nautilus/data/nautilus/data/quote_tick/HPE.ETORO/OneDay/data.parquet
2026-10-04 18:13:46,907 | INFO     | historical_fetcher | [HUBS.ETORO] Delta-Update: Fetch ab 2026-02-06T13:59:59+00:00 rückwärts bis 2025-08-10T16:09:41.204653+00:00
2026-10-04 18:13:47,048 | DEBUG    | historical_fetcher | [HUBS.ETORO] OneHour: 1000 Candles, älteste: 2026-03-10T16:00:00+00:00
2026-10-04 18:13:48,331 | INFO     | historical_fetcher | [HUBS.ETORO] Historische Tiefe für OneHour erreicht.
2026-10-04 18:13:48,459 | DEBUG    | historical_fetcher | [HUBS.ETORO] OneDay: 1000 Candles, älteste: 2022-08-22T00:00:00+00:00
2026-10-04 18:13:49,560 | INFO     | historical_fetcher | [HUBS.ETORO] Ziel-Startdatum mit OneDay erreicht.
2026-10-04 18:13:49,568 | INFO     | historical_fetcher | [HUBS.ETORO] OneHour: 4000 Ticks → speichere (price_prec=2).
2026-10-04 18:13:49,572 | DEBUG    | historical_fetcher | [api_backfiller] HUBS.ETORO: 8592→4592 Zeilen (-4000 Duplikate)
2026-10-04 18:13:49,574 | INFO     | historical_fetcher | [api_backfiller] HUBS.ETORO: 4592 Zeilen gespeichert (price_prec=2, size_prec=2) → /home/minisforum/etoro_nautilus/data/nautilus/data/quote_tick/HUBS.ETORO/OneHour/data.parquet
2026-10-04 18:13:49,577 | INFO     | historical_fetcher | [HUBS.ETORO] OneDay: 1120 Ticks → speichere (price_prec=2).
2026-10-04 18:13:49,580 | DEBUG    | historical_fetcher | [api_backfiller] HUBS.ETORO: 4048→2928 Zeilen (-1120 Duplikate)
2026-10-04 18:13:49,582 | INFO     | historical_fetcher | [api_backfiller] HUBS.ETORO: 2928 Zeilen gespeichert (price_prec=2, size_prec=2) → /home/minisforum/etoro_nautilus/data/nautilus/data/quote_tick/HUBS.ETORO/OneDay/data.parquet
2026-10-04 18:13:50,685 | INFO     | historical_fetcher | [HUT.ETORO] Delta-Update: Fetch ab 2026-02-06T13:59:59+00:00 rückwärts bis 2025-08-10T16:09:41.204653+00:00
2026-10-04 18:13:50,816 | DEBUG    | historical_fetcher | [HUT.ETORO] OneHour: 1000 Candles, älteste: 2026-03-10T15:00:00+00:00
2026-10-04 18:13:52,039 | DEBUG    | historical_fetcher | [HUT.ETORO] OneHour: 1000 Candles, älteste: 2026-03-10T16:00:00+00:00
2026-10-04 18:13:53,337 | INFO     | historical_fetcher | [HUT.ETORO] Historische Tiefe für OneHour erreicht.
2026-10-04 18:13:53,457 | DEBUG    | historical_fetcher | [HUT.ETORO] OneDay: 1000 Candles, älteste: 2022-08-22T00:00:00+00:00
2026-10-04 18:13:54,558 | INFO     | historical_fetcher | [HUT.ETORO] Ziel-Startdatum mit OneDay erreicht.
2026-10-04 18:13:54,571 | INFO     | historical_fetcher | [HUT.ETORO] OneHour: 8000 Ticks → speichere (price_prec=2).
2026-10-04 18:13:54,575 | DEBUG    | historical_fetcher | [api_backfiller] HUT.ETORO: 12592→4592 Zeilen (-8000 Duplikate)
2026-10-04 18:13:54,577 | INFO     | historical_fetcher | [api_backfiller] HUT.ETORO: 4592 Zeilen gespeichert (price_prec=2, size_prec=2) → /home/minisforum/etoro_nautilus/data/nautilus/data/quote_tick/HUT.ETORO/OneHour/data.parquet
2026-10-04 18:13:54,580 | INFO     | historical_fetcher | [HUT.ETORO] OneDay: 1120 Ticks → speichere (price_prec=2).
2026-10-04 18:13:54,582 | DEBUG    | historical_fetcher | [api_backfiller] HUT.ETORO: 4048→2928 Zeilen (-1120 Duplikate)
2026-10-04 18:13:54,583 | INFO     | historical_fetcher | [api_backfiller] HUT.ETORO: 2928 Zeilen gespeichert (price_prec=2, size_prec=2) → /home/minisforum/etoro_nautilus/data/nautilus/data/quote_tick/HUT.ETORO/OneDay/data.parquet
2026-10-04 18:13:55,688 | INFO     | historical_fetcher | [ILMN.ETORO] Delta-Update: Fetch ab 2026-02-06T13:59:59+00:00 rückwärts bis 2025-08-10T16:09:41.204653+00:00
2026-10-04 18:13:56,290 | DEBUG    | historical_fetcher | [ILMN.ETORO] OneHour: 1000 Candles, älteste: 2026-03-10T16:00:00+00:00
2026-10-04 18:13:57,606 | INFO     | historical_fetcher | [ILMN.ETORO] Historische Tiefe für OneHour erreicht.
2026-10-04 18:14:09,340 | DEBUG    | historical_fetcher | [ILMN.ETORO] OneDay: 1000 Candles, älteste: 2022-08-22T00:00:00+00:00
2026-10-04 18:14:10,441 | INFO     | historical_fetcher | [ILMN.ETORO] Ziel-Startdatum mit OneDay erreicht.
2026-10-04 18:14:10,449 | INFO     | historical_fetcher | [ILMN.ETORO] OneHour: 4000 Ticks → speichere (price_prec=2).
2026-10-04 18:14:10,452 | DEBUG    | historical_fetcher | [api_backfiller] ILMN.ETORO: 8592→4592 Zeilen (-4000 Duplikate)
2026-10-04 18:14:10,454 | INFO     | historical_fetcher | [api_backfiller] ILMN.ETORO: 4592 Zeilen gespeichert (price_prec=2, size_prec=2) → /home/minisforum/etoro_nautilus/data/nautilus/data/quote_tick/ILMN.ETORO/OneHour/data.parquet
2026-10-04 18:14:10,457 | INFO     | historical_fetcher | [ILMN.ETORO] OneDay: 1120 Ticks → speichere (price_prec=2).
2026-10-04 18:14:10,459 | DEBUG    | historical_fetcher | [api_backfiller] ILMN.ETORO: 4048→2928 Zeilen (-1120 Duplikate)
2026-10-04 18:14:10,460 | INFO     | historical_fetcher | [api_backfiller] ILMN.ETORO: 2928 Zeilen gespeichert (price_prec=2, size_prec=2) → /home/minisforum/etoro_nautilus/data/nautilus/data/quote_tick/ILMN.ETORO/OneDay/data.parquet
2026-10-04 18:14:11,564 | INFO     | historical_fetcher | [INSM.ETORO] Delta-Update: Fetch ab 2026-02-06T14:59:59+00:00 rückwärts bis 2025-08-10T16:09:41.204653+00:00
2026-10-04 18:14:11,725 | DEBUG    | historical_fetcher | [INSM.ETORO] OneHour: 1000 Candles, älteste: 2026-03-10T16:00:00+00:00
2026-10-04 18:14:13,113 | INFO     | historical_fetcher | [INSM.ETORO] Historische Tiefe für OneHour erreicht.
2026-10-04 18:14:13,259 | DEBUG    | historical_fetcher | [INSM.ETORO] OneDay: 1000 Candles, älteste: 2022-08-22T00:00:00+00:00
2026-10-04 18:14:14,361 | INFO     | historical_fetcher | [INSM.ETORO] Ziel-Startdatum mit OneDay erreicht.
2026-10-04 18:14:14,370 | INFO     | historical_fetcher | [INSM.ETORO] OneHour: 4000 Ticks → speichere (price_prec=2).
2026-10-04 18:14:14,374 | DEBUG    | historical_fetcher | [api_backfiller] INSM.ETORO: 8588→4588 Zeilen (-4000 Duplikate)
2026-10-04 18:14:14,376 | INFO     | historical_fetcher | [api_backfiller] INSM.ETORO: 4588 Zeilen gespeichert (price_prec=2, size_prec=2) → /home/minisforum/etoro_nautilus/data/nautilus/data/quote_tick/INSM.ETORO/OneHour/data.parquet
2026-10-04 18:14:14,379 | INFO     | historical_fetcher | [INSM.ETORO] OneDay: 1120 Ticks → speichere (price_prec=2).
2026-10-04 18:14:14,381 | DEBUG    | historical_fetcher | [api_backfiller] INSM.ETORO: 4048→2928 Zeilen (-1120 Duplikate)
2026-10-04 18:14:14,382 | INFO     | historical_fetcher | [api_backfiller] INSM.ETORO: 2928 Zeilen gespeichert (price_prec=2, size_prec=2) → /home/minisforum/etoro_nautilus/data/nautilus/data/quote_tick/INSM.ETORO/OneDay/data.parquet
2026-10-04 18:14:15,485 | INFO     | historical_fetcher | [INTC.ETORO] Delta-Update: Fetch ab 2026-07-02T17:59:59+00:00 rückwärts bis 2025-08-10T16:09:41.204653+00:00
2026-10-04 18:14:16,012 | DEBUG    | historical_fetcher | [INTC.ETORO] OneHour: 1000 Candles, älteste: 2026-08-03T20:00:00+00:00
2026-10-04 18:14:17,424 | INFO     | historical_fetcher | [INTC.ETORO] Historische Tiefe für OneHour erreicht.
2026-10-04 18:14:17,557 | DEBUG    | historical_fetcher | [INTC.ETORO] OneDay: 1000 Candles, älteste: 2022-09-02T00:00:00+00:00
2026-10-04 18:14:18,659 | INFO     | historical_fetcher | [INTC.ETORO] Ziel-Startdatum mit OneDay erreicht.
2026-10-04 18:14:18,667 | INFO     | historical_fetcher | [INTC.ETORO] OneHour: 4000 Ticks → speichere (price_prec=2).
2026-10-04 18:14:18,671 | DEBUG    | historical_fetcher | [api_backfiller] INTC.ETORO: 9956→5956 Zeilen (-4000 Duplikate)
2026-10-04 18:14:18,674 | INFO     | historical_fetcher | [api_backfiller] INTC.ETORO: 5956 Zeilen gespeichert (price_prec=2, size_prec=2) → /home/minisforum/etoro_nautilus/data/nautilus/data/quote_tick/INTC.ETORO/OneHour/data.parquet
2026-10-04 18:14:18,676 | INFO     | historical_fetcher | [INTC.ETORO] OneDay: 1156 Ticks → speichere (price_prec=2).
2026-10-04 18:14:18,679 | DEBUG    | historical_fetcher | [api_backfiller] INTC.ETORO: 4120→2964 Zeilen (-1156 Duplikate)
2026-10-04 18:14:18,680 | INFO     | historical_fetcher | [api_backfiller] INTC.ETORO: 2964 Zeilen gespeichert (price_prec=2, size_prec=2) → /home/minisforum/etoro_nautilus/data/nautilus/data/quote_tick/INTC.ETORO/OneDay/data.parquet
2026-10-04 18:14:19,784 | INFO     | historical_fetcher | [INTU.ETORO] Delta-Update: Fetch ab 2026-07-02T18:59:59+00:00 rückwärts bis 2025-08-10T16:09:41.204653+00:00
2026-10-04 18:14:20,028 | DEBUG    | historical_fetcher | [INTU.ETORO] OneHour: 1000 Candles, älteste: 2026-08-03T12:00:00+00:00
2026-10-04 18:14:21,605 | INFO     | historical_fetcher | [INTU.ETORO] Historische Tiefe für OneHour erreicht.
2026-10-04 18:14:21,739 | DEBUG    | historical_fetcher | [INTU.ETORO] OneDay: 1000 Candles, älteste: 2022-09-02T00:00:00+00:00
2026-10-04 18:14:22,841 | INFO     | historical_fetcher | [INTU.ETORO] Ziel-Startdatum mit OneDay erreicht.
2026-10-04 18:14:22,851 | INFO     | historical_fetcher | [INTU.ETORO] OneHour: 4000 Ticks → speichere (price_prec=2).
2026-10-04 18:14:22,855 | DEBUG    | historical_fetcher | [api_backfiller] INTU.ETORO: 9920→5920 Zeilen (-4000 Duplikate)
2026-10-04 18:14:22,857 | INFO     | historical_fetcher | [api_backfiller] INTU.ETORO: 5920 Zeilen gespeichert (price_prec=2, size_prec=2) → /home/minisforum/etoro_nautilus/data/nautilus/data/quote_tick/INTU.ETORO/OneHour/data.parquet
2026-10-04 18:14:22,860 | INFO     | historical_fetcher | [INTU.ETORO] OneDay: 1156 Ticks → speichere (price_prec=2).
2026-10-04 18:14:22,863 | DEBUG    | historical_fetcher | [api_backfiller] INTU.ETORO: 4120→2964 Zeilen (-1156 Duplikate)
2026-10-04 18:14:22,864 | INFO     | historical_fetcher | [api_backfiller] INTU.ETORO: 2964 Zeilen gespeichert (price_prec=2, size_prec=2) → /home/minisforum/etoro_nautilus/data/nautilus/data/quote_tick/INTU.ETORO/OneDay/data.parquet
2026-10-04 18:14:23,968 | INFO     | historical_fetcher | [JAZZ.ETORO] Delta-Update: Fetch ab 2026-02-06T13:59:59+00:00 rückwärts bis 2025-08-10T16:09:41.204653+00:00
2026-10-04 18:14:24,119 | DEBUG    | historical_fetcher | [JAZZ.ETORO] OneHour: 1000 Candles, älteste: 2026-03-10T16:00:00+00:00
2026-10-04 18:14:25,388 | INFO     | historical_fetcher | [JAZZ.ETORO] Historische Tiefe für OneHour erreicht.
2026-10-04 18:14:25,512 | DEBUG    | historical_fetcher | [JAZZ.ETORO] OneDay: 1000 Candles, älteste: 2022-08-22T00:00:00+00:00
2026-10-04 18:14:26,612 | INFO     | historical_fetcher | [JAZZ.ETORO] Ziel-Startdatum mit OneDay erreicht.
2026-10-04 18:14:26,619 | INFO     | historical_fetcher | [JAZZ.ETORO] OneHour: 4000 Ticks → speichere (price_prec=2).
2026-10-04 18:14:26,623 | DEBUG    | historical_fetcher | [api_backfiller] JAZZ.ETORO: 8588→4588 Zeilen (-4000 Duplikate)
2026-10-04 18:14:26,624 | INFO     | historical_fetcher | [api_backfiller] JAZZ.ETORO: 4588 Zeilen gespeichert (price_prec=2, size_prec=2) → /home/minisforum/etoro_nautilus/data/nautilus/data/quote_tick/JAZZ.ETORO/OneHour/data.parquet
2026-10-04 18:14:26,627 | INFO     | historical_fetcher | [JAZZ.ETORO] OneDay: 1120 Ticks → speichere (price_prec=2).
2026-10-04 18:14:26,630 | DEBUG    | historical_fetcher | [api_backfiller] JAZZ.ETORO: 4048→2928 Zeilen (-1120 Duplikate)
2026-10-04 18:14:26,631 | INFO     | historical_fetcher | [api_backfiller] JAZZ.ETORO: 2928 Zeilen gespeichert (price_prec=2, size_prec=2) → /home/minisforum/etoro_nautilus/data/nautilus/data/quote_tick/JAZZ.ETORO/OneDay/data.parquet
2026-10-04 18:14:27,736 | INFO     | historical_fetcher | [JNJ.ETORO] Delta-Update: Fetch ab 2026-07-02T08:59:59+00:00 rückwärts bis 2025-08-10T16:09:41.204653+00:00
2026-10-04 18:14:28,094 | DEBUG    | historical_fetcher | [JNJ.ETORO] OneHour: 1000 Candles, älteste: 2026-07-31T18:00:00+00:00
2026-10-04 18:14:29,667 | INFO     | historical_fetcher | [JNJ.ETORO] Historische Tiefe für OneHour erreicht.
2026-10-04 18:14:29,804 | DEBUG    | historical_fetcher | [JNJ.ETORO] OneDay: 1000 Candles, älteste: 2022-09-02T00:00:00+00:00
2026-10-04 18:14:30,905 | INFO     | historical_fetcher | [JNJ.ETORO] Ziel-Startdatum mit OneDay erreicht.
2026-10-04 18:14:30,914 | INFO     | historical_fetcher | [JNJ.ETORO] OneHour: 4000 Ticks → speichere (price_prec=2).
2026-10-04 18:14:30,919 | DEBUG    | historical_fetcher | [api_backfiller] JNJ.ETORO: 9892→5892 Zeilen (-4000 Duplikate)
2026-10-04 18:14:30,922 | INFO     | historical_fetcher | [api_backfiller] JNJ.ETORO: 5892 Zeilen gespeichert (price_prec=2, size_prec=2) → /home/minisforum/etoro_nautilus/data/nautilus/data/quote_tick/JNJ.ETORO/OneHour/data.parquet
2026-10-04 18:14:30,926 | INFO     | historical_fetcher | [JNJ.ETORO] OneDay: 1156 Ticks → speichere (price_prec=2).
2026-10-04 18:14:30,929 | DEBUG    | historical_fetcher | [api_backfiller] JNJ.ETORO: 4120→2964 Zeilen (-1156 Duplikate)
2026-10-04 18:14:30,931 | INFO     | historical_fetcher | [api_backfiller] JNJ.ETORO: 2964 Zeilen gespeichert (price_prec=2, size_prec=2) → /home/minisforum/etoro_nautilus/data/nautilus/data/quote_tick/JNJ.ETORO/OneDay/data.parquet
2026-10-04 18:14:32,035 | INFO     | historical_fetcher | [KD.ETORO] Delta-Update: Fetch ab 2026-02-05T19:59:59+00:00 rückwärts bis 2025-08-10T16:09:41.204653+00:00
2026-10-04 18:14:32,165 | DEBUG    | historical_fetcher | [KD.ETORO] OneHour: 1000 Candles, älteste: 2026-03-10T14:00:00+00:00
2026-10-04 18:14:33,401 | INFO     | historical_fetcher | [KD.ETORO] Historische Tiefe für OneHour erreicht.
2026-10-04 18:14:33,592 | DEBUG    | historical_fetcher | [KD.ETORO] OneDay: 1000 Candles, älteste: 2022-08-22T00:00:00+00:00
2026-10-04 18:14:34,693 | INFO     | historical_fetcher | [KD.ETORO] Ziel-Startdatum mit OneDay erreicht.
2026-10-04 18:14:34,702 | INFO     | historical_fetcher | [KD.ETORO] OneHour: 4000 Ticks → speichere (price_prec=2).
2026-10-04 18:14:34,707 | DEBUG    | historical_fetcher | [api_backfiller] KD.ETORO: 8588→4588 Zeilen (-4000 Duplikate)
2026-10-04 18:14:34,709 | INFO     | historical_fetcher | [api_backfiller] KD.ETORO: 4588 Zeilen gespeichert (price_prec=2, size_prec=2) → /home/minisforum/etoro_nautilus/data/nautilus/data/quote_tick/KD.ETORO/OneHour/data.parquet
2026-10-04 18:14:34,713 | INFO     | historical_fetcher | [KD.ETORO] OneDay: 1120 Ticks → speichere (price_prec=2).
2026-10-04 18:14:34,716 | DEBUG    | historical_fetcher | [api_backfiller] KD.ETORO: 4048→2928 Zeilen (-1120 Duplikate)
2026-10-04 18:14:34,718 | INFO     | historical_fetcher | [api_backfiller] KD.ETORO: 2928 Zeilen gespeichert (price_prec=2, size_prec=2) → /home/minisforum/etoro_nautilus/data/nautilus/data/quote_tick/KD.ETORO/OneDay/data.parquet
2026-10-04 18:14:35,822 | INFO     | historical_fetcher | [KTOS.ETORO] Delta-Update: Fetch ab 2026-03-10T13:59:59+00:00 rückwärts bis 2025-08-10T16:09:41.204653+00:00
2026-10-04 18:14:35,966 | DEBUG    | historical_fetcher | [KTOS.ETORO] OneHour: 1000 Candles, älteste: 2026-03-10T14:00:00+00:00
2026-10-04 18:14:37,905 | DEBUG    | historical_fetcher | [KTOS.ETORO] OneHour: 1000 Candles, älteste: 2026-03-10T15:00:00+00:00
2026-10-04 18:14:39,558 | INFO     | historical_fetcher | [KTOS.ETORO] Historische Tiefe für OneHour erreicht.
2026-10-04 18:14:39,738 | DEBUG    | historical_fetcher | [KTOS.ETORO] OneDay: 1000 Candles, älteste: 2022-08-22T00:00:00+00:00
2026-10-04 18:14:40,838 | INFO     | historical_fetcher | [KTOS.ETORO] Ziel-Startdatum mit OneDay erreicht.
2026-10-04 18:14:40,849 | INFO     | historical_fetcher | [KTOS.ETORO] OneHour: 8000 Ticks → speichere (price_prec=2).
2026-10-04 18:14:40,853 | DEBUG    | historical_fetcher | [api_backfiller] KTOS.ETORO: 12004→4004 Zeilen (-8000 Duplikate)
2026-10-04 18:14:40,855 | INFO     | historical_fetcher | [api_backfiller] KTOS.ETORO: 4004 Zeilen gespeichert (price_prec=2, size_prec=2) → /home/minisforum/etoro_nautilus/data/nautilus/data/quote_tick/KTOS.ETORO/OneHour/data.parquet
2026-10-04 18:14:40,859 | INFO     | historical_fetcher | [KTOS.ETORO] OneDay: 1120 Ticks → speichere (price_prec=2).
2026-10-04 18:14:40,861 | DEBUG    | historical_fetcher | [api_backfiller] KTOS.ETORO: 3960→2840 Zeilen (-1120 Duplikate)
2026-10-04 18:14:40,863 | INFO     | historical_fetcher | [api_backfiller] KTOS.ETORO: 2840 Zeilen gespeichert (price_prec=2, size_prec=2) → /home/minisforum/etoro_nautilus/data/nautilus/data/quote_tick/KTOS.ETORO/OneDay/data.parquet
2026-10-04 18:14:41,968 | INFO     | historical_fetcher | [LLY.ETORO] Delta-Update: Fetch ab 2026-07-02T14:59:59+00:00 rückwärts bis 2025-08-10T16:09:41.204653+00:00
2026-10-04 18:14:42,113 | DEBUG    | historical_fetcher | [LLY.ETORO] OneHour: 1000 Candles, älteste: 2026-08-03T20:00:00+00:00
2026-10-04 18:14:43,401 | INFO     | historical_fetcher | [LLY.ETORO] Historische Tiefe für OneHour erreicht.
2026-10-04 18:14:44,144 | DEBUG    | historical_fetcher | [LLY.ETORO] OneDay: 1000 Candles, älteste: 2022-09-02T00:00:00+00:00
2026-10-04 18:14:45,245 | INFO     | historical_fetcher | [LLY.ETORO] Ziel-Startdatum mit OneDay erreicht.
2026-10-04 18:14:45,253 | INFO     | historical_fetcher | [LLY.ETORO] OneHour: 4000 Ticks → speichere (price_prec=2).
2026-10-04 18:14:45,257 | DEBUG    | historical_fetcher | [api_backfiller] LLY.ETORO: 9956→5956 Zeilen (-4000 Duplikate)
2026-10-04 18:14:45,259 | INFO     | historical_fetcher | [api_backfiller] LLY.ETORO: 5956 Zeilen gespeichert (price_prec=2, size_prec=2) → /home/minisforum/etoro_nautilus/data/nautilus/data/quote_tick/LLY.ETORO/OneHour/data.parquet
2026-10-04 18:14:45,262 | INFO     | historical_fetcher | [LLY.ETORO] OneDay: 1156 Ticks → speichere (price_prec=2).
2026-10-04 18:14:45,265 | DEBUG    | historical_fetcher | [api_backfiller] LLY.ETORO: 4120→2964 Zeilen (-1156 Duplikate)
2026-10-04 18:14:45,266 | INFO     | historical_fetcher | [api_backfiller] LLY.ETORO: 2964 Zeilen gespeichert (price_prec=2, size_prec=2) → /home/minisforum/etoro_nautilus/data/nautilus/data/quote_tick/LLY.ETORO/OneDay/data.parquet
2026-10-04 18:14:46,371 | INFO     | historical_fetcher | [LNTH.ETORO] Delta-Update: Fetch ab 2026-02-05T19:59:59+00:00 rückwärts bis 2025-08-10T16:09:41.204653+00:00
2026-10-04 18:14:46,505 | DEBUG    | historical_fetcher | [LNTH.ETORO] OneHour: 1000 Candles, älteste: 2026-03-10T14:00:00+00:00
2026-10-04 18:14:47,753 | INFO     | historical_fetcher | [LNTH.ETORO] Historische Tiefe für OneHour erreicht.
2026-10-04 18:14:47,880 | DEBUG    | historical_fetcher | [LNTH.ETORO] OneDay: 1000 Candles, älteste: 2022-08-23T00:00:00+00:00
2026-10-04 18:14:48,981 | INFO     | historical_fetcher | [LNTH.ETORO] Ziel-Startdatum mit OneDay erreicht.
2026-10-04 18:14:48,989 | INFO     | historical_fetcher | [LNTH.ETORO] OneHour: 4000 Ticks → speichere (price_prec=2).
2026-10-04 18:14:48,993 | DEBUG    | historical_fetcher | [api_backfiller] LNTH.ETORO: 8588→4588 Zeilen (-4000 Duplikate)
2026-10-04 18:14:48,995 | INFO     | historical_fetcher | [api_backfiller] LNTH.ETORO: 4588 Zeilen gespeichert (price_prec=2, size_prec=2) → /home/minisforum/etoro_nautilus/data/nautilus/data/quote_tick/LNTH.ETORO/OneHour/data.parquet
2026-10-04 18:14:48,998 | INFO     | historical_fetcher | [LNTH.ETORO] OneDay: 1120 Ticks → speichere (price_prec=2).
2026-10-04 18:14:49,001 | DEBUG    | historical_fetcher | [api_backfiller] LNTH.ETORO: 4048→2928 Zeilen (-1120 Duplikate)
2026-10-04 18:14:49,002 | INFO     | historical_fetcher | [api_backfiller] LNTH.ETORO: 2928 Zeilen gespeichert (price_prec=2, size_prec=2) → /home/minisforum/etoro_nautilus/data/nautilus/data/quote_tick/LNTH.ETORO/OneDay/data.parquet
2026-10-04 18:14:50,106 | INFO     | historical_fetcher | [LRCX.ETORO] Delta-Update: Fetch ab 2026-07-02T18:59:59+00:00 rückwärts bis 2025-08-10T16:09:41.204653+00:00
2026-10-04 18:14:51,008 | DEBUG    | historical_fetcher | [LRCX.ETORO] OneHour: 1000 Candles, älteste: 2026-08-03T20:00:00+00:00
2026-10-04 18:14:52,233 | INFO     | historical_fetcher | [LRCX.ETORO] Historische Tiefe für OneHour erreicht.
2026-10-04 18:14:52,362 | DEBUG    | historical_fetcher | [LRCX.ETORO] OneDay: 1000 Candles, älteste: 2022-09-02T00:00:00+00:00
2026-10-04 18:14:53,465 | INFO     | historical_fetcher | [LRCX.ETORO] Ziel-Startdatum mit OneDay erreicht.
2026-10-04 18:14:53,474 | INFO     | historical_fetcher | [LRCX.ETORO] OneHour: 4000 Ticks → speichere (price_prec=2).
2026-10-04 18:14:53,479 | DEBUG    | historical_fetcher | [api_backfiller] LRCX.ETORO: 9952→5952 Zeilen (-4000 Duplikate)
2026-10-04 18:14:53,482 | INFO     | historical_fetcher | [api_backfiller] LRCX.ETORO: 5952 Zeilen gespeichert (price_prec=2, size_prec=2) → /home/minisforum/etoro_nautilus/data/nautilus/data/quote_tick/LRCX.ETORO/OneHour/data.parquet
2026-10-04 18:14:53,487 | INFO     | historical_fetcher | [LRCX.ETORO] OneDay: 1156 Ticks → speichere (price_prec=2).
2026-10-04 18:14:53,490 | DEBUG    | historical_fetcher | [api_backfiller] LRCX.ETORO: 4120→2964 Zeilen (-1156 Duplikate)
2026-10-04 18:14:53,492 | INFO     | historical_fetcher | [api_backfiller] LRCX.ETORO: 2964 Zeilen gespeichert (price_prec=2, size_prec=2) → /home/minisforum/etoro_nautilus/data/nautilus/data/quote_tick/LRCX.ETORO/OneDay/data.parquet
2026-10-04 18:14:54,597 | INFO     | historical_fetcher | [LSCC.ETORO] Delta-Update: Fetch ab 2026-02-05T19:59:59+00:00 rückwärts bis 2025-08-10T16:09:41.204653+00:00
2026-10-04 18:14:55,002 | DEBUG    | historical_fetcher | [LSCC.ETORO] OneHour: 1000 Candles, älteste: 2026-03-10T15:00:00+00:00
2026-10-04 18:14:56,329 | INFO     | historical_fetcher | [LSCC.ETORO] Historische Tiefe für OneHour erreicht.
2026-10-04 18:14:56,461 | DEBUG    | historical_fetcher | [LSCC.ETORO] OneDay: 1000 Candles, älteste: 2022-08-22T00:00:00+00:00
2026-10-04 18:14:57,564 | INFO     | historical_fetcher | [LSCC.ETORO] Ziel-Startdatum mit OneDay erreicht.
2026-10-04 18:14:57,573 | INFO     | historical_fetcher | [LSCC.ETORO] OneHour: 4000 Ticks → speichere (price_prec=2).
2026-10-04 18:14:57,578 | DEBUG    | historical_fetcher | [api_backfiller] LSCC.ETORO: 8592→4592 Zeilen (-4000 Duplikate)
2026-10-04 18:14:57,581 | INFO     | historical_fetcher | [api_backfiller] LSCC.ETORO: 4592 Zeilen gespeichert (price_prec=2, size_prec=2) → /home/minisforum/etoro_nautilus/data/nautilus/data/quote_tick/LSCC.ETORO/OneHour/data.parquet
2026-10-04 18:14:57,586 | INFO     | historical_fetcher | [LSCC.ETORO] OneDay: 1120 Ticks → speichere (price_prec=2).
2026-10-04 18:14:57,589 | DEBUG    | historical_fetcher | [api_backfiller] LSCC.ETORO: 4048→2928 Zeilen (-1120 Duplikate)
2026-10-04 18:14:57,591 | INFO     | historical_fetcher | [api_backfiller] LSCC.ETORO: 2928 Zeilen gespeichert (price_prec=2, size_prec=2) → /home/minisforum/etoro_nautilus/data/nautilus/data/quote_tick/LSCC.ETORO/OneDay/data.parquet
2026-10-04 18:14:58,694 | INFO     | historical_fetcher | [LULU.ETORO] Delta-Update: Fetch ab 2026-07-02T07:59:59+00:00 rückwärts bis 2025-08-10T16:09:41.204653+00:00
2026-10-04 18:14:58,871 | DEBUG    | historical_fetcher | [LULU.ETORO] OneHour: 1000 Candles, älteste: 2026-08-03T16:00:00+00:00
2026-10-04 18:15:00,189 | INFO     | historical_fetcher | [LULU.ETORO] Historische Tiefe für OneHour erreicht.
2026-10-04 18:15:00,374 | DEBUG    | historical_fetcher | [LULU.ETORO] OneDay: 1000 Candles, älteste: 2022-09-02T00:00:00+00:00
2026-10-04 18:15:01,475 | INFO     | historical_fetcher | [LULU.ETORO] Ziel-Startdatum mit OneDay erreicht.
2026-10-04 18:15:01,485 | INFO     | historical_fetcher | [LULU.ETORO] OneHour: 4000 Ticks → speichere (price_prec=2).
2026-10-04 18:15:01,490 | DEBUG    | historical_fetcher | [api_backfiller] LULU.ETORO: 9948→5948 Zeilen (-4000 Duplikate)
2026-10-04 18:15:01,493 | INFO     | historical_fetcher | [api_backfiller] LULU.ETORO: 5948 Zeilen gespeichert (price_prec=2, size_prec=2) → /home/minisforum/etoro_nautilus/data/nautilus/data/quote_tick/LULU.ETORO/OneHour/data.parquet
2026-10-04 18:15:01,498 | INFO     | historical_fetcher | [LULU.ETORO] OneDay: 1156 Ticks → speichere (price_prec=2).
2026-10-04 18:15:01,501 | DEBUG    | historical_fetcher | [api_backfiller] LULU.ETORO: 4120→2964 Zeilen (-1156 Duplikate)
2026-10-04 18:15:01,503 | INFO     | historical_fetcher | [api_backfiller] LULU.ETORO: 2964 Zeilen gespeichert (price_prec=2, size_prec=2) → /home/minisforum/etoro_nautilus/data/nautilus/data/quote_tick/LULU.ETORO/OneDay/data.parquet
2026-10-04 18:15:02,608 | INFO     | historical_fetcher | [MBLY.ETORO] Delta-Update: Fetch ab 2026-02-06T13:59:59+00:00 rückwärts bis 2025-08-10T16:09:41.204653+00:00
2026-10-04 18:15:02,833 | DEBUG    | historical_fetcher | [MBLY.ETORO] OneHour: 1000 Candles, älteste: 2026-03-10T16:00:00+00:00
2026-10-04 18:15:04,175 | INFO     | historical_fetcher | [MBLY.ETORO] Historische Tiefe für OneHour erreicht.
2026-10-04 18:15:04,302 | DEBUG    | historical_fetcher | [MBLY.ETORO] OneDay: 954 Candles, älteste: 2022-10-26T00:00:00+00:00
2026-10-04 18:15:05,403 | INFO     | historical_fetcher | [MBLY.ETORO] Ziel-Startdatum mit OneDay erreicht.
2026-10-04 18:15:05,412 | INFO     | historical_fetcher | [MBLY.ETORO] OneHour: 4000 Ticks → speichere (price_prec=2).
2026-10-04 18:15:05,417 | DEBUG    | historical_fetcher | [api_backfiller] MBLY.ETORO: 8592→4592 Zeilen (-4000 Duplikate)
2026-10-04 18:15:05,419 | INFO     | historical_fetcher | [api_backfiller] MBLY.ETORO: 4592 Zeilen gespeichert (price_prec=2, size_prec=2) → /home/minisforum/etoro_nautilus/data/nautilus/data/quote_tick/MBLY.ETORO/OneHour/data.parquet
2026-10-04 18:15:05,423 | INFO     | historical_fetcher | [MBLY.ETORO] OneDay: 1120 Ticks → speichere (price_prec=2).
2026-10-04 18:15:05,426 | DEBUG    | historical_fetcher | [api_backfiller] MBLY.ETORO: 4048→2928 Zeilen (-1120 Duplikate)
2026-10-04 18:15:05,427 | INFO     | historical_fetcher | [api_backfiller] MBLY.ETORO: 2928 Zeilen gespeichert (price_prec=2, size_prec=2) → /home/minisforum/etoro_nautilus/data/nautilus/data/quote_tick/MBLY.ETORO/OneDay/data.parquet
2026-10-04 18:15:06,531 | INFO     | historical_fetcher | [MNDY.ETORO] Delta-Update: Fetch ab 2026-02-06T13:59:59+00:00 rückwärts bis 2025-08-10T16:09:41.204653+00:00
2026-10-04 18:15:06,990 | DEBUG    | historical_fetcher | [MNDY.ETORO] OneHour: 1000 Candles, älteste: 2026-03-10T15:00:00+00:00
2026-10-04 18:15:08,604 | INFO     | historical_fetcher | [MNDY.ETORO] Historische Tiefe für OneHour erreicht.
2026-10-04 18:15:12,127 | DEBUG    | historical_fetcher | [MNDY.ETORO] OneDay: 1000 Candles, älteste: 2022-08-22T00:00:00+00:00
2026-10-04 18:15:13,229 | INFO     | historical_fetcher | [MNDY.ETORO] Ziel-Startdatum mit OneDay erreicht.
2026-10-04 18:15:13,237 | INFO     | historical_fetcher | [MNDY.ETORO] OneHour: 4000 Ticks → speichere (price_prec=2).
2026-10-04 18:15:13,240 | DEBUG    | historical_fetcher | [api_backfiller] MNDY.ETORO: 8588→4588 Zeilen (-4000 Duplikate)
2026-10-04 18:15:13,242 | INFO     | historical_fetcher | [api_backfiller] MNDY.ETORO: 4588 Zeilen gespeichert (price_prec=2, size_prec=2) → /home/minisforum/etoro_nautilus/data/nautilus/data/quote_tick/MNDY.ETORO/OneHour/data.parquet
2026-10-04 18:15:13,245 | INFO     | historical_fetcher | [MNDY.ETORO] OneDay: 1120 Ticks → speichere (price_prec=2).
2026-10-04 18:15:13,247 | DEBUG    | historical_fetcher | [api_backfiller] MNDY.ETORO: 4048→2928 Zeilen (-1120 Duplikate)
2026-10-04 18:15:13,249 | INFO     | historical_fetcher | [api_backfiller] MNDY.ETORO: 2928 Zeilen gespeichert (price_prec=2, size_prec=2) → /home/minisforum/etoro_nautilus/data/nautilus/data/quote_tick/MNDY.ETORO/OneDay/data.parquet
2026-10-04 18:15:14,352 | INFO     | historical_fetcher | [MPC.ETORO] Delta-Update: Fetch ab 2026-07-17T10:59:59+00:00 rückwärts bis 2025-08-10T16:09:41.204653+00:00
2026-10-04 18:15:14,730 | DEBUG    | historical_fetcher | [MPC.ETORO] OneHour: 1000 Candles, älteste: 2026-07-17T12:00:00+00:00
2026-10-04 18:15:16,920 | INFO     | historical_fetcher | [MPC.ETORO] Historische Tiefe für OneHour erreicht.
2026-10-04 18:15:17,282 | DEBUG    | historical_fetcher | [MPC.ETORO] OneDay: 1000 Candles, älteste: 2022-09-01T00:00:00+00:00
2026-10-04 18:15:18,384 | INFO     | historical_fetcher | [MPC.ETORO] Ziel-Startdatum mit OneDay erreicht.
2026-10-04 18:15:18,391 | INFO     | historical_fetcher | [MPC.ETORO] OneHour: 4000 Ticks → speichere (price_prec=2).
2026-10-04 18:15:18,396 | DEBUG    | historical_fetcher | [api_backfiller] MPC.ETORO: 8004→4004 Zeilen (-4000 Duplikate)
2026-10-04 18:15:18,398 | INFO     | historical_fetcher | [api_backfiller] MPC.ETORO: 4004 Zeilen gespeichert (price_prec=2, size_prec=2) → /home/minisforum/etoro_nautilus/data/nautilus/data/quote_tick/MPC.ETORO/OneHour/data.parquet
2026-10-04 18:15:18,401 | INFO     | historical_fetcher | [MPC.ETORO] OneDay: 1152 Ticks → speichere (price_prec=2).
2026-10-04 18:15:18,404 | DEBUG    | historical_fetcher | [api_backfiller] MPC.ETORO: 4024→2872 Zeilen (-1152 Duplikate)
2026-10-04 18:15:18,405 | INFO     | historical_fetcher | [api_backfiller] MPC.ETORO: 2872 Zeilen gespeichert (price_prec=2, size_prec=2) → /home/minisforum/etoro_nautilus/data/nautilus/data/quote_tick/MPC.ETORO/OneDay/data.parquet
2026-10-04 18:15:19,508 | INFO     | historical_fetcher | [MRK.ETORO] Delta-Update: Fetch ab 2026-06-29T14:59:59+00:00 rückwärts bis 2025-08-10T16:09:41.204653+00:00
2026-10-04 18:15:19,826 | DEBUG    | historical_fetcher | [MRK.ETORO] OneHour: 1000 Candles, älteste: 2026-07-29T20:00:00+00:00
2026-10-04 18:15:25,225 | INFO     | historical_fetcher | [MRK.ETORO] Historische Tiefe für OneHour erreicht.
2026-10-04 18:15:26,606 | DEBUG    | historical_fetcher | [MRK.ETORO] OneDay: 1000 Candles, älteste: 2022-09-02T00:00:00+00:00
2026-10-04 18:15:27,707 | INFO     | historical_fetcher | [MRK.ETORO] Ziel-Startdatum mit OneDay erreicht.
2026-10-04 18:15:27,715 | INFO     | historical_fetcher | [MRK.ETORO] OneHour: 4000 Ticks → speichere (price_prec=2).
2026-10-04 18:15:27,719 | DEBUG    | historical_fetcher | [api_backfiller] MRK.ETORO: 9836→5836 Zeilen (-4000 Duplikate)
2026-10-04 18:15:27,721 | INFO     | historical_fetcher | [api_backfiller] MRK.ETORO: 5836 Zeilen gespeichert (price_prec=2, size_prec=2) → /home/minisforum/etoro_nautilus/data/nautilus/data/quote_tick/MRK.ETORO/OneHour/data.parquet
2026-10-04 18:15:27,724 | INFO     | historical_fetcher | [MRK.ETORO] OneDay: 1156 Ticks → speichere (price_prec=2).
2026-10-04 18:15:27,727 | DEBUG    | historical_fetcher | [api_backfiller] MRK.ETORO: 4120→2964 Zeilen (-1156 Duplikate)
2026-10-04 18:15:27,728 | INFO     | historical_fetcher | [api_backfiller] MRK.ETORO: 2964 Zeilen gespeichert (price_prec=2, size_prec=2) → /home/minisforum/etoro_nautilus/data/nautilus/data/quote_tick/MRK.ETORO/OneDay/data.parquet
2026-10-04 18:15:28,832 | INFO     | historical_fetcher | [MRVL.ETORO] Delta-Update: Fetch ab 2026-07-02T18:59:59+00:00 rückwärts bis 2025-08-10T16:09:41.204653+00:00
2026-10-04 18:15:30,887 | DEBUG    | historical_fetcher | [MRVL.ETORO] OneHour: 1000 Candles, älteste: 2026-08-03T20:00:00+00:00
2026-10-04 18:15:32,495 | INFO     | historical_fetcher | [MRVL.ETORO] Historische Tiefe für OneHour erreicht.
2026-10-04 18:15:32,622 | DEBUG    | historical_fetcher | [MRVL.ETORO] OneDay: 1000 Candles, älteste: 2022-09-02T00:00:00+00:00
2026-10-04 18:15:33,723 | INFO     | historical_fetcher | [MRVL.ETORO] Ziel-Startdatum mit OneDay erreicht.
2026-10-04 18:15:33,732 | INFO     | historical_fetcher | [MRVL.ETORO] OneHour: 4000 Ticks → speichere (price_prec=2).
2026-10-04 18:15:33,737 | DEBUG    | historical_fetcher | [api_backfiller] MRVL.ETORO: 9952→5952 Zeilen (-4000 Duplikate)
2026-10-04 18:15:33,741 | INFO     | historical_fetcher | [api_backfiller] MRVL.ETORO: 5952 Zeilen gespeichert (price_prec=2, size_prec=2) → /home/minisforum/etoro_nautilus/data/nautilus/data/quote_tick/MRVL.ETORO/OneHour/data.parquet
2026-10-04 18:15:33,745 | INFO     | historical_fetcher | [MRVL.ETORO] OneDay: 1156 Ticks → speichere (price_prec=2).
2026-10-04 18:15:33,748 | DEBUG    | historical_fetcher | [api_backfiller] MRVL.ETORO: 4120→2964 Zeilen (-1156 Duplikate)
2026-10-04 18:15:33,750 | INFO     | historical_fetcher | [api_backfiller] MRVL.ETORO: 2964 Zeilen gespeichert (price_prec=2, size_prec=2) → /home/minisforum/etoro_nautilus/data/nautilus/data/quote_tick/MRVL.ETORO/OneDay/data.parquet
2026-10-04 18:15:34,855 | INFO     | historical_fetcher | [MSTR.ETORO] Delta-Update: Fetch ab 2026-07-02T18:59:59+00:00 rückwärts bis 2025-08-10T16:09:41.204653+00:00
2026-10-04 18:15:36,034 | DEBUG    | historical_fetcher | [MSTR.ETORO] OneHour: 1000 Candles, älteste: 2026-08-03T20:00:00+00:00
2026-10-04 18:15:38,741 | INFO     | historical_fetcher | [MSTR.ETORO] Historische Tiefe für OneHour erreicht.
2026-10-04 18:15:39,145 | DEBUG    | historical_fetcher | [MSTR.ETORO] OneDay: 1000 Candles, älteste: 2022-09-02T00:00:00+00:00
2026-10-04 18:15:40,247 | INFO     | historical_fetcher | [MSTR.ETORO] Ziel-Startdatum mit OneDay erreicht.
2026-10-04 18:15:40,255 | INFO     | historical_fetcher | [MSTR.ETORO] OneHour: 4000 Ticks → speichere (price_prec=2).
2026-10-04 18:15:40,260 | DEBUG    | historical_fetcher | [api_backfiller] MSTR.ETORO: 9952→5952 Zeilen (-4000 Duplikate)
2026-10-04 18:15:40,262 | INFO     | historical_fetcher | [api_backfiller] MSTR.ETORO: 5952 Zeilen gespeichert (price_prec=2, size_prec=2) → /home/minisforum/etoro_nautilus/data/nautilus/data/quote_tick/MSTR.ETORO/OneHour/data.parquet
2026-10-04 18:15:40,265 | INFO     | historical_fetcher | [MSTR.ETORO] OneDay: 1156 Ticks → speichere (price_prec=2).
2026-10-04 18:15:40,267 | DEBUG    | historical_fetcher | [api_backfiller] MSTR.ETORO: 4120→2964 Zeilen (-1156 Duplikate)
2026-10-04 18:15:40,269 | INFO     | historical_fetcher | [api_backfiller] MSTR.ETORO: 2964 Zeilen gespeichert (price_prec=2, size_prec=2) → /home/minisforum/etoro_nautilus/data/nautilus/data/quote_tick/MSTR.ETORO/OneDay/data.parquet
2026-10-04 18:15:41,373 | INFO     | historical_fetcher | [MTZ.ETORO] Delta-Update: Fetch ab 2026-02-06T13:59:59+00:00 rückwärts bis 2025-08-10T16:09:41.204653+00:00
2026-10-04 18:15:41,513 | DEBUG    | historical_fetcher | [MTZ.ETORO] OneHour: 1000 Candles, älteste: 2026-03-10T15:00:00+00:00
2026-10-04 18:15:42,731 | INFO     | historical_fetcher | [MTZ.ETORO] Historische Tiefe für OneHour erreicht.
2026-10-04 18:15:42,849 | DEBUG    | historical_fetcher | [MTZ.ETORO] OneDay: 1000 Candles, älteste: 2022-08-22T00:00:00+00:00
2026-10-04 18:15:43,950 | INFO     | historical_fetcher | [MTZ.ETORO] Ziel-Startdatum mit OneDay erreicht.
2026-10-04 18:15:43,960 | INFO     | historical_fetcher | [MTZ.ETORO] OneHour: 4000 Ticks → speichere (price_prec=2).
2026-10-04 18:15:43,964 | DEBUG    | historical_fetcher | [api_backfiller] MTZ.ETORO: 8588→4588 Zeilen (-4000 Duplikate)
2026-10-04 18:15:43,967 | INFO     | historical_fetcher | [api_backfiller] MTZ.ETORO: 4588 Zeilen gespeichert (price_prec=2, size_prec=2) → /home/minisforum/etoro_nautilus/data/nautilus/data/quote_tick/MTZ.ETORO/OneHour/data.parquet
2026-10-04 18:15:43,972 | INFO     | historical_fetcher | [MTZ.ETORO] OneDay: 1120 Ticks → speichere (price_prec=2).
2026-10-04 18:15:43,975 | DEBUG    | historical_fetcher | [api_backfiller] MTZ.ETORO: 4048→2928 Zeilen (-1120 Duplikate)
2026-10-04 18:15:43,977 | INFO     | historical_fetcher | [api_backfiller] MTZ.ETORO: 2928 Zeilen gespeichert (price_prec=2, size_prec=2) → /home/minisforum/etoro_nautilus/data/nautilus/data/quote_tick/MTZ.ETORO/OneDay/data.parquet
2026-10-04 18:15:45,081 | INFO     | historical_fetcher | [MU.ETORO] Delta-Update: Fetch ab 2026-07-02T18:59:59+00:00 rückwärts bis 2025-08-10T16:09:41.204653+00:00
2026-10-04 18:15:45,204 | DEBUG    | historical_fetcher | [MU.ETORO] OneHour: 1000 Candles, älteste: 2026-08-03T20:00:00+00:00
2026-10-04 18:15:46,435 | INFO     | historical_fetcher | [MU.ETORO] Historische Tiefe für OneHour erreicht.
2026-10-04 18:15:46,556 | DEBUG    | historical_fetcher | [MU.ETORO] OneDay: 1000 Candles, älteste: 2022-09-02T00:00:00+00:00
2026-10-04 18:15:47,657 | INFO     | historical_fetcher | [MU.ETORO] Ziel-Startdatum mit OneDay erreicht.
2026-10-04 18:15:47,667 | INFO     | historical_fetcher | [MU.ETORO] OneHour: 4000 Ticks → speichere (price_prec=2).
2026-10-04 18:15:47,673 | DEBUG    | historical_fetcher | [api_backfiller] MU.ETORO: 9952→5952 Zeilen (-4000 Duplikate)
2026-10-04 18:15:47,676 | INFO     | historical_fetcher | [api_backfiller] MU.ETORO: 5952 Zeilen gespeichert (price_prec=2, size_prec=2) → /home/minisforum/etoro_nautilus/data/nautilus/data/quote_tick/MU.ETORO/OneHour/data.parquet
2026-10-04 18:15:47,682 | INFO     | historical_fetcher | [MU.ETORO] OneDay: 1156 Ticks → speichere (price_prec=2).
2026-10-04 18:15:47,685 | DEBUG    | historical_fetcher | [api_backfiller] MU.ETORO: 4120→2964 Zeilen (-1156 Duplikate)
2026-10-04 18:15:47,687 | INFO     | historical_fetcher | [api_backfiller] MU.ETORO: 2964 Zeilen gespeichert (price_prec=2, size_prec=2) → /home/minisforum/etoro_nautilus/data/nautilus/data/quote_tick/MU.ETORO/OneDay/data.parquet
2026-10-04 18:15:48,793 | INFO     | historical_fetcher | [NATGAS.ETORO] Delta-Update: Fetch ab 2026-07-03T05:59:59+00:00 rückwärts bis 2025-08-10T16:09:41.204653+00:00
2026-10-04 18:15:48,963 | DEBUG    | historical_fetcher | [NATGAS.ETORO] OneHour: 1000 Candles, älteste: 2026-08-18T16:00:00+00:00
2026-10-04 18:15:50,181 | INFO     | historical_fetcher | [NATGAS.ETORO] Historische Tiefe für OneHour erreicht.
2026-10-04 18:15:50,301 | DEBUG    | historical_fetcher | [NATGAS.ETORO] OneDay: 1000 Candles, älteste: 2022-12-01T00:00:00+00:00
2026-10-04 18:15:51,402 | INFO     | historical_fetcher | [NATGAS.ETORO] Ziel-Startdatum mit OneDay erreicht.
2026-10-04 18:15:51,409 | INFO     | historical_fetcher | [NATGAS.ETORO] OneHour: 4000 Ticks → speichere (price_prec=5).
2026-10-04 18:15:51,414 | DEBUG    | historical_fetcher | [api_backfiller] NATGAS.ETORO: 10968→6972 Zeilen (-3996 Duplikate)
2026-10-04 18:15:51,416 | INFO     | historical_fetcher | [api_backfiller] NATGAS.ETORO: 6972 Zeilen gespeichert (price_prec=5, size_prec=5) → /home/minisforum/etoro_nautilus/data/nautilus/data/quote_tick/NATGAS.ETORO/OneHour/data.parquet
2026-10-04 18:15:51,419 | INFO     | historical_fetcher | [NATGAS.ETORO] OneDay: 1228 Ticks → speichere (price_prec=5).
2026-10-04 18:15:51,421 | DEBUG    | historical_fetcher | [api_backfiller] NATGAS.ETORO: 4408→3180 Zeilen (-1228 Duplikate)
2026-10-04 18:15:51,422 | INFO     | historical_fetcher | [api_backfiller] NATGAS.ETORO: 3180 Zeilen gespeichert (price_prec=5, size_prec=5) → /home/minisforum/etoro_nautilus/data/nautilus/data/quote_tick/NATGAS.ETORO/OneDay/data.parquet
2026-10-04 18:15:52,526 | INFO     | historical_fetcher | [NFLX.ETORO] Delta-Update: Fetch ab 2026-07-02T18:59:59+00:00 rückwärts bis 2025-08-10T16:09:41.204653+00:00
2026-10-04 18:15:52,675 | DEBUG    | historical_fetcher | [NFLX.ETORO] OneHour: 1000 Candles, älteste: 2026-08-03T19:00:00+00:00
2026-10-04 18:15:53,935 | INFO     | historical_fetcher | [NFLX.ETORO] Historische Tiefe für OneHour erreicht.
2026-10-04 18:15:54,105 | DEBUG    | historical_fetcher | [NFLX.ETORO] OneDay: 1000 Candles, älteste: 2022-09-02T00:00:00+00:00
2026-10-04 18:15:55,206 | INFO     | historical_fetcher | [NFLX.ETORO] Ziel-Startdatum mit OneDay erreicht.
2026-10-04 18:15:55,216 | INFO     | historical_fetcher | [NFLX.ETORO] OneHour: 4000 Ticks → speichere (price_prec=2).
2026-10-04 18:15:55,221 | DEBUG    | historical_fetcher | [api_backfiller] NFLX.ETORO: 9948→5948 Zeilen (-4000 Duplikate)
2026-10-04 18:15:55,224 | INFO     | historical_fetcher | [api_backfiller] NFLX.ETORO: 5948 Zeilen gespeichert (price_prec=2, size_prec=2) → /home/minisforum/etoro_nautilus/data/nautilus/data/quote_tick/NFLX.ETORO/OneHour/data.parquet
2026-10-04 18:15:55,228 | INFO     | historical_fetcher | [NFLX.ETORO] OneDay: 1156 Ticks → speichere (price_prec=2).
2026-10-04 18:15:55,232 | DEBUG    | historical_fetcher | [api_backfiller] NFLX.ETORO: 4120→2964 Zeilen (-1156 Duplikate)
2026-10-04 18:15:55,234 | INFO     | historical_fetcher | [api_backfiller] NFLX.ETORO: 2964 Zeilen gespeichert (price_prec=2, size_prec=2) → /home/minisforum/etoro_nautilus/data/nautilus/data/quote_tick/NFLX.ETORO/OneDay/data.parquet
2026-10-04 18:15:56,338 | INFO     | historical_fetcher | [NKE.ETORO] Delta-Update: Fetch ab 2026-07-02T14:59:59+00:00 rückwärts bis 2025-08-10T16:09:41.204653+00:00
2026-10-04 18:15:56,549 | DEBUG    | historical_fetcher | [NKE.ETORO] OneHour: 1000 Candles, älteste: 2026-08-03T20:00:00+00:00
2026-10-04 18:15:57,976 | INFO     | historical_fetcher | [NKE.ETORO] Historische Tiefe für OneHour erreicht.
2026-10-04 18:15:58,134 | DEBUG    | historical_fetcher | [NKE.ETORO] OneDay: 1000 Candles, älteste: 2022-09-02T00:00:00+00:00
2026-10-04 18:15:59,236 | INFO     | historical_fetcher | [NKE.ETORO] Ziel-Startdatum mit OneDay erreicht.
2026-10-04 18:15:59,246 | INFO     | historical_fetcher | [NKE.ETORO] OneHour: 4000 Ticks → speichere (price_prec=2).
2026-10-04 18:15:59,251 | DEBUG    | historical_fetcher | [api_backfiller] NKE.ETORO: 9956→5956 Zeilen (-4000 Duplikate)
2026-10-04 18:15:59,254 | INFO     | historical_fetcher | [api_backfiller] NKE.ETORO: 5956 Zeilen gespeichert (price_prec=2, size_prec=2) → /home/minisforum/etoro_nautilus/data/nautilus/data/quote_tick/NKE.ETORO/OneHour/data.parquet
2026-10-04 18:15:59,258 | INFO     | historical_fetcher | [NKE.ETORO] OneDay: 1156 Ticks → speichere (price_prec=2).
2026-10-04 18:15:59,262 | DEBUG    | historical_fetcher | [api_backfiller] NKE.ETORO: 4120→2964 Zeilen (-1156 Duplikate)
2026-10-04 18:15:59,264 | INFO     | historical_fetcher | [api_backfiller] NKE.ETORO: 2964 Zeilen gespeichert (price_prec=2, size_prec=2) → /home/minisforum/etoro_nautilus/data/nautilus/data/quote_tick/NKE.ETORO/OneDay/data.parquet
2026-10-04 18:16:00,368 | INFO     | historical_fetcher | [NOK.ETORO] Delta-Update: Fetch ab 2026-02-05T19:59:59+00:00 rückwärts bis 2025-08-10T16:09:41.204653+00:00
2026-10-04 18:16:00,501 | DEBUG    | historical_fetcher | [NOK.ETORO] OneHour: 1000 Candles, älteste: 2026-03-10T15:00:00+00:00
2026-10-04 18:16:01,844 | INFO     | historical_fetcher | [NOK.ETORO] Historische Tiefe für OneHour erreicht.
2026-10-04 18:16:02,064 | DEBUG    | historical_fetcher | [NOK.ETORO] OneDay: 1000 Candles, älteste: 2022-08-22T00:00:00+00:00
2026-10-04 18:16:03,166 | INFO     | historical_fetcher | [NOK.ETORO] Ziel-Startdatum mit OneDay erreicht.
2026-10-04 18:16:03,176 | INFO     | historical_fetcher | [NOK.ETORO] OneHour: 4000 Ticks → speichere (price_prec=2).
2026-10-04 18:16:03,180 | DEBUG    | historical_fetcher | [api_backfiller] NOK.ETORO: 8592→4592 Zeilen (-4000 Duplikate)
2026-10-04 18:16:03,183 | INFO     | historical_fetcher | [api_backfiller] NOK.ETORO: 4592 Zeilen gespeichert (price_prec=2, size_prec=2) → /home/minisforum/etoro_nautilus/data/nautilus/data/quote_tick/NOK.ETORO/OneHour/data.parquet
2026-10-04 18:16:03,188 | INFO     | historical_fetcher | [NOK.ETORO] OneDay: 1120 Ticks → speichere (price_prec=2).
2026-10-04 18:16:03,190 | DEBUG    | historical_fetcher | [api_backfiller] NOK.ETORO: 4048→2928 Zeilen (-1120 Duplikate)
2026-10-04 18:16:03,192 | INFO     | historical_fetcher | [api_backfiller] NOK.ETORO: 2928 Zeilen gespeichert (price_prec=2, size_prec=2) → /home/minisforum/etoro_nautilus/data/nautilus/data/quote_tick/NOK.ETORO/OneDay/data.parquet
2026-10-04 18:16:04,296 | INFO     | historical_fetcher | [NOW.ETORO] Delta-Update: Fetch ab 2026-07-02T17:59:59+00:00 rückwärts bis 2025-08-10T16:09:41.204653+00:00
2026-10-04 18:16:04,444 | DEBUG    | historical_fetcher | [NOW.ETORO] OneHour: 1000 Candles, älteste: 2026-08-03T18:00:00+00:00
2026-10-04 18:16:06,048 | INFO     | historical_fetcher | [NOW.ETORO] Historische Tiefe für OneHour erreicht.
2026-10-04 18:16:06,217 | DEBUG    | historical_fetcher | [NOW.ETORO] OneDay: 1000 Candles, älteste: 2022-09-02T00:00:00+00:00
2026-10-04 18:16:07,318 | INFO     | historical_fetcher | [NOW.ETORO] Ziel-Startdatum mit OneDay erreicht.
2026-10-04 18:16:07,325 | INFO     | historical_fetcher | [NOW.ETORO] OneHour: 4000 Ticks → speichere (price_prec=2).
2026-10-04 18:16:07,330 | DEBUG    | historical_fetcher | [api_backfiller] NOW.ETORO: 9948→5948 Zeilen (-4000 Duplikate)
2026-10-04 18:16:07,332 | INFO     | historical_fetcher | [api_backfiller] NOW.ETORO: 5948 Zeilen gespeichert (price_prec=2, size_prec=2) → /home/minisforum/etoro_nautilus/data/nautilus/data/quote_tick/NOW.ETORO/OneHour/data.parquet
2026-10-04 18:16:07,335 | INFO     | historical_fetcher | [NOW.ETORO] OneDay: 1156 Ticks → speichere (price_prec=2).
2026-10-04 18:16:07,338 | DEBUG    | historical_fetcher | [api_backfiller] NOW.ETORO: 4120→2964 Zeilen (-1156 Duplikate)
2026-10-04 18:16:07,339 | INFO     | historical_fetcher | [api_backfiller] NOW.ETORO: 2964 Zeilen gespeichert (price_prec=2, size_prec=2) → /home/minisforum/etoro_nautilus/data/nautilus/data/quote_tick/NOW.ETORO/OneDay/data.parquet
2026-10-04 18:16:08,444 | INFO     | historical_fetcher | [NTRA.ETORO] Delta-Update: Fetch ab 2026-03-10T14:59:59+00:00 rückwärts bis 2025-08-10T16:09:41.204653+00:00
2026-10-04 18:16:09,037 | DEBUG    | historical_fetcher | [NTRA.ETORO] OneHour: 1000 Candles, älteste: 2026-03-10T16:00:00+00:00
2026-10-04 18:16:10,257 | INFO     | historical_fetcher | [NTRA.ETORO] Historische Tiefe für OneHour erreicht.
2026-10-04 18:16:10,373 | DEBUG    | historical_fetcher | [NTRA.ETORO] OneDay: 1000 Candles, älteste: 2022-08-22T00:00:00+00:00
2026-10-04 18:16:11,475 | INFO     | historical_fetcher | [NTRA.ETORO] Ziel-Startdatum mit OneDay erreicht.
2026-10-04 18:16:11,482 | INFO     | historical_fetcher | [NTRA.ETORO] OneHour: 4000 Ticks → speichere (price_prec=2).
2026-10-04 18:16:11,486 | DEBUG    | historical_fetcher | [api_backfiller] NTRA.ETORO: 8004→4004 Zeilen (-4000 Duplikate)
2026-10-04 18:16:11,488 | INFO     | historical_fetcher | [api_backfiller] NTRA.ETORO: 4004 Zeilen gespeichert (price_prec=2, size_prec=2) → /home/minisforum/etoro_nautilus/data/nautilus/data/quote_tick/NTRA.ETORO/OneHour/data.parquet
2026-10-04 18:16:11,491 | INFO     | historical_fetcher | [NTRA.ETORO] OneDay: 1120 Ticks → speichere (price_prec=2).
2026-10-04 18:16:11,493 | DEBUG    | historical_fetcher | [api_backfiller] NTRA.ETORO: 3960→2840 Zeilen (-1120 Duplikate)
2026-10-04 18:16:11,494 | INFO     | historical_fetcher | [api_backfiller] NTRA.ETORO: 2840 Zeilen gespeichert (price_prec=2, size_prec=2) → /home/minisforum/etoro_nautilus/data/nautilus/data/quote_tick/NTRA.ETORO/OneDay/data.parquet
2026-10-04 18:16:12,598 | INFO     | historical_fetcher | [NUE.ETORO] Delta-Update: Fetch ab 2026-05-29T07:59:59+00:00 rückwärts bis 2025-08-10T16:09:41.204653+00:00
2026-10-04 18:16:12,889 | DEBUG    | historical_fetcher | [NUE.ETORO] OneHour: 1000 Candles, älteste: 2026-06-17T18:00:00+00:00
2026-10-04 18:16:14,103 | INFO     | historical_fetcher | [NUE.ETORO] Historische Tiefe für OneHour erreicht.
2026-10-04 18:16:14,232 | DEBUG    | historical_fetcher | [NUE.ETORO] OneDay: 1000 Candles, älteste: 2022-09-02T00:00:00+00:00
2026-10-04 18:16:15,334 | INFO     | historical_fetcher | [NUE.ETORO] Ziel-Startdatum mit OneDay erreicht.
2026-10-04 18:16:15,342 | INFO     | historical_fetcher | [NUE.ETORO] OneHour: 4000 Ticks → speichere (price_prec=2).
2026-10-04 18:16:15,347 | DEBUG    | historical_fetcher | [api_backfiller] NUE.ETORO: 9000→5000 Zeilen (-4000 Duplikate)
2026-10-04 18:16:15,349 | INFO     | historical_fetcher | [api_backfiller] NUE.ETORO: 5000 Zeilen gespeichert (price_prec=2, size_prec=2) → /home/minisforum/etoro_nautilus/data/nautilus/data/quote_tick/NUE.ETORO/OneHour/data.parquet
2026-10-04 18:16:15,352 | INFO     | historical_fetcher | [NUE.ETORO] OneDay: 1156 Ticks → speichere (price_prec=2).
2026-10-04 18:16:15,354 | DEBUG    | historical_fetcher | [api_backfiller] NUE.ETORO: 4120→2964 Zeilen (-1156 Duplikate)
2026-10-04 18:16:15,356 | INFO     | historical_fetcher | [api_backfiller] NUE.ETORO: 2964 Zeilen gespeichert (price_prec=2, size_prec=2) → /home/minisforum/etoro_nautilus/data/nautilus/data/quote_tick/NUE.ETORO/OneDay/data.parquet
2026-10-04 18:16:16,459 | INFO     | historical_fetcher | [NVDA.ETORO] Delta-Update: Fetch ab 2026-07-02T18:59:59+00:00 rückwärts bis 2025-08-10T16:09:41.204653+00:00
2026-10-04 18:16:16,706 | DEBUG    | historical_fetcher | [NVDA.ETORO] OneHour: 1000 Candles, älteste: 2026-08-03T20:00:00+00:00
2026-10-04 18:16:17,924 | INFO     | historical_fetcher | [NVDA.ETORO] Historische Tiefe für OneHour erreicht.
2026-10-04 18:16:18,037 | DEBUG    | historical_fetcher | [NVDA.ETORO] OneDay: 1000 Candles, älteste: 2022-09-02T00:00:00+00:00
2026-10-04 18:16:19,138 | INFO     | historical_fetcher | [NVDA.ETORO] Ziel-Startdatum mit OneDay erreicht.
2026-10-04 18:16:19,145 | INFO     | historical_fetcher | [NVDA.ETORO] OneHour: 4000 Ticks → speichere (price_prec=2).
2026-10-04 18:16:19,149 | DEBUG    | historical_fetcher | [api_backfiller] NVDA.ETORO: 9952→5952 Zeilen (-4000 Duplikate)
2026-10-04 18:16:19,151 | INFO     | historical_fetcher | [api_backfiller] NVDA.ETORO: 5952 Zeilen gespeichert (price_prec=2, size_prec=2) → /home/minisforum/etoro_nautilus/data/nautilus/data/quote_tick/NVDA.ETORO/OneHour/data.parquet
2026-10-04 18:16:19,154 | INFO     | historical_fetcher | [NVDA.ETORO] OneDay: 1156 Ticks → speichere (price_prec=2).
2026-10-04 18:16:19,156 | DEBUG    | historical_fetcher | [api_backfiller] NVDA.ETORO: 4120→2964 Zeilen (-1156 Duplikate)
2026-10-04 18:16:19,158 | INFO     | historical_fetcher | [api_backfiller] NVDA.ETORO: 2964 Zeilen gespeichert (price_prec=2, size_prec=2) → /home/minisforum/etoro_nautilus/data/nautilus/data/quote_tick/NVDA.ETORO/OneDay/data.parquet
2026-10-04 18:16:20,262 | INFO     | historical_fetcher | [NVO.ETORO] Delta-Update: Fetch ab 2026-02-05T19:59:59+00:00 rückwärts bis 2025-08-10T16:09:41.204653+00:00
2026-10-04 18:16:21,100 | DEBUG    | historical_fetcher | [NVO.ETORO] OneHour: 1000 Candles, älteste: 2026-03-10T15:00:00+00:00
2026-10-04 18:16:22,422 | DEBUG    | historical_fetcher | [NVO.ETORO] OneHour: 1000 Candles, älteste: 2026-03-10T14:00:00+00:00
2026-10-04 18:16:23,721 | DEBUG    | historical_fetcher | [NVO.ETORO] OneHour: 1000 Candles, älteste: 2026-03-10T15:00:00+00:00
2026-10-04 18:16:24,943 | INFO     | historical_fetcher | [NVO.ETORO] Historische Tiefe für OneHour erreicht.
2026-10-04 18:16:25,058 | DEBUG    | historical_fetcher | [NVO.ETORO] OneDay: 1000 Candles, älteste: 2022-08-22T00:00:00+00:00
2026-10-04 18:16:26,160 | INFO     | historical_fetcher | [NVO.ETORO] Ziel-Startdatum mit OneDay erreicht.
2026-10-04 18:16:26,179 | INFO     | historical_fetcher | [NVO.ETORO] OneHour: 12000 Ticks → speichere (price_prec=2).
2026-10-04 18:16:26,184 | DEBUG    | historical_fetcher | [api_backfiller] NVO.ETORO: 16592→4592 Zeilen (-12000 Duplikate)
2026-10-04 18:16:26,185 | INFO     | historical_fetcher | [api_backfiller] NVO.ETORO: 4592 Zeilen gespeichert (price_prec=2, size_prec=2) → /home/minisforum/etoro_nautilus/data/nautilus/data/quote_tick/NVO.ETORO/OneHour/data.parquet
2026-10-04 18:16:26,188 | INFO     | historical_fetcher | [NVO.ETORO] OneDay: 1120 Ticks → speichere (price_prec=2).
2026-10-04 18:16:26,191 | DEBUG    | historical_fetcher | [api_backfiller] NVO.ETORO: 4048→2928 Zeilen (-1120 Duplikate)
2026-10-04 18:16:26,192 | INFO     | historical_fetcher | [api_backfiller] NVO.ETORO: 2928 Zeilen gespeichert (price_prec=2, size_prec=2) → /home/minisforum/etoro_nautilus/data/nautilus/data/quote_tick/NVO.ETORO/OneDay/data.parquet
2026-10-04 18:16:27,295 | INFO     | historical_fetcher | [NVS.ETORO] Delta-Update: Fetch ab 2026-02-06T14:59:59+00:00 rückwärts bis 2025-08-10T16:09:41.204653+00:00
2026-10-04 18:16:27,439 | DEBUG    | historical_fetcher | [NVS.ETORO] OneHour: 1000 Candles, älteste: 2026-03-10T16:00:00+00:00
2026-10-04 18:16:29,061 | INFO     | historical_fetcher | [NVS.ETORO] Historische Tiefe für OneHour erreicht.
2026-10-04 18:16:29,181 | DEBUG    | historical_fetcher | [NVS.ETORO] OneDay: 1000 Candles, älteste: 2022-08-22T00:00:00+00:00
2026-10-04 18:16:30,282 | INFO     | historical_fetcher | [NVS.ETORO] Ziel-Startdatum mit OneDay erreicht.
2026-10-04 18:16:30,289 | INFO     | historical_fetcher | [NVS.ETORO] OneHour: 4000 Ticks → speichere (price_prec=2).
2026-10-04 18:16:30,294 | DEBUG    | historical_fetcher | [api_backfiller] NVS.ETORO: 8588→4588 Zeilen (-4000 Duplikate)
2026-10-04 18:16:30,295 | INFO     | historical_fetcher | [api_backfiller] NVS.ETORO: 4588 Zeilen gespeichert (price_prec=2, size_prec=2) → /home/minisforum/etoro_nautilus/data/nautilus/data/quote_tick/NVS.ETORO/OneHour/data.parquet
2026-10-04 18:16:30,298 | INFO     | historical_fetcher | [NVS.ETORO] OneDay: 1120 Ticks → speichere (price_prec=2).
2026-10-04 18:16:30,301 | DEBUG    | historical_fetcher | [api_backfiller] NVS.ETORO: 4048→2928 Zeilen (-1120 Duplikate)
2026-10-04 18:16:30,302 | INFO     | historical_fetcher | [api_backfiller] NVS.ETORO: 2928 Zeilen gespeichert (price_prec=2, size_prec=2) → /home/minisforum/etoro_nautilus/data/nautilus/data/quote_tick/NVS.ETORO/OneDay/data.parquet
2026-10-04 18:16:31,407 | INFO     | historical_fetcher | [ONTO.ETORO] Delta-Update: Fetch ab 2026-02-05T19:59:59+00:00 rückwärts bis 2025-08-10T16:09:41.204653+00:00
2026-10-04 18:16:31,916 | DEBUG    | historical_fetcher | [ONTO.ETORO] OneHour: 1000 Candles, älteste: 2026-03-10T15:00:00+00:00
2026-10-04 18:16:33,166 | INFO     | historical_fetcher | [ONTO.ETORO] Historische Tiefe für OneHour erreicht.
2026-10-04 18:16:33,290 | DEBUG    | historical_fetcher | [ONTO.ETORO] OneDay: 1000 Candles, älteste: 2022-08-22T00:00:00+00:00
2026-10-04 18:16:34,392 | INFO     | historical_fetcher | [ONTO.ETORO] Ziel-Startdatum mit OneDay erreicht.
2026-10-04 18:16:34,401 | INFO     | historical_fetcher | [ONTO.ETORO] OneHour: 4000 Ticks → speichere (price_prec=2).
2026-10-04 18:16:34,405 | DEBUG    | historical_fetcher | [api_backfiller] ONTO.ETORO: 8588→4588 Zeilen (-4000 Duplikate)
2026-10-04 18:16:34,408 | INFO     | historical_fetcher | [api_backfiller] ONTO.ETORO: 4588 Zeilen gespeichert (price_prec=2, size_prec=2) → /home/minisforum/etoro_nautilus/data/nautilus/data/quote_tick/ONTO.ETORO/OneHour/data.parquet
2026-10-04 18:16:34,412 | INFO     | historical_fetcher | [ONTO.ETORO] OneDay: 1120 Ticks → speichere (price_prec=2).
2026-10-04 18:16:34,416 | DEBUG    | historical_fetcher | [api_backfiller] ONTO.ETORO: 4048→2928 Zeilen (-1120 Duplikate)
2026-10-04 18:16:34,418 | INFO     | historical_fetcher | [api_backfiller] ONTO.ETORO: 2928 Zeilen gespeichert (price_prec=2, size_prec=2) → /home/minisforum/etoro_nautilus/data/nautilus/data/quote_tick/ONTO.ETORO/OneDay/data.parquet
2026-10-04 18:16:35,522 | INFO     | historical_fetcher | [ORCL.ETORO] Delta-Update: Fetch ab 2026-07-02T19:59:59+00:00 rückwärts bis 2025-08-10T16:09:41.204653+00:00
2026-10-04 18:16:35,765 | DEBUG    | historical_fetcher | [ORCL.ETORO] OneHour: 1000 Candles, älteste: 2026-08-03T20:00:00+00:00
2026-10-04 18:16:36,998 | INFO     | historical_fetcher | [ORCL.ETORO] Historische Tiefe für OneHour erreicht.
2026-10-04 18:16:37,122 | DEBUG    | historical_fetcher | [ORCL.ETORO] OneDay: 1000 Candles, älteste: 2022-09-02T00:00:00+00:00
2026-10-04 18:16:38,224 | INFO     | historical_fetcher | [ORCL.ETORO] Ziel-Startdatum mit OneDay erreicht.
2026-10-04 18:16:38,232 | INFO     | historical_fetcher | [ORCL.ETORO] OneHour: 4000 Ticks → speichere (price_prec=2).
2026-10-04 18:16:38,260 | DEBUG    | historical_fetcher | [api_backfiller] ORCL.ETORO: 9948→5948 Zeilen (-4000 Duplikate)
2026-10-04 18:16:38,263 | INFO     | historical_fetcher | [api_backfiller] ORCL.ETORO: 5948 Zeilen gespeichert (price_prec=2, size_prec=2) → /home/minisforum/etoro_nautilus/data/nautilus/data/quote_tick/ORCL.ETORO/OneHour/data.parquet
2026-10-04 18:16:38,268 | INFO     | historical_fetcher | [ORCL.ETORO] OneDay: 1156 Ticks → speichere (price_prec=2).
2026-10-04 18:16:38,271 | DEBUG    | historical_fetcher | [api_backfiller] ORCL.ETORO: 4120→2964 Zeilen (-1156 Duplikate)
2026-10-04 18:16:38,273 | INFO     | historical_fetcher | [api_backfiller] ORCL.ETORO: 2964 Zeilen gespeichert (price_prec=2, size_prec=2) → /home/minisforum/etoro_nautilus/data/nautilus/data/quote_tick/ORCL.ETORO/OneDay/data.parquet
2026-10-04 18:16:39,376 | INFO     | historical_fetcher | [PALL.ETORO] Delta-Update: Fetch ab 2026-02-05T19:59:59+00:00 rückwärts bis 2025-08-10T16:09:41.204653+00:00
2026-10-04 18:16:39,493 | DEBUG    | historical_fetcher | [PALL.ETORO] OneHour: 1000 Candles, älteste: 2026-03-10T15:00:00+00:00
2026-10-04 18:16:40,745 | INFO     | historical_fetcher | [PALL.ETORO] Historische Tiefe für OneHour erreicht.
2026-10-04 18:16:40,876 | DEBUG    | historical_fetcher | [PALL.ETORO] OneDay: 1000 Candles, älteste: 2022-08-22T00:00:00+00:00
2026-10-04 18:16:41,977 | INFO     | historical_fetcher | [PALL.ETORO] Ziel-Startdatum mit OneDay erreicht.
2026-10-04 18:16:41,983 | INFO     | historical_fetcher | [PALL.ETORO] OneHour: 4000 Ticks → speichere (price_prec=5).
2026-10-04 18:16:41,987 | DEBUG    | historical_fetcher | [api_backfiller] PALL.ETORO: 8592→4592 Zeilen (-4000 Duplikate)
2026-10-04 18:16:41,989 | INFO     | historical_fetcher | [api_backfiller] PALL.ETORO: 4592 Zeilen gespeichert (price_prec=5, size_prec=5) → /home/minisforum/etoro_nautilus/data/nautilus/data/quote_tick/PALL.ETORO/OneHour/data.parquet
2026-10-04 18:16:41,992 | INFO     | historical_fetcher | [PALL.ETORO] OneDay: 1120 Ticks → speichere (price_prec=5).
2026-10-04 18:16:41,995 | DEBUG    | historical_fetcher | [api_backfiller] PALL.ETORO: 4048→2928 Zeilen (-1120 Duplikate)
2026-10-04 18:16:41,996 | INFO     | historical_fetcher | [api_backfiller] PALL.ETORO: 2928 Zeilen gespeichert (price_prec=5, size_prec=5) → /home/minisforum/etoro_nautilus/data/nautilus/data/quote_tick/PALL.ETORO/OneDay/data.parquet
2026-10-04 18:16:43,101 | INFO     | historical_fetcher | [PBR.ETORO] Delta-Update: Fetch ab 2026-02-06T13:59:59+00:00 rückwärts bis 2025-08-10T16:09:41.204653+00:00
2026-10-04 18:16:43,227 | DEBUG    | historical_fetcher | [PBR.ETORO] OneHour: 1000 Candles, älteste: 2026-03-10T16:00:00+00:00
2026-10-04 18:16:44,449 | INFO     | historical_fetcher | [PBR.ETORO] Historische Tiefe für OneHour erreicht.
2026-10-04 18:16:44,578 | DEBUG    | historical_fetcher | [PBR.ETORO] OneDay: 1000 Candles, älteste: 2022-08-22T00:00:00+00:00
2026-10-04 18:16:45,679 | INFO     | historical_fetcher | [PBR.ETORO] Ziel-Startdatum mit OneDay erreicht.
2026-10-04 18:16:45,686 | INFO     | historical_fetcher | [PBR.ETORO] OneHour: 4000 Ticks → speichere (price_prec=2).
2026-10-04 18:16:45,690 | DEBUG    | historical_fetcher | [api_backfiller] PBR.ETORO: 8592→4592 Zeilen (-4000 Duplikate)
2026-10-04 18:16:45,691 | INFO     | historical_fetcher | [api_backfiller] PBR.ETORO: 4592 Zeilen gespeichert (price_prec=2, size_prec=2) → /home/minisforum/etoro_nautilus/data/nautilus/data/quote_tick/PBR.ETORO/OneHour/data.parquet
2026-10-04 18:16:45,694 | INFO     | historical_fetcher | [PBR.ETORO] OneDay: 1120 Ticks → speichere (price_prec=2).
2026-10-04 18:16:45,696 | DEBUG    | historical_fetcher | [api_backfiller] PBR.ETORO: 4048→2928 Zeilen (-1120 Duplikate)
2026-10-04 18:16:45,697 | INFO     | historical_fetcher | [api_backfiller] PBR.ETORO: 2928 Zeilen gespeichert (price_prec=2, size_prec=2) → /home/minisforum/etoro_nautilus/data/nautilus/data/quote_tick/PBR.ETORO/OneDay/data.parquet
2026-10-04 18:16:46,800 | INFO     | historical_fetcher | [PDD.ETORO] Delta-Update: Fetch ab 2026-07-02T18:59:59+00:00 rückwärts bis 2025-08-10T16:09:41.204653+00:00
2026-10-04 18:16:46,927 | DEBUG    | historical_fetcher | [PDD.ETORO] OneHour: 1000 Candles, älteste: 2026-08-03T20:00:00+00:00
2026-10-04 18:16:48,133 | INFO     | historical_fetcher | [PDD.ETORO] Historische Tiefe für OneHour erreicht.
2026-10-04 18:16:48,249 | DEBUG    | historical_fetcher | [PDD.ETORO] OneDay: 1000 Candles, älteste: 2022-09-02T00:00:00+00:00
2026-10-04 18:16:49,350 | INFO     | historical_fetcher | [PDD.ETORO] Ziel-Startdatum mit OneDay erreicht.
2026-10-04 18:16:49,358 | INFO     | historical_fetcher | [PDD.ETORO] OneHour: 4000 Ticks → speichere (price_prec=2).
2026-10-04 18:16:49,362 | DEBUG    | historical_fetcher | [api_backfiller] PDD.ETORO: 9952→5952 Zeilen (-4000 Duplikate)
2026-10-04 18:16:49,364 | INFO     | historical_fetcher | [api_backfiller] PDD.ETORO: 5952 Zeilen gespeichert (price_prec=2, size_prec=2) → /home/minisforum/etoro_nautilus/data/nautilus/data/quote_tick/PDD.ETORO/OneHour/data.parquet
2026-10-04 18:16:49,367 | INFO     | historical_fetcher | [PDD.ETORO] OneDay: 1156 Ticks → speichere (price_prec=2).
2026-10-04 18:16:49,369 | DEBUG    | historical_fetcher | [api_backfiller] PDD.ETORO: 4120→2964 Zeilen (-1156 Duplikate)
2026-10-04 18:16:49,371 | INFO     | historical_fetcher | [api_backfiller] PDD.ETORO: 2964 Zeilen gespeichert (price_prec=2, size_prec=2) → /home/minisforum/etoro_nautilus/data/nautilus/data/quote_tick/PDD.ETORO/OneDay/data.parquet
2026-10-04 18:16:50,475 | INFO     | historical_fetcher | [PEPExM.ETORO] Delta-Update: Fetch ab 2026-07-23T03:59:59+00:00 rückwärts bis 2025-08-10T16:09:41.204653+00:00
2026-10-04 18:16:50,818 | DEBUG    | historical_fetcher | [PEPExM.ETORO] OneHour: 1000 Candles, älteste: 2026-08-24T01:00:00+00:00
2026-10-04 18:16:52,039 | INFO     | historical_fetcher | [PEPExM.ETORO] Historische Tiefe für OneHour erreicht.
2026-10-04 18:16:52,356 | DEBUG    | historical_fetcher | [PEPExM.ETORO] OneDay: 737 Candles, älteste: 2022-07-03T00:00:00+00:00
2026-10-04 18:16:53,458 | INFO     | historical_fetcher | [PEPExM.ETORO] Ziel-Startdatum mit OneDay erreicht.
2026-10-04 18:16:53,467 | INFO     | historical_fetcher | [PEPExM.ETORO] OneHour: 4000 Ticks → speichere (price_prec=8).
2026-10-04 18:16:53,472 | DEBUG    | historical_fetcher | [api_backfiller] PEPExM.ETORO: 11060→7060 Zeilen (-4000 Duplikate)
2026-10-04 18:16:53,474 | INFO     | historical_fetcher | [api_backfiller] PEPExM.ETORO: 7060 Zeilen gespeichert (price_prec=8, size_prec=8) → /home/minisforum/etoro_nautilus/data/nautilus/data/quote_tick/PEPExM.ETORO/OneHour/data.parquet
2026-10-04 18:16:53,477 | INFO     | historical_fetcher | [PEPExM.ETORO] OneDay: 1684 Ticks → speichere (price_prec=8).
2026-10-04 18:16:53,480 | DEBUG    | historical_fetcher | [api_backfiller] PEPExM.ETORO: 4620→2936 Zeilen (-1684 Duplikate)
2026-10-04 18:16:53,481 | INFO     | historical_fetcher | [api_backfiller] PEPExM.ETORO: 2936 Zeilen gespeichert (price_prec=8, size_prec=8) → /home/minisforum/etoro_nautilus/data/nautilus/data/quote_tick/PEPExM.ETORO/OneDay/data.parquet
2026-10-04 18:16:54,585 | INFO     | historical_fetcher | [PINS.ETORO] Delta-Update: Fetch ab 2026-02-06T14:59:59+00:00 rückwärts bis 2025-08-10T16:09:41.204653+00:00
2026-10-04 18:16:54,827 | DEBUG    | historical_fetcher | [PINS.ETORO] OneHour: 1000 Candles, älteste: 2026-03-10T16:00:00+00:00
2026-10-04 18:16:56,458 | INFO     | historical_fetcher | [PINS.ETORO] Historische Tiefe für OneHour erreicht.
2026-10-04 18:16:56,599 | DEBUG    | historical_fetcher | [PINS.ETORO] OneDay: 1000 Candles, älteste: 2022-08-22T00:00:00+00:00
2026-10-04 18:16:57,700 | INFO     | historical_fetcher | [PINS.ETORO] Ziel-Startdatum mit OneDay erreicht.
2026-10-04 18:16:57,710 | INFO     | historical_fetcher | [PINS.ETORO] OneHour: 4000 Ticks → speichere (price_prec=2).
2026-10-04 18:16:57,714 | DEBUG    | historical_fetcher | [api_backfiller] PINS.ETORO: 8588→4588 Zeilen (-4000 Duplikate)
2026-10-04 18:16:57,717 | INFO     | historical_fetcher | [api_backfiller] PINS.ETORO: 4588 Zeilen gespeichert (price_prec=2, size_prec=2) → /home/minisforum/etoro_nautilus/data/nautilus/data/quote_tick/PINS.ETORO/OneHour/data.parquet
2026-10-04 18:16:57,721 | INFO     | historical_fetcher | [PINS.ETORO] OneDay: 1120 Ticks → speichere (price_prec=2).
2026-10-04 18:16:57,725 | DEBUG    | historical_fetcher | [api_backfiller] PINS.ETORO: 4048→2928 Zeilen (-1120 Duplikate)
2026-10-04 18:16:57,726 | INFO     | historical_fetcher | [api_backfiller] PINS.ETORO: 2928 Zeilen gespeichert (price_prec=2, size_prec=2) → /home/minisforum/etoro_nautilus/data/nautilus/data/quote_tick/PINS.ETORO/OneDay/data.parquet
2026-10-04 18:16:58,832 | INFO     | historical_fetcher | [PLTR.ETORO] Delta-Update: Fetch ab 2026-07-02T18:59:59+00:00 rückwärts bis 2025-08-10T16:09:41.204653+00:00
2026-10-04 18:16:59,033 | DEBUG    | historical_fetcher | [PLTR.ETORO] OneHour: 1000 Candles, älteste: 2026-08-03T20:00:00+00:00
2026-10-04 18:17:00,255 | INFO     | historical_fetcher | [PLTR.ETORO] Historische Tiefe für OneHour erreicht.
2026-10-04 18:17:00,379 | DEBUG    | historical_fetcher | [PLTR.ETORO] OneDay: 1000 Candles, älteste: 2022-09-02T00:00:00+00:00
2026-10-04 18:17:01,480 | INFO     | historical_fetcher | [PLTR.ETORO] Ziel-Startdatum mit OneDay erreicht.
2026-10-04 18:17:01,487 | INFO     | historical_fetcher | [PLTR.ETORO] OneHour: 4000 Ticks → speichere (price_prec=2).
2026-10-04 18:17:01,492 | DEBUG    | historical_fetcher | [api_backfiller] PLTR.ETORO: 9952→5952 Zeilen (-4000 Duplikate)
2026-10-04 18:17:01,495 | INFO     | historical_fetcher | [api_backfiller] PLTR.ETORO: 5952 Zeilen gespeichert (price_prec=2, size_prec=2) → /home/minisforum/etoro_nautilus/data/nautilus/data/quote_tick/PLTR.ETORO/OneHour/data.parquet
2026-10-04 18:17:01,498 | INFO     | historical_fetcher | [PLTR.ETORO] OneDay: 1156 Ticks → speichere (price_prec=2).
2026-10-04 18:17:01,500 | DEBUG    | historical_fetcher | [api_backfiller] PLTR.ETORO: 4120→2964 Zeilen (-1156 Duplikate)
2026-10-04 18:17:01,502 | INFO     | historical_fetcher | [api_backfiller] PLTR.ETORO: 2964 Zeilen gespeichert (price_prec=2, size_prec=2) → /home/minisforum/etoro_nautilus/data/nautilus/data/quote_tick/PLTR.ETORO/OneDay/data.parquet
2026-10-04 18:17:02,606 | INFO     | historical_fetcher | [PODD.ETORO] Delta-Update: Fetch ab 2026-05-21T14:59:59+00:00 rückwärts bis 2025-08-10T16:09:41.204653+00:00
2026-10-04 18:17:02,950 | DEBUG    | historical_fetcher | [PODD.ETORO] OneHour: 1000 Candles, älteste: 2026-06-10T20:00:00+00:00
2026-10-04 18:17:04,167 | INFO     | historical_fetcher | [PODD.ETORO] Historische Tiefe für OneHour erreicht.
2026-10-04 18:17:04,298 | DEBUG    | historical_fetcher | [PODD.ETORO] OneDay: 1000 Candles, älteste: 2022-09-01T00:00:00+00:00
2026-10-04 18:17:05,400 | INFO     | historical_fetcher | [PODD.ETORO] Ziel-Startdatum mit OneDay erreicht.
2026-10-04 18:17:05,410 | INFO     | historical_fetcher | [PODD.ETORO] OneHour: 4000 Ticks → speichere (price_prec=2).
2026-10-04 18:17:05,415 | DEBUG    | historical_fetcher | [api_backfiller] PODD.ETORO: 9104→5104 Zeilen (-4000 Duplikate)
2026-10-04 18:17:05,417 | INFO     | historical_fetcher | [api_backfiller] PODD.ETORO: 5104 Zeilen gespeichert (price_prec=2, size_prec=2) → /home/minisforum/etoro_nautilus/data/nautilus/data/quote_tick/PODD.ETORO/OneHour/data.parquet
2026-10-04 18:17:05,420 | INFO     | historical_fetcher | [PODD.ETORO] OneDay: 1152 Ticks → speichere (price_prec=2).
2026-10-04 18:17:05,422 | DEBUG    | historical_fetcher | [api_backfiller] PODD.ETORO: 4112→2960 Zeilen (-1152 Duplikate)
2026-10-04 18:17:05,424 | INFO     | historical_fetcher | [api_backfiller] PODD.ETORO: 2960 Zeilen gespeichert (price_prec=2, size_prec=2) → /home/minisforum/etoro_nautilus/data/nautilus/data/quote_tick/PODD.ETORO/OneDay/data.parquet
2026-10-04 18:17:06,527 | INFO     | historical_fetcher | [PSN.US.ETORO] Delta-Update: Fetch ab 2026-02-05T18:59:59+00:00 rückwärts bis 2025-08-10T16:09:41.204653+00:00
2026-10-04 18:17:06,658 | DEBUG    | historical_fetcher | [PSN.US.ETORO] OneHour: 1000 Candles, älteste: 2026-03-10T13:00:00+00:00
2026-10-04 18:17:07,878 | INFO     | historical_fetcher | [PSN.US.ETORO] Historische Tiefe für OneHour erreicht.
2026-10-04 18:17:08,005 | DEBUG    | historical_fetcher | [PSN.US.ETORO] OneDay: 999 Candles, älteste: 2022-08-04T00:00:00+00:00
2026-10-04 18:17:09,106 | INFO     | historical_fetcher | [PSN.US.ETORO] Ziel-Startdatum mit OneDay erreicht.
2026-10-04 18:17:09,114 | INFO     | historical_fetcher | [PSN.US.ETORO] OneHour: 4000 Ticks → speichere (price_prec=2).
2026-10-04 18:17:09,118 | DEBUG    | historical_fetcher | [api_backfiller] PSN.US.ETORO: 8588→4588 Zeilen (-4000 Duplikate)
2026-10-04 18:17:09,120 | INFO     | historical_fetcher | [api_backfiller] PSN.US.ETORO: 4588 Zeilen gespeichert (price_prec=2, size_prec=2) → /home/minisforum/etoro_nautilus/data/nautilus/data/quote_tick/PSN.US.ETORO/OneHour/data.parquet
2026-10-04 18:17:09,123 | INFO     | historical_fetcher | [PSN.US.ETORO] OneDay: 1120 Ticks → speichere (price_prec=2).
2026-10-04 18:17:09,125 | DEBUG    | historical_fetcher | [api_backfiller] PSN.US.ETORO: 4048→2928 Zeilen (-1120 Duplikate)
2026-10-04 18:17:09,127 | INFO     | historical_fetcher | [api_backfiller] PSN.US.ETORO: 2928 Zeilen gespeichert (price_prec=2, size_prec=2) → /home/minisforum/etoro_nautilus/data/nautilus/data/quote_tick/PSN.US.ETORO/OneDay/data.parquet
2026-10-04 18:17:10,230 | INFO     | historical_fetcher | [PSX.ETORO] Delta-Update: Fetch ab 2026-06-01T15:59:59+00:00 rückwärts bis 2025-08-10T16:09:41.204653+00:00
2026-10-04 18:17:10,355 | DEBUG    | historical_fetcher | [PSX.ETORO] OneHour: 1000 Candles, älteste: 2026-07-07T22:00:00+00:00
2026-10-04 18:17:11,573 | INFO     | historical_fetcher | [PSX.ETORO] Historische Tiefe für OneHour erreicht.
2026-10-04 18:17:11,693 | DEBUG    | historical_fetcher | [PSX.ETORO] OneDay: 1000 Candles, älteste: 2022-09-01T00:00:00+00:00
2026-10-04 18:17:12,794 | INFO     | historical_fetcher | [PSX.ETORO] Ziel-Startdatum mit OneDay erreicht.
2026-10-04 18:17:12,803 | INFO     | historical_fetcher | [PSX.ETORO] OneHour: 4000 Ticks → speichere (price_prec=2).
2026-10-04 18:17:12,808 | DEBUG    | historical_fetcher | [api_backfiller] PSX.ETORO: 9360→5360 Zeilen (-4000 Duplikate)
2026-10-04 18:17:12,811 | INFO     | historical_fetcher | [api_backfiller] PSX.ETORO: 5360 Zeilen gespeichert (price_prec=2, size_prec=2) → /home/minisforum/etoro_nautilus/data/nautilus/data/quote_tick/PSX.ETORO/OneHour/data.parquet
2026-10-04 18:17:12,816 | INFO     | historical_fetcher | [PSX.ETORO] OneDay: 1152 Ticks → speichere (price_prec=2).
2026-10-04 18:17:12,819 | DEBUG    | historical_fetcher | [api_backfiller] PSX.ETORO: 4112→2960 Zeilen (-1152 Duplikate)
2026-10-04 18:17:12,821 | INFO     | historical_fetcher | [api_backfiller] PSX.ETORO: 2960 Zeilen gespeichert (price_prec=2, size_prec=2) → /home/minisforum/etoro_nautilus/data/nautilus/data/quote_tick/PSX.ETORO/OneDay/data.parquet
2026-10-04 18:17:13,925 | INFO     | historical_fetcher | [PYPL.ETORO] Delta-Update: Fetch ab 2026-07-02T18:59:59+00:00 rückwärts bis 2025-08-10T16:09:41.204653+00:00
2026-10-04 18:17:14,260 | DEBUG    | historical_fetcher | [PYPL.ETORO] OneHour: 1000 Candles, älteste: 2026-08-03T19:00:00+00:00
2026-10-04 18:17:15,491 | INFO     | historical_fetcher | [PYPL.ETORO] Historische Tiefe für OneHour erreicht.
2026-10-04 18:17:15,626 | DEBUG    | historical_fetcher | [PYPL.ETORO] OneDay: 1000 Candles, älteste: 2022-09-02T00:00:00+00:00
2026-10-04 18:17:16,727 | INFO     | historical_fetcher | [PYPL.ETORO] Ziel-Startdatum mit OneDay erreicht.
2026-10-04 18:17:16,733 | INFO     | historical_fetcher | [PYPL.ETORO] OneHour: 4000 Ticks → speichere (price_prec=2).
2026-10-04 18:17:16,737 | DEBUG    | historical_fetcher | [api_backfiller] PYPL.ETORO: 9948→5948 Zeilen (-4000 Duplikate)
2026-10-04 18:17:16,739 | INFO     | historical_fetcher | [api_backfiller] PYPL.ETORO: 5948 Zeilen gespeichert (price_prec=2, size_prec=2) → /home/minisforum/etoro_nautilus/data/nautilus/data/quote_tick/PYPL.ETORO/OneHour/data.parquet
2026-10-04 18:17:16,741 | INFO     | historical_fetcher | [PYPL.ETORO] OneDay: 1156 Ticks → speichere (price_prec=2).
2026-10-04 18:17:16,744 | DEBUG    | historical_fetcher | [api_backfiller] PYPL.ETORO: 4120→2964 Zeilen (-1156 Duplikate)
2026-10-04 18:17:16,745 | INFO     | historical_fetcher | [api_backfiller] PYPL.ETORO: 2964 Zeilen gespeichert (price_prec=2, size_prec=2) → /home/minisforum/etoro_nautilus/data/nautilus/data/quote_tick/PYPL.ETORO/OneDay/data.parquet
2026-10-04 18:17:17,849 | INFO     | historical_fetcher | [QS.ETORO] Delta-Update: Fetch ab 2026-03-10T15:59:59+00:00 rückwärts bis 2025-08-10T16:09:41.204653+00:00
2026-10-04 18:17:18,117 | DEBUG    | historical_fetcher | [QS.ETORO] OneHour: 1000 Candles, älteste: 2026-03-10T16:00:00+00:00
2026-10-04 18:17:19,419 | INFO     | historical_fetcher | [QS.ETORO] Historische Tiefe für OneHour erreicht.
2026-10-04 18:17:19,540 | DEBUG    | historical_fetcher | [QS.ETORO] OneDay: 1000 Candles, älteste: 2022-08-22T00:00:00+00:00
2026-10-04 18:17:20,642 | INFO     | historical_fetcher | [QS.ETORO] Ziel-Startdatum mit OneDay erreicht.
2026-10-04 18:17:20,651 | INFO     | historical_fetcher | [QS.ETORO] OneHour: 4000 Ticks → speichere (price_prec=2).
2026-10-04 18:17:20,655 | DEBUG    | historical_fetcher | [api_backfiller] QS.ETORO: 8000→4000 Zeilen (-4000 Duplikate)
2026-10-04 18:17:20,657 | INFO     | historical_fetcher | [api_backfiller] QS.ETORO: 4000 Zeilen gespeichert (price_prec=2, size_prec=2) → /home/minisforum/etoro_nautilus/data/nautilus/data/quote_tick/QS.ETORO/OneHour/data.parquet
2026-10-04 18:17:20,660 | INFO     | historical_fetcher | [QS.ETORO] OneDay: 1120 Ticks → speichere (price_prec=2).
2026-10-04 18:17:20,662 | DEBUG    | historical_fetcher | [api_backfiller] QS.ETORO: 3960→2840 Zeilen (-1120 Duplikate)
2026-10-04 18:17:20,664 | INFO     | historical_fetcher | [api_backfiller] QS.ETORO: 2840 Zeilen gespeichert (price_prec=2, size_prec=2) → /home/minisforum/etoro_nautilus/data/nautilus/data/quote_tick/QS.ETORO/OneDay/data.parquet
2026-10-04 18:17:21,767 | INFO     | historical_fetcher | [RBLX.ETORO] Delta-Update: Fetch ab 2026-02-06T13:59:59+00:00 rückwärts bis 2025-08-10T16:09:41.204653+00:00
2026-10-04 18:17:21,934 | DEBUG    | historical_fetcher | [RBLX.ETORO] OneHour: 1000 Candles, älteste: 2026-03-10T16:00:00+00:00
2026-10-04 18:17:23,160 | INFO     | historical_fetcher | [RBLX.ETORO] Historische Tiefe für OneHour erreicht.
2026-10-04 18:17:23,274 | DEBUG    | historical_fetcher | [RBLX.ETORO] OneDay: 1000 Candles, älteste: 2022-08-22T00:00:00+00:00
2026-10-04 18:17:24,376 | INFO     | historical_fetcher | [RBLX.ETORO] Ziel-Startdatum mit OneDay erreicht.
2026-10-04 18:17:24,385 | INFO     | historical_fetcher | [RBLX.ETORO] OneHour: 4000 Ticks → speichere (price_prec=2).
2026-10-04 18:17:24,390 | DEBUG    | historical_fetcher | [api_backfiller] RBLX.ETORO: 8592→4592 Zeilen (-4000 Duplikate)
2026-10-04 18:17:24,393 | INFO     | historical_fetcher | [api_backfiller] RBLX.ETORO: 4592 Zeilen gespeichert (price_prec=2, size_prec=2) → /home/minisforum/etoro_nautilus/data/nautilus/data/quote_tick/RBLX.ETORO/OneHour/data.parquet
2026-10-04 18:17:24,397 | INFO     | historical_fetcher | [RBLX.ETORO] OneDay: 1120 Ticks → speichere (price_prec=2).
2026-10-04 18:17:24,400 | DEBUG    | historical_fetcher | [api_backfiller] RBLX.ETORO: 4048→2928 Zeilen (-1120 Duplikate)
2026-10-04 18:17:24,402 | INFO     | historical_fetcher | [api_backfiller] RBLX.ETORO: 2928 Zeilen gespeichert (price_prec=2, size_prec=2) → /home/minisforum/etoro_nautilus/data/nautilus/data/quote_tick/RBLX.ETORO/OneDay/data.parquet
2026-10-04 18:17:25,507 | INFO     | historical_fetcher | [RHM.DE.ETORO] Delta-Update: Fetch ab 2026-03-26T11:59:59+00:00 rückwärts bis 2025-08-10T16:09:41.204653+00:00
2026-10-04 18:17:25,809 | DEBUG    | historical_fetcher | [RHM.DE.ETORO] OneHour: 1000 Candles, älteste: 2026-04-29T13:00:00+00:00
2026-10-04 18:17:27,202 | INFO     | historical_fetcher | [RHM.DE.ETORO] Historische Tiefe für OneHour erreicht.
2026-10-04 18:17:27,423 | DEBUG    | historical_fetcher | [RHM.DE.ETORO] OneDay: 1000 Candles, älteste: 2022-09-23T00:00:00+00:00
2026-10-04 18:17:28,524 | INFO     | historical_fetcher | [RHM.DE.ETORO] Ziel-Startdatum mit OneDay erreicht.
2026-10-04 18:17:28,531 | INFO     | historical_fetcher | [RHM.DE.ETORO] OneHour: 4000 Ticks → speichere (price_prec=2).
2026-10-04 18:17:28,558 | DEBUG    | historical_fetcher | [api_backfiller] RHM.DE.ETORO: 8796→4796 Zeilen (-4000 Duplikate)
2026-10-04 18:17:28,560 | INFO     | historical_fetcher | [api_backfiller] RHM.DE.ETORO: 4796 Zeilen gespeichert (price_prec=2, size_prec=2) → /home/minisforum/etoro_nautilus/data/nautilus/data/quote_tick/RHM.DE.ETORO/OneHour/data.parquet
2026-10-04 18:17:28,563 | INFO     | historical_fetcher | [RHM.DE.ETORO] OneDay: 1148 Ticks → speichere (price_prec=2).
2026-10-04 18:17:28,565 | DEBUG    | historical_fetcher | [api_backfiller] RHM.DE.ETORO: 4144→2996 Zeilen (-1148 Duplikate)
2026-10-04 18:17:28,567 | INFO     | historical_fetcher | [api_backfiller] RHM.DE.ETORO: 2996 Zeilen gespeichert (price_prec=2, size_prec=2) → /home/minisforum/etoro_nautilus/data/nautilus/data/quote_tick/RHM.DE.ETORO/OneDay/data.parquet
2026-10-04 18:17:29,670 | INFO     | historical_fetcher | [RIOT.ETORO] Delta-Update: Fetch ab 2026-07-02T09:59:59+00:00 rückwärts bis 2025-08-10T16:09:41.204653+00:00
2026-10-04 18:17:29,796 | DEBUG    | historical_fetcher | [RIOT.ETORO] OneHour: 1000 Candles, älteste: 2026-08-03T11:00:00+00:00
2026-10-04 18:17:31,010 | INFO     | historical_fetcher | [RIOT.ETORO] Historische Tiefe für OneHour erreicht.
2026-10-04 18:17:31,139 | DEBUG    | historical_fetcher | [RIOT.ETORO] OneDay: 1000 Candles, älteste: 2022-09-02T00:00:00+00:00
2026-10-04 18:17:32,241 | INFO     | historical_fetcher | [RIOT.ETORO] Ziel-Startdatum mit OneDay erreicht.
2026-10-04 18:17:32,248 | INFO     | historical_fetcher | [RIOT.ETORO] OneHour: 4000 Ticks → speichere (price_prec=2).
2026-10-04 18:17:32,253 | DEBUG    | historical_fetcher | [api_backfiller] RIOT.ETORO: 9944→5944 Zeilen (-4000 Duplikate)
2026-10-04 18:17:32,255 | INFO     | historical_fetcher | [api_backfiller] RIOT.ETORO: 5944 Zeilen gespeichert (price_prec=2, size_prec=2) → /home/minisforum/etoro_nautilus/data/nautilus/data/quote_tick/RIOT.ETORO/OneHour/data.parquet
2026-10-04 18:17:32,258 | INFO     | historical_fetcher | [RIOT.ETORO] OneDay: 1156 Ticks → speichere (price_prec=2).
2026-10-04 18:17:32,260 | DEBUG    | historical_fetcher | [api_backfiller] RIOT.ETORO: 4120→2964 Zeilen (-1156 Duplikate)
2026-10-04 18:17:32,261 | INFO     | historical_fetcher | [api_backfiller] RIOT.ETORO: 2964 Zeilen gespeichert (price_prec=2, size_prec=2) → /home/minisforum/etoro_nautilus/data/nautilus/data/quote_tick/RIOT.ETORO/OneDay/data.parquet
2026-10-04 18:17:33,366 | INFO     | historical_fetcher | [RLAY.ETORO] Delta-Update: Fetch ab 2026-02-05T18:59:59+00:00 rückwärts bis 2025-08-10T16:09:41.204653+00:00
2026-10-04 18:17:33,813 | DEBUG    | historical_fetcher | [RLAY.ETORO] OneHour: 1000 Candles, älteste: 2026-03-10T14:00:00+00:00
2026-10-04 18:17:35,177 | INFO     | historical_fetcher | [RLAY.ETORO] Historische Tiefe für OneHour erreicht.
2026-10-04 18:17:35,298 | DEBUG    | historical_fetcher | [RLAY.ETORO] OneDay: 1000 Candles, älteste: 2022-08-22T00:00:00+00:00
2026-10-04 18:17:36,399 | INFO     | historical_fetcher | [RLAY.ETORO] Ziel-Startdatum mit OneDay erreicht.
2026-10-04 18:17:36,408 | INFO     | historical_fetcher | [RLAY.ETORO] OneHour: 4000 Ticks → speichere (price_prec=2).
2026-10-04 18:17:36,412 | DEBUG    | historical_fetcher | [api_backfiller] RLAY.ETORO: 8592→4592 Zeilen (-4000 Duplikate)
2026-10-04 18:17:36,414 | INFO     | historical_fetcher | [api_backfiller] RLAY.ETORO: 4592 Zeilen gespeichert (price_prec=2, size_prec=2) → /home/minisforum/etoro_nautilus/data/nautilus/data/quote_tick/RLAY.ETORO/OneHour/data.parquet
2026-10-04 18:17:36,417 | INFO     | historical_fetcher | [RLAY.ETORO] OneDay: 1120 Ticks → speichere (price_prec=2).
2026-10-04 18:17:36,419 | DEBUG    | historical_fetcher | [api_backfiller] RLAY.ETORO: 4048→2928 Zeilen (-1120 Duplikate)
2026-10-04 18:17:36,420 | INFO     | historical_fetcher | [api_backfiller] RLAY.ETORO: 2928 Zeilen gespeichert (price_prec=2, size_prec=2) → /home/minisforum/etoro_nautilus/data/nautilus/data/quote_tick/RLAY.ETORO/OneDay/data.parquet
2026-10-04 18:17:37,524 | INFO     | historical_fetcher | [ROP.ZU.ETORO] Delta-Update: Fetch ab 2026-03-24T11:59:59+00:00 rückwärts bis 2025-08-10T16:09:41.204653+00:00
2026-10-04 18:17:37,721 | DEBUG    | historical_fetcher | [ROP.ZU.ETORO] OneHour: 1000 Candles, älteste: 2026-04-27T13:00:00+00:00
2026-10-04 18:17:38,947 | INFO     | historical_fetcher | [ROP.ZU.ETORO] Historische Tiefe für OneHour erreicht.
2026-10-04 18:17:39,078 | DEBUG    | historical_fetcher | [ROP.ZU.ETORO] OneDay: 1000 Candles, älteste: 2022-08-31T00:00:00+00:00
2026-10-04 18:17:40,179 | INFO     | historical_fetcher | [ROP.ZU.ETORO] Ziel-Startdatum mit OneDay erreicht.
2026-10-04 18:17:40,189 | INFO     | historical_fetcher | [ROP.ZU.ETORO] OneHour: 4000 Ticks → speichere (price_prec=2).
2026-10-04 18:17:40,194 | DEBUG    | historical_fetcher | [api_backfiller] ROP.ZU.ETORO: 8796→4796 Zeilen (-4000 Duplikate)
2026-10-04 18:17:40,196 | INFO     | historical_fetcher | [api_backfiller] ROP.ZU.ETORO: 4796 Zeilen gespeichert (price_prec=2, size_prec=2) → /home/minisforum/etoro_nautilus/data/nautilus/data/quote_tick/ROP.ZU.ETORO/OneHour/data.parquet
2026-10-04 18:17:40,199 | INFO     | historical_fetcher | [ROP.ZU.ETORO] OneDay: 1132 Ticks → speichere (price_prec=2).
2026-10-04 18:17:40,201 | DEBUG    | historical_fetcher | [api_backfiller] ROP.ZU.ETORO: 4080→2948 Zeilen (-1132 Duplikate)
2026-10-04 18:17:40,202 | INFO     | historical_fetcher | [api_backfiller] ROP.ZU.ETORO: 2948 Zeilen gespeichert (price_prec=2, size_prec=2) → /home/minisforum/etoro_nautilus/data/nautilus/data/quote_tick/ROP.ZU.ETORO/OneDay/data.parquet
2026-10-04 18:17:41,306 | INFO     | historical_fetcher | [RUN.ETORO] Delta-Update: Fetch ab 2026-03-10T14:59:59+00:00 rückwärts bis 2025-08-10T16:09:41.204653+00:00
2026-10-04 18:17:41,453 | DEBUG    | historical_fetcher | [RUN.ETORO] OneHour: 1000 Candles, älteste: 2026-03-10T15:00:00+00:00
2026-10-04 18:17:42,680 | INFO     | historical_fetcher | [RUN.ETORO] Historische Tiefe für OneHour erreicht.
2026-10-04 18:17:42,808 | DEBUG    | historical_fetcher | [RUN.ETORO] OneDay: 1000 Candles, älteste: 2022-08-22T00:00:00+00:00
2026-10-04 18:17:43,909 | INFO     | historical_fetcher | [RUN.ETORO] Ziel-Startdatum mit OneDay erreicht.
2026-10-04 18:17:43,917 | INFO     | historical_fetcher | [RUN.ETORO] OneHour: 4000 Ticks → speichere (price_prec=2).
2026-10-04 18:17:43,920 | DEBUG    | historical_fetcher | [api_backfiller] RUN.ETORO: 8000→4000 Zeilen (-4000 Duplikate)
2026-10-04 18:17:43,921 | INFO     | historical_fetcher | [api_backfiller] RUN.ETORO: 4000 Zeilen gespeichert (price_prec=2, size_prec=2) → /home/minisforum/etoro_nautilus/data/nautilus/data/quote_tick/RUN.ETORO/OneHour/data.parquet
2026-10-04 18:17:43,924 | INFO     | historical_fetcher | [RUN.ETORO] OneDay: 1120 Ticks → speichere (price_prec=2).
2026-10-04 18:17:43,926 | DEBUG    | historical_fetcher | [api_backfiller] RUN.ETORO: 3960→2840 Zeilen (-1120 Duplikate)
2026-10-04 18:17:43,928 | INFO     | historical_fetcher | [api_backfiller] RUN.ETORO: 2840 Zeilen gespeichert (price_prec=2, size_prec=2) → /home/minisforum/etoro_nautilus/data/nautilus/data/quote_tick/RUN.ETORO/OneDay/data.parquet
2026-10-04 18:17:45,031 | INFO     | historical_fetcher | [RVMD.ETORO] Delta-Update: Fetch ab 2026-02-05T19:59:59+00:00 rückwärts bis 2025-08-10T16:09:41.204653+00:00
2026-10-04 18:17:45,333 | DEBUG    | historical_fetcher | [RVMD.ETORO] OneHour: 1000 Candles, älteste: 2026-03-10T16:00:00+00:00
2026-10-04 18:17:46,975 | INFO     | historical_fetcher | [RVMD.ETORO] Historische Tiefe für OneHour erreicht.
2026-10-04 18:17:47,112 | DEBUG    | historical_fetcher | [RVMD.ETORO] OneDay: 1000 Candles, älteste: 2022-08-22T00:00:00+00:00
2026-10-04 18:17:48,213 | INFO     | historical_fetcher | [RVMD.ETORO] Ziel-Startdatum mit OneDay erreicht.
2026-10-04 18:17:48,219 | INFO     | historical_fetcher | [RVMD.ETORO] OneHour: 4000 Ticks → speichere (price_prec=2).
2026-10-04 18:17:48,222 | DEBUG    | historical_fetcher | [api_backfiller] RVMD.ETORO: 8592→4592 Zeilen (-4000 Duplikate)
2026-10-04 18:17:48,224 | INFO     | historical_fetcher | [api_backfiller] RVMD.ETORO: 4592 Zeilen gespeichert (price_prec=2, size_prec=2) → /home/minisforum/etoro_nautilus/data/nautilus/data/quote_tick/RVMD.ETORO/OneHour/data.parquet
2026-10-04 18:17:48,227 | INFO     | historical_fetcher | [RVMD.ETORO] OneDay: 1120 Ticks → speichere (price_prec=2).
2026-10-04 18:17:48,229 | DEBUG    | historical_fetcher | [api_backfiller] RVMD.ETORO: 4048→2928 Zeilen (-1120 Duplikate)
2026-10-04 18:17:48,230 | INFO     | historical_fetcher | [api_backfiller] RVMD.ETORO: 2928 Zeilen gespeichert (price_prec=2, size_prec=2) → /home/minisforum/etoro_nautilus/data/nautilus/data/quote_tick/RVMD.ETORO/OneDay/data.parquet
2026-10-04 18:17:49,334 | INFO     | historical_fetcher | [SE.ETORO] Delta-Update: Fetch ab 2026-02-05T19:59:59+00:00 rückwärts bis 2025-08-10T16:09:41.204653+00:00
2026-10-04 18:17:49,457 | DEBUG    | historical_fetcher | [SE.ETORO] OneHour: 1000 Candles, älteste: 2026-03-10T15:00:00+00:00
2026-10-04 18:17:50,689 | INFO     | historical_fetcher | [SE.ETORO] Historische Tiefe für OneHour erreicht.
2026-10-04 18:17:50,811 | DEBUG    | historical_fetcher | [SE.ETORO] OneDay: 1000 Candles, älteste: 2022-08-22T00:00:00+00:00
2026-10-04 18:17:51,912 | INFO     | historical_fetcher | [SE.ETORO] Ziel-Startdatum mit OneDay erreicht.
2026-10-04 18:17:51,921 | INFO     | historical_fetcher | [SE.ETORO] OneHour: 4000 Ticks → speichere (price_prec=2).
2026-10-04 18:17:51,925 | DEBUG    | historical_fetcher | [api_backfiller] SE.ETORO: 8592→4592 Zeilen (-4000 Duplikate)
2026-10-04 18:17:51,928 | INFO     | historical_fetcher | [api_backfiller] SE.ETORO: 4592 Zeilen gespeichert (price_prec=2, size_prec=2) → /home/minisforum/etoro_nautilus/data/nautilus/data/quote_tick/SE.ETORO/OneHour/data.parquet
2026-10-04 18:17:51,933 | INFO     | historical_fetcher | [SE.ETORO] OneDay: 1120 Ticks → speichere (price_prec=2).
2026-10-04 18:17:51,936 | DEBUG    | historical_fetcher | [api_backfiller] SE.ETORO: 4048→2928 Zeilen (-1120 Duplikate)
2026-10-04 18:17:51,937 | INFO     | historical_fetcher | [api_backfiller] SE.ETORO: 2928 Zeilen gespeichert (price_prec=2, size_prec=2) → /home/minisforum/etoro_nautilus/data/nautilus/data/quote_tick/SE.ETORO/OneDay/data.parquet
2026-10-04 18:17:53,040 | INFO     | historical_fetcher | [SMTC.ETORO] Delta-Update: Fetch ab 2026-02-05T19:59:59+00:00 rückwärts bis 2025-08-10T16:09:41.204653+00:00
2026-10-04 18:17:53,397 | DEBUG    | historical_fetcher | [SMTC.ETORO] OneHour: 1000 Candles, älteste: 2026-03-10T15:00:00+00:00
2026-10-04 18:17:54,652 | INFO     | historical_fetcher | [SMTC.ETORO] Historische Tiefe für OneHour erreicht.
2026-10-04 18:17:54,779 | DEBUG    | historical_fetcher | [SMTC.ETORO] OneDay: 1000 Candles, älteste: 2022-08-22T00:00:00+00:00
2026-10-04 18:17:55,880 | INFO     | historical_fetcher | [SMTC.ETORO] Ziel-Startdatum mit OneDay erreicht.
2026-10-04 18:17:55,886 | INFO     | historical_fetcher | [SMTC.ETORO] OneHour: 4000 Ticks → speichere (price_prec=2).
2026-10-04 18:17:55,890 | DEBUG    | historical_fetcher | [api_backfiller] SMTC.ETORO: 8592→4592 Zeilen (-4000 Duplikate)
2026-10-04 18:17:55,893 | INFO     | historical_fetcher | [api_backfiller] SMTC.ETORO: 4592 Zeilen gespeichert (price_prec=2, size_prec=2) → /home/minisforum/etoro_nautilus/data/nautilus/data/quote_tick/SMTC.ETORO/OneHour/data.parquet
2026-10-04 18:17:55,895 | INFO     | historical_fetcher | [SMTC.ETORO] OneDay: 1120 Ticks → speichere (price_prec=2).
2026-10-04 18:17:55,898 | DEBUG    | historical_fetcher | [api_backfiller] SMTC.ETORO: 4048→2928 Zeilen (-1120 Duplikate)
2026-10-04 18:17:55,900 | INFO     | historical_fetcher | [api_backfiller] SMTC.ETORO: 2928 Zeilen gespeichert (price_prec=2, size_prec=2) → /home/minisforum/etoro_nautilus/data/nautilus/data/quote_tick/SMTC.ETORO/OneDay/data.parquet
2026-10-04 18:17:57,004 | INFO     | historical_fetcher | [SN.ETORO] Delta-Update: Fetch ab 2026-03-10T14:59:59+00:00 rückwärts bis 2025-08-10T16:09:41.204653+00:00
2026-10-04 18:17:57,124 | DEBUG    | historical_fetcher | [SN.ETORO] OneHour: 1000 Candles, älteste: 2026-03-10T16:00:00+00:00
2026-10-04 18:17:58,349 | INFO     | historical_fetcher | [SN.ETORO] Historische Tiefe für OneHour erreicht.
2026-10-04 18:17:58,476 | DEBUG    | historical_fetcher | [SN.ETORO] OneDay: 775 Candles, älteste: 2023-07-31T00:00:00+00:00
2026-10-04 18:17:59,578 | INFO     | historical_fetcher | [SN.ETORO] Ziel-Startdatum mit OneDay erreicht.
2026-10-04 18:17:59,586 | INFO     | historical_fetcher | [SN.ETORO] OneHour: 4000 Ticks → speichere (price_prec=2).
2026-10-04 18:17:59,591 | DEBUG    | historical_fetcher | [api_backfiller] SN.ETORO: 8004→4004 Zeilen (-4000 Duplikate)
2026-10-04 18:17:59,593 | INFO     | historical_fetcher | [api_backfiller] SN.ETORO: 4004 Zeilen gespeichert (price_prec=2, size_prec=2) → /home/minisforum/etoro_nautilus/data/nautilus/data/quote_tick/SN.ETORO/OneHour/data.parquet
2026-10-04 18:17:59,597 | INFO     | historical_fetcher | [SN.ETORO] OneDay: 1120 Ticks → speichere (price_prec=2).
2026-10-04 18:17:59,600 | DEBUG    | historical_fetcher | [api_backfiller] SN.ETORO: 3984→2864 Zeilen (-1120 Duplikate)
2026-10-04 18:17:59,602 | INFO     | historical_fetcher | [api_backfiller] SN.ETORO: 2864 Zeilen gespeichert (price_prec=2, size_prec=2) → /home/minisforum/etoro_nautilus/data/nautilus/data/quote_tick/SN.ETORO/OneDay/data.parquet
2026-10-04 18:18:00,707 | INFO     | historical_fetcher | [SNAP.ETORO] Delta-Update: Fetch ab 2026-07-02T03:59:59+00:00 rückwärts bis 2025-08-10T16:09:41.204653+00:00
2026-10-04 18:18:00,838 | DEBUG    | historical_fetcher | [SNAP.ETORO] OneHour: 1000 Candles, älteste: 2026-08-03T12:00:00+00:00
2026-10-04 18:18:02,468 | INFO     | historical_fetcher | [SNAP.ETORO] Historische Tiefe für OneHour erreicht.
2026-10-04 18:18:02,670 | DEBUG    | historical_fetcher | [SNAP.ETORO] OneDay: 1000 Candles, älteste: 2022-09-02T00:00:00+00:00
2026-10-04 18:18:03,772 | INFO     | historical_fetcher | [SNAP.ETORO] Ziel-Startdatum mit OneDay erreicht.
2026-10-04 18:18:03,781 | INFO     | historical_fetcher | [SNAP.ETORO] OneHour: 4000 Ticks → speichere (price_prec=2).
2026-10-04 18:18:03,787 | DEBUG    | historical_fetcher | [api_backfiller] SNAP.ETORO: 9944→5944 Zeilen (-4000 Duplikate)
2026-10-04 18:18:03,790 | INFO     | historical_fetcher | [api_backfiller] SNAP.ETORO: 5944 Zeilen gespeichert (price_prec=2, size_prec=2) → /home/minisforum/etoro_nautilus/data/nautilus/data/quote_tick/SNAP.ETORO/OneHour/data.parquet
2026-10-04 18:18:03,794 | INFO     | historical_fetcher | [SNAP.ETORO] OneDay: 1156 Ticks → speichere (price_prec=2).
2026-10-04 18:18:03,797 | DEBUG    | historical_fetcher | [api_backfiller] SNAP.ETORO: 4120→2964 Zeilen (-1156 Duplikate)
2026-10-04 18:18:03,799 | INFO     | historical_fetcher | [api_backfiller] SNAP.ETORO: 2964 Zeilen gespeichert (price_prec=2, size_prec=2) → /home/minisforum/etoro_nautilus/data/nautilus/data/quote_tick/SNAP.ETORO/OneDay/data.parquet
2026-10-04 18:18:04,903 | INFO     | historical_fetcher | [SQM.ETORO] Delta-Update: Fetch ab 2026-02-06T14:59:59+00:00 rückwärts bis 2025-08-10T16:09:41.204653+00:00
2026-10-04 18:18:05,151 | DEBUG    | historical_fetcher | [SQM.ETORO] OneHour: 1000 Candles, älteste: 2026-03-10T16:00:00+00:00
2026-10-04 18:18:06,819 | INFO     | historical_fetcher | [SQM.ETORO] Historische Tiefe für OneHour erreicht.
2026-10-04 18:18:06,981 | DEBUG    | historical_fetcher | [SQM.ETORO] OneDay: 1000 Candles, älteste: 2022-08-22T00:00:00+00:00
2026-10-04 18:18:08,082 | INFO     | historical_fetcher | [SQM.ETORO] Ziel-Startdatum mit OneDay erreicht.
2026-10-04 18:18:08,091 | INFO     | historical_fetcher | [SQM.ETORO] OneHour: 4000 Ticks → speichere (price_prec=2).
2026-10-04 18:18:08,096 | DEBUG    | historical_fetcher | [api_backfiller] SQM.ETORO: 8588→4588 Zeilen (-4000 Duplikate)
2026-10-04 18:18:08,098 | INFO     | historical_fetcher | [api_backfiller] SQM.ETORO: 4588 Zeilen gespeichert (price_prec=2, size_prec=2) → /home/minisforum/etoro_nautilus/data/nautilus/data/quote_tick/SQM.ETORO/OneHour/data.parquet
2026-10-04 18:18:08,102 | INFO     | historical_fetcher | [SQM.ETORO] OneDay: 1120 Ticks → speichere (price_prec=2).
2026-10-04 18:18:08,105 | DEBUG    | historical_fetcher | [api_backfiller] SQM.ETORO: 4048→2928 Zeilen (-1120 Duplikate)
2026-10-04 18:18:08,108 | INFO     | historical_fetcher | [api_backfiller] SQM.ETORO: 2928 Zeilen gespeichert (price_prec=2, size_prec=2) → /home/minisforum/etoro_nautilus/data/nautilus/data/quote_tick/SQM.ETORO/OneDay/data.parquet
2026-10-04 18:18:09,212 | INFO     | historical_fetcher | [STX.US.ETORO] Delta-Update: Fetch ab 2026-07-02T16:59:59+00:00 rückwärts bis 2025-08-10T16:09:41.204653+00:00
2026-10-04 18:18:09,361 | DEBUG    | historical_fetcher | [STX.US.ETORO] OneHour: 1000 Candles, älteste: 2026-08-03T20:00:00+00:00
2026-10-04 18:18:10,577 | INFO     | historical_fetcher | [STX.US.ETORO] Historische Tiefe für OneHour erreicht.
2026-10-04 18:18:10,707 | DEBUG    | historical_fetcher | [STX.US.ETORO] OneDay: 1000 Candles, älteste: 2022-09-02T00:00:00+00:00
2026-10-04 18:18:11,809 | INFO     | historical_fetcher | [STX.US.ETORO] Ziel-Startdatum mit OneDay erreicht.
2026-10-04 18:18:11,818 | INFO     | historical_fetcher | [STX.US.ETORO] OneHour: 4000 Ticks → speichere (price_prec=2).
2026-10-04 18:18:11,824 | DEBUG    | historical_fetcher | [api_backfiller] STX.US.ETORO: 9952→5952 Zeilen (-4000 Duplikate)
2026-10-04 18:18:11,827 | INFO     | historical_fetcher | [api_backfiller] STX.US.ETORO: 5952 Zeilen gespeichert (price_prec=2, size_prec=2) → /home/minisforum/etoro_nautilus/data/nautilus/data/quote_tick/STX.US.ETORO/OneHour/data.parquet
2026-10-04 18:18:11,831 | INFO     | historical_fetcher | [STX.US.ETORO] OneDay: 1156 Ticks → speichere (price_prec=2).
2026-10-04 18:18:11,835 | DEBUG    | historical_fetcher | [api_backfiller] STX.US.ETORO: 4120→2964 Zeilen (-1156 Duplikate)
2026-10-04 18:18:11,837 | INFO     | historical_fetcher | [api_backfiller] STX.US.ETORO: 2964 Zeilen gespeichert (price_prec=2, size_prec=2) → /home/minisforum/etoro_nautilus/data/nautilus/data/quote_tick/STX.US.ETORO/OneDay/data.parquet
2026-10-04 18:18:12,940 | INFO     | historical_fetcher | [SU.ETORO] Delta-Update: Fetch ab 2026-02-06T14:59:59+00:00 rückwärts bis 2025-08-10T16:09:41.204653+00:00
2026-10-04 18:18:13,103 | DEBUG    | historical_fetcher | [SU.ETORO] OneHour: 1000 Candles, älteste: 2026-03-10T16:00:00+00:00
2026-10-04 18:18:14,330 | INFO     | historical_fetcher | [SU.ETORO] Historische Tiefe für OneHour erreicht.
2026-10-04 18:18:14,451 | DEBUG    | historical_fetcher | [SU.ETORO] OneDay: 1000 Candles, älteste: 2022-08-22T00:00:00+00:00
2026-10-04 18:18:15,552 | INFO     | historical_fetcher | [SU.ETORO] Ziel-Startdatum mit OneDay erreicht.
2026-10-04 18:18:15,561 | INFO     | historical_fetcher | [SU.ETORO] OneHour: 4000 Ticks → speichere (price_prec=2).
2026-10-04 18:18:15,566 | DEBUG    | historical_fetcher | [api_backfiller] SU.ETORO: 8588→4588 Zeilen (-4000 Duplikate)
2026-10-04 18:18:15,569 | INFO     | historical_fetcher | [api_backfiller] SU.ETORO: 4588 Zeilen gespeichert (price_prec=2, size_prec=2) → /home/minisforum/etoro_nautilus/data/nautilus/data/quote_tick/SU.ETORO/OneHour/data.parquet
2026-10-04 18:18:15,573 | INFO     | historical_fetcher | [SU.ETORO] OneDay: 1120 Ticks → speichere (price_prec=2).
2026-10-04 18:18:15,576 | DEBUG    | historical_fetcher | [api_backfiller] SU.ETORO: 4048→2928 Zeilen (-1120 Duplikate)
2026-10-04 18:18:15,578 | INFO     | historical_fetcher | [api_backfiller] SU.ETORO: 2928 Zeilen gespeichert (price_prec=2, size_prec=2) → /home/minisforum/etoro_nautilus/data/nautilus/data/quote_tick/SU.ETORO/OneDay/data.parquet
2026-10-04 18:18:16,682 | INFO     | historical_fetcher | [TD.ETORO] Delta-Update: Fetch ab 2026-02-05T19:59:59+00:00 rückwärts bis 2025-08-10T16:09:41.204653+00:00
2026-10-04 18:18:16,804 | DEBUG    | historical_fetcher | [TD.ETORO] OneHour: 1000 Candles, älteste: 2026-03-10T14:00:00+00:00
2026-10-04 18:18:18,502 | INFO     | historical_fetcher | [TD.ETORO] Historische Tiefe für OneHour erreicht.
2026-10-04 18:18:18,765 | DEBUG    | historical_fetcher | [TD.ETORO] OneDay: 1000 Candles, älteste: 2022-08-22T00:00:00+00:00
2026-10-04 18:18:19,867 | INFO     | historical_fetcher | [TD.ETORO] Ziel-Startdatum mit OneDay erreicht.
2026-10-04 18:18:19,874 | INFO     | historical_fetcher | [TD.ETORO] OneHour: 4000 Ticks → speichere (price_prec=2).
2026-10-04 18:18:19,878 | DEBUG    | historical_fetcher | [api_backfiller] TD.ETORO: 8588→4588 Zeilen (-4000 Duplikate)
2026-10-04 18:18:19,880 | INFO     | historical_fetcher | [api_backfiller] TD.ETORO: 4588 Zeilen gespeichert (price_prec=2, size_prec=2) → /home/minisforum/etoro_nautilus/data/nautilus/data/quote_tick/TD.ETORO/OneHour/data.parquet
2026-10-04 18:18:19,883 | INFO     | historical_fetcher | [TD.ETORO] OneDay: 1120 Ticks → speichere (price_prec=2).
2026-10-04 18:18:19,886 | DEBUG    | historical_fetcher | [api_backfiller] TD.ETORO: 4048→2928 Zeilen (-1120 Duplikate)
2026-10-04 18:18:19,888 | INFO     | historical_fetcher | [api_backfiller] TD.ETORO: 2928 Zeilen gespeichert (price_prec=2, size_prec=2) → /home/minisforum/etoro_nautilus/data/nautilus/data/quote_tick/TD.ETORO/OneDay/data.parquet
2026-10-04 18:18:20,990 | INFO     | historical_fetcher | [TEAM.ETORO] Delta-Update: Fetch ab 2026-06-30T09:59:59+00:00 rückwärts bis 2025-08-10T16:09:41.204653+00:00
2026-10-04 18:18:21,114 | DEBUG    | historical_fetcher | [TEAM.ETORO] OneHour: 1000 Candles, älteste: 2026-07-29T08:00:00+00:00
2026-10-04 18:18:22,339 | INFO     | historical_fetcher | [TEAM.ETORO] Historische Tiefe für OneHour erreicht.
2026-10-04 18:18:22,477 | DEBUG    | historical_fetcher | [TEAM.ETORO] OneDay: 1000 Candles, älteste: 2022-09-02T00:00:00+00:00
2026-10-04 18:18:23,577 | INFO     | historical_fetcher | [TEAM.ETORO] Ziel-Startdatum mit OneDay erreicht.
2026-10-04 18:18:23,582 | INFO     | historical_fetcher | [TEAM.ETORO] OneHour: 4000 Ticks → speichere (price_prec=2).
2026-10-04 18:18:23,587 | DEBUG    | historical_fetcher | [api_backfiller] TEAM.ETORO: 9752→5752 Zeilen (-4000 Duplikate)
2026-10-04 18:18:23,589 | INFO     | historical_fetcher | [api_backfiller] TEAM.ETORO: 5752 Zeilen gespeichert (price_prec=2, size_prec=2) → /home/minisforum/etoro_nautilus/data/nautilus/data/quote_tick/TEAM.ETORO/OneHour/data.parquet
2026-10-04 18:18:23,592 | INFO     | historical_fetcher | [TEAM.ETORO] OneDay: 1156 Ticks → speichere (price_prec=2).
2026-10-04 18:18:23,595 | DEBUG    | historical_fetcher | [api_backfiller] TEAM.ETORO: 4120→2964 Zeilen (-1156 Duplikate)
2026-10-04 18:18:23,596 | INFO     | historical_fetcher | [api_backfiller] TEAM.ETORO: 2964 Zeilen gespeichert (price_prec=2, size_prec=2) → /home/minisforum/etoro_nautilus/data/nautilus/data/quote_tick/TEAM.ETORO/OneDay/data.parquet
2026-10-04 18:18:24,699 | INFO     | historical_fetcher | [TER.ETORO] Delta-Update: Fetch ab 2026-07-02T18:59:59+00:00 rückwärts bis 2025-08-10T16:09:41.204653+00:00
2026-10-04 18:18:24,829 | DEBUG    | historical_fetcher | [TER.ETORO] OneHour: 1000 Candles, älteste: 2026-08-03T19:00:00+00:00
2026-10-04 18:18:26,078 | INFO     | historical_fetcher | [TER.ETORO] Historische Tiefe für OneHour erreicht.
2026-10-04 18:18:26,391 | DEBUG    | historical_fetcher | [TER.ETORO] OneDay: 1000 Candles, älteste: 2022-09-02T00:00:00+00:00
2026-10-04 18:18:27,492 | INFO     | historical_fetcher | [TER.ETORO] Ziel-Startdatum mit OneDay erreicht.
2026-10-04 18:18:27,497 | INFO     | historical_fetcher | [TER.ETORO] OneHour: 4000 Ticks → speichere (price_prec=2).
2026-10-04 18:18:27,501 | DEBUG    | historical_fetcher | [api_backfiller] TER.ETORO: 9948→5948 Zeilen (-4000 Duplikate)
2026-10-04 18:18:27,504 | INFO     | historical_fetcher | [api_backfiller] TER.ETORO: 5948 Zeilen gespeichert (price_prec=2, size_prec=2) → /home/minisforum/etoro_nautilus/data/nautilus/data/quote_tick/TER.ETORO/OneHour/data.parquet
2026-10-04 18:18:27,507 | INFO     | historical_fetcher | [TER.ETORO] OneDay: 1156 Ticks → speichere (price_prec=2).
2026-10-04 18:18:27,509 | DEBUG    | historical_fetcher | [api_backfiller] TER.ETORO: 4120→2964 Zeilen (-1156 Duplikate)
2026-10-04 18:18:27,511 | INFO     | historical_fetcher | [api_backfiller] TER.ETORO: 2964 Zeilen gespeichert (price_prec=2, size_prec=2) → /home/minisforum/etoro_nautilus/data/nautilus/data/quote_tick/TER.ETORO/OneDay/data.parquet
2026-10-04 18:18:28,614 | INFO     | historical_fetcher | [TEVA.ETORO] Delta-Update: Fetch ab 2026-02-06T13:59:59+00:00 rückwärts bis 2025-08-10T16:09:41.204653+00:00
2026-10-04 18:18:29,225 | DEBUG    | historical_fetcher | [TEVA.ETORO] OneHour: 1000 Candles, älteste: 2026-03-10T16:00:00+00:00
2026-10-04 18:18:30,452 | INFO     | historical_fetcher | [TEVA.ETORO] Historische Tiefe für OneHour erreicht.
2026-10-04 18:18:30,574 | DEBUG    | historical_fetcher | [TEVA.ETORO] OneDay: 1000 Candles, älteste: 2022-08-22T00:00:00+00:00
2026-10-04 18:18:31,675 | INFO     | historical_fetcher | [TEVA.ETORO] Ziel-Startdatum mit OneDay erreicht.
2026-10-04 18:18:31,684 | INFO     | historical_fetcher | [TEVA.ETORO] OneHour: 4000 Ticks → speichere (price_prec=2).
2026-10-04 18:18:31,689 | DEBUG    | historical_fetcher | [api_backfiller] TEVA.ETORO: 8592→4592 Zeilen (-4000 Duplikate)
2026-10-04 18:18:31,692 | INFO     | historical_fetcher | [api_backfiller] TEVA.ETORO: 4592 Zeilen gespeichert (price_prec=2, size_prec=2) → /home/minisforum/etoro_nautilus/data/nautilus/data/quote_tick/TEVA.ETORO/OneHour/data.parquet
2026-10-04 18:18:31,697 | INFO     | historical_fetcher | [TEVA.ETORO] OneDay: 1120 Ticks → speichere (price_prec=2).
2026-10-04 18:18:31,701 | DEBUG    | historical_fetcher | [api_backfiller] TEVA.ETORO: 4048→2928 Zeilen (-1120 Duplikate)
2026-10-04 18:18:31,703 | INFO     | historical_fetcher | [api_backfiller] TEVA.ETORO: 2928 Zeilen gespeichert (price_prec=2, size_prec=2) → /home/minisforum/etoro_nautilus/data/nautilus/data/quote_tick/TEVA.ETORO/OneDay/data.parquet
2026-10-04 18:18:32,808 | INFO     | historical_fetcher | [TME.ETORO] Delta-Update: Fetch ab 2026-02-06T14:59:59+00:00 rückwärts bis 2025-08-10T16:09:41.204653+00:00
2026-10-04 18:18:32,976 | DEBUG    | historical_fetcher | [TME.ETORO] OneHour: 1000 Candles, älteste: 2026-03-10T16:00:00+00:00
2026-10-04 18:18:34,432 | INFO     | historical_fetcher | [TME.ETORO] Historische Tiefe für OneHour erreicht.
2026-10-04 18:18:34,894 | DEBUG    | historical_fetcher | [TME.ETORO] OneDay: 1000 Candles, älteste: 2022-08-22T00:00:00+00:00
2026-10-04 18:18:35,995 | INFO     | historical_fetcher | [TME.ETORO] Ziel-Startdatum mit OneDay erreicht.
2026-10-04 18:18:36,006 | INFO     | historical_fetcher | [TME.ETORO] OneHour: 4000 Ticks → speichere (price_prec=2).
2026-10-04 18:18:36,010 | DEBUG    | historical_fetcher | [api_backfiller] TME.ETORO: 8588→4588 Zeilen (-4000 Duplikate)
2026-10-04 18:18:36,013 | INFO     | historical_fetcher | [api_backfiller] TME.ETORO: 4588 Zeilen gespeichert (price_prec=2, size_prec=2) → /home/minisforum/etoro_nautilus/data/nautilus/data/quote_tick/TME.ETORO/OneHour/data.parquet
2026-10-04 18:18:36,017 | INFO     | historical_fetcher | [TME.ETORO] OneDay: 1120 Ticks → speichere (price_prec=2).
2026-10-04 18:18:36,021 | DEBUG    | historical_fetcher | [api_backfiller] TME.ETORO: 4048→2928 Zeilen (-1120 Duplikate)
2026-10-04 18:18:36,023 | INFO     | historical_fetcher | [api_backfiller] TME.ETORO: 2928 Zeilen gespeichert (price_prec=2, size_prec=2) → /home/minisforum/etoro_nautilus/data/nautilus/data/quote_tick/TME.ETORO/OneDay/data.parquet
2026-10-04 18:18:37,126 | INFO     | historical_fetcher | [TSEM.ETORO] Delta-Update: Fetch ab 2026-02-06T13:59:59+00:00 rückwärts bis 2025-08-10T16:09:41.204653+00:00
2026-10-04 18:18:37,249 | DEBUG    | historical_fetcher | [TSEM.ETORO] OneHour: 1000 Candles, älteste: 2026-03-10T15:00:00+00:00
2026-10-04 18:18:38,509 | INFO     | historical_fetcher | [TSEM.ETORO] Historische Tiefe für OneHour erreicht.
2026-10-04 18:18:39,254 | DEBUG    | historical_fetcher | [TSEM.ETORO] OneDay: 1000 Candles, älteste: 2022-08-22T00:00:00+00:00
2026-10-04 18:18:40,355 | INFO     | historical_fetcher | [TSEM.ETORO] Ziel-Startdatum mit OneDay erreicht.
2026-10-04 18:18:40,363 | INFO     | historical_fetcher | [TSEM.ETORO] OneHour: 4000 Ticks → speichere (price_prec=2).
2026-10-04 18:18:40,367 | DEBUG    | historical_fetcher | [api_backfiller] TSEM.ETORO: 8588→4588 Zeilen (-4000 Duplikate)
2026-10-04 18:18:40,369 | INFO     | historical_fetcher | [api_backfiller] TSEM.ETORO: 4588 Zeilen gespeichert (price_prec=2, size_prec=2) → /home/minisforum/etoro_nautilus/data/nautilus/data/quote_tick/TSEM.ETORO/OneHour/data.parquet
2026-10-04 18:18:40,372 | INFO     | historical_fetcher | [TSEM.ETORO] OneDay: 1120 Ticks → speichere (price_prec=2).
2026-10-04 18:18:40,374 | DEBUG    | historical_fetcher | [api_backfiller] TSEM.ETORO: 4048→2928 Zeilen (-1120 Duplikate)
2026-10-04 18:18:40,376 | INFO     | historical_fetcher | [api_backfiller] TSEM.ETORO: 2928 Zeilen gespeichert (price_prec=2, size_prec=2) → /home/minisforum/etoro_nautilus/data/nautilus/data/quote_tick/TSEM.ETORO/OneDay/data.parquet
2026-10-04 18:18:41,479 | INFO     | historical_fetcher | [TSLA.ETORO] Delta-Update: Fetch ab 2026-07-02T18:59:59+00:00 rückwärts bis 2025-08-10T16:09:41.204653+00:00
2026-10-04 18:18:41,700 | DEBUG    | historical_fetcher | [TSLA.ETORO] OneHour: 1000 Candles, älteste: 2026-08-03T20:00:00+00:00
2026-10-04 18:18:42,917 | INFO     | historical_fetcher | [TSLA.ETORO] Historische Tiefe für OneHour erreicht.
2026-10-04 18:18:43,038 | DEBUG    | historical_fetcher | [TSLA.ETORO] OneDay: 1000 Candles, älteste: 2022-09-02T00:00:00+00:00
2026-10-04 18:18:44,140 | INFO     | historical_fetcher | [TSLA.ETORO] Ziel-Startdatum mit OneDay erreicht.
2026-10-04 18:18:44,149 | INFO     | historical_fetcher | [TSLA.ETORO] OneHour: 4000 Ticks → speichere (price_prec=2).
2026-10-04 18:18:44,155 | DEBUG    | historical_fetcher | [api_backfiller] TSLA.ETORO: 9952→5952 Zeilen (-4000 Duplikate)
2026-10-04 18:18:44,158 | INFO     | historical_fetcher | [api_backfiller] TSLA.ETORO: 5952 Zeilen gespeichert (price_prec=2, size_prec=2) → /home/minisforum/etoro_nautilus/data/nautilus/data/quote_tick/TSLA.ETORO/OneHour/data.parquet
2026-10-04 18:18:44,162 | INFO     | historical_fetcher | [TSLA.ETORO] OneDay: 1156 Ticks → speichere (price_prec=2).
2026-10-04 18:18:44,166 | DEBUG    | historical_fetcher | [api_backfiller] TSLA.ETORO: 4120→2964 Zeilen (-1156 Duplikate)
2026-10-04 18:18:44,168 | INFO     | historical_fetcher | [api_backfiller] TSLA.ETORO: 2964 Zeilen gespeichert (price_prec=2, size_prec=2) → /home/minisforum/etoro_nautilus/data/nautilus/data/quote_tick/TSLA.ETORO/OneDay/data.parquet
2026-10-04 18:18:45,273 | INFO     | historical_fetcher | [TTD.ETORO] Delta-Update: Fetch ab 2026-07-02T17:59:59+00:00 rückwärts bis 2025-08-10T16:09:41.204653+00:00
2026-10-04 18:18:45,945 | DEBUG    | historical_fetcher | [TTD.ETORO] OneHour: 1000 Candles, älteste: 2026-08-03T20:00:00+00:00
2026-10-04 18:18:47,290 | INFO     | historical_fetcher | [TTD.ETORO] Historische Tiefe für OneHour erreicht.
2026-10-04 18:18:47,418 | DEBUG    | historical_fetcher | [TTD.ETORO] OneDay: 1000 Candles, älteste: 2022-09-02T00:00:00+00:00
2026-10-04 18:18:48,520 | INFO     | historical_fetcher | [TTD.ETORO] Ziel-Startdatum mit OneDay erreicht.
2026-10-04 18:18:48,529 | INFO     | historical_fetcher | [TTD.ETORO] OneHour: 4000 Ticks → speichere (price_prec=2).
2026-10-04 18:18:48,535 | DEBUG    | historical_fetcher | [api_backfiller] TTD.ETORO: 9952→5952 Zeilen (-4000 Duplikate)
2026-10-04 18:18:48,537 | INFO     | historical_fetcher | [api_backfiller] TTD.ETORO: 5952 Zeilen gespeichert (price_prec=2, size_prec=2) → /home/minisforum/etoro_nautilus/data/nautilus/data/quote_tick/TTD.ETORO/OneHour/data.parquet
2026-10-04 18:18:48,542 | INFO     | historical_fetcher | [TTD.ETORO] OneDay: 1156 Ticks → speichere (price_prec=2).
2026-10-04 18:18:48,545 | DEBUG    | historical_fetcher | [api_backfiller] TTD.ETORO: 4120→2964 Zeilen (-1156 Duplikate)
2026-10-04 18:18:48,547 | INFO     | historical_fetcher | [api_backfiller] TTD.ETORO: 2964 Zeilen gespeichert (price_prec=2, size_prec=2) → /home/minisforum/etoro_nautilus/data/nautilus/data/quote_tick/TTD.ETORO/OneDay/data.parquet
2026-10-04 18:18:49,650 | INFO     | historical_fetcher | [TWST.ETORO] Delta-Update: Fetch ab 2026-02-06T13:59:59+00:00 rückwärts bis 2025-08-10T16:09:41.204653+00:00
2026-10-04 18:18:49,786 | DEBUG    | historical_fetcher | [TWST.ETORO] OneHour: 1000 Candles, älteste: 2026-03-10T15:00:00+00:00
2026-10-04 18:18:51,103 | INFO     | historical_fetcher | [TWST.ETORO] Historische Tiefe für OneHour erreicht.
2026-10-04 18:18:51,219 | DEBUG    | historical_fetcher | [TWST.ETORO] OneDay: 1000 Candles, älteste: 2022-08-22T00:00:00+00:00
2026-10-04 18:18:52,320 | INFO     | historical_fetcher | [TWST.ETORO] Ziel-Startdatum mit OneDay erreicht.
2026-10-04 18:18:52,328 | INFO     | historical_fetcher | [TWST.ETORO] OneHour: 4000 Ticks → speichere (price_prec=2).
2026-10-04 18:18:52,333 | DEBUG    | historical_fetcher | [api_backfiller] TWST.ETORO: 8588→4588 Zeilen (-4000 Duplikate)
2026-10-04 18:18:52,336 | INFO     | historical_fetcher | [api_backfiller] TWST.ETORO: 4588 Zeilen gespeichert (price_prec=2, size_prec=2) → /home/minisforum/etoro_nautilus/data/nautilus/data/quote_tick/TWST.ETORO/OneHour/data.parquet
2026-10-04 18:18:52,340 | INFO     | historical_fetcher | [TWST.ETORO] OneDay: 1120 Ticks → speichere (price_prec=2).
2026-10-04 18:18:52,343 | DEBUG    | historical_fetcher | [api_backfiller] TWST.ETORO: 4048→2928 Zeilen (-1120 Duplikate)
2026-10-04 18:18:52,344 | INFO     | historical_fetcher | [api_backfiller] TWST.ETORO: 2928 Zeilen gespeichert (price_prec=2, size_prec=2) → /home/minisforum/etoro_nautilus/data/nautilus/data/quote_tick/TWST.ETORO/OneDay/data.parquet
2026-10-04 18:18:53,450 | INFO     | historical_fetcher | [TXG.ETORO] Delta-Update: Fetch ab 2026-02-06T13:59:59+00:00 rückwärts bis 2025-08-10T16:09:41.204653+00:00
2026-10-04 18:18:54,188 | DEBUG    | historical_fetcher | [TXG.ETORO] OneHour: 1000 Candles, älteste: 2026-03-10T15:00:00+00:00
2026-10-04 18:18:55,432 | INFO     | historical_fetcher | [TXG.ETORO] Historische Tiefe für OneHour erreicht.
2026-10-04 18:18:55,552 | DEBUG    | historical_fetcher | [TXG.ETORO] OneDay: 1000 Candles, älteste: 2022-08-22T00:00:00+00:00
2026-10-04 18:18:56,653 | INFO     | historical_fetcher | [TXG.ETORO] Ziel-Startdatum mit OneDay erreicht.
2026-10-04 18:18:56,661 | INFO     | historical_fetcher | [TXG.ETORO] OneHour: 4000 Ticks → speichere (price_prec=2).
2026-10-04 18:18:56,666 | DEBUG    | historical_fetcher | [api_backfiller] TXG.ETORO: 8588→4588 Zeilen (-4000 Duplikate)
2026-10-04 18:18:56,669 | INFO     | historical_fetcher | [api_backfiller] TXG.ETORO: 4588 Zeilen gespeichert (price_prec=2, size_prec=2) → /home/minisforum/etoro_nautilus/data/nautilus/data/quote_tick/TXG.ETORO/OneHour/data.parquet
2026-10-04 18:18:56,673 | INFO     | historical_fetcher | [TXG.ETORO] OneDay: 1120 Ticks → speichere (price_prec=2).
2026-10-04 18:18:56,677 | DEBUG    | historical_fetcher | [api_backfiller] TXG.ETORO: 4048→2928 Zeilen (-1120 Duplikate)
2026-10-04 18:18:56,679 | INFO     | historical_fetcher | [api_backfiller] TXG.ETORO: 2928 Zeilen gespeichert (price_prec=2, size_prec=2) → /home/minisforum/etoro_nautilus/data/nautilus/data/quote_tick/TXG.ETORO/OneDay/data.parquet
2026-10-04 18:18:57,783 | INFO     | historical_fetcher | [UPST.ETORO] Delta-Update: Fetch ab 2026-02-06T13:59:59+00:00 rückwärts bis 2025-08-10T16:09:41.204653+00:00
2026-10-04 18:18:57,907 | DEBUG    | historical_fetcher | [UPST.ETORO] OneHour: 1000 Candles, älteste: 2026-03-10T15:00:00+00:00
2026-10-04 18:18:59,166 | INFO     | historical_fetcher | [UPST.ETORO] Historische Tiefe für OneHour erreicht.
2026-10-04 18:18:59,287 | DEBUG    | historical_fetcher | [UPST.ETORO] OneDay: 1000 Candles, älteste: 2022-08-22T00:00:00+00:00
2026-10-04 18:19:00,389 | INFO     | historical_fetcher | [UPST.ETORO] Ziel-Startdatum mit OneDay erreicht.
2026-10-04 18:19:00,396 | INFO     | historical_fetcher | [UPST.ETORO] OneHour: 4000 Ticks → speichere (price_prec=2).
2026-10-04 18:19:00,400 | DEBUG    | historical_fetcher | [api_backfiller] UPST.ETORO: 8588→4588 Zeilen (-4000 Duplikate)
2026-10-04 18:19:00,402 | INFO     | historical_fetcher | [api_backfiller] UPST.ETORO: 4588 Zeilen gespeichert (price_prec=2, size_prec=2) → /home/minisforum/etoro_nautilus/data/nautilus/data/quote_tick/UPST.ETORO/OneHour/data.parquet
2026-10-04 18:19:00,405 | INFO     | historical_fetcher | [UPST.ETORO] OneDay: 1120 Ticks → speichere (price_prec=2).
2026-10-04 18:19:00,407 | DEBUG    | historical_fetcher | [api_backfiller] UPST.ETORO: 4048→2928 Zeilen (-1120 Duplikate)
2026-10-04 18:19:00,409 | INFO     | historical_fetcher | [api_backfiller] UPST.ETORO: 2928 Zeilen gespeichert (price_prec=2, size_prec=2) → /home/minisforum/etoro_nautilus/data/nautilus/data/quote_tick/UPST.ETORO/OneDay/data.parquet
2026-10-04 18:19:01,513 | INFO     | historical_fetcher | [USDTRY.ETORO] Delta-Update: Fetch ab 2026-07-07T03:59:59+00:00 rückwärts bis 2025-08-10T16:09:41.204653+00:00
2026-10-04 18:19:01,819 | DEBUG    | historical_fetcher | [USDTRY.ETORO] OneHour: 1000 Candles, älteste: 2026-08-06T05:00:00+00:00
2026-10-04 18:19:03,411 | INFO     | historical_fetcher | [USDTRY.ETORO] Historische Tiefe für OneHour erreicht.
2026-10-04 18:19:03,839 | DEBUG    | historical_fetcher | [USDTRY.ETORO] OneDay: 1000 Candles, älteste: 2022-11-25T00:00:00+00:00
2026-10-04 18:19:04,941 | INFO     | historical_fetcher | [USDTRY.ETORO] Ziel-Startdatum mit OneDay erreicht.
2026-10-04 18:19:04,950 | INFO     | historical_fetcher | [USDTRY.ETORO] OneHour: 4000 Ticks → speichere (price_prec=5).
2026-10-04 18:19:04,955 | DEBUG    | historical_fetcher | [api_backfiller] USDTRY.ETORO: 10116→6116 Zeilen (-4000 Duplikate)
2026-10-04 18:19:04,958 | INFO     | historical_fetcher | [api_backfiller] USDTRY.ETORO: 6116 Zeilen gespeichert (price_prec=5, size_prec=5) → /home/minisforum/etoro_nautilus/data/nautilus/data/quote_tick/USDTRY.ETORO/OneHour/data.parquet
2026-10-04 18:19:04,962 | INFO     | historical_fetcher | [USDTRY.ETORO] OneDay: 1192 Ticks → speichere (price_prec=5).
2026-10-04 18:19:04,965 | DEBUG    | historical_fetcher | [api_backfiller] USDTRY.ETORO: 4344→3152 Zeilen (-1192 Duplikate)
2026-10-04 18:19:04,967 | INFO     | historical_fetcher | [api_backfiller] USDTRY.ETORO: 3152 Zeilen gespeichert (price_prec=5, size_prec=5) → /home/minisforum/etoro_nautilus/data/nautilus/data/quote_tick/USDTRY.ETORO/OneDay/data.parquet
2026-10-04 18:19:06,071 | INFO     | historical_fetcher | [USDZAR.ETORO] Delta-Update: Fetch ab 2026-07-07T03:59:59+00:00 rückwärts bis 2025-08-10T16:09:41.204653+00:00
2026-10-04 18:19:06,306 | DEBUG    | historical_fetcher | [USDZAR.ETORO] OneHour: 1000 Candles, älteste: 2026-08-06T05:00:00+00:00
2026-10-04 18:19:07,617 | INFO     | historical_fetcher | [USDZAR.ETORO] Historische Tiefe für OneHour erreicht.
2026-10-04 18:19:07,757 | DEBUG    | historical_fetcher | [USDZAR.ETORO] OneDay: 1000 Candles, älteste: 2022-11-25T00:00:00+00:00
2026-10-04 18:19:08,858 | INFO     | historical_fetcher | [USDZAR.ETORO] Ziel-Startdatum mit OneDay erreicht.
2026-10-04 18:19:08,867 | INFO     | historical_fetcher | [USDZAR.ETORO] OneHour: 4000 Ticks → speichere (price_prec=5).
2026-10-04 18:19:08,873 | DEBUG    | historical_fetcher | [api_backfiller] USDZAR.ETORO: 10116→6116 Zeilen (-4000 Duplikate)
2026-10-04 18:19:08,877 | INFO     | historical_fetcher | [api_backfiller] USDZAR.ETORO: 6116 Zeilen gespeichert (price_prec=5, size_prec=5) → /home/minisforum/etoro_nautilus/data/nautilus/data/quote_tick/USDZAR.ETORO/OneHour/data.parquet
2026-10-04 18:19:08,881 | INFO     | historical_fetcher | [USDZAR.ETORO] OneDay: 1192 Ticks → speichere (price_prec=5).
2026-10-04 18:19:08,884 | DEBUG    | historical_fetcher | [api_backfiller] USDZAR.ETORO: 4344→3152 Zeilen (-1192 Duplikate)
2026-10-04 18:19:08,887 | INFO     | historical_fetcher | [api_backfiller] USDZAR.ETORO: 3152 Zeilen gespeichert (price_prec=5, size_prec=5) → /home/minisforum/etoro_nautilus/data/nautilus/data/quote_tick/USDZAR.ETORO/OneDay/data.parquet
2026-10-04 18:19:09,990 | INFO     | historical_fetcher | [VLO.ETORO] Delta-Update: Fetch ab 2026-06-17T19:59:59+00:00 rückwärts bis 2025-08-10T16:09:41.204653+00:00
2026-10-04 18:19:10,129 | DEBUG    | historical_fetcher | [VLO.ETORO] OneHour: 1000 Candles, älteste: 2026-07-29T14:00:00+00:00
2026-10-04 18:19:11,353 | DEBUG    | historical_fetcher | [VLO.ETORO] OneHour: 1000 Candles, älteste: 2026-07-29T15:00:00+00:00
2026-10-04 18:19:12,580 | DEBUG    | historical_fetcher | [VLO.ETORO] OneHour: 1000 Candles, älteste: 2026-07-29T14:00:00+00:00
2026-10-04 18:19:14,138 | DEBUG    | historical_fetcher | [VLO.ETORO] OneHour: 1000 Candles, älteste: 2026-07-29T15:00:00+00:00
2026-10-04 18:19:15,379 | INFO     | historical_fetcher | [VLO.ETORO] Historische Tiefe für OneHour erreicht.
2026-10-04 18:19:15,499 | DEBUG    | historical_fetcher | [VLO.ETORO] OneDay: 1000 Candles, älteste: 2022-08-31T00:00:00+00:00
2026-10-04 18:19:16,601 | INFO     | historical_fetcher | [VLO.ETORO] Ziel-Startdatum mit OneDay erreicht.
2026-10-04 18:19:16,632 | INFO     | historical_fetcher | [VLO.ETORO] OneHour: 16000 Ticks → speichere (price_prec=2).
2026-10-04 18:19:16,639 | DEBUG    | historical_fetcher | [api_backfiller] VLO.ETORO: 21848→5848 Zeilen (-16000 Duplikate)
2026-10-04 18:19:16,642 | INFO     | historical_fetcher | [api_backfiller] VLO.ETORO: 5848 Zeilen gespeichert (price_prec=2, size_prec=2) → /home/minisforum/etoro_nautilus/data/nautilus/data/quote_tick/VLO.ETORO/OneHour/data.parquet
2026-10-04 18:19:16,647 | INFO     | historical_fetcher | [VLO.ETORO] OneDay: 1148 Ticks → speichere (price_prec=2).
2026-10-04 18:19:16,650 | DEBUG    | historical_fetcher | [api_backfiller] VLO.ETORO: 4104→2956 Zeilen (-1148 Duplikate)
2026-10-04 18:19:16,652 | INFO     | historical_fetcher | [api_backfiller] VLO.ETORO: 2956 Zeilen gespeichert (price_prec=2, size_prec=2) → /home/minisforum/etoro_nautilus/data/nautilus/data/quote_tick/VLO.ETORO/OneDay/data.parquet
2026-10-04 18:19:17,756 | INFO     | historical_fetcher | [VRT.ETORO] Delta-Update: Fetch ab 2026-04-01T13:59:59+00:00 rückwärts bis 2025-08-10T16:09:41.204653+00:00
2026-10-04 18:19:17,933 | DEBUG    | historical_fetcher | [VRT.ETORO] OneHour: 1000 Candles, älteste: 2026-07-14T17:00:00+00:00
2026-10-04 18:19:19,186 | INFO     | historical_fetcher | [VRT.ETORO] Historische Tiefe für OneHour erreicht.
2026-10-04 18:19:19,316 | DEBUG    | historical_fetcher | [VRT.ETORO] OneDay: 1000 Candles, älteste: 2022-08-22T00:00:00+00:00
2026-10-04 18:19:20,418 | INFO     | historical_fetcher | [VRT.ETORO] Ziel-Startdatum mit OneDay erreicht.
2026-10-04 18:19:20,426 | INFO     | historical_fetcher | [VRT.ETORO] OneHour: 4000 Ticks → speichere (price_prec=2).
2026-10-04 18:19:20,431 | DEBUG    | historical_fetcher | [api_backfiller] VRT.ETORO: 9952→5952 Zeilen (-4000 Duplikate)
2026-10-04 18:19:20,434 | INFO     | historical_fetcher | [api_backfiller] VRT.ETORO: 5952 Zeilen gespeichert (price_prec=2, size_prec=2) → /home/minisforum/etoro_nautilus/data/nautilus/data/quote_tick/VRT.ETORO/OneHour/data.parquet
2026-10-04 18:19:20,436 | INFO     | historical_fetcher | [VRT.ETORO] OneDay: 1120 Ticks → speichere (price_prec=2).
2026-10-04 18:19:20,439 | DEBUG    | historical_fetcher | [api_backfiller] VRT.ETORO: 4048→2928 Zeilen (-1120 Duplikate)
2026-10-04 18:19:20,440 | INFO     | historical_fetcher | [api_backfiller] VRT.ETORO: 2928 Zeilen gespeichert (price_prec=2, size_prec=2) → /home/minisforum/etoro_nautilus/data/nautilus/data/quote_tick/VRT.ETORO/OneDay/data.parquet
2026-10-04 18:19:21,544 | INFO     | historical_fetcher | [WBD.ETORO] Delta-Update: Fetch ab 2026-06-25T14:59:59+00:00 rückwärts bis 2025-08-10T16:09:41.204653+00:00
2026-10-04 18:19:21,776 | DEBUG    | historical_fetcher | [WBD.ETORO] OneHour: 1000 Candles, älteste: 2026-07-28T11:00:00+00:00
2026-10-04 18:19:22,998 | INFO     | historical_fetcher | [WBD.ETORO] Historische Tiefe für OneHour erreicht.
2026-10-04 18:19:23,119 | DEBUG    | historical_fetcher | [WBD.ETORO] OneDay: 1000 Candles, älteste: 2022-09-02T00:00:00+00:00
2026-10-04 18:19:24,220 | INFO     | historical_fetcher | [WBD.ETORO] Ziel-Startdatum mit OneDay erreicht.
2026-10-04 18:19:24,228 | INFO     | historical_fetcher | [WBD.ETORO] OneHour: 4000 Ticks → speichere (price_prec=2).
2026-10-04 18:19:24,233 | DEBUG    | historical_fetcher | [api_backfiller] WBD.ETORO: 9796→5796 Zeilen (-4000 Duplikate)
2026-10-04 18:19:24,237 | INFO     | historical_fetcher | [api_backfiller] WBD.ETORO: 5796 Zeilen gespeichert (price_prec=2, size_prec=2) → /home/minisforum/etoro_nautilus/data/nautilus/data/quote_tick/WBD.ETORO/OneHour/data.parquet
2026-10-04 18:19:24,240 | INFO     | historical_fetcher | [WBD.ETORO] OneDay: 1156 Ticks → speichere (price_prec=2).
2026-10-04 18:19:24,243 | DEBUG    | historical_fetcher | [api_backfiller] WBD.ETORO: 4120→2964 Zeilen (-1156 Duplikate)
2026-10-04 18:19:24,245 | INFO     | historical_fetcher | [api_backfiller] WBD.ETORO: 2964 Zeilen gespeichert (price_prec=2, size_prec=2) → /home/minisforum/etoro_nautilus/data/nautilus/data/quote_tick/WBD.ETORO/OneDay/data.parquet
2026-10-04 18:19:25,349 | INFO     | historical_fetcher | [WDAY.ETORO] Delta-Update: Fetch ab 2026-06-23T01:59:59+00:00 rückwärts bis 2025-08-10T16:09:41.204653+00:00
2026-10-04 18:19:25,680 | DEBUG    | historical_fetcher | [WDAY.ETORO] OneHour: 1000 Candles, älteste: 2026-07-14T18:00:00+00:00
2026-10-04 18:19:27,068 | INFO     | historical_fetcher | [WDAY.ETORO] Historische Tiefe für OneHour erreicht.
2026-10-04 18:19:27,190 | DEBUG    | historical_fetcher | [WDAY.ETORO] OneDay: 1000 Candles, älteste: 2022-09-02T00:00:00+00:00
2026-10-04 18:19:28,291 | INFO     | historical_fetcher | [WDAY.ETORO] Ziel-Startdatum mit OneDay erreicht.
2026-10-04 18:19:28,302 | INFO     | historical_fetcher | [WDAY.ETORO] OneHour: 4000 Ticks → speichere (price_prec=2).
2026-10-04 18:19:28,307 | DEBUG    | historical_fetcher | [api_backfiller] WDAY.ETORO: 9192→5192 Zeilen (-4000 Duplikate)
2026-10-04 18:19:28,310 | INFO     | historical_fetcher | [api_backfiller] WDAY.ETORO: 5192 Zeilen gespeichert (price_prec=2, size_prec=2) → /home/minisforum/etoro_nautilus/data/nautilus/data/quote_tick/WDAY.ETORO/OneHour/data.parquet
2026-10-04 18:19:28,315 | INFO     | historical_fetcher | [WDAY.ETORO] OneDay: 1156 Ticks → speichere (price_prec=2).
2026-10-04 18:19:28,318 | DEBUG    | historical_fetcher | [api_backfiller] WDAY.ETORO: 4120→2964 Zeilen (-1156 Duplikate)
2026-10-04 18:19:28,321 | INFO     | historical_fetcher | [api_backfiller] WDAY.ETORO: 2964 Zeilen gespeichert (price_prec=2, size_prec=2) → /home/minisforum/etoro_nautilus/data/nautilus/data/quote_tick/WDAY.ETORO/OneDay/data.parquet
2026-10-04 18:19:29,426 | INFO     | historical_fetcher | [WDC.ETORO] Delta-Update: Fetch ab 2026-07-02T17:59:59+00:00 rückwärts bis 2025-08-10T16:09:41.204653+00:00
2026-10-04 18:19:29,659 | DEBUG    | historical_fetcher | [WDC.ETORO] OneHour: 1000 Candles, älteste: 2026-08-03T20:00:00+00:00
2026-10-04 18:19:30,888 | INFO     | historical_fetcher | [WDC.ETORO] Historische Tiefe für OneHour erreicht.
2026-10-04 18:19:31,016 | DEBUG    | historical_fetcher | [WDC.ETORO] OneDay: 1000 Candles, älteste: 2022-09-02T00:00:00+00:00
2026-10-04 18:19:32,117 | INFO     | historical_fetcher | [WDC.ETORO] Ziel-Startdatum mit OneDay erreicht.
2026-10-04 18:19:32,128 | INFO     | historical_fetcher | [WDC.ETORO] OneHour: 4000 Ticks → speichere (price_prec=2).
2026-10-04 18:19:32,134 | DEBUG    | historical_fetcher | [api_backfiller] WDC.ETORO: 9956→5956 Zeilen (-4000 Duplikate)
2026-10-04 18:19:32,137 | INFO     | historical_fetcher | [api_backfiller] WDC.ETORO: 5956 Zeilen gespeichert (price_prec=2, size_prec=2) → /home/minisforum/etoro_nautilus/data/nautilus/data/quote_tick/WDC.ETORO/OneHour/data.parquet
2026-10-04 18:19:32,142 | INFO     | historical_fetcher | [WDC.ETORO] OneDay: 1156 Ticks → speichere (price_prec=2).
2026-10-04 18:19:32,145 | DEBUG    | historical_fetcher | [api_backfiller] WDC.ETORO: 4120→2964 Zeilen (-1156 Duplikate)
2026-10-04 18:19:32,147 | INFO     | historical_fetcher | [api_backfiller] WDC.ETORO: 2964 Zeilen gespeichert (price_prec=2, size_prec=2) → /home/minisforum/etoro_nautilus/data/nautilus/data/quote_tick/WDC.ETORO/OneDay/data.parquet
2026-10-04 18:19:33,251 | INFO     | historical_fetcher | [WIX.ETORO] Delta-Update: Fetch ab 2026-02-26T17:59:59+00:00 rückwärts bis 2025-08-10T16:09:41.204653+00:00
2026-10-04 18:19:33,371 | DEBUG    | historical_fetcher | [WIX.ETORO] OneHour: 1000 Candles, älteste: 2026-04-17T15:00:00+00:00
2026-10-04 18:19:34,596 | INFO     | historical_fetcher | [WIX.ETORO] Historische Tiefe für OneHour erreicht.
2026-10-04 18:19:34,716 | DEBUG    | historical_fetcher | [WIX.ETORO] OneDay: 1000 Candles, älteste: 2022-08-22T00:00:00+00:00
2026-10-04 18:19:35,817 | INFO     | historical_fetcher | [WIX.ETORO] Ziel-Startdatum mit OneDay erreicht.
2026-10-04 18:19:35,824 | INFO     | historical_fetcher | [WIX.ETORO] OneHour: 4000 Ticks → speichere (price_prec=2).
2026-10-04 18:19:35,828 | DEBUG    | historical_fetcher | [api_backfiller] WIX.ETORO: 8968→4968 Zeilen (-4000 Duplikate)
2026-10-04 18:19:35,830 | INFO     | historical_fetcher | [api_backfiller] WIX.ETORO: 4968 Zeilen gespeichert (price_prec=2, size_prec=2) → /home/minisforum/etoro_nautilus/data/nautilus/data/quote_tick/WIX.ETORO/OneHour/data.parquet
2026-10-04 18:19:35,833 | INFO     | historical_fetcher | [WIX.ETORO] OneDay: 1120 Ticks → speichere (price_prec=2).
2026-10-04 18:19:35,835 | DEBUG    | historical_fetcher | [api_backfiller] WIX.ETORO: 4048→2928 Zeilen (-1120 Duplikate)
2026-10-04 18:19:35,837 | INFO     | historical_fetcher | [api_backfiller] WIX.ETORO: 2928 Zeilen gespeichert (price_prec=2, size_prec=2) → /home/minisforum/etoro_nautilus/data/nautilus/data/quote_tick/WIX.ETORO/OneDay/data.parquet
2026-10-04 18:19:36,941 | INFO     | historical_fetcher | [XOM.ETORO] Delta-Update: Fetch ab 2026-07-02T15:59:59+00:00 rückwärts bis 2025-08-10T16:09:41.204653+00:00
2026-10-04 18:19:37,249 | DEBUG    | historical_fetcher | [XOM.ETORO] OneHour: 1000 Candles, älteste: 2026-08-03T19:00:00+00:00
2026-10-04 18:19:38,471 | INFO     | historical_fetcher | [XOM.ETORO] Historische Tiefe für OneHour erreicht.
2026-10-04 18:19:38,922 | DEBUG    | historical_fetcher | [XOM.ETORO] OneDay: 1000 Candles, älteste: 2022-09-02T00:00:00+00:00
2026-10-04 18:19:40,023 | INFO     | historical_fetcher | [XOM.ETORO] Ziel-Startdatum mit OneDay erreicht.
2026-10-04 18:19:40,031 | INFO     | historical_fetcher | [XOM.ETORO] OneHour: 4000 Ticks → speichere (price_prec=2).
2026-10-04 18:19:40,037 | DEBUG    | historical_fetcher | [api_backfiller] XOM.ETORO: 9948→5948 Zeilen (-4000 Duplikate)
2026-10-04 18:19:40,040 | INFO     | historical_fetcher | [api_backfiller] XOM.ETORO: 5948 Zeilen gespeichert (price_prec=2, size_prec=2) → /home/minisforum/etoro_nautilus/data/nautilus/data/quote_tick/XOM.ETORO/OneHour/data.parquet
2026-10-04 18:19:40,044 | INFO     | historical_fetcher | [XOM.ETORO] OneDay: 1156 Ticks → speichere (price_prec=2).
2026-10-04 18:19:40,047 | DEBUG    | historical_fetcher | [api_backfiller] XOM.ETORO: 4120→2964 Zeilen (-1156 Duplikate)
2026-10-04 18:19:40,049 | INFO     | historical_fetcher | [api_backfiller] XOM.ETORO: 2964 Zeilen gespeichert (price_prec=2, size_prec=2) → /home/minisforum/etoro_nautilus/data/nautilus/data/quote_tick/XOM.ETORO/OneDay/data.parquet
2026-10-04 18:19:41,153 | INFO     | historical_fetcher | [XPEV.ETORO] Delta-Update: Fetch ab 2026-02-06T14:59:59+00:00 rückwärts bis 2025-08-10T16:09:41.204653+00:00
2026-10-04 18:19:41,829 | DEBUG    | historical_fetcher | [XPEV.ETORO] OneHour: 1000 Candles, älteste: 2026-03-10T16:00:00+00:00
2026-10-04 18:19:43,437 | INFO     | historical_fetcher | [XPEV.ETORO] Historische Tiefe für OneHour erreicht.
2026-10-04 18:19:43,721 | DEBUG    | historical_fetcher | [XPEV.ETORO] OneDay: 1000 Candles, älteste: 2022-08-22T00:00:00+00:00
2026-10-04 18:19:44,822 | INFO     | historical_fetcher | [XPEV.ETORO] Ziel-Startdatum mit OneDay erreicht.
2026-10-04 18:19:44,831 | INFO     | historical_fetcher | [XPEV.ETORO] OneHour: 4000 Ticks → speichere (price_prec=2).
2026-10-04 18:19:44,836 | DEBUG    | historical_fetcher | [api_backfiller] XPEV.ETORO: 8588→4588 Zeilen (-4000 Duplikate)
2026-10-04 18:19:44,838 | INFO     | historical_fetcher | [api_backfiller] XPEV.ETORO: 4588 Zeilen gespeichert (price_prec=2, size_prec=2) → /home/minisforum/etoro_nautilus/data/nautilus/data/quote_tick/XPEV.ETORO/OneHour/data.parquet
2026-10-04 18:19:44,842 | INFO     | historical_fetcher | [XPEV.ETORO] OneDay: 1120 Ticks → speichere (price_prec=2).
2026-10-04 18:19:44,845 | DEBUG    | historical_fetcher | [api_backfiller] XPEV.ETORO: 4048→2928 Zeilen (-1120 Duplikate)
2026-10-04 18:19:44,847 | INFO     | historical_fetcher | [api_backfiller] XPEV.ETORO: 2928 Zeilen gespeichert (price_prec=2, size_prec=2) → /home/minisforum/etoro_nautilus/data/nautilus/data/quote_tick/XPEV.ETORO/OneDay/data.parquet
2026-10-04 18:19:45,952 | INFO     | historical_fetcher | [XYL.ETORO] Delta-Update: Fetch ab 2026-07-02T14:59:59+00:00 rückwärts bis 2025-08-10T16:09:41.204653+00:00
2026-10-04 18:19:46,101 | DEBUG    | historical_fetcher | [XYL.ETORO] OneHour: 1000 Candles, älteste: 2026-07-02T15:00:00+00:00
2026-10-04 18:19:47,329 | INFO     | historical_fetcher | [XYL.ETORO] Historische Tiefe für OneHour erreicht.
2026-10-04 18:19:47,454 | DEBUG    | historical_fetcher | [XYL.ETORO] OneDay: 1000 Candles, älteste: 2022-09-02T00:00:00+00:00
2026-10-04 18:19:48,555 | INFO     | historical_fetcher | [XYL.ETORO] Ziel-Startdatum mit OneDay erreicht.
2026-10-04 18:19:48,562 | INFO     | historical_fetcher | [XYL.ETORO] OneHour: 4000 Ticks → speichere (price_prec=2).
2026-10-04 18:19:48,565 | DEBUG    | historical_fetcher | [api_backfiller] XYL.ETORO: 8000→4000 Zeilen (-4000 Duplikate)
2026-10-04 18:19:48,567 | INFO     | historical_fetcher | [api_backfiller] XYL.ETORO: 4000 Zeilen gespeichert (price_prec=2, size_prec=2) → /home/minisforum/etoro_nautilus/data/nautilus/data/quote_tick/XYL.ETORO/OneHour/data.parquet
2026-10-04 18:19:48,569 | INFO     | historical_fetcher | [XYL.ETORO] OneDay: 1156 Ticks → speichere (price_prec=2).
2026-10-04 18:19:48,571 | DEBUG    | historical_fetcher | [api_backfiller] XYL.ETORO: 4032→2876 Zeilen (-1156 Duplikate)
2026-10-04 18:19:48,573 | INFO     | historical_fetcher | [api_backfiller] XYL.ETORO: 2876 Zeilen gespeichert (price_prec=2, size_prec=2) → /home/minisforum/etoro_nautilus/data/nautilus/data/quote_tick/XYL.ETORO/OneDay/data.parquet
2026-10-04 18:19:49,677 | INFO     | historical_fetcher | [Z.ETORO] Delta-Update: Fetch ab 2026-02-06T14:59:59+00:00 rückwärts bis 2025-08-10T16:09:41.204653+00:00
2026-10-04 18:19:49,798 | DEBUG    | historical_fetcher | [Z.ETORO] OneHour: 1000 Candles, älteste: 2026-03-10T16:00:00+00:00
2026-10-04 18:19:51,017 | INFO     | historical_fetcher | [Z.ETORO] Historische Tiefe für OneHour erreicht.
2026-10-04 18:19:51,142 | DEBUG    | historical_fetcher | [Z.ETORO] OneDay: 1000 Candles, älteste: 2022-08-22T00:00:00+00:00
2026-10-04 18:19:52,243 | INFO     | historical_fetcher | [Z.ETORO] Ziel-Startdatum mit OneDay erreicht.
2026-10-04 18:19:52,251 | INFO     | historical_fetcher | [Z.ETORO] OneHour: 4000 Ticks → speichere (price_prec=2).
2026-10-04 18:19:52,255 | DEBUG    | historical_fetcher | [api_backfiller] Z.ETORO: 8588→4588 Zeilen (-4000 Duplikate)
2026-10-04 18:19:52,258 | INFO     | historical_fetcher | [api_backfiller] Z.ETORO: 4588 Zeilen gespeichert (price_prec=2, size_prec=2) → /home/minisforum/etoro_nautilus/data/nautilus/data/quote_tick/Z.ETORO/OneHour/data.parquet
2026-10-04 18:19:52,262 | INFO     | historical_fetcher | [Z.ETORO] OneDay: 1120 Ticks → speichere (price_prec=2).
2026-10-04 18:19:52,265 | DEBUG    | historical_fetcher | [api_backfiller] Z.ETORO: 4048→2928 Zeilen (-1120 Duplikate)
2026-10-04 18:19:52,266 | INFO     | historical_fetcher | [api_backfiller] Z.ETORO: 2928 Zeilen gespeichert (price_prec=2, size_prec=2) → /home/minisforum/etoro_nautilus/data/nautilus/data/quote_tick/Z.ETORO/OneDay/data.parquet
2026-10-04 18:19:53,371 | INFO     | historical_fetcher | [ZS.ETORO] Delta-Update: Fetch ab 2026-07-01T18:59:59+00:00 rückwärts bis 2025-08-10T16:09:41.204653+00:00
2026-10-04 18:19:53,808 | DEBUG    | historical_fetcher | [ZS.ETORO] OneHour: 1000 Candles, älteste: 2026-08-03T06:00:00+00:00
2026-10-04 18:19:55,490 | INFO     | historical_fetcher | [ZS.ETORO] Historische Tiefe für OneHour erreicht.
2026-10-04 18:19:55,612 | DEBUG    | historical_fetcher | [ZS.ETORO] OneDay: 1000 Candles, älteste: 2022-09-02T00:00:00+00:00
2026-10-04 18:19:56,713 | INFO     | historical_fetcher | [ZS.ETORO] Ziel-Startdatum mit OneDay erreicht.
2026-10-04 18:19:56,724 | INFO     | historical_fetcher | [ZS.ETORO] OneHour: 4000 Ticks → speichere (price_prec=2).
2026-10-04 18:19:56,729 | DEBUG    | historical_fetcher | [api_backfiller] ZS.ETORO: 9952→5952 Zeilen (-4000 Duplikate)
2026-10-04 18:19:56,733 | INFO     | historical_fetcher | [api_backfiller] ZS.ETORO: 5952 Zeilen gespeichert (price_prec=2, size_prec=2) → /home/minisforum/etoro_nautilus/data/nautilus/data/quote_tick/ZS.ETORO/OneHour/data.parquet
2026-10-04 18:19:56,737 | INFO     | historical_fetcher | [ZS.ETORO] OneDay: 1156 Ticks → speichere (price_prec=2).
2026-10-04 18:19:56,740 | DEBUG    | historical_fetcher | [api_backfiller] ZS.ETORO: 4120→2964 Zeilen (-1156 Duplikate)
2026-10-04 18:19:56,742 | INFO     | historical_fetcher | [api_backfiller] ZS.ETORO: 2964 Zeilen gespeichert (price_prec=2, size_prec=2) → /home/minisforum/etoro_nautilus/data/nautilus/data/quote_tick/ZS.ETORO/OneDay/data.parquet
2026-10-04 18:19:57,846 | INFO     | historical_fetcher | [ZTS.ETORO] Delta-Update: Fetch ab 2026-07-01T13:59:59+00:00 rückwärts bis 2025-08-10T16:09:41.204653+00:00
2026-10-04 18:19:58,009 | DEBUG    | historical_fetcher | [ZTS.ETORO] OneHour: 1000 Candles, älteste: 2026-07-31T19:00:00+00:00
2026-10-04 18:19:59,279 | INFO     | historical_fetcher | [ZTS.ETORO] Historische Tiefe für OneHour erreicht.
2026-10-04 18:19:59,399 | DEBUG    | historical_fetcher | [ZTS.ETORO] OneDay: 1000 Candles, älteste: 2022-09-01T00:00:00+00:00
2026-10-04 18:20:00,501 | INFO     | historical_fetcher | [ZTS.ETORO] Ziel-Startdatum mit OneDay erreicht.
2026-10-04 18:20:00,511 | INFO     | historical_fetcher | [ZTS.ETORO] OneHour: 4000 Ticks → speichere (price_prec=2).
2026-10-04 18:20:00,515 | DEBUG    | historical_fetcher | [api_backfiller] ZTS.ETORO: 9900→5900 Zeilen (-4000 Duplikate)
2026-10-04 18:20:00,517 | INFO     | historical_fetcher | [api_backfiller] ZTS.ETORO: 5900 Zeilen gespeichert (price_prec=2, size_prec=2) → /home/minisforum/etoro_nautilus/data/nautilus/data/quote_tick/ZTS.ETORO/OneHour/data.parquet
2026-10-04 18:20:00,520 | INFO     | historical_fetcher | [ZTS.ETORO] OneDay: 1152 Ticks → speichere (price_prec=2).
2026-10-04 18:20:00,523 | DEBUG    | historical_fetcher | [api_backfiller] ZTS.ETORO: 4112→2960 Zeilen (-1152 Duplikate)
2026-10-04 18:20:00,524 | INFO     | historical_fetcher | [api_backfiller] ZTS.ETORO: 2960 Zeilen gespeichert (price_prec=2, size_prec=2) → /home/minisforum/etoro_nautilus/data/nautilus/data/quote_tick/ZTS.ETORO/OneDay/data.parquet
2026-10-04 18:20:01,628 | INFO     | historical_fetcher | [historical_fetcher] Fertig: 140 Symbole befüllt.
2026-10-04 18:20:01,629 | INFO     | orchestrator | [Phase 2d] Historical Fetcher: 140 Symbole befüllt.
2026-10-04 18:20:01,630 | INFO     | orchestrator | [JSON_EVENT] {"event_type": "PHASE2D_COMPLETE", "timestamp_utc": "2026-10-04T16:20:01.630464+00:00", "insufficient_count": 140, "hist_filled_count": 140}
2026-10-04 18:20:01,630 | INFO     | orchestrator | [JSON_EVENT] {"event_type": "PHASE2_COMPLETE", "timestamp_utc": "2026-10-04T16:20:01.630600+00:00", "merged_instruments": 0, "zips_deleted": 0, "api_filled_count": 156, "hist_filled_count": 140}
2026-10-04 18:20:01,630 | INFO     | orchestrator | [Phase 3+4] --skip-backtest: Matrix-Backtesting übersprungen — lade bestehendes Tournament.
2026-10-04 18:20:01,630 | INFO     | orchestrator | ════════════════════════════════════════════════════════════
2026-10-04 18:20:01,630 | INFO     | orchestrator | PHASE 5: Live Deployment & Bot-Start
2026-10-04 18:20:01,630 | INFO     | orchestrator | ════════════════════════════════════════════════════════════
2026-10-04 18:20:01,630 | ERROR    | orchestrator | [Phase 5] Tournament-Datei nicht gefunden: /home/minisforum/etoro_nautilus/logs/tournament_2026-10-04.json
2026-10-04 18:20:01,630 | INFO     | orchestrator | [JSON_EVENT] {"event_type": "ORCHESTRATOR_EXIT", "timestamp_utc": "2026-10-04T16:20:01.630900+00:00", "exit_code": 1}
2026-10-04 18:20:01,630 | INFO     | orchestrator | Orchestrator beendet (Exit-Code: 1).
2026-10-04 18:20:11,785 | INFO     | orchestrator | ╔════════════════════════════════════════════════════════════╗
2026-10-04 18:20:11,785 | INFO     | orchestrator | ║  eToro Nautilus — Daily Orchestrator v2.0                  ║
2026-10-04 18:20:11,785 | INFO     | orchestrator | ║  Start: 2026-10-04T16:20:11.785736+00:00                    ║
2026-10-04 18:20:11,785 | INFO     | orchestrator | ║  NO-DEPLOY: JA                                                 ║
2026-10-04 18:20:11,785 | INFO     | orchestrator | ║  Standalone: Kein adapters/-Import                        ║
2026-10-04 18:20:11,785 | INFO     | orchestrator | ╚════════════════════════════════════════════════════════════╝
2026-10-04 18:20:11,785 | INFO     | orchestrator | [JSON_EVENT] {"event_type": "ORCHESTRATOR_START", "timestamp_utc": "2026-10-04T16:20:11.785846+00:00", "no_deploy": true, "skip_api_fetch": false, "version": "2.0", "python": "3.12.14 (main, Aug 14 2026, 15:34:45) [Clang 22.1.3 ]"}
2026-10-04 18:20:11,815 | INFO     | orchestrator | ════════════════════════════════════════════════════════════
2026-10-04 18:20:11,815 | INFO     | orchestrator | PHASE 1: Universe & Mapping
2026-10-04 18:20:11,815 | INFO     | orchestrator | ════════════════════════════════════════════════════════════
2026-10-04 18:20:11,816 | INFO     | orchestrator | [Phase 1] Universe-Alter: 2.6h — frisch genug.
2026-10-04 18:20:11,821 | INFO     | orchestrator | [Phase 1] 170 eindeutige Instrumente im Universum.
2026-10-04 18:20:11,821 | INFO     | orchestrator | [JSON_EVENT] {"event_type": "PHASE1_COMPLETE", "timestamp_utc": "2026-10-04T16:20:11.821062+00:00", "universe_size": 170, "unmapped_count": 0}
2026-10-04 18:20:11,821 | INFO     | orchestrator | ════════════════════════════════════════════════════════════
2026-10-04 18:20:11,821 | INFO     | orchestrator | PHASE 2: Datenbeschaffung (Multi-ZIP, Merge, API-Backfill)
2026-10-04 18:20:11,821 | INFO     | orchestrator | ════════════════════════════════════════════════════════════
2026-10-04 18:20:11,821 | INFO     | orchestrator | [Phase 2a] Keine ZIP-Dateien in data/import/ gefunden.
2026-10-04 18:20:11,821 | INFO     | api_backfiller | [api_backfiller] Universe geladen: 170 Instrumente.
2026-10-04 18:20:11,821 | INFO     | orchestrator | [Phase 2c] API-Backfill für 170 Symbole …
2026-10-04 18:20:11,821 | DEBUG    | asyncio | Using selector: EpollSelector
2026-10-04 18:20:11,822 | INFO     | api_backfiller | [api_backfiller] Starte Backfill: 2026-09-27 → 2026-10-04 | 170 Instrumente
2026-10-04 18:20:11,822 | INFO     | api_backfiller | [api_backfiller] Lade Instrument-Precisions via eToro API …
2026-10-04 18:20:11,954 | DEBUG    | api_backfiller | [api_backfiller] Raw API response (first 500 chars): {'instrumentDisplayDatas': [{'instrumentID': 1027, 'instrumentDisplayName': 'Merck & Co.', 'instrumentTypeID': 5, 'exchangeID': 5, 'images': [{'instrumentID': 1027, 'width': 50.0, 'height': 50.0, 'uri': 'https://etoro-cdn.etorostatic.com/market-avatars/mrk/50x50.png'}, {'instrumentID': 1027, 'width': 150.0, 'height': 150.0, 'uri': 'https://etoro-cdn.etorostatic.com/market-avatars/mrk/150x150.png'}, {'instrumentID': 1027, 'width': 35.0, 'height': 35.0, 'uri': 'https://etoro-cdn.etorostatic.com/ma
2026-10-04 18:20:11,954 | DEBUG    | api_backfiller | [api_backfiller] Keine API-Precision für ID 1027 (MRK). Equity-Fallback (2,2) wird von run_backfill() angewendet.
2026-10-04 18:20:11,954 | DEBUG    | api_backfiller | Vollständiger Item-Dump: {
  "instrumentID": 1027,
  "instrumentDisplayName": "Merck & Co.",
  "instrumentTypeID": 5,
  "exchangeID": 5,
  "images": [
    {
      "instrumentID": 1027,
      "width": 50.0,
      "height": 50.0,
      "uri": "https://etoro-cdn.etorostatic.com/market-avatars/mrk/50x50.png"
    },
    {
      "instrumentID": 1027,
      "width": 150.0,
      "height": 150.0,
      "uri": "https://etoro-cdn.etorostatic.com/market-avatars/mrk/150x150.png"
    },
    {
      "instrumentID": 1027,
      "width": 35.0,
      "height": 35.0,
      "uri": "https://etoro-cdn.etorostatic.com/market-avatars/mrk/35x35.png"
    },
    {
      "instrumentID": 1027,
      "width": 90.0,
      "height": 90.0,
      "uri": "https://etoro-cdn.etorostatic.com/market-avatars/mrk/90x90.png"
    },
    {
      "instrumentID": 1027,
      "uri": "https://etoro-cdn.etorostatic.com/market-avatars/1027/1027_007A73_F7F7F7.svg",
      "backgroundColor": "#007A73",
      "textColor": "#F7F7F7"
    }
  ],
  "symbolFull": "MRK",
  "stocksIndustryID": 5,
  "priceSource": "NASDAQ",
  "hasExpirationDate": false,
  "isInternalInstrument": false,
  "distributionType": 5
}
2026-10-04 18:20:11,954 | DEBUG    | api_backfiller | [api_backfiller] Keine API-Precision für ID 1036 (XOM). Equity-Fallback (2,2) wird von run_backfill() angewendet.
2026-10-04 18:20:11,954 | DEBUG    | api_backfiller | Vollständiger Item-Dump: {
  "instrumentID": 1036,
  "instrumentDisplayName": "ExxonMobil Holdings Corp",
  "instrumentTypeID": 5,
  "exchangeID": 5,
  "images": [
    {
      "instrumentID": 1036,
      "width": 50.0,
      "height": 50.0,
      "uri": "https://etoro-cdn.etorostatic.com/market-avatars/xom/50x50.png"
    },
    {
      "instrumentID": 1036,
      "width": 150.0,
      "height": 150.0,
      "uri": "https://etoro-cdn.etorostatic.com/market-avatars/xom/150x150.png"
    },
    {
      "instrumentID": 1036,
      "width": 35.0,
      "height": 35.0,
      "uri": "https://etoro-cdn.etorostatic.com/market-avatars/xom/35x35.png"
    },
    {
      "instrumentID": 1036,
      "width": 90.0,
      "height": 90.0,
      "uri": "https://etoro-cdn.etorostatic.com/market-avatars/xom/90x90.png"
    },
    {
      "instrumentID": 1036,
      "uri": "https://etoro-cdn.etorostatic.com/market-avatars/1036/1036_ED1B2D_F7F7F7.svg",
      "backgroundColor": "#ED1B2D",
      "textColor": "#F7F7F7"
    }
  ],
  "symbolFull": "XOM",
  "stocksIndustryID": 1,
  "priceSource": "NASDAQ",
  "hasExpirationDate": false,
  "isInternalInstrument": false,
  "distributionType": 5
}
2026-10-04 18:20:11,955 | DEBUG    | api_backfiller | [api_backfiller] Keine API-Precision für ID 1042 (NKE). Equity-Fallback (2,2) wird von run_backfill() angewendet.
2026-10-04 18:20:11,955 | DEBUG    | api_backfiller | Vollständiger Item-Dump: {
  "instrumentID": 1042,
  "instrumentDisplayName": "NIKE",
  "instrumentTypeID": 5,
  "exchangeID": 5,
  "images": [
    {
      "instrumentID": 1042,
      "width": 50.0,
      "height": 50.0,
      "uri": "https://etoro-cdn.etorostatic.com/market-avatars/nke/50x50.png"
    },
    {
      "instrumentID": 1042,
      "width": 150.0,
      "height": 150.0,
      "uri": "https://etoro-cdn.etorostatic.com/market-avatars/nke/150x150.png"
    },
    {
      "instrumentID": 1042,
      "width": 35.0,
      "height": 35.0,
      "uri": "https://etoro-cdn.etorostatic.com/market-avatars/nke/35x35.png"
    },
    {
      "instrumentID": 1042,
      "width": 90.0,
      "height": 90.0,
      "uri": "https://etoro-cdn.etorostatic.com/market-avatars/nke/90x90.png"
    },
    {
      "instrumentID": 1042,
      "uri": "https://etoro-cdn.etorostatic.com/market-avatars/1042/1042_2C2C2C_F7F7F7.svg",
      "backgroundColor": "#2C2C2C",
      "textColor": "#F7F7F7"
    }
  ],
  "symbolFull": "NKE",
  "stocksIndustryID": 3,
  "priceSource": "NASDAQ",
  "hasExpirationDate": false,
  "isInternalInstrument": false,
  "distributionType": 5
}
2026-10-04 18:20:11,955 | DEBUG    | api_backfiller | [api_backfiller] Keine API-Precision für ID 1063 (LNTH). Equity-Fallback (2,2) wird von run_backfill() angewendet.
2026-10-04 18:20:11,955 | DEBUG    | api_backfiller | [api_backfiller] Keine API-Precision für ID 1127 (NFLX). Equity-Fallback (2,2) wird von run_backfill() angewendet.
2026-10-04 18:20:11,955 | DEBUG    | api_backfiller | [api_backfiller] Keine API-Precision für ID 1135 (ORCL). Equity-Fallback (2,2) wird von run_backfill() angewendet.
2026-10-04 18:20:11,955 | DEBUG    | api_backfiller | [api_backfiller] Keine API-Precision für ID 1483 (PSX). Equity-Fallback (2,2) wird von run_backfill() angewendet.
2026-10-04 18:20:11,955 | DEBUG    | api_backfiller | [api_backfiller] Keine API-Precision für ID 1497 (VLO). Equity-Fallback (2,2) wird von run_backfill() angewendet.
2026-10-04 18:20:11,955 | DEBUG    | api_backfiller | [api_backfiller] Keine API-Precision für ID 1503 (MPC). Equity-Fallback (2,2) wird von run_backfill() angewendet.
2026-10-04 18:20:11,955 | DEBUG    | api_backfiller | [api_backfiller] Keine API-Precision für ID 1557 (NUE). Equity-Fallback (2,2) wird von run_backfill() angewendet.
2026-10-04 18:20:11,955 | DEBUG    | api_backfiller | [api_backfiller] Keine API-Precision für ID 1740 (FTI). Equity-Fallback (2,2) wird von run_backfill() angewendet.
2026-10-04 18:20:11,955 | DEBUG    | api_backfiller | [api_backfiller] Keine API-Precision für ID 1832 (AMD). Equity-Fallback (2,2) wird von run_backfill() angewendet.
2026-10-04 18:20:11,955 | DEBUG    | api_backfiller | [api_backfiller] Keine API-Precision für ID 1865 (FISV). Equity-Fallback (2,2) wird von run_backfill() angewendet.
2026-10-04 18:20:11,955 | DEBUG    | api_backfiller | [api_backfiller] Keine API-Precision für ID 1914 (INTU). Equity-Fallback (2,2) wird von run_backfill() angewendet.
2026-10-04 18:20:11,955 | DEBUG    | api_backfiller | [api_backfiller] Keine API-Precision für ID 1939 (ATI). Equity-Fallback (2,2) wird von run_backfill() angewendet.
2026-10-04 18:20:11,955 | DEBUG    | api_backfiller | [api_backfiller] Keine API-Precision für ID 1959 (XYL). Equity-Fallback (2,2) wird von run_backfill() angewendet.
2026-10-04 18:20:11,955 | DEBUG    | api_backfiller | [api_backfiller] Keine API-Precision für ID 2483 (MBLY). Equity-Fallback (2,2) wird von run_backfill() angewendet.
2026-10-04 18:20:11,955 | DEBUG    | api_backfiller | [api_backfiller] Keine API-Precision für ID 4077 (ILMN). Equity-Fallback (2,2) wird von run_backfill() angewendet.
2026-10-04 18:20:11,955 | DEBUG    | api_backfiller | [api_backfiller] Keine API-Precision für ID 4157 (SU). Equity-Fallback (2,2) wird von run_backfill() angewendet.
2026-10-04 18:20:11,955 | DEBUG    | api_backfiller | [api_backfiller] Keine API-Precision für ID 4194 (ZTS). Equity-Fallback (2,2) wird von run_backfill() angewendet.
2026-10-04 18:20:11,955 | DEBUG    | api_backfiller | [api_backfiller] Keine API-Precision für ID 4309 (LULU). Equity-Fallback (2,2) wird von run_backfill() angewendet.
2026-10-04 18:20:11,955 | DEBUG    | api_backfiller | [api_backfiller] Keine API-Precision für ID 4312 (HPE). Equity-Fallback (2,2) wird von run_backfill() angewendet.
2026-10-04 18:20:11,955 | DEBUG    | api_backfiller | [api_backfiller] Keine API-Precision für ID 4346 (FTNT). Equity-Fallback (2,2) wird von run_backfill() angewendet.
2026-10-04 18:20:11,955 | DEBUG    | api_backfiller | [api_backfiller] Keine API-Precision für ID 4356 (STX.US). Equity-Fallback (2,2) wird von run_backfill() angewendet.
2026-10-04 18:20:11,955 | DEBUG    | api_backfiller | [api_backfiller] Keine API-Precision für ID 4399 (TTD). Equity-Fallback (2,2) wird von run_backfill() angewendet.
2026-10-04 18:20:11,955 | DEBUG    | api_backfiller | [api_backfiller] Keine API-Precision für ID 4482 (TME). Equity-Fallback (2,2) wird von run_backfill() angewendet.
2026-10-04 18:20:11,955 | DEBUG    | api_backfiller | [api_backfiller] Keine API-Precision für ID 4483 (PDD). Equity-Fallback (2,2) wird von run_backfill() angewendet.
2026-10-04 18:20:11,955 | DEBUG    | api_backfiller | [api_backfiller] Keine API-Precision für ID 5604 (KTOS). Equity-Fallback (2,2) wird von run_backfill() angewendet.
2026-10-04 18:20:11,955 | DEBUG    | api_backfiller | [api_backfiller] Keine API-Precision für ID 5660 (RUN). Equity-Fallback (2,2) wird von run_backfill() angewendet.
2026-10-04 18:20:11,955 | DEBUG    | api_backfiller | [api_backfiller] Keine API-Precision für ID 5960 (SE). Equity-Fallback (2,2) wird von run_backfill() angewendet.
2026-10-04 18:20:11,955 | DEBUG    | api_backfiller | [api_backfiller] Keine API-Precision für ID 5967 (CPRT). Equity-Fallback (2,2) wird von run_backfill() angewendet.
2026-10-04 18:20:11,955 | DEBUG    | api_backfiller | [api_backfiller] Keine API-Precision für ID 6086 (NTRA). Equity-Fallback (2,2) wird von run_backfill() angewendet.
2026-10-04 18:20:11,955 | DEBUG    | api_backfiller | [api_backfiller] Keine API-Precision für ID 6168 (COIN). Equity-Fallback (2,2) wird von run_backfill() angewendet.
2026-10-04 18:20:11,955 | DEBUG    | api_backfiller | [api_backfiller] Keine API-Precision für ID 6554 (TXG). Equity-Fallback (2,2) wird von run_backfill() angewendet.
2026-10-04 18:20:11,955 | DEBUG    | api_backfiller | [api_backfiller] Keine API-Precision für ID 6654 (QS). Equity-Fallback (2,2) wird von run_backfill() angewendet.
2026-10-04 18:20:11,955 | DEBUG    | api_backfiller | [api_backfiller] Keine API-Precision für ID 6669 (DHT). Equity-Fallback (2,2) wird von run_backfill() angewendet.
2026-10-04 18:20:11,955 | DEBUG    | api_backfiller | [api_backfiller] Keine API-Precision für ID 6705 (FRO). Equity-Fallback (2,2) wird von run_backfill() angewendet.
2026-10-04 18:20:11,955 | DEBUG    | api_backfiller | [api_backfiller] Keine API-Precision für ID 6904 (CPNG). Equity-Fallback (2,2) wird von run_backfill() angewendet.
2026-10-04 18:20:11,955 | DEBUG    | api_backfiller | [api_backfiller] Keine API-Precision für ID 7930 (LQDA). Equity-Fallback (2,2) wird von run_backfill() angewendet.
2026-10-04 18:20:11,955 | DEBUG    | api_backfiller | [api_backfiller] Keine API-Precision für ID 8632 (UPST). Equity-Fallback (2,2) wird von run_backfill() angewendet.
2026-10-04 18:20:11,955 | DEBUG    | api_backfiller | [api_backfiller] Keine API-Precision für ID 8637 (DUOL). Equity-Fallback (2,2) wird von run_backfill() angewendet.
2026-10-04 18:20:11,955 | DEBUG    | api_backfiller | [api_backfiller] Keine API-Precision für ID 9123 (RLAY). Equity-Fallback (2,2) wird von run_backfill() angewendet.
2026-10-04 18:20:11,955 | DEBUG    | api_backfiller | [api_backfiller] Keine API-Precision für ID 9250 (GRAB). Equity-Fallback (2,2) wird von run_backfill() angewendet.
2026-10-04 18:20:11,955 | DEBUG    | api_backfiller | [api_backfiller] Keine API-Precision für ID 9271 (MNDY). Equity-Fallback (2,2) wird von run_backfill() angewendet.
2026-10-04 18:20:11,955 | DEBUG    | api_backfiller | [api_backfiller] Keine API-Precision für ID 9432 (JOBY). Equity-Fallback (2,2) wird von run_backfill() angewendet.
2026-10-04 18:20:11,955 | DEBUG    | api_backfiller | [api_backfiller] Keine API-Precision für ID 9500 (PARR). Equity-Fallback (2,2) wird von run_backfill() angewendet.
2026-10-04 18:20:11,955 | DEBUG    | api_backfiller | [api_backfiller] Keine API-Precision für ID 9596 (TVTX). Equity-Fallback (2,2) wird von run_backfill() angewendet.
2026-10-04 18:20:11,955 | DEBUG    | api_backfiller | [api_backfiller] Keine API-Precision für ID 10829 (SN). Equity-Fallback (2,2) wird von run_backfill() angewendet.
2026-10-04 18:20:11,955 | DEBUG    | api_backfiller | [api_backfiller] Keine API-Precision für ID 10968 (DFTX). Equity-Fallback (2,2) wird von run_backfill() angewendet.
2026-10-04 18:20:11,955 | DEBUG    | api_backfiller | [api_backfiller] Keine API-Precision für ID 15239 (SKHY). Equity-Fallback (2,2) wird von run_backfill() angewendet.
2026-10-04 18:20:12,915 | DEBUG    | api_backfiller | [api_backfiller] Raw API response (first 500 chars): {'instrumentDisplayDatas': [{'instrumentID': 22, 'instrumentDisplayName': 'Natural Gas (Non Expiry)', 'instrumentTypeID': 2, 'exchangeID': 2, 'images': [{'instrumentID': 22, 'width': 35.0, 'height': 35.0, 'uri': 'https://etoro-cdn.etorostatic.com/market-avatars/natgas/35x35.png'}, {'instrumentID': 22, 'width': 80.0, 'height': 80.0}, {'instrumentID': 22, 'width': 50.0, 'height': 50.0, 'uri': 'https://etoro-cdn.etorostatic.com/market-avatars/natgas/50x50.png'}, {'instrumentID': 22, 'width': 150.0,
2026-10-04 18:20:12,915 | DEBUG    | api_backfiller | [api_backfiller] ID 22: price_precision via historischem Fallback=5
2026-10-04 18:20:12,915 | DEBUG    | api_backfiller | [api_backfiller] ID 22: size_precision via historischem Fallback=5
2026-10-04 18:20:12,915 | DEBUG    | api_backfiller | [api_backfiller] ID 22 (NATGAS): price_prec=5, size_prec=5
2026-10-04 18:20:12,915 | DEBUG    | api_backfiller | [api_backfiller] ID 42: price_precision via historischem Fallback=5
2026-10-04 18:20:12,915 | DEBUG    | api_backfiller | [api_backfiller] ID 42: size_precision via historischem Fallback=5
2026-10-04 18:20:12,915 | DEBUG    | api_backfiller | [api_backfiller] ID 42 (USDZAR): price_prec=5, size_prec=5
2026-10-04 18:20:12,916 | DEBUG    | api_backfiller | [api_backfiller] ID 62: price_precision via historischem Fallback=5
2026-10-04 18:20:12,916 | DEBUG    | api_backfiller | [api_backfiller] ID 62: size_precision via historischem Fallback=5
2026-10-04 18:20:12,916 | DEBUG    | api_backfiller | [api_backfiller] ID 62 (USDTRY): price_prec=5, size_prec=5
2026-10-04 18:20:12,916 | DEBUG    | api_backfiller | [api_backfiller] Keine API-Precision für ID 1012 (CAT). Equity-Fallback (2,2) wird von run_backfill() angewendet.
2026-10-04 18:20:12,916 | DEBUG    | api_backfiller | [api_backfiller] Keine API-Precision für ID 1021 (INTC). Equity-Fallback (2,2) wird von run_backfill() angewendet.
2026-10-04 18:20:12,916 | DEBUG    | api_backfiller | [api_backfiller] Keine API-Precision für ID 1022 (JNJ). Equity-Fallback (2,2) wird von run_backfill() angewendet.
2026-10-04 18:20:12,916 | DEBUG    | api_backfiller | [api_backfiller] Keine API-Precision für ID 1102 (PBR). Equity-Fallback (2,2) wird von run_backfill() angewendet.
2026-10-04 18:20:12,916 | DEBUG    | api_backfiller | [api_backfiller] Keine API-Precision für ID 1111 (TSLA). Equity-Fallback (2,2) wird von run_backfill() angewendet.
2026-10-04 18:20:12,916 | DEBUG    | api_backfiller | [api_backfiller] Keine API-Precision für ID 1126 (ADBE). Equity-Fallback (2,2) wird von run_backfill() angewendet.
2026-10-04 18:20:12,916 | DEBUG    | api_backfiller | [api_backfiller] Keine API-Precision für ID 1129 (WDC). Equity-Fallback (2,2) wird von run_backfill() angewendet.
2026-10-04 18:20:12,916 | DEBUG    | api_backfiller | [api_backfiller] Keine API-Precision für ID 1130 (MU). Equity-Fallback (2,2) wird von run_backfill() angewendet.
2026-10-04 18:20:12,916 | DEBUG    | api_backfiller | [api_backfiller] Keine API-Precision für ID 1137 (NVDA). Equity-Fallback (2,2) wird von run_backfill() angewendet.
2026-10-04 18:20:12,916 | DEBUG    | api_backfiller | [api_backfiller] Keine API-Precision für ID 1160 (WIX). Equity-Fallback (2,2) wird von run_backfill() angewendet.
2026-10-04 18:20:12,916 | DEBUG    | api_backfiller | [api_backfiller] Keine API-Precision für ID 1184 (PINS). Equity-Fallback (2,2) wird von run_backfill() angewendet.
2026-10-04 18:20:12,916 | DEBUG    | api_backfiller | [api_backfiller] Keine API-Precision für ID 1402 (ROP.ZU). Equity-Fallback (2,2) wird von run_backfill() angewendet.
2026-10-04 18:20:12,916 | DEBUG    | api_backfiller | [api_backfiller] Keine API-Precision für ID 1450 (ACN). Equity-Fallback (2,2) wird von run_backfill() angewendet.
2026-10-04 18:20:12,916 | DEBUG    | api_backfiller | [api_backfiller] Keine API-Precision für ID 1531 (HAL). Equity-Fallback (2,2) wird von run_backfill() angewendet.
2026-10-04 18:20:12,916 | DEBUG    | api_backfiller | [api_backfiller] Keine API-Precision für ID 1687 (GLW). Equity-Fallback (2,2) wird von run_backfill() angewendet.
2026-10-04 18:20:12,916 | DEBUG    | api_backfiller | [api_backfiller] Keine API-Precision für ID 1704 (CHTR). Equity-Fallback (2,2) wird von run_backfill() angewendet.
2026-10-04 18:20:12,916 | DEBUG    | api_backfiller | [api_backfiller] Keine API-Precision für ID 1839 (CRM). Equity-Fallback (2,2) wird von run_backfill() angewendet.
2026-10-04 18:20:12,916 | DEBUG    | api_backfiller | [api_backfiller] Keine API-Precision für ID 1905 (MTZ). Equity-Fallback (2,2) wird von run_backfill() angewendet.
2026-10-04 18:20:12,916 | DEBUG    | api_backfiller | [api_backfiller] Keine API-Precision für ID 1906 (LRCX). Equity-Fallback (2,2) wird von run_backfill() angewendet.
2026-10-04 18:20:12,916 | DEBUG    | api_backfiller | [api_backfiller] Keine API-Precision für ID 1945 (CMG). Equity-Fallback (2,2) wird von run_backfill() angewendet.
2026-10-04 18:20:12,916 | DEBUG    | api_backfiller | [api_backfiller] Keine API-Precision für ID 1979 (SNAP). Equity-Fallback (2,2) wird von run_backfill() angewendet.
2026-10-04 18:20:12,916 | DEBUG    | api_backfiller | [api_backfiller] Keine API-Precision für ID 2380 (01211.HK). Equity-Fallback (2,2) wird von run_backfill() angewendet.
2026-10-04 18:20:12,916 | DEBUG    | api_backfiller | [api_backfiller] Keine API-Precision für ID 2587 (RHM.DE). Equity-Fallback (2,2) wird von run_backfill() angewendet.
2026-10-04 18:20:12,916 | DEBUG    | api_backfiller | [api_backfiller] ID 3208: price_precision via historischem Fallback=5
2026-10-04 18:20:12,916 | DEBUG    | api_backfiller | [api_backfiller] ID 3208: size_precision via historischem Fallback=5
2026-10-04 18:20:12,916 | DEBUG    | api_backfiller | [api_backfiller] ID 3208 (PALL): price_prec=5, size_prec=5
2026-10-04 18:20:12,916 | DEBUG    | api_backfiller | [api_backfiller] Keine API-Precision für ID 4067 (GSAT). Equity-Fallback (2,2) wird von run_backfill() angewendet.
2026-10-04 18:20:12,916 | DEBUG    | api_backfiller | [api_backfiller] Keine API-Precision für ID 4074 (HUBS). Equity-Fallback (2,2) wird von run_backfill() angewendet.
2026-10-04 18:20:12,916 | DEBUG    | api_backfiller | [api_backfiller] Keine API-Precision für ID 4232 (NVS). Equity-Fallback (2,2) wird von run_backfill() angewendet.
2026-10-04 18:20:12,916 | DEBUG    | api_backfiller | [api_backfiller] Keine API-Precision für ID 4260 (NOW). Equity-Fallback (2,2) wird von run_backfill() angewendet.
2026-10-04 18:20:12,916 | DEBUG    | api_backfiller | [api_backfiller] Keine API-Precision für ID 4263 (WDAY). Equity-Fallback (2,2) wird von run_backfill() angewendet.
2026-10-04 18:20:12,916 | DEBUG    | api_backfiller | [api_backfiller] Keine API-Precision für ID 4286 (TEAM). Equity-Fallback (2,2) wird von run_backfill() angewendet.
2026-10-04 18:20:12,916 | DEBUG    | api_backfiller | [api_backfiller] Keine API-Precision für ID 4398 (DOCU). Equity-Fallback (2,2) wird von run_backfill() angewendet.
2026-10-04 18:20:12,916 | DEBUG    | api_backfiller | [api_backfiller] Keine API-Precision für ID 4403 (ZS). Equity-Fallback (2,2) wird von run_backfill() angewendet.
2026-10-04 18:20:12,916 | DEBUG    | api_backfiller | [api_backfiller] Keine API-Precision für ID 4421 (CIEN). Equity-Fallback (2,2) wird von run_backfill() angewendet.
2026-10-04 18:20:12,916 | DEBUG    | api_backfiller | [api_backfiller] Keine API-Precision für ID 5045 (FSLY). Equity-Fallback (2,2) wird von run_backfill() angewendet.
2026-10-04 18:20:12,916 | DEBUG    | api_backfiller | [api_backfiller] Keine API-Precision für ID 5635 (EEFT). Equity-Fallback (2,2) wird von run_backfill() angewendet.
2026-10-04 18:20:12,916 | DEBUG    | api_backfiller | [api_backfiller] Keine API-Precision für ID 6094 (COHR). Equity-Fallback (2,2) wird von run_backfill() angewendet.
2026-10-04 18:20:12,916 | DEBUG    | api_backfiller | [api_backfiller] Keine API-Precision für ID 6270 (RIOT). Equity-Fallback (2,2) wird von run_backfill() angewendet.
2026-10-04 18:20:12,916 | DEBUG    | api_backfiller | [api_backfiller] Keine API-Precision für ID 6434 (GOOGL). Equity-Fallback (2,2) wird von run_backfill() angewendet.
2026-10-04 18:20:12,916 | DEBUG    | api_backfiller | [api_backfiller] Keine API-Precision für ID 6552 (TSEM). Equity-Fallback (2,2) wird von run_backfill() angewendet.
2026-10-04 18:20:12,916 | DEBUG    | api_backfiller | [api_backfiller] Keine API-Precision für ID 6584 (AG). Equity-Fallback (2,2) wird von run_backfill() angewendet.
2026-10-04 18:20:12,916 | DEBUG    | api_backfiller | [api_backfiller] Keine API-Precision für ID 6700 (XPEV). Equity-Fallback (2,2) wird von run_backfill() angewendet.
2026-10-04 18:20:12,916 | DEBUG    | api_backfiller | [api_backfiller] Keine API-Precision für ID 6940 (SQM). Equity-Fallback (2,2) wird von run_backfill() angewendet.
2026-10-04 18:20:12,916 | DEBUG    | api_backfiller | [api_backfiller] Keine API-Precision für ID 7991 (PLTR). Equity-Fallback (2,2) wird von run_backfill() angewendet.
2026-10-04 18:20:12,916 | DEBUG    | api_backfiller | [api_backfiller] Keine API-Precision für ID 8585 (GTLB). Equity-Fallback (2,2) wird von run_backfill() angewendet.
2026-10-04 18:20:12,916 | DEBUG    | api_backfiller | [api_backfiller] Keine API-Precision für ID 8611 (WBD). Equity-Fallback (2,2) wird von run_backfill() angewendet.
2026-10-04 18:20:12,916 | DEBUG    | api_backfiller | [api_backfiller] Keine API-Precision für ID 8638 (E). Equity-Fallback (2,2) wird von run_backfill() angewendet.
2026-10-04 18:20:12,916 | DEBUG    | api_backfiller | [api_backfiller] Keine API-Precision für ID 8925 (CELH). Equity-Fallback (2,2) wird von run_backfill() angewendet.
2026-10-04 18:20:13,909 | DEBUG    | api_backfiller | [api_backfiller] Raw API response (first 500 chars): {'instrumentDisplayDatas': [{'instrumentID': 1002, 'instrumentDisplayName': 'Alphabet', 'instrumentTypeID': 5, 'exchangeID': 4, 'images': [{'instrumentID': 1002, 'width': 35.0, 'height': 35.0, 'uri': 'https://etoro-cdn.etorostatic.com/market-avatars/goog/35x35.png'}, {'instrumentID': 1002, 'width': 80.0, 'height': 80.0, 'uri': '/medium/Google.png'}, {'instrumentID': 1002, 'width': 50.0, 'height': 50.0, 'uri': 'https://etoro-cdn.etorostatic.com/market-avatars/goog/50x50.png'}, {'instrumentID': 10
2026-10-04 18:20:13,909 | DEBUG    | api_backfiller | [api_backfiller] Keine API-Precision für ID 1002 (GOOG). Equity-Fallback (2,2) wird von run_backfill() angewendet.
2026-10-04 18:20:13,909 | DEBUG    | api_backfiller | [api_backfiller] Keine API-Precision für ID 1115 (NOK). Equity-Fallback (2,2) wird von run_backfill() angewendet.
2026-10-04 18:20:13,909 | DEBUG    | api_backfiller | [api_backfiller] Keine API-Precision für ID 1138 (FDX). Equity-Fallback (2,2) wird von run_backfill() angewendet.
2026-10-04 18:20:13,909 | DEBUG    | api_backfiller | [api_backfiller] Keine API-Precision für ID 1341 (GEV). Equity-Fallback (2,2) wird von run_backfill() angewendet.
2026-10-04 18:20:13,909 | DEBUG    | api_backfiller | [api_backfiller] Keine API-Precision für ID 1484 (PYPL). Equity-Fallback (2,2) wird von run_backfill() angewendet.
2026-10-04 18:20:13,909 | DEBUG    | api_backfiller | [api_backfiller] Keine API-Precision für ID 1552 (ABT.US). Equity-Fallback (2,2) wird von run_backfill() angewendet.
2026-10-04 18:20:13,910 | DEBUG    | api_backfiller | [api_backfiller] Keine API-Precision für ID 1585 (GIS). Equity-Fallback (2,2) wird von run_backfill() angewendet.
2026-10-04 18:20:13,910 | DEBUG    | api_backfiller | [api_backfiller] Keine API-Precision für ID 1586 (CAG). Equity-Fallback (2,2) wird von run_backfill() angewendet.
2026-10-04 18:20:13,910 | DEBUG    | api_backfiller | [api_backfiller] Keine API-Precision für ID 1706 (AMAT). Equity-Fallback (2,2) wird von run_backfill() angewendet.
2026-10-04 18:20:13,910 | DEBUG    | api_backfiller | [api_backfiller] Keine API-Precision für ID 2485 (ENLT). Equity-Fallback (2,2) wird von run_backfill() angewendet.
2026-10-04 18:20:13,910 | DEBUG    | api_backfiller | [api_backfiller] Keine API-Precision für ID 4046 (DPZ). Equity-Fallback (2,2) wird von run_backfill() angewendet.
2026-10-04 18:20:13,910 | DEBUG    | api_backfiller | [api_backfiller] Keine API-Precision für ID 4087 (JAZZ). Equity-Fallback (2,2) wird von run_backfill() angewendet.
2026-10-04 18:20:13,910 | DEBUG    | api_backfiller | [api_backfiller] Keine API-Precision für ID 4272 (CCL). Equity-Fallback (2,2) wird von run_backfill() angewendet.
2026-10-04 18:20:13,910 | DEBUG    | api_backfiller | [api_backfiller] Keine API-Precision für ID 4358 (MRVL). Equity-Fallback (2,2) wird von run_backfill() angewendet.
2026-10-04 18:20:13,910 | DEBUG    | api_backfiller | [api_backfiller] Keine API-Precision für ID 5491 (ASX). Equity-Fallback (2,2) wird von run_backfill() angewendet.
2026-10-04 18:20:13,910 | DEBUG    | api_backfiller | [api_backfiller] Keine API-Precision für ID 5657 (SMTC). Equity-Fallback (2,2) wird von run_backfill() angewendet.
2026-10-04 18:20:13,910 | DEBUG    | api_backfiller | [api_backfiller] Keine API-Precision für ID 5997 (ARWR). Equity-Fallback (2,2) wird von run_backfill() angewendet.
2026-10-04 18:20:13,910 | DEBUG    | api_backfiller | [api_backfiller] Keine API-Precision für ID 6071 (AXON). Equity-Fallback (2,2) wird von run_backfill() angewendet.
2026-10-04 18:20:13,910 | DEBUG    | api_backfiller | [api_backfiller] Keine API-Precision für ID 6459 (LSCC). Equity-Fallback (2,2) wird von run_backfill() angewendet.
2026-10-04 18:20:13,910 | DEBUG    | api_backfiller | [api_backfiller] Keine API-Precision für ID 6473 (MSTR). Equity-Fallback (2,2) wird von run_backfill() angewendet.
2026-10-04 18:20:13,910 | DEBUG    | api_backfiller | [api_backfiller] Keine API-Precision für ID 6549 (TER). Equity-Fallback (2,2) wird von run_backfill() angewendet.
2026-10-04 18:20:13,910 | DEBUG    | api_backfiller | [api_backfiller] Keine API-Precision für ID 6662 (CVE). Equity-Fallback (2,2) wird von run_backfill() angewendet.
2026-10-04 18:20:13,910 | DEBUG    | api_backfiller | [api_backfiller] Keine API-Precision für ID 6681 (ELF). Equity-Fallback (2,2) wird von run_backfill() angewendet.
2026-10-04 18:20:13,910 | DEBUG    | api_backfiller | [api_backfiller] Keine API-Precision für ID 6844 (NVO). Equity-Fallback (2,2) wird von run_backfill() angewendet.
2026-10-04 18:20:13,910 | DEBUG    | api_backfiller | [api_backfiller] Keine API-Precision für ID 7852 (AMKR). Equity-Fallback (2,2) wird von run_backfill() angewendet.
2026-10-04 18:20:13,910 | DEBUG    | api_backfiller | [api_backfiller] Keine API-Precision für ID 8604 (KD). Equity-Fallback (2,2) wird von run_backfill() angewendet.
2026-10-04 18:20:13,910 | DEBUG    | api_backfiller | [api_backfiller] Keine API-Precision für ID 8671 (HUT). Equity-Fallback (2,2) wird von run_backfill() angewendet.
2026-10-04 18:20:13,910 | DEBUG    | api_backfiller | [api_backfiller] Keine API-Precision für ID 8867 (VRT). Equity-Fallback (2,2) wird von run_backfill() angewendet.
2026-10-04 18:20:13,910 | DEBUG    | api_backfiller | [api_backfiller] Keine API-Precision für ID 9077 (FICO). Equity-Fallback (2,2) wird von run_backfill() angewendet.
2026-10-04 18:20:13,910 | DEBUG    | api_backfiller | [api_backfiller] Keine API-Precision für ID 9119 (INSM). Equity-Fallback (2,2) wird von run_backfill() angewendet.
2026-10-04 18:20:13,910 | DEBUG    | api_backfiller | [api_backfiller] Keine API-Precision für ID 9506 (MOD). Equity-Fallback (2,2) wird von run_backfill() angewendet.
2026-10-04 18:20:13,910 | DEBUG    | api_backfiller | [api_backfiller] Keine API-Precision für ID 9517 (INSW). Equity-Fallback (2,2) wird von run_backfill() angewendet.
2026-10-04 18:20:13,910 | DEBUG    | api_backfiller | [api_backfiller] Keine API-Precision für ID 9646 (FORM). Equity-Fallback (2,2) wird von run_backfill() angewendet.
2026-10-04 18:20:13,910 | DEBUG    | api_backfiller | [api_backfiller] Keine API-Precision für ID 9803 (TTMI). Equity-Fallback (2,2) wird von run_backfill() angewendet.
2026-10-04 18:20:13,910 | DEBUG    | api_backfiller | [api_backfiller] Keine API-Precision für ID 9814 (POWL). Equity-Fallback (2,2) wird von run_backfill() angewendet.
2026-10-04 18:20:13,910 | DEBUG    | api_backfiller | [api_backfiller] Keine API-Precision für ID 10476 (SEI.US). Equity-Fallback (2,2) wird von run_backfill() angewendet.
2026-10-04 18:20:13,910 | DEBUG    | api_backfiller | [api_backfiller] Keine API-Precision für ID 14310 (NTSK). Equity-Fallback (2,2) wird von run_backfill() angewendet.
2026-10-04 18:20:13,910 | DEBUG    | api_backfiller | [api_backfiller] Keine API-Precision für ID 15233 (ESLT). Equity-Fallback (2,2) wird von run_backfill() angewendet.
2026-10-04 18:20:13,910 | DEBUG    | api_backfiller | [api_backfiller] ID 100000: price_precision via historischem Fallback=2
2026-10-04 18:20:13,910 | DEBUG    | api_backfiller | [api_backfiller] ID 100000: size_precision via historischem Fallback=8
2026-10-04 18:20:13,910 | DEBUG    | api_backfiller | [api_backfiller] ID 100000 (BTC): price_prec=2, size_prec=8
2026-10-04 18:20:13,910 | DEBUG    | api_backfiller | [api_backfiller] ID 100001: price_precision via historischem Fallback=2
2026-10-04 18:20:13,910 | DEBUG    | api_backfiller | [api_backfiller] ID 100001: size_precision via historischem Fallback=8
2026-10-04 18:20:13,910 | DEBUG    | api_backfiller | [api_backfiller] ID 100001 (ETH): price_prec=2, size_prec=8
2026-10-04 18:20:13,910 | DEBUG    | api_backfiller | [api_backfiller] ID 100003: price_precision via historischem Fallback=2
2026-10-04 18:20:13,910 | DEBUG    | api_backfiller | [api_backfiller] ID 100003: size_precision via historischem Fallback=8
2026-10-04 18:20:13,910 | DEBUG    | api_backfiller | [api_backfiller] ID 100003 (XRP): price_prec=2, size_prec=8
2026-10-04 18:20:13,910 | DEBUG    | api_backfiller | [api_backfiller] ID 100017: price_precision via historischem Fallback=2
2026-10-04 18:20:13,910 | DEBUG    | api_backfiller | [api_backfiller] ID 100017: size_precision via historischem Fallback=8
2026-10-04 18:20:13,910 | DEBUG    | api_backfiller | [api_backfiller] ID 100017 (ADA): price_prec=2, size_prec=8
2026-10-04 18:20:13,910 | DEBUG    | api_backfiller | [api_backfiller] ID 100043: price_precision via historischem Fallback=2
2026-10-04 18:20:13,910 | DEBUG    | api_backfiller | [api_backfiller] ID 100043: size_precision via historischem Fallback=8
2026-10-04 18:20:13,910 | DEBUG    | api_backfiller | [api_backfiller] ID 100043 (DOGE): price_prec=2, size_prec=8
2026-10-04 18:20:13,910 | DEBUG    | api_backfiller | [api_backfiller] ID 100063: price_precision via historischem Fallback=2
2026-10-04 18:20:13,910 | DEBUG    | api_backfiller | [api_backfiller] ID 100063: size_precision via historischem Fallback=8
2026-10-04 18:20:13,910 | DEBUG    | api_backfiller | [api_backfiller] ID 100063 (SOL): price_prec=2, size_prec=8
2026-10-04 18:20:13,910 | DEBUG    | api_backfiller | [api_backfiller] ID 100080: price_precision via historischem Fallback=8
2026-10-04 18:20:13,910 | DEBUG    | api_backfiller | [api_backfiller] ID 100080: size_precision via historischem Fallback=8
2026-10-04 18:20:13,910 | DEBUG    | api_backfiller | [api_backfiller] ID 100080 (SHIBxM): price_prec=8, size_prec=8
2026-10-04 18:20:13,910 | DEBUG    | api_backfiller | [api_backfiller] ID 100085: price_precision via historischem Fallback=2
2026-10-04 18:20:13,910 | DEBUG    | api_backfiller | [api_backfiller] ID 100085: size_precision via historischem Fallback=8
2026-10-04 18:20:13,910 | DEBUG    | api_backfiller | [api_backfiller] ID 100085 (AVAX): price_prec=2, size_prec=8
2026-10-04 18:20:13,910 | DEBUG    | api_backfiller | [api_backfiller] ID 100303: price_precision via historischem Fallback=8
2026-10-04 18:20:13,910 | DEBUG    | api_backfiller | [api_backfiller] ID 100303: size_precision via historischem Fallback=8
2026-10-04 18:20:13,910 | DEBUG    | api_backfiller | [api_backfiller] ID 100303 (PEPExM): price_prec=8, size_prec=8
2026-10-04 18:20:13,911 | DEBUG    | api_backfiller | [api_backfiller] ID 100323: price_precision via historischem Fallback=2
2026-10-04 18:20:13,911 | DEBUG    | api_backfiller | [api_backfiller] ID 100323: size_precision via historischem Fallback=8
2026-10-04 18:20:13,911 | DEBUG    | api_backfiller | [api_backfiller] ID 100323 (ONDO): price_prec=2, size_prec=8
2026-10-04 18:20:13,911 | DEBUG    | api_backfiller | [api_backfiller] ID 100421: price_precision via historischem Fallback=2
2026-10-04 18:20:13,911 | DEBUG    | api_backfiller | [api_backfiller] ID 100421: size_precision via historischem Fallback=8
2026-10-04 18:20:13,911 | DEBUG    | api_backfiller | [api_backfiller] ID 100421 (AERO): price_prec=2, size_prec=8
2026-10-04 18:20:13,911 | DEBUG    | api_backfiller | [api_backfiller] ID 100446: price_precision via historischem Fallback=2
2026-10-04 18:20:13,911 | DEBUG    | api_backfiller | [api_backfiller] ID 100446: size_precision via historischem Fallback=8
2026-10-04 18:20:13,911 | DEBUG    | api_backfiller | [api_backfiller] ID 100446 (HYPE): price_prec=2, size_prec=8
2026-10-04 18:20:14,524 | DEBUG    | api_backfiller | [api_backfiller] Raw API response (first 500 chars): {'instrumentDisplayDatas': [{'instrumentID': 1567, 'instrumentDisplayName': 'Eli Lilly & Co', 'instrumentTypeID': 5, 'exchangeID': 5, 'images': [{'instrumentID': 1567, 'width': 35.0, 'height': 35.0, 'uri': 'https://etoro-cdn.etorostatic.com/market-avatars/lly/35x35.png'}, {'instrumentID': 1567, 'width': 50.0, 'height': 50.0, 'uri': 'https://etoro-cdn.etorostatic.com/market-avatars/lly/50x50.png'}, {'instrumentID': 1567, 'width': 80.0, 'height': 80.0, 'uri': 'https://etoro-cdn.etorostatic.com/mar
2026-10-04 18:20:14,524 | DEBUG    | api_backfiller | [api_backfiller] Keine API-Precision für ID 1567 (LLY). Equity-Fallback (2,2) wird von run_backfill() angewendet.
2026-10-04 18:20:14,524 | DEBUG    | api_backfiller | [api_backfiller] Keine API-Precision für ID 1886 (Z). Equity-Fallback (2,2) wird von run_backfill() angewendet.
2026-10-04 18:20:14,524 | DEBUG    | api_backfiller | [api_backfiller] Keine API-Precision für ID 2474 (PSN.US). Equity-Fallback (2,2) wird von run_backfill() angewendet.
2026-10-04 18:20:14,524 | DEBUG    | api_backfiller | [api_backfiller] Keine API-Precision für ID 4244 (ASML). Equity-Fallback (2,2) wird von run_backfill() angewendet.
2026-10-04 18:20:14,524 | DEBUG    | api_backfiller | [api_backfiller] Keine API-Precision für ID 4336 (TEVA). Equity-Fallback (2,2) wird von run_backfill() angewendet.
2026-10-04 18:20:14,524 | DEBUG    | api_backfiller | [api_backfiller] Keine API-Precision für ID 5505 (CHWY). Equity-Fallback (2,2) wird von run_backfill() angewendet.
2026-10-04 18:20:14,524 | DEBUG    | api_backfiller | [api_backfiller] Keine API-Precision für ID 5641 (PODD). Equity-Fallback (2,2) wird von run_backfill() angewendet.
2026-10-04 18:20:14,524 | DEBUG    | api_backfiller | [api_backfiller] Keine API-Precision für ID 6314 (AXSM). Equity-Fallback (2,2) wird von run_backfill() angewendet.
2026-10-04 18:20:14,524 | DEBUG    | api_backfiller | [api_backfiller] Keine API-Precision für ID 6525 (RVMD). Equity-Fallback (2,2) wird von run_backfill() angewendet.
2026-10-04 18:20:14,524 | DEBUG    | api_backfiller | [api_backfiller] Keine API-Precision für ID 6804 (ONTO). Equity-Fallback (2,2) wird von run_backfill() angewendet.
2026-10-04 18:20:14,524 | DEBUG    | api_backfiller | [api_backfiller] Keine API-Precision für ID 6870 (TD). Equity-Fallback (2,2) wird von run_backfill() angewendet.
2026-10-04 18:20:14,524 | DEBUG    | api_backfiller | [api_backfiller] Keine API-Precision für ID 6916 (RBLX). Equity-Fallback (2,2) wird von run_backfill() angewendet.
2026-10-04 18:20:14,524 | DEBUG    | api_backfiller | [api_backfiller] Keine API-Precision für ID 7990 (DKNG). Equity-Fallback (2,2) wird von run_backfill() angewendet.
2026-10-04 18:20:14,524 | DEBUG    | api_backfiller | [api_backfiller] Keine API-Precision für ID 8927 (TWST). Equity-Fallback (2,2) wird von run_backfill() angewendet.
2026-10-04 18:20:14,524 | DEBUG    | api_backfiller | [api_backfiller] Keine API-Precision für ID 9479 (KRYS). Equity-Fallback (2,2) wird von run_backfill() angewendet.
2026-10-04 18:20:14,524 | DEBUG    | api_backfiller | [api_backfiller] Keine API-Precision für ID 9484 (VSH). Equity-Fallback (2,2) wird von run_backfill() angewendet.
2026-10-04 18:20:14,524 | DEBUG    | api_backfiller | [api_backfiller] Keine API-Precision für ID 9555 (CRS). Equity-Fallback (2,2) wird von run_backfill() angewendet.
2026-10-04 18:20:14,524 | DEBUG    | api_backfiller | [api_backfiller] Keine API-Precision für ID 9810 (ENVA). Equity-Fallback (2,2) wird von run_backfill() angewendet.
2026-10-04 18:20:14,524 | DEBUG    | api_backfiller | [api_backfiller] Keine API-Precision für ID 10151 (ATRO). Equity-Fallback (2,2) wird von run_backfill() angewendet.
2026-10-04 18:20:14,524 | DEBUG    | api_backfiller | [api_backfiller] Keine API-Precision für ID 13615 (BETA). Equity-Fallback (2,2) wird von run_backfill() angewendet.
2026-10-04 18:20:15,025 | INFO     | api_backfiller | [api_backfiller] Precision-Auflösung abgeschlossen: 16 direkt via API, 0 via Symbol-Fallback (_fallback_precisions), 154 Equities erhalten (2,2) in run_backfill().
2026-10-04 18:20:15,185 | DEBUG    | api_backfiller | [api_backfiller] 01211.HK.ETORO: Precision-Fallback price_prec=2, size_prec=2
2026-10-04 18:20:15,442 | INFO     | api_backfiller | [api_backfiller] 01211.HK.ETORO: 96 Candles konvertiert (price_prec=2, size_prec=2).
2026-10-04 18:20:15,449 | DEBUG    | api_backfiller | [api_backfiller] 01211.HK.ETORO: 4596→4500 Zeilen (-96 Duplikate)
2026-10-04 18:20:15,452 | INFO     | api_backfiller | [api_backfiller] 01211.HK.ETORO: 4500 Zeilen gespeichert (price_prec=2, size_prec=2) → /home/minisforum/etoro_nautilus/data/nautilus/data/quote_tick/01211.HK.ETORO/OneHour/data.parquet
2026-10-04 18:20:16,557 | DEBUG    | api_backfiller | [api_backfiller] ABT.US.ETORO: Precision-Fallback price_prec=2, size_prec=2
2026-10-04 18:20:16,677 | INFO     | api_backfiller | [api_backfiller] ABT.US.ETORO: 460 Candles konvertiert (price_prec=2, size_prec=2).
2026-10-04 18:20:16,684 | DEBUG    | api_backfiller | [api_backfiller] ABT.US.ETORO: 6316→5856 Zeilen (-460 Duplikate)
2026-10-04 18:20:16,686 | INFO     | api_backfiller | [api_backfiller] ABT.US.ETORO: 5856 Zeilen gespeichert (price_prec=2, size_prec=2) → /home/minisforum/etoro_nautilus/data/nautilus/data/quote_tick/ABT.US.ETORO/OneHour/data.parquet
2026-10-04 18:20:17,790 | DEBUG    | api_backfiller | [api_backfiller] ACN.ETORO: Precision-Fallback price_prec=2, size_prec=2
2026-10-04 18:20:17,900 | INFO     | api_backfiller | [api_backfiller] ACN.ETORO: 420 Candles konvertiert (price_prec=2, size_prec=2).
2026-10-04 18:20:17,907 | DEBUG    | api_backfiller | [api_backfiller] ACN.ETORO: 6156→5736 Zeilen (-420 Duplikate)
2026-10-04 18:20:17,910 | INFO     | api_backfiller | [api_backfiller] ACN.ETORO: 5736 Zeilen gespeichert (price_prec=2, size_prec=2) → /home/minisforum/etoro_nautilus/data/nautilus/data/quote_tick/ACN.ETORO/OneHour/data.parquet
2026-10-04 18:20:19,013 | DEBUG    | api_backfiller | [api_backfiller] ADA.ETORO: Daten aktuell (Lücke 0.3h) — überspringe.
2026-10-04 18:20:19,015 | DEBUG    | api_backfiller | [api_backfiller] ADBE.ETORO: Precision-Fallback price_prec=2, size_prec=2
2026-10-04 18:20:19,133 | INFO     | api_backfiller | [api_backfiller] ADBE.ETORO: 464 Candles konvertiert (price_prec=2, size_prec=2).
2026-10-04 18:20:19,139 | DEBUG    | api_backfiller | [api_backfiller] ADBE.ETORO: 6416→5952 Zeilen (-464 Duplikate)
2026-10-04 18:20:19,143 | INFO     | api_backfiller | [api_backfiller] ADBE.ETORO: 5952 Zeilen gespeichert (price_prec=2, size_prec=2) → /home/minisforum/etoro_nautilus/data/nautilus/data/quote_tick/ADBE.ETORO/OneHour/data.parquet
2026-10-04 18:20:20,248 | DEBUG    | api_backfiller | [api_backfiller] AERO.ETORO: Daten aktuell (Lücke 0.3h) — überspringe.
2026-10-04 18:20:20,249 | DEBUG    | api_backfiller | [api_backfiller] AG.ETORO: Precision-Fallback price_prec=2, size_prec=2
2026-10-04 18:20:20,475 | INFO     | api_backfiller | [api_backfiller] AG.ETORO: 140 Candles konvertiert (price_prec=2, size_prec=2).
2026-10-04 18:20:20,479 | DEBUG    | api_backfiller | [api_backfiller] AG.ETORO: 4732→4592 Zeilen (-140 Duplikate)
2026-10-04 18:20:20,482 | INFO     | api_backfiller | [api_backfiller] AG.ETORO: 4592 Zeilen gespeichert (price_prec=2, size_prec=2) → /home/minisforum/etoro_nautilus/data/nautilus/data/quote_tick/AG.ETORO/OneHour/data.parquet
2026-10-04 18:20:21,585 | DEBUG    | api_backfiller | [api_backfiller] AMAT.ETORO: Precision-Fallback price_prec=2, size_prec=2
2026-10-04 18:20:21,695 | INFO     | api_backfiller | [api_backfiller] AMAT.ETORO: 464 Candles konvertiert (price_prec=2, size_prec=2).
2026-10-04 18:20:21,701 | DEBUG    | api_backfiller | [api_backfiller] AMAT.ETORO: 6412→5948 Zeilen (-464 Duplikate)
2026-10-04 18:20:21,704 | INFO     | api_backfiller | [api_backfiller] AMAT.ETORO: 5948 Zeilen gespeichert (price_prec=2, size_prec=2) → /home/minisforum/etoro_nautilus/data/nautilus/data/quote_tick/AMAT.ETORO/OneHour/data.parquet
2026-10-04 18:20:22,808 | DEBUG    | api_backfiller | [api_backfiller] AMD.ETORO: Precision-Fallback price_prec=2, size_prec=2
2026-10-04 18:20:23,173 | INFO     | api_backfiller | [api_backfiller] AMD.ETORO: 464 Candles konvertiert (price_prec=2, size_prec=2).
2026-10-04 18:20:23,179 | DEBUG    | api_backfiller | [api_backfiller] AMD.ETORO: 6420→5956 Zeilen (-464 Duplikate)
2026-10-04 18:20:23,182 | INFO     | api_backfiller | [api_backfiller] AMD.ETORO: 5956 Zeilen gespeichert (price_prec=2, size_prec=2) → /home/minisforum/etoro_nautilus/data/nautilus/data/quote_tick/AMD.ETORO/OneHour/data.parquet
2026-10-04 18:20:24,285 | DEBUG    | api_backfiller | [api_backfiller] AMKR.ETORO: Precision-Fallback price_prec=2, size_prec=2
2026-10-04 18:20:24,846 | INFO     | api_backfiller | [api_backfiller] AMKR.ETORO: 140 Candles konvertiert (price_prec=2, size_prec=2).
2026-10-04 18:20:24,851 | DEBUG    | api_backfiller | [api_backfiller] AMKR.ETORO: 4732→4592 Zeilen (-140 Duplikate)
2026-10-04 18:20:24,854 | INFO     | api_backfiller | [api_backfiller] AMKR.ETORO: 4592 Zeilen gespeichert (price_prec=2, size_prec=2) → /home/minisforum/etoro_nautilus/data/nautilus/data/quote_tick/AMKR.ETORO/OneHour/data.parquet
2026-10-04 18:20:25,959 | DEBUG    | api_backfiller | [api_backfiller] ARWR.ETORO: Precision-Fallback price_prec=2, size_prec=2
2026-10-04 18:20:26,068 | INFO     | api_backfiller | [api_backfiller] ARWR.ETORO: 140 Candles konvertiert (price_prec=2, size_prec=2).
2026-10-04 18:20:26,072 | DEBUG    | api_backfiller | [api_backfiller] ARWR.ETORO: 4732→4592 Zeilen (-140 Duplikate)
2026-10-04 18:20:26,076 | INFO     | api_backfiller | [api_backfiller] ARWR.ETORO: 4592 Zeilen gespeichert (price_prec=2, size_prec=2) → /home/minisforum/etoro_nautilus/data/nautilus/data/quote_tick/ARWR.ETORO/OneHour/data.parquet
2026-10-04 18:20:27,180 | DEBUG    | api_backfiller | [api_backfiller] ASML.ETORO: Precision-Fallback price_prec=2, size_prec=2
2026-10-04 18:20:27,408 | INFO     | api_backfiller | [api_backfiller] ASML.ETORO: 464 Candles konvertiert (price_prec=2, size_prec=2).
2026-10-04 18:20:27,414 | DEBUG    | api_backfiller | [api_backfiller] ASML.ETORO: 6420→5956 Zeilen (-464 Duplikate)
2026-10-04 18:20:27,418 | INFO     | api_backfiller | [api_backfiller] ASML.ETORO: 5956 Zeilen gespeichert (price_prec=2, size_prec=2) → /home/minisforum/etoro_nautilus/data/nautilus/data/quote_tick/ASML.ETORO/OneHour/data.parquet
2026-10-04 18:20:28,523 | DEBUG    | api_backfiller | [api_backfiller] ASX.ETORO: Precision-Fallback price_prec=2, size_prec=2
2026-10-04 18:20:29,004 | INFO     | api_backfiller | [api_backfiller] ASX.ETORO: 140 Candles konvertiert (price_prec=2, size_prec=2).
2026-10-04 18:20:29,009 | DEBUG    | api_backfiller | [api_backfiller] ASX.ETORO: 4732→4592 Zeilen (-140 Duplikate)
2026-10-04 18:20:29,012 | INFO     | api_backfiller | [api_backfiller] ASX.ETORO: 4592 Zeilen gespeichert (price_prec=2, size_prec=2) → /home/minisforum/etoro_nautilus/data/nautilus/data/quote_tick/ASX.ETORO/OneHour/data.parquet
2026-10-04 18:20:30,116 | DEBUG    | api_backfiller | [api_backfiller] ATI.ETORO: Precision-Fallback price_prec=2, size_prec=2
2026-10-04 18:20:30,294 | INFO     | api_backfiller | [api_backfiller] ATI.ETORO: 140 Candles konvertiert (price_prec=2, size_prec=2).
2026-10-04 18:20:30,298 | DEBUG    | api_backfiller | [api_backfiller] ATI.ETORO: 4728→4588 Zeilen (-140 Duplikate)
2026-10-04 18:20:30,301 | INFO     | api_backfiller | [api_backfiller] ATI.ETORO: 4588 Zeilen gespeichert (price_prec=2, size_prec=2) → /home/minisforum/etoro_nautilus/data/nautilus/data/quote_tick/ATI.ETORO/OneHour/data.parquet
2026-10-04 18:20:31,406 | DEBUG    | api_backfiller | [api_backfiller] ATRO.ETORO: Precision-Fallback price_prec=2, size_prec=2
2026-10-04 18:20:31,520 | INFO     | api_backfiller | [api_backfiller] ATRO.ETORO: 140 Candles konvertiert (price_prec=2, size_prec=2).
2026-10-04 18:20:31,524 | DEBUG    | api_backfiller | [api_backfiller] ATRO.ETORO: 4284→4144 Zeilen (-140 Duplikate)
2026-10-04 18:20:31,526 | INFO     | api_backfiller | [api_backfiller] ATRO.ETORO: 4144 Zeilen gespeichert (price_prec=2, size_prec=2) → /home/minisforum/etoro_nautilus/data/nautilus/data/quote_tick/ATRO.ETORO/OneHour/data.parquet
2026-10-04 18:20:32,630 | DEBUG    | api_backfiller | [api_backfiller] AVAX.ETORO: Daten aktuell (Lücke 0.3h) — überspringe.
2026-10-04 18:20:32,631 | DEBUG    | api_backfiller | [api_backfiller] AXON.ETORO: Precision-Fallback price_prec=2, size_prec=2
2026-10-04 18:20:32,748 | INFO     | api_backfiller | [api_backfiller] AXON.ETORO: 348 Candles konvertiert (price_prec=2, size_prec=2).
2026-10-04 18:20:32,753 | DEBUG    | api_backfiller | [api_backfiller] AXON.ETORO: 5976→5628 Zeilen (-348 Duplikate)
2026-10-04 18:20:32,755 | INFO     | api_backfiller | [api_backfiller] AXON.ETORO: 5628 Zeilen gespeichert (price_prec=2, size_prec=2) → /home/minisforum/etoro_nautilus/data/nautilus/data/quote_tick/AXON.ETORO/OneHour/data.parquet
2026-10-04 18:20:33,859 | DEBUG    | api_backfiller | [api_backfiller] AXSM.ETORO: Precision-Fallback price_prec=2, size_prec=2
2026-10-04 18:20:34,061 | INFO     | api_backfiller | [api_backfiller] AXSM.ETORO: 140 Candles konvertiert (price_prec=2, size_prec=2).
2026-10-04 18:20:34,065 | DEBUG    | api_backfiller | [api_backfiller] AXSM.ETORO: 4732→4592 Zeilen (-140 Duplikate)
2026-10-04 18:20:34,067 | INFO     | api_backfiller | [api_backfiller] AXSM.ETORO: 4592 Zeilen gespeichert (price_prec=2, size_prec=2) → /home/minisforum/etoro_nautilus/data/nautilus/data/quote_tick/AXSM.ETORO/OneHour/data.parquet
2026-10-04 18:20:35,170 | DEBUG    | api_backfiller | [api_backfiller] BETA.ETORO: Precision-Fallback price_prec=2, size_prec=2
2026-10-04 18:20:35,371 | INFO     | api_backfiller | [api_backfiller] BETA.ETORO: 140 Candles konvertiert (price_prec=2, size_prec=2).
2026-10-04 18:20:35,375 | DEBUG    | api_backfiller | [api_backfiller] BETA.ETORO: 4284→4144 Zeilen (-140 Duplikate)
2026-10-04 18:20:35,377 | INFO     | api_backfiller | [api_backfiller] BETA.ETORO: 4144 Zeilen gespeichert (price_prec=2, size_prec=2) → /home/minisforum/etoro_nautilus/data/nautilus/data/quote_tick/BETA.ETORO/OneHour/data.parquet
2026-10-04 18:20:36,481 | DEBUG    | api_backfiller | [api_backfiller] BTC.ETORO: Daten aktuell (Lücke 0.3h) — überspringe.
2026-10-04 18:20:36,482 | DEBUG    | api_backfiller | [api_backfiller] CAG.ETORO: Precision-Fallback price_prec=2, size_prec=2
2026-10-04 18:20:37,038 | INFO     | api_backfiller | [api_backfiller] CAG.ETORO: 372 Candles konvertiert (price_prec=2, size_prec=2).
2026-10-04 18:20:37,042 | DEBUG    | api_backfiller | [api_backfiller] CAG.ETORO: 5732→5360 Zeilen (-372 Duplikate)
2026-10-04 18:20:37,045 | INFO     | api_backfiller | [api_backfiller] CAG.ETORO: 5360 Zeilen gespeichert (price_prec=2, size_prec=2) → /home/minisforum/etoro_nautilus/data/nautilus/data/quote_tick/CAG.ETORO/OneHour/data.parquet
2026-10-04 18:20:38,148 | DEBUG    | api_backfiller | [api_backfiller] CAT.ETORO: Precision-Fallback price_prec=2, size_prec=2
2026-10-04 18:20:38,252 | INFO     | api_backfiller | [api_backfiller] CAT.ETORO: 464 Candles konvertiert (price_prec=2, size_prec=2).
2026-10-04 18:20:38,292 | DEBUG    | api_backfiller | [api_backfiller] CAT.ETORO: 6412→5948 Zeilen (-464 Duplikate)
2026-10-04 18:20:38,294 | INFO     | api_backfiller | [api_backfiller] CAT.ETORO: 5948 Zeilen gespeichert (price_prec=2, size_prec=2) → /home/minisforum/etoro_nautilus/data/nautilus/data/quote_tick/CAT.ETORO/OneHour/data.parquet
2026-10-04 18:20:39,397 | DEBUG    | api_backfiller | [api_backfiller] CCL.ETORO: Precision-Fallback price_prec=2, size_prec=2
2026-10-04 18:20:39,511 | INFO     | api_backfiller | [api_backfiller] CCL.ETORO: 464 Candles konvertiert (price_prec=2, size_prec=2).
2026-10-04 18:20:39,516 | DEBUG    | api_backfiller | [api_backfiller] CCL.ETORO: 6420→5956 Zeilen (-464 Duplikate)
2026-10-04 18:20:39,520 | INFO     | api_backfiller | [api_backfiller] CCL.ETORO: 5956 Zeilen gespeichert (price_prec=2, size_prec=2) → /home/minisforum/etoro_nautilus/data/nautilus/data/quote_tick/CCL.ETORO/OneHour/data.parquet
2026-10-04 18:20:40,624 | DEBUG    | api_backfiller | [api_backfiller] CELH.ETORO: Precision-Fallback price_prec=2, size_prec=2
2026-10-04 18:20:40,734 | INFO     | api_backfiller | [api_backfiller] CELH.ETORO: 140 Candles konvertiert (price_prec=2, size_prec=2).
2026-10-04 18:20:40,739 | DEBUG    | api_backfiller | [api_backfiller] CELH.ETORO: 4728→4588 Zeilen (-140 Duplikate)
2026-10-04 18:20:40,741 | INFO     | api_backfiller | [api_backfiller] CELH.ETORO: 4588 Zeilen gespeichert (price_prec=2, size_prec=2) → /home/minisforum/etoro_nautilus/data/nautilus/data/quote_tick/CELH.ETORO/OneHour/data.parquet
2026-10-04 18:20:41,844 | DEBUG    | api_backfiller | [api_backfiller] CHTR.ETORO: Precision-Fallback price_prec=2, size_prec=2
2026-10-04 18:20:41,960 | INFO     | api_backfiller | [api_backfiller] CHTR.ETORO: 380 Candles konvertiert (price_prec=2, size_prec=2).
2026-10-04 18:20:41,965 | DEBUG    | api_backfiller | [api_backfiller] CHTR.ETORO: 5816→5436 Zeilen (-380 Duplikate)
2026-10-04 18:20:41,968 | INFO     | api_backfiller | [api_backfiller] CHTR.ETORO: 5436 Zeilen gespeichert (price_prec=2, size_prec=2) → /home/minisforum/etoro_nautilus/data/nautilus/data/quote_tick/CHTR.ETORO/OneHour/data.parquet
2026-10-04 18:20:43,073 | DEBUG    | api_backfiller | [api_backfiller] CHWY.ETORO: Precision-Fallback price_prec=2, size_prec=2
2026-10-04 18:20:43,191 | INFO     | api_backfiller | [api_backfiller] CHWY.ETORO: 140 Candles konvertiert (price_prec=2, size_prec=2).
2026-10-04 18:20:43,196 | DEBUG    | api_backfiller | [api_backfiller] CHWY.ETORO: 4732→4592 Zeilen (-140 Duplikate)
2026-10-04 18:20:43,199 | INFO     | api_backfiller | [api_backfiller] CHWY.ETORO: 4592 Zeilen gespeichert (price_prec=2, size_prec=2) → /home/minisforum/etoro_nautilus/data/nautilus/data/quote_tick/CHWY.ETORO/OneHour/data.parquet
2026-10-04 18:20:44,303 | DEBUG    | api_backfiller | [api_backfiller] CIEN.ETORO: Precision-Fallback price_prec=2, size_prec=2
2026-10-04 18:20:44,413 | INFO     | api_backfiller | [api_backfiller] CIEN.ETORO: 464 Candles konvertiert (price_prec=2, size_prec=2).
2026-10-04 18:20:44,418 | DEBUG    | api_backfiller | [api_backfiller] CIEN.ETORO: 6412→5948 Zeilen (-464 Duplikate)
2026-10-04 18:20:44,423 | INFO     | api_backfiller | [api_backfiller] CIEN.ETORO: 5948 Zeilen gespeichert (price_prec=2, size_prec=2) → /home/minisforum/etoro_nautilus/data/nautilus/data/quote_tick/CIEN.ETORO/OneHour/data.parquet
2026-10-04 18:20:45,527 | DEBUG    | api_backfiller | [api_backfiller] CMG.ETORO: Precision-Fallback price_prec=2, size_prec=2
2026-10-04 18:20:45,623 | INFO     | api_backfiller | [api_backfiller] CMG.ETORO: 432 Candles konvertiert (price_prec=2, size_prec=2).
2026-10-04 18:20:45,628 | DEBUG    | api_backfiller | [api_backfiller] CMG.ETORO: 6216→5784 Zeilen (-432 Duplikate)
2026-10-04 18:20:45,631 | INFO     | api_backfiller | [api_backfiller] CMG.ETORO: 5784 Zeilen gespeichert (price_prec=2, size_prec=2) → /home/minisforum/etoro_nautilus/data/nautilus/data/quote_tick/CMG.ETORO/OneHour/data.parquet
2026-10-04 18:20:46,735 | DEBUG    | api_backfiller | [api_backfiller] COHR.ETORO: Precision-Fallback price_prec=2, size_prec=2
2026-10-04 18:20:46,851 | INFO     | api_backfiller | [api_backfiller] COHR.ETORO: 464 Candles konvertiert (price_prec=2, size_prec=2).
2026-10-04 18:20:46,856 | DEBUG    | api_backfiller | [api_backfiller] COHR.ETORO: 6416→5952 Zeilen (-464 Duplikate)
2026-10-04 18:20:46,860 | INFO     | api_backfiller | [api_backfiller] COHR.ETORO: 5952 Zeilen gespeichert (price_prec=2, size_prec=2) → /home/minisforum/etoro_nautilus/data/nautilus/data/quote_tick/COHR.ETORO/OneHour/data.parquet
2026-10-04 18:20:47,963 | DEBUG    | api_backfiller | [api_backfiller] COIN.ETORO: Precision-Fallback price_prec=2, size_prec=2
2026-10-04 18:20:48,062 | INFO     | api_backfiller | [api_backfiller] COIN.ETORO: 464 Candles konvertiert (price_prec=2, size_prec=2).
2026-10-04 18:20:48,067 | DEBUG    | api_backfiller | [api_backfiller] COIN.ETORO: 6416→5952 Zeilen (-464 Duplikate)
2026-10-04 18:20:48,070 | INFO     | api_backfiller | [api_backfiller] COIN.ETORO: 5952 Zeilen gespeichert (price_prec=2, size_prec=2) → /home/minisforum/etoro_nautilus/data/nautilus/data/quote_tick/COIN.ETORO/OneHour/data.parquet
2026-10-04 18:20:49,174 | DEBUG    | api_backfiller | [api_backfiller] CPNG.ETORO: Precision-Fallback price_prec=2, size_prec=2
2026-10-04 18:20:49,276 | INFO     | api_backfiller | [api_backfiller] CPNG.ETORO: 140 Candles konvertiert (price_prec=2, size_prec=2).
2026-10-04 18:20:49,281 | DEBUG    | api_backfiller | [api_backfiller] CPNG.ETORO: 4728→4588 Zeilen (-140 Duplikate)
2026-10-04 18:20:49,284 | INFO     | api_backfiller | [api_backfiller] CPNG.ETORO: 4588 Zeilen gespeichert (price_prec=2, size_prec=2) → /home/minisforum/etoro_nautilus/data/nautilus/data/quote_tick/CPNG.ETORO/OneHour/data.parquet
2026-10-04 18:20:50,387 | DEBUG    | api_backfiller | [api_backfiller] CPRT.ETORO: Precision-Fallback price_prec=2, size_prec=2
2026-10-04 18:20:50,487 | INFO     | api_backfiller | [api_backfiller] CPRT.ETORO: 420 Candles konvertiert (price_prec=2, size_prec=2).
2026-10-04 18:20:50,492 | DEBUG    | api_backfiller | [api_backfiller] CPRT.ETORO: 6056→5636 Zeilen (-420 Duplikate)
2026-10-04 18:20:50,495 | INFO     | api_backfiller | [api_backfiller] CPRT.ETORO: 5636 Zeilen gespeichert (price_prec=2, size_prec=2) → /home/minisforum/etoro_nautilus/data/nautilus/data/quote_tick/CPRT.ETORO/OneHour/data.parquet
2026-10-04 18:20:51,600 | DEBUG    | api_backfiller | [api_backfiller] CRM.ETORO: Precision-Fallback price_prec=2, size_prec=2
2026-10-04 18:20:51,703 | INFO     | api_backfiller | [api_backfiller] CRM.ETORO: 464 Candles konvertiert (price_prec=2, size_prec=2).
2026-10-04 18:20:51,708 | DEBUG    | api_backfiller | [api_backfiller] CRM.ETORO: 6416→5952 Zeilen (-464 Duplikate)
2026-10-04 18:20:51,711 | INFO     | api_backfiller | [api_backfiller] CRM.ETORO: 5952 Zeilen gespeichert (price_prec=2, size_prec=2) → /home/minisforum/etoro_nautilus/data/nautilus/data/quote_tick/CRM.ETORO/OneHour/data.parquet
2026-10-04 18:20:52,815 | DEBUG    | api_backfiller | [api_backfiller] CRS.ETORO: Precision-Fallback price_prec=2, size_prec=2
2026-10-04 18:20:52,924 | INFO     | api_backfiller | [api_backfiller] CRS.ETORO: 140 Candles konvertiert (price_prec=2, size_prec=2).
2026-10-04 18:20:52,927 | DEBUG    | api_backfiller | [api_backfiller] CRS.ETORO: 4284→4144 Zeilen (-140 Duplikate)
2026-10-04 18:20:52,930 | INFO     | api_backfiller | [api_backfiller] CRS.ETORO: 4144 Zeilen gespeichert (price_prec=2, size_prec=2) → /home/minisforum/etoro_nautilus/data/nautilus/data/quote_tick/CRS.ETORO/OneHour/data.parquet
2026-10-04 18:20:54,033 | DEBUG    | api_backfiller | [api_backfiller] CVE.ETORO: Precision-Fallback price_prec=2, size_prec=2
2026-10-04 18:20:54,137 | INFO     | api_backfiller | [api_backfiller] CVE.ETORO: 140 Candles konvertiert (price_prec=2, size_prec=2).
2026-10-04 18:20:54,141 | DEBUG    | api_backfiller | [api_backfiller] CVE.ETORO: 4728→4588 Zeilen (-140 Duplikate)
2026-10-04 18:20:54,143 | INFO     | api_backfiller | [api_backfiller] CVE.ETORO: 4588 Zeilen gespeichert (price_prec=2, size_prec=2) → /home/minisforum/etoro_nautilus/data/nautilus/data/quote_tick/CVE.ETORO/OneHour/data.parquet
2026-10-04 18:20:55,247 | DEBUG    | api_backfiller | [api_backfiller] DFTX.ETORO: Precision-Fallback price_prec=2, size_prec=2
2026-10-04 18:20:55,347 | INFO     | api_backfiller | [api_backfiller] DFTX.ETORO: 140 Candles konvertiert (price_prec=2, size_prec=2).
2026-10-04 18:20:55,351 | DEBUG    | api_backfiller | [api_backfiller] DFTX.ETORO: 4140→4000 Zeilen (-140 Duplikate)
2026-10-04 18:20:55,353 | INFO     | api_backfiller | [api_backfiller] DFTX.ETORO: 4000 Zeilen gespeichert (price_prec=2, size_prec=2) → /home/minisforum/etoro_nautilus/data/nautilus/data/quote_tick/DFTX.ETORO/OneHour/data.parquet
2026-10-04 18:20:56,457 | DEBUG    | api_backfiller | [api_backfiller] DHT.ETORO: Precision-Fallback price_prec=2, size_prec=2
2026-10-04 18:20:56,568 | INFO     | api_backfiller | [api_backfiller] DHT.ETORO: 140 Candles konvertiert (price_prec=2, size_prec=2).
2026-10-04 18:20:56,573 | DEBUG    | api_backfiller | [api_backfiller] DHT.ETORO: 4144→4004 Zeilen (-140 Duplikate)
2026-10-04 18:20:56,576 | INFO     | api_backfiller | [api_backfiller] DHT.ETORO: 4004 Zeilen gespeichert (price_prec=2, size_prec=2) → /home/minisforum/etoro_nautilus/data/nautilus/data/quote_tick/DHT.ETORO/OneHour/data.parquet
2026-10-04 18:20:57,680 | DEBUG    | api_backfiller | [api_backfiller] DKNG.ETORO: Precision-Fallback price_prec=2, size_prec=2
2026-10-04 18:20:57,787 | INFO     | api_backfiller | [api_backfiller] DKNG.ETORO: 460 Candles konvertiert (price_prec=2, size_prec=2).
2026-10-04 18:20:57,792 | DEBUG    | api_backfiller | [api_backfiller] DKNG.ETORO: 6384→5924 Zeilen (-460 Duplikate)
2026-10-04 18:20:57,795 | INFO     | api_backfiller | [api_backfiller] DKNG.ETORO: 5924 Zeilen gespeichert (price_prec=2, size_prec=2) → /home/minisforum/etoro_nautilus/data/nautilus/data/quote_tick/DKNG.ETORO/OneHour/data.parquet
2026-10-04 18:20:58,898 | DEBUG    | api_backfiller | [api_backfiller] DOCU.ETORO: Precision-Fallback price_prec=2, size_prec=2
2026-10-04 18:20:59,009 | INFO     | api_backfiller | [api_backfiller] DOCU.ETORO: 140 Candles konvertiert (price_prec=2, size_prec=2).
2026-10-04 18:20:59,014 | DEBUG    | api_backfiller | [api_backfiller] DOCU.ETORO: 4732→4592 Zeilen (-140 Duplikate)
2026-10-04 18:20:59,017 | INFO     | api_backfiller | [api_backfiller] DOCU.ETORO: 4592 Zeilen gespeichert (price_prec=2, size_prec=2) → /home/minisforum/etoro_nautilus/data/nautilus/data/quote_tick/DOCU.ETORO/OneHour/data.parquet
2026-10-04 18:21:00,121 | DEBUG    | api_backfiller | [api_backfiller] DOGE.ETORO: Daten aktuell (Lücke 0.3h) — überspringe.
2026-10-04 18:21:00,122 | DEBUG    | api_backfiller | [api_backfiller] DPZ.ETORO: Precision-Fallback price_prec=2, size_prec=2
2026-10-04 18:21:00,242 | INFO     | api_backfiller | [api_backfiller] DPZ.ETORO: 284 Candles konvertiert (price_prec=2, size_prec=2).
2026-10-04 18:21:00,246 | DEBUG    | api_backfiller | [api_backfiller] DPZ.ETORO: 5564→5280 Zeilen (-284 Duplikate)
2026-10-04 18:21:00,248 | INFO     | api_backfiller | [api_backfiller] DPZ.ETORO: 5280 Zeilen gespeichert (price_prec=2, size_prec=2) → /home/minisforum/etoro_nautilus/data/nautilus/data/quote_tick/DPZ.ETORO/OneHour/data.parquet
2026-10-04 18:21:01,351 | DEBUG    | api_backfiller | [api_backfiller] DUOL.ETORO: Precision-Fallback price_prec=2, size_prec=2
2026-10-04 18:21:01,455 | INFO     | api_backfiller | [api_backfiller] DUOL.ETORO: 432 Candles konvertiert (price_prec=2, size_prec=2).
2026-10-04 18:21:01,461 | DEBUG    | api_backfiller | [api_backfiller] DUOL.ETORO: 6220→5788 Zeilen (-432 Duplikate)
2026-10-04 18:21:01,464 | INFO     | api_backfiller | [api_backfiller] DUOL.ETORO: 5788 Zeilen gespeichert (price_prec=2, size_prec=2) → /home/minisforum/etoro_nautilus/data/nautilus/data/quote_tick/DUOL.ETORO/OneHour/data.parquet
2026-10-04 18:21:02,568 | DEBUG    | api_backfiller | [api_backfiller] E.ETORO: Precision-Fallback price_prec=2, size_prec=2
2026-10-04 18:21:02,664 | INFO     | api_backfiller | [api_backfiller] E.ETORO: 140 Candles konvertiert (price_prec=2, size_prec=2).
2026-10-04 18:21:02,669 | DEBUG    | api_backfiller | [api_backfiller] E.ETORO: 4732→4592 Zeilen (-140 Duplikate)
2026-10-04 18:21:02,672 | INFO     | api_backfiller | [api_backfiller] E.ETORO: 4592 Zeilen gespeichert (price_prec=2, size_prec=2) → /home/minisforum/etoro_nautilus/data/nautilus/data/quote_tick/E.ETORO/OneHour/data.parquet
2026-10-04 18:21:03,776 | DEBUG    | api_backfiller | [api_backfiller] EEFT.ETORO: Precision-Fallback price_prec=2, size_prec=2
2026-10-04 18:21:03,893 | INFO     | api_backfiller | [api_backfiller] EEFT.ETORO: 140 Candles konvertiert (price_prec=2, size_prec=2).
2026-10-04 18:21:03,897 | DEBUG    | api_backfiller | [api_backfiller] EEFT.ETORO: 4732→4592 Zeilen (-140 Duplikate)
2026-10-04 18:21:03,900 | INFO     | api_backfiller | [api_backfiller] EEFT.ETORO: 4592 Zeilen gespeichert (price_prec=2, size_prec=2) → /home/minisforum/etoro_nautilus/data/nautilus/data/quote_tick/EEFT.ETORO/OneHour/data.parquet
2026-10-04 18:21:05,004 | DEBUG    | api_backfiller | [api_backfiller] ELF.ETORO: Precision-Fallback price_prec=2, size_prec=2
2026-10-04 18:21:05,142 | INFO     | api_backfiller | [api_backfiller] ELF.ETORO: 140 Candles konvertiert (price_prec=2, size_prec=2).
2026-10-04 18:21:05,146 | DEBUG    | api_backfiller | [api_backfiller] ELF.ETORO: 4732→4592 Zeilen (-140 Duplikate)
2026-10-04 18:21:05,148 | INFO     | api_backfiller | [api_backfiller] ELF.ETORO: 4592 Zeilen gespeichert (price_prec=2, size_prec=2) → /home/minisforum/etoro_nautilus/data/nautilus/data/quote_tick/ELF.ETORO/OneHour/data.parquet
2026-10-04 18:21:06,251 | DEBUG    | api_backfiller | [api_backfiller] ENLT.ETORO: Precision-Fallback price_prec=2, size_prec=2
2026-10-04 18:21:06,363 | INFO     | api_backfiller | [api_backfiller] ENLT.ETORO: 140 Candles konvertiert (price_prec=2, size_prec=2).
2026-10-04 18:21:06,367 | DEBUG    | api_backfiller | [api_backfiller] ENLT.ETORO: 4732→4592 Zeilen (-140 Duplikate)
2026-10-04 18:21:06,370 | INFO     | api_backfiller | [api_backfiller] ENLT.ETORO: 4592 Zeilen gespeichert (price_prec=2, size_prec=2) → /home/minisforum/etoro_nautilus/data/nautilus/data/quote_tick/ENLT.ETORO/OneHour/data.parquet
2026-10-04 18:21:07,473 | DEBUG    | api_backfiller | [api_backfiller] ENVA.ETORO: Precision-Fallback price_prec=2, size_prec=2
2026-10-04 18:21:07,595 | INFO     | api_backfiller | [api_backfiller] ENVA.ETORO: 140 Candles konvertiert (price_prec=2, size_prec=2).
2026-10-04 18:21:07,600 | DEBUG    | api_backfiller | [api_backfiller] ENVA.ETORO: 4284→4144 Zeilen (-140 Duplikate)
2026-10-04 18:21:07,603 | INFO     | api_backfiller | [api_backfiller] ENVA.ETORO: 4144 Zeilen gespeichert (price_prec=2, size_prec=2) → /home/minisforum/etoro_nautilus/data/nautilus/data/quote_tick/ENVA.ETORO/OneHour/data.parquet
2026-10-04 18:21:08,707 | DEBUG    | api_backfiller | [api_backfiller] ESLT.ETORO: Precision-Fallback price_prec=2, size_prec=2
2026-10-04 18:21:08,814 | INFO     | api_backfiller | [api_backfiller] ESLT.ETORO: 140 Candles konvertiert (price_prec=2, size_prec=2).
2026-10-04 18:21:08,817 | DEBUG    | api_backfiller | [api_backfiller] ESLT.ETORO: 4284→4144 Zeilen (-140 Duplikate)
2026-10-04 18:21:08,820 | INFO     | api_backfiller | [api_backfiller] ESLT.ETORO: 4144 Zeilen gespeichert (price_prec=2, size_prec=2) → /home/minisforum/etoro_nautilus/data/nautilus/data/quote_tick/ESLT.ETORO/OneHour/data.parquet
2026-10-04 18:21:09,924 | DEBUG    | api_backfiller | [api_backfiller] ETH.ETORO: Daten aktuell (Lücke 0.3h) — überspringe.
2026-10-04 18:21:09,925 | DEBUG    | api_backfiller | [api_backfiller] FDX.ETORO: Precision-Fallback price_prec=2, size_prec=2
2026-10-04 18:21:10,032 | INFO     | api_backfiller | [api_backfiller] FDX.ETORO: 316 Candles konvertiert (price_prec=2, size_prec=2).
2026-10-04 18:21:10,037 | DEBUG    | api_backfiller | [api_backfiller] FDX.ETORO: 5804→5488 Zeilen (-316 Duplikate)
2026-10-04 18:21:10,041 | INFO     | api_backfiller | [api_backfiller] FDX.ETORO: 5488 Zeilen gespeichert (price_prec=2, size_prec=2) → /home/minisforum/etoro_nautilus/data/nautilus/data/quote_tick/FDX.ETORO/OneHour/data.parquet
2026-10-04 18:21:11,145 | DEBUG    | api_backfiller | [api_backfiller] FICO.ETORO: Precision-Fallback price_prec=2, size_prec=2
2026-10-04 18:21:11,258 | INFO     | api_backfiller | [api_backfiller] FICO.ETORO: 444 Candles konvertiert (price_prec=2, size_prec=2).
2026-10-04 18:21:11,262 | DEBUG    | api_backfiller | [api_backfiller] FICO.ETORO: 6100→5656 Zeilen (-444 Duplikate)
2026-10-04 18:21:11,265 | INFO     | api_backfiller | [api_backfiller] FICO.ETORO: 5656 Zeilen gespeichert (price_prec=2, size_prec=2) → /home/minisforum/etoro_nautilus/data/nautilus/data/quote_tick/FICO.ETORO/OneHour/data.parquet
2026-10-04 18:21:12,370 | DEBUG    | api_backfiller | [api_backfiller] FISV.ETORO: Precision-Fallback price_prec=2, size_prec=2
2026-10-04 18:21:12,484 | INFO     | api_backfiller | [api_backfiller] FISV.ETORO: 384 Candles konvertiert (price_prec=2, size_prec=2).
2026-10-04 18:21:12,489 | DEBUG    | api_backfiller | [api_backfiller] FISV.ETORO: 6120→5736 Zeilen (-384 Duplikate)
2026-10-04 18:21:12,491 | INFO     | api_backfiller | [api_backfiller] FISV.ETORO: 5736 Zeilen gespeichert (price_prec=2, size_prec=2) → /home/minisforum/etoro_nautilus/data/nautilus/data/quote_tick/FISV.ETORO/OneHour/data.parquet
2026-10-04 18:21:13,594 | DEBUG    | api_backfiller | [api_backfiller] FORM.ETORO: Precision-Fallback price_prec=2, size_prec=2
2026-10-04 18:21:13,971 | INFO     | api_backfiller | [api_backfiller] FORM.ETORO: 140 Candles konvertiert (price_prec=2, size_prec=2).
2026-10-04 18:21:13,975 | DEBUG    | api_backfiller | [api_backfiller] FORM.ETORO: 4284→4144 Zeilen (-140 Duplikate)
2026-10-04 18:21:13,976 | INFO     | api_backfiller | [api_backfiller] FORM.ETORO: 4144 Zeilen gespeichert (price_prec=2, size_prec=2) → /home/minisforum/etoro_nautilus/data/nautilus/data/quote_tick/FORM.ETORO/OneHour/data.parquet
2026-10-04 18:21:15,080 | DEBUG    | api_backfiller | [api_backfiller] FRO.ETORO: Precision-Fallback price_prec=2, size_prec=2
2026-10-04 18:21:15,195 | INFO     | api_backfiller | [api_backfiller] FRO.ETORO: 140 Candles konvertiert (price_prec=2, size_prec=2).
2026-10-04 18:21:15,199 | DEBUG    | api_backfiller | [api_backfiller] FRO.ETORO: 4732→4592 Zeilen (-140 Duplikate)
2026-10-04 18:21:15,202 | INFO     | api_backfiller | [api_backfiller] FRO.ETORO: 4592 Zeilen gespeichert (price_prec=2, size_prec=2) → /home/minisforum/etoro_nautilus/data/nautilus/data/quote_tick/FRO.ETORO/OneHour/data.parquet
2026-10-04 18:21:16,305 | DEBUG    | api_backfiller | [api_backfiller] FSLY.ETORO: Precision-Fallback price_prec=2, size_prec=2
2026-10-04 18:21:16,419 | INFO     | api_backfiller | [api_backfiller] FSLY.ETORO: 140 Candles konvertiert (price_prec=2, size_prec=2).
2026-10-04 18:21:16,424 | DEBUG    | api_backfiller | [api_backfiller] FSLY.ETORO: 4732→4592 Zeilen (-140 Duplikate)
2026-10-04 18:21:16,426 | INFO     | api_backfiller | [api_backfiller] FSLY.ETORO: 4592 Zeilen gespeichert (price_prec=2, size_prec=2) → /home/minisforum/etoro_nautilus/data/nautilus/data/quote_tick/FSLY.ETORO/OneHour/data.parquet
2026-10-04 18:21:17,531 | DEBUG    | api_backfiller | [api_backfiller] FTI.ETORO: Precision-Fallback price_prec=2, size_prec=2
2026-10-04 18:21:17,656 | INFO     | api_backfiller | [api_backfiller] FTI.ETORO: 140 Candles konvertiert (price_prec=2, size_prec=2).
2026-10-04 18:21:17,661 | DEBUG    | api_backfiller | [api_backfiller] FTI.ETORO: 4728→4588 Zeilen (-140 Duplikate)
2026-10-04 18:21:17,663 | INFO     | api_backfiller | [api_backfiller] FTI.ETORO: 4588 Zeilen gespeichert (price_prec=2, size_prec=2) → /home/minisforum/etoro_nautilus/data/nautilus/data/quote_tick/FTI.ETORO/OneHour/data.parquet
2026-10-04 18:21:18,768 | DEBUG    | api_backfiller | [api_backfiller] FTNT.ETORO: Precision-Fallback price_prec=2, size_prec=2
2026-10-04 18:21:18,893 | INFO     | api_backfiller | [api_backfiller] FTNT.ETORO: 368 Candles konvertiert (price_prec=2, size_prec=2).
2026-10-04 18:21:18,897 | DEBUG    | api_backfiller | [api_backfiller] FTNT.ETORO: 6004→5636 Zeilen (-368 Duplikate)
2026-10-04 18:21:18,899 | INFO     | api_backfiller | [api_backfiller] FTNT.ETORO: 5636 Zeilen gespeichert (price_prec=2, size_prec=2) → /home/minisforum/etoro_nautilus/data/nautilus/data/quote_tick/FTNT.ETORO/OneHour/data.parquet
2026-10-04 18:21:20,003 | DEBUG    | api_backfiller | [api_backfiller] GEV.ETORO: Precision-Fallback price_prec=2, size_prec=2
2026-10-04 18:21:20,104 | INFO     | api_backfiller | [api_backfiller] GEV.ETORO: 464 Candles konvertiert (price_prec=2, size_prec=2).
2026-10-04 18:21:20,109 | DEBUG    | api_backfiller | [api_backfiller] GEV.ETORO: 6416→5952 Zeilen (-464 Duplikate)
2026-10-04 18:21:20,112 | INFO     | api_backfiller | [api_backfiller] GEV.ETORO: 5952 Zeilen gespeichert (price_prec=2, size_prec=2) → /home/minisforum/etoro_nautilus/data/nautilus/data/quote_tick/GEV.ETORO/OneHour/data.parquet
2026-10-04 18:21:21,215 | DEBUG    | api_backfiller | [api_backfiller] GIS.ETORO: Precision-Fallback price_prec=2, size_prec=2
2026-10-04 18:21:21,347 | INFO     | api_backfiller | [api_backfiller] GIS.ETORO: 452 Candles konvertiert (price_prec=2, size_prec=2).
2026-10-04 18:21:21,353 | DEBUG    | api_backfiller | [api_backfiller] GIS.ETORO: 6316→5864 Zeilen (-452 Duplikate)
2026-10-04 18:21:21,356 | INFO     | api_backfiller | [api_backfiller] GIS.ETORO: 5864 Zeilen gespeichert (price_prec=2, size_prec=2) → /home/minisforum/etoro_nautilus/data/nautilus/data/quote_tick/GIS.ETORO/OneHour/data.parquet
2026-10-04 18:21:22,460 | DEBUG    | api_backfiller | [api_backfiller] GLW.ETORO: Precision-Fallback price_prec=2, size_prec=2
2026-10-04 18:21:22,572 | INFO     | api_backfiller | [api_backfiller] GLW.ETORO: 464 Candles konvertiert (price_prec=2, size_prec=2).
2026-10-04 18:21:22,577 | DEBUG    | api_backfiller | [api_backfiller] GLW.ETORO: 6416→5952 Zeilen (-464 Duplikate)
2026-10-04 18:21:22,581 | INFO     | api_backfiller | [api_backfiller] GLW.ETORO: 5952 Zeilen gespeichert (price_prec=2, size_prec=2) → /home/minisforum/etoro_nautilus/data/nautilus/data/quote_tick/GLW.ETORO/OneHour/data.parquet
2026-10-04 18:21:23,685 | DEBUG    | api_backfiller | [api_backfiller] GOOG.ETORO: Precision-Fallback price_prec=2, size_prec=2
2026-10-04 18:21:23,898 | INFO     | api_backfiller | [api_backfiller] GOOG.ETORO: 464 Candles konvertiert (price_prec=2, size_prec=2).
2026-10-04 18:21:23,903 | DEBUG    | api_backfiller | [api_backfiller] GOOG.ETORO: 6416→5952 Zeilen (-464 Duplikate)
2026-10-04 18:21:23,907 | INFO     | api_backfiller | [api_backfiller] GOOG.ETORO: 5952 Zeilen gespeichert (price_prec=2, size_prec=2) → /home/minisforum/etoro_nautilus/data/nautilus/data/quote_tick/GOOG.ETORO/OneHour/data.parquet
2026-10-04 18:21:25,011 | DEBUG    | api_backfiller | [api_backfiller] GOOGL.ETORO: Precision-Fallback price_prec=2, size_prec=2
2026-10-04 18:21:25,121 | INFO     | api_backfiller | [api_backfiller] GOOGL.ETORO: 464 Candles konvertiert (price_prec=2, size_prec=2).
2026-10-04 18:21:25,127 | DEBUG    | api_backfiller | [api_backfiller] GOOGL.ETORO: 6420→5956 Zeilen (-464 Duplikate)
2026-10-04 18:21:25,130 | INFO     | api_backfiller | [api_backfiller] GOOGL.ETORO: 5956 Zeilen gespeichert (price_prec=2, size_prec=2) → /home/minisforum/etoro_nautilus/data/nautilus/data/quote_tick/GOOGL.ETORO/OneHour/data.parquet
2026-10-04 18:21:26,234 | DEBUG    | api_backfiller | [api_backfiller] GRAB.ETORO: Precision-Fallback price_prec=2, size_prec=2
2026-10-04 18:21:26,357 | INFO     | api_backfiller | [api_backfiller] GRAB.ETORO: 140 Candles konvertiert (price_prec=2, size_prec=2).
2026-10-04 18:21:26,361 | DEBUG    | api_backfiller | [api_backfiller] GRAB.ETORO: 4732→4592 Zeilen (-140 Duplikate)
2026-10-04 18:21:26,364 | INFO     | api_backfiller | [api_backfiller] GRAB.ETORO: 4592 Zeilen gespeichert (price_prec=2, size_prec=2) → /home/minisforum/etoro_nautilus/data/nautilus/data/quote_tick/GRAB.ETORO/OneHour/data.parquet
2026-10-04 18:21:27,468 | DEBUG    | api_backfiller | [api_backfiller] GSAT.ETORO: Precision-Fallback price_prec=2, size_prec=2
2026-10-04 18:21:27,562 | INFO     | api_backfiller | [api_backfiller] GSAT.ETORO: 140 Candles konvertiert (price_prec=2, size_prec=2).
2026-10-04 18:21:27,567 | DEBUG    | api_backfiller | [api_backfiller] GSAT.ETORO: 4732→4592 Zeilen (-140 Duplikate)
2026-10-04 18:21:27,570 | INFO     | api_backfiller | [api_backfiller] GSAT.ETORO: 4592 Zeilen gespeichert (price_prec=2, size_prec=2) → /home/minisforum/etoro_nautilus/data/nautilus/data/quote_tick/GSAT.ETORO/OneHour/data.parquet
2026-10-04 18:21:28,673 | DEBUG    | api_backfiller | [api_backfiller] GTLB.ETORO: Precision-Fallback price_prec=2, size_prec=2
2026-10-04 18:21:28,928 | INFO     | api_backfiller | [api_backfiller] GTLB.ETORO: 140 Candles konvertiert (price_prec=2, size_prec=2).
2026-10-04 18:21:28,933 | DEBUG    | api_backfiller | [api_backfiller] GTLB.ETORO: 4732→4592 Zeilen (-140 Duplikate)
2026-10-04 18:21:28,936 | INFO     | api_backfiller | [api_backfiller] GTLB.ETORO: 4592 Zeilen gespeichert (price_prec=2, size_prec=2) → /home/minisforum/etoro_nautilus/data/nautilus/data/quote_tick/GTLB.ETORO/OneHour/data.parquet
2026-10-04 18:21:30,040 | DEBUG    | api_backfiller | [api_backfiller] HAL.ETORO: Precision-Fallback price_prec=2, size_prec=2
2026-10-04 18:21:30,160 | INFO     | api_backfiller | [api_backfiller] HAL.ETORO: 416 Candles konvertiert (price_prec=2, size_prec=2).
2026-10-04 18:21:30,165 | DEBUG    | api_backfiller | [api_backfiller] HAL.ETORO: 6124→5708 Zeilen (-416 Duplikate)
2026-10-04 18:21:30,168 | INFO     | api_backfiller | [api_backfiller] HAL.ETORO: 5708 Zeilen gespeichert (price_prec=2, size_prec=2) → /home/minisforum/etoro_nautilus/data/nautilus/data/quote_tick/HAL.ETORO/OneHour/data.parquet
2026-10-04 18:21:31,272 | DEBUG    | api_backfiller | [api_backfiller] HPE.ETORO: Precision-Fallback price_prec=2, size_prec=2
2026-10-04 18:21:31,390 | INFO     | api_backfiller | [api_backfiller] HPE.ETORO: 464 Candles konvertiert (price_prec=2, size_prec=2).
2026-10-04 18:21:31,395 | DEBUG    | api_backfiller | [api_backfiller] HPE.ETORO: 4464→4000 Zeilen (-464 Duplikate)
2026-10-04 18:21:31,397 | INFO     | api_backfiller | [api_backfiller] HPE.ETORO: 4000 Zeilen gespeichert (price_prec=2, size_prec=2) → /home/minisforum/etoro_nautilus/data/nautilus/data/quote_tick/HPE.ETORO/OneHour/data.parquet
2026-10-04 18:21:32,503 | DEBUG    | api_backfiller | [api_backfiller] HUBS.ETORO: Precision-Fallback price_prec=2, size_prec=2
2026-10-04 18:21:32,608 | INFO     | api_backfiller | [api_backfiller] HUBS.ETORO: 140 Candles konvertiert (price_prec=2, size_prec=2).
2026-10-04 18:21:32,613 | DEBUG    | api_backfiller | [api_backfiller] HUBS.ETORO: 4732→4592 Zeilen (-140 Duplikate)
2026-10-04 18:21:32,616 | INFO     | api_backfiller | [api_backfiller] HUBS.ETORO: 4592 Zeilen gespeichert (price_prec=2, size_prec=2) → /home/minisforum/etoro_nautilus/data/nautilus/data/quote_tick/HUBS.ETORO/OneHour/data.parquet
2026-10-04 18:21:33,721 | DEBUG    | api_backfiller | [api_backfiller] HUT.ETORO: Precision-Fallback price_prec=2, size_prec=2
2026-10-04 18:21:33,870 | INFO     | api_backfiller | [api_backfiller] HUT.ETORO: 140 Candles konvertiert (price_prec=2, size_prec=2).
2026-10-04 18:21:33,875 | DEBUG    | api_backfiller | [api_backfiller] HUT.ETORO: 4732→4592 Zeilen (-140 Duplikate)
2026-10-04 18:21:33,878 | INFO     | api_backfiller | [api_backfiller] HUT.ETORO: 4592 Zeilen gespeichert (price_prec=2, size_prec=2) → /home/minisforum/etoro_nautilus/data/nautilus/data/quote_tick/HUT.ETORO/OneHour/data.parquet
2026-10-04 18:21:34,982 | DEBUG    | api_backfiller | [api_backfiller] HYPE.ETORO: Daten aktuell (Lücke 0.3h) — überspringe.
2026-10-04 18:21:34,983 | DEBUG    | api_backfiller | [api_backfiller] ILMN.ETORO: Precision-Fallback price_prec=2, size_prec=2
2026-10-04 18:21:35,102 | INFO     | api_backfiller | [api_backfiller] ILMN.ETORO: 140 Candles konvertiert (price_prec=2, size_prec=2).
2026-10-04 18:21:35,107 | DEBUG    | api_backfiller | [api_backfiller] ILMN.ETORO: 4732→4592 Zeilen (-140 Duplikate)
2026-10-04 18:21:35,109 | INFO     | api_backfiller | [api_backfiller] ILMN.ETORO: 4592 Zeilen gespeichert (price_prec=2, size_prec=2) → /home/minisforum/etoro_nautilus/data/nautilus/data/quote_tick/ILMN.ETORO/OneHour/data.parquet
2026-10-04 18:21:36,212 | DEBUG    | api_backfiller | [api_backfiller] INSM.ETORO: Precision-Fallback price_prec=2, size_prec=2
2026-10-04 18:21:36,321 | INFO     | api_backfiller | [api_backfiller] INSM.ETORO: 140 Candles konvertiert (price_prec=2, size_prec=2).
2026-10-04 18:21:36,325 | DEBUG    | api_backfiller | [api_backfiller] INSM.ETORO: 4728→4588 Zeilen (-140 Duplikate)
2026-10-04 18:21:36,328 | INFO     | api_backfiller | [api_backfiller] INSM.ETORO: 4588 Zeilen gespeichert (price_prec=2, size_prec=2) → /home/minisforum/etoro_nautilus/data/nautilus/data/quote_tick/INSM.ETORO/OneHour/data.parquet
2026-10-04 18:21:37,433 | DEBUG    | api_backfiller | [api_backfiller] INSW.ETORO: Precision-Fallback price_prec=2, size_prec=2
2026-10-04 18:21:37,578 | INFO     | api_backfiller | [api_backfiller] INSW.ETORO: 140 Candles konvertiert (price_prec=2, size_prec=2).
2026-10-04 18:21:37,582 | DEBUG    | api_backfiller | [api_backfiller] INSW.ETORO: 4284→4144 Zeilen (-140 Duplikate)
2026-10-04 18:21:37,585 | INFO     | api_backfiller | [api_backfiller] INSW.ETORO: 4144 Zeilen gespeichert (price_prec=2, size_prec=2) → /home/minisforum/etoro_nautilus/data/nautilus/data/quote_tick/INSW.ETORO/OneHour/data.parquet
2026-10-04 18:21:38,689 | DEBUG    | api_backfiller | [api_backfiller] INTC.ETORO: Precision-Fallback price_prec=2, size_prec=2
2026-10-04 18:21:38,910 | INFO     | api_backfiller | [api_backfiller] INTC.ETORO: 464 Candles konvertiert (price_prec=2, size_prec=2).
2026-10-04 18:21:38,915 | DEBUG    | api_backfiller | [api_backfiller] INTC.ETORO: 6420→5956 Zeilen (-464 Duplikate)
2026-10-04 18:21:38,918 | INFO     | api_backfiller | [api_backfiller] INTC.ETORO: 5956 Zeilen gespeichert (price_prec=2, size_prec=2) → /home/minisforum/etoro_nautilus/data/nautilus/data/quote_tick/INTC.ETORO/OneHour/data.parquet
2026-10-04 18:21:40,022 | DEBUG    | api_backfiller | [api_backfiller] INTU.ETORO: Precision-Fallback price_prec=2, size_prec=2
2026-10-04 18:21:40,133 | INFO     | api_backfiller | [api_backfiller] INTU.ETORO: 464 Candles konvertiert (price_prec=2, size_prec=2).
2026-10-04 18:21:40,138 | DEBUG    | api_backfiller | [api_backfiller] INTU.ETORO: 6384→5920 Zeilen (-464 Duplikate)
2026-10-04 18:21:40,141 | INFO     | api_backfiller | [api_backfiller] INTU.ETORO: 5920 Zeilen gespeichert (price_prec=2, size_prec=2) → /home/minisforum/etoro_nautilus/data/nautilus/data/quote_tick/INTU.ETORO/OneHour/data.parquet
2026-10-04 18:21:41,245 | DEBUG    | api_backfiller | [api_backfiller] JAZZ.ETORO: Precision-Fallback price_prec=2, size_prec=2
2026-10-04 18:21:41,353 | INFO     | api_backfiller | [api_backfiller] JAZZ.ETORO: 140 Candles konvertiert (price_prec=2, size_prec=2).
2026-10-04 18:21:41,358 | DEBUG    | api_backfiller | [api_backfiller] JAZZ.ETORO: 4728→4588 Zeilen (-140 Duplikate)
2026-10-04 18:21:41,361 | INFO     | api_backfiller | [api_backfiller] JAZZ.ETORO: 4588 Zeilen gespeichert (price_prec=2, size_prec=2) → /home/minisforum/etoro_nautilus/data/nautilus/data/quote_tick/JAZZ.ETORO/OneHour/data.parquet
2026-10-04 18:21:42,465 | DEBUG    | api_backfiller | [api_backfiller] JNJ.ETORO: Precision-Fallback price_prec=2, size_prec=2
2026-10-04 18:21:42,570 | INFO     | api_backfiller | [api_backfiller] JNJ.ETORO: 464 Candles konvertiert (price_prec=2, size_prec=2).
2026-10-04 18:21:42,576 | DEBUG    | api_backfiller | [api_backfiller] JNJ.ETORO: 6356→5892 Zeilen (-464 Duplikate)
2026-10-04 18:21:42,579 | INFO     | api_backfiller | [api_backfiller] JNJ.ETORO: 5892 Zeilen gespeichert (price_prec=2, size_prec=2) → /home/minisforum/etoro_nautilus/data/nautilus/data/quote_tick/JNJ.ETORO/OneHour/data.parquet
2026-10-04 18:21:43,682 | DEBUG    | api_backfiller | [api_backfiller] JOBY.ETORO: Precision-Fallback price_prec=2, size_prec=2
2026-10-04 18:21:43,972 | INFO     | api_backfiller | [api_backfiller] JOBY.ETORO: 140 Candles konvertiert (price_prec=2, size_prec=2).
2026-10-04 18:21:43,977 | DEBUG    | api_backfiller | [api_backfiller] JOBY.ETORO: 4288→4148 Zeilen (-140 Duplikate)
2026-10-04 18:21:43,980 | INFO     | api_backfiller | [api_backfiller] JOBY.ETORO: 4148 Zeilen gespeichert (price_prec=2, size_prec=2) → /home/minisforum/etoro_nautilus/data/nautilus/data/quote_tick/JOBY.ETORO/OneHour/data.parquet
2026-10-04 18:21:45,083 | DEBUG    | api_backfiller | [api_backfiller] KD.ETORO: Precision-Fallback price_prec=2, size_prec=2
2026-10-04 18:21:45,192 | INFO     | api_backfiller | [api_backfiller] KD.ETORO: 140 Candles konvertiert (price_prec=2, size_prec=2).
2026-10-04 18:21:45,197 | DEBUG    | api_backfiller | [api_backfiller] KD.ETORO: 4728→4588 Zeilen (-140 Duplikate)
2026-10-04 18:21:45,200 | INFO     | api_backfiller | [api_backfiller] KD.ETORO: 4588 Zeilen gespeichert (price_prec=2, size_prec=2) → /home/minisforum/etoro_nautilus/data/nautilus/data/quote_tick/KD.ETORO/OneHour/data.parquet
2026-10-04 18:21:46,304 | DEBUG    | api_backfiller | [api_backfiller] KRYS.ETORO: Precision-Fallback price_prec=2, size_prec=2
2026-10-04 18:21:46,416 | INFO     | api_backfiller | [api_backfiller] KRYS.ETORO: 140 Candles konvertiert (price_prec=2, size_prec=2).
2026-10-04 18:21:46,419 | DEBUG    | api_backfiller | [api_backfiller] KRYS.ETORO: 4288→4148 Zeilen (-140 Duplikate)
2026-10-04 18:21:46,422 | INFO     | api_backfiller | [api_backfiller] KRYS.ETORO: 4148 Zeilen gespeichert (price_prec=2, size_prec=2) → /home/minisforum/etoro_nautilus/data/nautilus/data/quote_tick/KRYS.ETORO/OneHour/data.parquet
2026-10-04 18:21:47,526 | DEBUG    | api_backfiller | [api_backfiller] KTOS.ETORO: Precision-Fallback price_prec=2, size_prec=2
2026-10-04 18:21:47,641 | INFO     | api_backfiller | [api_backfiller] KTOS.ETORO: 140 Candles konvertiert (price_prec=2, size_prec=2).
2026-10-04 18:21:47,645 | DEBUG    | api_backfiller | [api_backfiller] KTOS.ETORO: 4144→4004 Zeilen (-140 Duplikate)
2026-10-04 18:21:47,648 | INFO     | api_backfiller | [api_backfiller] KTOS.ETORO: 4004 Zeilen gespeichert (price_prec=2, size_prec=2) → /home/minisforum/etoro_nautilus/data/nautilus/data/quote_tick/KTOS.ETORO/OneHour/data.parquet
2026-10-04 18:21:48,752 | DEBUG    | api_backfiller | [api_backfiller] LLY.ETORO: Precision-Fallback price_prec=2, size_prec=2
2026-10-04 18:21:49,029 | INFO     | api_backfiller | [api_backfiller] LLY.ETORO: 464 Candles konvertiert (price_prec=2, size_prec=2).
2026-10-04 18:21:49,034 | DEBUG    | api_backfiller | [api_backfiller] LLY.ETORO: 6420→5956 Zeilen (-464 Duplikate)
2026-10-04 18:21:49,037 | INFO     | api_backfiller | [api_backfiller] LLY.ETORO: 5956 Zeilen gespeichert (price_prec=2, size_prec=2) → /home/minisforum/etoro_nautilus/data/nautilus/data/quote_tick/LLY.ETORO/OneHour/data.parquet
2026-10-04 18:21:50,141 | DEBUG    | api_backfiller | [api_backfiller] LNTH.ETORO: Precision-Fallback price_prec=2, size_prec=2
2026-10-04 18:21:50,253 | INFO     | api_backfiller | [api_backfiller] LNTH.ETORO: 140 Candles konvertiert (price_prec=2, size_prec=2).
2026-10-04 18:21:50,258 | DEBUG    | api_backfiller | [api_backfiller] LNTH.ETORO: 4728→4588 Zeilen (-140 Duplikate)
2026-10-04 18:21:50,261 | INFO     | api_backfiller | [api_backfiller] LNTH.ETORO: 4588 Zeilen gespeichert (price_prec=2, size_prec=2) → /home/minisforum/etoro_nautilus/data/nautilus/data/quote_tick/LNTH.ETORO/OneHour/data.parquet
2026-10-04 18:21:51,365 | DEBUG    | api_backfiller | [api_backfiller] LQDA.ETORO: Precision-Fallback price_prec=2, size_prec=2
2026-10-04 18:21:51,460 | INFO     | api_backfiller | [api_backfiller] LQDA.ETORO: 136 Candles konvertiert (price_prec=2, size_prec=2).
2026-10-04 18:21:51,465 | DEBUG    | api_backfiller | [api_backfiller] LQDA.ETORO: 4276→4140 Zeilen (-136 Duplikate)
2026-10-04 18:21:51,467 | INFO     | api_backfiller | [api_backfiller] LQDA.ETORO: 4140 Zeilen gespeichert (price_prec=2, size_prec=2) → /home/minisforum/etoro_nautilus/data/nautilus/data/quote_tick/LQDA.ETORO/OneHour/data.parquet
2026-10-04 18:21:52,571 | DEBUG    | api_backfiller | [api_backfiller] LRCX.ETORO: Precision-Fallback price_prec=2, size_prec=2
2026-10-04 18:21:52,668 | INFO     | api_backfiller | [api_backfiller] LRCX.ETORO: 464 Candles konvertiert (price_prec=2, size_prec=2).
2026-10-04 18:21:52,674 | DEBUG    | api_backfiller | [api_backfiller] LRCX.ETORO: 6416→5952 Zeilen (-464 Duplikate)
2026-10-04 18:21:52,678 | INFO     | api_backfiller | [api_backfiller] LRCX.ETORO: 5952 Zeilen gespeichert (price_prec=2, size_prec=2) → /home/minisforum/etoro_nautilus/data/nautilus/data/quote_tick/LRCX.ETORO/OneHour/data.parquet
2026-10-04 18:21:53,782 | DEBUG    | api_backfiller | [api_backfiller] LSCC.ETORO: Precision-Fallback price_prec=2, size_prec=2
2026-10-04 18:21:53,879 | INFO     | api_backfiller | [api_backfiller] LSCC.ETORO: 140 Candles konvertiert (price_prec=2, size_prec=2).
2026-10-04 18:21:53,883 | DEBUG    | api_backfiller | [api_backfiller] LSCC.ETORO: 4732→4592 Zeilen (-140 Duplikate)
2026-10-04 18:21:53,886 | INFO     | api_backfiller | [api_backfiller] LSCC.ETORO: 4592 Zeilen gespeichert (price_prec=2, size_prec=2) → /home/minisforum/etoro_nautilus/data/nautilus/data/quote_tick/LSCC.ETORO/OneHour/data.parquet
2026-10-04 18:21:54,989 | DEBUG    | api_backfiller | [api_backfiller] LULU.ETORO: Precision-Fallback price_prec=2, size_prec=2
2026-10-04 18:21:55,095 | INFO     | api_backfiller | [api_backfiller] LULU.ETORO: 460 Candles konvertiert (price_prec=2, size_prec=2).
2026-10-04 18:21:55,099 | DEBUG    | api_backfiller | [api_backfiller] LULU.ETORO: 6408→5948 Zeilen (-460 Duplikate)
2026-10-04 18:21:55,101 | INFO     | api_backfiller | [api_backfiller] LULU.ETORO: 5948 Zeilen gespeichert (price_prec=2, size_prec=2) → /home/minisforum/etoro_nautilus/data/nautilus/data/quote_tick/LULU.ETORO/OneHour/data.parquet
2026-10-04 18:21:56,204 | DEBUG    | api_backfiller | [api_backfiller] MBLY.ETORO: Precision-Fallback price_prec=2, size_prec=2
2026-10-04 18:21:56,300 | INFO     | api_backfiller | [api_backfiller] MBLY.ETORO: 140 Candles konvertiert (price_prec=2, size_prec=2).
2026-10-04 18:21:56,305 | DEBUG    | api_backfiller | [api_backfiller] MBLY.ETORO: 4732→4592 Zeilen (-140 Duplikate)
2026-10-04 18:21:56,308 | INFO     | api_backfiller | [api_backfiller] MBLY.ETORO: 4592 Zeilen gespeichert (price_prec=2, size_prec=2) → /home/minisforum/etoro_nautilus/data/nautilus/data/quote_tick/MBLY.ETORO/OneHour/data.parquet
2026-10-04 18:21:57,412 | DEBUG    | api_backfiller | [api_backfiller] MNDY.ETORO: Precision-Fallback price_prec=2, size_prec=2
2026-10-04 18:21:57,502 | INFO     | api_backfiller | [api_backfiller] MNDY.ETORO: 140 Candles konvertiert (price_prec=2, size_prec=2).
2026-10-04 18:21:57,507 | DEBUG    | api_backfiller | [api_backfiller] MNDY.ETORO: 4728→4588 Zeilen (-140 Duplikate)
2026-10-04 18:21:57,510 | INFO     | api_backfiller | [api_backfiller] MNDY.ETORO: 4588 Zeilen gespeichert (price_prec=2, size_prec=2) → /home/minisforum/etoro_nautilus/data/nautilus/data/quote_tick/MNDY.ETORO/OneHour/data.parquet
2026-10-04 18:21:58,613 | DEBUG    | api_backfiller | [api_backfiller] MOD.ETORO: Precision-Fallback price_prec=2, size_prec=2
2026-10-04 18:21:58,866 | INFO     | api_backfiller | [api_backfiller] MOD.ETORO: 140 Candles konvertiert (price_prec=2, size_prec=2).
2026-10-04 18:21:58,869 | DEBUG    | api_backfiller | [api_backfiller] MOD.ETORO: 4284→4144 Zeilen (-140 Duplikate)
2026-10-04 18:21:58,871 | INFO     | api_backfiller | [api_backfiller] MOD.ETORO: 4144 Zeilen gespeichert (price_prec=2, size_prec=2) → /home/minisforum/etoro_nautilus/data/nautilus/data/quote_tick/MOD.ETORO/OneHour/data.parquet
2026-10-04 18:21:59,975 | DEBUG    | api_backfiller | [api_backfiller] MPC.ETORO: Precision-Fallback price_prec=2, size_prec=2
2026-10-04 18:22:00,080 | INFO     | api_backfiller | [api_backfiller] MPC.ETORO: 316 Candles konvertiert (price_prec=2, size_prec=2).
2026-10-04 18:22:00,084 | DEBUG    | api_backfiller | [api_backfiller] MPC.ETORO: 4320→4004 Zeilen (-316 Duplikate)
2026-10-04 18:22:00,087 | INFO     | api_backfiller | [api_backfiller] MPC.ETORO: 4004 Zeilen gespeichert (price_prec=2, size_prec=2) → /home/minisforum/etoro_nautilus/data/nautilus/data/quote_tick/MPC.ETORO/OneHour/data.parquet
2026-10-04 18:22:01,191 | DEBUG    | api_backfiller | [api_backfiller] MRK.ETORO: Precision-Fallback price_prec=2, size_prec=2
2026-10-04 18:22:01,297 | INFO     | api_backfiller | [api_backfiller] MRK.ETORO: 436 Candles konvertiert (price_prec=2, size_prec=2).
2026-10-04 18:22:01,303 | DEBUG    | api_backfiller | [api_backfiller] MRK.ETORO: 6272→5836 Zeilen (-436 Duplikate)
2026-10-04 18:22:01,305 | INFO     | api_backfiller | [api_backfiller] MRK.ETORO: 5836 Zeilen gespeichert (price_prec=2, size_prec=2) → /home/minisforum/etoro_nautilus/data/nautilus/data/quote_tick/MRK.ETORO/OneHour/data.parquet
2026-10-04 18:22:02,408 | DEBUG    | api_backfiller | [api_backfiller] MRVL.ETORO: Precision-Fallback price_prec=2, size_prec=2
2026-10-04 18:22:02,501 | INFO     | api_backfiller | [api_backfiller] MRVL.ETORO: 464 Candles konvertiert (price_prec=2, size_prec=2).
2026-10-04 18:22:02,507 | DEBUG    | api_backfiller | [api_backfiller] MRVL.ETORO: 6416→5952 Zeilen (-464 Duplikate)
2026-10-04 18:22:02,509 | INFO     | api_backfiller | [api_backfiller] MRVL.ETORO: 5952 Zeilen gespeichert (price_prec=2, size_prec=2) → /home/minisforum/etoro_nautilus/data/nautilus/data/quote_tick/MRVL.ETORO/OneHour/data.parquet
2026-10-04 18:22:03,613 | DEBUG    | api_backfiller | [api_backfiller] MSTR.ETORO: Precision-Fallback price_prec=2, size_prec=2
2026-10-04 18:22:03,952 | INFO     | api_backfiller | [api_backfiller] MSTR.ETORO: 464 Candles konvertiert (price_prec=2, size_prec=2).
2026-10-04 18:22:03,958 | DEBUG    | api_backfiller | [api_backfiller] MSTR.ETORO: 6416→5952 Zeilen (-464 Duplikate)
2026-10-04 18:22:03,962 | INFO     | api_backfiller | [api_backfiller] MSTR.ETORO: 5952 Zeilen gespeichert (price_prec=2, size_prec=2) → /home/minisforum/etoro_nautilus/data/nautilus/data/quote_tick/MSTR.ETORO/OneHour/data.parquet
2026-10-04 18:22:05,066 | DEBUG    | api_backfiller | [api_backfiller] MTZ.ETORO: Precision-Fallback price_prec=2, size_prec=2
2026-10-04 18:22:05,170 | INFO     | api_backfiller | [api_backfiller] MTZ.ETORO: 140 Candles konvertiert (price_prec=2, size_prec=2).
2026-10-04 18:22:05,175 | DEBUG    | api_backfiller | [api_backfiller] MTZ.ETORO: 4728→4588 Zeilen (-140 Duplikate)
2026-10-04 18:22:05,178 | INFO     | api_backfiller | [api_backfiller] MTZ.ETORO: 4588 Zeilen gespeichert (price_prec=2, size_prec=2) → /home/minisforum/etoro_nautilus/data/nautilus/data/quote_tick/MTZ.ETORO/OneHour/data.parquet
2026-10-04 18:22:06,281 | DEBUG    | api_backfiller | [api_backfiller] MU.ETORO: Precision-Fallback price_prec=2, size_prec=2
2026-10-04 18:22:06,387 | INFO     | api_backfiller | [api_backfiller] MU.ETORO: 464 Candles konvertiert (price_prec=2, size_prec=2).
2026-10-04 18:22:06,393 | DEBUG    | api_backfiller | [api_backfiller] MU.ETORO: 6416→5952 Zeilen (-464 Duplikate)
2026-10-04 18:22:06,396 | INFO     | api_backfiller | [api_backfiller] MU.ETORO: 5952 Zeilen gespeichert (price_prec=2, size_prec=2) → /home/minisforum/etoro_nautilus/data/nautilus/data/quote_tick/MU.ETORO/OneHour/data.parquet
2026-10-04 18:22:07,501 | DEBUG    | api_backfiller | [api_backfiller] NATGAS.ETORO: Daten aktuell (Lücke -0.7h) — überspringe.
2026-10-04 18:22:07,503 | DEBUG    | api_backfiller | [api_backfiller] NFLX.ETORO: Precision-Fallback price_prec=2, size_prec=2
2026-10-04 18:22:07,611 | INFO     | api_backfiller | [api_backfiller] NFLX.ETORO: 460 Candles konvertiert (price_prec=2, size_prec=2).
2026-10-04 18:22:07,617 | DEBUG    | api_backfiller | [api_backfiller] NFLX.ETORO: 6408→5948 Zeilen (-460 Duplikate)
2026-10-04 18:22:07,620 | INFO     | api_backfiller | [api_backfiller] NFLX.ETORO: 5948 Zeilen gespeichert (price_prec=2, size_prec=2) → /home/minisforum/etoro_nautilus/data/nautilus/data/quote_tick/NFLX.ETORO/OneHour/data.parquet
2026-10-04 18:22:08,725 | DEBUG    | api_backfiller | [api_backfiller] NKE.ETORO: Precision-Fallback price_prec=2, size_prec=2
2026-10-04 18:22:08,822 | INFO     | api_backfiller | [api_backfiller] NKE.ETORO: 464 Candles konvertiert (price_prec=2, size_prec=2).
2026-10-04 18:22:08,828 | DEBUG    | api_backfiller | [api_backfiller] NKE.ETORO: 6420→5956 Zeilen (-464 Duplikate)
2026-10-04 18:22:08,831 | INFO     | api_backfiller | [api_backfiller] NKE.ETORO: 5956 Zeilen gespeichert (price_prec=2, size_prec=2) → /home/minisforum/etoro_nautilus/data/nautilus/data/quote_tick/NKE.ETORO/OneHour/data.parquet
2026-10-04 18:22:09,934 | DEBUG    | api_backfiller | [api_backfiller] NOK.ETORO: Precision-Fallback price_prec=2, size_prec=2
2026-10-04 18:22:10,039 | INFO     | api_backfiller | [api_backfiller] NOK.ETORO: 140 Candles konvertiert (price_prec=2, size_prec=2).
2026-10-04 18:22:10,044 | DEBUG    | api_backfiller | [api_backfiller] NOK.ETORO: 4732→4592 Zeilen (-140 Duplikate)
2026-10-04 18:22:10,046 | INFO     | api_backfiller | [api_backfiller] NOK.ETORO: 4592 Zeilen gespeichert (price_prec=2, size_prec=2) → /home/minisforum/etoro_nautilus/data/nautilus/data/quote_tick/NOK.ETORO/OneHour/data.parquet
2026-10-04 18:22:11,151 | DEBUG    | api_backfiller | [api_backfiller] NOW.ETORO: Precision-Fallback price_prec=2, size_prec=2
2026-10-04 18:22:11,251 | INFO     | api_backfiller | [api_backfiller] NOW.ETORO: 464 Candles konvertiert (price_prec=2, size_prec=2).
2026-10-04 18:22:11,257 | DEBUG    | api_backfiller | [api_backfiller] NOW.ETORO: 6412→5948 Zeilen (-464 Duplikate)
2026-10-04 18:22:11,260 | INFO     | api_backfiller | [api_backfiller] NOW.ETORO: 5948 Zeilen gespeichert (price_prec=2, size_prec=2) → /home/minisforum/etoro_nautilus/data/nautilus/data/quote_tick/NOW.ETORO/OneHour/data.parquet
2026-10-04 18:22:12,364 | DEBUG    | api_backfiller | [api_backfiller] NTRA.ETORO: Precision-Fallback price_prec=2, size_prec=2
2026-10-04 18:22:12,460 | INFO     | api_backfiller | [api_backfiller] NTRA.ETORO: 140 Candles konvertiert (price_prec=2, size_prec=2).
2026-10-04 18:22:12,464 | DEBUG    | api_backfiller | [api_backfiller] NTRA.ETORO: 4144→4004 Zeilen (-140 Duplikate)
2026-10-04 18:22:12,468 | INFO     | api_backfiller | [api_backfiller] NTRA.ETORO: 4004 Zeilen gespeichert (price_prec=2, size_prec=2) → /home/minisforum/etoro_nautilus/data/nautilus/data/quote_tick/NTRA.ETORO/OneHour/data.parquet
2026-10-04 18:22:13,571 | DEBUG    | api_backfiller | [api_backfiller] NTSK.ETORO: Precision-Fallback price_prec=2, size_prec=2
2026-10-04 18:22:14,016 | INFO     | api_backfiller | [api_backfiller] NTSK.ETORO: 140 Candles konvertiert (price_prec=2, size_prec=2).
2026-10-04 18:22:14,019 | DEBUG    | api_backfiller | [api_backfiller] NTSK.ETORO: 4284→4144 Zeilen (-140 Duplikate)
2026-10-04 18:22:14,022 | INFO     | api_backfiller | [api_backfiller] NTSK.ETORO: 4144 Zeilen gespeichert (price_prec=2, size_prec=2) → /home/minisforum/etoro_nautilus/data/nautilus/data/quote_tick/NTSK.ETORO/OneHour/data.parquet
2026-10-04 18:22:15,126 | DEBUG    | api_backfiller | [api_backfiller] NUE.ETORO: Precision-Fallback price_prec=2, size_prec=2
2026-10-04 18:22:15,219 | INFO     | api_backfiller | [api_backfiller] NUE.ETORO: 252 Candles konvertiert (price_prec=2, size_prec=2).
2026-10-04 18:22:15,224 | DEBUG    | api_backfiller | [api_backfiller] NUE.ETORO: 5252→5000 Zeilen (-252 Duplikate)
2026-10-04 18:22:15,228 | INFO     | api_backfiller | [api_backfiller] NUE.ETORO: 5000 Zeilen gespeichert (price_prec=2, size_prec=2) → /home/minisforum/etoro_nautilus/data/nautilus/data/quote_tick/NUE.ETORO/OneHour/data.parquet
2026-10-04 18:22:16,332 | DEBUG    | api_backfiller | [api_backfiller] NVDA.ETORO: Precision-Fallback price_prec=2, size_prec=2
2026-10-04 18:22:16,431 | INFO     | api_backfiller | [api_backfiller] NVDA.ETORO: 464 Candles konvertiert (price_prec=2, size_prec=2).
2026-10-04 18:22:16,436 | DEBUG    | api_backfiller | [api_backfiller] NVDA.ETORO: 6416→5952 Zeilen (-464 Duplikate)
2026-10-04 18:22:16,440 | INFO     | api_backfiller | [api_backfiller] NVDA.ETORO: 5952 Zeilen gespeichert (price_prec=2, size_prec=2) → /home/minisforum/etoro_nautilus/data/nautilus/data/quote_tick/NVDA.ETORO/OneHour/data.parquet
2026-10-04 18:22:17,543 | DEBUG    | api_backfiller | [api_backfiller] NVO.ETORO: Precision-Fallback price_prec=2, size_prec=2
2026-10-04 18:22:17,644 | INFO     | api_backfiller | [api_backfiller] NVO.ETORO: 140 Candles konvertiert (price_prec=2, size_prec=2).
2026-10-04 18:22:17,648 | DEBUG    | api_backfiller | [api_backfiller] NVO.ETORO: 4732→4592 Zeilen (-140 Duplikate)
2026-10-04 18:22:17,650 | INFO     | api_backfiller | [api_backfiller] NVO.ETORO: 4592 Zeilen gespeichert (price_prec=2, size_prec=2) → /home/minisforum/etoro_nautilus/data/nautilus/data/quote_tick/NVO.ETORO/OneHour/data.parquet
2026-10-04 18:22:18,755 | DEBUG    | api_backfiller | [api_backfiller] NVS.ETORO: Precision-Fallback price_prec=2, size_prec=2
2026-10-04 18:22:18,853 | INFO     | api_backfiller | [api_backfiller] NVS.ETORO: 140 Candles konvertiert (price_prec=2, size_prec=2).
2026-10-04 18:22:18,857 | DEBUG    | api_backfiller | [api_backfiller] NVS.ETORO: 4728→4588 Zeilen (-140 Duplikate)
2026-10-04 18:22:18,859 | INFO     | api_backfiller | [api_backfiller] NVS.ETORO: 4588 Zeilen gespeichert (price_prec=2, size_prec=2) → /home/minisforum/etoro_nautilus/data/nautilus/data/quote_tick/NVS.ETORO/OneHour/data.parquet
2026-10-04 18:22:19,963 | DEBUG    | api_backfiller | [api_backfiller] ONDO.ETORO: Daten aktuell (Lücke 0.3h) — überspringe.
2026-10-04 18:22:19,964 | DEBUG    | api_backfiller | [api_backfiller] ONTO.ETORO: Precision-Fallback price_prec=2, size_prec=2
2026-10-04 18:22:20,065 | INFO     | api_backfiller | [api_backfiller] ONTO.ETORO: 140 Candles konvertiert (price_prec=2, size_prec=2).
2026-10-04 18:22:20,069 | DEBUG    | api_backfiller | [api_backfiller] ONTO.ETORO: 4728→4588 Zeilen (-140 Duplikate)
2026-10-04 18:22:20,072 | INFO     | api_backfiller | [api_backfiller] ONTO.ETORO: 4588 Zeilen gespeichert (price_prec=2, size_prec=2) → /home/minisforum/etoro_nautilus/data/nautilus/data/quote_tick/ONTO.ETORO/OneHour/data.parquet
2026-10-04 18:22:21,177 | DEBUG    | api_backfiller | [api_backfiller] ORCL.ETORO: Precision-Fallback price_prec=2, size_prec=2
2026-10-04 18:22:21,278 | INFO     | api_backfiller | [api_backfiller] ORCL.ETORO: 464 Candles konvertiert (price_prec=2, size_prec=2).
2026-10-04 18:22:21,283 | DEBUG    | api_backfiller | [api_backfiller] ORCL.ETORO: 6412→5948 Zeilen (-464 Duplikate)
2026-10-04 18:22:21,287 | INFO     | api_backfiller | [api_backfiller] ORCL.ETORO: 5948 Zeilen gespeichert (price_prec=2, size_prec=2) → /home/minisforum/etoro_nautilus/data/nautilus/data/quote_tick/ORCL.ETORO/OneHour/data.parquet
2026-10-04 18:22:22,511 | INFO     | api_backfiller | [api_backfiller] PALL.ETORO: 140 Candles konvertiert (price_prec=5, size_prec=5).
2026-10-04 18:22:22,515 | DEBUG    | api_backfiller | [api_backfiller] PALL.ETORO: 4732→4592 Zeilen (-140 Duplikate)
2026-10-04 18:22:22,518 | INFO     | api_backfiller | [api_backfiller] PALL.ETORO: 4592 Zeilen gespeichert (price_prec=5, size_prec=5) → /home/minisforum/etoro_nautilus/data/nautilus/data/quote_tick/PALL.ETORO/OneHour/data.parquet
2026-10-04 18:22:23,621 | DEBUG    | api_backfiller | [api_backfiller] PARR.ETORO: Precision-Fallback price_prec=2, size_prec=2
2026-10-04 18:22:23,778 | INFO     | api_backfiller | [api_backfiller] PARR.ETORO: 140 Candles konvertiert (price_prec=2, size_prec=2).
2026-10-04 18:22:23,783 | DEBUG    | api_backfiller | [api_backfiller] PARR.ETORO: 4140→4000 Zeilen (-140 Duplikate)
2026-10-04 18:22:23,784 | INFO     | api_backfiller | [api_backfiller] PARR.ETORO: 4000 Zeilen gespeichert (price_prec=2, size_prec=2) → /home/minisforum/etoro_nautilus/data/nautilus/data/quote_tick/PARR.ETORO/OneHour/data.parquet
2026-10-04 18:22:24,888 | DEBUG    | api_backfiller | [api_backfiller] PBR.ETORO: Precision-Fallback price_prec=2, size_prec=2
2026-10-04 18:22:24,980 | INFO     | api_backfiller | [api_backfiller] PBR.ETORO: 140 Candles konvertiert (price_prec=2, size_prec=2).
2026-10-04 18:22:24,985 | DEBUG    | api_backfiller | [api_backfiller] PBR.ETORO: 4732→4592 Zeilen (-140 Duplikate)
2026-10-04 18:22:24,988 | INFO     | api_backfiller | [api_backfiller] PBR.ETORO: 4592 Zeilen gespeichert (price_prec=2, size_prec=2) → /home/minisforum/etoro_nautilus/data/nautilus/data/quote_tick/PBR.ETORO/OneHour/data.parquet
2026-10-04 18:22:26,092 | DEBUG    | api_backfiller | [api_backfiller] PDD.ETORO: Precision-Fallback price_prec=2, size_prec=2
2026-10-04 18:22:26,188 | INFO     | api_backfiller | [api_backfiller] PDD.ETORO: 464 Candles konvertiert (price_prec=2, size_prec=2).
2026-10-04 18:22:26,193 | DEBUG    | api_backfiller | [api_backfiller] PDD.ETORO: 6416→5952 Zeilen (-464 Duplikate)
2026-10-04 18:22:26,195 | INFO     | api_backfiller | [api_backfiller] PDD.ETORO: 5952 Zeilen gespeichert (price_prec=2, size_prec=2) → /home/minisforum/etoro_nautilus/data/nautilus/data/quote_tick/PDD.ETORO/OneHour/data.parquet
2026-10-04 18:22:27,299 | DEBUG    | api_backfiller | [api_backfiller] PEPExM.ETORO: Daten aktuell (Lücke -0.7h) — überspringe.
2026-10-04 18:22:27,301 | DEBUG    | api_backfiller | [api_backfiller] PINS.ETORO: Precision-Fallback price_prec=2, size_prec=2
2026-10-04 18:22:27,398 | INFO     | api_backfiller | [api_backfiller] PINS.ETORO: 140 Candles konvertiert (price_prec=2, size_prec=2).
2026-10-04 18:22:27,403 | DEBUG    | api_backfiller | [api_backfiller] PINS.ETORO: 4728→4588 Zeilen (-140 Duplikate)
2026-10-04 18:22:27,406 | INFO     | api_backfiller | [api_backfiller] PINS.ETORO: 4588 Zeilen gespeichert (price_prec=2, size_prec=2) → /home/minisforum/etoro_nautilus/data/nautilus/data/quote_tick/PINS.ETORO/OneHour/data.parquet
2026-10-04 18:22:28,511 | DEBUG    | api_backfiller | [api_backfiller] PLTR.ETORO: Precision-Fallback price_prec=2, size_prec=2
2026-10-04 18:22:28,874 | INFO     | api_backfiller | [api_backfiller] PLTR.ETORO: 464 Candles konvertiert (price_prec=2, size_prec=2).
2026-10-04 18:22:28,880 | DEBUG    | api_backfiller | [api_backfiller] PLTR.ETORO: 6416→5952 Zeilen (-464 Duplikate)
2026-10-04 18:22:28,884 | INFO     | api_backfiller | [api_backfiller] PLTR.ETORO: 5952 Zeilen gespeichert (price_prec=2, size_prec=2) → /home/minisforum/etoro_nautilus/data/nautilus/data/quote_tick/PLTR.ETORO/OneHour/data.parquet
2026-10-04 18:22:29,988 | DEBUG    | api_backfiller | [api_backfiller] PODD.ETORO: Precision-Fallback price_prec=2, size_prec=2
2026-10-04 18:22:30,089 | INFO     | api_backfiller | [api_backfiller] PODD.ETORO: 272 Candles konvertiert (price_prec=2, size_prec=2).
2026-10-04 18:22:30,094 | DEBUG    | api_backfiller | [api_backfiller] PODD.ETORO: 5376→5104 Zeilen (-272 Duplikate)
2026-10-04 18:22:30,096 | INFO     | api_backfiller | [api_backfiller] PODD.ETORO: 5104 Zeilen gespeichert (price_prec=2, size_prec=2) → /home/minisforum/etoro_nautilus/data/nautilus/data/quote_tick/PODD.ETORO/OneHour/data.parquet
2026-10-04 18:22:31,200 | DEBUG    | api_backfiller | [api_backfiller] POWL.ETORO: Precision-Fallback price_prec=2, size_prec=2
2026-10-04 18:22:31,294 | INFO     | api_backfiller | [api_backfiller] POWL.ETORO: 140 Candles konvertiert (price_prec=2, size_prec=2).
2026-10-04 18:22:31,298 | DEBUG    | api_backfiller | [api_backfiller] POWL.ETORO: 4284→4144 Zeilen (-140 Duplikate)
2026-10-04 18:22:31,300 | INFO     | api_backfiller | [api_backfiller] POWL.ETORO: 4144 Zeilen gespeichert (price_prec=2, size_prec=2) → /home/minisforum/etoro_nautilus/data/nautilus/data/quote_tick/POWL.ETORO/OneHour/data.parquet
2026-10-04 18:22:32,404 | DEBUG    | api_backfiller | [api_backfiller] PSN.US.ETORO: Precision-Fallback price_prec=2, size_prec=2
2026-10-04 18:22:32,503 | INFO     | api_backfiller | [api_backfiller] PSN.US.ETORO: 140 Candles konvertiert (price_prec=2, size_prec=2).
2026-10-04 18:22:32,508 | DEBUG    | api_backfiller | [api_backfiller] PSN.US.ETORO: 4728→4588 Zeilen (-140 Duplikate)
2026-10-04 18:22:32,511 | INFO     | api_backfiller | [api_backfiller] PSN.US.ETORO: 4588 Zeilen gespeichert (price_prec=2, size_prec=2) → /home/minisforum/etoro_nautilus/data/nautilus/data/quote_tick/PSN.US.ETORO/OneHour/data.parquet
2026-10-04 18:22:33,615 | DEBUG    | api_backfiller | [api_backfiller] PSX.ETORO: Precision-Fallback price_prec=2, size_prec=2
2026-10-04 18:22:33,844 | INFO     | api_backfiller | [api_backfiller] PSX.ETORO: 272 Candles konvertiert (price_prec=2, size_prec=2).
2026-10-04 18:22:33,849 | DEBUG    | api_backfiller | [api_backfiller] PSX.ETORO: 5632→5360 Zeilen (-272 Duplikate)
2026-10-04 18:22:33,853 | INFO     | api_backfiller | [api_backfiller] PSX.ETORO: 5360 Zeilen gespeichert (price_prec=2, size_prec=2) → /home/minisforum/etoro_nautilus/data/nautilus/data/quote_tick/PSX.ETORO/OneHour/data.parquet
2026-10-04 18:22:34,957 | DEBUG    | api_backfiller | [api_backfiller] PYPL.ETORO: Precision-Fallback price_prec=2, size_prec=2
2026-10-04 18:22:35,060 | INFO     | api_backfiller | [api_backfiller] PYPL.ETORO: 460 Candles konvertiert (price_prec=2, size_prec=2).
2026-10-04 18:22:35,066 | DEBUG    | api_backfiller | [api_backfiller] PYPL.ETORO: 6408→5948 Zeilen (-460 Duplikate)
2026-10-04 18:22:35,069 | INFO     | api_backfiller | [api_backfiller] PYPL.ETORO: 5948 Zeilen gespeichert (price_prec=2, size_prec=2) → /home/minisforum/etoro_nautilus/data/nautilus/data/quote_tick/PYPL.ETORO/OneHour/data.parquet
2026-10-04 18:22:36,174 | DEBUG    | api_backfiller | [api_backfiller] QS.ETORO: Precision-Fallback price_prec=2, size_prec=2
2026-10-04 18:22:36,276 | INFO     | api_backfiller | [api_backfiller] QS.ETORO: 140 Candles konvertiert (price_prec=2, size_prec=2).
2026-10-04 18:22:36,280 | DEBUG    | api_backfiller | [api_backfiller] QS.ETORO: 4140→4000 Zeilen (-140 Duplikate)
2026-10-04 18:22:36,283 | INFO     | api_backfiller | [api_backfiller] QS.ETORO: 4000 Zeilen gespeichert (price_prec=2, size_prec=2) → /home/minisforum/etoro_nautilus/data/nautilus/data/quote_tick/QS.ETORO/OneHour/data.parquet
2026-10-04 18:22:37,387 | DEBUG    | api_backfiller | [api_backfiller] RBLX.ETORO: Precision-Fallback price_prec=2, size_prec=2
2026-10-04 18:22:37,493 | INFO     | api_backfiller | [api_backfiller] RBLX.ETORO: 140 Candles konvertiert (price_prec=2, size_prec=2).
2026-10-04 18:22:37,497 | DEBUG    | api_backfiller | [api_backfiller] RBLX.ETORO: 4732→4592 Zeilen (-140 Duplikate)
2026-10-04 18:22:37,500 | INFO     | api_backfiller | [api_backfiller] RBLX.ETORO: 4592 Zeilen gespeichert (price_prec=2, size_prec=2) → /home/minisforum/etoro_nautilus/data/nautilus/data/quote_tick/RBLX.ETORO/OneHour/data.parquet
2026-10-04 18:22:38,605 | DEBUG    | api_backfiller | [api_backfiller] RHM.DE.ETORO: Precision-Fallback price_prec=2, size_prec=2
2026-10-04 18:22:38,831 | INFO     | api_backfiller | [api_backfiller] RHM.DE.ETORO: 180 Candles konvertiert (price_prec=2, size_prec=2).
2026-10-04 18:22:38,835 | DEBUG    | api_backfiller | [api_backfiller] RHM.DE.ETORO: 4976→4796 Zeilen (-180 Duplikate)
2026-10-04 18:22:38,838 | INFO     | api_backfiller | [api_backfiller] RHM.DE.ETORO: 4796 Zeilen gespeichert (price_prec=2, size_prec=2) → /home/minisforum/etoro_nautilus/data/nautilus/data/quote_tick/RHM.DE.ETORO/OneHour/data.parquet
2026-10-04 18:22:39,941 | DEBUG    | api_backfiller | [api_backfiller] RIOT.ETORO: Precision-Fallback price_prec=2, size_prec=2
2026-10-04 18:22:40,041 | INFO     | api_backfiller | [api_backfiller] RIOT.ETORO: 464 Candles konvertiert (price_prec=2, size_prec=2).
2026-10-04 18:22:40,045 | DEBUG    | api_backfiller | [api_backfiller] RIOT.ETORO: 6408→5944 Zeilen (-464 Duplikate)
2026-10-04 18:22:40,047 | INFO     | api_backfiller | [api_backfiller] RIOT.ETORO: 5944 Zeilen gespeichert (price_prec=2, size_prec=2) → /home/minisforum/etoro_nautilus/data/nautilus/data/quote_tick/RIOT.ETORO/OneHour/data.parquet
2026-10-04 18:22:41,151 | DEBUG    | api_backfiller | [api_backfiller] RLAY.ETORO: Precision-Fallback price_prec=2, size_prec=2
2026-10-04 18:22:41,246 | INFO     | api_backfiller | [api_backfiller] RLAY.ETORO: 140 Candles konvertiert (price_prec=2, size_prec=2).
2026-10-04 18:22:41,250 | DEBUG    | api_backfiller | [api_backfiller] RLAY.ETORO: 4732→4592 Zeilen (-140 Duplikate)
2026-10-04 18:22:41,253 | INFO     | api_backfiller | [api_backfiller] RLAY.ETORO: 4592 Zeilen gespeichert (price_prec=2, size_prec=2) → /home/minisforum/etoro_nautilus/data/nautilus/data/quote_tick/RLAY.ETORO/OneHour/data.parquet
2026-10-04 18:22:42,357 | DEBUG    | api_backfiller | [api_backfiller] ROP.ZU.ETORO: Precision-Fallback price_prec=2, size_prec=2
2026-10-04 18:22:42,445 | INFO     | api_backfiller | [api_backfiller] ROP.ZU.ETORO: 180 Candles konvertiert (price_prec=2, size_prec=2).
2026-10-04 18:22:42,449 | DEBUG    | api_backfiller | [api_backfiller] ROP.ZU.ETORO: 4976→4796 Zeilen (-180 Duplikate)
2026-10-04 18:22:42,453 | INFO     | api_backfiller | [api_backfiller] ROP.ZU.ETORO: 4796 Zeilen gespeichert (price_prec=2, size_prec=2) → /home/minisforum/etoro_nautilus/data/nautilus/data/quote_tick/ROP.ZU.ETORO/OneHour/data.parquet
2026-10-04 18:22:43,556 | DEBUG    | api_backfiller | [api_backfiller] RUN.ETORO: Precision-Fallback price_prec=2, size_prec=2
2026-10-04 18:22:43,909 | INFO     | api_backfiller | [api_backfiller] RUN.ETORO: 140 Candles konvertiert (price_prec=2, size_prec=2).
2026-10-04 18:22:43,913 | DEBUG    | api_backfiller | [api_backfiller] RUN.ETORO: 4140→4000 Zeilen (-140 Duplikate)
2026-10-04 18:22:43,915 | INFO     | api_backfiller | [api_backfiller] RUN.ETORO: 4000 Zeilen gespeichert (price_prec=2, size_prec=2) → /home/minisforum/etoro_nautilus/data/nautilus/data/quote_tick/RUN.ETORO/OneHour/data.parquet
2026-10-04 18:22:45,018 | DEBUG    | api_backfiller | [api_backfiller] RVMD.ETORO: Precision-Fallback price_prec=2, size_prec=2
2026-10-04 18:22:45,138 | INFO     | api_backfiller | [api_backfiller] RVMD.ETORO: 140 Candles konvertiert (price_prec=2, size_prec=2).
2026-10-04 18:22:45,144 | DEBUG    | api_backfiller | [api_backfiller] RVMD.ETORO: 4732→4592 Zeilen (-140 Duplikate)
2026-10-04 18:22:45,147 | INFO     | api_backfiller | [api_backfiller] RVMD.ETORO: 4592 Zeilen gespeichert (price_prec=2, size_prec=2) → /home/minisforum/etoro_nautilus/data/nautilus/data/quote_tick/RVMD.ETORO/OneHour/data.parquet
2026-10-04 18:22:46,251 | DEBUG    | api_backfiller | [api_backfiller] SE.ETORO: Precision-Fallback price_prec=2, size_prec=2
2026-10-04 18:22:46,357 | INFO     | api_backfiller | [api_backfiller] SE.ETORO: 140 Candles konvertiert (price_prec=2, size_prec=2).
2026-10-04 18:22:46,361 | DEBUG    | api_backfiller | [api_backfiller] SE.ETORO: 4732→4592 Zeilen (-140 Duplikate)
2026-10-04 18:22:46,364 | INFO     | api_backfiller | [api_backfiller] SE.ETORO: 4592 Zeilen gespeichert (price_prec=2, size_prec=2) → /home/minisforum/etoro_nautilus/data/nautilus/data/quote_tick/SE.ETORO/OneHour/data.parquet
2026-10-04 18:22:47,468 | DEBUG    | api_backfiller | [api_backfiller] SEI.US.ETORO: Precision-Fallback price_prec=2, size_prec=2
2026-10-04 18:22:47,575 | INFO     | api_backfiller | [api_backfiller] SEI.US.ETORO: 140 Candles konvertiert (price_prec=2, size_prec=2).
2026-10-04 18:22:47,580 | DEBUG    | api_backfiller | [api_backfiller] SEI.US.ETORO: 4284→4144 Zeilen (-140 Duplikate)
2026-10-04 18:22:47,582 | INFO     | api_backfiller | [api_backfiller] SEI.US.ETORO: 4144 Zeilen gespeichert (price_prec=2, size_prec=2) → /home/minisforum/etoro_nautilus/data/nautilus/data/quote_tick/SEI.US.ETORO/OneHour/data.parquet
2026-10-04 18:22:48,685 | DEBUG    | api_backfiller | [api_backfiller] SHIBxM.ETORO: Daten aktuell (Lücke 0.3h) — überspringe.
2026-10-04 18:22:48,686 | DEBUG    | api_backfiller | [api_backfiller] SKHY.ETORO: Precision-Fallback price_prec=2, size_prec=2
2026-10-04 18:22:49,011 | INFO     | api_backfiller | [api_backfiller] SKHY.ETORO: 140 Candles konvertiert (price_prec=2, size_prec=2).
2026-10-04 18:22:49,016 | DEBUG    | api_backfiller | [api_backfiller] SKHY.ETORO: 1808→1668 Zeilen (-140 Duplikate)
2026-10-04 18:22:49,017 | INFO     | api_backfiller | [api_backfiller] SKHY.ETORO: 1668 Zeilen gespeichert (price_prec=2, size_prec=2) → /home/minisforum/etoro_nautilus/data/nautilus/data/quote_tick/SKHY.ETORO/OneHour/data.parquet
2026-10-04 18:22:50,121 | DEBUG    | api_backfiller | [api_backfiller] SMTC.ETORO: Precision-Fallback price_prec=2, size_prec=2
2026-10-04 18:22:50,221 | INFO     | api_backfiller | [api_backfiller] SMTC.ETORO: 140 Candles konvertiert (price_prec=2, size_prec=2).
2026-10-04 18:22:50,226 | DEBUG    | api_backfiller | [api_backfiller] SMTC.ETORO: 4732→4592 Zeilen (-140 Duplikate)
2026-10-04 18:22:50,229 | INFO     | api_backfiller | [api_backfiller] SMTC.ETORO: 4592 Zeilen gespeichert (price_prec=2, size_prec=2) → /home/minisforum/etoro_nautilus/data/nautilus/data/quote_tick/SMTC.ETORO/OneHour/data.parquet
2026-10-04 18:22:51,332 | DEBUG    | api_backfiller | [api_backfiller] SN.ETORO: Precision-Fallback price_prec=2, size_prec=2
2026-10-04 18:22:51,438 | INFO     | api_backfiller | [api_backfiller] SN.ETORO: 140 Candles konvertiert (price_prec=2, size_prec=2).
2026-10-04 18:22:51,443 | DEBUG    | api_backfiller | [api_backfiller] SN.ETORO: 4144→4004 Zeilen (-140 Duplikate)
2026-10-04 18:22:51,447 | INFO     | api_backfiller | [api_backfiller] SN.ETORO: 4004 Zeilen gespeichert (price_prec=2, size_prec=2) → /home/minisforum/etoro_nautilus/data/nautilus/data/quote_tick/SN.ETORO/OneHour/data.parquet
2026-10-04 18:22:52,551 | DEBUG    | api_backfiller | [api_backfiller] SNAP.ETORO: Precision-Fallback price_prec=2, size_prec=2
2026-10-04 18:22:52,647 | INFO     | api_backfiller | [api_backfiller] SNAP.ETORO: 464 Candles konvertiert (price_prec=2, size_prec=2).
2026-10-04 18:22:52,652 | DEBUG    | api_backfiller | [api_backfiller] SNAP.ETORO: 6408→5944 Zeilen (-464 Duplikate)
2026-10-04 18:22:52,655 | INFO     | api_backfiller | [api_backfiller] SNAP.ETORO: 5944 Zeilen gespeichert (price_prec=2, size_prec=2) → /home/minisforum/etoro_nautilus/data/nautilus/data/quote_tick/SNAP.ETORO/OneHour/data.parquet
2026-10-04 18:22:53,758 | DEBUG    | api_backfiller | [api_backfiller] SOL.ETORO: Daten aktuell (Lücke 0.3h) — überspringe.
2026-10-04 18:22:53,760 | DEBUG    | api_backfiller | [api_backfiller] SQM.ETORO: Precision-Fallback price_prec=2, size_prec=2
2026-10-04 18:22:53,860 | INFO     | api_backfiller | [api_backfiller] SQM.ETORO: 140 Candles konvertiert (price_prec=2, size_prec=2).
2026-10-04 18:22:53,864 | DEBUG    | api_backfiller | [api_backfiller] SQM.ETORO: 4728→4588 Zeilen (-140 Duplikate)
2026-10-04 18:22:53,867 | INFO     | api_backfiller | [api_backfiller] SQM.ETORO: 4588 Zeilen gespeichert (price_prec=2, size_prec=2) → /home/minisforum/etoro_nautilus/data/nautilus/data/quote_tick/SQM.ETORO/OneHour/data.parquet
2026-10-04 18:22:54,972 | DEBUG    | api_backfiller | [api_backfiller] STX.US.ETORO: Precision-Fallback price_prec=2, size_prec=2
2026-10-04 18:22:55,071 | INFO     | api_backfiller | [api_backfiller] STX.US.ETORO: 464 Candles konvertiert (price_prec=2, size_prec=2).
2026-10-04 18:22:55,076 | DEBUG    | api_backfiller | [api_backfiller] STX.US.ETORO: 6416→5952 Zeilen (-464 Duplikate)
2026-10-04 18:22:55,079 | INFO     | api_backfiller | [api_backfiller] STX.US.ETORO: 5952 Zeilen gespeichert (price_prec=2, size_prec=2) → /home/minisforum/etoro_nautilus/data/nautilus/data/quote_tick/STX.US.ETORO/OneHour/data.parquet
2026-10-04 18:22:56,183 | DEBUG    | api_backfiller | [api_backfiller] SU.ETORO: Precision-Fallback price_prec=2, size_prec=2
2026-10-04 18:22:56,287 | INFO     | api_backfiller | [api_backfiller] SU.ETORO: 140 Candles konvertiert (price_prec=2, size_prec=2).
2026-10-04 18:22:56,292 | DEBUG    | api_backfiller | [api_backfiller] SU.ETORO: 4728→4588 Zeilen (-140 Duplikate)
2026-10-04 18:22:56,294 | INFO     | api_backfiller | [api_backfiller] SU.ETORO: 4588 Zeilen gespeichert (price_prec=2, size_prec=2) → /home/minisforum/etoro_nautilus/data/nautilus/data/quote_tick/SU.ETORO/OneHour/data.parquet
2026-10-04 18:22:57,397 | DEBUG    | api_backfiller | [api_backfiller] TD.ETORO: Precision-Fallback price_prec=2, size_prec=2
2026-10-04 18:22:57,499 | INFO     | api_backfiller | [api_backfiller] TD.ETORO: 140 Candles konvertiert (price_prec=2, size_prec=2).
2026-10-04 18:22:57,503 | DEBUG    | api_backfiller | [api_backfiller] TD.ETORO: 4728→4588 Zeilen (-140 Duplikate)
2026-10-04 18:22:57,505 | INFO     | api_backfiller | [api_backfiller] TD.ETORO: 4588 Zeilen gespeichert (price_prec=2, size_prec=2) → /home/minisforum/etoro_nautilus/data/nautilus/data/quote_tick/TD.ETORO/OneHour/data.parquet
2026-10-04 18:22:58,610 | DEBUG    | api_backfiller | [api_backfiller] TEAM.ETORO: Precision-Fallback price_prec=2, size_prec=2
2026-10-04 18:22:58,871 | INFO     | api_backfiller | [api_backfiller] TEAM.ETORO: 380 Candles konvertiert (price_prec=2, size_prec=2).
2026-10-04 18:22:58,876 | DEBUG    | api_backfiller | [api_backfiller] TEAM.ETORO: 6132→5752 Zeilen (-380 Duplikate)
2026-10-04 18:22:58,878 | INFO     | api_backfiller | [api_backfiller] TEAM.ETORO: 5752 Zeilen gespeichert (price_prec=2, size_prec=2) → /home/minisforum/etoro_nautilus/data/nautilus/data/quote_tick/TEAM.ETORO/OneHour/data.parquet
2026-10-04 18:22:59,984 | DEBUG    | api_backfiller | [api_backfiller] TER.ETORO: Precision-Fallback price_prec=2, size_prec=2
2026-10-04 18:23:00,093 | INFO     | api_backfiller | [api_backfiller] TER.ETORO: 464 Candles konvertiert (price_prec=2, size_prec=2).
2026-10-04 18:23:00,098 | DEBUG    | api_backfiller | [api_backfiller] TER.ETORO: 6412→5948 Zeilen (-464 Duplikate)
2026-10-04 18:23:00,102 | INFO     | api_backfiller | [api_backfiller] TER.ETORO: 5948 Zeilen gespeichert (price_prec=2, size_prec=2) → /home/minisforum/etoro_nautilus/data/nautilus/data/quote_tick/TER.ETORO/OneHour/data.parquet
2026-10-04 18:23:01,206 | DEBUG    | api_backfiller | [api_backfiller] TEVA.ETORO: Precision-Fallback price_prec=2, size_prec=2
2026-10-04 18:23:01,326 | INFO     | api_backfiller | [api_backfiller] TEVA.ETORO: 140 Candles konvertiert (price_prec=2, size_prec=2).
2026-10-04 18:23:01,331 | DEBUG    | api_backfiller | [api_backfiller] TEVA.ETORO: 4732→4592 Zeilen (-140 Duplikate)
2026-10-04 18:23:01,334 | INFO     | api_backfiller | [api_backfiller] TEVA.ETORO: 4592 Zeilen gespeichert (price_prec=2, size_prec=2) → /home/minisforum/etoro_nautilus/data/nautilus/data/quote_tick/TEVA.ETORO/OneHour/data.parquet
2026-10-04 18:23:02,438 | DEBUG    | api_backfiller | [api_backfiller] TME.ETORO: Precision-Fallback price_prec=2, size_prec=2
2026-10-04 18:23:02,535 | INFO     | api_backfiller | [api_backfiller] TME.ETORO: 140 Candles konvertiert (price_prec=2, size_prec=2).
2026-10-04 18:23:02,539 | DEBUG    | api_backfiller | [api_backfiller] TME.ETORO: 4728→4588 Zeilen (-140 Duplikate)
2026-10-04 18:23:02,542 | INFO     | api_backfiller | [api_backfiller] TME.ETORO: 4588 Zeilen gespeichert (price_prec=2, size_prec=2) → /home/minisforum/etoro_nautilus/data/nautilus/data/quote_tick/TME.ETORO/OneHour/data.parquet
2026-10-04 18:23:03,645 | DEBUG    | api_backfiller | [api_backfiller] TSEM.ETORO: Precision-Fallback price_prec=2, size_prec=2
2026-10-04 18:23:03,850 | INFO     | api_backfiller | [api_backfiller] TSEM.ETORO: 140 Candles konvertiert (price_prec=2, size_prec=2).
2026-10-04 18:23:03,856 | DEBUG    | api_backfiller | [api_backfiller] TSEM.ETORO: 4728→4588 Zeilen (-140 Duplikate)
2026-10-04 18:23:03,858 | INFO     | api_backfiller | [api_backfiller] TSEM.ETORO: 4588 Zeilen gespeichert (price_prec=2, size_prec=2) → /home/minisforum/etoro_nautilus/data/nautilus/data/quote_tick/TSEM.ETORO/OneHour/data.parquet
2026-10-04 18:23:04,962 | DEBUG    | api_backfiller | [api_backfiller] TSLA.ETORO: Precision-Fallback price_prec=2, size_prec=2
2026-10-04 18:23:05,053 | INFO     | api_backfiller | [api_backfiller] TSLA.ETORO: 464 Candles konvertiert (price_prec=2, size_prec=2).
2026-10-04 18:23:05,059 | DEBUG    | api_backfiller | [api_backfiller] TSLA.ETORO: 6416→5952 Zeilen (-464 Duplikate)
2026-10-04 18:23:05,062 | INFO     | api_backfiller | [api_backfiller] TSLA.ETORO: 5952 Zeilen gespeichert (price_prec=2, size_prec=2) → /home/minisforum/etoro_nautilus/data/nautilus/data/quote_tick/TSLA.ETORO/OneHour/data.parquet
2026-10-04 18:23:06,166 | DEBUG    | api_backfiller | [api_backfiller] TTD.ETORO: Precision-Fallback price_prec=2, size_prec=2
2026-10-04 18:23:06,268 | INFO     | api_backfiller | [api_backfiller] TTD.ETORO: 464 Candles konvertiert (price_prec=2, size_prec=2).
2026-10-04 18:23:06,273 | DEBUG    | api_backfiller | [api_backfiller] TTD.ETORO: 6416→5952 Zeilen (-464 Duplikate)
2026-10-04 18:23:06,276 | INFO     | api_backfiller | [api_backfiller] TTD.ETORO: 5952 Zeilen gespeichert (price_prec=2, size_prec=2) → /home/minisforum/etoro_nautilus/data/nautilus/data/quote_tick/TTD.ETORO/OneHour/data.parquet
2026-10-04 18:23:07,380 | DEBUG    | api_backfiller | [api_backfiller] TTMI.ETORO: Precision-Fallback price_prec=2, size_prec=2
2026-10-04 18:23:07,474 | INFO     | api_backfiller | [api_backfiller] TTMI.ETORO: 140 Candles konvertiert (price_prec=2, size_prec=2).
2026-10-04 18:23:07,478 | DEBUG    | api_backfiller | [api_backfiller] TTMI.ETORO: 4284→4144 Zeilen (-140 Duplikate)
2026-10-04 18:23:07,480 | INFO     | api_backfiller | [api_backfiller] TTMI.ETORO: 4144 Zeilen gespeichert (price_prec=2, size_prec=2) → /home/minisforum/etoro_nautilus/data/nautilus/data/quote_tick/TTMI.ETORO/OneHour/data.parquet
2026-10-04 18:23:08,585 | DEBUG    | api_backfiller | [api_backfiller] TVTX.ETORO: Precision-Fallback price_prec=2, size_prec=2
2026-10-04 18:23:08,908 | INFO     | api_backfiller | [api_backfiller] TVTX.ETORO: 140 Candles konvertiert (price_prec=2, size_prec=2).
2026-10-04 18:23:08,912 | DEBUG    | api_backfiller | [api_backfiller] TVTX.ETORO: 4288→4148 Zeilen (-140 Duplikate)
2026-10-04 18:23:08,915 | INFO     | api_backfiller | [api_backfiller] TVTX.ETORO: 4148 Zeilen gespeichert (price_prec=2, size_prec=2) → /home/minisforum/etoro_nautilus/data/nautilus/data/quote_tick/TVTX.ETORO/OneHour/data.parquet
2026-10-04 18:23:10,020 | DEBUG    | api_backfiller | [api_backfiller] TWST.ETORO: Precision-Fallback price_prec=2, size_prec=2
2026-10-04 18:23:10,131 | INFO     | api_backfiller | [api_backfiller] TWST.ETORO: 140 Candles konvertiert (price_prec=2, size_prec=2).
2026-10-04 18:23:10,135 | DEBUG    | api_backfiller | [api_backfiller] TWST.ETORO: 4728→4588 Zeilen (-140 Duplikate)
2026-10-04 18:23:10,139 | INFO     | api_backfiller | [api_backfiller] TWST.ETORO: 4588 Zeilen gespeichert (price_prec=2, size_prec=2) → /home/minisforum/etoro_nautilus/data/nautilus/data/quote_tick/TWST.ETORO/OneHour/data.parquet
2026-10-04 18:23:11,242 | DEBUG    | api_backfiller | [api_backfiller] TXG.ETORO: Precision-Fallback price_prec=2, size_prec=2
2026-10-04 18:23:11,339 | INFO     | api_backfiller | [api_backfiller] TXG.ETORO: 140 Candles konvertiert (price_prec=2, size_prec=2).
2026-10-04 18:23:11,344 | DEBUG    | api_backfiller | [api_backfiller] TXG.ETORO: 4728→4588 Zeilen (-140 Duplikate)
2026-10-04 18:23:11,347 | INFO     | api_backfiller | [api_backfiller] TXG.ETORO: 4588 Zeilen gespeichert (price_prec=2, size_prec=2) → /home/minisforum/etoro_nautilus/data/nautilus/data/quote_tick/TXG.ETORO/OneHour/data.parquet
2026-10-04 18:23:12,451 | DEBUG    | api_backfiller | [api_backfiller] UPST.ETORO: Precision-Fallback price_prec=2, size_prec=2
2026-10-04 18:23:12,539 | INFO     | api_backfiller | [api_backfiller] UPST.ETORO: 140 Candles konvertiert (price_prec=2, size_prec=2).
2026-10-04 18:23:12,544 | DEBUG    | api_backfiller | [api_backfiller] UPST.ETORO: 4728→4588 Zeilen (-140 Duplikate)
2026-10-04 18:23:12,547 | INFO     | api_backfiller | [api_backfiller] UPST.ETORO: 4588 Zeilen gespeichert (price_prec=2, size_prec=2) → /home/minisforum/etoro_nautilus/data/nautilus/data/quote_tick/UPST.ETORO/OneHour/data.parquet
2026-10-04 18:23:13,765 | INFO     | api_backfiller | [api_backfiller] USDTRY.ETORO: 480 Candles konvertiert (price_prec=5, size_prec=5).
2026-10-04 18:23:13,770 | DEBUG    | api_backfiller | [api_backfiller] USDTRY.ETORO: 6596→6116 Zeilen (-480 Duplikate)
2026-10-04 18:23:13,773 | INFO     | api_backfiller | [api_backfiller] USDTRY.ETORO: 6116 Zeilen gespeichert (price_prec=5, size_prec=5) → /home/minisforum/etoro_nautilus/data/nautilus/data/quote_tick/USDTRY.ETORO/OneHour/data.parquet
2026-10-04 18:23:14,977 | INFO     | api_backfiller | [api_backfiller] USDZAR.ETORO: 480 Candles konvertiert (price_prec=5, size_prec=5).
2026-10-04 18:23:14,982 | DEBUG    | api_backfiller | [api_backfiller] USDZAR.ETORO: 6596→6116 Zeilen (-480 Duplikate)
2026-10-04 18:23:14,987 | INFO     | api_backfiller | [api_backfiller] USDZAR.ETORO: 6116 Zeilen gespeichert (price_prec=5, size_prec=5) → /home/minisforum/etoro_nautilus/data/nautilus/data/quote_tick/USDZAR.ETORO/OneHour/data.parquet
2026-10-04 18:23:16,091 | DEBUG    | api_backfiller | [api_backfiller] VLO.ETORO: Precision-Fallback price_prec=2, size_prec=2
2026-10-04 18:23:16,202 | INFO     | api_backfiller | [api_backfiller] VLO.ETORO: 432 Candles konvertiert (price_prec=2, size_prec=2).
2026-10-04 18:23:16,207 | DEBUG    | api_backfiller | [api_backfiller] VLO.ETORO: 6280→5848 Zeilen (-432 Duplikate)
2026-10-04 18:23:16,210 | INFO     | api_backfiller | [api_backfiller] VLO.ETORO: 5848 Zeilen gespeichert (price_prec=2, size_prec=2) → /home/minisforum/etoro_nautilus/data/nautilus/data/quote_tick/VLO.ETORO/OneHour/data.parquet
2026-10-04 18:23:17,314 | DEBUG    | api_backfiller | [api_backfiller] VRT.ETORO: Precision-Fallback price_prec=2, size_prec=2
2026-10-04 18:23:17,415 | INFO     | api_backfiller | [api_backfiller] VRT.ETORO: 464 Candles konvertiert (price_prec=2, size_prec=2).
2026-10-04 18:23:17,420 | DEBUG    | api_backfiller | [api_backfiller] VRT.ETORO: 6416→5952 Zeilen (-464 Duplikate)
2026-10-04 18:23:17,423 | INFO     | api_backfiller | [api_backfiller] VRT.ETORO: 5952 Zeilen gespeichert (price_prec=2, size_prec=2) → /home/minisforum/etoro_nautilus/data/nautilus/data/quote_tick/VRT.ETORO/OneHour/data.parquet
2026-10-04 18:23:18,527 | DEBUG    | api_backfiller | [api_backfiller] VSH.ETORO: Precision-Fallback price_prec=2, size_prec=2
2026-10-04 18:23:18,954 | INFO     | api_backfiller | [api_backfiller] VSH.ETORO: 140 Candles konvertiert (price_prec=2, size_prec=2).
2026-10-04 18:23:18,959 | DEBUG    | api_backfiller | [api_backfiller] VSH.ETORO: 4284→4144 Zeilen (-140 Duplikate)
2026-10-04 18:23:18,961 | INFO     | api_backfiller | [api_backfiller] VSH.ETORO: 4144 Zeilen gespeichert (price_prec=2, size_prec=2) → /home/minisforum/etoro_nautilus/data/nautilus/data/quote_tick/VSH.ETORO/OneHour/data.parquet
2026-10-04 18:23:20,065 | DEBUG    | api_backfiller | [api_backfiller] WBD.ETORO: Precision-Fallback price_prec=2, size_prec=2
2026-10-04 18:23:20,162 | INFO     | api_backfiller | [api_backfiller] WBD.ETORO: 444 Candles konvertiert (price_prec=2, size_prec=2).
2026-10-04 18:23:20,168 | DEBUG    | api_backfiller | [api_backfiller] WBD.ETORO: 6240→5796 Zeilen (-444 Duplikate)
2026-10-04 18:23:20,171 | INFO     | api_backfiller | [api_backfiller] WBD.ETORO: 5796 Zeilen gespeichert (price_prec=2, size_prec=2) → /home/minisforum/etoro_nautilus/data/nautilus/data/quote_tick/WBD.ETORO/OneHour/data.parquet
2026-10-04 18:23:21,275 | DEBUG    | api_backfiller | [api_backfiller] WDAY.ETORO: Precision-Fallback price_prec=2, size_prec=2
2026-10-04 18:23:21,382 | INFO     | api_backfiller | [api_backfiller] WDAY.ETORO: 256 Candles konvertiert (price_prec=2, size_prec=2).
2026-10-04 18:23:21,387 | DEBUG    | api_backfiller | [api_backfiller] WDAY.ETORO: 5448→5192 Zeilen (-256 Duplikate)
2026-10-04 18:23:21,391 | INFO     | api_backfiller | [api_backfiller] WDAY.ETORO: 5192 Zeilen gespeichert (price_prec=2, size_prec=2) → /home/minisforum/etoro_nautilus/data/nautilus/data/quote_tick/WDAY.ETORO/OneHour/data.parquet
2026-10-04 18:23:22,495 | DEBUG    | api_backfiller | [api_backfiller] WDC.ETORO: Precision-Fallback price_prec=2, size_prec=2
2026-10-04 18:23:22,621 | INFO     | api_backfiller | [api_backfiller] WDC.ETORO: 464 Candles konvertiert (price_prec=2, size_prec=2).
2026-10-04 18:23:22,626 | DEBUG    | api_backfiller | [api_backfiller] WDC.ETORO: 6420→5956 Zeilen (-464 Duplikate)
2026-10-04 18:23:22,629 | INFO     | api_backfiller | [api_backfiller] WDC.ETORO: 5956 Zeilen gespeichert (price_prec=2, size_prec=2) → /home/minisforum/etoro_nautilus/data/nautilus/data/quote_tick/WDC.ETORO/OneHour/data.parquet
2026-10-04 18:23:23,733 | DEBUG    | api_backfiller | [api_backfiller] WIX.ETORO: Precision-Fallback price_prec=2, size_prec=2
2026-10-04 18:23:23,858 | INFO     | api_backfiller | [api_backfiller] WIX.ETORO: 224 Candles konvertiert (price_prec=2, size_prec=2).
2026-10-04 18:23:23,862 | DEBUG    | api_backfiller | [api_backfiller] WIX.ETORO: 5192→4968 Zeilen (-224 Duplikate)
2026-10-04 18:23:23,866 | INFO     | api_backfiller | [api_backfiller] WIX.ETORO: 4968 Zeilen gespeichert (price_prec=2, size_prec=2) → /home/minisforum/etoro_nautilus/data/nautilus/data/quote_tick/WIX.ETORO/OneHour/data.parquet
2026-10-04 18:23:24,970 | DEBUG    | api_backfiller | [api_backfiller] XOM.ETORO: Precision-Fallback price_prec=2, size_prec=2
2026-10-04 18:23:25,059 | INFO     | api_backfiller | [api_backfiller] XOM.ETORO: 464 Candles konvertiert (price_prec=2, size_prec=2).
2026-10-04 18:23:25,064 | DEBUG    | api_backfiller | [api_backfiller] XOM.ETORO: 6412→5948 Zeilen (-464 Duplikate)
2026-10-04 18:23:25,068 | INFO     | api_backfiller | [api_backfiller] XOM.ETORO: 5948 Zeilen gespeichert (price_prec=2, size_prec=2) → /home/minisforum/etoro_nautilus/data/nautilus/data/quote_tick/XOM.ETORO/OneHour/data.parquet
2026-10-04 18:23:26,173 | DEBUG    | api_backfiller | [api_backfiller] XPEV.ETORO: Precision-Fallback price_prec=2, size_prec=2
2026-10-04 18:23:26,284 | INFO     | api_backfiller | [api_backfiller] XPEV.ETORO: 140 Candles konvertiert (price_prec=2, size_prec=2).
2026-10-04 18:23:26,287 | DEBUG    | api_backfiller | [api_backfiller] XPEV.ETORO: 4728→4588 Zeilen (-140 Duplikate)
2026-10-04 18:23:26,289 | INFO     | api_backfiller | [api_backfiller] XPEV.ETORO: 4588 Zeilen gespeichert (price_prec=2, size_prec=2) → /home/minisforum/etoro_nautilus/data/nautilus/data/quote_tick/XPEV.ETORO/OneHour/data.parquet
2026-10-04 18:23:27,392 | DEBUG    | api_backfiller | [api_backfiller] XRP.ETORO: Daten aktuell (Lücke 0.3h) — überspringe.
2026-10-04 18:23:27,393 | DEBUG    | api_backfiller | [api_backfiller] XYL.ETORO: Precision-Fallback price_prec=2, size_prec=2
2026-10-04 18:23:27,488 | INFO     | api_backfiller | [api_backfiller] XYL.ETORO: 352 Candles konvertiert (price_prec=2, size_prec=2).
2026-10-04 18:23:27,492 | DEBUG    | api_backfiller | [api_backfiller] XYL.ETORO: 4352→4000 Zeilen (-352 Duplikate)
2026-10-04 18:23:27,495 | INFO     | api_backfiller | [api_backfiller] XYL.ETORO: 4000 Zeilen gespeichert (price_prec=2, size_prec=2) → /home/minisforum/etoro_nautilus/data/nautilus/data/quote_tick/XYL.ETORO/OneHour/data.parquet
2026-10-04 18:23:28,599 | DEBUG    | api_backfiller | [api_backfiller] Z.ETORO: Precision-Fallback price_prec=2, size_prec=2
2026-10-04 18:23:28,805 | INFO     | api_backfiller | [api_backfiller] Z.ETORO: 140 Candles konvertiert (price_prec=2, size_prec=2).
2026-10-04 18:23:28,809 | DEBUG    | api_backfiller | [api_backfiller] Z.ETORO: 4728→4588 Zeilen (-140 Duplikate)
2026-10-04 18:23:28,812 | INFO     | api_backfiller | [api_backfiller] Z.ETORO: 4588 Zeilen gespeichert (price_prec=2, size_prec=2) → /home/minisforum/etoro_nautilus/data/nautilus/data/quote_tick/Z.ETORO/OneHour/data.parquet
2026-10-04 18:23:29,915 | DEBUG    | api_backfiller | [api_backfiller] ZS.ETORO: Precision-Fallback price_prec=2, size_prec=2
2026-10-04 18:23:30,019 | INFO     | api_backfiller | [api_backfiller] ZS.ETORO: 464 Candles konvertiert (price_prec=2, size_prec=2).
2026-10-04 18:23:30,023 | DEBUG    | api_backfiller | [api_backfiller] ZS.ETORO: 6416→5952 Zeilen (-464 Duplikate)
2026-10-04 18:23:30,026 | INFO     | api_backfiller | [api_backfiller] ZS.ETORO: 5952 Zeilen gespeichert (price_prec=2, size_prec=2) → /home/minisforum/etoro_nautilus/data/nautilus/data/quote_tick/ZS.ETORO/OneHour/data.parquet
2026-10-04 18:23:31,129 | DEBUG    | api_backfiller | [api_backfiller] ZTS.ETORO: Precision-Fallback price_prec=2, size_prec=2
2026-10-04 18:23:31,221 | INFO     | api_backfiller | [api_backfiller] ZTS.ETORO: 452 Candles konvertiert (price_prec=2, size_prec=2).
2026-10-04 18:23:31,226 | DEBUG    | api_backfiller | [api_backfiller] ZTS.ETORO: 6352→5900 Zeilen (-452 Duplikate)
2026-10-04 18:23:31,229 | INFO     | api_backfiller | [api_backfiller] ZTS.ETORO: 5900 Zeilen gespeichert (price_prec=2, size_prec=2) → /home/minisforum/etoro_nautilus/data/nautilus/data/quote_tick/ZTS.ETORO/OneHour/data.parquet
2026-10-04 18:23:32,332 | INFO     | api_backfiller | [api_backfiller] Backfill abgeschlossen: 157 Symbole befüllt.
2026-10-04 18:23:32,333 | INFO     | orchestrator | [Phase 2c] API-Backfill: 157 Symbole befüllt.
2026-10-04 18:23:32,337 | INFO     | historical_fetcher | [LQDA.ETORO] Inception-Bound-Check erfolgreich: Volle historische Tiefe (2026-02-06) liegt vor.
2026-10-04 18:23:32,343 | INFO     | historical_fetcher | [TVTX.ETORO] Inception-Bound-Check erfolgreich: Volle historische Tiefe (2026-02-06) liegt vor.
2026-10-04 18:23:32,349 | INFO     | historical_fetcher | [PARR.ETORO] Inception-Bound-Check erfolgreich: Volle historische Tiefe (2026-03-10) liegt vor.
2026-10-04 18:23:32,351 | INFO     | historical_fetcher | [JOBY.ETORO] Inception-Bound-Check erfolgreich: Volle historische Tiefe (2026-02-05) liegt vor.
2026-10-04 18:23:32,380 | INFO     | historical_fetcher | [SKHY.ETORO] Inception-Bound-Check erfolgreich: Volle historische Tiefe (2026-07-10) liegt vor.
2026-10-04 18:23:32,420 | INFO     | historical_fetcher | [INSW.ETORO] Inception-Bound-Check erfolgreich: Volle historische Tiefe (2026-02-05) liegt vor.
2026-10-04 18:23:32,421 | INFO     | historical_fetcher | [TTMI.ETORO] Inception-Bound-Check erfolgreich: Volle historische Tiefe (2026-02-06) liegt vor.
2026-10-04 18:23:32,422 | INFO     | historical_fetcher | [POWL.ETORO] Inception-Bound-Check erfolgreich: Volle historische Tiefe (2026-02-06) liegt vor.
2026-10-04 18:23:32,422 | INFO     | historical_fetcher | [ESLT.ETORO] Inception-Bound-Check erfolgreich: Volle historische Tiefe (2026-02-06) liegt vor.
2026-10-04 18:23:32,423 | INFO     | historical_fetcher | [BTC.ETORO] Inception-Bound-Check erfolgreich: Volle historische Tiefe (2026-07-23) liegt vor.
2026-10-04 18:23:32,424 | INFO     | historical_fetcher | [ETH.ETORO] Inception-Bound-Check erfolgreich: Volle historische Tiefe (2026-07-23) liegt vor.
2026-10-04 18:23:32,425 | INFO     | historical_fetcher | [XRP.ETORO] Inception-Bound-Check erfolgreich: Volle historische Tiefe (2026-07-23) liegt vor.
2026-10-04 18:23:32,425 | INFO     | historical_fetcher | [ADA.ETORO] Inception-Bound-Check erfolgreich: Volle historische Tiefe (2026-07-23) liegt vor.
2026-10-04 18:23:32,426 | INFO     | historical_fetcher | [DOGE.ETORO] Inception-Bound-Check erfolgreich: Volle historische Tiefe (2026-07-23) liegt vor.
2026-10-04 18:23:32,427 | INFO     | historical_fetcher | [SOL.ETORO] Inception-Bound-Check erfolgreich: Volle historische Tiefe (2026-07-23) liegt vor.
2026-10-04 18:23:32,428 | INFO     | historical_fetcher | [SHIBxM.ETORO] Inception-Bound-Check erfolgreich: Volle historische Tiefe (2026-07-23) liegt vor.
2026-10-04 18:23:32,428 | INFO     | historical_fetcher | [AVAX.ETORO] Inception-Bound-Check erfolgreich: Volle historische Tiefe (2026-07-23) liegt vor.
2026-10-04 18:23:32,430 | INFO     | historical_fetcher | [ONDO.ETORO] Inception-Bound-Check erfolgreich: Volle historische Tiefe (2026-07-23) liegt vor.
2026-10-04 18:23:32,431 | INFO     | historical_fetcher | [AERO.ETORO] Inception-Bound-Check erfolgreich: Volle historische Tiefe (2026-07-23) liegt vor.
2026-10-04 18:23:32,432 | INFO     | historical_fetcher | [HYPE.ETORO] Inception-Bound-Check erfolgreich: Volle historische Tiefe (2026-07-23) liegt vor.
2026-10-04 18:23:32,435 | INFO     | historical_fetcher | [SEI.US.ETORO] Inception-Bound-Check erfolgreich: Volle historische Tiefe (2026-02-06) liegt vor.
2026-10-04 18:23:32,445 | INFO     | historical_fetcher | [NTSK.ETORO] Inception-Bound-Check erfolgreich: Volle historische Tiefe (2026-02-06) liegt vor.
2026-10-04 18:23:32,449 | INFO     | historical_fetcher | [MOD.ETORO] Inception-Bound-Check erfolgreich: Volle historische Tiefe (2026-02-05) liegt vor.
2026-10-04 18:23:32,451 | INFO     | historical_fetcher | [FORM.ETORO] Inception-Bound-Check erfolgreich: Volle historische Tiefe (2026-02-06) liegt vor.
2026-10-04 18:23:32,456 | INFO     | historical_fetcher | [VSH.ETORO] Inception-Bound-Check erfolgreich: Volle historische Tiefe (2026-02-06) liegt vor.
2026-10-04 18:23:32,457 | INFO     | historical_fetcher | [ATRO.ETORO] Inception-Bound-Check erfolgreich: Volle historische Tiefe (2026-02-06) liegt vor.
2026-10-04 18:23:32,463 | INFO     | historical_fetcher | [KRYS.ETORO] Inception-Bound-Check erfolgreich: Volle historische Tiefe (2026-02-05) liegt vor.
2026-10-04 18:23:32,464 | INFO     | historical_fetcher | [CRS.ETORO] Inception-Bound-Check erfolgreich: Volle historische Tiefe (2026-02-06) liegt vor.
2026-10-04 18:23:32,465 | INFO     | historical_fetcher | [ENVA.ETORO] Inception-Bound-Check erfolgreich: Volle historische Tiefe (2026-02-05) liegt vor.
2026-10-04 18:23:32,466 | INFO     | historical_fetcher | [BETA.ETORO] Inception-Bound-Check erfolgreich: Volle historische Tiefe (2026-02-06) liegt vor.
2026-10-04 18:23:32,467 | INFO     | orchestrator | [Phase 2d] 140 Symbole unzureichend (benötigt Daten bis 1754843012334626048 ns) — starte Historical Fetcher ...
2026-10-04 18:23:32,467 | INFO     | api_backfiller | [api_backfiller] Universe geladen: 170 Instrumente.
2026-10-04 18:23:32,468 | DEBUG    | asyncio | Using selector: EpollSelector
2026-10-04 18:23:32,564 | INFO     | historical_fetcher | [historical_fetcher] 140/140 Symbole werden gefetcht (months=12, start_ns=1754843012334626048).
2026-10-04 18:23:32,565 | INFO     | historical_fetcher | [historical_fetcher] Lade Instrument-Precisions via eToro API …
2026-10-04 18:23:32,705 | DEBUG    | api_backfiller | [api_backfiller] Raw API response (first 500 chars): {'instrumentDisplayDatas': [{'instrumentID': 22, 'instrumentDisplayName': 'Natural Gas (Non Expiry)', 'instrumentTypeID': 2, 'exchangeID': 2, 'images': [{'instrumentID': 22, 'width': 35.0, 'height': 35.0, 'uri': 'https://etoro-cdn.etorostatic.com/market-avatars/natgas/35x35.png'}, {'instrumentID': 22, 'width': 80.0, 'height': 80.0}, {'instrumentID': 22, 'width': 50.0, 'height': 50.0, 'uri': 'https://etoro-cdn.etorostatic.com/market-avatars/natgas/50x50.png'}, {'instrumentID': 22, 'width': 150.0,
2026-10-04 18:23:32,706 | DEBUG    | api_backfiller | [api_backfiller] ID 22: price_precision via historischem Fallback=5
2026-10-04 18:23:32,706 | DEBUG    | api_backfiller | [api_backfiller] ID 22: size_precision via historischem Fallback=5
2026-10-04 18:23:32,706 | DEBUG    | api_backfiller | [api_backfiller] ID 22 (NATGAS): price_prec=5, size_prec=5
2026-10-04 18:23:32,706 | DEBUG    | api_backfiller | [api_backfiller] ID 42: price_precision via historischem Fallback=5
2026-10-04 18:23:32,706 | DEBUG    | api_backfiller | [api_backfiller] ID 42: size_precision via historischem Fallback=5
2026-10-04 18:23:32,706 | DEBUG    | api_backfiller | [api_backfiller] ID 42 (USDZAR): price_prec=5, size_prec=5
2026-10-04 18:23:32,706 | DEBUG    | api_backfiller | [api_backfiller] ID 62: price_precision via historischem Fallback=5
2026-10-04 18:23:32,706 | DEBUG    | api_backfiller | [api_backfiller] ID 62: size_precision via historischem Fallback=5
2026-10-04 18:23:32,706 | DEBUG    | api_backfiller | [api_backfiller] ID 62 (USDTRY): price_prec=5, size_prec=5
2026-10-04 18:23:32,706 | DEBUG    | api_backfiller | [api_backfiller] Keine API-Precision für ID 1021 (INTC). Equity-Fallback (2,2) wird von run_backfill() angewendet.
2026-10-04 18:23:32,706 | DEBUG    | api_backfiller | Vollständiger Item-Dump: {
  "instrumentID": 1021,
  "instrumentDisplayName": "Intel",
  "instrumentTypeID": 5,
  "exchangeID": 4,
  "images": [
    {
      "instrumentID": 1021,
      "width": 50.0,
      "height": 50.0,
      "uri": "https://etoro-cdn.etorostatic.com/market-avatars/intc/50x50.png"
    },
    {
      "instrumentID": 1021,
      "width": 150.0,
      "height": 150.0,
      "uri": "https://etoro-cdn.etorostatic.com/market-avatars/intc/150x150.png"
    },
    {
      "instrumentID": 1021,
      "width": 35.0,
      "height": 35.0,
      "uri": "https://etoro-cdn.etorostatic.com/market-avatars/intc/35x35.png"
    },
    {
      "instrumentID": 1021,
      "width": 80.0,
      "height": 80.0,
      "uri": "https://etoro-cdn.etorostatic.com/market-avatars/intc/80x80.png"
    },
    {
      "instrumentID": 1021,
      "width": 90.0,
      "height": 90.0,
      "uri": "https://etoro-cdn.etorostatic.com/market-avatars/intc/90x90.png"
    },
    {
      "instrumentID": 1021,
      "uri": "https://etoro-cdn.etorostatic.com/market-avatars/1021/1021_0068B5_F7F7F7.svg",
      "backgroundColor": "#0068B5",
      "textColor": "#F7F7F7"
    }
  ],
  "symbolFull": "INTC",
  "stocksIndustryID": 8,
  "priceSource": "NASDAQ",
  "hasExpirationDate": false,
  "isInternalInstrument": false,
  "distributionType": 5
}
2026-10-04 18:23:32,706 | DEBUG    | api_backfiller | [api_backfiller] Keine API-Precision für ID 1027 (MRK). Equity-Fallback (2,2) wird von run_backfill() angewendet.
2026-10-04 18:23:32,706 | DEBUG    | api_backfiller | Vollständiger Item-Dump: {
  "instrumentID": 1027,
  "instrumentDisplayName": "Merck & Co.",
  "instrumentTypeID": 5,
  "exchangeID": 5,
  "images": [
    {
      "instrumentID": 1027,
      "width": 50.0,
      "height": 50.0,
      "uri": "https://etoro-cdn.etorostatic.com/market-avatars/mrk/50x50.png"
    },
    {
      "instrumentID": 1027,
      "width": 150.0,
      "height": 150.0,
      "uri": "https://etoro-cdn.etorostatic.com/market-avatars/mrk/150x150.png"
    },
    {
      "instrumentID": 1027,
      "width": 35.0,
      "height": 35.0,
      "uri": "https://etoro-cdn.etorostatic.com/market-avatars/mrk/35x35.png"
    },
    {
      "instrumentID": 1027,
      "width": 90.0,
      "height": 90.0,
      "uri": "https://etoro-cdn.etorostatic.com/market-avatars/mrk/90x90.png"
    },
    {
      "instrumentID": 1027,
      "uri": "https://etoro-cdn.etorostatic.com/market-avatars/1027/1027_007A73_F7F7F7.svg",
      "backgroundColor": "#007A73",
      "textColor": "#F7F7F7"
    }
  ],
  "symbolFull": "MRK",
  "stocksIndustryID": 5,
  "priceSource": "NASDAQ",
  "hasExpirationDate": false,
  "isInternalInstrument": false,
  "distributionType": 5
}
2026-10-04 18:23:32,706 | DEBUG    | api_backfiller | [api_backfiller] Keine API-Precision für ID 1036 (XOM). Equity-Fallback (2,2) wird von run_backfill() angewendet.
2026-10-04 18:23:32,706 | DEBUG    | api_backfiller | Vollständiger Item-Dump: {
  "instrumentID": 1036,
  "instrumentDisplayName": "ExxonMobil Holdings Corp",
  "instrumentTypeID": 5,
  "exchangeID": 5,
  "images": [
    {
      "instrumentID": 1036,
      "width": 50.0,
      "height": 50.0,
      "uri": "https://etoro-cdn.etorostatic.com/market-avatars/xom/50x50.png"
    },
    {
      "instrumentID": 1036,
      "width": 150.0,
      "height": 150.0,
      "uri": "https://etoro-cdn.etorostatic.com/market-avatars/xom/150x150.png"
    },
    {
      "instrumentID": 1036,
      "width": 35.0,
      "height": 35.0,
      "uri": "https://etoro-cdn.etorostatic.com/market-avatars/xom/35x35.png"
    },
    {
      "instrumentID": 1036,
      "width": 90.0,
      "height": 90.0,
      "uri": "https://etoro-cdn.etorostatic.com/market-avatars/xom/90x90.png"
    },
    {
      "instrumentID": 1036,
      "uri": "https://etoro-cdn.etorostatic.com/market-avatars/1036/1036_ED1B2D_F7F7F7.svg",
      "backgroundColor": "#ED1B2D",
      "textColor": "#F7F7F7"
    }
  ],
  "symbolFull": "XOM",
  "stocksIndustryID": 1,
  "priceSource": "NASDAQ",
  "hasExpirationDate": false,
  "isInternalInstrument": false,
  "distributionType": 5
}
2026-10-04 18:23:32,706 | DEBUG    | api_backfiller | [api_backfiller] Keine API-Precision für ID 1042 (NKE). Equity-Fallback (2,2) wird von run_backfill() angewendet.
2026-10-04 18:23:32,706 | DEBUG    | api_backfiller | [api_backfiller] Keine API-Precision für ID 1063 (LNTH). Equity-Fallback (2,2) wird von run_backfill() angewendet.
2026-10-04 18:23:32,706 | DEBUG    | api_backfiller | [api_backfiller] Keine API-Precision für ID 1127 (NFLX). Equity-Fallback (2,2) wird von run_backfill() angewendet.
2026-10-04 18:23:32,706 | DEBUG    | api_backfiller | [api_backfiller] Keine API-Precision für ID 1135 (ORCL). Equity-Fallback (2,2) wird von run_backfill() angewendet.
2026-10-04 18:23:32,706 | DEBUG    | api_backfiller | [api_backfiller] Keine API-Precision für ID 1483 (PSX). Equity-Fallback (2,2) wird von run_backfill() angewendet.
2026-10-04 18:23:32,706 | DEBUG    | api_backfiller | [api_backfiller] Keine API-Precision für ID 1497 (VLO). Equity-Fallback (2,2) wird von run_backfill() angewendet.
2026-10-04 18:23:32,706 | DEBUG    | api_backfiller | [api_backfiller] Keine API-Precision für ID 1503 (MPC). Equity-Fallback (2,2) wird von run_backfill() angewendet.
2026-10-04 18:23:32,706 | DEBUG    | api_backfiller | [api_backfiller] Keine API-Precision für ID 1557 (NUE). Equity-Fallback (2,2) wird von run_backfill() angewendet.
2026-10-04 18:23:32,706 | DEBUG    | api_backfiller | [api_backfiller] Keine API-Precision für ID 1740 (FTI). Equity-Fallback (2,2) wird von run_backfill() angewendet.
2026-10-04 18:23:32,707 | DEBUG    | api_backfiller | [api_backfiller] Keine API-Precision für ID 1832 (AMD). Equity-Fallback (2,2) wird von run_backfill() angewendet.
2026-10-04 18:23:32,707 | DEBUG    | api_backfiller | [api_backfiller] Keine API-Precision für ID 1865 (FISV). Equity-Fallback (2,2) wird von run_backfill() angewendet.
2026-10-04 18:23:32,707 | DEBUG    | api_backfiller | [api_backfiller] Keine API-Precision für ID 1914 (INTU). Equity-Fallback (2,2) wird von run_backfill() angewendet.
2026-10-04 18:23:32,707 | DEBUG    | api_backfiller | [api_backfiller] Keine API-Precision für ID 1939 (ATI). Equity-Fallback (2,2) wird von run_backfill() angewendet.
2026-10-04 18:23:32,707 | DEBUG    | api_backfiller | [api_backfiller] Keine API-Precision für ID 1959 (XYL). Equity-Fallback (2,2) wird von run_backfill() angewendet.
2026-10-04 18:23:32,707 | DEBUG    | api_backfiller | [api_backfiller] Keine API-Precision für ID 2483 (MBLY). Equity-Fallback (2,2) wird von run_backfill() angewendet.
2026-10-04 18:23:32,707 | DEBUG    | api_backfiller | [api_backfiller] Keine API-Precision für ID 4077 (ILMN). Equity-Fallback (2,2) wird von run_backfill() angewendet.
2026-10-04 18:23:32,707 | DEBUG    | api_backfiller | [api_backfiller] Keine API-Precision für ID 4157 (SU). Equity-Fallback (2,2) wird von run_backfill() angewendet.
2026-10-04 18:23:32,707 | DEBUG    | api_backfiller | [api_backfiller] Keine API-Precision für ID 4194 (ZTS). Equity-Fallback (2,2) wird von run_backfill() angewendet.
2026-10-04 18:23:32,707 | DEBUG    | api_backfiller | [api_backfiller] Keine API-Precision für ID 4309 (LULU). Equity-Fallback (2,2) wird von run_backfill() angewendet.
2026-10-04 18:23:32,707 | DEBUG    | api_backfiller | [api_backfiller] Keine API-Precision für ID 4312 (HPE). Equity-Fallback (2,2) wird von run_backfill() angewendet.
2026-10-04 18:23:32,707 | DEBUG    | api_backfiller | [api_backfiller] Keine API-Precision für ID 4346 (FTNT). Equity-Fallback (2,2) wird von run_backfill() angewendet.
2026-10-04 18:23:32,707 | DEBUG    | api_backfiller | [api_backfiller] Keine API-Precision für ID 4356 (STX.US). Equity-Fallback (2,2) wird von run_backfill() angewendet.
2026-10-04 18:23:32,707 | DEBUG    | api_backfiller | [api_backfiller] Keine API-Precision für ID 4399 (TTD). Equity-Fallback (2,2) wird von run_backfill() angewendet.
2026-10-04 18:23:32,707 | DEBUG    | api_backfiller | [api_backfiller] Keine API-Precision für ID 4482 (TME). Equity-Fallback (2,2) wird von run_backfill() angewendet.
2026-10-04 18:23:32,707 | DEBUG    | api_backfiller | [api_backfiller] Keine API-Precision für ID 4483 (PDD). Equity-Fallback (2,2) wird von run_backfill() angewendet.
2026-10-04 18:23:32,707 | DEBUG    | api_backfiller | [api_backfiller] Keine API-Precision für ID 5604 (KTOS). Equity-Fallback (2,2) wird von run_backfill() angewendet.
2026-10-04 18:23:32,707 | DEBUG    | api_backfiller | [api_backfiller] Keine API-Precision für ID 5660 (RUN). Equity-Fallback (2,2) wird von run_backfill() angewendet.
2026-10-04 18:23:32,707 | DEBUG    | api_backfiller | [api_backfiller] Keine API-Precision für ID 5960 (SE). Equity-Fallback (2,2) wird von run_backfill() angewendet.
2026-10-04 18:23:32,707 | DEBUG    | api_backfiller | [api_backfiller] Keine API-Precision für ID 5967 (CPRT). Equity-Fallback (2,2) wird von run_backfill() angewendet.
2026-10-04 18:23:32,707 | DEBUG    | api_backfiller | [api_backfiller] Keine API-Precision für ID 6086 (NTRA). Equity-Fallback (2,2) wird von run_backfill() angewendet.
2026-10-04 18:23:32,707 | DEBUG    | api_backfiller | [api_backfiller] Keine API-Precision für ID 6168 (COIN). Equity-Fallback (2,2) wird von run_backfill() angewendet.
2026-10-04 18:23:32,707 | DEBUG    | api_backfiller | [api_backfiller] Keine API-Precision für ID 6554 (TXG). Equity-Fallback (2,2) wird von run_backfill() angewendet.
2026-10-04 18:23:32,707 | DEBUG    | api_backfiller | [api_backfiller] Keine API-Precision für ID 6654 (QS). Equity-Fallback (2,2) wird von run_backfill() angewendet.
2026-10-04 18:23:32,707 | DEBUG    | api_backfiller | [api_backfiller] Keine API-Precision für ID 6669 (DHT). Equity-Fallback (2,2) wird von run_backfill() angewendet.
2026-10-04 18:23:32,707 | DEBUG    | api_backfiller | [api_backfiller] Keine API-Precision für ID 6705 (FRO). Equity-Fallback (2,2) wird von run_backfill() angewendet.
2026-10-04 18:23:32,707 | DEBUG    | api_backfiller | [api_backfiller] Keine API-Precision für ID 6904 (CPNG). Equity-Fallback (2,2) wird von run_backfill() angewendet.
2026-10-04 18:23:32,707 | DEBUG    | api_backfiller | [api_backfiller] Keine API-Precision für ID 8632 (UPST). Equity-Fallback (2,2) wird von run_backfill() angewendet.
2026-10-04 18:23:32,707 | DEBUG    | api_backfiller | [api_backfiller] Keine API-Precision für ID 8637 (DUOL). Equity-Fallback (2,2) wird von run_backfill() angewendet.
2026-10-04 18:23:32,707 | DEBUG    | api_backfiller | [api_backfiller] Keine API-Precision für ID 8925 (CELH). Equity-Fallback (2,2) wird von run_backfill() angewendet.
2026-10-04 18:23:32,707 | DEBUG    | api_backfiller | [api_backfiller] Keine API-Precision für ID 9123 (RLAY). Equity-Fallback (2,2) wird von run_backfill() angewendet.
2026-10-04 18:23:32,707 | DEBUG    | api_backfiller | [api_backfiller] Keine API-Precision für ID 9250 (GRAB). Equity-Fallback (2,2) wird von run_backfill() angewendet.
2026-10-04 18:23:32,707 | DEBUG    | api_backfiller | [api_backfiller] Keine API-Precision für ID 9271 (MNDY). Equity-Fallback (2,2) wird von run_backfill() angewendet.
2026-10-04 18:23:32,707 | DEBUG    | api_backfiller | [api_backfiller] Keine API-Precision für ID 10829 (SN). Equity-Fallback (2,2) wird von run_backfill() angewendet.
2026-10-04 18:23:32,707 | DEBUG    | api_backfiller | [api_backfiller] Keine API-Precision für ID 10968 (DFTX). Equity-Fallback (2,2) wird von run_backfill() angewendet.
2026-10-04 18:23:33,305 | DEBUG    | api_backfiller | [api_backfiller] Raw API response (first 500 chars): {'instrumentDisplayDatas': [{'instrumentID': 1012, 'instrumentDisplayName': 'Caterpillar', 'instrumentTypeID': 5, 'exchangeID': 5, 'images': [{'instrumentID': 1012, 'width': 50.0, 'height': 50.0, 'uri': 'https://etoro-cdn.etorostatic.com/market-avatars/cat/50x50.png'}, {'instrumentID': 1012, 'width': 150.0, 'height': 150.0, 'uri': 'https://etoro-cdn.etorostatic.com/market-avatars/cat/150x150.png'}, {'instrumentID': 1012, 'width': 35.0, 'height': 35.0, 'uri': 'https://etoro-cdn.etorostatic.com/ma
2026-10-04 18:23:33,305 | DEBUG    | api_backfiller | [api_backfiller] Keine API-Precision für ID 1012 (CAT). Equity-Fallback (2,2) wird von run_backfill() angewendet.
2026-10-04 18:23:33,305 | DEBUG    | api_backfiller | [api_backfiller] Keine API-Precision für ID 1022 (JNJ). Equity-Fallback (2,2) wird von run_backfill() angewendet.
2026-10-04 18:23:33,305 | DEBUG    | api_backfiller | [api_backfiller] Keine API-Precision für ID 1102 (PBR). Equity-Fallback (2,2) wird von run_backfill() angewendet.
2026-10-04 18:23:33,306 | DEBUG    | api_backfiller | [api_backfiller] Keine API-Precision für ID 1111 (TSLA). Equity-Fallback (2,2) wird von run_backfill() angewendet.
2026-10-04 18:23:33,306 | DEBUG    | api_backfiller | [api_backfiller] Keine API-Precision für ID 1126 (ADBE). Equity-Fallback (2,2) wird von run_backfill() angewendet.
2026-10-04 18:23:33,306 | DEBUG    | api_backfiller | [api_backfiller] Keine API-Precision für ID 1129 (WDC). Equity-Fallback (2,2) wird von run_backfill() angewendet.
2026-10-04 18:23:33,306 | DEBUG    | api_backfiller | [api_backfiller] Keine API-Precision für ID 1130 (MU). Equity-Fallback (2,2) wird von run_backfill() angewendet.
2026-10-04 18:23:33,306 | DEBUG    | api_backfiller | [api_backfiller] Keine API-Precision für ID 1137 (NVDA). Equity-Fallback (2,2) wird von run_backfill() angewendet.
2026-10-04 18:23:33,306 | DEBUG    | api_backfiller | [api_backfiller] Keine API-Precision für ID 1160 (WIX). Equity-Fallback (2,2) wird von run_backfill() angewendet.
2026-10-04 18:23:33,306 | DEBUG    | api_backfiller | [api_backfiller] Keine API-Precision für ID 1184 (PINS). Equity-Fallback (2,2) wird von run_backfill() angewendet.
2026-10-04 18:23:33,306 | DEBUG    | api_backfiller | [api_backfiller] Keine API-Precision für ID 1402 (ROP.ZU). Equity-Fallback (2,2) wird von run_backfill() angewendet.
2026-10-04 18:23:33,306 | DEBUG    | api_backfiller | [api_backfiller] Keine API-Precision für ID 1450 (ACN). Equity-Fallback (2,2) wird von run_backfill() angewendet.
2026-10-04 18:23:33,306 | DEBUG    | api_backfiller | [api_backfiller] Keine API-Precision für ID 1531 (HAL). Equity-Fallback (2,2) wird von run_backfill() angewendet.
2026-10-04 18:23:33,306 | DEBUG    | api_backfiller | [api_backfiller] Keine API-Precision für ID 1687 (GLW). Equity-Fallback (2,2) wird von run_backfill() angewendet.
2026-10-04 18:23:33,306 | DEBUG    | api_backfiller | [api_backfiller] Keine API-Precision für ID 1704 (CHTR). Equity-Fallback (2,2) wird von run_backfill() angewendet.
2026-10-04 18:23:33,306 | DEBUG    | api_backfiller | [api_backfiller] Keine API-Precision für ID 1839 (CRM). Equity-Fallback (2,2) wird von run_backfill() angewendet.
2026-10-04 18:23:33,306 | DEBUG    | api_backfiller | [api_backfiller] Keine API-Precision für ID 1905 (MTZ). Equity-Fallback (2,2) wird von run_backfill() angewendet.
2026-10-04 18:23:33,306 | DEBUG    | api_backfiller | [api_backfiller] Keine API-Precision für ID 1906 (LRCX). Equity-Fallback (2,2) wird von run_backfill() angewendet.
2026-10-04 18:23:33,306 | DEBUG    | api_backfiller | [api_backfiller] Keine API-Precision für ID 1945 (CMG). Equity-Fallback (2,2) wird von run_backfill() angewendet.
2026-10-04 18:23:33,306 | DEBUG    | api_backfiller | [api_backfiller] Keine API-Precision für ID 1979 (SNAP). Equity-Fallback (2,2) wird von run_backfill() angewendet.
2026-10-04 18:23:33,306 | DEBUG    | api_backfiller | [api_backfiller] Keine API-Precision für ID 2380 (01211.HK). Equity-Fallback (2,2) wird von run_backfill() angewendet.
2026-10-04 18:23:33,306 | DEBUG    | api_backfiller | [api_backfiller] Keine API-Precision für ID 2587 (RHM.DE). Equity-Fallback (2,2) wird von run_backfill() angewendet.
2026-10-04 18:23:33,306 | DEBUG    | api_backfiller | [api_backfiller] ID 3208: price_precision via historischem Fallback=5
2026-10-04 18:23:33,306 | DEBUG    | api_backfiller | [api_backfiller] ID 3208: size_precision via historischem Fallback=5
2026-10-04 18:23:33,306 | DEBUG    | api_backfiller | [api_backfiller] ID 3208 (PALL): price_prec=5, size_prec=5
2026-10-04 18:23:33,306 | DEBUG    | api_backfiller | [api_backfiller] Keine API-Precision für ID 4067 (GSAT). Equity-Fallback (2,2) wird von run_backfill() angewendet.
2026-10-04 18:23:33,306 | DEBUG    | api_backfiller | [api_backfiller] Keine API-Precision für ID 4074 (HUBS). Equity-Fallback (2,2) wird von run_backfill() angewendet.
2026-10-04 18:23:33,306 | DEBUG    | api_backfiller | [api_backfiller] Keine API-Precision für ID 4232 (NVS). Equity-Fallback (2,2) wird von run_backfill() angewendet.
2026-10-04 18:23:33,306 | DEBUG    | api_backfiller | [api_backfiller] Keine API-Precision für ID 4260 (NOW). Equity-Fallback (2,2) wird von run_backfill() angewendet.
2026-10-04 18:23:33,306 | DEBUG    | api_backfiller | [api_backfiller] Keine API-Precision für ID 4263 (WDAY). Equity-Fallback (2,2) wird von run_backfill() angewendet.
2026-10-04 18:23:33,306 | DEBUG    | api_backfiller | [api_backfiller] Keine API-Precision für ID 4286 (TEAM). Equity-Fallback (2,2) wird von run_backfill() angewendet.
2026-10-04 18:23:33,306 | DEBUG    | api_backfiller | [api_backfiller] Keine API-Precision für ID 4398 (DOCU). Equity-Fallback (2,2) wird von run_backfill() angewendet.
2026-10-04 18:23:33,306 | DEBUG    | api_backfiller | [api_backfiller] Keine API-Precision für ID 4403 (ZS). Equity-Fallback (2,2) wird von run_backfill() angewendet.
2026-10-04 18:23:33,306 | DEBUG    | api_backfiller | [api_backfiller] Keine API-Precision für ID 4421 (CIEN). Equity-Fallback (2,2) wird von run_backfill() angewendet.
2026-10-04 18:23:33,306 | DEBUG    | api_backfiller | [api_backfiller] Keine API-Precision für ID 5045 (FSLY). Equity-Fallback (2,2) wird von run_backfill() angewendet.
2026-10-04 18:23:33,306 | DEBUG    | api_backfiller | [api_backfiller] Keine API-Precision für ID 5635 (EEFT). Equity-Fallback (2,2) wird von run_backfill() angewendet.
2026-10-04 18:23:33,306 | DEBUG    | api_backfiller | [api_backfiller] Keine API-Precision für ID 6094 (COHR). Equity-Fallback (2,2) wird von run_backfill() angewendet.
2026-10-04 18:23:33,306 | DEBUG    | api_backfiller | [api_backfiller] Keine API-Precision für ID 6270 (RIOT). Equity-Fallback (2,2) wird von run_backfill() angewendet.
2026-10-04 18:23:33,306 | DEBUG    | api_backfiller | [api_backfiller] Keine API-Precision für ID 6434 (GOOGL). Equity-Fallback (2,2) wird von run_backfill() angewendet.
2026-10-04 18:23:33,306 | DEBUG    | api_backfiller | [api_backfiller] Keine API-Precision für ID 6552 (TSEM). Equity-Fallback (2,2) wird von run_backfill() angewendet.
2026-10-04 18:23:33,306 | DEBUG    | api_backfiller | [api_backfiller] Keine API-Precision für ID 6584 (AG). Equity-Fallback (2,2) wird von run_backfill() angewendet.
2026-10-04 18:23:33,306 | DEBUG    | api_backfiller | [api_backfiller] Keine API-Precision für ID 6700 (XPEV). Equity-Fallback (2,2) wird von run_backfill() angewendet.
2026-10-04 18:23:33,306 | DEBUG    | api_backfiller | [api_backfiller] Keine API-Precision für ID 6940 (SQM). Equity-Fallback (2,2) wird von run_backfill() angewendet.
2026-10-04 18:23:33,306 | DEBUG    | api_backfiller | [api_backfiller] Keine API-Precision für ID 7991 (PLTR). Equity-Fallback (2,2) wird von run_backfill() angewendet.
2026-10-04 18:23:33,306 | DEBUG    | api_backfiller | [api_backfiller] Keine API-Precision für ID 8585 (GTLB). Equity-Fallback (2,2) wird von run_backfill() angewendet.
2026-10-04 18:23:33,306 | DEBUG    | api_backfiller | [api_backfiller] Keine API-Precision für ID 8611 (WBD). Equity-Fallback (2,2) wird von run_backfill() angewendet.
2026-10-04 18:23:33,306 | DEBUG    | api_backfiller | [api_backfiller] Keine API-Precision für ID 8638 (E). Equity-Fallback (2,2) wird von run_backfill() angewendet.
2026-10-04 18:23:33,306 | DEBUG    | api_backfiller | [api_backfiller] Keine API-Precision für ID 8671 (HUT). Equity-Fallback (2,2) wird von run_backfill() angewendet.
2026-10-04 18:23:33,306 | DEBUG    | api_backfiller | [api_backfiller] Keine API-Precision für ID 8867 (VRT). Equity-Fallback (2,2) wird von run_backfill() angewendet.
2026-10-04 18:23:33,306 | DEBUG    | api_backfiller | [api_backfiller] Keine API-Precision für ID 9077 (FICO). Equity-Fallback (2,2) wird von run_backfill() angewendet.
2026-10-04 18:23:33,306 | DEBUG    | api_backfiller | [api_backfiller] Keine API-Precision für ID 9119 (INSM). Equity-Fallback (2,2) wird von run_backfill() angewendet.
2026-10-04 18:23:33,306 | DEBUG    | api_backfiller | [api_backfiller] ID 100303: price_precision via historischem Fallback=8
2026-10-04 18:23:33,306 | DEBUG    | api_backfiller | [api_backfiller] ID 100303: size_precision via historischem Fallback=8
2026-10-04 18:23:33,306 | DEBUG    | api_backfiller | [api_backfiller] ID 100303 (PEPExM): price_prec=8, size_prec=8
2026-10-04 18:23:33,901 | DEBUG    | api_backfiller | [api_backfiller] Raw API response (first 500 chars): {'instrumentDisplayDatas': [{'instrumentID': 1002, 'instrumentDisplayName': 'Alphabet', 'instrumentTypeID': 5, 'exchangeID': 4, 'images': [{'instrumentID': 1002, 'width': 35.0, 'height': 35.0, 'uri': 'https://etoro-cdn.etorostatic.com/market-avatars/goog/35x35.png'}, {'instrumentID': 1002, 'width': 80.0, 'height': 80.0, 'uri': '/medium/Google.png'}, {'instrumentID': 1002, 'width': 50.0, 'height': 50.0, 'uri': 'https://etoro-cdn.etorostatic.com/market-avatars/goog/50x50.png'}, {'instrumentID': 10
2026-10-04 18:23:33,901 | DEBUG    | api_backfiller | [api_backfiller] Keine API-Precision für ID 1002 (GOOG). Equity-Fallback (2,2) wird von run_backfill() angewendet.
2026-10-04 18:23:33,901 | DEBUG    | api_backfiller | [api_backfiller] Keine API-Precision für ID 1115 (NOK). Equity-Fallback (2,2) wird von run_backfill() angewendet.
2026-10-04 18:23:33,901 | DEBUG    | api_backfiller | [api_backfiller] Keine API-Precision für ID 1138 (FDX). Equity-Fallback (2,2) wird von run_backfill() angewendet.
2026-10-04 18:23:33,901 | DEBUG    | api_backfiller | [api_backfiller] Keine API-Precision für ID 1341 (GEV). Equity-Fallback (2,2) wird von run_backfill() angewendet.
2026-10-04 18:23:33,901 | DEBUG    | api_backfiller | [api_backfiller] Keine API-Precision für ID 1484 (PYPL). Equity-Fallback (2,2) wird von run_backfill() angewendet.
2026-10-04 18:23:33,901 | DEBUG    | api_backfiller | [api_backfiller] Keine API-Precision für ID 1552 (ABT.US). Equity-Fallback (2,2) wird von run_backfill() angewendet.
2026-10-04 18:23:33,901 | DEBUG    | api_backfiller | [api_backfiller] Keine API-Precision für ID 1567 (LLY). Equity-Fallback (2,2) wird von run_backfill() angewendet.
2026-10-04 18:23:33,901 | DEBUG    | api_backfiller | [api_backfiller] Keine API-Precision für ID 1585 (GIS). Equity-Fallback (2,2) wird von run_backfill() angewendet.
2026-10-04 18:23:33,901 | DEBUG    | api_backfiller | [api_backfiller] Keine API-Precision für ID 1586 (CAG). Equity-Fallback (2,2) wird von run_backfill() angewendet.
2026-10-04 18:23:33,901 | DEBUG    | api_backfiller | [api_backfiller] Keine API-Precision für ID 1706 (AMAT). Equity-Fallback (2,2) wird von run_backfill() angewendet.
2026-10-04 18:23:33,901 | DEBUG    | api_backfiller | [api_backfiller] Keine API-Precision für ID 1886 (Z). Equity-Fallback (2,2) wird von run_backfill() angewendet.
2026-10-04 18:23:33,901 | DEBUG    | api_backfiller | [api_backfiller] Keine API-Precision für ID 2474 (PSN.US). Equity-Fallback (2,2) wird von run_backfill() angewendet.
2026-10-04 18:23:33,901 | DEBUG    | api_backfiller | [api_backfiller] Keine API-Precision für ID 2485 (ENLT). Equity-Fallback (2,2) wird von run_backfill() angewendet.
2026-10-04 18:23:33,901 | DEBUG    | api_backfiller | [api_backfiller] Keine API-Precision für ID 4046 (DPZ). Equity-Fallback (2,2) wird von run_backfill() angewendet.
2026-10-04 18:23:33,901 | DEBUG    | api_backfiller | [api_backfiller] Keine API-Precision für ID 4087 (JAZZ). Equity-Fallback (2,2) wird von run_backfill() angewendet.
2026-10-04 18:23:33,901 | DEBUG    | api_backfiller | [api_backfiller] Keine API-Precision für ID 4244 (ASML). Equity-Fallback (2,2) wird von run_backfill() angewendet.
2026-10-04 18:23:33,901 | DEBUG    | api_backfiller | [api_backfiller] Keine API-Precision für ID 4272 (CCL). Equity-Fallback (2,2) wird von run_backfill() angewendet.
2026-10-04 18:23:33,901 | DEBUG    | api_backfiller | [api_backfiller] Keine API-Precision für ID 4336 (TEVA). Equity-Fallback (2,2) wird von run_backfill() angewendet.
2026-10-04 18:23:33,901 | DEBUG    | api_backfiller | [api_backfiller] Keine API-Precision für ID 4358 (MRVL). Equity-Fallback (2,2) wird von run_backfill() angewendet.
2026-10-04 18:23:33,901 | DEBUG    | api_backfiller | [api_backfiller] Keine API-Precision für ID 5491 (ASX). Equity-Fallback (2,2) wird von run_backfill() angewendet.
2026-10-04 18:23:33,901 | DEBUG    | api_backfiller | [api_backfiller] Keine API-Precision für ID 5505 (CHWY). Equity-Fallback (2,2) wird von run_backfill() angewendet.
2026-10-04 18:23:33,901 | DEBUG    | api_backfiller | [api_backfiller] Keine API-Precision für ID 5641 (PODD). Equity-Fallback (2,2) wird von run_backfill() angewendet.
2026-10-04 18:23:33,901 | DEBUG    | api_backfiller | [api_backfiller] Keine API-Precision für ID 5657 (SMTC). Equity-Fallback (2,2) wird von run_backfill() angewendet.
2026-10-04 18:23:33,901 | DEBUG    | api_backfiller | [api_backfiller] Keine API-Precision für ID 5997 (ARWR). Equity-Fallback (2,2) wird von run_backfill() angewendet.
2026-10-04 18:23:33,901 | DEBUG    | api_backfiller | [api_backfiller] Keine API-Precision für ID 6071 (AXON). Equity-Fallback (2,2) wird von run_backfill() angewendet.
2026-10-04 18:23:33,901 | DEBUG    | api_backfiller | [api_backfiller] Keine API-Precision für ID 6314 (AXSM). Equity-Fallback (2,2) wird von run_backfill() angewendet.
2026-10-04 18:23:33,901 | DEBUG    | api_backfiller | [api_backfiller] Keine API-Precision für ID 6459 (LSCC). Equity-Fallback (2,2) wird von run_backfill() angewendet.
2026-10-04 18:23:33,901 | DEBUG    | api_backfiller | [api_backfiller] Keine API-Precision für ID 6473 (MSTR). Equity-Fallback (2,2) wird von run_backfill() angewendet.
2026-10-04 18:23:33,901 | DEBUG    | api_backfiller | [api_backfiller] Keine API-Precision für ID 6525 (RVMD). Equity-Fallback (2,2) wird von run_backfill() angewendet.
2026-10-04 18:23:33,901 | DEBUG    | api_backfiller | [api_backfiller] Keine API-Precision für ID 6549 (TER). Equity-Fallback (2,2) wird von run_backfill() angewendet.
2026-10-04 18:23:33,901 | DEBUG    | api_backfiller | [api_backfiller] Keine API-Precision für ID 6662 (CVE). Equity-Fallback (2,2) wird von run_backfill() angewendet.
2026-10-04 18:23:33,901 | DEBUG    | api_backfiller | [api_backfiller] Keine API-Precision für ID 6681 (ELF). Equity-Fallback (2,2) wird von run_backfill() angewendet.
2026-10-04 18:23:33,901 | DEBUG    | api_backfiller | [api_backfiller] Keine API-Precision für ID 6804 (ONTO). Equity-Fallback (2,2) wird von run_backfill() angewendet.
2026-10-04 18:23:33,901 | DEBUG    | api_backfiller | [api_backfiller] Keine API-Precision für ID 6844 (NVO). Equity-Fallback (2,2) wird von run_backfill() angewendet.
2026-10-04 18:23:33,901 | DEBUG    | api_backfiller | [api_backfiller] Keine API-Precision für ID 6870 (TD). Equity-Fallback (2,2) wird von run_backfill() angewendet.
2026-10-04 18:23:33,901 | DEBUG    | api_backfiller | [api_backfiller] Keine API-Precision für ID 6916 (RBLX). Equity-Fallback (2,2) wird von run_backfill() angewendet.
2026-10-04 18:23:33,901 | DEBUG    | api_backfiller | [api_backfiller] Keine API-Precision für ID 7852 (AMKR). Equity-Fallback (2,2) wird von run_backfill() angewendet.
2026-10-04 18:23:33,901 | DEBUG    | api_backfiller | [api_backfiller] Keine API-Precision für ID 7990 (DKNG). Equity-Fallback (2,2) wird von run_backfill() angewendet.
2026-10-04 18:23:33,901 | DEBUG    | api_backfiller | [api_backfiller] Keine API-Precision für ID 8604 (KD). Equity-Fallback (2,2) wird von run_backfill() angewendet.
2026-10-04 18:23:33,901 | DEBUG    | api_backfiller | [api_backfiller] Keine API-Precision für ID 8927 (TWST). Equity-Fallback (2,2) wird von run_backfill() angewendet.
2026-10-04 18:23:34,402 | INFO     | api_backfiller | [api_backfiller] Precision-Auflösung abgeschlossen: 5 direkt via API, 0 via Symbol-Fallback (_fallback_precisions), 135 Equities erhalten (2,2) in run_backfill().
2026-10-04 18:23:34,403 | INFO     | historical_fetcher | [historical_fetcher] Precisions via API/Fallback: 5 geladen (restliche via Standard-Equity-Fallback).
2026-10-04 18:23:34,405 | INFO     | historical_fetcher | [01211.HK.ETORO] Delta-Update: Fetch ab 2025-12-22T05:59:59+00:00 rückwärts bis 2025-08-10T16:23:32.334626+00:00
2026-10-04 18:23:34,526 | DEBUG    | historical_fetcher | [01211.HK.ETORO] OneHour: 1000 Candles, älteste: 2026-01-26T05:00:00+00:00
2026-10-04 18:23:35,777 | DEBUG    | historical_fetcher | [01211.HK.ETORO] OneHour: 999 Candles, älteste: 2026-01-26T06:00:00+00:00
2026-10-04 18:23:37,002 | INFO     | historical_fetcher | [01211.HK.ETORO] Historische Tiefe für OneHour erreicht.
2026-10-04 18:23:37,117 | DEBUG    | historical_fetcher | [01211.HK.ETORO] OneDay: 1000 Candles, älteste: 2022-08-02T00:00:00+00:00
2026-10-04 18:23:38,218 | INFO     | historical_fetcher | [01211.HK.ETORO] Ziel-Startdatum mit OneDay erreicht.
2026-10-04 18:23:38,234 | INFO     | historical_fetcher | [01211.HK.ETORO] OneHour: 7996 Ticks → speichere (price_prec=2).
2026-10-04 18:23:38,238 | DEBUG    | historical_fetcher | [api_backfiller] 01211.HK.ETORO: 12496→4500 Zeilen (-7996 Duplikate)
2026-10-04 18:23:38,241 | INFO     | historical_fetcher | [api_backfiller] 01211.HK.ETORO: 4500 Zeilen gespeichert (price_prec=2, size_prec=2) → /home/minisforum/etoro_nautilus/data/nautilus/data/quote_tick/01211.HK.ETORO/OneHour/data.parquet
2026-10-04 18:23:38,245 | INFO     | historical_fetcher | [01211.HK.ETORO] OneDay: 1112 Ticks → speichere (price_prec=2).
2026-10-04 18:23:38,248 | DEBUG    | historical_fetcher | [api_backfiller] 01211.HK.ETORO: 4012→2900 Zeilen (-1112 Duplikate)
2026-10-04 18:23:38,250 | INFO     | historical_fetcher | [api_backfiller] 01211.HK.ETORO: 2900 Zeilen gespeichert (price_prec=2, size_prec=2) → /home/minisforum/etoro_nautilus/data/nautilus/data/quote_tick/01211.HK.ETORO/OneDay/data.parquet
2026-10-04 18:23:39,353 | INFO     | historical_fetcher | [ABT.US.ETORO] Delta-Update: Fetch ab 2026-07-01T21:59:59+00:00 rückwärts bis 2025-08-10T16:23:32.334626+00:00
2026-10-04 18:23:39,494 | DEBUG    | historical_fetcher | [ABT.US.ETORO] OneHour: 1000 Candles, älteste: 2026-07-31T02:00:00+00:00
2026-10-04 18:23:40,717 | INFO     | historical_fetcher | [ABT.US.ETORO] Historische Tiefe für OneHour erreicht.
2026-10-04 18:23:40,848 | DEBUG    | historical_fetcher | [ABT.US.ETORO] OneDay: 1000 Candles, älteste: 2022-09-02T00:00:00+00:00
2026-10-04 18:23:41,950 | INFO     | historical_fetcher | [ABT.US.ETORO] Ziel-Startdatum mit OneDay erreicht.
2026-10-04 18:23:41,958 | INFO     | historical_fetcher | [ABT.US.ETORO] OneHour: 4000 Ticks → speichere (price_prec=2).
2026-10-04 18:23:41,963 | DEBUG    | historical_fetcher | [api_backfiller] ABT.US.ETORO: 9856→5856 Zeilen (-4000 Duplikate)
2026-10-04 18:23:41,967 | INFO     | historical_fetcher | [api_backfiller] ABT.US.ETORO: 5856 Zeilen gespeichert (price_prec=2, size_prec=2) → /home/minisforum/etoro_nautilus/data/nautilus/data/quote_tick/ABT.US.ETORO/OneHour/data.parquet
2026-10-04 18:23:41,970 | INFO     | historical_fetcher | [ABT.US.ETORO] OneDay: 1156 Ticks → speichere (price_prec=2).
2026-10-04 18:23:41,973 | DEBUG    | historical_fetcher | [api_backfiller] ABT.US.ETORO: 4120→2964 Zeilen (-1156 Duplikate)
2026-10-04 18:23:41,974 | INFO     | historical_fetcher | [api_backfiller] ABT.US.ETORO: 2964 Zeilen gespeichert (price_prec=2, size_prec=2) → /home/minisforum/etoro_nautilus/data/nautilus/data/quote_tick/ABT.US.ETORO/OneDay/data.parquet
2026-10-04 18:23:43,078 | INFO     | historical_fetcher | [ACN.ETORO] Delta-Update: Fetch ab 2026-07-01T19:59:59+00:00 rückwärts bis 2025-08-10T16:23:32.334626+00:00
2026-10-04 18:23:43,200 | DEBUG    | historical_fetcher | [ACN.ETORO] OneHour: 1000 Candles, älteste: 2026-07-29T13:00:00+00:00
2026-10-04 18:23:44,435 | INFO     | historical_fetcher | [ACN.ETORO] Historische Tiefe für OneHour erreicht.
2026-10-04 18:23:44,609 | DEBUG    | historical_fetcher | [ACN.ETORO] OneDay: 1000 Candles, älteste: 2022-09-02T00:00:00+00:00
2026-10-04 18:23:45,710 | INFO     | historical_fetcher | [ACN.ETORO] Ziel-Startdatum mit OneDay erreicht.
2026-10-04 18:23:45,721 | INFO     | historical_fetcher | [ACN.ETORO] OneHour: 4000 Ticks → speichere (price_prec=2).
2026-10-04 18:23:45,727 | DEBUG    | historical_fetcher | [api_backfiller] ACN.ETORO: 9736→5736 Zeilen (-4000 Duplikate)
2026-10-04 18:23:45,730 | INFO     | historical_fetcher | [api_backfiller] ACN.ETORO: 5736 Zeilen gespeichert (price_prec=2, size_prec=2) → /home/minisforum/etoro_nautilus/data/nautilus/data/quote_tick/ACN.ETORO/OneHour/data.parquet
2026-10-04 18:23:45,734 | INFO     | historical_fetcher | [ACN.ETORO] OneDay: 1156 Ticks → speichere (price_prec=2).
2026-10-04 18:23:45,736 | DEBUG    | historical_fetcher | [api_backfiller] ACN.ETORO: 4120→2964 Zeilen (-1156 Duplikate)
2026-10-04 18:23:45,738 | INFO     | historical_fetcher | [api_backfiller] ACN.ETORO: 2964 Zeilen gespeichert (price_prec=2, size_prec=2) → /home/minisforum/etoro_nautilus/data/nautilus/data/quote_tick/ACN.ETORO/OneDay/data.parquet
2026-10-04 18:23:46,841 | INFO     | historical_fetcher | [ADBE.ETORO] Delta-Update: Fetch ab 2026-07-02T15:59:59+00:00 rückwärts bis 2025-08-10T16:23:32.334626+00:00
2026-10-04 18:23:46,967 | DEBUG    | historical_fetcher | [ADBE.ETORO] OneHour: 1000 Candles, älteste: 2026-08-03T20:00:00+00:00
2026-10-04 18:23:48,198 | INFO     | historical_fetcher | [ADBE.ETORO] Historische Tiefe für OneHour erreicht.
2026-10-04 18:23:48,322 | DEBUG    | historical_fetcher | [ADBE.ETORO] OneDay: 1000 Candles, älteste: 2022-09-02T00:00:00+00:00
2026-10-04 18:23:49,423 | INFO     | historical_fetcher | [ADBE.ETORO] Ziel-Startdatum mit OneDay erreicht.
2026-10-04 18:23:49,433 | INFO     | historical_fetcher | [ADBE.ETORO] OneHour: 4000 Ticks → speichere (price_prec=2).
2026-10-04 18:23:49,437 | DEBUG    | historical_fetcher | [api_backfiller] ADBE.ETORO: 9952→5952 Zeilen (-4000 Duplikate)
2026-10-04 18:23:49,439 | INFO     | historical_fetcher | [api_backfiller] ADBE.ETORO: 5952 Zeilen gespeichert (price_prec=2, size_prec=2) → /home/minisforum/etoro_nautilus/data/nautilus/data/quote_tick/ADBE.ETORO/OneHour/data.parquet
2026-10-04 18:23:49,442 | INFO     | historical_fetcher | [ADBE.ETORO] OneDay: 1156 Ticks → speichere (price_prec=2).
2026-10-04 18:23:49,444 | DEBUG    | historical_fetcher | [api_backfiller] ADBE.ETORO: 4120→2964 Zeilen (-1156 Duplikate)
2026-10-04 18:23:49,446 | INFO     | historical_fetcher | [api_backfiller] ADBE.ETORO: 2964 Zeilen gespeichert (price_prec=2, size_prec=2) → /home/minisforum/etoro_nautilus/data/nautilus/data/quote_tick/ADBE.ETORO/OneDay/data.parquet
2026-10-04 18:23:50,550 | INFO     | historical_fetcher | [AG.ETORO] Delta-Update: Fetch ab 2026-02-06T13:59:59+00:00 rückwärts bis 2025-08-10T16:23:32.334626+00:00
2026-10-04 18:23:50,683 | DEBUG    | historical_fetcher | [AG.ETORO] OneHour: 1000 Candles, älteste: 2026-03-10T16:00:00+00:00
2026-10-04 18:23:51,912 | INFO     | historical_fetcher | [AG.ETORO] Historische Tiefe für OneHour erreicht.
2026-10-04 18:23:52,120 | DEBUG    | historical_fetcher | [AG.ETORO] OneDay: 1000 Candles, älteste: 2022-08-22T00:00:00+00:00
2026-10-04 18:23:53,220 | INFO     | historical_fetcher | [AG.ETORO] Ziel-Startdatum mit OneDay erreicht.
2026-10-04 18:23:53,228 | INFO     | historical_fetcher | [AG.ETORO] OneHour: 4000 Ticks → speichere (price_prec=2).
2026-10-04 18:23:53,232 | DEBUG    | historical_fetcher | [api_backfiller] AG.ETORO: 8592→4592 Zeilen (-4000 Duplikate)
2026-10-04 18:23:53,234 | INFO     | historical_fetcher | [api_backfiller] AG.ETORO: 4592 Zeilen gespeichert (price_prec=2, size_prec=2) → /home/minisforum/etoro_nautilus/data/nautilus/data/quote_tick/AG.ETORO/OneHour/data.parquet
2026-10-04 18:23:53,237 | INFO     | historical_fetcher | [AG.ETORO] OneDay: 1120 Ticks → speichere (price_prec=2).
2026-10-04 18:23:53,239 | DEBUG    | historical_fetcher | [api_backfiller] AG.ETORO: 4048→2928 Zeilen (-1120 Duplikate)
2026-10-04 18:23:53,240 | INFO     | historical_fetcher | [api_backfiller] AG.ETORO: 2928 Zeilen gespeichert (price_prec=2, size_prec=2) → /home/minisforum/etoro_nautilus/data/nautilus/data/quote_tick/AG.ETORO/OneDay/data.parquet
2026-10-04 18:23:54,343 | INFO     | historical_fetcher | [AMAT.ETORO] Delta-Update: Fetch ab 2026-07-02T18:59:59+00:00 rückwärts bis 2025-08-10T16:23:32.334626+00:00
2026-10-04 18:23:54,472 | DEBUG    | historical_fetcher | [AMAT.ETORO] OneHour: 1000 Candles, älteste: 2026-08-03T19:00:00+00:00
2026-10-04 18:23:55,696 | INFO     | historical_fetcher | [AMAT.ETORO] Historische Tiefe für OneHour erreicht.
2026-10-04 18:23:55,815 | DEBUG    | historical_fetcher | [AMAT.ETORO] OneDay: 1000 Candles, älteste: 2022-09-02T00:00:00+00:00
2026-10-04 18:23:56,916 | INFO     | historical_fetcher | [AMAT.ETORO] Ziel-Startdatum mit OneDay erreicht.
2026-10-04 18:23:56,923 | INFO     | historical_fetcher | [AMAT.ETORO] OneHour: 4000 Ticks → speichere (price_prec=2).
2026-10-04 18:23:56,927 | DEBUG    | historical_fetcher | [api_backfiller] AMAT.ETORO: 9948→5948 Zeilen (-4000 Duplikate)
2026-10-04 18:23:56,929 | INFO     | historical_fetcher | [api_backfiller] AMAT.ETORO: 5948 Zeilen gespeichert (price_prec=2, size_prec=2) → /home/minisforum/etoro_nautilus/data/nautilus/data/quote_tick/AMAT.ETORO/OneHour/data.parquet
2026-10-04 18:23:56,932 | INFO     | historical_fetcher | [AMAT.ETORO] OneDay: 1156 Ticks → speichere (price_prec=2).
2026-10-04 18:23:56,934 | DEBUG    | historical_fetcher | [api_backfiller] AMAT.ETORO: 4120→2964 Zeilen (-1156 Duplikate)
2026-10-04 18:23:56,936 | INFO     | historical_fetcher | [api_backfiller] AMAT.ETORO: 2964 Zeilen gespeichert (price_prec=2, size_prec=2) → /home/minisforum/etoro_nautilus/data/nautilus/data/quote_tick/AMAT.ETORO/OneDay/data.parquet
2026-10-04 18:23:58,040 | INFO     | historical_fetcher | [AMD.ETORO] Delta-Update: Fetch ab 2026-07-02T17:59:59+00:00 rückwärts bis 2025-08-10T16:23:32.334626+00:00
2026-10-04 18:23:58,176 | DEBUG    | historical_fetcher | [AMD.ETORO] OneHour: 1000 Candles, älteste: 2026-08-03T20:00:00+00:00
2026-10-04 18:23:59,412 | INFO     | historical_fetcher | [AMD.ETORO] Historische Tiefe für OneHour erreicht.
2026-10-04 18:23:59,537 | DEBUG    | historical_fetcher | [AMD.ETORO] OneDay: 1000 Candles, älteste: 2022-09-02T00:00:00+00:00
2026-10-04 18:24:00,638 | INFO     | historical_fetcher | [AMD.ETORO] Ziel-Startdatum mit OneDay erreicht.
2026-10-04 18:24:00,644 | INFO     | historical_fetcher | [AMD.ETORO] OneHour: 4000 Ticks → speichere (price_prec=2).
2026-10-04 18:24:00,648 | DEBUG    | historical_fetcher | [api_backfiller] AMD.ETORO: 9956→5956 Zeilen (-4000 Duplikate)
2026-10-04 18:24:00,650 | INFO     | historical_fetcher | [api_backfiller] AMD.ETORO: 5956 Zeilen gespeichert (price_prec=2, size_prec=2) → /home/minisforum/etoro_nautilus/data/nautilus/data/quote_tick/AMD.ETORO/OneHour/data.parquet
2026-10-04 18:24:00,653 | INFO     | historical_fetcher | [AMD.ETORO] OneDay: 1156 Ticks → speichere (price_prec=2).
2026-10-04 18:24:00,655 | DEBUG    | historical_fetcher | [api_backfiller] AMD.ETORO: 4120→2964 Zeilen (-1156 Duplikate)
2026-10-04 18:24:00,656 | INFO     | historical_fetcher | [api_backfiller] AMD.ETORO: 2964 Zeilen gespeichert (price_prec=2, size_prec=2) → /home/minisforum/etoro_nautilus/data/nautilus/data/quote_tick/AMD.ETORO/OneDay/data.parquet
2026-10-04 18:24:01,760 | INFO     | historical_fetcher | [AMKR.ETORO] Delta-Update: Fetch ab 2026-02-06T13:59:59+00:00 rückwärts bis 2025-08-10T16:23:32.334626+00:00
2026-10-04 18:24:01,885 | DEBUG    | historical_fetcher | [AMKR.ETORO] OneHour: 1000 Candles, älteste: 2026-03-10T15:00:00+00:00
2026-10-04 18:24:03,127 | INFO     | historical_fetcher | [AMKR.ETORO] Historische Tiefe für OneHour erreicht.
2026-10-04 18:24:03,255 | DEBUG    | historical_fetcher | [AMKR.ETORO] OneDay: 1000 Candles, älteste: 2022-08-22T00:00:00+00:00
2026-10-04 18:24:04,356 | INFO     | historical_fetcher | [AMKR.ETORO] Ziel-Startdatum mit OneDay erreicht.
2026-10-04 18:24:04,365 | INFO     | historical_fetcher | [AMKR.ETORO] OneHour: 4000 Ticks → speichere (price_prec=2).
2026-10-04 18:24:04,369 | DEBUG    | historical_fetcher | [api_backfiller] AMKR.ETORO: 8592→4592 Zeilen (-4000 Duplikate)
2026-10-04 18:24:04,372 | INFO     | historical_fetcher | [api_backfiller] AMKR.ETORO: 4592 Zeilen gespeichert (price_prec=2, size_prec=2) → /home/minisforum/etoro_nautilus/data/nautilus/data/quote_tick/AMKR.ETORO/OneHour/data.parquet
2026-10-04 18:24:04,376 | INFO     | historical_fetcher | [AMKR.ETORO] OneDay: 1120 Ticks → speichere (price_prec=2).
2026-10-04 18:24:04,379 | DEBUG    | historical_fetcher | [api_backfiller] AMKR.ETORO: 4048→2928 Zeilen (-1120 Duplikate)
2026-10-04 18:24:04,381 | INFO     | historical_fetcher | [api_backfiller] AMKR.ETORO: 2928 Zeilen gespeichert (price_prec=2, size_prec=2) → /home/minisforum/etoro_nautilus/data/nautilus/data/quote_tick/AMKR.ETORO/OneDay/data.parquet
2026-10-04 18:24:05,486 | INFO     | historical_fetcher | [ARWR.ETORO] Delta-Update: Fetch ab 2026-02-06T13:59:59+00:00 rückwärts bis 2025-08-10T16:23:32.334626+00:00
2026-10-04 18:24:05,618 | DEBUG    | historical_fetcher | [ARWR.ETORO] OneHour: 1000 Candles, älteste: 2026-03-10T16:00:00+00:00
2026-10-04 18:24:06,835 | INFO     | historical_fetcher | [ARWR.ETORO] Historische Tiefe für OneHour erreicht.
2026-10-04 18:24:07,020 | DEBUG    | historical_fetcher | [ARWR.ETORO] OneDay: 1000 Candles, älteste: 2022-08-22T00:00:00+00:00
2026-10-04 18:24:08,121 | INFO     | historical_fetcher | [ARWR.ETORO] Ziel-Startdatum mit OneDay erreicht.
2026-10-04 18:24:08,127 | INFO     | historical_fetcher | [ARWR.ETORO] OneHour: 4000 Ticks → speichere (price_prec=2).
2026-10-04 18:24:08,132 | DEBUG    | historical_fetcher | [api_backfiller] ARWR.ETORO: 8592→4592 Zeilen (-4000 Duplikate)
2026-10-04 18:24:08,134 | INFO     | historical_fetcher | [api_backfiller] ARWR.ETORO: 4592 Zeilen gespeichert (price_prec=2, size_prec=2) → /home/minisforum/etoro_nautilus/data/nautilus/data/quote_tick/ARWR.ETORO/OneHour/data.parquet
2026-10-04 18:24:08,136 | INFO     | historical_fetcher | [ARWR.ETORO] OneDay: 1120 Ticks → speichere (price_prec=2).
2026-10-04 18:24:08,138 | DEBUG    | historical_fetcher | [api_backfiller] ARWR.ETORO: 4048→2928 Zeilen (-1120 Duplikate)
2026-10-04 18:24:08,140 | INFO     | historical_fetcher | [api_backfiller] ARWR.ETORO: 2928 Zeilen gespeichert (price_prec=2, size_prec=2) → /home/minisforum/etoro_nautilus/data/nautilus/data/quote_tick/ARWR.ETORO/OneDay/data.parquet
2026-10-04 18:24:09,243 | INFO     | historical_fetcher | [ASML.ETORO] Delta-Update: Fetch ab 2026-07-02T17:59:59+00:00 rückwärts bis 2025-08-10T16:23:32.334626+00:00
2026-10-04 18:24:09,368 | DEBUG    | historical_fetcher | [ASML.ETORO] OneHour: 1000 Candles, älteste: 2026-08-03T20:00:00+00:00
2026-10-04 18:24:10,591 | INFO     | historical_fetcher | [ASML.ETORO] Historische Tiefe für OneHour erreicht.
2026-10-04 18:24:10,709 | DEBUG    | historical_fetcher | [ASML.ETORO] OneDay: 1000 Candles, älteste: 2022-09-02T00:00:00+00:00
2026-10-04 18:24:11,810 | INFO     | historical_fetcher | [ASML.ETORO] Ziel-Startdatum mit OneDay erreicht.
2026-10-04 18:24:11,819 | INFO     | historical_fetcher | [ASML.ETORO] OneHour: 4000 Ticks → speichere (price_prec=2).
2026-10-04 18:24:11,824 | DEBUG    | historical_fetcher | [api_backfiller] ASML.ETORO: 9956→5956 Zeilen (-4000 Duplikate)
2026-10-04 18:24:11,827 | INFO     | historical_fetcher | [api_backfiller] ASML.ETORO: 5956 Zeilen gespeichert (price_prec=2, size_prec=2) → /home/minisforum/etoro_nautilus/data/nautilus/data/quote_tick/ASML.ETORO/OneHour/data.parquet
2026-10-04 18:24:11,831 | INFO     | historical_fetcher | [ASML.ETORO] OneDay: 1156 Ticks → speichere (price_prec=2).
2026-10-04 18:24:11,835 | DEBUG    | historical_fetcher | [api_backfiller] ASML.ETORO: 4120→2964 Zeilen (-1156 Duplikate)
2026-10-04 18:24:11,837 | INFO     | historical_fetcher | [api_backfiller] ASML.ETORO: 2964 Zeilen gespeichert (price_prec=2, size_prec=2) → /home/minisforum/etoro_nautilus/data/nautilus/data/quote_tick/ASML.ETORO/OneDay/data.parquet
2026-10-04 18:24:12,941 | INFO     | historical_fetcher | [ASX.ETORO] Delta-Update: Fetch ab 2026-02-05T17:59:59+00:00 rückwärts bis 2025-08-10T16:23:32.334626+00:00
2026-10-04 18:24:13,074 | DEBUG    | historical_fetcher | [ASX.ETORO] OneHour: 1000 Candles, älteste: 2026-03-10T13:00:00+00:00
2026-10-04 18:24:14,299 | INFO     | historical_fetcher | [ASX.ETORO] Historische Tiefe für OneHour erreicht.
2026-10-04 18:24:14,409 | DEBUG    | historical_fetcher | [ASX.ETORO] OneDay: 1000 Candles, älteste: 2022-08-22T00:00:00+00:00
2026-10-04 18:24:15,510 | INFO     | historical_fetcher | [ASX.ETORO] Ziel-Startdatum mit OneDay erreicht.
2026-10-04 18:24:15,517 | INFO     | historical_fetcher | [ASX.ETORO] OneHour: 4000 Ticks → speichere (price_prec=2).
2026-10-04 18:24:15,521 | DEBUG    | historical_fetcher | [api_backfiller] ASX.ETORO: 8592→4592 Zeilen (-4000 Duplikate)
2026-10-04 18:24:15,523 | INFO     | historical_fetcher | [api_backfiller] ASX.ETORO: 4592 Zeilen gespeichert (price_prec=2, size_prec=2) → /home/minisforum/etoro_nautilus/data/nautilus/data/quote_tick/ASX.ETORO/OneHour/data.parquet
2026-10-04 18:24:15,525 | INFO     | historical_fetcher | [ASX.ETORO] OneDay: 1120 Ticks → speichere (price_prec=2).
2026-10-04 18:24:15,528 | DEBUG    | historical_fetcher | [api_backfiller] ASX.ETORO: 4048→2928 Zeilen (-1120 Duplikate)
2026-10-04 18:24:15,530 | INFO     | historical_fetcher | [api_backfiller] ASX.ETORO: 2928 Zeilen gespeichert (price_prec=2, size_prec=2) → /home/minisforum/etoro_nautilus/data/nautilus/data/quote_tick/ASX.ETORO/OneDay/data.parquet
2026-10-04 18:24:16,634 | INFO     | historical_fetcher | [ATI.ETORO] Delta-Update: Fetch ab 2026-02-06T14:59:59+00:00 rückwärts bis 2025-08-10T16:23:32.334626+00:00
2026-10-04 18:24:16,769 | DEBUG    | historical_fetcher | [ATI.ETORO] OneHour: 1000 Candles, älteste: 2026-03-10T16:00:00+00:00
2026-10-04 18:24:18,022 | INFO     | historical_fetcher | [ATI.ETORO] Historische Tiefe für OneHour erreicht.
2026-10-04 18:24:18,144 | DEBUG    | historical_fetcher | [ATI.ETORO] OneDay: 1000 Candles, älteste: 2022-08-22T00:00:00+00:00
2026-10-04 18:24:19,245 | INFO     | historical_fetcher | [ATI.ETORO] Ziel-Startdatum mit OneDay erreicht.
2026-10-04 18:24:19,251 | INFO     | historical_fetcher | [ATI.ETORO] OneHour: 4000 Ticks → speichere (price_prec=2).
2026-10-04 18:24:19,255 | DEBUG    | historical_fetcher | [api_backfiller] ATI.ETORO: 8588→4588 Zeilen (-4000 Duplikate)
2026-10-04 18:24:19,257 | INFO     | historical_fetcher | [api_backfiller] ATI.ETORO: 4588 Zeilen gespeichert (price_prec=2, size_prec=2) → /home/minisforum/etoro_nautilus/data/nautilus/data/quote_tick/ATI.ETORO/OneHour/data.parquet
2026-10-04 18:24:19,260 | INFO     | historical_fetcher | [ATI.ETORO] OneDay: 1120 Ticks → speichere (price_prec=2).
2026-10-04 18:24:19,262 | DEBUG    | historical_fetcher | [api_backfiller] ATI.ETORO: 4048→2928 Zeilen (-1120 Duplikate)
2026-10-04 18:24:19,264 | INFO     | historical_fetcher | [api_backfiller] ATI.ETORO: 2928 Zeilen gespeichert (price_prec=2, size_prec=2) → /home/minisforum/etoro_nautilus/data/nautilus/data/quote_tick/ATI.ETORO/OneDay/data.parquet
2026-10-04 18:24:20,368 | INFO     | historical_fetcher | [AXON.ETORO] Delta-Update: Fetch ab 2026-06-25T01:59:59+00:00 rückwärts bis 2025-08-10T16:23:32.334626+00:00
2026-10-04 18:24:20,495 | DEBUG    | historical_fetcher | [AXON.ETORO] OneHour: 1000 Candles, älteste: 2026-07-23T16:00:00+00:00
2026-10-04 18:24:21,700 | INFO     | historical_fetcher | [AXON.ETORO] Historische Tiefe für OneHour erreicht.
2026-10-04 18:24:21,820 | DEBUG    | historical_fetcher | [AXON.ETORO] OneDay: 1000 Candles, älteste: 2022-09-02T00:00:00+00:00
2026-10-04 18:24:22,921 | INFO     | historical_fetcher | [AXON.ETORO] Ziel-Startdatum mit OneDay erreicht.
2026-10-04 18:24:22,927 | INFO     | historical_fetcher | [AXON.ETORO] OneHour: 4000 Ticks → speichere (price_prec=2).
2026-10-04 18:24:22,931 | DEBUG    | historical_fetcher | [api_backfiller] AXON.ETORO: 9628→5628 Zeilen (-4000 Duplikate)
2026-10-04 18:24:22,933 | INFO     | historical_fetcher | [api_backfiller] AXON.ETORO: 5628 Zeilen gespeichert (price_prec=2, size_prec=2) → /home/minisforum/etoro_nautilus/data/nautilus/data/quote_tick/AXON.ETORO/OneHour/data.parquet
2026-10-04 18:24:22,935 | INFO     | historical_fetcher | [AXON.ETORO] OneDay: 1156 Ticks → speichere (price_prec=2).
2026-10-04 18:24:22,937 | DEBUG    | historical_fetcher | [api_backfiller] AXON.ETORO: 4120→2964 Zeilen (-1156 Duplikate)
2026-10-04 18:24:22,939 | INFO     | historical_fetcher | [api_backfiller] AXON.ETORO: 2964 Zeilen gespeichert (price_prec=2, size_prec=2) → /home/minisforum/etoro_nautilus/data/nautilus/data/quote_tick/AXON.ETORO/OneDay/data.parquet
2026-10-04 18:24:24,042 | INFO     | historical_fetcher | [AXSM.ETORO] Delta-Update: Fetch ab 2026-02-05T18:59:59+00:00 rückwärts bis 2025-08-10T16:23:32.334626+00:00
2026-10-04 18:24:24,185 | DEBUG    | historical_fetcher | [AXSM.ETORO] OneHour: 1000 Candles, älteste: 2026-03-10T16:00:00+00:00
2026-10-04 18:24:25,414 | INFO     | historical_fetcher | [AXSM.ETORO] Historische Tiefe für OneHour erreicht.
2026-10-04 18:24:25,538 | DEBUG    | historical_fetcher | [AXSM.ETORO] OneDay: 1000 Candles, älteste: 2022-08-22T00:00:00+00:00
2026-10-04 18:24:26,639 | INFO     | historical_fetcher | [AXSM.ETORO] Ziel-Startdatum mit OneDay erreicht.
2026-10-04 18:24:26,646 | INFO     | historical_fetcher | [AXSM.ETORO] OneHour: 4000 Ticks → speichere (price_prec=2).
2026-10-04 18:24:26,652 | DEBUG    | historical_fetcher | [api_backfiller] AXSM.ETORO: 8592→4592 Zeilen (-4000 Duplikate)
2026-10-04 18:24:26,655 | INFO     | historical_fetcher | [api_backfiller] AXSM.ETORO: 4592 Zeilen gespeichert (price_prec=2, size_prec=2) → /home/minisforum/etoro_nautilus/data/nautilus/data/quote_tick/AXSM.ETORO/OneHour/data.parquet
2026-10-04 18:24:26,660 | INFO     | historical_fetcher | [AXSM.ETORO] OneDay: 1120 Ticks → speichere (price_prec=2).
2026-10-04 18:24:26,664 | DEBUG    | historical_fetcher | [api_backfiller] AXSM.ETORO: 4048→2928 Zeilen (-1120 Duplikate)
2026-10-04 18:24:26,666 | INFO     | historical_fetcher | [api_backfiller] AXSM.ETORO: 2928 Zeilen gespeichert (price_prec=2, size_prec=2) → /home/minisforum/etoro_nautilus/data/nautilus/data/quote_tick/AXSM.ETORO/OneDay/data.parquet
2026-10-04 18:24:27,770 | INFO     | historical_fetcher | [CAG.ETORO] Delta-Update: Fetch ab 2026-06-25T13:59:59+00:00 rückwärts bis 2025-08-10T16:23:32.334626+00:00
2026-10-04 18:24:27,887 | DEBUG    | historical_fetcher | [CAG.ETORO] OneHour: 1000 Candles, älteste: 2026-07-20T01:00:00+00:00
2026-10-04 18:24:29,126 | INFO     | historical_fetcher | [CAG.ETORO] Historische Tiefe für OneHour erreicht.
2026-10-04 18:24:29,242 | DEBUG    | historical_fetcher | [CAG.ETORO] OneDay: 1000 Candles, älteste: 2022-09-02T00:00:00+00:00
2026-10-04 18:24:30,343 | INFO     | historical_fetcher | [CAG.ETORO] Ziel-Startdatum mit OneDay erreicht.
2026-10-04 18:24:30,351 | INFO     | historical_fetcher | [CAG.ETORO] OneHour: 4000 Ticks → speichere (price_prec=2).
2026-10-04 18:24:30,356 | DEBUG    | historical_fetcher | [api_backfiller] CAG.ETORO: 9360→5360 Zeilen (-4000 Duplikate)
2026-10-04 18:24:30,359 | INFO     | historical_fetcher | [api_backfiller] CAG.ETORO: 5360 Zeilen gespeichert (price_prec=2, size_prec=2) → /home/minisforum/etoro_nautilus/data/nautilus/data/quote_tick/CAG.ETORO/OneHour/data.parquet
2026-10-04 18:24:30,363 | INFO     | historical_fetcher | [CAG.ETORO] OneDay: 1156 Ticks → speichere (price_prec=2).
2026-10-04 18:24:30,366 | DEBUG    | historical_fetcher | [api_backfiller] CAG.ETORO: 4120→2964 Zeilen (-1156 Duplikate)
2026-10-04 18:24:30,368 | INFO     | historical_fetcher | [api_backfiller] CAG.ETORO: 2964 Zeilen gespeichert (price_prec=2, size_prec=2) → /home/minisforum/etoro_nautilus/data/nautilus/data/quote_tick/CAG.ETORO/OneDay/data.parquet
2026-10-04 18:24:31,472 | INFO     | historical_fetcher | [CAT.ETORO] Delta-Update: Fetch ab 2026-07-02T15:59:59+00:00 rückwärts bis 2025-08-10T16:23:32.334626+00:00
2026-10-04 18:24:31,607 | DEBUG    | historical_fetcher | [CAT.ETORO] OneHour: 1000 Candles, älteste: 2026-08-03T19:00:00+00:00
2026-10-04 18:24:32,837 | INFO     | historical_fetcher | [CAT.ETORO] Historische Tiefe für OneHour erreicht.
2026-10-04 18:24:32,961 | DEBUG    | historical_fetcher | [CAT.ETORO] OneDay: 1000 Candles, älteste: 2022-09-02T00:00:00+00:00
2026-10-04 18:24:34,062 | INFO     | historical_fetcher | [CAT.ETORO] Ziel-Startdatum mit OneDay erreicht.
2026-10-04 18:24:34,069 | INFO     | historical_fetcher | [CAT.ETORO] OneHour: 4000 Ticks → speichere (price_prec=2).
2026-10-04 18:24:34,073 | DEBUG    | historical_fetcher | [api_backfiller] CAT.ETORO: 9948→5948 Zeilen (-4000 Duplikate)
2026-10-04 18:24:34,075 | INFO     | historical_fetcher | [api_backfiller] CAT.ETORO: 5948 Zeilen gespeichert (price_prec=2, size_prec=2) → /home/minisforum/etoro_nautilus/data/nautilus/data/quote_tick/CAT.ETORO/OneHour/data.parquet
2026-10-04 18:24:34,078 | INFO     | historical_fetcher | [CAT.ETORO] OneDay: 1156 Ticks → speichere (price_prec=2).
2026-10-04 18:24:34,080 | DEBUG    | historical_fetcher | [api_backfiller] CAT.ETORO: 4120→2964 Zeilen (-1156 Duplikate)
2026-10-04 18:24:34,082 | INFO     | historical_fetcher | [api_backfiller] CAT.ETORO: 2964 Zeilen gespeichert (price_prec=2, size_prec=2) → /home/minisforum/etoro_nautilus/data/nautilus/data/quote_tick/CAT.ETORO/OneDay/data.parquet
2026-10-04 18:24:35,185 | INFO     | historical_fetcher | [CCL.ETORO] Delta-Update: Fetch ab 2026-07-02T05:59:59+00:00 rückwärts bis 2025-08-10T16:23:32.334626+00:00
2026-10-04 18:24:35,327 | DEBUG    | historical_fetcher | [CCL.ETORO] OneHour: 1000 Candles, älteste: 2026-08-03T14:00:00+00:00
2026-10-04 18:24:36,554 | INFO     | historical_fetcher | [CCL.ETORO] Historische Tiefe für OneHour erreicht.
2026-10-04 18:24:36,691 | DEBUG    | historical_fetcher | [CCL.ETORO] OneDay: 1000 Candles, älteste: 2022-09-01T00:00:00+00:00
2026-10-04 18:24:37,792 | INFO     | historical_fetcher | [CCL.ETORO] Ziel-Startdatum mit OneDay erreicht.
2026-10-04 18:24:37,801 | INFO     | historical_fetcher | [CCL.ETORO] OneHour: 4000 Ticks → speichere (price_prec=2).
2026-10-04 18:24:37,806 | DEBUG    | historical_fetcher | [api_backfiller] CCL.ETORO: 9956→5956 Zeilen (-4000 Duplikate)
2026-10-04 18:24:37,810 | INFO     | historical_fetcher | [api_backfiller] CCL.ETORO: 5956 Zeilen gespeichert (price_prec=2, size_prec=2) → /home/minisforum/etoro_nautilus/data/nautilus/data/quote_tick/CCL.ETORO/OneHour/data.parquet
2026-10-04 18:24:37,813 | INFO     | historical_fetcher | [CCL.ETORO] OneDay: 1152 Ticks → speichere (price_prec=2).
2026-10-04 18:24:37,815 | DEBUG    | historical_fetcher | [api_backfiller] CCL.ETORO: 4112→2960 Zeilen (-1152 Duplikate)
2026-10-04 18:24:37,816 | INFO     | historical_fetcher | [api_backfiller] CCL.ETORO: 2960 Zeilen gespeichert (price_prec=2, size_prec=2) → /home/minisforum/etoro_nautilus/data/nautilus/data/quote_tick/CCL.ETORO/OneDay/data.parquet
2026-10-04 18:24:38,919 | INFO     | historical_fetcher | [CELH.ETORO] Delta-Update: Fetch ab 2026-02-06T14:59:59+00:00 rückwärts bis 2025-08-10T16:23:32.334626+00:00
2026-10-04 18:24:39,041 | DEBUG    | historical_fetcher | [CELH.ETORO] OneHour: 1000 Candles, älteste: 2026-03-10T16:00:00+00:00
2026-10-04 18:24:40,260 | INFO     | historical_fetcher | [CELH.ETORO] Historische Tiefe für OneHour erreicht.
2026-10-04 18:24:40,415 | DEBUG    | historical_fetcher | [CELH.ETORO] OneDay: 1000 Candles, älteste: 2022-08-22T00:00:00+00:00
2026-10-04 18:24:41,518 | INFO     | historical_fetcher | [CELH.ETORO] Ziel-Startdatum mit OneDay erreicht.
2026-10-04 18:24:41,526 | INFO     | historical_fetcher | [CELH.ETORO] OneHour: 4000 Ticks → speichere (price_prec=2).
2026-10-04 18:24:41,532 | DEBUG    | historical_fetcher | [api_backfiller] CELH.ETORO: 8588→4588 Zeilen (-4000 Duplikate)
2026-10-04 18:24:41,534 | INFO     | historical_fetcher | [api_backfiller] CELH.ETORO: 4588 Zeilen gespeichert (price_prec=2, size_prec=2) → /home/minisforum/etoro_nautilus/data/nautilus/data/quote_tick/CELH.ETORO/OneHour/data.parquet
2026-10-04 18:24:41,536 | INFO     | historical_fetcher | [CELH.ETORO] OneDay: 1120 Ticks → speichere (price_prec=2).
2026-10-04 18:24:41,539 | DEBUG    | historical_fetcher | [api_backfiller] CELH.ETORO: 4048→2928 Zeilen (-1120 Duplikate)
2026-10-04 18:24:41,540 | INFO     | historical_fetcher | [api_backfiller] CELH.ETORO: 2928 Zeilen gespeichert (price_prec=2, size_prec=2) → /home/minisforum/etoro_nautilus/data/nautilus/data/quote_tick/CELH.ETORO/OneDay/data.parquet
2026-10-04 18:24:42,644 | INFO     | historical_fetcher | [CHTR.ETORO] Delta-Update: Fetch ab 2026-06-15T10:59:59+00:00 rückwärts bis 2025-08-10T16:23:32.334626+00:00
2026-10-04 18:24:42,790 | DEBUG    | historical_fetcher | [CHTR.ETORO] OneHour: 1000 Candles, älteste: 2026-07-13T17:00:00+00:00
2026-10-04 18:24:44,011 | INFO     | historical_fetcher | [CHTR.ETORO] Historische Tiefe für OneHour erreicht.
2026-10-04 18:24:44,155 | DEBUG    | historical_fetcher | [CHTR.ETORO] OneDay: 1000 Candles, älteste: 2022-09-02T00:00:00+00:00
2026-10-04 18:24:45,257 | INFO     | historical_fetcher | [CHTR.ETORO] Ziel-Startdatum mit OneDay erreicht.
2026-10-04 18:24:45,265 | INFO     | historical_fetcher | [CHTR.ETORO] OneHour: 4000 Ticks → speichere (price_prec=2).
2026-10-04 18:24:45,270 | DEBUG    | historical_fetcher | [api_backfiller] CHTR.ETORO: 9436→5436 Zeilen (-4000 Duplikate)
2026-10-04 18:24:45,273 | INFO     | historical_fetcher | [api_backfiller] CHTR.ETORO: 5436 Zeilen gespeichert (price_prec=2, size_prec=2) → /home/minisforum/etoro_nautilus/data/nautilus/data/quote_tick/CHTR.ETORO/OneHour/data.parquet
2026-10-04 18:24:45,277 | INFO     | historical_fetcher | [CHTR.ETORO] OneDay: 1156 Ticks → speichere (price_prec=2).
2026-10-04 18:24:45,281 | DEBUG    | historical_fetcher | [api_backfiller] CHTR.ETORO: 4120→2964 Zeilen (-1156 Duplikate)
2026-10-04 18:24:45,283 | INFO     | historical_fetcher | [api_backfiller] CHTR.ETORO: 2964 Zeilen gespeichert (price_prec=2, size_prec=2) → /home/minisforum/etoro_nautilus/data/nautilus/data/quote_tick/CHTR.ETORO/OneDay/data.parquet
2026-10-04 18:24:46,387 | INFO     | historical_fetcher | [CHWY.ETORO] Delta-Update: Fetch ab 2026-02-05T19:59:59+00:00 rückwärts bis 2025-08-10T16:23:32.334626+00:00
2026-10-04 18:24:46,532 | DEBUG    | historical_fetcher | [CHWY.ETORO] OneHour: 1000 Candles, älteste: 2026-03-10T15:00:00+00:00
2026-10-04 18:24:47,756 | INFO     | historical_fetcher | [CHWY.ETORO] Historische Tiefe für OneHour erreicht.
2026-10-04 18:24:47,883 | DEBUG    | historical_fetcher | [CHWY.ETORO] OneDay: 1000 Candles, älteste: 2022-08-22T00:00:00+00:00
2026-10-04 18:24:48,984 | INFO     | historical_fetcher | [CHWY.ETORO] Ziel-Startdatum mit OneDay erreicht.
2026-10-04 18:24:48,991 | INFO     | historical_fetcher | [CHWY.ETORO] OneHour: 4000 Ticks → speichere (price_prec=2).
2026-10-04 18:24:48,995 | DEBUG    | historical_fetcher | [api_backfiller] CHWY.ETORO: 8592→4592 Zeilen (-4000 Duplikate)
2026-10-04 18:24:48,997 | INFO     | historical_fetcher | [api_backfiller] CHWY.ETORO: 4592 Zeilen gespeichert (price_prec=2, size_prec=2) → /home/minisforum/etoro_nautilus/data/nautilus/data/quote_tick/CHWY.ETORO/OneHour/data.parquet
2026-10-04 18:24:49,000 | INFO     | historical_fetcher | [CHWY.ETORO] OneDay: 1120 Ticks → speichere (price_prec=2).
2026-10-04 18:24:49,003 | DEBUG    | historical_fetcher | [api_backfiller] CHWY.ETORO: 4048→2928 Zeilen (-1120 Duplikate)
2026-10-04 18:24:49,004 | INFO     | historical_fetcher | [api_backfiller] CHWY.ETORO: 2928 Zeilen gespeichert (price_prec=2, size_prec=2) → /home/minisforum/etoro_nautilus/data/nautilus/data/quote_tick/CHWY.ETORO/OneDay/data.parquet
2026-10-04 18:24:50,107 | INFO     | historical_fetcher | [CIEN.ETORO] Delta-Update: Fetch ab 2026-03-30T16:59:59+00:00 rückwärts bis 2025-08-10T16:23:32.334626+00:00
2026-10-04 18:24:50,248 | DEBUG    | historical_fetcher | [CIEN.ETORO] OneHour: 1000 Candles, älteste: 2026-07-10T19:00:00+00:00
2026-10-04 18:24:51,483 | INFO     | historical_fetcher | [CIEN.ETORO] Historische Tiefe für OneHour erreicht.
2026-10-04 18:24:51,613 | DEBUG    | historical_fetcher | [CIEN.ETORO] OneDay: 1000 Candles, älteste: 2022-08-22T00:00:00+00:00
2026-10-04 18:24:52,714 | INFO     | historical_fetcher | [CIEN.ETORO] Ziel-Startdatum mit OneDay erreicht.
2026-10-04 18:24:52,722 | INFO     | historical_fetcher | [CIEN.ETORO] OneHour: 4000 Ticks → speichere (price_prec=2).
2026-10-04 18:24:52,728 | DEBUG    | historical_fetcher | [api_backfiller] CIEN.ETORO: 9948→5948 Zeilen (-4000 Duplikate)
2026-10-04 18:24:52,732 | INFO     | historical_fetcher | [api_backfiller] CIEN.ETORO: 5948 Zeilen gespeichert (price_prec=2, size_prec=2) → /home/minisforum/etoro_nautilus/data/nautilus/data/quote_tick/CIEN.ETORO/OneHour/data.parquet
2026-10-04 18:24:52,737 | INFO     | historical_fetcher | [CIEN.ETORO] OneDay: 1120 Ticks → speichere (price_prec=2).
2026-10-04 18:24:52,740 | DEBUG    | historical_fetcher | [api_backfiller] CIEN.ETORO: 4048→2928 Zeilen (-1120 Duplikate)
2026-10-04 18:24:52,743 | INFO     | historical_fetcher | [api_backfiller] CIEN.ETORO: 2928 Zeilen gespeichert (price_prec=2, size_prec=2) → /home/minisforum/etoro_nautilus/data/nautilus/data/quote_tick/CIEN.ETORO/OneDay/data.parquet
2026-10-04 18:24:53,847 | INFO     | historical_fetcher | [CMG.ETORO] Delta-Update: Fetch ab 2026-07-01T16:59:59+00:00 rückwärts bis 2025-08-10T16:23:32.334626+00:00
2026-10-04 18:24:54,048 | DEBUG    | historical_fetcher | [CMG.ETORO] OneHour: 1000 Candles, älteste: 2026-07-30T11:00:00+00:00
2026-10-04 18:24:55,293 | INFO     | historical_fetcher | [CMG.ETORO] Historische Tiefe für OneHour erreicht.
2026-10-04 18:24:55,414 | DEBUG    | historical_fetcher | [CMG.ETORO] OneDay: 1000 Candles, älteste: 2022-09-02T00:00:00+00:00
2026-10-04 18:24:56,516 | INFO     | historical_fetcher | [CMG.ETORO] Ziel-Startdatum mit OneDay erreicht.
2026-10-04 18:24:56,527 | INFO     | historical_fetcher | [CMG.ETORO] OneHour: 4000 Ticks → speichere (price_prec=2).
2026-10-04 18:24:56,533 | DEBUG    | historical_fetcher | [api_backfiller] CMG.ETORO: 9784→5784 Zeilen (-4000 Duplikate)
2026-10-04 18:24:56,536 | INFO     | historical_fetcher | [api_backfiller] CMG.ETORO: 5784 Zeilen gespeichert (price_prec=2, size_prec=2) → /home/minisforum/etoro_nautilus/data/nautilus/data/quote_tick/CMG.ETORO/OneHour/data.parquet
2026-10-04 18:24:56,540 | INFO     | historical_fetcher | [CMG.ETORO] OneDay: 1156 Ticks → speichere (price_prec=2).
2026-10-04 18:24:56,542 | DEBUG    | historical_fetcher | [api_backfiller] CMG.ETORO: 4120→2964 Zeilen (-1156 Duplikate)
2026-10-04 18:24:56,544 | INFO     | historical_fetcher | [api_backfiller] CMG.ETORO: 2964 Zeilen gespeichert (price_prec=2, size_prec=2) → /home/minisforum/etoro_nautilus/data/nautilus/data/quote_tick/CMG.ETORO/OneDay/data.parquet
2026-10-04 18:24:57,647 | INFO     | historical_fetcher | [COHR.ETORO] Delta-Update: Fetch ab 2026-04-01T13:59:59+00:00 rückwärts bis 2025-08-10T16:23:32.334626+00:00
2026-10-04 18:24:57,780 | DEBUG    | historical_fetcher | [COHR.ETORO] OneHour: 1000 Candles, älteste: 2026-07-14T17:00:00+00:00
2026-10-04 18:24:59,838 | INFO     | historical_fetcher | [COHR.ETORO] Historische Tiefe für OneHour erreicht.
2026-10-04 18:24:59,959 | DEBUG    | historical_fetcher | [COHR.ETORO] OneDay: 1000 Candles, älteste: 2022-08-22T00:00:00+00:00
2026-10-04 18:25:01,060 | INFO     | historical_fetcher | [COHR.ETORO] Ziel-Startdatum mit OneDay erreicht.
2026-10-04 18:25:01,069 | INFO     | historical_fetcher | [COHR.ETORO] OneHour: 4000 Ticks → speichere (price_prec=2).
2026-10-04 18:25:01,075 | DEBUG    | historical_fetcher | [api_backfiller] COHR.ETORO: 9952→5952 Zeilen (-4000 Duplikate)
2026-10-04 18:25:01,078 | INFO     | historical_fetcher | [api_backfiller] COHR.ETORO: 5952 Zeilen gespeichert (price_prec=2, size_prec=2) → /home/minisforum/etoro_nautilus/data/nautilus/data/quote_tick/COHR.ETORO/OneHour/data.parquet
2026-10-04 18:25:01,082 | INFO     | historical_fetcher | [COHR.ETORO] OneDay: 1120 Ticks → speichere (price_prec=2).
2026-10-04 18:25:01,086 | DEBUG    | historical_fetcher | [api_backfiller] COHR.ETORO: 4048→2928 Zeilen (-1120 Duplikate)
2026-10-04 18:25:01,088 | INFO     | historical_fetcher | [api_backfiller] COHR.ETORO: 2928 Zeilen gespeichert (price_prec=2, size_prec=2) → /home/minisforum/etoro_nautilus/data/nautilus/data/quote_tick/COHR.ETORO/OneDay/data.parquet
2026-10-04 18:25:02,192 | INFO     | historical_fetcher | [COIN.ETORO] Delta-Update: Fetch ab 2026-07-02T18:59:59+00:00 rückwärts bis 2025-08-10T16:23:32.334626+00:00
2026-10-04 18:25:02,339 | DEBUG    | historical_fetcher | [COIN.ETORO] OneHour: 1000 Candles, älteste: 2026-08-03T20:00:00+00:00
2026-10-04 18:25:03,865 | INFO     | historical_fetcher | [COIN.ETORO] Historische Tiefe für OneHour erreicht.
2026-10-04 18:25:03,995 | DEBUG    | historical_fetcher | [COIN.ETORO] OneDay: 1000 Candles, älteste: 2022-09-02T00:00:00+00:00
2026-10-04 18:25:05,096 | INFO     | historical_fetcher | [COIN.ETORO] Ziel-Startdatum mit OneDay erreicht.
2026-10-04 18:25:05,104 | INFO     | historical_fetcher | [COIN.ETORO] OneHour: 4000 Ticks → speichere (price_prec=2).
2026-10-04 18:25:05,109 | DEBUG    | historical_fetcher | [api_backfiller] COIN.ETORO: 9952→5952 Zeilen (-4000 Duplikate)
2026-10-04 18:25:05,111 | INFO     | historical_fetcher | [api_backfiller] COIN.ETORO: 5952 Zeilen gespeichert (price_prec=2, size_prec=2) → /home/minisforum/etoro_nautilus/data/nautilus/data/quote_tick/COIN.ETORO/OneHour/data.parquet
2026-10-04 18:25:05,114 | INFO     | historical_fetcher | [COIN.ETORO] OneDay: 1156 Ticks → speichere (price_prec=2).
2026-10-04 18:25:05,117 | DEBUG    | historical_fetcher | [api_backfiller] COIN.ETORO: 4120→2964 Zeilen (-1156 Duplikate)
2026-10-04 18:25:05,118 | INFO     | historical_fetcher | [api_backfiller] COIN.ETORO: 2964 Zeilen gespeichert (price_prec=2, size_prec=2) → /home/minisforum/etoro_nautilus/data/nautilus/data/quote_tick/COIN.ETORO/OneDay/data.parquet
2026-10-04 18:25:06,221 | INFO     | historical_fetcher | [CPNG.ETORO] Delta-Update: Fetch ab 2026-02-06T14:59:59+00:00 rückwärts bis 2025-08-10T16:23:32.334626+00:00
2026-10-04 18:25:06,353 | DEBUG    | historical_fetcher | [CPNG.ETORO] OneHour: 1000 Candles, älteste: 2026-03-10T16:00:00+00:00
2026-10-04 18:25:07,569 | INFO     | historical_fetcher | [CPNG.ETORO] Historische Tiefe für OneHour erreicht.
2026-10-04 18:25:07,693 | DEBUG    | historical_fetcher | [CPNG.ETORO] OneDay: 1000 Candles, älteste: 2022-08-22T00:00:00+00:00
2026-10-04 18:25:08,794 | INFO     | historical_fetcher | [CPNG.ETORO] Ziel-Startdatum mit OneDay erreicht.
2026-10-04 18:25:08,801 | INFO     | historical_fetcher | [CPNG.ETORO] OneHour: 4000 Ticks → speichere (price_prec=2).
2026-10-04 18:25:08,805 | DEBUG    | historical_fetcher | [api_backfiller] CPNG.ETORO: 8588→4588 Zeilen (-4000 Duplikate)
2026-10-04 18:25:08,807 | INFO     | historical_fetcher | [api_backfiller] CPNG.ETORO: 4588 Zeilen gespeichert (price_prec=2, size_prec=2) → /home/minisforum/etoro_nautilus/data/nautilus/data/quote_tick/CPNG.ETORO/OneHour/data.parquet
2026-10-04 18:25:08,810 | INFO     | historical_fetcher | [CPNG.ETORO] OneDay: 1120 Ticks → speichere (price_prec=2).
2026-10-04 18:25:08,812 | DEBUG    | historical_fetcher | [api_backfiller] CPNG.ETORO: 4048→2928 Zeilen (-1120 Duplikate)
2026-10-04 18:25:08,814 | INFO     | historical_fetcher | [api_backfiller] CPNG.ETORO: 2928 Zeilen gespeichert (price_prec=2, size_prec=2) → /home/minisforum/etoro_nautilus/data/nautilus/data/quote_tick/CPNG.ETORO/OneDay/data.parquet
2026-10-04 18:25:09,917 | INFO     | historical_fetcher | [CPRT.ETORO] Delta-Update: Fetch ab 2026-06-30T19:59:59+00:00 rückwärts bis 2025-08-10T16:23:32.334626+00:00
2026-10-04 18:25:10,044 | DEBUG    | historical_fetcher | [CPRT.ETORO] OneHour: 1000 Candles, älteste: 2026-07-28T08:00:00+00:00
2026-10-04 18:25:11,259 | INFO     | historical_fetcher | [CPRT.ETORO] Historische Tiefe für OneHour erreicht.
2026-10-04 18:25:11,394 | DEBUG    | historical_fetcher | [CPRT.ETORO] OneDay: 1000 Candles, älteste: 2022-09-02T00:00:00+00:00
2026-10-04 18:25:12,495 | INFO     | historical_fetcher | [CPRT.ETORO] Ziel-Startdatum mit OneDay erreicht.
2026-10-04 18:25:12,504 | INFO     | historical_fetcher | [CPRT.ETORO] OneHour: 4000 Ticks → speichere (price_prec=2).
2026-10-04 18:25:12,510 | DEBUG    | historical_fetcher | [api_backfiller] CPRT.ETORO: 9636→5636 Zeilen (-4000 Duplikate)
2026-10-04 18:25:12,513 | INFO     | historical_fetcher | [api_backfiller] CPRT.ETORO: 5636 Zeilen gespeichert (price_prec=2, size_prec=2) → /home/minisforum/etoro_nautilus/data/nautilus/data/quote_tick/CPRT.ETORO/OneHour/data.parquet
2026-10-04 18:25:12,517 | INFO     | historical_fetcher | [CPRT.ETORO] OneDay: 1156 Ticks → speichere (price_prec=2).
2026-10-04 18:25:12,520 | DEBUG    | historical_fetcher | [api_backfiller] CPRT.ETORO: 4120→2964 Zeilen (-1156 Duplikate)
2026-10-04 18:25:12,522 | INFO     | historical_fetcher | [api_backfiller] CPRT.ETORO: 2964 Zeilen gespeichert (price_prec=2, size_prec=2) → /home/minisforum/etoro_nautilus/data/nautilus/data/quote_tick/CPRT.ETORO/OneDay/data.parquet
2026-10-04 18:25:13,627 | INFO     | historical_fetcher | [CRM.ETORO] Delta-Update: Fetch ab 2026-07-02T15:59:59+00:00 rückwärts bis 2025-08-10T16:23:32.334626+00:00
2026-10-04 18:25:13,966 | DEBUG    | historical_fetcher | [CRM.ETORO] OneHour: 1000 Candles, älteste: 2026-08-03T20:00:00+00:00
2026-10-04 18:25:15,200 | INFO     | historical_fetcher | [CRM.ETORO] Historische Tiefe für OneHour erreicht.
2026-10-04 18:25:15,330 | DEBUG    | historical_fetcher | [CRM.ETORO] OneDay: 1000 Candles, älteste: 2022-09-02T00:00:00+00:00
2026-10-04 18:25:16,432 | INFO     | historical_fetcher | [CRM.ETORO] Ziel-Startdatum mit OneDay erreicht.
2026-10-04 18:25:16,439 | INFO     | historical_fetcher | [CRM.ETORO] OneHour: 4000 Ticks → speichere (price_prec=2).
2026-10-04 18:25:16,443 | DEBUG    | historical_fetcher | [api_backfiller] CRM.ETORO: 9952→5952 Zeilen (-4000 Duplikate)
2026-10-04 18:25:16,446 | INFO     | historical_fetcher | [api_backfiller] CRM.ETORO: 5952 Zeilen gespeichert (price_prec=2, size_prec=2) → /home/minisforum/etoro_nautilus/data/nautilus/data/quote_tick/CRM.ETORO/OneHour/data.parquet
2026-10-04 18:25:16,449 | INFO     | historical_fetcher | [CRM.ETORO] OneDay: 1156 Ticks → speichere (price_prec=2).
2026-10-04 18:25:16,452 | DEBUG    | historical_fetcher | [api_backfiller] CRM.ETORO: 4120→2964 Zeilen (-1156 Duplikate)
2026-10-04 18:25:16,453 | INFO     | historical_fetcher | [api_backfiller] CRM.ETORO: 2964 Zeilen gespeichert (price_prec=2, size_prec=2) → /home/minisforum/etoro_nautilus/data/nautilus/data/quote_tick/CRM.ETORO/OneDay/data.parquet
2026-10-04 18:25:17,558 | INFO     | historical_fetcher | [CVE.ETORO] Delta-Update: Fetch ab 2026-02-06T14:59:59+00:00 rückwärts bis 2025-08-10T16:23:32.334626+00:00
2026-10-04 18:25:17,682 | DEBUG    | historical_fetcher | [CVE.ETORO] OneHour: 1000 Candles, älteste: 2026-03-10T16:00:00+00:00
2026-10-04 18:25:18,902 | INFO     | historical_fetcher | [CVE.ETORO] Historische Tiefe für OneHour erreicht.
2026-10-04 18:25:19,042 | DEBUG    | historical_fetcher | [CVE.ETORO] OneDay: 1000 Candles, älteste: 2022-08-22T00:00:00+00:00
2026-10-04 18:25:20,144 | INFO     | historical_fetcher | [CVE.ETORO] Ziel-Startdatum mit OneDay erreicht.
2026-10-04 18:25:20,151 | INFO     | historical_fetcher | [CVE.ETORO] OneHour: 4000 Ticks → speichere (price_prec=2).
2026-10-04 18:25:20,156 | DEBUG    | historical_fetcher | [api_backfiller] CVE.ETORO: 8588→4588 Zeilen (-4000 Duplikate)
2026-10-04 18:25:20,158 | INFO     | historical_fetcher | [api_backfiller] CVE.ETORO: 4588 Zeilen gespeichert (price_prec=2, size_prec=2) → /home/minisforum/etoro_nautilus/data/nautilus/data/quote_tick/CVE.ETORO/OneHour/data.parquet
2026-10-04 18:25:20,160 | INFO     | historical_fetcher | [CVE.ETORO] OneDay: 1120 Ticks → speichere (price_prec=2).
2026-10-04 18:25:20,163 | DEBUG    | historical_fetcher | [api_backfiller] CVE.ETORO: 4048→2928 Zeilen (-1120 Duplikate)
2026-10-04 18:25:20,164 | INFO     | historical_fetcher | [api_backfiller] CVE.ETORO: 2928 Zeilen gespeichert (price_prec=2, size_prec=2) → /home/minisforum/etoro_nautilus/data/nautilus/data/quote_tick/CVE.ETORO/OneDay/data.parquet
2026-10-04 18:25:21,267 | INFO     | historical_fetcher | [DFTX.ETORO] Delta-Update: Fetch ab 2026-03-10T15:59:59+00:00 rückwärts bis 2025-08-10T16:23:32.334626+00:00
2026-10-04 18:25:21,403 | DEBUG    | historical_fetcher | [DFTX.ETORO] OneHour: 1000 Candles, älteste: 2026-03-10T16:00:00+00:00
2026-10-04 18:25:22,621 | INFO     | historical_fetcher | [DFTX.ETORO] Historische Tiefe für OneHour erreicht.
2026-10-04 18:25:22,748 | DEBUG    | historical_fetcher | [DFTX.ETORO] OneDay: 918 Candles, älteste: 2023-01-03T00:00:00+00:00
2026-10-04 18:25:23,850 | INFO     | historical_fetcher | [DFTX.ETORO] Ziel-Startdatum mit OneDay erreicht.
2026-10-04 18:25:23,857 | INFO     | historical_fetcher | [DFTX.ETORO] OneHour: 4000 Ticks → speichere (price_prec=2).
2026-10-04 18:25:23,883 | DEBUG    | historical_fetcher | [api_backfiller] DFTX.ETORO: 8000→4000 Zeilen (-4000 Duplikate)
2026-10-04 18:25:23,886 | INFO     | historical_fetcher | [api_backfiller] DFTX.ETORO: 4000 Zeilen gespeichert (price_prec=2, size_prec=2) → /home/minisforum/etoro_nautilus/data/nautilus/data/quote_tick/DFTX.ETORO/OneHour/data.parquet
2026-10-04 18:25:23,889 | INFO     | historical_fetcher | [DFTX.ETORO] OneDay: 1120 Ticks → speichere (price_prec=2).
2026-10-04 18:25:23,892 | DEBUG    | historical_fetcher | [api_backfiller] DFTX.ETORO: 3984→2864 Zeilen (-1120 Duplikate)
2026-10-04 18:25:23,894 | INFO     | historical_fetcher | [api_backfiller] DFTX.ETORO: 2864 Zeilen gespeichert (price_prec=2, size_prec=2) → /home/minisforum/etoro_nautilus/data/nautilus/data/quote_tick/DFTX.ETORO/OneDay/data.parquet
2026-10-04 18:25:25,000 | INFO     | historical_fetcher | [DHT.ETORO] Delta-Update: Fetch ab 2026-03-10T14:59:59+00:00 rückwärts bis 2025-08-10T16:23:32.334626+00:00
2026-10-04 18:25:25,141 | DEBUG    | historical_fetcher | [DHT.ETORO] OneHour: 1000 Candles, älteste: 2026-03-10T16:00:00+00:00
2026-10-04 18:25:26,363 | INFO     | historical_fetcher | [DHT.ETORO] Historische Tiefe für OneHour erreicht.
2026-10-04 18:25:26,483 | DEBUG    | historical_fetcher | [DHT.ETORO] OneDay: 1000 Candles, älteste: 2022-08-22T00:00:00+00:00
2026-10-04 18:25:27,585 | INFO     | historical_fetcher | [DHT.ETORO] Ziel-Startdatum mit OneDay erreicht.
2026-10-04 18:25:27,592 | INFO     | historical_fetcher | [DHT.ETORO] OneHour: 4000 Ticks → speichere (price_prec=2).
2026-10-04 18:25:27,597 | DEBUG    | historical_fetcher | [api_backfiller] DHT.ETORO: 8004→4004 Zeilen (-4000 Duplikate)
2026-10-04 18:25:27,598 | INFO     | historical_fetcher | [api_backfiller] DHT.ETORO: 4004 Zeilen gespeichert (price_prec=2, size_prec=2) → /home/minisforum/etoro_nautilus/data/nautilus/data/quote_tick/DHT.ETORO/OneHour/data.parquet
2026-10-04 18:25:27,601 | INFO     | historical_fetcher | [DHT.ETORO] OneDay: 1120 Ticks → speichere (price_prec=2).
2026-10-04 18:25:27,603 | DEBUG    | historical_fetcher | [api_backfiller] DHT.ETORO: 3960→2840 Zeilen (-1120 Duplikate)
2026-10-04 18:25:27,604 | INFO     | historical_fetcher | [api_backfiller] DHT.ETORO: 2840 Zeilen gespeichert (price_prec=2, size_prec=2) → /home/minisforum/etoro_nautilus/data/nautilus/data/quote_tick/DHT.ETORO/OneDay/data.parquet
2026-10-04 18:25:28,708 | INFO     | historical_fetcher | [DKNG.ETORO] Delta-Update: Fetch ab 2026-07-02T14:59:59+00:00 rückwärts bis 2025-08-10T16:23:32.334626+00:00
2026-10-04 18:25:28,880 | DEBUG    | historical_fetcher | [DKNG.ETORO] OneHour: 1000 Candles, älteste: 2026-08-03T09:00:00+00:00
2026-10-04 18:25:30,121 | INFO     | historical_fetcher | [DKNG.ETORO] Historische Tiefe für OneHour erreicht.
2026-10-04 18:25:30,261 | DEBUG    | historical_fetcher | [DKNG.ETORO] OneDay: 1000 Candles, älteste: 2022-09-02T00:00:00+00:00
2026-10-04 18:25:31,363 | INFO     | historical_fetcher | [DKNG.ETORO] Ziel-Startdatum mit OneDay erreicht.
2026-10-04 18:25:31,371 | INFO     | historical_fetcher | [DKNG.ETORO] OneHour: 4000 Ticks → speichere (price_prec=2).
2026-10-04 18:25:31,376 | DEBUG    | historical_fetcher | [api_backfiller] DKNG.ETORO: 9924→5924 Zeilen (-4000 Duplikate)
2026-10-04 18:25:31,378 | INFO     | historical_fetcher | [api_backfiller] DKNG.ETORO: 5924 Zeilen gespeichert (price_prec=2, size_prec=2) → /home/minisforum/etoro_nautilus/data/nautilus/data/quote_tick/DKNG.ETORO/OneHour/data.parquet
2026-10-04 18:25:31,381 | INFO     | historical_fetcher | [DKNG.ETORO] OneDay: 1156 Ticks → speichere (price_prec=2).
2026-10-04 18:25:31,383 | DEBUG    | historical_fetcher | [api_backfiller] DKNG.ETORO: 4120→2964 Zeilen (-1156 Duplikate)
2026-10-04 18:25:31,384 | INFO     | historical_fetcher | [api_backfiller] DKNG.ETORO: 2964 Zeilen gespeichert (price_prec=2, size_prec=2) → /home/minisforum/etoro_nautilus/data/nautilus/data/quote_tick/DKNG.ETORO/OneDay/data.parquet
2026-10-04 18:25:32,488 | INFO     | historical_fetcher | [DOCU.ETORO] Delta-Update: Fetch ab 2026-02-06T13:59:59+00:00 rückwärts bis 2025-08-10T16:23:32.334626+00:00
2026-10-04 18:25:32,628 | DEBUG    | historical_fetcher | [DOCU.ETORO] OneHour: 1000 Candles, älteste: 2026-03-10T16:00:00+00:00
2026-10-04 18:25:33,923 | DEBUG    | historical_fetcher | [DOCU.ETORO] OneHour: 1000 Candles, älteste: 2026-03-10T15:00:00+00:00
2026-10-04 18:25:35,162 | INFO     | historical_fetcher | [DOCU.ETORO] Historische Tiefe für OneHour erreicht.
2026-10-04 18:25:35,289 | DEBUG    | historical_fetcher | [DOCU.ETORO] OneDay: 1000 Candles, älteste: 2022-08-22T00:00:00+00:00
2026-10-04 18:25:36,390 | INFO     | historical_fetcher | [DOCU.ETORO] Ziel-Startdatum mit OneDay erreicht.
2026-10-04 18:25:36,405 | INFO     | historical_fetcher | [DOCU.ETORO] OneHour: 8000 Ticks → speichere (price_prec=2).
2026-10-04 18:25:36,410 | DEBUG    | historical_fetcher | [api_backfiller] DOCU.ETORO: 12592→4592 Zeilen (-8000 Duplikate)
2026-10-04 18:25:36,413 | INFO     | historical_fetcher | [api_backfiller] DOCU.ETORO: 4592 Zeilen gespeichert (price_prec=2, size_prec=2) → /home/minisforum/etoro_nautilus/data/nautilus/data/quote_tick/DOCU.ETORO/OneHour/data.parquet
2026-10-04 18:25:36,417 | INFO     | historical_fetcher | [DOCU.ETORO] OneDay: 1120 Ticks → speichere (price_prec=2).
2026-10-04 18:25:36,419 | DEBUG    | historical_fetcher | [api_backfiller] DOCU.ETORO: 4048→2928 Zeilen (-1120 Duplikate)
2026-10-04 18:25:36,421 | INFO     | historical_fetcher | [api_backfiller] DOCU.ETORO: 2928 Zeilen gespeichert (price_prec=2, size_prec=2) → /home/minisforum/etoro_nautilus/data/nautilus/data/quote_tick/DOCU.ETORO/OneDay/data.parquet
2026-10-04 18:25:37,524 | INFO     | historical_fetcher | [DPZ.ETORO] Delta-Update: Fetch ab 2026-06-16T13:59:59+00:00 rückwärts bis 2025-08-10T16:23:32.334626+00:00
2026-10-04 18:25:37,927 | DEBUG    | historical_fetcher | [DPZ.ETORO] OneHour: 1000 Candles, älteste: 2026-07-10T14:00:00+00:00
2026-10-04 18:25:39,178 | INFO     | historical_fetcher | [DPZ.ETORO] Historische Tiefe für OneHour erreicht.
2026-10-04 18:25:40,463 | DEBUG    | historical_fetcher | [DPZ.ETORO] OneDay: 1000 Candles, älteste: 2022-09-01T00:00:00+00:00
2026-10-04 18:25:41,565 | INFO     | historical_fetcher | [DPZ.ETORO] Ziel-Startdatum mit OneDay erreicht.
2026-10-04 18:25:41,571 | INFO     | historical_fetcher | [DPZ.ETORO] OneHour: 4000 Ticks → speichere (price_prec=2).
2026-10-04 18:25:41,575 | DEBUG    | historical_fetcher | [api_backfiller] DPZ.ETORO: 9280→5280 Zeilen (-4000 Duplikate)
2026-10-04 18:25:41,577 | INFO     | historical_fetcher | [api_backfiller] DPZ.ETORO: 5280 Zeilen gespeichert (price_prec=2, size_prec=2) → /home/minisforum/etoro_nautilus/data/nautilus/data/quote_tick/DPZ.ETORO/OneHour/data.parquet
2026-10-04 18:25:41,581 | INFO     | historical_fetcher | [DPZ.ETORO] OneDay: 1156 Ticks → speichere (price_prec=2).
2026-10-04 18:25:41,585 | DEBUG    | historical_fetcher | [api_backfiller] DPZ.ETORO: 4116→2960 Zeilen (-1156 Duplikate)
2026-10-04 18:25:41,587 | INFO     | historical_fetcher | [api_backfiller] DPZ.ETORO: 2960 Zeilen gespeichert (price_prec=2, size_prec=2) → /home/minisforum/etoro_nautilus/data/nautilus/data/quote_tick/DPZ.ETORO/OneDay/data.parquet
2026-10-04 18:25:42,692 | INFO     | historical_fetcher | [DUOL.ETORO] Delta-Update: Fetch ab 2026-07-02T03:59:59+00:00 rückwärts bis 2025-08-10T16:23:32.334626+00:00
2026-10-04 18:25:44,080 | DEBUG    | historical_fetcher | [DUOL.ETORO] OneHour: 1000 Candles, älteste: 2026-07-30T12:00:00+00:00
2026-10-04 18:25:47,519 | DEBUG    | historical_fetcher | [DUOL.ETORO] OneHour: 1000 Candles, älteste: 2026-07-30T13:00:00+00:00
2026-10-04 18:25:48,950 | INFO     | historical_fetcher | [DUOL.ETORO] Historische Tiefe für OneHour erreicht.
2026-10-04 18:25:49,074 | DEBUG    | historical_fetcher | [DUOL.ETORO] OneDay: 1000 Candles, älteste: 2022-09-02T00:00:00+00:00
2026-10-04 18:25:50,175 | INFO     | historical_fetcher | [DUOL.ETORO] Ziel-Startdatum mit OneDay erreicht.
2026-10-04 18:25:50,190 | INFO     | historical_fetcher | [DUOL.ETORO] OneHour: 8000 Ticks → speichere (price_prec=2).
2026-10-04 18:25:50,196 | DEBUG    | historical_fetcher | [api_backfiller] DUOL.ETORO: 13788→5788 Zeilen (-8000 Duplikate)
2026-10-04 18:25:50,199 | INFO     | historical_fetcher | [api_backfiller] DUOL.ETORO: 5788 Zeilen gespeichert (price_prec=2, size_prec=2) → /home/minisforum/etoro_nautilus/data/nautilus/data/quote_tick/DUOL.ETORO/OneHour/data.parquet
2026-10-04 18:25:50,203 | INFO     | historical_fetcher | [DUOL.ETORO] OneDay: 1156 Ticks → speichere (price_prec=2).
2026-10-04 18:25:50,207 | DEBUG    | historical_fetcher | [api_backfiller] DUOL.ETORO: 4120→2964 Zeilen (-1156 Duplikate)
2026-10-04 18:25:50,209 | INFO     | historical_fetcher | [api_backfiller] DUOL.ETORO: 2964 Zeilen gespeichert (price_prec=2, size_prec=2) → /home/minisforum/etoro_nautilus/data/nautilus/data/quote_tick/DUOL.ETORO/OneDay/data.parquet
2026-10-04 18:25:51,313 | INFO     | historical_fetcher | [E.ETORO] Delta-Update: Fetch ab 2026-02-06T13:59:59+00:00 rückwärts bis 2025-08-10T16:23:32.334626+00:00
2026-10-04 18:25:51,435 | DEBUG    | historical_fetcher | [E.ETORO] OneHour: 1000 Candles, älteste: 2026-03-10T16:00:00+00:00
2026-10-04 18:25:52,670 | DEBUG    | historical_fetcher | [E.ETORO] OneHour: 1000 Candles, älteste: 2026-03-10T15:00:00+00:00
2026-10-04 18:25:53,956 | INFO     | historical_fetcher | [E.ETORO] Historische Tiefe für OneHour erreicht.
2026-10-04 18:25:54,064 | DEBUG    | historical_fetcher | [E.ETORO] OneDay: 1000 Candles, älteste: 2022-08-22T00:00:00+00:00
2026-10-04 18:25:55,165 | INFO     | historical_fetcher | [E.ETORO] Ziel-Startdatum mit OneDay erreicht.
2026-10-04 18:25:55,181 | INFO     | historical_fetcher | [E.ETORO] OneHour: 8000 Ticks → speichere (price_prec=2).
2026-10-04 18:25:55,186 | DEBUG    | historical_fetcher | [api_backfiller] E.ETORO: 12592→4592 Zeilen (-8000 Duplikate)
2026-10-04 18:25:55,189 | INFO     | historical_fetcher | [api_backfiller] E.ETORO: 4592 Zeilen gespeichert (price_prec=2, size_prec=2) → /home/minisforum/etoro_nautilus/data/nautilus/data/quote_tick/E.ETORO/OneHour/data.parquet
2026-10-04 18:25:55,194 | INFO     | historical_fetcher | [E.ETORO] OneDay: 1120 Ticks → speichere (price_prec=2).
2026-10-04 18:25:55,197 | DEBUG    | historical_fetcher | [api_backfiller] E.ETORO: 4048→2928 Zeilen (-1120 Duplikate)
2026-10-04 18:25:55,199 | INFO     | historical_fetcher | [api_backfiller] E.ETORO: 2928 Zeilen gespeichert (price_prec=2, size_prec=2) → /home/minisforum/etoro_nautilus/data/nautilus/data/quote_tick/E.ETORO/OneDay/data.parquet
2026-10-04 18:25:56,304 | INFO     | historical_fetcher | [EEFT.ETORO] Delta-Update: Fetch ab 2026-02-06T13:59:59+00:00 rückwärts bis 2025-08-10T16:23:32.334626+00:00
2026-10-04 18:25:56,431 | DEBUG    | historical_fetcher | [EEFT.ETORO] OneHour: 1000 Candles, älteste: 2026-03-10T15:00:00+00:00
2026-10-04 18:25:57,644 | DEBUG    | historical_fetcher | [EEFT.ETORO] OneHour: 1000 Candles, älteste: 2026-03-10T16:00:00+00:00
2026-10-04 18:25:59,094 | INFO     | historical_fetcher | [EEFT.ETORO] Historische Tiefe für OneHour erreicht.
2026-10-04 18:25:59,218 | DEBUG    | historical_fetcher | [EEFT.ETORO] OneDay: 1000 Candles, älteste: 2022-08-22T00:00:00+00:00
2026-10-04 18:26:00,320 | INFO     | historical_fetcher | [EEFT.ETORO] Ziel-Startdatum mit OneDay erreicht.
2026-10-04 18:26:00,330 | INFO     | historical_fetcher | [EEFT.ETORO] OneHour: 8000 Ticks → speichere (price_prec=2).
2026-10-04 18:26:00,335 | DEBUG    | historical_fetcher | [api_backfiller] EEFT.ETORO: 12592→4592 Zeilen (-8000 Duplikate)
2026-10-04 18:26:00,337 | INFO     | historical_fetcher | [api_backfiller] EEFT.ETORO: 4592 Zeilen gespeichert (price_prec=2, size_prec=2) → /home/minisforum/etoro_nautilus/data/nautilus/data/quote_tick/EEFT.ETORO/OneHour/data.parquet
2026-10-04 18:26:00,340 | INFO     | historical_fetcher | [EEFT.ETORO] OneDay: 1120 Ticks → speichere (price_prec=2).
2026-10-04 18:26:00,343 | DEBUG    | historical_fetcher | [api_backfiller] EEFT.ETORO: 4048→2928 Zeilen (-1120 Duplikate)
2026-10-04 18:26:00,344 | INFO     | historical_fetcher | [api_backfiller] EEFT.ETORO: 2928 Zeilen gespeichert (price_prec=2, size_prec=2) → /home/minisforum/etoro_nautilus/data/nautilus/data/quote_tick/EEFT.ETORO/OneDay/data.parquet
2026-10-04 18:26:01,448 | INFO     | historical_fetcher | [ELF.ETORO] Delta-Update: Fetch ab 2026-02-05T18:59:59+00:00 rückwärts bis 2025-08-10T16:23:32.334626+00:00
2026-10-04 18:26:01,584 | DEBUG    | historical_fetcher | [ELF.ETORO] OneHour: 1000 Candles, älteste: 2026-03-10T16:00:00+00:00
2026-10-04 18:26:02,875 | INFO     | historical_fetcher | [ELF.ETORO] Historische Tiefe für OneHour erreicht.
2026-10-04 18:26:03,021 | DEBUG    | historical_fetcher | [ELF.ETORO] OneDay: 1000 Candles, älteste: 2022-08-22T00:00:00+00:00
2026-10-04 18:26:04,122 | INFO     | historical_fetcher | [ELF.ETORO] Ziel-Startdatum mit OneDay erreicht.
2026-10-04 18:26:04,129 | INFO     | historical_fetcher | [ELF.ETORO] OneHour: 4000 Ticks → speichere (price_prec=2).
2026-10-04 18:26:04,133 | DEBUG    | historical_fetcher | [api_backfiller] ELF.ETORO: 8592→4592 Zeilen (-4000 Duplikate)
2026-10-04 18:26:04,135 | INFO     | historical_fetcher | [api_backfiller] ELF.ETORO: 4592 Zeilen gespeichert (price_prec=2, size_prec=2) → /home/minisforum/etoro_nautilus/data/nautilus/data/quote_tick/ELF.ETORO/OneHour/data.parquet
2026-10-04 18:26:04,138 | INFO     | historical_fetcher | [ELF.ETORO] OneDay: 1120 Ticks → speichere (price_prec=2).
2026-10-04 18:26:04,141 | DEBUG    | historical_fetcher | [api_backfiller] ELF.ETORO: 4048→2928 Zeilen (-1120 Duplikate)
2026-10-04 18:26:04,143 | INFO     | historical_fetcher | [api_backfiller] ELF.ETORO: 2928 Zeilen gespeichert (price_prec=2, size_prec=2) → /home/minisforum/etoro_nautilus/data/nautilus/data/quote_tick/ELF.ETORO/OneDay/data.parquet
2026-10-04 18:26:05,246 | INFO     | historical_fetcher | [ENLT.ETORO] Delta-Update: Fetch ab 2026-02-05T19:59:59+00:00 rückwärts bis 2025-08-10T16:23:32.334626+00:00
2026-10-04 18:26:05,410 | DEBUG    | historical_fetcher | [ENLT.ETORO] OneHour: 1000 Candles, älteste: 2026-03-10T16:00:00+00:00
2026-10-04 18:26:06,630 | INFO     | historical_fetcher | [ENLT.ETORO] Historische Tiefe für OneHour erreicht.
2026-10-04 18:26:06,773 | DEBUG    | historical_fetcher | [ENLT.ETORO] OneDay: 882 Candles, älteste: 2023-02-07T00:00:00+00:00
2026-10-04 18:26:07,874 | INFO     | historical_fetcher | [ENLT.ETORO] Ziel-Startdatum mit OneDay erreicht.
2026-10-04 18:26:07,880 | INFO     | historical_fetcher | [ENLT.ETORO] OneHour: 4000 Ticks → speichere (price_prec=2).
2026-10-04 18:26:07,884 | DEBUG    | historical_fetcher | [api_backfiller] ENLT.ETORO: 8592→4592 Zeilen (-4000 Duplikate)
2026-10-04 18:26:07,886 | INFO     | historical_fetcher | [api_backfiller] ENLT.ETORO: 4592 Zeilen gespeichert (price_prec=2, size_prec=2) → /home/minisforum/etoro_nautilus/data/nautilus/data/quote_tick/ENLT.ETORO/OneHour/data.parquet
2026-10-04 18:26:07,888 | INFO     | historical_fetcher | [ENLT.ETORO] OneDay: 1120 Ticks → speichere (price_prec=2).
2026-10-04 18:26:07,891 | DEBUG    | historical_fetcher | [api_backfiller] ENLT.ETORO: 4048→2928 Zeilen (-1120 Duplikate)
2026-10-04 18:26:07,892 | INFO     | historical_fetcher | [api_backfiller] ENLT.ETORO: 2928 Zeilen gespeichert (price_prec=2, size_prec=2) → /home/minisforum/etoro_nautilus/data/nautilus/data/quote_tick/ENLT.ETORO/OneDay/data.parquet
2026-10-04 18:26:08,995 | INFO     | historical_fetcher | [FDX.ETORO] Delta-Update: Fetch ab 2026-06-23T20:59:59+00:00 rückwärts bis 2025-08-10T16:23:32.334626+00:00
2026-10-04 18:26:09,345 | DEBUG    | historical_fetcher | [FDX.ETORO] OneHour: 1000 Candles, älteste: 2026-07-21T05:00:00+00:00
2026-10-04 18:26:10,674 | INFO     | historical_fetcher | [FDX.ETORO] Historische Tiefe für OneHour erreicht.
2026-10-04 18:26:10,826 | DEBUG    | historical_fetcher | [FDX.ETORO] OneDay: 1000 Candles, älteste: 2022-09-02T00:00:00+00:00
2026-10-04 18:26:11,928 | INFO     | historical_fetcher | [FDX.ETORO] Ziel-Startdatum mit OneDay erreicht.
2026-10-04 18:26:11,933 | INFO     | historical_fetcher | [FDX.ETORO] OneHour: 4000 Ticks → speichere (price_prec=2).
2026-10-04 18:26:11,937 | DEBUG    | historical_fetcher | [api_backfiller] FDX.ETORO: 9488→5488 Zeilen (-4000 Duplikate)
2026-10-04 18:26:11,939 | INFO     | historical_fetcher | [api_backfiller] FDX.ETORO: 5488 Zeilen gespeichert (price_prec=2, size_prec=2) → /home/minisforum/etoro_nautilus/data/nautilus/data/quote_tick/FDX.ETORO/OneHour/data.parquet
2026-10-04 18:26:11,942 | INFO     | historical_fetcher | [FDX.ETORO] OneDay: 1156 Ticks → speichere (price_prec=2).
2026-10-04 18:26:11,944 | DEBUG    | historical_fetcher | [api_backfiller] FDX.ETORO: 4120→2964 Zeilen (-1156 Duplikate)
2026-10-04 18:26:11,945 | INFO     | historical_fetcher | [api_backfiller] FDX.ETORO: 2964 Zeilen gespeichert (price_prec=2, size_prec=2) → /home/minisforum/etoro_nautilus/data/nautilus/data/quote_tick/FDX.ETORO/OneDay/data.parquet
2026-10-04 18:26:13,050 | INFO     | historical_fetcher | [FICO.ETORO] Delta-Update: Fetch ab 2026-06-04T19:59:59+00:00 rückwärts bis 2025-08-10T16:23:32.334626+00:00
2026-10-04 18:26:13,784 | DEBUG    | historical_fetcher | [FICO.ETORO] OneHour: 1000 Candles, älteste: 2026-07-16T20:00:00+00:00
2026-10-04 18:26:15,003 | INFO     | historical_fetcher | [FICO.ETORO] Historische Tiefe für OneHour erreicht.
2026-10-04 18:26:15,131 | DEBUG    | historical_fetcher | [FICO.ETORO] OneDay: 1000 Candles, älteste: 2022-09-02T00:00:00+00:00
2026-10-04 18:26:16,232 | INFO     | historical_fetcher | [FICO.ETORO] Ziel-Startdatum mit OneDay erreicht.
2026-10-04 18:26:16,238 | INFO     | historical_fetcher | [FICO.ETORO] OneHour: 4000 Ticks → speichere (price_prec=2).
2026-10-04 18:26:16,242 | DEBUG    | historical_fetcher | [api_backfiller] FICO.ETORO: 9656→5656 Zeilen (-4000 Duplikate)
2026-10-04 18:26:16,244 | INFO     | historical_fetcher | [api_backfiller] FICO.ETORO: 5656 Zeilen gespeichert (price_prec=2, size_prec=2) → /home/minisforum/etoro_nautilus/data/nautilus/data/quote_tick/FICO.ETORO/OneHour/data.parquet
2026-10-04 18:26:16,247 | INFO     | historical_fetcher | [FICO.ETORO] OneDay: 1156 Ticks → speichere (price_prec=2).
2026-10-04 18:26:16,249 | DEBUG    | historical_fetcher | [api_backfiller] FICO.ETORO: 4120→2964 Zeilen (-1156 Duplikate)
2026-10-04 18:26:16,251 | INFO     | historical_fetcher | [api_backfiller] FICO.ETORO: 2964 Zeilen gespeichert (price_prec=2, size_prec=2) → /home/minisforum/etoro_nautilus/data/nautilus/data/quote_tick/FICO.ETORO/OneDay/data.parquet
2026-10-04 18:26:17,355 | INFO     | historical_fetcher | [FISV.ETORO] Delta-Update: Fetch ab 2026-07-01T06:59:59+00:00 rückwärts bis 2025-08-10T16:23:32.334626+00:00
2026-10-04 18:26:17,681 | DEBUG    | historical_fetcher | [FISV.ETORO] OneHour: 1000 Candles, älteste: 2026-07-29T14:00:00+00:00
2026-10-04 18:26:18,905 | INFO     | historical_fetcher | [FISV.ETORO] Historische Tiefe für OneHour erreicht.
2026-10-04 18:26:19,052 | DEBUG    | historical_fetcher | [FISV.ETORO] OneDay: 1000 Candles, älteste: 2022-09-02T00:00:00+00:00
2026-10-04 18:26:20,153 | INFO     | historical_fetcher | [FISV.ETORO] Ziel-Startdatum mit OneDay erreicht.
2026-10-04 18:26:20,162 | INFO     | historical_fetcher | [FISV.ETORO] OneHour: 4000 Ticks → speichere (price_prec=2).
2026-10-04 18:26:20,167 | DEBUG    | historical_fetcher | [api_backfiller] FISV.ETORO: 9736→5736 Zeilen (-4000 Duplikate)
2026-10-04 18:26:20,170 | INFO     | historical_fetcher | [api_backfiller] FISV.ETORO: 5736 Zeilen gespeichert (price_prec=2, size_prec=2) → /home/minisforum/etoro_nautilus/data/nautilus/data/quote_tick/FISV.ETORO/OneHour/data.parquet
2026-10-04 18:26:20,174 | INFO     | historical_fetcher | [FISV.ETORO] OneDay: 1156 Ticks → speichere (price_prec=2).
2026-10-04 18:26:20,178 | DEBUG    | historical_fetcher | [api_backfiller] FISV.ETORO: 4120→2964 Zeilen (-1156 Duplikate)
2026-10-04 18:26:20,180 | INFO     | historical_fetcher | [api_backfiller] FISV.ETORO: 2964 Zeilen gespeichert (price_prec=2, size_prec=2) → /home/minisforum/etoro_nautilus/data/nautilus/data/quote_tick/FISV.ETORO/OneDay/data.parquet
2026-10-04 18:26:21,284 | INFO     | historical_fetcher | [FRO.ETORO] Delta-Update: Fetch ab 2026-02-05T18:59:59+00:00 rückwärts bis 2025-08-10T16:23:32.334626+00:00
2026-10-04 18:26:21,413 | DEBUG    | historical_fetcher | [FRO.ETORO] OneHour: 1000 Candles, älteste: 2026-03-10T16:00:00+00:00
2026-10-04 18:26:22,633 | INFO     | historical_fetcher | [FRO.ETORO] Historische Tiefe für OneHour erreicht.
2026-10-04 18:26:22,784 | DEBUG    | historical_fetcher | [FRO.ETORO] OneDay: 1000 Candles, älteste: 2022-08-22T00:00:00+00:00
2026-10-04 18:26:23,886 | INFO     | historical_fetcher | [FRO.ETORO] Ziel-Startdatum mit OneDay erreicht.
2026-10-04 18:26:23,895 | INFO     | historical_fetcher | [FRO.ETORO] OneHour: 4000 Ticks → speichere (price_prec=2).
2026-10-04 18:26:23,900 | DEBUG    | historical_fetcher | [api_backfiller] FRO.ETORO: 8592→4592 Zeilen (-4000 Duplikate)
2026-10-04 18:26:23,903 | INFO     | historical_fetcher | [api_backfiller] FRO.ETORO: 4592 Zeilen gespeichert (price_prec=2, size_prec=2) → /home/minisforum/etoro_nautilus/data/nautilus/data/quote_tick/FRO.ETORO/OneHour/data.parquet
2026-10-04 18:26:23,907 | INFO     | historical_fetcher | [FRO.ETORO] OneDay: 1120 Ticks → speichere (price_prec=2).
2026-10-04 18:26:23,911 | DEBUG    | historical_fetcher | [api_backfiller] FRO.ETORO: 4048→2928 Zeilen (-1120 Duplikate)
2026-10-04 18:26:23,913 | INFO     | historical_fetcher | [api_backfiller] FRO.ETORO: 2928 Zeilen gespeichert (price_prec=2, size_prec=2) → /home/minisforum/etoro_nautilus/data/nautilus/data/quote_tick/FRO.ETORO/OneDay/data.parquet
2026-10-04 18:26:25,017 | INFO     | historical_fetcher | [FSLY.ETORO] Delta-Update: Fetch ab 2026-02-05T18:59:59+00:00 rückwärts bis 2025-08-10T16:23:32.334626+00:00
2026-10-04 18:26:25,233 | DEBUG    | historical_fetcher | [FSLY.ETORO] OneHour: 1000 Candles, älteste: 2026-03-10T14:00:00+00:00
2026-10-04 18:26:26,662 | INFO     | historical_fetcher | [FSLY.ETORO] Historische Tiefe für OneHour erreicht.
2026-10-04 18:26:27,106 | DEBUG    | historical_fetcher | [FSLY.ETORO] OneDay: 1000 Candles, älteste: 2022-08-22T00:00:00+00:00
2026-10-04 18:26:28,207 | INFO     | historical_fetcher | [FSLY.ETORO] Ziel-Startdatum mit OneDay erreicht.
2026-10-04 18:26:28,215 | INFO     | historical_fetcher | [FSLY.ETORO] OneHour: 4000 Ticks → speichere (price_prec=2).
2026-10-04 18:26:28,220 | DEBUG    | historical_fetcher | [api_backfiller] FSLY.ETORO: 8592→4592 Zeilen (-4000 Duplikate)
2026-10-04 18:26:28,222 | INFO     | historical_fetcher | [api_backfiller] FSLY.ETORO: 4592 Zeilen gespeichert (price_prec=2, size_prec=2) → /home/minisforum/etoro_nautilus/data/nautilus/data/quote_tick/FSLY.ETORO/OneHour/data.parquet
2026-10-04 18:26:28,226 | INFO     | historical_fetcher | [FSLY.ETORO] OneDay: 1120 Ticks → speichere (price_prec=2).
2026-10-04 18:26:28,229 | DEBUG    | historical_fetcher | [api_backfiller] FSLY.ETORO: 4048→2928 Zeilen (-1120 Duplikate)
2026-10-04 18:26:28,231 | INFO     | historical_fetcher | [api_backfiller] FSLY.ETORO: 2928 Zeilen gespeichert (price_prec=2, size_prec=2) → /home/minisforum/etoro_nautilus/data/nautilus/data/quote_tick/FSLY.ETORO/OneDay/data.parquet
2026-10-04 18:26:29,336 | INFO     | historical_fetcher | [FTI.ETORO] Delta-Update: Fetch ab 2026-02-06T13:59:59+00:00 rückwärts bis 2025-08-10T16:23:32.334626+00:00
2026-10-04 18:26:29,468 | DEBUG    | historical_fetcher | [FTI.ETORO] OneHour: 1000 Candles, älteste: 2026-03-10T15:00:00+00:00
2026-10-04 18:26:30,686 | INFO     | historical_fetcher | [FTI.ETORO] Historische Tiefe für OneHour erreicht.
2026-10-04 18:26:30,816 | DEBUG    | historical_fetcher | [FTI.ETORO] OneDay: 1000 Candles, älteste: 2022-08-22T00:00:00+00:00
2026-10-04 18:26:31,916 | INFO     | historical_fetcher | [FTI.ETORO] Ziel-Startdatum mit OneDay erreicht.
2026-10-04 18:26:31,924 | INFO     | historical_fetcher | [FTI.ETORO] OneHour: 4000 Ticks → speichere (price_prec=2).
2026-10-04 18:26:31,928 | DEBUG    | historical_fetcher | [api_backfiller] FTI.ETORO: 8588→4588 Zeilen (-4000 Duplikate)
2026-10-04 18:26:31,931 | INFO     | historical_fetcher | [api_backfiller] FTI.ETORO: 4588 Zeilen gespeichert (price_prec=2, size_prec=2) → /home/minisforum/etoro_nautilus/data/nautilus/data/quote_tick/FTI.ETORO/OneHour/data.parquet
2026-10-04 18:26:31,935 | INFO     | historical_fetcher | [FTI.ETORO] OneDay: 1120 Ticks → speichere (price_prec=2).
2026-10-04 18:26:31,938 | DEBUG    | historical_fetcher | [api_backfiller] FTI.ETORO: 4048→2928 Zeilen (-1120 Duplikate)
2026-10-04 18:26:31,940 | INFO     | historical_fetcher | [api_backfiller] FTI.ETORO: 2928 Zeilen gespeichert (price_prec=2, size_prec=2) → /home/minisforum/etoro_nautilus/data/nautilus/data/quote_tick/FTI.ETORO/OneDay/data.parquet
2026-10-04 18:26:33,043 | INFO     | historical_fetcher | [FTNT.ETORO] Delta-Update: Fetch ab 2026-07-01T17:59:59+00:00 rückwärts bis 2025-08-10T16:23:32.334626+00:00
2026-10-04 18:26:33,845 | DEBUG    | historical_fetcher | [FTNT.ETORO] OneHour: 1000 Candles, älteste: 2026-07-28T14:00:00+00:00
2026-10-04 18:26:35,123 | INFO     | historical_fetcher | [FTNT.ETORO] Historische Tiefe für OneHour erreicht.
2026-10-04 18:26:35,253 | DEBUG    | historical_fetcher | [FTNT.ETORO] OneDay: 1000 Candles, älteste: 2022-09-02T00:00:00+00:00
2026-10-04 18:26:36,354 | INFO     | historical_fetcher | [FTNT.ETORO] Ziel-Startdatum mit OneDay erreicht.
2026-10-04 18:26:36,361 | INFO     | historical_fetcher | [FTNT.ETORO] OneHour: 4000 Ticks → speichere (price_prec=2).
2026-10-04 18:26:36,365 | DEBUG    | historical_fetcher | [api_backfiller] FTNT.ETORO: 9636→5636 Zeilen (-4000 Duplikate)
2026-10-04 18:26:36,367 | INFO     | historical_fetcher | [api_backfiller] FTNT.ETORO: 5636 Zeilen gespeichert (price_prec=2, size_prec=2) → /home/minisforum/etoro_nautilus/data/nautilus/data/quote_tick/FTNT.ETORO/OneHour/data.parquet
2026-10-04 18:26:36,370 | INFO     | historical_fetcher | [FTNT.ETORO] OneDay: 1156 Ticks → speichere (price_prec=2).
2026-10-04 18:26:36,373 | DEBUG    | historical_fetcher | [api_backfiller] FTNT.ETORO: 4120→2964 Zeilen (-1156 Duplikate)
2026-10-04 18:26:36,374 | INFO     | historical_fetcher | [api_backfiller] FTNT.ETORO: 2964 Zeilen gespeichert (price_prec=2, size_prec=2) → /home/minisforum/etoro_nautilus/data/nautilus/data/quote_tick/FTNT.ETORO/OneDay/data.parquet
2026-10-04 18:26:37,478 | INFO     | historical_fetcher | [GEV.ETORO] Delta-Update: Fetch ab 2026-07-02T16:59:59+00:00 rückwärts bis 2025-08-10T16:23:32.334626+00:00
2026-10-04 18:26:37,686 | DEBUG    | historical_fetcher | [GEV.ETORO] OneHour: 1000 Candles, älteste: 2026-08-03T20:00:00+00:00
2026-10-04 18:26:38,989 | INFO     | historical_fetcher | [GEV.ETORO] Historische Tiefe für OneHour erreicht.
2026-10-04 18:26:39,100 | DEBUG    | historical_fetcher | [GEV.ETORO] OneDay: 618 Candles, älteste: 2023-03-25T00:00:00+00:00
2026-10-04 18:26:40,201 | INFO     | historical_fetcher | [GEV.ETORO] Ziel-Startdatum mit OneDay erreicht.
2026-10-04 18:26:40,211 | INFO     | historical_fetcher | [GEV.ETORO] OneHour: 4000 Ticks → speichere (price_prec=2).
2026-10-04 18:26:40,217 | DEBUG    | historical_fetcher | [api_backfiller] GEV.ETORO: 9952→5952 Zeilen (-4000 Duplikate)
2026-10-04 18:26:40,220 | INFO     | historical_fetcher | [api_backfiller] GEV.ETORO: 5952 Zeilen gespeichert (price_prec=2, size_prec=2) → /home/minisforum/etoro_nautilus/data/nautilus/data/quote_tick/GEV.ETORO/OneHour/data.parquet
2026-10-04 18:26:40,223 | INFO     | historical_fetcher | [GEV.ETORO] OneDay: 1156 Ticks → speichere (price_prec=2).
2026-10-04 18:26:40,226 | DEBUG    | historical_fetcher | [api_backfiller] GEV.ETORO: 3620→2464 Zeilen (-1156 Duplikate)
2026-10-04 18:26:40,228 | INFO     | historical_fetcher | [api_backfiller] GEV.ETORO: 2464 Zeilen gespeichert (price_prec=2, size_prec=2) → /home/minisforum/etoro_nautilus/data/nautilus/data/quote_tick/GEV.ETORO/OneDay/data.parquet
2026-10-04 18:26:41,332 | INFO     | historical_fetcher | [GIS.ETORO] Delta-Update: Fetch ab 2026-07-01T00:59:59+00:00 rückwärts bis 2025-08-10T16:23:32.334626+00:00
2026-10-04 18:26:41,783 | DEBUG    | historical_fetcher | [GIS.ETORO] OneHour: 1000 Candles, älteste: 2026-07-30T11:00:00+00:00
2026-10-04 18:26:42,998 | INFO     | historical_fetcher | [GIS.ETORO] Historische Tiefe für OneHour erreicht.
2026-10-04 18:26:43,126 | DEBUG    | historical_fetcher | [GIS.ETORO] OneDay: 1000 Candles, älteste: 2022-09-02T00:00:00+00:00
2026-10-04 18:26:44,227 | INFO     | historical_fetcher | [GIS.ETORO] Ziel-Startdatum mit OneDay erreicht.
2026-10-04 18:26:44,236 | INFO     | historical_fetcher | [GIS.ETORO] OneHour: 4000 Ticks → speichere (price_prec=2).
2026-10-04 18:26:44,241 | DEBUG    | historical_fetcher | [api_backfiller] GIS.ETORO: 9864→5864 Zeilen (-4000 Duplikate)
2026-10-04 18:26:44,244 | INFO     | historical_fetcher | [api_backfiller] GIS.ETORO: 5864 Zeilen gespeichert (price_prec=2, size_prec=2) → /home/minisforum/etoro_nautilus/data/nautilus/data/quote_tick/GIS.ETORO/OneHour/data.parquet
2026-10-04 18:26:44,248 | INFO     | historical_fetcher | [GIS.ETORO] OneDay: 1156 Ticks → speichere (price_prec=2).
2026-10-04 18:26:44,251 | DEBUG    | historical_fetcher | [api_backfiller] GIS.ETORO: 4120→2964 Zeilen (-1156 Duplikate)
2026-10-04 18:26:44,252 | INFO     | historical_fetcher | [api_backfiller] GIS.ETORO: 2964 Zeilen gespeichert (price_prec=2, size_prec=2) → /home/minisforum/etoro_nautilus/data/nautilus/data/quote_tick/GIS.ETORO/OneDay/data.parquet
2026-10-04 18:26:45,357 | INFO     | historical_fetcher | [GLW.ETORO] Delta-Update: Fetch ab 2026-07-02T15:59:59+00:00 rückwärts bis 2025-08-10T16:23:32.334626+00:00
2026-10-04 18:26:45,852 | DEBUG    | historical_fetcher | [GLW.ETORO] OneHour: 1000 Candles, älteste: 2026-08-03T20:00:00+00:00
2026-10-04 18:26:47,316 | INFO     | historical_fetcher | [GLW.ETORO] Historische Tiefe für OneHour erreicht.
2026-10-04 18:26:47,433 | DEBUG    | historical_fetcher | [GLW.ETORO] OneDay: 1000 Candles, älteste: 2022-09-02T00:00:00+00:00
2026-10-04 18:26:48,534 | INFO     | historical_fetcher | [GLW.ETORO] Ziel-Startdatum mit OneDay erreicht.
2026-10-04 18:26:48,541 | INFO     | historical_fetcher | [GLW.ETORO] OneHour: 4000 Ticks → speichere (price_prec=2).
2026-10-04 18:26:48,545 | DEBUG    | historical_fetcher | [api_backfiller] GLW.ETORO: 9952→5952 Zeilen (-4000 Duplikate)
2026-10-04 18:26:48,547 | INFO     | historical_fetcher | [api_backfiller] GLW.ETORO: 5952 Zeilen gespeichert (price_prec=2, size_prec=2) → /home/minisforum/etoro_nautilus/data/nautilus/data/quote_tick/GLW.ETORO/OneHour/data.parquet
2026-10-04 18:26:48,550 | INFO     | historical_fetcher | [GLW.ETORO] OneDay: 1156 Ticks → speichere (price_prec=2).
2026-10-04 18:26:48,552 | DEBUG    | historical_fetcher | [api_backfiller] GLW.ETORO: 4120→2964 Zeilen (-1156 Duplikate)
2026-10-04 18:26:48,554 | INFO     | historical_fetcher | [api_backfiller] GLW.ETORO: 2964 Zeilen gespeichert (price_prec=2, size_prec=2) → /home/minisforum/etoro_nautilus/data/nautilus/data/quote_tick/GLW.ETORO/OneDay/data.parquet
2026-10-04 18:26:49,658 | INFO     | historical_fetcher | [GOOG.ETORO] Delta-Update: Fetch ab 2026-07-02T18:59:59+00:00 rückwärts bis 2025-08-10T16:23:32.334626+00:00
2026-10-04 18:26:49,837 | DEBUG    | historical_fetcher | [GOOG.ETORO] OneHour: 1000 Candles, älteste: 2026-08-03T20:00:00+00:00
2026-10-04 18:26:51,090 | INFO     | historical_fetcher | [GOOG.ETORO] Historische Tiefe für OneHour erreicht.
2026-10-04 18:26:51,228 | DEBUG    | historical_fetcher | [GOOG.ETORO] OneDay: 1000 Candles, älteste: 2022-09-02T00:00:00+00:00
2026-10-04 18:26:52,329 | INFO     | historical_fetcher | [GOOG.ETORO] Ziel-Startdatum mit OneDay erreicht.
2026-10-04 18:26:52,336 | INFO     | historical_fetcher | [GOOG.ETORO] OneHour: 4000 Ticks → speichere (price_prec=2).
2026-10-04 18:26:52,341 | DEBUG    | historical_fetcher | [api_backfiller] GOOG.ETORO: 9952→5952 Zeilen (-4000 Duplikate)
2026-10-04 18:26:52,343 | INFO     | historical_fetcher | [api_backfiller] GOOG.ETORO: 5952 Zeilen gespeichert (price_prec=2, size_prec=2) → /home/minisforum/etoro_nautilus/data/nautilus/data/quote_tick/GOOG.ETORO/OneHour/data.parquet
2026-10-04 18:26:52,346 | INFO     | historical_fetcher | [GOOG.ETORO] OneDay: 1156 Ticks → speichere (price_prec=2).
2026-10-04 18:26:52,349 | DEBUG    | historical_fetcher | [api_backfiller] GOOG.ETORO: 4120→2964 Zeilen (-1156 Duplikate)
2026-10-04 18:26:52,351 | INFO     | historical_fetcher | [api_backfiller] GOOG.ETORO: 2964 Zeilen gespeichert (price_prec=2, size_prec=2) → /home/minisforum/etoro_nautilus/data/nautilus/data/quote_tick/GOOG.ETORO/OneDay/data.parquet
2026-10-04 18:26:53,454 | INFO     | historical_fetcher | [GOOGL.ETORO] Delta-Update: Fetch ab 2026-07-02T17:59:59+00:00 rückwärts bis 2025-08-10T16:23:32.334626+00:00
2026-10-04 18:26:53,742 | DEBUG    | historical_fetcher | [GOOGL.ETORO] OneHour: 1000 Candles, älteste: 2026-08-03T20:00:00+00:00
2026-10-04 18:26:55,241 | INFO     | historical_fetcher | [GOOGL.ETORO] Historische Tiefe für OneHour erreicht.
2026-10-04 18:26:55,417 | DEBUG    | historical_fetcher | [GOOGL.ETORO] OneDay: 1000 Candles, älteste: 2022-09-02T00:00:00+00:00
2026-10-04 18:26:56,519 | INFO     | historical_fetcher | [GOOGL.ETORO] Ziel-Startdatum mit OneDay erreicht.
2026-10-04 18:26:56,527 | INFO     | historical_fetcher | [GOOGL.ETORO] OneHour: 4000 Ticks → speichere (price_prec=2).
2026-10-04 18:26:56,532 | DEBUG    | historical_fetcher | [api_backfiller] GOOGL.ETORO: 9956→5956 Zeilen (-4000 Duplikate)
2026-10-04 18:26:56,535 | INFO     | historical_fetcher | [api_backfiller] GOOGL.ETORO: 5956 Zeilen gespeichert (price_prec=2, size_prec=2) → /home/minisforum/etoro_nautilus/data/nautilus/data/quote_tick/GOOGL.ETORO/OneHour/data.parquet
2026-10-04 18:26:56,540 | INFO     | historical_fetcher | [GOOGL.ETORO] OneDay: 1156 Ticks → speichere (price_prec=2).
2026-10-04 18:26:56,543 | DEBUG    | historical_fetcher | [api_backfiller] GOOGL.ETORO: 4120→2964 Zeilen (-1156 Duplikate)
2026-10-04 18:26:56,545 | INFO     | historical_fetcher | [api_backfiller] GOOGL.ETORO: 2964 Zeilen gespeichert (price_prec=2, size_prec=2) → /home/minisforum/etoro_nautilus/data/nautilus/data/quote_tick/GOOGL.ETORO/OneDay/data.parquet
2026-10-04 18:26:57,650 | INFO     | historical_fetcher | [GRAB.ETORO] Delta-Update: Fetch ab 2026-02-05T19:59:59+00:00 rückwärts bis 2025-08-10T16:23:32.334626+00:00
2026-10-04 18:26:57,968 | DEBUG    | historical_fetcher | [GRAB.ETORO] OneHour: 1000 Candles, älteste: 2026-03-10T16:00:00+00:00
2026-10-04 18:26:59,177 | INFO     | historical_fetcher | [GRAB.ETORO] Historische Tiefe für OneHour erreicht.
2026-10-04 18:26:59,313 | DEBUG    | historical_fetcher | [GRAB.ETORO] OneDay: 1000 Candles, älteste: 2022-08-22T00:00:00+00:00
2026-10-04 18:27:00,414 | INFO     | historical_fetcher | [GRAB.ETORO] Ziel-Startdatum mit OneDay erreicht.
2026-10-04 18:27:00,423 | INFO     | historical_fetcher | [GRAB.ETORO] OneHour: 4000 Ticks → speichere (price_prec=2).
2026-10-04 18:27:00,427 | DEBUG    | historical_fetcher | [api_backfiller] GRAB.ETORO: 8592→4592 Zeilen (-4000 Duplikate)
2026-10-04 18:27:00,430 | INFO     | historical_fetcher | [api_backfiller] GRAB.ETORO: 4592 Zeilen gespeichert (price_prec=2, size_prec=2) → /home/minisforum/etoro_nautilus/data/nautilus/data/quote_tick/GRAB.ETORO/OneHour/data.parquet
2026-10-04 18:27:00,434 | INFO     | historical_fetcher | [GRAB.ETORO] OneDay: 1120 Ticks → speichere (price_prec=2).
2026-10-04 18:27:00,437 | DEBUG    | historical_fetcher | [api_backfiller] GRAB.ETORO: 4048→2928 Zeilen (-1120 Duplikate)
2026-10-04 18:27:00,438 | INFO     | historical_fetcher | [api_backfiller] GRAB.ETORO: 2928 Zeilen gespeichert (price_prec=2, size_prec=2) → /home/minisforum/etoro_nautilus/data/nautilus/data/quote_tick/GRAB.ETORO/OneDay/data.parquet
2026-10-04 18:27:01,543 | INFO     | historical_fetcher | [GSAT.ETORO] Delta-Update: Fetch ab 2026-02-06T13:59:59+00:00 rückwärts bis 2025-08-10T16:23:32.334626+00:00
2026-10-04 18:27:01,886 | DEBUG    | historical_fetcher | [GSAT.ETORO] OneHour: 1000 Candles, älteste: 2026-03-10T16:00:00+00:00
2026-10-04 18:27:25,232 | INFO     | historical_fetcher | [GSAT.ETORO] Historische Tiefe für OneHour erreicht.
2026-10-04 18:27:25,388 | DEBUG    | historical_fetcher | [GSAT.ETORO] OneDay: 1000 Candles, älteste: 2022-08-22T00:00:00+00:00
2026-10-04 18:27:26,489 | INFO     | historical_fetcher | [GSAT.ETORO] Ziel-Startdatum mit OneDay erreicht.
2026-10-04 18:27:26,496 | INFO     | historical_fetcher | [GSAT.ETORO] OneHour: 4000 Ticks → speichere (price_prec=2).
2026-10-04 18:27:26,500 | DEBUG    | historical_fetcher | [api_backfiller] GSAT.ETORO: 8592→4592 Zeilen (-4000 Duplikate)
2026-10-04 18:27:26,502 | INFO     | historical_fetcher | [api_backfiller] GSAT.ETORO: 4592 Zeilen gespeichert (price_prec=2, size_prec=2) → /home/minisforum/etoro_nautilus/data/nautilus/data/quote_tick/GSAT.ETORO/OneHour/data.parquet
2026-10-04 18:27:26,505 | INFO     | historical_fetcher | [GSAT.ETORO] OneDay: 1120 Ticks → speichere (price_prec=2).
2026-10-04 18:27:26,508 | DEBUG    | historical_fetcher | [api_backfiller] GSAT.ETORO: 4048→2928 Zeilen (-1120 Duplikate)
2026-10-04 18:27:26,509 | INFO     | historical_fetcher | [api_backfiller] GSAT.ETORO: 2928 Zeilen gespeichert (price_prec=2, size_prec=2) → /home/minisforum/etoro_nautilus/data/nautilus/data/quote_tick/GSAT.ETORO/OneDay/data.parquet
2026-10-04 18:27:27,614 | INFO     | historical_fetcher | [GTLB.ETORO] Delta-Update: Fetch ab 2026-02-06T13:59:59+00:00 rückwärts bis 2025-08-10T16:23:32.334626+00:00
2026-10-04 18:27:27,724 | DEBUG    | historical_fetcher | [GTLB.ETORO] OneHour: 1000 Candles, älteste: 2026-03-10T16:00:00+00:00
2026-10-04 18:27:28,950 | INFO     | historical_fetcher | [GTLB.ETORO] Historische Tiefe für OneHour erreicht.
2026-10-04 18:27:29,068 | DEBUG    | historical_fetcher | [GTLB.ETORO] OneDay: 1000 Candles, älteste: 2022-08-22T00:00:00+00:00
2026-10-04 18:27:30,169 | INFO     | historical_fetcher | [GTLB.ETORO] Ziel-Startdatum mit OneDay erreicht.
2026-10-04 18:27:30,176 | INFO     | historical_fetcher | [GTLB.ETORO] OneHour: 4000 Ticks → speichere (price_prec=2).
2026-10-04 18:27:30,180 | DEBUG    | historical_fetcher | [api_backfiller] GTLB.ETORO: 8592→4592 Zeilen (-4000 Duplikate)
2026-10-04 18:27:30,182 | INFO     | historical_fetcher | [api_backfiller] GTLB.ETORO: 4592 Zeilen gespeichert (price_prec=2, size_prec=2) → /home/minisforum/etoro_nautilus/data/nautilus/data/quote_tick/GTLB.ETORO/OneHour/data.parquet
2026-10-04 18:27:30,185 | INFO     | historical_fetcher | [GTLB.ETORO] OneDay: 1120 Ticks → speichere (price_prec=2).
2026-10-04 18:27:30,188 | DEBUG    | historical_fetcher | [api_backfiller] GTLB.ETORO: 4048→2928 Zeilen (-1120 Duplikate)
2026-10-04 18:27:30,189 | INFO     | historical_fetcher | [api_backfiller] GTLB.ETORO: 2928 Zeilen gespeichert (price_prec=2, size_prec=2) → /home/minisforum/etoro_nautilus/data/nautilus/data/quote_tick/GTLB.ETORO/OneDay/data.parquet
2026-10-04 18:27:31,292 | INFO     | historical_fetcher | [HAL.ETORO] Delta-Update: Fetch ab 2026-06-29T13:59:59+00:00 rückwärts bis 2025-08-10T16:23:32.334626+00:00
2026-10-04 18:27:32,376 | DEBUG    | historical_fetcher | [HAL.ETORO] OneHour: 1000 Candles, älteste: 2026-07-28T12:00:00+00:00
2026-10-04 18:27:33,882 | INFO     | historical_fetcher | [HAL.ETORO] Historische Tiefe für OneHour erreicht.
2026-10-04 18:27:34,025 | DEBUG    | historical_fetcher | [HAL.ETORO] OneDay: 1000 Candles, älteste: 2022-09-02T00:00:00+00:00
2026-10-04 18:27:35,126 | INFO     | historical_fetcher | [HAL.ETORO] Ziel-Startdatum mit OneDay erreicht.
2026-10-04 18:27:35,133 | INFO     | historical_fetcher | [HAL.ETORO] OneHour: 4000 Ticks → speichere (price_prec=2).
2026-10-04 18:27:35,137 | DEBUG    | historical_fetcher | [api_backfiller] HAL.ETORO: 9708→5708 Zeilen (-4000 Duplikate)
2026-10-04 18:27:35,139 | INFO     | historical_fetcher | [api_backfiller] HAL.ETORO: 5708 Zeilen gespeichert (price_prec=2, size_prec=2) → /home/minisforum/etoro_nautilus/data/nautilus/data/quote_tick/HAL.ETORO/OneHour/data.parquet
2026-10-04 18:27:35,142 | INFO     | historical_fetcher | [HAL.ETORO] OneDay: 1156 Ticks → speichere (price_prec=2).
2026-10-04 18:27:35,144 | DEBUG    | historical_fetcher | [api_backfiller] HAL.ETORO: 4120→2964 Zeilen (-1156 Duplikate)
2026-10-04 18:27:35,145 | INFO     | historical_fetcher | [api_backfiller] HAL.ETORO: 2964 Zeilen gespeichert (price_prec=2, size_prec=2) → /home/minisforum/etoro_nautilus/data/nautilus/data/quote_tick/HAL.ETORO/OneDay/data.parquet
2026-10-04 18:27:36,249 | INFO     | historical_fetcher | [HPE.ETORO] Delta-Update: Fetch ab 2026-08-03T18:59:59+00:00 rückwärts bis 2025-08-10T16:23:32.334626+00:00
2026-10-04 18:27:36,374 | DEBUG    | historical_fetcher | [HPE.ETORO] OneHour: 1000 Candles, älteste: 2026-08-03T19:00:00+00:00
2026-10-04 18:27:37,633 | INFO     | historical_fetcher | [HPE.ETORO] Historische Tiefe für OneHour erreicht.
2026-10-04 18:27:37,752 | DEBUG    | historical_fetcher | [HPE.ETORO] OneDay: 1000 Candles, älteste: 2022-09-02T00:00:00+00:00
2026-10-04 18:27:38,853 | INFO     | historical_fetcher | [HPE.ETORO] Ziel-Startdatum mit OneDay erreicht.
2026-10-04 18:27:38,863 | INFO     | historical_fetcher | [HPE.ETORO] OneHour: 4000 Ticks → speichere (price_prec=2).
2026-10-04 18:27:38,868 | DEBUG    | historical_fetcher | [api_backfiller] HPE.ETORO: 8000→4000 Zeilen (-4000 Duplikate)
2026-10-04 18:27:38,871 | INFO     | historical_fetcher | [api_backfiller] HPE.ETORO: 4000 Zeilen gespeichert (price_prec=2, size_prec=2) → /home/minisforum/etoro_nautilus/data/nautilus/data/quote_tick/HPE.ETORO/OneHour/data.parquet
2026-10-04 18:27:38,877 | INFO     | historical_fetcher | [HPE.ETORO] OneDay: 1156 Ticks → speichere (price_prec=2).
2026-10-04 18:27:38,881 | DEBUG    | historical_fetcher | [api_backfiller] HPE.ETORO: 4032→2876 Zeilen (-1156 Duplikate)
2026-10-04 18:27:38,883 | INFO     | historical_fetcher | [api_backfiller] HPE.ETORO: 2876 Zeilen gespeichert (price_prec=2, size_prec=2) → /home/minisforum/etoro_nautilus/data/nautilus/data/quote_tick/HPE.ETORO/OneDay/data.parquet
2026-10-04 18:27:39,987 | INFO     | historical_fetcher | [HUBS.ETORO] Delta-Update: Fetch ab 2026-02-06T13:59:59+00:00 rückwärts bis 2025-08-10T16:23:32.334626+00:00
2026-10-04 18:27:40,272 | DEBUG    | historical_fetcher | [HUBS.ETORO] OneHour: 1000 Candles, älteste: 2026-03-10T16:00:00+00:00
2026-10-04 18:27:41,507 | INFO     | historical_fetcher | [HUBS.ETORO] Historische Tiefe für OneHour erreicht.
2026-10-04 18:27:41,629 | DEBUG    | historical_fetcher | [HUBS.ETORO] OneDay: 1000 Candles, älteste: 2022-08-22T00:00:00+00:00
2026-10-04 18:27:42,730 | INFO     | historical_fetcher | [HUBS.ETORO] Ziel-Startdatum mit OneDay erreicht.
2026-10-04 18:27:42,736 | INFO     | historical_fetcher | [HUBS.ETORO] OneHour: 4000 Ticks → speichere (price_prec=2).
2026-10-04 18:27:42,741 | DEBUG    | historical_fetcher | [api_backfiller] HUBS.ETORO: 8592→4592 Zeilen (-4000 Duplikate)
2026-10-04 18:27:42,743 | INFO     | historical_fetcher | [api_backfiller] HUBS.ETORO: 4592 Zeilen gespeichert (price_prec=2, size_prec=2) → /home/minisforum/etoro_nautilus/data/nautilus/data/quote_tick/HUBS.ETORO/OneHour/data.parquet
2026-10-04 18:27:42,745 | INFO     | historical_fetcher | [HUBS.ETORO] OneDay: 1120 Ticks → speichere (price_prec=2).
2026-10-04 18:27:42,748 | DEBUG    | historical_fetcher | [api_backfiller] HUBS.ETORO: 4048→2928 Zeilen (-1120 Duplikate)
2026-10-04 18:27:42,749 | INFO     | historical_fetcher | [api_backfiller] HUBS.ETORO: 2928 Zeilen gespeichert (price_prec=2, size_prec=2) → /home/minisforum/etoro_nautilus/data/nautilus/data/quote_tick/HUBS.ETORO/OneDay/data.parquet
2026-10-04 18:27:43,852 | INFO     | historical_fetcher | [HUT.ETORO] Delta-Update: Fetch ab 2026-02-06T13:59:59+00:00 rückwärts bis 2025-08-10T16:23:32.334626+00:00
2026-10-04 18:27:44,002 | DEBUG    | historical_fetcher | [HUT.ETORO] OneHour: 1000 Candles, älteste: 2026-03-10T16:00:00+00:00
2026-10-04 18:27:45,522 | INFO     | historical_fetcher | [HUT.ETORO] Historische Tiefe für OneHour erreicht.
2026-10-04 18:27:45,982 | DEBUG    | historical_fetcher | [HUT.ETORO] OneDay: 1000 Candles, älteste: 2022-08-22T00:00:00+00:00
2026-10-04 18:27:47,083 | INFO     | historical_fetcher | [HUT.ETORO] Ziel-Startdatum mit OneDay erreicht.
2026-10-04 18:27:47,093 | INFO     | historical_fetcher | [HUT.ETORO] OneHour: 4000 Ticks → speichere (price_prec=2).
2026-10-04 18:27:47,097 | DEBUG    | historical_fetcher | [api_backfiller] HUT.ETORO: 8592→4592 Zeilen (-4000 Duplikate)
2026-10-04 18:27:47,100 | INFO     | historical_fetcher | [api_backfiller] HUT.ETORO: 4592 Zeilen gespeichert (price_prec=2, size_prec=2) → /home/minisforum/etoro_nautilus/data/nautilus/data/quote_tick/HUT.ETORO/OneHour/data.parquet
2026-10-04 18:27:47,104 | INFO     | historical_fetcher | [HUT.ETORO] OneDay: 1120 Ticks → speichere (price_prec=2).
2026-10-04 18:27:47,107 | DEBUG    | historical_fetcher | [api_backfiller] HUT.ETORO: 4048→2928 Zeilen (-1120 Duplikate)
2026-10-04 18:27:47,109 | INFO     | historical_fetcher | [api_backfiller] HUT.ETORO: 2928 Zeilen gespeichert (price_prec=2, size_prec=2) → /home/minisforum/etoro_nautilus/data/nautilus/data/quote_tick/HUT.ETORO/OneDay/data.parquet
2026-10-04 18:27:48,213 | INFO     | historical_fetcher | [ILMN.ETORO] Delta-Update: Fetch ab 2026-02-06T13:59:59+00:00 rückwärts bis 2025-08-10T16:23:32.334626+00:00
2026-10-04 18:27:48,348 | DEBUG    | historical_fetcher | [ILMN.ETORO] OneHour: 1000 Candles, älteste: 2026-03-10T16:00:00+00:00
2026-10-04 18:27:49,563 | INFO     | historical_fetcher | [ILMN.ETORO] Historische Tiefe für OneHour erreicht.
2026-10-04 18:27:49,708 | DEBUG    | historical_fetcher | [ILMN.ETORO] OneDay: 1000 Candles, älteste: 2022-08-22T00:00:00+00:00
2026-10-04 18:27:50,809 | INFO     | historical_fetcher | [ILMN.ETORO] Ziel-Startdatum mit OneDay erreicht.
2026-10-04 18:27:50,817 | INFO     | historical_fetcher | [ILMN.ETORO] OneHour: 4000 Ticks → speichere (price_prec=2).
2026-10-04 18:27:50,823 | DEBUG    | historical_fetcher | [api_backfiller] ILMN.ETORO: 8592→4592 Zeilen (-4000 Duplikate)
2026-10-04 18:27:50,826 | INFO     | historical_fetcher | [api_backfiller] ILMN.ETORO: 4592 Zeilen gespeichert (price_prec=2, size_prec=2) → /home/minisforum/etoro_nautilus/data/nautilus/data/quote_tick/ILMN.ETORO/OneHour/data.parquet
2026-10-04 18:27:50,830 | INFO     | historical_fetcher | [ILMN.ETORO] OneDay: 1120 Ticks → speichere (price_prec=2).
2026-10-04 18:27:50,833 | DEBUG    | historical_fetcher | [api_backfiller] ILMN.ETORO: 4048→2928 Zeilen (-1120 Duplikate)
2026-10-04 18:27:50,835 | INFO     | historical_fetcher | [api_backfiller] ILMN.ETORO: 2928 Zeilen gespeichert (price_prec=2, size_prec=2) → /home/minisforum/etoro_nautilus/data/nautilus/data/quote_tick/ILMN.ETORO/OneDay/data.parquet
2026-10-04 18:27:51,937 | INFO     | historical_fetcher | [INSM.ETORO] Delta-Update: Fetch ab 2026-02-06T14:59:59+00:00 rückwärts bis 2025-08-10T16:23:32.334626+00:00
2026-10-04 18:27:52,062 | DEBUG    | historical_fetcher | [INSM.ETORO] OneHour: 1000 Candles, älteste: 2026-03-10T16:00:00+00:00
2026-10-04 18:27:53,294 | INFO     | historical_fetcher | [INSM.ETORO] Historische Tiefe für OneHour erreicht.
2026-10-04 18:27:53,454 | DEBUG    | historical_fetcher | [INSM.ETORO] OneDay: 1000 Candles, älteste: 2022-08-22T00:00:00+00:00
2026-10-04 18:27:54,555 | INFO     | historical_fetcher | [INSM.ETORO] Ziel-Startdatum mit OneDay erreicht.
2026-10-04 18:27:54,564 | INFO     | historical_fetcher | [INSM.ETORO] OneHour: 4000 Ticks → speichere (price_prec=2).
2026-10-04 18:27:54,569 | DEBUG    | historical_fetcher | [api_backfiller] INSM.ETORO: 8588→4588 Zeilen (-4000 Duplikate)
2026-10-04 18:27:54,572 | INFO     | historical_fetcher | [api_backfiller] INSM.ETORO: 4588 Zeilen gespeichert (price_prec=2, size_prec=2) → /home/minisforum/etoro_nautilus/data/nautilus/data/quote_tick/INSM.ETORO/OneHour/data.parquet
2026-10-04 18:27:54,576 | INFO     | historical_fetcher | [INSM.ETORO] OneDay: 1120 Ticks → speichere (price_prec=2).
2026-10-04 18:27:54,579 | DEBUG    | historical_fetcher | [api_backfiller] INSM.ETORO: 4048→2928 Zeilen (-1120 Duplikate)
2026-10-04 18:27:54,582 | INFO     | historical_fetcher | [api_backfiller] INSM.ETORO: 2928 Zeilen gespeichert (price_prec=2, size_prec=2) → /home/minisforum/etoro_nautilus/data/nautilus/data/quote_tick/INSM.ETORO/OneDay/data.parquet
2026-10-04 18:27:55,685 | INFO     | historical_fetcher | [INTC.ETORO] Delta-Update: Fetch ab 2026-07-02T17:59:59+00:00 rückwärts bis 2025-08-10T16:23:32.334626+00:00
2026-10-04 18:27:55,847 | DEBUG    | historical_fetcher | [INTC.ETORO] OneHour: 1000 Candles, älteste: 2026-08-03T20:00:00+00:00
2026-10-04 18:27:57,063 | INFO     | historical_fetcher | [INTC.ETORO] Historische Tiefe für OneHour erreicht.
2026-10-04 18:27:57,180 | DEBUG    | historical_fetcher | [INTC.ETORO] OneDay: 1000 Candles, älteste: 2022-09-02T00:00:00+00:00
2026-10-04 18:27:58,280 | INFO     | historical_fetcher | [INTC.ETORO] Ziel-Startdatum mit OneDay erreicht.
2026-10-04 18:27:58,286 | INFO     | historical_fetcher | [INTC.ETORO] OneHour: 4000 Ticks → speichere (price_prec=2).
2026-10-04 18:27:58,290 | DEBUG    | historical_fetcher | [api_backfiller] INTC.ETORO: 9956→5956 Zeilen (-4000 Duplikate)
2026-10-04 18:27:58,292 | INFO     | historical_fetcher | [api_backfiller] INTC.ETORO: 5956 Zeilen gespeichert (price_prec=2, size_prec=2) → /home/minisforum/etoro_nautilus/data/nautilus/data/quote_tick/INTC.ETORO/OneHour/data.parquet
2026-10-04 18:27:58,296 | INFO     | historical_fetcher | [INTC.ETORO] OneDay: 1156 Ticks → speichere (price_prec=2).
2026-10-04 18:27:58,298 | DEBUG    | historical_fetcher | [api_backfiller] INTC.ETORO: 4120→2964 Zeilen (-1156 Duplikate)
2026-10-04 18:27:58,300 | INFO     | historical_fetcher | [api_backfiller] INTC.ETORO: 2964 Zeilen gespeichert (price_prec=2, size_prec=2) → /home/minisforum/etoro_nautilus/data/nautilus/data/quote_tick/INTC.ETORO/OneDay/data.parquet
2026-10-04 18:27:59,403 | INFO     | historical_fetcher | [INTU.ETORO] Delta-Update: Fetch ab 2026-07-02T18:59:59+00:00 rückwärts bis 2025-08-10T16:23:32.334626+00:00
2026-10-04 18:27:59,738 | DEBUG    | historical_fetcher | [INTU.ETORO] OneHour: 1000 Candles, älteste: 2026-08-03T12:00:00+00:00
2026-10-04 18:28:01,171 | INFO     | historical_fetcher | [INTU.ETORO] Historische Tiefe für OneHour erreicht.
2026-10-04 18:28:01,293 | DEBUG    | historical_fetcher | [INTU.ETORO] OneDay: 1000 Candles, älteste: 2022-09-02T00:00:00+00:00
2026-10-04 18:28:02,394 | INFO     | historical_fetcher | [INTU.ETORO] Ziel-Startdatum mit OneDay erreicht.
2026-10-04 18:28:02,402 | INFO     | historical_fetcher | [INTU.ETORO] OneHour: 4000 Ticks → speichere (price_prec=2).
2026-10-04 18:28:02,407 | DEBUG    | historical_fetcher | [api_backfiller] INTU.ETORO: 9920→5920 Zeilen (-4000 Duplikate)
2026-10-04 18:28:02,411 | INFO     | historical_fetcher | [api_backfiller] INTU.ETORO: 5920 Zeilen gespeichert (price_prec=2, size_prec=2) → /home/minisforum/etoro_nautilus/data/nautilus/data/quote_tick/INTU.ETORO/OneHour/data.parquet
2026-10-04 18:28:02,415 | INFO     | historical_fetcher | [INTU.ETORO] OneDay: 1156 Ticks → speichere (price_prec=2).
2026-10-04 18:28:02,418 | DEBUG    | historical_fetcher | [api_backfiller] INTU.ETORO: 4120→2964 Zeilen (-1156 Duplikate)
2026-10-04 18:28:02,420 | INFO     | historical_fetcher | [api_backfiller] INTU.ETORO: 2964 Zeilen gespeichert (price_prec=2, size_prec=2) → /home/minisforum/etoro_nautilus/data/nautilus/data/quote_tick/INTU.ETORO/OneDay/data.parquet
2026-10-04 18:28:03,524 | INFO     | historical_fetcher | [JAZZ.ETORO] Delta-Update: Fetch ab 2026-02-06T13:59:59+00:00 rückwärts bis 2025-08-10T16:23:32.334626+00:00
2026-10-04 18:28:03,906 | DEBUG    | historical_fetcher | [JAZZ.ETORO] OneHour: 1000 Candles, älteste: 2026-03-10T16:00:00+00:00
2026-10-04 18:28:05,137 | INFO     | historical_fetcher | [JAZZ.ETORO] Historische Tiefe für OneHour erreicht.
2026-10-04 18:28:05,253 | DEBUG    | historical_fetcher | [JAZZ.ETORO] OneDay: 1000 Candles, älteste: 2022-08-22T00:00:00+00:00
2026-10-04 18:28:06,355 | INFO     | historical_fetcher | [JAZZ.ETORO] Ziel-Startdatum mit OneDay erreicht.
2026-10-04 18:28:06,363 | INFO     | historical_fetcher | [JAZZ.ETORO] OneHour: 4000 Ticks → speichere (price_prec=2).
2026-10-04 18:28:06,368 | DEBUG    | historical_fetcher | [api_backfiller] JAZZ.ETORO: 8588→4588 Zeilen (-4000 Duplikate)
2026-10-04 18:28:06,371 | INFO     | historical_fetcher | [api_backfiller] JAZZ.ETORO: 4588 Zeilen gespeichert (price_prec=2, size_prec=2) → /home/minisforum/etoro_nautilus/data/nautilus/data/quote_tick/JAZZ.ETORO/OneHour/data.parquet
2026-10-04 18:28:06,375 | INFO     | historical_fetcher | [JAZZ.ETORO] OneDay: 1120 Ticks → speichere (price_prec=2).
2026-10-04 18:28:06,379 | DEBUG    | historical_fetcher | [api_backfiller] JAZZ.ETORO: 4048→2928 Zeilen (-1120 Duplikate)
2026-10-04 18:28:06,381 | INFO     | historical_fetcher | [api_backfiller] JAZZ.ETORO: 2928 Zeilen gespeichert (price_prec=2, size_prec=2) → /home/minisforum/etoro_nautilus/data/nautilus/data/quote_tick/JAZZ.ETORO/OneDay/data.parquet
2026-10-04 18:28:07,485 | INFO     | historical_fetcher | [JNJ.ETORO] Delta-Update: Fetch ab 2026-07-02T08:59:59+00:00 rückwärts bis 2025-08-10T16:23:32.334626+00:00
2026-10-04 18:28:07,707 | DEBUG    | historical_fetcher | [JNJ.ETORO] OneHour: 1000 Candles, älteste: 2026-07-31T18:00:00+00:00
2026-10-04 18:28:09,008 | INFO     | historical_fetcher | [JNJ.ETORO] Historische Tiefe für OneHour erreicht.
2026-10-04 18:28:09,125 | DEBUG    | historical_fetcher | [JNJ.ETORO] OneDay: 1000 Candles, älteste: 2022-09-02T00:00:00+00:00
2026-10-04 18:28:10,226 | INFO     | historical_fetcher | [JNJ.ETORO] Ziel-Startdatum mit OneDay erreicht.
2026-10-04 18:28:10,235 | INFO     | historical_fetcher | [JNJ.ETORO] OneHour: 4000 Ticks → speichere (price_prec=2).
2026-10-04 18:28:10,241 | DEBUG    | historical_fetcher | [api_backfiller] JNJ.ETORO: 9892→5892 Zeilen (-4000 Duplikate)
2026-10-04 18:28:10,244 | INFO     | historical_fetcher | [api_backfiller] JNJ.ETORO: 5892 Zeilen gespeichert (price_prec=2, size_prec=2) → /home/minisforum/etoro_nautilus/data/nautilus/data/quote_tick/JNJ.ETORO/OneHour/data.parquet
2026-10-04 18:28:10,248 | INFO     | historical_fetcher | [JNJ.ETORO] OneDay: 1156 Ticks → speichere (price_prec=2).
2026-10-04 18:28:10,251 | DEBUG    | historical_fetcher | [api_backfiller] JNJ.ETORO: 4120→2964 Zeilen (-1156 Duplikate)
2026-10-04 18:28:10,253 | INFO     | historical_fetcher | [api_backfiller] JNJ.ETORO: 2964 Zeilen gespeichert (price_prec=2, size_prec=2) → /home/minisforum/etoro_nautilus/data/nautilus/data/quote_tick/JNJ.ETORO/OneDay/data.parquet
2026-10-04 18:28:11,357 | INFO     | historical_fetcher | [KD.ETORO] Delta-Update: Fetch ab 2026-02-05T19:59:59+00:00 rückwärts bis 2025-08-10T16:23:32.334626+00:00
2026-10-04 18:28:11,869 | DEBUG    | historical_fetcher | [KD.ETORO] OneHour: 1000 Candles, älteste: 2026-03-10T14:00:00+00:00
2026-10-04 18:28:13,233 | INFO     | historical_fetcher | [KD.ETORO] Historische Tiefe für OneHour erreicht.
2026-10-04 18:28:13,380 | DEBUG    | historical_fetcher | [KD.ETORO] OneDay: 1000 Candles, älteste: 2022-08-22T00:00:00+00:00
2026-10-04 18:28:14,481 | INFO     | historical_fetcher | [KD.ETORO] Ziel-Startdatum mit OneDay erreicht.
2026-10-04 18:28:14,489 | INFO     | historical_fetcher | [KD.ETORO] OneHour: 4000 Ticks → speichere (price_prec=2).
2026-10-04 18:28:14,493 | DEBUG    | historical_fetcher | [api_backfiller] KD.ETORO: 8588→4588 Zeilen (-4000 Duplikate)
2026-10-04 18:28:14,495 | INFO     | historical_fetcher | [api_backfiller] KD.ETORO: 4588 Zeilen gespeichert (price_prec=2, size_prec=2) → /home/minisforum/etoro_nautilus/data/nautilus/data/quote_tick/KD.ETORO/OneHour/data.parquet
2026-10-04 18:28:14,497 | INFO     | historical_fetcher | [KD.ETORO] OneDay: 1120 Ticks → speichere (price_prec=2).
2026-10-04 18:28:14,500 | DEBUG    | historical_fetcher | [api_backfiller] KD.ETORO: 4048→2928 Zeilen (-1120 Duplikate)
2026-10-04 18:28:14,501 | INFO     | historical_fetcher | [api_backfiller] KD.ETORO: 2928 Zeilen gespeichert (price_prec=2, size_prec=2) → /home/minisforum/etoro_nautilus/data/nautilus/data/quote_tick/KD.ETORO/OneDay/data.parquet
2026-10-04 18:28:15,604 | INFO     | historical_fetcher | [KTOS.ETORO] Delta-Update: Fetch ab 2026-03-10T13:59:59+00:00 rückwärts bis 2025-08-10T16:23:32.334626+00:00
2026-10-04 18:28:16,096 | DEBUG    | historical_fetcher | [KTOS.ETORO] OneHour: 1000 Candles, älteste: 2026-03-10T15:00:00+00:00
2026-10-04 18:28:17,368 | DEBUG    | historical_fetcher | [KTOS.ETORO] OneHour: 1000 Candles, älteste: 2026-03-10T14:00:00+00:00
2026-10-04 18:28:18,695 | INFO     | historical_fetcher | [KTOS.ETORO] Historische Tiefe für OneHour erreicht.
2026-10-04 18:28:18,823 | DEBUG    | historical_fetcher | [KTOS.ETORO] OneDay: 1000 Candles, älteste: 2022-08-22T00:00:00+00:00
2026-10-04 18:28:19,924 | INFO     | historical_fetcher | [KTOS.ETORO] Ziel-Startdatum mit OneDay erreicht.
2026-10-04 18:28:19,939 | INFO     | historical_fetcher | [KTOS.ETORO] OneHour: 8000 Ticks → speichere (price_prec=2).
2026-10-04 18:28:19,944 | DEBUG    | historical_fetcher | [api_backfiller] KTOS.ETORO: 12004→4004 Zeilen (-8000 Duplikate)
2026-10-04 18:28:19,946 | INFO     | historical_fetcher | [api_backfiller] KTOS.ETORO: 4004 Zeilen gespeichert (price_prec=2, size_prec=2) → /home/minisforum/etoro_nautilus/data/nautilus/data/quote_tick/KTOS.ETORO/OneHour/data.parquet
2026-10-04 18:28:19,950 | INFO     | historical_fetcher | [KTOS.ETORO] OneDay: 1120 Ticks → speichere (price_prec=2).
2026-10-04 18:28:19,953 | DEBUG    | historical_fetcher | [api_backfiller] KTOS.ETORO: 3960→2840 Zeilen (-1120 Duplikate)
2026-10-04 18:28:19,955 | INFO     | historical_fetcher | [api_backfiller] KTOS.ETORO: 2840 Zeilen gespeichert (price_prec=2, size_prec=2) → /home/minisforum/etoro_nautilus/data/nautilus/data/quote_tick/KTOS.ETORO/OneDay/data.parquet
2026-10-04 18:28:21,059 | INFO     | historical_fetcher | [LLY.ETORO] Delta-Update: Fetch ab 2026-07-02T14:59:59+00:00 rückwärts bis 2025-08-10T16:23:32.334626+00:00
2026-10-04 18:28:21,235 | DEBUG    | historical_fetcher | [LLY.ETORO] OneHour: 1000 Candles, älteste: 2026-08-03T20:00:00+00:00
2026-10-04 18:28:22,464 | INFO     | historical_fetcher | [LLY.ETORO] Historische Tiefe für OneHour erreicht.
2026-10-04 18:28:22,599 | DEBUG    | historical_fetcher | [LLY.ETORO] OneDay: 1000 Candles, älteste: 2022-09-02T00:00:00+00:00
2026-10-04 18:28:23,700 | INFO     | historical_fetcher | [LLY.ETORO] Ziel-Startdatum mit OneDay erreicht.
2026-10-04 18:28:23,706 | INFO     | historical_fetcher | [LLY.ETORO] OneHour: 4000 Ticks → speichere (price_prec=2).
2026-10-04 18:28:23,709 | DEBUG    | historical_fetcher | [api_backfiller] LLY.ETORO: 9956→5956 Zeilen (-4000 Duplikate)
2026-10-04 18:28:23,712 | INFO     | historical_fetcher | [api_backfiller] LLY.ETORO: 5956 Zeilen gespeichert (price_prec=2, size_prec=2) → /home/minisforum/etoro_nautilus/data/nautilus/data/quote_tick/LLY.ETORO/OneHour/data.parquet
2026-10-04 18:28:23,714 | INFO     | historical_fetcher | [LLY.ETORO] OneDay: 1156 Ticks → speichere (price_prec=2).
2026-10-04 18:28:23,717 | DEBUG    | historical_fetcher | [api_backfiller] LLY.ETORO: 4120→2964 Zeilen (-1156 Duplikate)
2026-10-04 18:28:23,718 | INFO     | historical_fetcher | [api_backfiller] LLY.ETORO: 2964 Zeilen gespeichert (price_prec=2, size_prec=2) → /home/minisforum/etoro_nautilus/data/nautilus/data/quote_tick/LLY.ETORO/OneDay/data.parquet
2026-10-04 18:28:24,822 | INFO     | historical_fetcher | [LNTH.ETORO] Delta-Update: Fetch ab 2026-02-05T19:59:59+00:00 rückwärts bis 2025-08-10T16:23:32.334626+00:00
2026-10-04 18:28:24,989 | DEBUG    | historical_fetcher | [LNTH.ETORO] OneHour: 1000 Candles, älteste: 2026-03-10T14:00:00+00:00
2026-10-04 18:28:26,247 | INFO     | historical_fetcher | [LNTH.ETORO] Historische Tiefe für OneHour erreicht.
2026-10-04 18:28:26,370 | DEBUG    | historical_fetcher | [LNTH.ETORO] OneDay: 1000 Candles, älteste: 2022-08-23T00:00:00+00:00
2026-10-04 18:28:27,472 | INFO     | historical_fetcher | [LNTH.ETORO] Ziel-Startdatum mit OneDay erreicht.
2026-10-04 18:28:27,482 | INFO     | historical_fetcher | [LNTH.ETORO] OneHour: 4000 Ticks → speichere (price_prec=2).
2026-10-04 18:28:27,486 | DEBUG    | historical_fetcher | [api_backfiller] LNTH.ETORO: 8588→4588 Zeilen (-4000 Duplikate)
2026-10-04 18:28:27,488 | INFO     | historical_fetcher | [api_backfiller] LNTH.ETORO: 4588 Zeilen gespeichert (price_prec=2, size_prec=2) → /home/minisforum/etoro_nautilus/data/nautilus/data/quote_tick/LNTH.ETORO/OneHour/data.parquet
2026-10-04 18:28:27,491 | INFO     | historical_fetcher | [LNTH.ETORO] OneDay: 1120 Ticks → speichere (price_prec=2).
2026-10-04 18:28:27,493 | DEBUG    | historical_fetcher | [api_backfiller] LNTH.ETORO: 4048→2928 Zeilen (-1120 Duplikate)
2026-10-04 18:28:27,494 | INFO     | historical_fetcher | [api_backfiller] LNTH.ETORO: 2928 Zeilen gespeichert (price_prec=2, size_prec=2) → /home/minisforum/etoro_nautilus/data/nautilus/data/quote_tick/LNTH.ETORO/OneDay/data.parquet
2026-10-04 18:28:28,597 | INFO     | historical_fetcher | [LRCX.ETORO] Delta-Update: Fetch ab 2026-07-02T18:59:59+00:00 rückwärts bis 2025-08-10T16:23:32.334626+00:00
2026-10-04 18:28:28,756 | DEBUG    | historical_fetcher | [LRCX.ETORO] OneHour: 1000 Candles, älteste: 2026-08-03T20:00:00+00:00
2026-10-04 18:28:30,308 | INFO     | historical_fetcher | [LRCX.ETORO] Historische Tiefe für OneHour erreicht.
2026-10-04 18:28:30,438 | DEBUG    | historical_fetcher | [LRCX.ETORO] OneDay: 1000 Candles, älteste: 2022-09-02T00:00:00+00:00
2026-10-04 18:28:31,539 | INFO     | historical_fetcher | [LRCX.ETORO] Ziel-Startdatum mit OneDay erreicht.
2026-10-04 18:28:31,548 | INFO     | historical_fetcher | [LRCX.ETORO] OneHour: 4000 Ticks → speichere (price_prec=2).
2026-10-04 18:28:31,554 | DEBUG    | historical_fetcher | [api_backfiller] LRCX.ETORO: 9952→5952 Zeilen (-4000 Duplikate)
2026-10-04 18:28:31,557 | INFO     | historical_fetcher | [api_backfiller] LRCX.ETORO: 5952 Zeilen gespeichert (price_prec=2, size_prec=2) → /home/minisforum/etoro_nautilus/data/nautilus/data/quote_tick/LRCX.ETORO/OneHour/data.parquet
2026-10-04 18:28:31,561 | INFO     | historical_fetcher | [LRCX.ETORO] OneDay: 1156 Ticks → speichere (price_prec=2).
2026-10-04 18:28:31,564 | DEBUG    | historical_fetcher | [api_backfiller] LRCX.ETORO: 4120→2964 Zeilen (-1156 Duplikate)
2026-10-04 18:28:31,566 | INFO     | historical_fetcher | [api_backfiller] LRCX.ETORO: 2964 Zeilen gespeichert (price_prec=2, size_prec=2) → /home/minisforum/etoro_nautilus/data/nautilus/data/quote_tick/LRCX.ETORO/OneDay/data.parquet
2026-10-04 18:28:32,671 | INFO     | historical_fetcher | [LSCC.ETORO] Delta-Update: Fetch ab 2026-02-05T19:59:59+00:00 rückwärts bis 2025-08-10T16:23:32.334626+00:00
2026-10-04 18:28:32,801 | DEBUG    | historical_fetcher | [LSCC.ETORO] OneHour: 1000 Candles, älteste: 2026-03-10T15:00:00+00:00
2026-10-04 18:28:34,026 | INFO     | historical_fetcher | [LSCC.ETORO] Historische Tiefe für OneHour erreicht.
2026-10-04 18:28:34,166 | DEBUG    | historical_fetcher | [LSCC.ETORO] OneDay: 1000 Candles, älteste: 2022-08-22T00:00:00+00:00
2026-10-04 18:28:35,268 | INFO     | historical_fetcher | [LSCC.ETORO] Ziel-Startdatum mit OneDay erreicht.
2026-10-04 18:28:35,275 | INFO     | historical_fetcher | [LSCC.ETORO] OneHour: 4000 Ticks → speichere (price_prec=2).
2026-10-04 18:28:35,280 | DEBUG    | historical_fetcher | [api_backfiller] LSCC.ETORO: 8592→4592 Zeilen (-4000 Duplikate)
2026-10-04 18:28:35,282 | INFO     | historical_fetcher | [api_backfiller] LSCC.ETORO: 4592 Zeilen gespeichert (price_prec=2, size_prec=2) → /home/minisforum/etoro_nautilus/data/nautilus/data/quote_tick/LSCC.ETORO/OneHour/data.parquet
2026-10-04 18:28:35,287 | INFO     | historical_fetcher | [LSCC.ETORO] OneDay: 1120 Ticks → speichere (price_prec=2).
2026-10-04 18:28:35,290 | DEBUG    | historical_fetcher | [api_backfiller] LSCC.ETORO: 4048→2928 Zeilen (-1120 Duplikate)
2026-10-04 18:28:35,292 | INFO     | historical_fetcher | [api_backfiller] LSCC.ETORO: 2928 Zeilen gespeichert (price_prec=2, size_prec=2) → /home/minisforum/etoro_nautilus/data/nautilus/data/quote_tick/LSCC.ETORO/OneDay/data.parquet
2026-10-04 18:28:36,397 | INFO     | historical_fetcher | [LULU.ETORO] Delta-Update: Fetch ab 2026-07-02T07:59:59+00:00 rückwärts bis 2025-08-10T16:23:32.334626+00:00
2026-10-04 18:28:36,989 | DEBUG    | historical_fetcher | [LULU.ETORO] OneHour: 1000 Candles, älteste: 2026-08-03T16:00:00+00:00
2026-10-04 18:28:38,246 | INFO     | historical_fetcher | [LULU.ETORO] Historische Tiefe für OneHour erreicht.
2026-10-04 18:28:38,360 | DEBUG    | historical_fetcher | [LULU.ETORO] OneDay: 1000 Candles, älteste: 2022-09-02T00:00:00+00:00
2026-10-04 18:28:39,462 | INFO     | historical_fetcher | [LULU.ETORO] Ziel-Startdatum mit OneDay erreicht.
2026-10-04 18:28:39,471 | INFO     | historical_fetcher | [LULU.ETORO] OneHour: 4000 Ticks → speichere (price_prec=2).
2026-10-04 18:28:39,476 | DEBUG    | historical_fetcher | [api_backfiller] LULU.ETORO: 9948→5948 Zeilen (-4000 Duplikate)
2026-10-04 18:28:39,479 | INFO     | historical_fetcher | [api_backfiller] LULU.ETORO: 5948 Zeilen gespeichert (price_prec=2, size_prec=2) → /home/minisforum/etoro_nautilus/data/nautilus/data/quote_tick/LULU.ETORO/OneHour/data.parquet
2026-10-04 18:28:39,483 | INFO     | historical_fetcher | [LULU.ETORO] OneDay: 1156 Ticks → speichere (price_prec=2).
2026-10-04 18:28:39,486 | DEBUG    | historical_fetcher | [api_backfiller] LULU.ETORO: 4120→2964 Zeilen (-1156 Duplikate)
2026-10-04 18:28:39,488 | INFO     | historical_fetcher | [api_backfiller] LULU.ETORO: 2964 Zeilen gespeichert (price_prec=2, size_prec=2) → /home/minisforum/etoro_nautilus/data/nautilus/data/quote_tick/LULU.ETORO/OneDay/data.parquet
2026-10-04 18:28:40,591 | INFO     | historical_fetcher | [MBLY.ETORO] Delta-Update: Fetch ab 2026-02-06T13:59:59+00:00 rückwärts bis 2025-08-10T16:23:32.334626+00:00
2026-10-04 18:28:40,728 | DEBUG    | historical_fetcher | [MBLY.ETORO] OneHour: 1000 Candles, älteste: 2026-03-10T16:00:00+00:00
2026-10-04 18:28:41,954 | INFO     | historical_fetcher | [MBLY.ETORO] Historische Tiefe für OneHour erreicht.
2026-10-04 18:28:42,084 | DEBUG    | historical_fetcher | [MBLY.ETORO] OneDay: 954 Candles, älteste: 2022-10-26T00:00:00+00:00
2026-10-04 18:28:43,184 | INFO     | historical_fetcher | [MBLY.ETORO] Ziel-Startdatum mit OneDay erreicht.
2026-10-04 18:28:43,193 | INFO     | historical_fetcher | [MBLY.ETORO] OneHour: 4000 Ticks → speichere (price_prec=2).
2026-10-04 18:28:43,199 | DEBUG    | historical_fetcher | [api_backfiller] MBLY.ETORO: 8592→4592 Zeilen (-4000 Duplikate)
2026-10-04 18:28:43,202 | INFO     | historical_fetcher | [api_backfiller] MBLY.ETORO: 4592 Zeilen gespeichert (price_prec=2, size_prec=2) → /home/minisforum/etoro_nautilus/data/nautilus/data/quote_tick/MBLY.ETORO/OneHour/data.parquet
2026-10-04 18:28:43,207 | INFO     | historical_fetcher | [MBLY.ETORO] OneDay: 1120 Ticks → speichere (price_prec=2).
2026-10-04 18:28:43,210 | DEBUG    | historical_fetcher | [api_backfiller] MBLY.ETORO: 4048→2928 Zeilen (-1120 Duplikate)
2026-10-04 18:28:43,211 | INFO     | historical_fetcher | [api_backfiller] MBLY.ETORO: 2928 Zeilen gespeichert (price_prec=2, size_prec=2) → /home/minisforum/etoro_nautilus/data/nautilus/data/quote_tick/MBLY.ETORO/OneDay/data.parquet
2026-10-04 18:28:44,316 | INFO     | historical_fetcher | [MNDY.ETORO] Delta-Update: Fetch ab 2026-02-06T13:59:59+00:00 rückwärts bis 2025-08-10T16:23:32.334626+00:00
2026-10-04 18:28:44,641 | DEBUG    | historical_fetcher | [MNDY.ETORO] OneHour: 1000 Candles, älteste: 2026-03-10T15:00:00+00:00
2026-10-04 18:28:45,870 | INFO     | historical_fetcher | [MNDY.ETORO] Historische Tiefe für OneHour erreicht.
2026-10-04 18:28:45,992 | DEBUG    | historical_fetcher | [MNDY.ETORO] OneDay: 1000 Candles, älteste: 2022-08-22T00:00:00+00:00
2026-10-04 18:28:47,094 | INFO     | historical_fetcher | [MNDY.ETORO] Ziel-Startdatum mit OneDay erreicht.
2026-10-04 18:28:47,105 | INFO     | historical_fetcher | [MNDY.ETORO] OneHour: 4000 Ticks → speichere (price_prec=2).
2026-10-04 18:28:47,110 | DEBUG    | historical_fetcher | [api_backfiller] MNDY.ETORO: 8588→4588 Zeilen (-4000 Duplikate)
2026-10-04 18:28:47,113 | INFO     | historical_fetcher | [api_backfiller] MNDY.ETORO: 4588 Zeilen gespeichert (price_prec=2, size_prec=2) → /home/minisforum/etoro_nautilus/data/nautilus/data/quote_tick/MNDY.ETORO/OneHour/data.parquet
2026-10-04 18:28:47,119 | INFO     | historical_fetcher | [MNDY.ETORO] OneDay: 1120 Ticks → speichere (price_prec=2).
2026-10-04 18:28:47,122 | DEBUG    | historical_fetcher | [api_backfiller] MNDY.ETORO: 4048→2928 Zeilen (-1120 Duplikate)
2026-10-04 18:28:47,125 | INFO     | historical_fetcher | [api_backfiller] MNDY.ETORO: 2928 Zeilen gespeichert (price_prec=2, size_prec=2) → /home/minisforum/etoro_nautilus/data/nautilus/data/quote_tick/MNDY.ETORO/OneDay/data.parquet
2026-10-04 18:28:48,229 | INFO     | historical_fetcher | [MPC.ETORO] Delta-Update: Fetch ab 2026-07-17T10:59:59+00:00 rückwärts bis 2025-08-10T16:23:32.334626+00:00
2026-10-04 18:28:48,371 | DEBUG    | historical_fetcher | [MPC.ETORO] OneHour: 1000 Candles, älteste: 2026-07-17T12:00:00+00:00
2026-10-04 18:28:49,618 | INFO     | historical_fetcher | [MPC.ETORO] Historische Tiefe für OneHour erreicht.
2026-10-04 18:28:49,752 | DEBUG    | historical_fetcher | [MPC.ETORO] OneDay: 1000 Candles, älteste: 2022-09-01T00:00:00+00:00
2026-10-04 18:28:50,854 | INFO     | historical_fetcher | [MPC.ETORO] Ziel-Startdatum mit OneDay erreicht.
2026-10-04 18:28:50,862 | INFO     | historical_fetcher | [MPC.ETORO] OneHour: 4000 Ticks → speichere (price_prec=2).
2026-10-04 18:28:50,866 | DEBUG    | historical_fetcher | [api_backfiller] MPC.ETORO: 8004→4004 Zeilen (-4000 Duplikate)
2026-10-04 18:28:50,869 | INFO     | historical_fetcher | [api_backfiller] MPC.ETORO: 4004 Zeilen gespeichert (price_prec=2, size_prec=2) → /home/minisforum/etoro_nautilus/data/nautilus/data/quote_tick/MPC.ETORO/OneHour/data.parquet
2026-10-04 18:28:50,873 | INFO     | historical_fetcher | [MPC.ETORO] OneDay: 1152 Ticks → speichere (price_prec=2).
2026-10-04 18:28:50,876 | DEBUG    | historical_fetcher | [api_backfiller] MPC.ETORO: 4024→2872 Zeilen (-1152 Duplikate)
2026-10-04 18:28:50,878 | INFO     | historical_fetcher | [api_backfiller] MPC.ETORO: 2872 Zeilen gespeichert (price_prec=2, size_prec=2) → /home/minisforum/etoro_nautilus/data/nautilus/data/quote_tick/MPC.ETORO/OneDay/data.parquet
2026-10-04 18:28:51,982 | INFO     | historical_fetcher | [MRK.ETORO] Delta-Update: Fetch ab 2026-06-29T14:59:59+00:00 rückwärts bis 2025-08-10T16:23:32.334626+00:00
2026-10-04 18:28:52,250 | DEBUG    | historical_fetcher | [MRK.ETORO] OneHour: 1000 Candles, älteste: 2026-07-29T20:00:00+00:00
2026-10-04 18:28:53,593 | INFO     | historical_fetcher | [MRK.ETORO] Historische Tiefe für OneHour erreicht.
2026-10-04 18:28:53,946 | DEBUG    | historical_fetcher | [MRK.ETORO] OneDay: 1000 Candles, älteste: 2022-09-02T00:00:00+00:00
2026-10-04 18:28:55,046 | INFO     | historical_fetcher | [MRK.ETORO] Ziel-Startdatum mit OneDay erreicht.
2026-10-04 18:28:55,056 | INFO     | historical_fetcher | [MRK.ETORO] OneHour: 4000 Ticks → speichere (price_prec=2).
2026-10-04 18:28:55,062 | DEBUG    | historical_fetcher | [api_backfiller] MRK.ETORO: 9836→5836 Zeilen (-4000 Duplikate)
2026-10-04 18:28:55,065 | INFO     | historical_fetcher | [api_backfiller] MRK.ETORO: 5836 Zeilen gespeichert (price_prec=2, size_prec=2) → /home/minisforum/etoro_nautilus/data/nautilus/data/quote_tick/MRK.ETORO/OneHour/data.parquet
2026-10-04 18:28:55,070 | INFO     | historical_fetcher | [MRK.ETORO] OneDay: 1156 Ticks → speichere (price_prec=2).
2026-10-04 18:28:55,074 | DEBUG    | historical_fetcher | [api_backfiller] MRK.ETORO: 4120→2964 Zeilen (-1156 Duplikate)
2026-10-04 18:28:55,076 | INFO     | historical_fetcher | [api_backfiller] MRK.ETORO: 2964 Zeilen gespeichert (price_prec=2, size_prec=2) → /home/minisforum/etoro_nautilus/data/nautilus/data/quote_tick/MRK.ETORO/OneDay/data.parquet
2026-10-04 18:28:56,180 | INFO     | historical_fetcher | [MRVL.ETORO] Delta-Update: Fetch ab 2026-07-02T18:59:59+00:00 rückwärts bis 2025-08-10T16:23:32.334626+00:00
2026-10-04 18:28:56,302 | DEBUG    | historical_fetcher | [MRVL.ETORO] OneHour: 1000 Candles, älteste: 2026-08-03T20:00:00+00:00
2026-10-04 18:28:57,529 | INFO     | historical_fetcher | [MRVL.ETORO] Historische Tiefe für OneHour erreicht.
2026-10-04 18:28:57,656 | DEBUG    | historical_fetcher | [MRVL.ETORO] OneDay: 1000 Candles, älteste: 2022-09-02T00:00:00+00:00
2026-10-04 18:28:58,757 | INFO     | historical_fetcher | [MRVL.ETORO] Ziel-Startdatum mit OneDay erreicht.
2026-10-04 18:28:58,766 | INFO     | historical_fetcher | [MRVL.ETORO] OneHour: 4000 Ticks → speichere (price_prec=2).
2026-10-04 18:28:58,771 | DEBUG    | historical_fetcher | [api_backfiller] MRVL.ETORO: 9952→5952 Zeilen (-4000 Duplikate)
2026-10-04 18:28:58,774 | INFO     | historical_fetcher | [api_backfiller] MRVL.ETORO: 5952 Zeilen gespeichert (price_prec=2, size_prec=2) → /home/minisforum/etoro_nautilus/data/nautilus/data/quote_tick/MRVL.ETORO/OneHour/data.parquet
2026-10-04 18:28:58,777 | INFO     | historical_fetcher | [MRVL.ETORO] OneDay: 1156 Ticks → speichere (price_prec=2).
2026-10-04 18:28:58,779 | DEBUG    | historical_fetcher | [api_backfiller] MRVL.ETORO: 4120→2964 Zeilen (-1156 Duplikate)
2026-10-04 18:28:58,781 | INFO     | historical_fetcher | [api_backfiller] MRVL.ETORO: 2964 Zeilen gespeichert (price_prec=2, size_prec=2) → /home/minisforum/etoro_nautilus/data/nautilus/data/quote_tick/MRVL.ETORO/OneDay/data.parquet
2026-10-04 18:28:59,885 | INFO     | historical_fetcher | [MSTR.ETORO] Delta-Update: Fetch ab 2026-07-02T18:59:59+00:00 rückwärts bis 2025-08-10T16:23:32.334626+00:00
2026-10-04 18:29:00,056 | DEBUG    | historical_fetcher | [MSTR.ETORO] OneHour: 1000 Candles, älteste: 2026-08-03T20:00:00+00:00
2026-10-04 18:29:01,295 | INFO     | historical_fetcher | [MSTR.ETORO] Historische Tiefe für OneHour erreicht.
2026-10-04 18:29:01,429 | DEBUG    | historical_fetcher | [MSTR.ETORO] OneDay: 1000 Candles, älteste: 2022-09-02T00:00:00+00:00
2026-10-04 18:29:02,530 | INFO     | historical_fetcher | [MSTR.ETORO] Ziel-Startdatum mit OneDay erreicht.
2026-10-04 18:29:02,539 | INFO     | historical_fetcher | [MSTR.ETORO] OneHour: 4000 Ticks → speichere (price_prec=2).
2026-10-04 18:29:02,544 | DEBUG    | historical_fetcher | [api_backfiller] MSTR.ETORO: 9952→5952 Zeilen (-4000 Duplikate)
2026-10-04 18:29:02,547 | INFO     | historical_fetcher | [api_backfiller] MSTR.ETORO: 5952 Zeilen gespeichert (price_prec=2, size_prec=2) → /home/minisforum/etoro_nautilus/data/nautilus/data/quote_tick/MSTR.ETORO/OneHour/data.parquet
2026-10-04 18:29:02,552 | INFO     | historical_fetcher | [MSTR.ETORO] OneDay: 1156 Ticks → speichere (price_prec=2).
2026-10-04 18:29:02,555 | DEBUG    | historical_fetcher | [api_backfiller] MSTR.ETORO: 4120→2964 Zeilen (-1156 Duplikate)
2026-10-04 18:29:02,557 | INFO     | historical_fetcher | [api_backfiller] MSTR.ETORO: 2964 Zeilen gespeichert (price_prec=2, size_prec=2) → /home/minisforum/etoro_nautilus/data/nautilus/data/quote_tick/MSTR.ETORO/OneDay/data.parquet
2026-10-04 18:29:03,662 | INFO     | historical_fetcher | [MTZ.ETORO] Delta-Update: Fetch ab 2026-02-06T13:59:59+00:00 rückwärts bis 2025-08-10T16:23:32.334626+00:00
2026-10-04 18:29:04,401 | DEBUG    | historical_fetcher | [MTZ.ETORO] OneHour: 1000 Candles, älteste: 2026-03-10T15:00:00+00:00
2026-10-04 18:29:05,677 | INFO     | historical_fetcher | [MTZ.ETORO] Historische Tiefe für OneHour erreicht.
2026-10-04 18:29:05,797 | DEBUG    | historical_fetcher | [MTZ.ETORO] OneDay: 1000 Candles, älteste: 2022-08-22T00:00:00+00:00
2026-10-04 18:29:06,899 | INFO     | historical_fetcher | [MTZ.ETORO] Ziel-Startdatum mit OneDay erreicht.
2026-10-04 18:29:06,907 | INFO     | historical_fetcher | [MTZ.ETORO] OneHour: 4000 Ticks → speichere (price_prec=2).
2026-10-04 18:29:06,911 | DEBUG    | historical_fetcher | [api_backfiller] MTZ.ETORO: 8588→4588 Zeilen (-4000 Duplikate)
2026-10-04 18:29:06,913 | INFO     | historical_fetcher | [api_backfiller] MTZ.ETORO: 4588 Zeilen gespeichert (price_prec=2, size_prec=2) → /home/minisforum/etoro_nautilus/data/nautilus/data/quote_tick/MTZ.ETORO/OneHour/data.parquet
2026-10-04 18:29:06,916 | INFO     | historical_fetcher | [MTZ.ETORO] OneDay: 1120 Ticks → speichere (price_prec=2).
2026-10-04 18:29:06,918 | DEBUG    | historical_fetcher | [api_backfiller] MTZ.ETORO: 4048→2928 Zeilen (-1120 Duplikate)
2026-10-04 18:29:06,919 | INFO     | historical_fetcher | [api_backfiller] MTZ.ETORO: 2928 Zeilen gespeichert (price_prec=2, size_prec=2) → /home/minisforum/etoro_nautilus/data/nautilus/data/quote_tick/MTZ.ETORO/OneDay/data.parquet
2026-10-04 18:29:08,024 | INFO     | historical_fetcher | [MU.ETORO] Delta-Update: Fetch ab 2026-07-02T18:59:59+00:00 rückwärts bis 2025-08-10T16:23:32.334626+00:00
2026-10-04 18:29:08,425 | DEBUG    | historical_fetcher | [MU.ETORO] OneHour: 1000 Candles, älteste: 2026-08-03T20:00:00+00:00
2026-10-04 18:29:10,011 | INFO     | historical_fetcher | [MU.ETORO] Historische Tiefe für OneHour erreicht.
2026-10-04 18:29:10,138 | DEBUG    | historical_fetcher | [MU.ETORO] OneDay: 1000 Candles, älteste: 2022-09-02T00:00:00+00:00
2026-10-04 18:29:11,240 | INFO     | historical_fetcher | [MU.ETORO] Ziel-Startdatum mit OneDay erreicht.
2026-10-04 18:29:11,248 | INFO     | historical_fetcher | [MU.ETORO] OneHour: 4000 Ticks → speichere (price_prec=2).
2026-10-04 18:29:11,254 | DEBUG    | historical_fetcher | [api_backfiller] MU.ETORO: 9952→5952 Zeilen (-4000 Duplikate)
2026-10-04 18:29:11,257 | INFO     | historical_fetcher | [api_backfiller] MU.ETORO: 5952 Zeilen gespeichert (price_prec=2, size_prec=2) → /home/minisforum/etoro_nautilus/data/nautilus/data/quote_tick/MU.ETORO/OneHour/data.parquet
2026-10-04 18:29:11,261 | INFO     | historical_fetcher | [MU.ETORO] OneDay: 1156 Ticks → speichere (price_prec=2).
2026-10-04 18:29:11,264 | DEBUG    | historical_fetcher | [api_backfiller] MU.ETORO: 4120→2964 Zeilen (-1156 Duplikate)
2026-10-04 18:29:11,266 | INFO     | historical_fetcher | [api_backfiller] MU.ETORO: 2964 Zeilen gespeichert (price_prec=2, size_prec=2) → /home/minisforum/etoro_nautilus/data/nautilus/data/quote_tick/MU.ETORO/OneDay/data.parquet
2026-10-04 18:29:12,371 | INFO     | historical_fetcher | [NATGAS.ETORO] Delta-Update: Fetch ab 2026-07-03T05:59:59+00:00 rückwärts bis 2025-08-10T16:23:32.334626+00:00
2026-10-04 18:29:12,496 | DEBUG    | historical_fetcher | [NATGAS.ETORO] OneHour: 1000 Candles, älteste: 2026-08-18T16:00:00+00:00
2026-10-04 18:29:13,846 | INFO     | historical_fetcher | [NATGAS.ETORO] Historische Tiefe für OneHour erreicht.
2026-10-04 18:29:13,956 | DEBUG    | historical_fetcher | [NATGAS.ETORO] OneDay: 1000 Candles, älteste: 2022-12-01T00:00:00+00:00
2026-10-04 18:29:15,058 | INFO     | historical_fetcher | [NATGAS.ETORO] Ziel-Startdatum mit OneDay erreicht.
2026-10-04 18:29:15,065 | INFO     | historical_fetcher | [NATGAS.ETORO] OneHour: 4000 Ticks → speichere (price_prec=5).
2026-10-04 18:29:15,070 | DEBUG    | historical_fetcher | [api_backfiller] NATGAS.ETORO: 10972→6972 Zeilen (-4000 Duplikate)
2026-10-04 18:29:15,073 | INFO     | historical_fetcher | [api_backfiller] NATGAS.ETORO: 6972 Zeilen gespeichert (price_prec=5, size_prec=5) → /home/minisforum/etoro_nautilus/data/nautilus/data/quote_tick/NATGAS.ETORO/OneHour/data.parquet
2026-10-04 18:29:15,076 | INFO     | historical_fetcher | [NATGAS.ETORO] OneDay: 1228 Ticks → speichere (price_prec=5).
2026-10-04 18:29:15,078 | DEBUG    | historical_fetcher | [api_backfiller] NATGAS.ETORO: 4408→3180 Zeilen (-1228 Duplikate)
2026-10-04 18:29:15,080 | INFO     | historical_fetcher | [api_backfiller] NATGAS.ETORO: 3180 Zeilen gespeichert (price_prec=5, size_prec=5) → /home/minisforum/etoro_nautilus/data/nautilus/data/quote_tick/NATGAS.ETORO/OneDay/data.parquet
2026-10-04 18:29:16,184 | INFO     | historical_fetcher | [NFLX.ETORO] Delta-Update: Fetch ab 2026-07-02T18:59:59+00:00 rückwärts bis 2025-08-10T16:23:32.334626+00:00
2026-10-04 18:29:16,321 | DEBUG    | historical_fetcher | [NFLX.ETORO] OneHour: 1000 Candles, älteste: 2026-08-03T19:00:00+00:00
2026-10-04 18:29:17,572 | INFO     | historical_fetcher | [NFLX.ETORO] Historische Tiefe für OneHour erreicht.
2026-10-04 18:29:17,735 | DEBUG    | historical_fetcher | [NFLX.ETORO] OneDay: 1000 Candles, älteste: 2022-09-02T00:00:00+00:00
2026-10-04 18:29:18,837 | INFO     | historical_fetcher | [NFLX.ETORO] Ziel-Startdatum mit OneDay erreicht.
2026-10-04 18:29:18,843 | INFO     | historical_fetcher | [NFLX.ETORO] OneHour: 4000 Ticks → speichere (price_prec=2).
2026-10-04 18:29:18,848 | DEBUG    | historical_fetcher | [api_backfiller] NFLX.ETORO: 9948→5948 Zeilen (-4000 Duplikate)
2026-10-04 18:29:18,879 | INFO     | historical_fetcher | [api_backfiller] NFLX.ETORO: 5948 Zeilen gespeichert (price_prec=2, size_prec=2) → /home/minisforum/etoro_nautilus/data/nautilus/data/quote_tick/NFLX.ETORO/OneHour/data.parquet
2026-10-04 18:29:18,883 | INFO     | historical_fetcher | [NFLX.ETORO] OneDay: 1156 Ticks → speichere (price_prec=2).
2026-10-04 18:29:18,886 | DEBUG    | historical_fetcher | [api_backfiller] NFLX.ETORO: 4120→2964 Zeilen (-1156 Duplikate)
2026-10-04 18:29:18,888 | INFO     | historical_fetcher | [api_backfiller] NFLX.ETORO: 2964 Zeilen gespeichert (price_prec=2, size_prec=2) → /home/minisforum/etoro_nautilus/data/nautilus/data/quote_tick/NFLX.ETORO/OneDay/data.parquet
2026-10-04 18:29:19,992 | INFO     | historical_fetcher | [NKE.ETORO] Delta-Update: Fetch ab 2026-07-02T14:59:59+00:00 rückwärts bis 2025-08-10T16:23:32.334626+00:00
2026-10-04 18:29:20,187 | DEBUG    | historical_fetcher | [NKE.ETORO] OneHour: 1000 Candles, älteste: 2026-08-03T20:00:00+00:00
2026-10-04 18:29:21,595 | INFO     | historical_fetcher | [NKE.ETORO] Historische Tiefe für OneHour erreicht.
2026-10-04 18:29:21,749 | DEBUG    | historical_fetcher | [NKE.ETORO] OneDay: 1000 Candles, älteste: 2022-09-02T00:00:00+00:00
2026-10-04 18:29:22,851 | INFO     | historical_fetcher | [NKE.ETORO] Ziel-Startdatum mit OneDay erreicht.
2026-10-04 18:29:22,859 | INFO     | historical_fetcher | [NKE.ETORO] OneHour: 4000 Ticks → speichere (price_prec=2).
2026-10-04 18:29:22,864 | DEBUG    | historical_fetcher | [api_backfiller] NKE.ETORO: 9956→5956 Zeilen (-4000 Duplikate)
2026-10-04 18:29:22,866 | INFO     | historical_fetcher | [api_backfiller] NKE.ETORO: 5956 Zeilen gespeichert (price_prec=2, size_prec=2) → /home/minisforum/etoro_nautilus/data/nautilus/data/quote_tick/NKE.ETORO/OneHour/data.parquet
2026-10-04 18:29:22,871 | INFO     | historical_fetcher | [NKE.ETORO] OneDay: 1156 Ticks → speichere (price_prec=2).
2026-10-04 18:29:22,874 | DEBUG    | historical_fetcher | [api_backfiller] NKE.ETORO: 4120→2964 Zeilen (-1156 Duplikate)
2026-10-04 18:29:22,875 | INFO     | historical_fetcher | [api_backfiller] NKE.ETORO: 2964 Zeilen gespeichert (price_prec=2, size_prec=2) → /home/minisforum/etoro_nautilus/data/nautilus/data/quote_tick/NKE.ETORO/OneDay/data.parquet
2026-10-04 18:29:23,980 | INFO     | historical_fetcher | [NOK.ETORO] Delta-Update: Fetch ab 2026-02-05T19:59:59+00:00 rückwärts bis 2025-08-10T16:23:32.334626+00:00
2026-10-04 18:29:24,107 | DEBUG    | historical_fetcher | [NOK.ETORO] OneHour: 1000 Candles, älteste: 2026-03-10T15:00:00+00:00
2026-10-04 18:29:25,426 | INFO     | historical_fetcher | [NOK.ETORO] Historische Tiefe für OneHour erreicht.
2026-10-04 18:29:25,552 | DEBUG    | historical_fetcher | [NOK.ETORO] OneDay: 1000 Candles, älteste: 2022-08-22T00:00:00+00:00
2026-10-04 18:29:26,653 | INFO     | historical_fetcher | [NOK.ETORO] Ziel-Startdatum mit OneDay erreicht.
2026-10-04 18:29:26,663 | INFO     | historical_fetcher | [NOK.ETORO] OneHour: 4000 Ticks → speichere (price_prec=2).
2026-10-04 18:29:26,667 | DEBUG    | historical_fetcher | [api_backfiller] NOK.ETORO: 8592→4592 Zeilen (-4000 Duplikate)
2026-10-04 18:29:26,669 | INFO     | historical_fetcher | [api_backfiller] NOK.ETORO: 4592 Zeilen gespeichert (price_prec=2, size_prec=2) → /home/minisforum/etoro_nautilus/data/nautilus/data/quote_tick/NOK.ETORO/OneHour/data.parquet
2026-10-04 18:29:26,671 | INFO     | historical_fetcher | [NOK.ETORO] OneDay: 1120 Ticks → speichere (price_prec=2).
2026-10-04 18:29:26,674 | DEBUG    | historical_fetcher | [api_backfiller] NOK.ETORO: 4048→2928 Zeilen (-1120 Duplikate)
2026-10-04 18:29:26,675 | INFO     | historical_fetcher | [api_backfiller] NOK.ETORO: 2928 Zeilen gespeichert (price_prec=2, size_prec=2) → /home/minisforum/etoro_nautilus/data/nautilus/data/quote_tick/NOK.ETORO/OneDay/data.parquet
2026-10-04 18:29:27,779 | INFO     | historical_fetcher | [NOW.ETORO] Delta-Update: Fetch ab 2026-07-02T17:59:59+00:00 rückwärts bis 2025-08-10T16:23:32.334626+00:00
2026-10-04 18:29:27,923 | DEBUG    | historical_fetcher | [NOW.ETORO] OneHour: 1000 Candles, älteste: 2026-08-03T18:00:00+00:00
2026-10-04 18:29:29,462 | INFO     | historical_fetcher | [NOW.ETORO] Historische Tiefe für OneHour erreicht.
2026-10-04 18:29:29,596 | DEBUG    | historical_fetcher | [NOW.ETORO] OneDay: 1000 Candles, älteste: 2022-09-02T00:00:00+00:00
2026-10-04 18:29:30,697 | INFO     | historical_fetcher | [NOW.ETORO] Ziel-Startdatum mit OneDay erreicht.
2026-10-04 18:29:30,708 | INFO     | historical_fetcher | [NOW.ETORO] OneHour: 4000 Ticks → speichere (price_prec=2).
2026-10-04 18:29:30,714 | DEBUG    | historical_fetcher | [api_backfiller] NOW.ETORO: 9948→5948 Zeilen (-4000 Duplikate)
2026-10-04 18:29:30,716 | INFO     | historical_fetcher | [api_backfiller] NOW.ETORO: 5948 Zeilen gespeichert (price_prec=2, size_prec=2) → /home/minisforum/etoro_nautilus/data/nautilus/data/quote_tick/NOW.ETORO/OneHour/data.parquet
2026-10-04 18:29:30,719 | INFO     | historical_fetcher | [NOW.ETORO] OneDay: 1156 Ticks → speichere (price_prec=2).
2026-10-04 18:29:30,722 | DEBUG    | historical_fetcher | [api_backfiller] NOW.ETORO: 4120→2964 Zeilen (-1156 Duplikate)
2026-10-04 18:29:30,723 | INFO     | historical_fetcher | [api_backfiller] NOW.ETORO: 2964 Zeilen gespeichert (price_prec=2, size_prec=2) → /home/minisforum/etoro_nautilus/data/nautilus/data/quote_tick/NOW.ETORO/OneDay/data.parquet
2026-10-04 18:29:31,826 | INFO     | historical_fetcher | [NTRA.ETORO] Delta-Update: Fetch ab 2026-03-10T14:59:59+00:00 rückwärts bis 2025-08-10T16:23:32.334626+00:00
2026-10-04 18:29:32,031 | DEBUG    | historical_fetcher | [NTRA.ETORO] OneHour: 1000 Candles, älteste: 2026-03-10T16:00:00+00:00
2026-10-04 18:29:33,263 | DEBUG    | historical_fetcher | [NTRA.ETORO] OneHour: 1000 Candles, älteste: 2026-03-10T15:00:00+00:00
2026-10-04 18:29:34,514 | DEBUG    | historical_fetcher | [NTRA.ETORO] OneHour: 1000 Candles, älteste: 2026-03-10T16:00:00+00:00
2026-10-04 18:29:35,743 | INFO     | historical_fetcher | [NTRA.ETORO] Historische Tiefe für OneHour erreicht.
2026-10-04 18:29:35,864 | DEBUG    | historical_fetcher | [NTRA.ETORO] OneDay: 1000 Candles, älteste: 2022-08-22T00:00:00+00:00
2026-10-04 18:29:36,965 | INFO     | historical_fetcher | [NTRA.ETORO] Ziel-Startdatum mit OneDay erreicht.
2026-10-04 18:29:36,987 | INFO     | historical_fetcher | [NTRA.ETORO] OneHour: 12000 Ticks → speichere (price_prec=2).
2026-10-04 18:29:36,993 | DEBUG    | historical_fetcher | [api_backfiller] NTRA.ETORO: 16004→4004 Zeilen (-12000 Duplikate)
2026-10-04 18:29:36,996 | INFO     | historical_fetcher | [api_backfiller] NTRA.ETORO: 4004 Zeilen gespeichert (price_prec=2, size_prec=2) → /home/minisforum/etoro_nautilus/data/nautilus/data/quote_tick/NTRA.ETORO/OneHour/data.parquet
2026-10-04 18:29:37,000 | INFO     | historical_fetcher | [NTRA.ETORO] OneDay: 1120 Ticks → speichere (price_prec=2).
2026-10-04 18:29:37,003 | DEBUG    | historical_fetcher | [api_backfiller] NTRA.ETORO: 3960→2840 Zeilen (-1120 Duplikate)
2026-10-04 18:29:37,005 | INFO     | historical_fetcher | [api_backfiller] NTRA.ETORO: 2840 Zeilen gespeichert (price_prec=2, size_prec=2) → /home/minisforum/etoro_nautilus/data/nautilus/data/quote_tick/NTRA.ETORO/OneDay/data.parquet
2026-10-04 18:29:38,110 | INFO     | historical_fetcher | [NUE.ETORO] Delta-Update: Fetch ab 2026-05-29T07:59:59+00:00 rückwärts bis 2025-08-10T16:23:32.334626+00:00
2026-10-04 18:29:38,257 | DEBUG    | historical_fetcher | [NUE.ETORO] OneHour: 1000 Candles, älteste: 2026-06-17T18:00:00+00:00
2026-10-04 18:29:39,907 | INFO     | historical_fetcher | [NUE.ETORO] Historische Tiefe für OneHour erreicht.
2026-10-04 18:29:40,157 | DEBUG    | historical_fetcher | [NUE.ETORO] OneDay: 1000 Candles, älteste: 2022-09-02T00:00:00+00:00
2026-10-04 18:29:41,259 | INFO     | historical_fetcher | [NUE.ETORO] Ziel-Startdatum mit OneDay erreicht.
2026-10-04 18:29:41,267 | INFO     | historical_fetcher | [NUE.ETORO] OneHour: 4000 Ticks → speichere (price_prec=2).
2026-10-04 18:29:41,272 | DEBUG    | historical_fetcher | [api_backfiller] NUE.ETORO: 9000→5000 Zeilen (-4000 Duplikate)
2026-10-04 18:29:41,275 | INFO     | historical_fetcher | [api_backfiller] NUE.ETORO: 5000 Zeilen gespeichert (price_prec=2, size_prec=2) → /home/minisforum/etoro_nautilus/data/nautilus/data/quote_tick/NUE.ETORO/OneHour/data.parquet
2026-10-04 18:29:41,279 | INFO     | historical_fetcher | [NUE.ETORO] OneDay: 1156 Ticks → speichere (price_prec=2).
2026-10-04 18:29:41,282 | DEBUG    | historical_fetcher | [api_backfiller] NUE.ETORO: 4120→2964 Zeilen (-1156 Duplikate)
2026-10-04 18:29:41,284 | INFO     | historical_fetcher | [api_backfiller] NUE.ETORO: 2964 Zeilen gespeichert (price_prec=2, size_prec=2) → /home/minisforum/etoro_nautilus/data/nautilus/data/quote_tick/NUE.ETORO/OneDay/data.parquet
2026-10-04 18:29:42,389 | INFO     | historical_fetcher | [NVDA.ETORO] Delta-Update: Fetch ab 2026-07-02T18:59:59+00:00 rückwärts bis 2025-08-10T16:23:32.334626+00:00
2026-10-04 18:29:42,528 | DEBUG    | historical_fetcher | [NVDA.ETORO] OneHour: 1000 Candles, älteste: 2026-08-03T20:00:00+00:00
2026-10-04 18:29:44,002 | INFO     | historical_fetcher | [NVDA.ETORO] Historische Tiefe für OneHour erreicht.
2026-10-04 18:29:44,147 | DEBUG    | historical_fetcher | [NVDA.ETORO] OneDay: 1000 Candles, älteste: 2022-09-02T00:00:00+00:00
2026-10-04 18:29:45,248 | INFO     | historical_fetcher | [NVDA.ETORO] Ziel-Startdatum mit OneDay erreicht.
2026-10-04 18:29:45,257 | INFO     | historical_fetcher | [NVDA.ETORO] OneHour: 4000 Ticks → speichere (price_prec=2).
2026-10-04 18:29:45,263 | DEBUG    | historical_fetcher | [api_backfiller] NVDA.ETORO: 9952→5952 Zeilen (-4000 Duplikate)
2026-10-04 18:29:45,266 | INFO     | historical_fetcher | [api_backfiller] NVDA.ETORO: 5952 Zeilen gespeichert (price_prec=2, size_prec=2) → /home/minisforum/etoro_nautilus/data/nautilus/data/quote_tick/NVDA.ETORO/OneHour/data.parquet
2026-10-04 18:29:45,270 | INFO     | historical_fetcher | [NVDA.ETORO] OneDay: 1156 Ticks → speichere (price_prec=2).
2026-10-04 18:29:45,274 | DEBUG    | historical_fetcher | [api_backfiller] NVDA.ETORO: 4120→2964 Zeilen (-1156 Duplikate)
2026-10-04 18:29:45,276 | INFO     | historical_fetcher | [api_backfiller] NVDA.ETORO: 2964 Zeilen gespeichert (price_prec=2, size_prec=2) → /home/minisforum/etoro_nautilus/data/nautilus/data/quote_tick/NVDA.ETORO/OneDay/data.parquet
2026-10-04 18:29:46,380 | INFO     | historical_fetcher | [NVO.ETORO] Delta-Update: Fetch ab 2026-02-05T19:59:59+00:00 rückwärts bis 2025-08-10T16:23:32.334626+00:00
2026-10-04 18:29:46,704 | DEBUG    | historical_fetcher | [NVO.ETORO] OneHour: 1000 Candles, älteste: 2026-03-10T14:00:00+00:00
2026-10-04 18:29:48,028 | INFO     | historical_fetcher | [NVO.ETORO] Historische Tiefe für OneHour erreicht.
2026-10-04 18:29:48,267 | DEBUG    | historical_fetcher | [NVO.ETORO] OneDay: 1000 Candles, älteste: 2022-08-22T00:00:00+00:00
2026-10-04 18:29:49,370 | INFO     | historical_fetcher | [NVO.ETORO] Ziel-Startdatum mit OneDay erreicht.
2026-10-04 18:29:49,379 | INFO     | historical_fetcher | [NVO.ETORO] OneHour: 4000 Ticks → speichere (price_prec=2).
2026-10-04 18:29:49,383 | DEBUG    | historical_fetcher | [api_backfiller] NVO.ETORO: 8592→4592 Zeilen (-4000 Duplikate)
2026-10-04 18:29:49,385 | INFO     | historical_fetcher | [api_backfiller] NVO.ETORO: 4592 Zeilen gespeichert (price_prec=2, size_prec=2) → /home/minisforum/etoro_nautilus/data/nautilus/data/quote_tick/NVO.ETORO/OneHour/data.parquet
2026-10-04 18:29:49,389 | INFO     | historical_fetcher | [NVO.ETORO] OneDay: 1120 Ticks → speichere (price_prec=2).
2026-10-04 18:29:49,392 | DEBUG    | historical_fetcher | [api_backfiller] NVO.ETORO: 4048→2928 Zeilen (-1120 Duplikate)
2026-10-04 18:29:49,393 | INFO     | historical_fetcher | [api_backfiller] NVO.ETORO: 2928 Zeilen gespeichert (price_prec=2, size_prec=2) → /home/minisforum/etoro_nautilus/data/nautilus/data/quote_tick/NVO.ETORO/OneDay/data.parquet
2026-10-04 18:29:50,497 | INFO     | historical_fetcher | [NVS.ETORO] Delta-Update: Fetch ab 2026-02-06T14:59:59+00:00 rückwärts bis 2025-08-10T16:23:32.334626+00:00
2026-10-04 18:29:50,763 | DEBUG    | historical_fetcher | [NVS.ETORO] OneHour: 1000 Candles, älteste: 2026-03-10T16:00:00+00:00
2026-10-04 18:29:52,102 | INFO     | historical_fetcher | [NVS.ETORO] Historische Tiefe für OneHour erreicht.
2026-10-04 18:29:52,362 | DEBUG    | historical_fetcher | [NVS.ETORO] OneDay: 1000 Candles, älteste: 2022-08-22T00:00:00+00:00
2026-10-04 18:29:53,464 | INFO     | historical_fetcher | [NVS.ETORO] Ziel-Startdatum mit OneDay erreicht.
2026-10-04 18:29:53,473 | INFO     | historical_fetcher | [NVS.ETORO] OneHour: 4000 Ticks → speichere (price_prec=2).
2026-10-04 18:29:53,477 | DEBUG    | historical_fetcher | [api_backfiller] NVS.ETORO: 8588→4588 Zeilen (-4000 Duplikate)
2026-10-04 18:29:53,480 | INFO     | historical_fetcher | [api_backfiller] NVS.ETORO: 4588 Zeilen gespeichert (price_prec=2, size_prec=2) → /home/minisforum/etoro_nautilus/data/nautilus/data/quote_tick/NVS.ETORO/OneHour/data.parquet
2026-10-04 18:29:53,484 | INFO     | historical_fetcher | [NVS.ETORO] OneDay: 1120 Ticks → speichere (price_prec=2).
2026-10-04 18:29:53,487 | DEBUG    | historical_fetcher | [api_backfiller] NVS.ETORO: 4048→2928 Zeilen (-1120 Duplikate)
2026-10-04 18:29:53,489 | INFO     | historical_fetcher | [api_backfiller] NVS.ETORO: 2928 Zeilen gespeichert (price_prec=2, size_prec=2) → /home/minisforum/etoro_nautilus/data/nautilus/data/quote_tick/NVS.ETORO/OneDay/data.parquet
2026-10-04 18:29:54,594 | INFO     | historical_fetcher | [ONTO.ETORO] Delta-Update: Fetch ab 2026-02-05T19:59:59+00:00 rückwärts bis 2025-08-10T16:23:32.334626+00:00
2026-10-04 18:29:55,320 | DEBUG    | historical_fetcher | [ONTO.ETORO] OneHour: 1000 Candles, älteste: 2026-03-10T15:00:00+00:00
2026-10-04 18:29:56,653 | INFO     | historical_fetcher | [ONTO.ETORO] Historische Tiefe für OneHour erreicht.
2026-10-04 18:29:56,797 | DEBUG    | historical_fetcher | [ONTO.ETORO] OneDay: 1000 Candles, älteste: 2022-08-22T00:00:00+00:00
2026-10-04 18:29:57,898 | INFO     | historical_fetcher | [ONTO.ETORO] Ziel-Startdatum mit OneDay erreicht.
2026-10-04 18:29:57,905 | INFO     | historical_fetcher | [ONTO.ETORO] OneHour: 4000 Ticks → speichere (price_prec=2).
2026-10-04 18:29:57,910 | DEBUG    | historical_fetcher | [api_backfiller] ONTO.ETORO: 8588→4588 Zeilen (-4000 Duplikate)
2026-10-04 18:29:57,911 | INFO     | historical_fetcher | [api_backfiller] ONTO.ETORO: 4588 Zeilen gespeichert (price_prec=2, size_prec=2) → /home/minisforum/etoro_nautilus/data/nautilus/data/quote_tick/ONTO.ETORO/OneHour/data.parquet
2026-10-04 18:29:57,914 | INFO     | historical_fetcher | [ONTO.ETORO] OneDay: 1120 Ticks → speichere (price_prec=2).
2026-10-04 18:29:57,917 | DEBUG    | historical_fetcher | [api_backfiller] ONTO.ETORO: 4048→2928 Zeilen (-1120 Duplikate)
2026-10-04 18:29:57,918 | INFO     | historical_fetcher | [api_backfiller] ONTO.ETORO: 2928 Zeilen gespeichert (price_prec=2, size_prec=2) → /home/minisforum/etoro_nautilus/data/nautilus/data/quote_tick/ONTO.ETORO/OneDay/data.parquet
2026-10-04 18:29:59,023 | INFO     | historical_fetcher | [ORCL.ETORO] Delta-Update: Fetch ab 2026-07-02T19:59:59+00:00 rückwärts bis 2025-08-10T16:23:32.334626+00:00
2026-10-04 18:29:59,508 | DEBUG    | historical_fetcher | [ORCL.ETORO] OneHour: 1000 Candles, älteste: 2026-08-03T20:00:00+00:00
2026-10-04 18:30:01,178 | INFO     | historical_fetcher | [ORCL.ETORO] Historische Tiefe für OneHour erreicht.
2026-10-04 18:30:01,404 | DEBUG    | historical_fetcher | [ORCL.ETORO] OneDay: 1000 Candles, älteste: 2022-09-02T00:00:00+00:00
2026-10-04 18:30:02,506 | INFO     | historical_fetcher | [ORCL.ETORO] Ziel-Startdatum mit OneDay erreicht.
2026-10-04 18:30:02,514 | INFO     | historical_fetcher | [ORCL.ETORO] OneHour: 4000 Ticks → speichere (price_prec=2).
2026-10-04 18:30:02,519 | DEBUG    | historical_fetcher | [api_backfiller] ORCL.ETORO: 9948→5948 Zeilen (-4000 Duplikate)
2026-10-04 18:30:02,521 | INFO     | historical_fetcher | [api_backfiller] ORCL.ETORO: 5948 Zeilen gespeichert (price_prec=2, size_prec=2) → /home/minisforum/etoro_nautilus/data/nautilus/data/quote_tick/ORCL.ETORO/OneHour/data.parquet
2026-10-04 18:30:02,524 | INFO     | historical_fetcher | [ORCL.ETORO] OneDay: 1156 Ticks → speichere (price_prec=2).
2026-10-04 18:30:02,526 | DEBUG    | historical_fetcher | [api_backfiller] ORCL.ETORO: 4120→2964 Zeilen (-1156 Duplikate)
2026-10-04 18:30:02,528 | INFO     | historical_fetcher | [api_backfiller] ORCL.ETORO: 2964 Zeilen gespeichert (price_prec=2, size_prec=2) → /home/minisforum/etoro_nautilus/data/nautilus/data/quote_tick/ORCL.ETORO/OneDay/data.parquet
2026-10-04 18:30:03,632 | INFO     | historical_fetcher | [PALL.ETORO] Delta-Update: Fetch ab 2026-02-05T19:59:59+00:00 rückwärts bis 2025-08-10T16:23:32.334626+00:00
2026-10-04 18:30:03,812 | DEBUG    | historical_fetcher | [PALL.ETORO] OneHour: 1000 Candles, älteste: 2026-03-10T15:00:00+00:00
2026-10-04 18:30:05,055 | INFO     | historical_fetcher | [PALL.ETORO] Historische Tiefe für OneHour erreicht.
2026-10-04 18:30:05,203 | DEBUG    | historical_fetcher | [PALL.ETORO] OneDay: 1000 Candles, älteste: 2022-08-22T00:00:00+00:00
2026-10-04 18:30:06,305 | INFO     | historical_fetcher | [PALL.ETORO] Ziel-Startdatum mit OneDay erreicht.
2026-10-04 18:30:06,313 | INFO     | historical_fetcher | [PALL.ETORO] OneHour: 4000 Ticks → speichere (price_prec=5).
2026-10-04 18:30:06,318 | DEBUG    | historical_fetcher | [api_backfiller] PALL.ETORO: 8592→4592 Zeilen (-4000 Duplikate)
2026-10-04 18:30:06,320 | INFO     | historical_fetcher | [api_backfiller] PALL.ETORO: 4592 Zeilen gespeichert (price_prec=5, size_prec=5) → /home/minisforum/etoro_nautilus/data/nautilus/data/quote_tick/PALL.ETORO/OneHour/data.parquet
2026-10-04 18:30:06,325 | INFO     | historical_fetcher | [PALL.ETORO] OneDay: 1120 Ticks → speichere (price_prec=5).
2026-10-04 18:30:06,328 | DEBUG    | historical_fetcher | [api_backfiller] PALL.ETORO: 4048→2928 Zeilen (-1120 Duplikate)
2026-10-04 18:30:06,330 | INFO     | historical_fetcher | [api_backfiller] PALL.ETORO: 2928 Zeilen gespeichert (price_prec=5, size_prec=5) → /home/minisforum/etoro_nautilus/data/nautilus/data/quote_tick/PALL.ETORO/OneDay/data.parquet
2026-10-04 18:30:07,434 | INFO     | historical_fetcher | [PBR.ETORO] Delta-Update: Fetch ab 2026-02-06T13:59:59+00:00 rückwärts bis 2025-08-10T16:23:32.334626+00:00
2026-10-04 18:30:07,632 | DEBUG    | historical_fetcher | [PBR.ETORO] OneHour: 1000 Candles, älteste: 2026-03-10T15:00:00+00:00
2026-10-04 18:30:08,879 | DEBUG    | historical_fetcher | [PBR.ETORO] OneHour: 1000 Candles, älteste: 2026-03-10T16:00:00+00:00
2026-10-04 18:30:10,116 | INFO     | historical_fetcher | [PBR.ETORO] Historische Tiefe für OneHour erreicht.
2026-10-04 18:30:10,236 | DEBUG    | historical_fetcher | [PBR.ETORO] OneDay: 1000 Candles, älteste: 2022-08-22T00:00:00+00:00
2026-10-04 18:30:11,338 | INFO     | historical_fetcher | [PBR.ETORO] Ziel-Startdatum mit OneDay erreicht.
2026-10-04 18:30:11,353 | INFO     | historical_fetcher | [PBR.ETORO] OneHour: 8000 Ticks → speichere (price_prec=2).
2026-10-04 18:30:11,358 | DEBUG    | historical_fetcher | [api_backfiller] PBR.ETORO: 12592→4592 Zeilen (-8000 Duplikate)
2026-10-04 18:30:11,361 | INFO     | historical_fetcher | [api_backfiller] PBR.ETORO: 4592 Zeilen gespeichert (price_prec=2, size_prec=2) → /home/minisforum/etoro_nautilus/data/nautilus/data/quote_tick/PBR.ETORO/OneHour/data.parquet
2026-10-04 18:30:11,365 | INFO     | historical_fetcher | [PBR.ETORO] OneDay: 1120 Ticks → speichere (price_prec=2).
2026-10-04 18:30:11,368 | DEBUG    | historical_fetcher | [api_backfiller] PBR.ETORO: 4048→2928 Zeilen (-1120 Duplikate)
2026-10-04 18:30:11,370 | INFO     | historical_fetcher | [api_backfiller] PBR.ETORO: 2928 Zeilen gespeichert (price_prec=2, size_prec=2) → /home/minisforum/etoro_nautilus/data/nautilus/data/quote_tick/PBR.ETORO/OneDay/data.parquet
2026-10-04 18:30:12,475 | INFO     | historical_fetcher | [PDD.ETORO] Delta-Update: Fetch ab 2026-07-02T18:59:59+00:00 rückwärts bis 2025-08-10T16:23:32.334626+00:00
2026-10-04 18:30:12,631 | DEBUG    | historical_fetcher | [PDD.ETORO] OneHour: 1000 Candles, älteste: 2026-08-03T20:00:00+00:00
2026-10-04 18:30:13,993 | INFO     | historical_fetcher | [PDD.ETORO] Historische Tiefe für OneHour erreicht.
2026-10-04 18:30:14,136 | DEBUG    | historical_fetcher | [PDD.ETORO] OneDay: 1000 Candles, älteste: 2022-09-02T00:00:00+00:00
2026-10-04 18:30:15,237 | INFO     | historical_fetcher | [PDD.ETORO] Ziel-Startdatum mit OneDay erreicht.
2026-10-04 18:30:15,246 | INFO     | historical_fetcher | [PDD.ETORO] OneHour: 4000 Ticks → speichere (price_prec=2).
2026-10-04 18:30:15,251 | DEBUG    | historical_fetcher | [api_backfiller] PDD.ETORO: 9952→5952 Zeilen (-4000 Duplikate)
2026-10-04 18:30:15,254 | INFO     | historical_fetcher | [api_backfiller] PDD.ETORO: 5952 Zeilen gespeichert (price_prec=2, size_prec=2) → /home/minisforum/etoro_nautilus/data/nautilus/data/quote_tick/PDD.ETORO/OneHour/data.parquet
2026-10-04 18:30:15,258 | INFO     | historical_fetcher | [PDD.ETORO] OneDay: 1156 Ticks → speichere (price_prec=2).
2026-10-04 18:30:15,262 | DEBUG    | historical_fetcher | [api_backfiller] PDD.ETORO: 4120→2964 Zeilen (-1156 Duplikate)
2026-10-04 18:30:15,264 | INFO     | historical_fetcher | [api_backfiller] PDD.ETORO: 2964 Zeilen gespeichert (price_prec=2, size_prec=2) → /home/minisforum/etoro_nautilus/data/nautilus/data/quote_tick/PDD.ETORO/OneDay/data.parquet
2026-10-04 18:30:16,369 | INFO     | historical_fetcher | [PEPExM.ETORO] Delta-Update: Fetch ab 2026-07-23T03:59:59+00:00 rückwärts bis 2025-08-10T16:23:32.334626+00:00
2026-10-04 18:30:16,893 | DEBUG    | historical_fetcher | [PEPExM.ETORO] OneHour: 1000 Candles, älteste: 2026-08-24T01:00:00+00:00
2026-10-04 18:30:18,120 | INFO     | historical_fetcher | [PEPExM.ETORO] Historische Tiefe für OneHour erreicht.
2026-10-04 18:30:18,236 | DEBUG    | historical_fetcher | [PEPExM.ETORO] OneDay: 737 Candles, älteste: 2022-07-03T00:00:00+00:00
2026-10-04 18:30:19,338 | INFO     | historical_fetcher | [PEPExM.ETORO] Ziel-Startdatum mit OneDay erreicht.
2026-10-04 18:30:19,345 | INFO     | historical_fetcher | [PEPExM.ETORO] OneHour: 4000 Ticks → speichere (price_prec=8).
2026-10-04 18:30:19,350 | DEBUG    | historical_fetcher | [api_backfiller] PEPExM.ETORO: 11060→7060 Zeilen (-4000 Duplikate)
2026-10-04 18:30:19,352 | INFO     | historical_fetcher | [api_backfiller] PEPExM.ETORO: 7060 Zeilen gespeichert (price_prec=8, size_prec=8) → /home/minisforum/etoro_nautilus/data/nautilus/data/quote_tick/PEPExM.ETORO/OneHour/data.parquet
2026-10-04 18:30:19,355 | INFO     | historical_fetcher | [PEPExM.ETORO] OneDay: 1684 Ticks → speichere (price_prec=8).
2026-10-04 18:30:19,358 | DEBUG    | historical_fetcher | [api_backfiller] PEPExM.ETORO: 4620→2936 Zeilen (-1684 Duplikate)
2026-10-04 18:30:19,359 | INFO     | historical_fetcher | [api_backfiller] PEPExM.ETORO: 2936 Zeilen gespeichert (price_prec=8, size_prec=8) → /home/minisforum/etoro_nautilus/data/nautilus/data/quote_tick/PEPExM.ETORO/OneDay/data.parquet
2026-10-04 18:30:20,463 | INFO     | historical_fetcher | [PINS.ETORO] Delta-Update: Fetch ab 2026-02-06T14:59:59+00:00 rückwärts bis 2025-08-10T16:23:32.334626+00:00
2026-10-04 18:30:20,644 | DEBUG    | historical_fetcher | [PINS.ETORO] OneHour: 1000 Candles, älteste: 2026-03-10T16:00:00+00:00
2026-10-04 18:30:21,951 | INFO     | historical_fetcher | [PINS.ETORO] Historische Tiefe für OneHour erreicht.
2026-10-04 18:30:22,096 | DEBUG    | historical_fetcher | [PINS.ETORO] OneDay: 1000 Candles, älteste: 2022-08-22T00:00:00+00:00
2026-10-04 18:30:23,197 | INFO     | historical_fetcher | [PINS.ETORO] Ziel-Startdatum mit OneDay erreicht.
2026-10-04 18:30:23,204 | INFO     | historical_fetcher | [PINS.ETORO] OneHour: 4000 Ticks → speichere (price_prec=2).
2026-10-04 18:30:23,209 | DEBUG    | historical_fetcher | [api_backfiller] PINS.ETORO: 8588→4588 Zeilen (-4000 Duplikate)
2026-10-04 18:30:23,211 | INFO     | historical_fetcher | [api_backfiller] PINS.ETORO: 4588 Zeilen gespeichert (price_prec=2, size_prec=2) → /home/minisforum/etoro_nautilus/data/nautilus/data/quote_tick/PINS.ETORO/OneHour/data.parquet
2026-10-04 18:30:23,213 | INFO     | historical_fetcher | [PINS.ETORO] OneDay: 1120 Ticks → speichere (price_prec=2).
2026-10-04 18:30:23,216 | DEBUG    | historical_fetcher | [api_backfiller] PINS.ETORO: 4048→2928 Zeilen (-1120 Duplikate)
2026-10-04 18:30:23,217 | INFO     | historical_fetcher | [api_backfiller] PINS.ETORO: 2928 Zeilen gespeichert (price_prec=2, size_prec=2) → /home/minisforum/etoro_nautilus/data/nautilus/data/quote_tick/PINS.ETORO/OneDay/data.parquet
2026-10-04 18:30:24,321 | INFO     | historical_fetcher | [PLTR.ETORO] Delta-Update: Fetch ab 2026-07-02T18:59:59+00:00 rückwärts bis 2025-08-10T16:23:32.334626+00:00
2026-10-04 18:30:24,538 | DEBUG    | historical_fetcher | [PLTR.ETORO] OneHour: 1000 Candles, älteste: 2026-08-03T20:00:00+00:00
2026-10-04 18:30:25,779 | INFO     | historical_fetcher | [PLTR.ETORO] Historische Tiefe für OneHour erreicht.
2026-10-04 18:30:25,897 | DEBUG    | historical_fetcher | [PLTR.ETORO] OneDay: 1000 Candles, älteste: 2022-09-02T00:00:00+00:00
2026-10-04 18:30:26,999 | INFO     | historical_fetcher | [PLTR.ETORO] Ziel-Startdatum mit OneDay erreicht.
2026-10-04 18:30:27,008 | INFO     | historical_fetcher | [PLTR.ETORO] OneHour: 4000 Ticks → speichere (price_prec=2).
2026-10-04 18:30:27,014 | DEBUG    | historical_fetcher | [api_backfiller] PLTR.ETORO: 9952→5952 Zeilen (-4000 Duplikate)
2026-10-04 18:30:27,017 | INFO     | historical_fetcher | [api_backfiller] PLTR.ETORO: 5952 Zeilen gespeichert (price_prec=2, size_prec=2) → /home/minisforum/etoro_nautilus/data/nautilus/data/quote_tick/PLTR.ETORO/OneHour/data.parquet
2026-10-04 18:30:27,021 | INFO     | historical_fetcher | [PLTR.ETORO] OneDay: 1156 Ticks → speichere (price_prec=2).
2026-10-04 18:30:27,024 | DEBUG    | historical_fetcher | [api_backfiller] PLTR.ETORO: 4120→2964 Zeilen (-1156 Duplikate)
2026-10-04 18:30:27,026 | INFO     | historical_fetcher | [api_backfiller] PLTR.ETORO: 2964 Zeilen gespeichert (price_prec=2, size_prec=2) → /home/minisforum/etoro_nautilus/data/nautilus/data/quote_tick/PLTR.ETORO/OneDay/data.parquet
2026-10-04 18:30:28,131 | INFO     | historical_fetcher | [PODD.ETORO] Delta-Update: Fetch ab 2026-05-21T14:59:59+00:00 rückwärts bis 2025-08-10T16:23:32.334626+00:00
2026-10-04 18:30:28,537 | DEBUG    | historical_fetcher | [PODD.ETORO] OneHour: 1000 Candles, älteste: 2026-06-10T20:00:00+00:00
2026-10-04 18:30:29,954 | INFO     | historical_fetcher | [PODD.ETORO] Historische Tiefe für OneHour erreicht.
2026-10-04 18:30:30,080 | DEBUG    | historical_fetcher | [PODD.ETORO] OneDay: 1000 Candles, älteste: 2022-09-01T00:00:00+00:00
2026-10-04 18:30:31,181 | INFO     | historical_fetcher | [PODD.ETORO] Ziel-Startdatum mit OneDay erreicht.
2026-10-04 18:30:31,187 | INFO     | historical_fetcher | [PODD.ETORO] OneHour: 4000 Ticks → speichere (price_prec=2).
2026-10-04 18:30:31,193 | DEBUG    | historical_fetcher | [api_backfiller] PODD.ETORO: 9104→5104 Zeilen (-4000 Duplikate)
2026-10-04 18:30:31,195 | INFO     | historical_fetcher | [api_backfiller] PODD.ETORO: 5104 Zeilen gespeichert (price_prec=2, size_prec=2) → /home/minisforum/etoro_nautilus/data/nautilus/data/quote_tick/PODD.ETORO/OneHour/data.parquet
2026-10-04 18:30:31,198 | INFO     | historical_fetcher | [PODD.ETORO] OneDay: 1152 Ticks → speichere (price_prec=2).
2026-10-04 18:30:31,201 | DEBUG    | historical_fetcher | [api_backfiller] PODD.ETORO: 4112→2960 Zeilen (-1152 Duplikate)
2026-10-04 18:30:31,202 | INFO     | historical_fetcher | [api_backfiller] PODD.ETORO: 2960 Zeilen gespeichert (price_prec=2, size_prec=2) → /home/minisforum/etoro_nautilus/data/nautilus/data/quote_tick/PODD.ETORO/OneDay/data.parquet
2026-10-04 18:30:32,306 | INFO     | historical_fetcher | [PSN.US.ETORO] Delta-Update: Fetch ab 2026-02-05T18:59:59+00:00 rückwärts bis 2025-08-10T16:23:32.334626+00:00
2026-10-04 18:30:32,831 | DEBUG    | historical_fetcher | [PSN.US.ETORO] OneHour: 1000 Candles, älteste: 2026-03-10T13:00:00+00:00
2026-10-04 18:30:34,169 | INFO     | historical_fetcher | [PSN.US.ETORO] Historische Tiefe für OneHour erreicht.
2026-10-04 18:30:34,301 | DEBUG    | historical_fetcher | [PSN.US.ETORO] OneDay: 999 Candles, älteste: 2022-08-04T00:00:00+00:00
2026-10-04 18:30:35,403 | INFO     | historical_fetcher | [PSN.US.ETORO] Ziel-Startdatum mit OneDay erreicht.
2026-10-04 18:30:35,411 | INFO     | historical_fetcher | [PSN.US.ETORO] OneHour: 4000 Ticks → speichere (price_prec=2).
2026-10-04 18:30:35,415 | DEBUG    | historical_fetcher | [api_backfiller] PSN.US.ETORO: 8588→4588 Zeilen (-4000 Duplikate)
2026-10-04 18:30:35,417 | INFO     | historical_fetcher | [api_backfiller] PSN.US.ETORO: 4588 Zeilen gespeichert (price_prec=2, size_prec=2) → /home/minisforum/etoro_nautilus/data/nautilus/data/quote_tick/PSN.US.ETORO/OneHour/data.parquet
2026-10-04 18:30:35,419 | INFO     | historical_fetcher | [PSN.US.ETORO] OneDay: 1120 Ticks → speichere (price_prec=2).
2026-10-04 18:30:35,422 | DEBUG    | historical_fetcher | [api_backfiller] PSN.US.ETORO: 4048→2928 Zeilen (-1120 Duplikate)
2026-10-04 18:30:35,423 | INFO     | historical_fetcher | [api_backfiller] PSN.US.ETORO: 2928 Zeilen gespeichert (price_prec=2, size_prec=2) → /home/minisforum/etoro_nautilus/data/nautilus/data/quote_tick/PSN.US.ETORO/OneDay/data.parquet
2026-10-04 18:30:36,527 | INFO     | historical_fetcher | [PSX.ETORO] Delta-Update: Fetch ab 2026-06-01T15:59:59+00:00 rückwärts bis 2025-08-10T16:23:32.334626+00:00
2026-10-04 18:30:36,767 | DEBUG    | historical_fetcher | [PSX.ETORO] OneHour: 1000 Candles, älteste: 2026-07-07T22:00:00+00:00
2026-10-04 18:30:38,110 | INFO     | historical_fetcher | [PSX.ETORO] Historische Tiefe für OneHour erreicht.
2026-10-04 18:30:38,245 | DEBUG    | historical_fetcher | [PSX.ETORO] OneDay: 1000 Candles, älteste: 2022-09-01T00:00:00+00:00
2026-10-04 18:30:39,346 | INFO     | historical_fetcher | [PSX.ETORO] Ziel-Startdatum mit OneDay erreicht.
2026-10-04 18:30:39,355 | INFO     | historical_fetcher | [PSX.ETORO] OneHour: 4000 Ticks → speichere (price_prec=2).
2026-10-04 18:30:39,359 | DEBUG    | historical_fetcher | [api_backfiller] PSX.ETORO: 9360→5360 Zeilen (-4000 Duplikate)
2026-10-04 18:30:39,362 | INFO     | historical_fetcher | [api_backfiller] PSX.ETORO: 5360 Zeilen gespeichert (price_prec=2, size_prec=2) → /home/minisforum/etoro_nautilus/data/nautilus/data/quote_tick/PSX.ETORO/OneHour/data.parquet
2026-10-04 18:30:39,367 | INFO     | historical_fetcher | [PSX.ETORO] OneDay: 1152 Ticks → speichere (price_prec=2).
2026-10-04 18:30:39,370 | DEBUG    | historical_fetcher | [api_backfiller] PSX.ETORO: 4112→2960 Zeilen (-1152 Duplikate)
2026-10-04 18:30:39,372 | INFO     | historical_fetcher | [api_backfiller] PSX.ETORO: 2960 Zeilen gespeichert (price_prec=2, size_prec=2) → /home/minisforum/etoro_nautilus/data/nautilus/data/quote_tick/PSX.ETORO/OneDay/data.parquet
2026-10-04 18:30:40,477 | INFO     | historical_fetcher | [PYPL.ETORO] Delta-Update: Fetch ab 2026-07-02T18:59:59+00:00 rückwärts bis 2025-08-10T16:23:32.334626+00:00
2026-10-04 18:30:40,966 | DEBUG    | historical_fetcher | [PYPL.ETORO] OneHour: 1000 Candles, älteste: 2026-08-03T19:00:00+00:00
2026-10-04 18:30:42,602 | INFO     | historical_fetcher | [PYPL.ETORO] Historische Tiefe für OneHour erreicht.
2026-10-04 18:30:42,734 | DEBUG    | historical_fetcher | [PYPL.ETORO] OneDay: 1000 Candles, älteste: 2022-09-02T00:00:00+00:00
2026-10-04 18:30:43,836 | INFO     | historical_fetcher | [PYPL.ETORO] Ziel-Startdatum mit OneDay erreicht.
2026-10-04 18:30:43,845 | INFO     | historical_fetcher | [PYPL.ETORO] OneHour: 4000 Ticks → speichere (price_prec=2).
2026-10-04 18:30:43,850 | DEBUG    | historical_fetcher | [api_backfiller] PYPL.ETORO: 9948→5948 Zeilen (-4000 Duplikate)
2026-10-04 18:30:43,853 | INFO     | historical_fetcher | [api_backfiller] PYPL.ETORO: 5948 Zeilen gespeichert (price_prec=2, size_prec=2) → /home/minisforum/etoro_nautilus/data/nautilus/data/quote_tick/PYPL.ETORO/OneHour/data.parquet
2026-10-04 18:30:43,855 | INFO     | historical_fetcher | [PYPL.ETORO] OneDay: 1156 Ticks → speichere (price_prec=2).
2026-10-04 18:30:43,858 | DEBUG    | historical_fetcher | [api_backfiller] PYPL.ETORO: 4120→2964 Zeilen (-1156 Duplikate)
2026-10-04 18:30:43,860 | INFO     | historical_fetcher | [api_backfiller] PYPL.ETORO: 2964 Zeilen gespeichert (price_prec=2, size_prec=2) → /home/minisforum/etoro_nautilus/data/nautilus/data/quote_tick/PYPL.ETORO/OneDay/data.parquet
2026-10-04 18:30:44,964 | INFO     | historical_fetcher | [QS.ETORO] Delta-Update: Fetch ab 2026-03-10T15:59:59+00:00 rückwärts bis 2025-08-10T16:23:32.334626+00:00
2026-10-04 18:30:45,769 | DEBUG    | historical_fetcher | [QS.ETORO] OneHour: 1000 Candles, älteste: 2026-03-10T16:00:00+00:00
2026-10-04 18:30:47,208 | INFO     | historical_fetcher | [QS.ETORO] Historische Tiefe für OneHour erreicht.
2026-10-04 18:30:48,078 | DEBUG    | historical_fetcher | [QS.ETORO] OneDay: 1000 Candles, älteste: 2022-08-22T00:00:00+00:00
2026-10-04 18:30:49,180 | INFO     | historical_fetcher | [QS.ETORO] Ziel-Startdatum mit OneDay erreicht.
2026-10-04 18:30:49,189 | INFO     | historical_fetcher | [QS.ETORO] OneHour: 4000 Ticks → speichere (price_prec=2).
2026-10-04 18:30:49,194 | DEBUG    | historical_fetcher | [api_backfiller] QS.ETORO: 8000→4000 Zeilen (-4000 Duplikate)
2026-10-04 18:30:49,196 | INFO     | historical_fetcher | [api_backfiller] QS.ETORO: 4000 Zeilen gespeichert (price_prec=2, size_prec=2) → /home/minisforum/etoro_nautilus/data/nautilus/data/quote_tick/QS.ETORO/OneHour/data.parquet
2026-10-04 18:30:49,200 | INFO     | historical_fetcher | [QS.ETORO] OneDay: 1120 Ticks → speichere (price_prec=2).
2026-10-04 18:30:49,204 | DEBUG    | historical_fetcher | [api_backfiller] QS.ETORO: 3960→2840 Zeilen (-1120 Duplikate)
2026-10-04 18:30:49,206 | INFO     | historical_fetcher | [api_backfiller] QS.ETORO: 2840 Zeilen gespeichert (price_prec=2, size_prec=2) → /home/minisforum/etoro_nautilus/data/nautilus/data/quote_tick/QS.ETORO/OneDay/data.parquet
2026-10-04 18:30:50,310 | INFO     | historical_fetcher | [RBLX.ETORO] Delta-Update: Fetch ab 2026-02-06T13:59:59+00:00 rückwärts bis 2025-08-10T16:23:32.334626+00:00
2026-10-04 18:30:50,575 | DEBUG    | historical_fetcher | [RBLX.ETORO] OneHour: 1000 Candles, älteste: 2026-03-10T16:00:00+00:00
2026-10-04 18:30:51,896 | INFO     | historical_fetcher | [RBLX.ETORO] Historische Tiefe für OneHour erreicht.
2026-10-04 18:30:52,037 | DEBUG    | historical_fetcher | [RBLX.ETORO] OneDay: 1000 Candles, älteste: 2022-08-22T00:00:00+00:00
2026-10-04 18:30:53,138 | INFO     | historical_fetcher | [RBLX.ETORO] Ziel-Startdatum mit OneDay erreicht.
2026-10-04 18:30:53,148 | INFO     | historical_fetcher | [RBLX.ETORO] OneHour: 4000 Ticks → speichere (price_prec=2).
2026-10-04 18:30:53,152 | DEBUG    | historical_fetcher | [api_backfiller] RBLX.ETORO: 8592→4592 Zeilen (-4000 Duplikate)
2026-10-04 18:30:53,154 | INFO     | historical_fetcher | [api_backfiller] RBLX.ETORO: 4592 Zeilen gespeichert (price_prec=2, size_prec=2) → /home/minisforum/etoro_nautilus/data/nautilus/data/quote_tick/RBLX.ETORO/OneHour/data.parquet
2026-10-04 18:30:53,156 | INFO     | historical_fetcher | [RBLX.ETORO] OneDay: 1120 Ticks → speichere (price_prec=2).
2026-10-04 18:30:53,159 | DEBUG    | historical_fetcher | [api_backfiller] RBLX.ETORO: 4048→2928 Zeilen (-1120 Duplikate)
2026-10-04 18:30:53,160 | INFO     | historical_fetcher | [api_backfiller] RBLX.ETORO: 2928 Zeilen gespeichert (price_prec=2, size_prec=2) → /home/minisforum/etoro_nautilus/data/nautilus/data/quote_tick/RBLX.ETORO/OneDay/data.parquet
2026-10-04 18:30:54,264 | INFO     | historical_fetcher | [RHM.DE.ETORO] Delta-Update: Fetch ab 2026-03-26T11:59:59+00:00 rückwärts bis 2025-08-10T16:23:32.334626+00:00
2026-10-04 18:30:54,682 | DEBUG    | historical_fetcher | [RHM.DE.ETORO] OneHour: 1000 Candles, älteste: 2026-04-29T13:00:00+00:00
2026-10-04 18:30:55,904 | INFO     | historical_fetcher | [RHM.DE.ETORO] Historische Tiefe für OneHour erreicht.
2026-10-04 18:30:56,138 | DEBUG    | historical_fetcher | [RHM.DE.ETORO] OneDay: 1000 Candles, älteste: 2022-09-23T00:00:00+00:00
2026-10-04 18:30:57,239 | INFO     | historical_fetcher | [RHM.DE.ETORO] Ziel-Startdatum mit OneDay erreicht.
2026-10-04 18:30:57,249 | INFO     | historical_fetcher | [RHM.DE.ETORO] OneHour: 4000 Ticks → speichere (price_prec=2).
2026-10-04 18:30:57,254 | DEBUG    | historical_fetcher | [api_backfiller] RHM.DE.ETORO: 8796→4796 Zeilen (-4000 Duplikate)
2026-10-04 18:30:57,257 | INFO     | historical_fetcher | [api_backfiller] RHM.DE.ETORO: 4796 Zeilen gespeichert (price_prec=2, size_prec=2) → /home/minisforum/etoro_nautilus/data/nautilus/data/quote_tick/RHM.DE.ETORO/OneHour/data.parquet
2026-10-04 18:30:57,261 | INFO     | historical_fetcher | [RHM.DE.ETORO] OneDay: 1148 Ticks → speichere (price_prec=2).
2026-10-04 18:30:57,264 | DEBUG    | historical_fetcher | [api_backfiller] RHM.DE.ETORO: 4144→2996 Zeilen (-1148 Duplikate)
2026-10-04 18:30:57,266 | INFO     | historical_fetcher | [api_backfiller] RHM.DE.ETORO: 2996 Zeilen gespeichert (price_prec=2, size_prec=2) → /home/minisforum/etoro_nautilus/data/nautilus/data/quote_tick/RHM.DE.ETORO/OneDay/data.parquet
2026-10-04 18:30:58,371 | INFO     | historical_fetcher | [RIOT.ETORO] Delta-Update: Fetch ab 2026-07-02T09:59:59+00:00 rückwärts bis 2025-08-10T16:23:32.334626+00:00
2026-10-04 18:30:58,636 | DEBUG    | historical_fetcher | [RIOT.ETORO] OneHour: 1000 Candles, älteste: 2026-08-03T11:00:00+00:00
2026-10-04 18:31:00,403 | INFO     | historical_fetcher | [RIOT.ETORO] Historische Tiefe für OneHour erreicht.
2026-10-04 18:31:00,545 | DEBUG    | historical_fetcher | [RIOT.ETORO] OneDay: 1000 Candles, älteste: 2022-09-02T00:00:00+00:00
2026-10-04 18:31:01,646 | INFO     | historical_fetcher | [RIOT.ETORO] Ziel-Startdatum mit OneDay erreicht.
2026-10-04 18:31:01,656 | INFO     | historical_fetcher | [RIOT.ETORO] OneHour: 4000 Ticks → speichere (price_prec=2).
2026-10-04 18:31:01,683 | DEBUG    | historical_fetcher | [api_backfiller] RIOT.ETORO: 9944→5944 Zeilen (-4000 Duplikate)
2026-10-04 18:31:01,686 | INFO     | historical_fetcher | [api_backfiller] RIOT.ETORO: 5944 Zeilen gespeichert (price_prec=2, size_prec=2) → /home/minisforum/etoro_nautilus/data/nautilus/data/quote_tick/RIOT.ETORO/OneHour/data.parquet
2026-10-04 18:31:01,690 | INFO     | historical_fetcher | [RIOT.ETORO] OneDay: 1156 Ticks → speichere (price_prec=2).
2026-10-04 18:31:01,693 | DEBUG    | historical_fetcher | [api_backfiller] RIOT.ETORO: 4120→2964 Zeilen (-1156 Duplikate)
2026-10-04 18:31:01,695 | INFO     | historical_fetcher | [api_backfiller] RIOT.ETORO: 2964 Zeilen gespeichert (price_prec=2, size_prec=2) → /home/minisforum/etoro_nautilus/data/nautilus/data/quote_tick/RIOT.ETORO/OneDay/data.parquet
2026-10-04 18:31:02,800 | INFO     | historical_fetcher | [RLAY.ETORO] Delta-Update: Fetch ab 2026-02-05T18:59:59+00:00 rückwärts bis 2025-08-10T16:23:32.334626+00:00
2026-10-04 18:31:02,953 | DEBUG    | historical_fetcher | [RLAY.ETORO] OneHour: 1000 Candles, älteste: 2026-03-10T14:00:00+00:00
2026-10-04 18:31:04,571 | INFO     | historical_fetcher | [RLAY.ETORO] Historische Tiefe für OneHour erreicht.
2026-10-04 18:31:04,999 | DEBUG    | historical_fetcher | [RLAY.ETORO] OneDay: 1000 Candles, älteste: 2022-08-22T00:00:00+00:00
2026-10-04 18:31:06,101 | INFO     | historical_fetcher | [RLAY.ETORO] Ziel-Startdatum mit OneDay erreicht.
2026-10-04 18:31:06,109 | INFO     | historical_fetcher | [RLAY.ETORO] OneHour: 4000 Ticks → speichere (price_prec=2).
2026-10-04 18:31:06,114 | DEBUG    | historical_fetcher | [api_backfiller] RLAY.ETORO: 8592→4592 Zeilen (-4000 Duplikate)
2026-10-04 18:31:06,116 | INFO     | historical_fetcher | [api_backfiller] RLAY.ETORO: 4592 Zeilen gespeichert (price_prec=2, size_prec=2) → /home/minisforum/etoro_nautilus/data/nautilus/data/quote_tick/RLAY.ETORO/OneHour/data.parquet
2026-10-04 18:31:06,120 | INFO     | historical_fetcher | [RLAY.ETORO] OneDay: 1120 Ticks → speichere (price_prec=2).
2026-10-04 18:31:06,123 | DEBUG    | historical_fetcher | [api_backfiller] RLAY.ETORO: 4048→2928 Zeilen (-1120 Duplikate)
2026-10-04 18:31:06,125 | INFO     | historical_fetcher | [api_backfiller] RLAY.ETORO: 2928 Zeilen gespeichert (price_prec=2, size_prec=2) → /home/minisforum/etoro_nautilus/data/nautilus/data/quote_tick/RLAY.ETORO/OneDay/data.parquet
2026-10-04 18:31:07,230 | INFO     | historical_fetcher | [ROP.ZU.ETORO] Delta-Update: Fetch ab 2026-03-24T11:59:59+00:00 rückwärts bis 2025-08-10T16:23:32.334626+00:00
2026-10-04 18:31:07,394 | DEBUG    | historical_fetcher | [ROP.ZU.ETORO] OneHour: 1000 Candles, älteste: 2026-04-27T13:00:00+00:00
2026-10-04 18:31:09,170 | DEBUG    | historical_fetcher | [ROP.ZU.ETORO] OneHour: 1000 Candles, älteste: 2026-04-27T12:00:00+00:00
2026-10-04 18:31:10,780 | DEBUG    | historical_fetcher | [ROP.ZU.ETORO] OneHour: 1000 Candles, älteste: 2026-04-27T13:00:00+00:00
2026-10-04 18:31:12,113 | INFO     | historical_fetcher | [ROP.ZU.ETORO] Historische Tiefe für OneHour erreicht.
2026-10-04 18:31:12,236 | DEBUG    | historical_fetcher | [ROP.ZU.ETORO] OneDay: 1000 Candles, älteste: 2022-08-31T00:00:00+00:00
2026-10-04 18:31:13,338 | INFO     | historical_fetcher | [ROP.ZU.ETORO] Ziel-Startdatum mit OneDay erreicht.
2026-10-04 18:31:13,360 | INFO     | historical_fetcher | [ROP.ZU.ETORO] OneHour: 12000 Ticks → speichere (price_prec=2).
2026-10-04 18:31:13,367 | DEBUG    | historical_fetcher | [api_backfiller] ROP.ZU.ETORO: 16796→4796 Zeilen (-12000 Duplikate)
2026-10-04 18:31:13,370 | INFO     | historical_fetcher | [api_backfiller] ROP.ZU.ETORO: 4796 Zeilen gespeichert (price_prec=2, size_prec=2) → /home/minisforum/etoro_nautilus/data/nautilus/data/quote_tick/ROP.ZU.ETORO/OneHour/data.parquet
2026-10-04 18:31:13,374 | INFO     | historical_fetcher | [ROP.ZU.ETORO] OneDay: 1132 Ticks → speichere (price_prec=2).
2026-10-04 18:31:13,377 | DEBUG    | historical_fetcher | [api_backfiller] ROP.ZU.ETORO: 4080→2948 Zeilen (-1132 Duplikate)
2026-10-04 18:31:13,379 | INFO     | historical_fetcher | [api_backfiller] ROP.ZU.ETORO: 2948 Zeilen gespeichert (price_prec=2, size_prec=2) → /home/minisforum/etoro_nautilus/data/nautilus/data/quote_tick/ROP.ZU.ETORO/OneDay/data.parquet
2026-10-04 18:31:14,484 | INFO     | historical_fetcher | [RUN.ETORO] Delta-Update: Fetch ab 2026-03-10T14:59:59+00:00 rückwärts bis 2025-08-10T16:23:32.334626+00:00
2026-10-04 18:31:15,120 | DEBUG    | historical_fetcher | [RUN.ETORO] OneHour: 1000 Candles, älteste: 2026-03-10T15:00:00+00:00
2026-10-04 18:31:16,679 | INFO     | historical_fetcher | [RUN.ETORO] Historische Tiefe für OneHour erreicht.
2026-10-04 18:31:16,802 | DEBUG    | historical_fetcher | [RUN.ETORO] OneDay: 1000 Candles, älteste: 2022-08-22T00:00:00+00:00
2026-10-04 18:31:17,904 | INFO     | historical_fetcher | [RUN.ETORO] Ziel-Startdatum mit OneDay erreicht.
2026-10-04 18:31:17,913 | INFO     | historical_fetcher | [RUN.ETORO] OneHour: 4000 Ticks → speichere (price_prec=2).
2026-10-04 18:31:17,918 | DEBUG    | historical_fetcher | [api_backfiller] RUN.ETORO: 8000→4000 Zeilen (-4000 Duplikate)
2026-10-04 18:31:17,920 | INFO     | historical_fetcher | [api_backfiller] RUN.ETORO: 4000 Zeilen gespeichert (price_prec=2, size_prec=2) → /home/minisforum/etoro_nautilus/data/nautilus/data/quote_tick/RUN.ETORO/OneHour/data.parquet
2026-10-04 18:31:17,924 | INFO     | historical_fetcher | [RUN.ETORO] OneDay: 1120 Ticks → speichere (price_prec=2).
2026-10-04 18:31:17,927 | DEBUG    | historical_fetcher | [api_backfiller] RUN.ETORO: 3960→2840 Zeilen (-1120 Duplikate)
2026-10-04 18:31:17,929 | INFO     | historical_fetcher | [api_backfiller] RUN.ETORO: 2840 Zeilen gespeichert (price_prec=2, size_prec=2) → /home/minisforum/etoro_nautilus/data/nautilus/data/quote_tick/RUN.ETORO/OneDay/data.parquet
2026-10-04 18:31:19,033 | INFO     | historical_fetcher | [RVMD.ETORO] Delta-Update: Fetch ab 2026-02-05T19:59:59+00:00 rückwärts bis 2025-08-10T16:23:32.334626+00:00
2026-10-04 18:31:19,271 | DEBUG    | historical_fetcher | [RVMD.ETORO] OneHour: 1000 Candles, älteste: 2026-03-10T16:00:00+00:00
2026-10-04 18:31:21,074 | INFO     | historical_fetcher | [RVMD.ETORO] Historische Tiefe für OneHour erreicht.
2026-10-04 18:31:21,501 | DEBUG    | historical_fetcher | [RVMD.ETORO] OneDay: 1000 Candles, älteste: 2022-08-22T00:00:00+00:00
2026-10-04 18:31:22,602 | INFO     | historical_fetcher | [RVMD.ETORO] Ziel-Startdatum mit OneDay erreicht.
2026-10-04 18:31:22,608 | INFO     | historical_fetcher | [RVMD.ETORO] OneHour: 4000 Ticks → speichere (price_prec=2).
2026-10-04 18:31:22,639 | DEBUG    | historical_fetcher | [api_backfiller] RVMD.ETORO: 8592→4592 Zeilen (-4000 Duplikate)
2026-10-04 18:31:22,643 | INFO     | historical_fetcher | [api_backfiller] RVMD.ETORO: 4592 Zeilen gespeichert (price_prec=2, size_prec=2) → /home/minisforum/etoro_nautilus/data/nautilus/data/quote_tick/RVMD.ETORO/OneHour/data.parquet
2026-10-04 18:31:22,647 | INFO     | historical_fetcher | [RVMD.ETORO] OneDay: 1120 Ticks → speichere (price_prec=2).
2026-10-04 18:31:22,651 | DEBUG    | historical_fetcher | [api_backfiller] RVMD.ETORO: 4048→2928 Zeilen (-1120 Duplikate)
2026-10-04 18:31:22,653 | INFO     | historical_fetcher | [api_backfiller] RVMD.ETORO: 2928 Zeilen gespeichert (price_prec=2, size_prec=2) → /home/minisforum/etoro_nautilus/data/nautilus/data/quote_tick/RVMD.ETORO/OneDay/data.parquet
2026-10-04 18:31:23,757 | INFO     | historical_fetcher | [SE.ETORO] Delta-Update: Fetch ab 2026-02-05T19:59:59+00:00 rückwärts bis 2025-08-10T16:23:32.334626+00:00
2026-10-04 18:31:23,892 | DEBUG    | historical_fetcher | [SE.ETORO] OneHour: 1000 Candles, älteste: 2026-03-10T15:00:00+00:00
2026-10-04 18:31:25,145 | INFO     | historical_fetcher | [SE.ETORO] Historische Tiefe für OneHour erreicht.
2026-10-04 18:31:25,278 | DEBUG    | historical_fetcher | [SE.ETORO] OneDay: 1000 Candles, älteste: 2022-08-22T00:00:00+00:00
2026-10-04 18:31:26,380 | INFO     | historical_fetcher | [SE.ETORO] Ziel-Startdatum mit OneDay erreicht.
2026-10-04 18:31:26,386 | INFO     | historical_fetcher | [SE.ETORO] OneHour: 4000 Ticks → speichere (price_prec=2).
2026-10-04 18:31:26,390 | DEBUG    | historical_fetcher | [api_backfiller] SE.ETORO: 8592→4592 Zeilen (-4000 Duplikate)
2026-10-04 18:31:26,392 | INFO     | historical_fetcher | [api_backfiller] SE.ETORO: 4592 Zeilen gespeichert (price_prec=2, size_prec=2) → /home/minisforum/etoro_nautilus/data/nautilus/data/quote_tick/SE.ETORO/OneHour/data.parquet
2026-10-04 18:31:26,395 | INFO     | historical_fetcher | [SE.ETORO] OneDay: 1120 Ticks → speichere (price_prec=2).
2026-10-04 18:31:26,397 | DEBUG    | historical_fetcher | [api_backfiller] SE.ETORO: 4048→2928 Zeilen (-1120 Duplikate)
2026-10-04 18:31:26,399 | INFO     | historical_fetcher | [api_backfiller] SE.ETORO: 2928 Zeilen gespeichert (price_prec=2, size_prec=2) → /home/minisforum/etoro_nautilus/data/nautilus/data/quote_tick/SE.ETORO/OneDay/data.parquet
2026-10-04 18:31:27,502 | INFO     | historical_fetcher | [SMTC.ETORO] Delta-Update: Fetch ab 2026-02-05T19:59:59+00:00 rückwärts bis 2025-08-10T16:23:32.334626+00:00
2026-10-04 18:31:27,715 | DEBUG    | historical_fetcher | [SMTC.ETORO] OneHour: 1000 Candles, älteste: 2026-03-10T15:00:00+00:00
2026-10-04 18:31:29,008 | INFO     | historical_fetcher | [SMTC.ETORO] Historische Tiefe für OneHour erreicht.
2026-10-04 18:31:29,130 | DEBUG    | historical_fetcher | [SMTC.ETORO] OneDay: 1000 Candles, älteste: 2022-08-22T00:00:00+00:00
2026-10-04 18:31:30,231 | INFO     | historical_fetcher | [SMTC.ETORO] Ziel-Startdatum mit OneDay erreicht.
2026-10-04 18:31:30,238 | INFO     | historical_fetcher | [SMTC.ETORO] OneHour: 4000 Ticks → speichere (price_prec=2).
2026-10-04 18:31:30,243 | DEBUG    | historical_fetcher | [api_backfiller] SMTC.ETORO: 8592→4592 Zeilen (-4000 Duplikate)
2026-10-04 18:31:30,244 | INFO     | historical_fetcher | [api_backfiller] SMTC.ETORO: 4592 Zeilen gespeichert (price_prec=2, size_prec=2) → /home/minisforum/etoro_nautilus/data/nautilus/data/quote_tick/SMTC.ETORO/OneHour/data.parquet
2026-10-04 18:31:30,247 | INFO     | historical_fetcher | [SMTC.ETORO] OneDay: 1120 Ticks → speichere (price_prec=2).
2026-10-04 18:31:30,250 | DEBUG    | historical_fetcher | [api_backfiller] SMTC.ETORO: 4048→2928 Zeilen (-1120 Duplikate)
2026-10-04 18:31:30,252 | INFO     | historical_fetcher | [api_backfiller] SMTC.ETORO: 2928 Zeilen gespeichert (price_prec=2, size_prec=2) → /home/minisforum/etoro_nautilus/data/nautilus/data/quote_tick/SMTC.ETORO/OneDay/data.parquet
2026-10-04 18:31:31,356 | INFO     | historical_fetcher | [SN.ETORO] Delta-Update: Fetch ab 2026-03-10T14:59:59+00:00 rückwärts bis 2025-08-10T16:23:32.334626+00:00
2026-10-04 18:31:31,781 | DEBUG    | historical_fetcher | [SN.ETORO] OneHour: 1000 Candles, älteste: 2026-03-10T16:00:00+00:00
2026-10-04 18:31:33,070 | INFO     | historical_fetcher | [SN.ETORO] Historische Tiefe für OneHour erreicht.
2026-10-04 18:31:33,299 | DEBUG    | historical_fetcher | [SN.ETORO] OneDay: 775 Candles, älteste: 2023-07-31T00:00:00+00:00
2026-10-04 18:31:34,401 | INFO     | historical_fetcher | [SN.ETORO] Ziel-Startdatum mit OneDay erreicht.
2026-10-04 18:31:34,410 | INFO     | historical_fetcher | [SN.ETORO] OneHour: 4000 Ticks → speichere (price_prec=2).
2026-10-04 18:31:34,415 | DEBUG    | historical_fetcher | [api_backfiller] SN.ETORO: 8004→4004 Zeilen (-4000 Duplikate)
2026-10-04 18:31:34,417 | INFO     | historical_fetcher | [api_backfiller] SN.ETORO: 4004 Zeilen gespeichert (price_prec=2, size_prec=2) → /home/minisforum/etoro_nautilus/data/nautilus/data/quote_tick/SN.ETORO/OneHour/data.parquet
2026-10-04 18:31:34,419 | INFO     | historical_fetcher | [SN.ETORO] OneDay: 1120 Ticks → speichere (price_prec=2).
2026-10-04 18:31:34,422 | DEBUG    | historical_fetcher | [api_backfiller] SN.ETORO: 3984→2864 Zeilen (-1120 Duplikate)
2026-10-04 18:31:34,424 | INFO     | historical_fetcher | [api_backfiller] SN.ETORO: 2864 Zeilen gespeichert (price_prec=2, size_prec=2) → /home/minisforum/etoro_nautilus/data/nautilus/data/quote_tick/SN.ETORO/OneDay/data.parquet
2026-10-04 18:31:35,528 | INFO     | historical_fetcher | [SNAP.ETORO] Delta-Update: Fetch ab 2026-07-02T03:59:59+00:00 rückwärts bis 2025-08-10T16:23:32.334626+00:00
2026-10-04 18:31:36,018 | DEBUG    | historical_fetcher | [SNAP.ETORO] OneHour: 1000 Candles, älteste: 2026-08-03T12:00:00+00:00
2026-10-04 18:31:37,839 | INFO     | historical_fetcher | [SNAP.ETORO] Historische Tiefe für OneHour erreicht.
2026-10-04 18:31:37,967 | DEBUG    | historical_fetcher | [SNAP.ETORO] OneDay: 1000 Candles, älteste: 2022-09-02T00:00:00+00:00
2026-10-04 18:31:39,068 | INFO     | historical_fetcher | [SNAP.ETORO] Ziel-Startdatum mit OneDay erreicht.
2026-10-04 18:31:39,077 | INFO     | historical_fetcher | [SNAP.ETORO] OneHour: 4000 Ticks → speichere (price_prec=2).
2026-10-04 18:31:39,082 | DEBUG    | historical_fetcher | [api_backfiller] SNAP.ETORO: 9944→5944 Zeilen (-4000 Duplikate)
2026-10-04 18:31:39,085 | INFO     | historical_fetcher | [api_backfiller] SNAP.ETORO: 5944 Zeilen gespeichert (price_prec=2, size_prec=2) → /home/minisforum/etoro_nautilus/data/nautilus/data/quote_tick/SNAP.ETORO/OneHour/data.parquet
2026-10-04 18:31:39,089 | INFO     | historical_fetcher | [SNAP.ETORO] OneDay: 1156 Ticks → speichere (price_prec=2).
2026-10-04 18:31:39,092 | DEBUG    | historical_fetcher | [api_backfiller] SNAP.ETORO: 4120→2964 Zeilen (-1156 Duplikate)
2026-10-04 18:31:39,093 | INFO     | historical_fetcher | [api_backfiller] SNAP.ETORO: 2964 Zeilen gespeichert (price_prec=2, size_prec=2) → /home/minisforum/etoro_nautilus/data/nautilus/data/quote_tick/SNAP.ETORO/OneDay/data.parquet
2026-10-04 18:31:40,197 | INFO     | historical_fetcher | [SQM.ETORO] Delta-Update: Fetch ab 2026-02-06T14:59:59+00:00 rückwärts bis 2025-08-10T16:23:32.334626+00:00
2026-10-04 18:31:40,396 | DEBUG    | historical_fetcher | [SQM.ETORO] OneHour: 1000 Candles, älteste: 2026-03-10T16:00:00+00:00
2026-10-04 18:31:41,655 | INFO     | historical_fetcher | [SQM.ETORO] Historische Tiefe für OneHour erreicht.
2026-10-04 18:31:41,778 | DEBUG    | historical_fetcher | [SQM.ETORO] OneDay: 1000 Candles, älteste: 2022-08-22T00:00:00+00:00
2026-10-04 18:31:42,880 | INFO     | historical_fetcher | [SQM.ETORO] Ziel-Startdatum mit OneDay erreicht.
2026-10-04 18:31:42,889 | INFO     | historical_fetcher | [SQM.ETORO] OneHour: 4000 Ticks → speichere (price_prec=2).
2026-10-04 18:31:42,893 | DEBUG    | historical_fetcher | [api_backfiller] SQM.ETORO: 8588→4588 Zeilen (-4000 Duplikate)
2026-10-04 18:31:42,896 | INFO     | historical_fetcher | [api_backfiller] SQM.ETORO: 4588 Zeilen gespeichert (price_prec=2, size_prec=2) → /home/minisforum/etoro_nautilus/data/nautilus/data/quote_tick/SQM.ETORO/OneHour/data.parquet
2026-10-04 18:31:42,900 | INFO     | historical_fetcher | [SQM.ETORO] OneDay: 1120 Ticks → speichere (price_prec=2).
2026-10-04 18:31:42,903 | DEBUG    | historical_fetcher | [api_backfiller] SQM.ETORO: 4048→2928 Zeilen (-1120 Duplikate)
2026-10-04 18:31:42,905 | INFO     | historical_fetcher | [api_backfiller] SQM.ETORO: 2928 Zeilen gespeichert (price_prec=2, size_prec=2) → /home/minisforum/etoro_nautilus/data/nautilus/data/quote_tick/SQM.ETORO/OneDay/data.parquet
2026-10-04 18:31:44,011 | INFO     | historical_fetcher | [STX.US.ETORO] Delta-Update: Fetch ab 2026-07-02T16:59:59+00:00 rückwärts bis 2025-08-10T16:23:32.334626+00:00
2026-10-04 18:31:44,174 | DEBUG    | historical_fetcher | [STX.US.ETORO] OneHour: 1000 Candles, älteste: 2026-08-03T20:00:00+00:00
2026-10-04 18:31:45,431 | INFO     | historical_fetcher | [STX.US.ETORO] Historische Tiefe für OneHour erreicht.
2026-10-04 18:31:45,553 | DEBUG    | historical_fetcher | [STX.US.ETORO] OneDay: 1000 Candles, älteste: 2022-09-02T00:00:00+00:00
2026-10-04 18:31:46,655 | INFO     | historical_fetcher | [STX.US.ETORO] Ziel-Startdatum mit OneDay erreicht.
2026-10-04 18:31:46,664 | INFO     | historical_fetcher | [STX.US.ETORO] OneHour: 4000 Ticks → speichere (price_prec=2).
2026-10-04 18:31:46,668 | DEBUG    | historical_fetcher | [api_backfiller] STX.US.ETORO: 9952→5952 Zeilen (-4000 Duplikate)
2026-10-04 18:31:46,671 | INFO     | historical_fetcher | [api_backfiller] STX.US.ETORO: 5952 Zeilen gespeichert (price_prec=2, size_prec=2) → /home/minisforum/etoro_nautilus/data/nautilus/data/quote_tick/STX.US.ETORO/OneHour/data.parquet
2026-10-04 18:31:46,674 | INFO     | historical_fetcher | [STX.US.ETORO] OneDay: 1156 Ticks → speichere (price_prec=2).
2026-10-04 18:31:46,676 | DEBUG    | historical_fetcher | [api_backfiller] STX.US.ETORO: 4120→2964 Zeilen (-1156 Duplikate)
2026-10-04 18:31:46,677 | INFO     | historical_fetcher | [api_backfiller] STX.US.ETORO: 2964 Zeilen gespeichert (price_prec=2, size_prec=2) → /home/minisforum/etoro_nautilus/data/nautilus/data/quote_tick/STX.US.ETORO/OneDay/data.parquet
2026-10-04 18:31:47,781 | INFO     | historical_fetcher | [SU.ETORO] Delta-Update: Fetch ab 2026-02-06T14:59:59+00:00 rückwärts bis 2025-08-10T16:23:32.334626+00:00
2026-10-04 18:31:48,239 | DEBUG    | historical_fetcher | [SU.ETORO] OneHour: 1000 Candles, älteste: 2026-03-10T16:00:00+00:00
2026-10-04 18:31:49,758 | INFO     | historical_fetcher | [SU.ETORO] Historische Tiefe für OneHour erreicht.
2026-10-04 18:31:49,887 | DEBUG    | historical_fetcher | [SU.ETORO] OneDay: 1000 Candles, älteste: 2022-08-22T00:00:00+00:00
2026-10-04 18:31:50,988 | INFO     | historical_fetcher | [SU.ETORO] Ziel-Startdatum mit OneDay erreicht.
2026-10-04 18:31:50,994 | INFO     | historical_fetcher | [SU.ETORO] OneHour: 4000 Ticks → speichere (price_prec=2).
2026-10-04 18:31:50,997 | DEBUG    | historical_fetcher | [api_backfiller] SU.ETORO: 8588→4588 Zeilen (-4000 Duplikate)
2026-10-04 18:31:50,999 | INFO     | historical_fetcher | [api_backfiller] SU.ETORO: 4588 Zeilen gespeichert (price_prec=2, size_prec=2) → /home/minisforum/etoro_nautilus/data/nautilus/data/quote_tick/SU.ETORO/OneHour/data.parquet
2026-10-04 18:31:51,002 | INFO     | historical_fetcher | [SU.ETORO] OneDay: 1120 Ticks → speichere (price_prec=2).
2026-10-04 18:31:51,004 | DEBUG    | historical_fetcher | [api_backfiller] SU.ETORO: 4048→2928 Zeilen (-1120 Duplikate)
2026-10-04 18:31:51,005 | INFO     | historical_fetcher | [api_backfiller] SU.ETORO: 2928 Zeilen gespeichert (price_prec=2, size_prec=2) → /home/minisforum/etoro_nautilus/data/nautilus/data/quote_tick/SU.ETORO/OneDay/data.parquet
2026-10-04 18:31:52,109 | INFO     | historical_fetcher | [TD.ETORO] Delta-Update: Fetch ab 2026-02-05T19:59:59+00:00 rückwärts bis 2025-08-10T16:23:32.334626+00:00
2026-10-04 18:31:52,549 | DEBUG    | historical_fetcher | [TD.ETORO] OneHour: 1000 Candles, älteste: 2026-03-10T14:00:00+00:00
2026-10-04 18:31:53,894 | INFO     | historical_fetcher | [TD.ETORO] Historische Tiefe für OneHour erreicht.
2026-10-04 18:31:54,019 | DEBUG    | historical_fetcher | [TD.ETORO] OneDay: 1000 Candles, älteste: 2022-08-22T00:00:00+00:00
2026-10-04 18:31:55,121 | INFO     | historical_fetcher | [TD.ETORO] Ziel-Startdatum mit OneDay erreicht.
2026-10-04 18:31:55,129 | INFO     | historical_fetcher | [TD.ETORO] OneHour: 4000 Ticks → speichere (price_prec=2).
2026-10-04 18:31:55,134 | DEBUG    | historical_fetcher | [api_backfiller] TD.ETORO: 8588→4588 Zeilen (-4000 Duplikate)
2026-10-04 18:31:55,136 | INFO     | historical_fetcher | [api_backfiller] TD.ETORO: 4588 Zeilen gespeichert (price_prec=2, size_prec=2) → /home/minisforum/etoro_nautilus/data/nautilus/data/quote_tick/TD.ETORO/OneHour/data.parquet
2026-10-04 18:31:55,139 | INFO     | historical_fetcher | [TD.ETORO] OneDay: 1120 Ticks → speichere (price_prec=2).
2026-10-04 18:31:55,141 | DEBUG    | historical_fetcher | [api_backfiller] TD.ETORO: 4048→2928 Zeilen (-1120 Duplikate)
2026-10-04 18:31:55,143 | INFO     | historical_fetcher | [api_backfiller] TD.ETORO: 2928 Zeilen gespeichert (price_prec=2, size_prec=2) → /home/minisforum/etoro_nautilus/data/nautilus/data/quote_tick/TD.ETORO/OneDay/data.parquet
2026-10-04 18:31:56,247 | INFO     | historical_fetcher | [TEAM.ETORO] Delta-Update: Fetch ab 2026-06-30T09:59:59+00:00 rückwärts bis 2025-08-10T16:23:32.334626+00:00
2026-10-04 18:31:56,396 | DEBUG    | historical_fetcher | [TEAM.ETORO] OneHour: 1000 Candles, älteste: 2026-07-29T08:00:00+00:00
2026-10-04 18:31:57,639 | INFO     | historical_fetcher | [TEAM.ETORO] Historische Tiefe für OneHour erreicht.
2026-10-04 18:31:57,755 | DEBUG    | historical_fetcher | [TEAM.ETORO] OneDay: 1000 Candles, älteste: 2022-09-02T00:00:00+00:00
2026-10-04 18:31:58,857 | INFO     | historical_fetcher | [TEAM.ETORO] Ziel-Startdatum mit OneDay erreicht.
2026-10-04 18:31:58,865 | INFO     | historical_fetcher | [TEAM.ETORO] OneHour: 4000 Ticks → speichere (price_prec=2).
2026-10-04 18:31:58,870 | DEBUG    | historical_fetcher | [api_backfiller] TEAM.ETORO: 9752→5752 Zeilen (-4000 Duplikate)
2026-10-04 18:31:58,872 | INFO     | historical_fetcher | [api_backfiller] TEAM.ETORO: 5752 Zeilen gespeichert (price_prec=2, size_prec=2) → /home/minisforum/etoro_nautilus/data/nautilus/data/quote_tick/TEAM.ETORO/OneHour/data.parquet
2026-10-04 18:31:58,875 | INFO     | historical_fetcher | [TEAM.ETORO] OneDay: 1156 Ticks → speichere (price_prec=2).
2026-10-04 18:31:58,878 | DEBUG    | historical_fetcher | [api_backfiller] TEAM.ETORO: 4120→2964 Zeilen (-1156 Duplikate)
2026-10-04 18:31:58,879 | INFO     | historical_fetcher | [api_backfiller] TEAM.ETORO: 2964 Zeilen gespeichert (price_prec=2, size_prec=2) → /home/minisforum/etoro_nautilus/data/nautilus/data/quote_tick/TEAM.ETORO/OneDay/data.parquet
2026-10-04 18:31:59,983 | INFO     | historical_fetcher | [TER.ETORO] Delta-Update: Fetch ab 2026-07-02T18:59:59+00:00 rückwärts bis 2025-08-10T16:23:32.334626+00:00
2026-10-04 18:32:00,152 | DEBUG    | historical_fetcher | [TER.ETORO] OneHour: 1000 Candles, älteste: 2026-08-03T19:00:00+00:00
2026-10-04 18:32:01,853 | INFO     | historical_fetcher | [TER.ETORO] Historische Tiefe für OneHour erreicht.
2026-10-04 18:32:01,971 | DEBUG    | historical_fetcher | [TER.ETORO] OneDay: 1000 Candles, älteste: 2022-09-02T00:00:00+00:00
2026-10-04 18:32:03,072 | INFO     | historical_fetcher | [TER.ETORO] Ziel-Startdatum mit OneDay erreicht.
2026-10-04 18:32:03,082 | INFO     | historical_fetcher | [TER.ETORO] OneHour: 4000 Ticks → speichere (price_prec=2).
2026-10-04 18:32:03,087 | DEBUG    | historical_fetcher | [api_backfiller] TER.ETORO: 9948→5948 Zeilen (-4000 Duplikate)
2026-10-04 18:32:03,090 | INFO     | historical_fetcher | [api_backfiller] TER.ETORO: 5948 Zeilen gespeichert (price_prec=2, size_prec=2) → /home/minisforum/etoro_nautilus/data/nautilus/data/quote_tick/TER.ETORO/OneHour/data.parquet
2026-10-04 18:32:03,094 | INFO     | historical_fetcher | [TER.ETORO] OneDay: 1156 Ticks → speichere (price_prec=2).
2026-10-04 18:32:03,097 | DEBUG    | historical_fetcher | [api_backfiller] TER.ETORO: 4120→2964 Zeilen (-1156 Duplikate)
2026-10-04 18:32:03,098 | INFO     | historical_fetcher | [api_backfiller] TER.ETORO: 2964 Zeilen gespeichert (price_prec=2, size_prec=2) → /home/minisforum/etoro_nautilus/data/nautilus/data/quote_tick/TER.ETORO/OneDay/data.parquet
2026-10-04 18:32:04,202 | INFO     | historical_fetcher | [TEVA.ETORO] Delta-Update: Fetch ab 2026-02-06T13:59:59+00:00 rückwärts bis 2025-08-10T16:23:32.334626+00:00
2026-10-04 18:32:04,393 | DEBUG    | historical_fetcher | [TEVA.ETORO] OneHour: 1000 Candles, älteste: 2026-03-10T16:00:00+00:00
2026-10-04 18:32:05,638 | INFO     | historical_fetcher | [TEVA.ETORO] Historische Tiefe für OneHour erreicht.
2026-10-04 18:32:05,774 | DEBUG    | historical_fetcher | [TEVA.ETORO] OneDay: 1000 Candles, älteste: 2022-08-22T00:00:00+00:00
2026-10-04 18:32:06,877 | INFO     | historical_fetcher | [TEVA.ETORO] Ziel-Startdatum mit OneDay erreicht.
2026-10-04 18:32:06,886 | INFO     | historical_fetcher | [TEVA.ETORO] OneHour: 4000 Ticks → speichere (price_prec=2).
2026-10-04 18:32:06,890 | DEBUG    | historical_fetcher | [api_backfiller] TEVA.ETORO: 8592→4592 Zeilen (-4000 Duplikate)
2026-10-04 18:32:06,893 | INFO     | historical_fetcher | [api_backfiller] TEVA.ETORO: 4592 Zeilen gespeichert (price_prec=2, size_prec=2) → /home/minisforum/etoro_nautilus/data/nautilus/data/quote_tick/TEVA.ETORO/OneHour/data.parquet
2026-10-04 18:32:06,897 | INFO     | historical_fetcher | [TEVA.ETORO] OneDay: 1120 Ticks → speichere (price_prec=2).
2026-10-04 18:32:06,900 | DEBUG    | historical_fetcher | [api_backfiller] TEVA.ETORO: 4048→2928 Zeilen (-1120 Duplikate)
2026-10-04 18:32:06,902 | INFO     | historical_fetcher | [api_backfiller] TEVA.ETORO: 2928 Zeilen gespeichert (price_prec=2, size_prec=2) → /home/minisforum/etoro_nautilus/data/nautilus/data/quote_tick/TEVA.ETORO/OneDay/data.parquet
2026-10-04 18:32:08,006 | INFO     | historical_fetcher | [TME.ETORO] Delta-Update: Fetch ab 2026-02-06T14:59:59+00:00 rückwärts bis 2025-08-10T16:23:32.334626+00:00
2026-10-04 18:32:08,161 | DEBUG    | historical_fetcher | [TME.ETORO] OneHour: 1000 Candles, älteste: 2026-03-10T16:00:00+00:00
2026-10-04 18:32:09,648 | INFO     | historical_fetcher | [TME.ETORO] Historische Tiefe für OneHour erreicht.
2026-10-04 18:32:10,116 | DEBUG    | historical_fetcher | [TME.ETORO] OneDay: 1000 Candles, älteste: 2022-08-22T00:00:00+00:00
2026-10-04 18:32:11,218 | INFO     | historical_fetcher | [TME.ETORO] Ziel-Startdatum mit OneDay erreicht.
2026-10-04 18:32:11,227 | INFO     | historical_fetcher | [TME.ETORO] OneHour: 4000 Ticks → speichere (price_prec=2).
2026-10-04 18:32:11,233 | DEBUG    | historical_fetcher | [api_backfiller] TME.ETORO: 8588→4588 Zeilen (-4000 Duplikate)
2026-10-04 18:32:11,235 | INFO     | historical_fetcher | [api_backfiller] TME.ETORO: 4588 Zeilen gespeichert (price_prec=2, size_prec=2) → /home/minisforum/etoro_nautilus/data/nautilus/data/quote_tick/TME.ETORO/OneHour/data.parquet
2026-10-04 18:32:11,238 | INFO     | historical_fetcher | [TME.ETORO] OneDay: 1120 Ticks → speichere (price_prec=2).
2026-10-04 18:32:11,241 | DEBUG    | historical_fetcher | [api_backfiller] TME.ETORO: 4048→2928 Zeilen (-1120 Duplikate)
2026-10-04 18:32:11,242 | INFO     | historical_fetcher | [api_backfiller] TME.ETORO: 2928 Zeilen gespeichert (price_prec=2, size_prec=2) → /home/minisforum/etoro_nautilus/data/nautilus/data/quote_tick/TME.ETORO/OneDay/data.parquet
2026-10-04 18:32:12,346 | INFO     | historical_fetcher | [TSEM.ETORO] Delta-Update: Fetch ab 2026-02-06T13:59:59+00:00 rückwärts bis 2025-08-10T16:23:32.334626+00:00
2026-10-04 18:32:12,555 | DEBUG    | historical_fetcher | [TSEM.ETORO] OneHour: 1000 Candles, älteste: 2026-03-10T15:00:00+00:00
2026-10-04 18:32:13,994 | INFO     | historical_fetcher | [TSEM.ETORO] Historische Tiefe für OneHour erreicht.
2026-10-04 18:32:14,444 | DEBUG    | historical_fetcher | [TSEM.ETORO] OneDay: 1000 Candles, älteste: 2022-08-22T00:00:00+00:00
2026-10-04 18:32:15,546 | INFO     | historical_fetcher | [TSEM.ETORO] Ziel-Startdatum mit OneDay erreicht.
2026-10-04 18:32:15,555 | INFO     | historical_fetcher | [TSEM.ETORO] OneHour: 4000 Ticks → speichere (price_prec=2).
2026-10-04 18:32:15,560 | DEBUG    | historical_fetcher | [api_backfiller] TSEM.ETORO: 8588→4588 Zeilen (-4000 Duplikate)
2026-10-04 18:32:15,563 | INFO     | historical_fetcher | [api_backfiller] TSEM.ETORO: 4588 Zeilen gespeichert (price_prec=2, size_prec=2) → /home/minisforum/etoro_nautilus/data/nautilus/data/quote_tick/TSEM.ETORO/OneHour/data.parquet
2026-10-04 18:32:15,567 | INFO     | historical_fetcher | [TSEM.ETORO] OneDay: 1120 Ticks → speichere (price_prec=2).
2026-10-04 18:32:15,570 | DEBUG    | historical_fetcher | [api_backfiller] TSEM.ETORO: 4048→2928 Zeilen (-1120 Duplikate)
2026-10-04 18:32:15,571 | INFO     | historical_fetcher | [api_backfiller] TSEM.ETORO: 2928 Zeilen gespeichert (price_prec=2, size_prec=2) → /home/minisforum/etoro_nautilus/data/nautilus/data/quote_tick/TSEM.ETORO/OneDay/data.parquet
2026-10-04 18:32:16,676 | INFO     | historical_fetcher | [TSLA.ETORO] Delta-Update: Fetch ab 2026-07-02T18:59:59+00:00 rückwärts bis 2025-08-10T16:23:32.334626+00:00
2026-10-04 18:32:17,123 | DEBUG    | historical_fetcher | [TSLA.ETORO] OneHour: 1000 Candles, älteste: 2026-08-03T20:00:00+00:00
2026-10-04 18:32:18,492 | INFO     | historical_fetcher | [TSLA.ETORO] Historische Tiefe für OneHour erreicht.
2026-10-04 18:32:18,902 | DEBUG    | historical_fetcher | [TSLA.ETORO] OneDay: 1000 Candles, älteste: 2022-09-02T00:00:00+00:00
2026-10-04 18:32:20,004 | INFO     | historical_fetcher | [TSLA.ETORO] Ziel-Startdatum mit OneDay erreicht.
2026-10-04 18:32:20,012 | INFO     | historical_fetcher | [TSLA.ETORO] OneHour: 4000 Ticks → speichere (price_prec=2).
2026-10-04 18:32:20,017 | DEBUG    | historical_fetcher | [api_backfiller] TSLA.ETORO: 9952→5952 Zeilen (-4000 Duplikate)
2026-10-04 18:32:20,021 | INFO     | historical_fetcher | [api_backfiller] TSLA.ETORO: 5952 Zeilen gespeichert (price_prec=2, size_prec=2) → /home/minisforum/etoro_nautilus/data/nautilus/data/quote_tick/TSLA.ETORO/OneHour/data.parquet
2026-10-04 18:32:20,025 | INFO     | historical_fetcher | [TSLA.ETORO] OneDay: 1156 Ticks → speichere (price_prec=2).
2026-10-04 18:32:20,028 | DEBUG    | historical_fetcher | [api_backfiller] TSLA.ETORO: 4120→2964 Zeilen (-1156 Duplikate)
2026-10-04 18:32:20,029 | INFO     | historical_fetcher | [api_backfiller] TSLA.ETORO: 2964 Zeilen gespeichert (price_prec=2, size_prec=2) → /home/minisforum/etoro_nautilus/data/nautilus/data/quote_tick/TSLA.ETORO/OneDay/data.parquet
2026-10-04 18:32:21,134 | INFO     | historical_fetcher | [TTD.ETORO] Delta-Update: Fetch ab 2026-07-02T17:59:59+00:00 rückwärts bis 2025-08-10T16:23:32.334626+00:00
2026-10-04 18:32:21,695 | DEBUG    | historical_fetcher | [TTD.ETORO] OneHour: 1000 Candles, älteste: 2026-08-03T20:00:00+00:00
2026-10-04 18:32:22,916 | INFO     | historical_fetcher | [TTD.ETORO] Historische Tiefe für OneHour erreicht.
2026-10-04 18:32:23,073 | DEBUG    | historical_fetcher | [TTD.ETORO] OneDay: 1000 Candles, älteste: 2022-09-02T00:00:00+00:00
2026-10-04 18:32:24,174 | INFO     | historical_fetcher | [TTD.ETORO] Ziel-Startdatum mit OneDay erreicht.
2026-10-04 18:32:24,181 | INFO     | historical_fetcher | [TTD.ETORO] OneHour: 4000 Ticks → speichere (price_prec=2).
2026-10-04 18:32:24,186 | DEBUG    | historical_fetcher | [api_backfiller] TTD.ETORO: 9952→5952 Zeilen (-4000 Duplikate)
2026-10-04 18:32:24,188 | INFO     | historical_fetcher | [api_backfiller] TTD.ETORO: 5952 Zeilen gespeichert (price_prec=2, size_prec=2) → /home/minisforum/etoro_nautilus/data/nautilus/data/quote_tick/TTD.ETORO/OneHour/data.parquet
2026-10-04 18:32:24,191 | INFO     | historical_fetcher | [TTD.ETORO] OneDay: 1156 Ticks → speichere (price_prec=2).
2026-10-04 18:32:24,193 | DEBUG    | historical_fetcher | [api_backfiller] TTD.ETORO: 4120→2964 Zeilen (-1156 Duplikate)
2026-10-04 18:32:24,195 | INFO     | historical_fetcher | [api_backfiller] TTD.ETORO: 2964 Zeilen gespeichert (price_prec=2, size_prec=2) → /home/minisforum/etoro_nautilus/data/nautilus/data/quote_tick/TTD.ETORO/OneDay/data.parquet
2026-10-04 18:32:25,300 | INFO     | historical_fetcher | [TWST.ETORO] Delta-Update: Fetch ab 2026-02-06T13:59:59+00:00 rückwärts bis 2025-08-10T16:23:32.334626+00:00
2026-10-04 18:32:25,832 | DEBUG    | historical_fetcher | [TWST.ETORO] OneHour: 1000 Candles, älteste: 2026-03-10T15:00:00+00:00
2026-10-04 18:32:27,570 | INFO     | historical_fetcher | [TWST.ETORO] Historische Tiefe für OneHour erreicht.
2026-10-04 18:32:27,721 | DEBUG    | historical_fetcher | [TWST.ETORO] OneDay: 1000 Candles, älteste: 2022-08-22T00:00:00+00:00
2026-10-04 18:32:28,823 | INFO     | historical_fetcher | [TWST.ETORO] Ziel-Startdatum mit OneDay erreicht.
2026-10-04 18:32:28,831 | INFO     | historical_fetcher | [TWST.ETORO] OneHour: 4000 Ticks → speichere (price_prec=2).
2026-10-04 18:32:28,835 | DEBUG    | historical_fetcher | [api_backfiller] TWST.ETORO: 8588→4588 Zeilen (-4000 Duplikate)
2026-10-04 18:32:28,838 | INFO     | historical_fetcher | [api_backfiller] TWST.ETORO: 4588 Zeilen gespeichert (price_prec=2, size_prec=2) → /home/minisforum/etoro_nautilus/data/nautilus/data/quote_tick/TWST.ETORO/OneHour/data.parquet
2026-10-04 18:32:28,841 | INFO     | historical_fetcher | [TWST.ETORO] OneDay: 1120 Ticks → speichere (price_prec=2).
2026-10-04 18:32:28,843 | DEBUG    | historical_fetcher | [api_backfiller] TWST.ETORO: 4048→2928 Zeilen (-1120 Duplikate)
2026-10-04 18:32:28,845 | INFO     | historical_fetcher | [api_backfiller] TWST.ETORO: 2928 Zeilen gespeichert (price_prec=2, size_prec=2) → /home/minisforum/etoro_nautilus/data/nautilus/data/quote_tick/TWST.ETORO/OneDay/data.parquet
2026-10-04 18:32:29,949 | INFO     | historical_fetcher | [TXG.ETORO] Delta-Update: Fetch ab 2026-02-06T13:59:59+00:00 rückwärts bis 2025-08-10T16:23:32.334626+00:00
2026-10-04 18:32:30,469 | DEBUG    | historical_fetcher | [TXG.ETORO] OneHour: 1000 Candles, älteste: 2026-03-10T15:00:00+00:00
2026-10-04 18:32:31,835 | INFO     | historical_fetcher | [TXG.ETORO] Historische Tiefe für OneHour erreicht.
2026-10-04 18:32:31,958 | DEBUG    | historical_fetcher | [TXG.ETORO] OneDay: 1000 Candles, älteste: 2022-08-22T00:00:00+00:00
2026-10-04 18:32:33,059 | INFO     | historical_fetcher | [TXG.ETORO] Ziel-Startdatum mit OneDay erreicht.
2026-10-04 18:32:33,066 | INFO     | historical_fetcher | [TXG.ETORO] OneHour: 4000 Ticks → speichere (price_prec=2).
2026-10-04 18:32:33,071 | DEBUG    | historical_fetcher | [api_backfiller] TXG.ETORO: 8588→4588 Zeilen (-4000 Duplikate)
2026-10-04 18:32:33,073 | INFO     | historical_fetcher | [api_backfiller] TXG.ETORO: 4588 Zeilen gespeichert (price_prec=2, size_prec=2) → /home/minisforum/etoro_nautilus/data/nautilus/data/quote_tick/TXG.ETORO/OneHour/data.parquet
2026-10-04 18:32:33,075 | INFO     | historical_fetcher | [TXG.ETORO] OneDay: 1120 Ticks → speichere (price_prec=2).
2026-10-04 18:32:33,078 | DEBUG    | historical_fetcher | [api_backfiller] TXG.ETORO: 4048→2928 Zeilen (-1120 Duplikate)
2026-10-04 18:32:33,079 | INFO     | historical_fetcher | [api_backfiller] TXG.ETORO: 2928 Zeilen gespeichert (price_prec=2, size_prec=2) → /home/minisforum/etoro_nautilus/data/nautilus/data/quote_tick/TXG.ETORO/OneDay/data.parquet
2026-10-04 18:32:34,184 | INFO     | historical_fetcher | [UPST.ETORO] Delta-Update: Fetch ab 2026-02-06T13:59:59+00:00 rückwärts bis 2025-08-10T16:23:32.334626+00:00
2026-10-04 18:32:34,412 | DEBUG    | historical_fetcher | [UPST.ETORO] OneHour: 1000 Candles, älteste: 2026-03-10T15:00:00+00:00
2026-10-04 18:32:36,325 | INFO     | historical_fetcher | [UPST.ETORO] Historische Tiefe für OneHour erreicht.
2026-10-04 18:32:36,570 | DEBUG    | historical_fetcher | [UPST.ETORO] OneDay: 1000 Candles, älteste: 2022-08-22T00:00:00+00:00
2026-10-04 18:32:37,671 | INFO     | historical_fetcher | [UPST.ETORO] Ziel-Startdatum mit OneDay erreicht.
2026-10-04 18:32:37,677 | INFO     | historical_fetcher | [UPST.ETORO] OneHour: 4000 Ticks → speichere (price_prec=2).
2026-10-04 18:32:37,681 | DEBUG    | historical_fetcher | [api_backfiller] UPST.ETORO: 8588→4588 Zeilen (-4000 Duplikate)
2026-10-04 18:32:37,683 | INFO     | historical_fetcher | [api_backfiller] UPST.ETORO: 4588 Zeilen gespeichert (price_prec=2, size_prec=2) → /home/minisforum/etoro_nautilus/data/nautilus/data/quote_tick/UPST.ETORO/OneHour/data.parquet
2026-10-04 18:32:37,687 | INFO     | historical_fetcher | [UPST.ETORO] OneDay: 1120 Ticks → speichere (price_prec=2).
2026-10-04 18:32:37,691 | DEBUG    | historical_fetcher | [api_backfiller] UPST.ETORO: 4048→2928 Zeilen (-1120 Duplikate)
2026-10-04 18:32:37,693 | INFO     | historical_fetcher | [api_backfiller] UPST.ETORO: 2928 Zeilen gespeichert (price_prec=2, size_prec=2) → /home/minisforum/etoro_nautilus/data/nautilus/data/quote_tick/UPST.ETORO/OneDay/data.parquet
2026-10-04 18:32:38,797 | INFO     | historical_fetcher | [USDTRY.ETORO] Delta-Update: Fetch ab 2026-07-07T03:59:59+00:00 rückwärts bis 2025-08-10T16:23:32.334626+00:00
2026-10-04 18:32:39,023 | DEBUG    | historical_fetcher | [USDTRY.ETORO] OneHour: 1000 Candles, älteste: 2026-08-06T05:00:00+00:00
2026-10-04 18:32:40,261 | INFO     | historical_fetcher | [USDTRY.ETORO] Historische Tiefe für OneHour erreicht.
2026-10-04 18:32:40,383 | DEBUG    | historical_fetcher | [USDTRY.ETORO] OneDay: 1000 Candles, älteste: 2022-11-25T00:00:00+00:00
2026-10-04 18:32:41,484 | INFO     | historical_fetcher | [USDTRY.ETORO] Ziel-Startdatum mit OneDay erreicht.
2026-10-04 18:32:41,491 | INFO     | historical_fetcher | [USDTRY.ETORO] OneHour: 4000 Ticks → speichere (price_prec=5).
2026-10-04 18:32:41,496 | DEBUG    | historical_fetcher | [api_backfiller] USDTRY.ETORO: 10116→6116 Zeilen (-4000 Duplikate)
2026-10-04 18:32:41,498 | INFO     | historical_fetcher | [api_backfiller] USDTRY.ETORO: 6116 Zeilen gespeichert (price_prec=5, size_prec=5) → /home/minisforum/etoro_nautilus/data/nautilus/data/quote_tick/USDTRY.ETORO/OneHour/data.parquet
2026-10-04 18:32:41,502 | INFO     | historical_fetcher | [USDTRY.ETORO] OneDay: 1192 Ticks → speichere (price_prec=5).
2026-10-04 18:32:41,505 | DEBUG    | historical_fetcher | [api_backfiller] USDTRY.ETORO: 4344→3152 Zeilen (-1192 Duplikate)
2026-10-04 18:32:41,507 | INFO     | historical_fetcher | [api_backfiller] USDTRY.ETORO: 3152 Zeilen gespeichert (price_prec=5, size_prec=5) → /home/minisforum/etoro_nautilus/data/nautilus/data/quote_tick/USDTRY.ETORO/OneDay/data.parquet
2026-10-04 18:32:42,611 | INFO     | historical_fetcher | [USDZAR.ETORO] Delta-Update: Fetch ab 2026-07-07T03:59:59+00:00 rückwärts bis 2025-08-10T16:23:32.334626+00:00
2026-10-04 18:32:42,796 | DEBUG    | historical_fetcher | [USDZAR.ETORO] OneHour: 1000 Candles, älteste: 2026-08-06T05:00:00+00:00
2026-10-04 18:32:44,423 | INFO     | historical_fetcher | [USDZAR.ETORO] Historische Tiefe für OneHour erreicht.
2026-10-04 18:32:44,819 | DEBUG    | historical_fetcher | [USDZAR.ETORO] OneDay: 1000 Candles, älteste: 2022-11-25T00:00:00+00:00
2026-10-04 18:32:45,919 | INFO     | historical_fetcher | [USDZAR.ETORO] Ziel-Startdatum mit OneDay erreicht.
2026-10-04 18:32:45,924 | INFO     | historical_fetcher | [USDZAR.ETORO] OneHour: 4000 Ticks → speichere (price_prec=5).
2026-10-04 18:32:45,928 | DEBUG    | historical_fetcher | [api_backfiller] USDZAR.ETORO: 10116→6116 Zeilen (-4000 Duplikate)
2026-10-04 18:32:45,930 | INFO     | historical_fetcher | [api_backfiller] USDZAR.ETORO: 6116 Zeilen gespeichert (price_prec=5, size_prec=5) → /home/minisforum/etoro_nautilus/data/nautilus/data/quote_tick/USDZAR.ETORO/OneHour/data.parquet
2026-10-04 18:32:45,933 | INFO     | historical_fetcher | [USDZAR.ETORO] OneDay: 1192 Ticks → speichere (price_prec=5).
2026-10-04 18:32:45,935 | DEBUG    | historical_fetcher | [api_backfiller] USDZAR.ETORO: 4344→3152 Zeilen (-1192 Duplikate)
2026-10-04 18:32:45,937 | INFO     | historical_fetcher | [api_backfiller] USDZAR.ETORO: 3152 Zeilen gespeichert (price_prec=5, size_prec=5) → /home/minisforum/etoro_nautilus/data/nautilus/data/quote_tick/USDZAR.ETORO/OneDay/data.parquet
2026-10-04 18:32:47,041 | INFO     | historical_fetcher | [VLO.ETORO] Delta-Update: Fetch ab 2026-06-17T19:59:59+00:00 rückwärts bis 2025-08-10T16:23:32.334626+00:00
2026-10-04 18:32:47,499 | DEBUG    | historical_fetcher | [VLO.ETORO] OneHour: 1000 Candles, älteste: 2026-07-29T15:00:00+00:00
2026-10-04 18:32:48,867 | INFO     | historical_fetcher | [VLO.ETORO] Historische Tiefe für OneHour erreicht.
2026-10-04 18:32:48,982 | DEBUG    | historical_fetcher | [VLO.ETORO] OneDay: 1000 Candles, älteste: 2022-08-31T00:00:00+00:00
2026-10-04 18:32:50,084 | INFO     | historical_fetcher | [VLO.ETORO] Ziel-Startdatum mit OneDay erreicht.
2026-10-04 18:32:50,093 | INFO     | historical_fetcher | [VLO.ETORO] OneHour: 4000 Ticks → speichere (price_prec=2).
2026-10-04 18:32:50,120 | DEBUG    | historical_fetcher | [api_backfiller] VLO.ETORO: 9848→5848 Zeilen (-4000 Duplikate)
2026-10-04 18:32:50,124 | INFO     | historical_fetcher | [api_backfiller] VLO.ETORO: 5848 Zeilen gespeichert (price_prec=2, size_prec=2) → /home/minisforum/etoro_nautilus/data/nautilus/data/quote_tick/VLO.ETORO/OneHour/data.parquet
2026-10-04 18:32:50,128 | INFO     | historical_fetcher | [VLO.ETORO] OneDay: 1148 Ticks → speichere (price_prec=2).
2026-10-04 18:32:50,131 | DEBUG    | historical_fetcher | [api_backfiller] VLO.ETORO: 4104→2956 Zeilen (-1148 Duplikate)
2026-10-04 18:32:50,133 | INFO     | historical_fetcher | [api_backfiller] VLO.ETORO: 2956 Zeilen gespeichert (price_prec=2, size_prec=2) → /home/minisforum/etoro_nautilus/data/nautilus/data/quote_tick/VLO.ETORO/OneDay/data.parquet
2026-10-04 18:32:51,238 | INFO     | historical_fetcher | [VRT.ETORO] Delta-Update: Fetch ab 2026-04-01T13:59:59+00:00 rückwärts bis 2025-08-10T16:23:32.334626+00:00
2026-10-04 18:32:51,444 | DEBUG    | historical_fetcher | [VRT.ETORO] OneHour: 1000 Candles, älteste: 2026-07-14T17:00:00+00:00
2026-10-04 18:32:52,758 | INFO     | historical_fetcher | [VRT.ETORO] Historische Tiefe für OneHour erreicht.
2026-10-04 18:32:52,892 | DEBUG    | historical_fetcher | [VRT.ETORO] OneDay: 1000 Candles, älteste: 2022-08-22T00:00:00+00:00
2026-10-04 18:32:53,994 | INFO     | historical_fetcher | [VRT.ETORO] Ziel-Startdatum mit OneDay erreicht.
2026-10-04 18:32:54,002 | INFO     | historical_fetcher | [VRT.ETORO] OneHour: 4000 Ticks → speichere (price_prec=2).
2026-10-04 18:32:54,007 | DEBUG    | historical_fetcher | [api_backfiller] VRT.ETORO: 9952→5952 Zeilen (-4000 Duplikate)
2026-10-04 18:32:54,010 | INFO     | historical_fetcher | [api_backfiller] VRT.ETORO: 5952 Zeilen gespeichert (price_prec=2, size_prec=2) → /home/minisforum/etoro_nautilus/data/nautilus/data/quote_tick/VRT.ETORO/OneHour/data.parquet
2026-10-04 18:32:54,014 | INFO     | historical_fetcher | [VRT.ETORO] OneDay: 1120 Ticks → speichere (price_prec=2).
2026-10-04 18:32:54,018 | DEBUG    | historical_fetcher | [api_backfiller] VRT.ETORO: 4048→2928 Zeilen (-1120 Duplikate)
2026-10-04 18:32:54,020 | INFO     | historical_fetcher | [api_backfiller] VRT.ETORO: 2928 Zeilen gespeichert (price_prec=2, size_prec=2) → /home/minisforum/etoro_nautilus/data/nautilus/data/quote_tick/VRT.ETORO/OneDay/data.parquet
2026-10-04 18:32:55,125 | INFO     | historical_fetcher | [WBD.ETORO] Delta-Update: Fetch ab 2026-06-25T14:59:59+00:00 rückwärts bis 2025-08-10T16:23:32.334626+00:00
2026-10-04 18:32:55,704 | DEBUG    | historical_fetcher | [WBD.ETORO] OneHour: 1000 Candles, älteste: 2026-07-28T11:00:00+00:00
2026-10-04 18:32:57,307 | INFO     | historical_fetcher | [WBD.ETORO] Historische Tiefe für OneHour erreicht.
2026-10-04 18:32:57,432 | DEBUG    | historical_fetcher | [WBD.ETORO] OneDay: 1000 Candles, älteste: 2022-09-02T00:00:00+00:00
2026-10-04 18:32:58,534 | INFO     | historical_fetcher | [WBD.ETORO] Ziel-Startdatum mit OneDay erreicht.
2026-10-04 18:32:58,543 | INFO     | historical_fetcher | [WBD.ETORO] OneHour: 4000 Ticks → speichere (price_prec=2).
2026-10-04 18:32:58,548 | DEBUG    | historical_fetcher | [api_backfiller] WBD.ETORO: 9796→5796 Zeilen (-4000 Duplikate)
2026-10-04 18:32:58,551 | INFO     | historical_fetcher | [api_backfiller] WBD.ETORO: 5796 Zeilen gespeichert (price_prec=2, size_prec=2) → /home/minisforum/etoro_nautilus/data/nautilus/data/quote_tick/WBD.ETORO/OneHour/data.parquet
2026-10-04 18:32:58,555 | INFO     | historical_fetcher | [WBD.ETORO] OneDay: 1156 Ticks → speichere (price_prec=2).
2026-10-04 18:32:58,558 | DEBUG    | historical_fetcher | [api_backfiller] WBD.ETORO: 4120→2964 Zeilen (-1156 Duplikate)
2026-10-04 18:32:58,559 | INFO     | historical_fetcher | [api_backfiller] WBD.ETORO: 2964 Zeilen gespeichert (price_prec=2, size_prec=2) → /home/minisforum/etoro_nautilus/data/nautilus/data/quote_tick/WBD.ETORO/OneDay/data.parquet
2026-10-04 18:32:59,664 | INFO     | historical_fetcher | [WDAY.ETORO] Delta-Update: Fetch ab 2026-06-23T01:59:59+00:00 rückwärts bis 2025-08-10T16:23:32.334626+00:00
2026-10-04 18:32:59,802 | DEBUG    | historical_fetcher | [WDAY.ETORO] OneHour: 1000 Candles, älteste: 2026-07-14T18:00:00+00:00
2026-10-04 18:33:01,033 | INFO     | historical_fetcher | [WDAY.ETORO] Historische Tiefe für OneHour erreicht.
2026-10-04 18:33:01,163 | DEBUG    | historical_fetcher | [WDAY.ETORO] OneDay: 1000 Candles, älteste: 2022-09-02T00:00:00+00:00
2026-10-04 18:33:02,265 | INFO     | historical_fetcher | [WDAY.ETORO] Ziel-Startdatum mit OneDay erreicht.
2026-10-04 18:33:02,274 | INFO     | historical_fetcher | [WDAY.ETORO] OneHour: 4000 Ticks → speichere (price_prec=2).
2026-10-04 18:33:02,280 | DEBUG    | historical_fetcher | [api_backfiller] WDAY.ETORO: 9192→5192 Zeilen (-4000 Duplikate)
2026-10-04 18:33:02,283 | INFO     | historical_fetcher | [api_backfiller] WDAY.ETORO: 5192 Zeilen gespeichert (price_prec=2, size_prec=2) → /home/minisforum/etoro_nautilus/data/nautilus/data/quote_tick/WDAY.ETORO/OneHour/data.parquet
2026-10-04 18:33:02,287 | INFO     | historical_fetcher | [WDAY.ETORO] OneDay: 1156 Ticks → speichere (price_prec=2).
2026-10-04 18:33:02,290 | DEBUG    | historical_fetcher | [api_backfiller] WDAY.ETORO: 4120→2964 Zeilen (-1156 Duplikate)
2026-10-04 18:33:02,293 | INFO     | historical_fetcher | [api_backfiller] WDAY.ETORO: 2964 Zeilen gespeichert (price_prec=2, size_prec=2) → /home/minisforum/etoro_nautilus/data/nautilus/data/quote_tick/WDAY.ETORO/OneDay/data.parquet
2026-10-04 18:33:03,398 | INFO     | historical_fetcher | [WDC.ETORO] Delta-Update: Fetch ab 2026-07-02T17:59:59+00:00 rückwärts bis 2025-08-10T16:23:32.334626+00:00
2026-10-04 18:33:04,487 | DEBUG    | historical_fetcher | [WDC.ETORO] OneHour: 1000 Candles, älteste: 2026-08-03T20:00:00+00:00
2026-10-04 18:33:05,728 | INFO     | historical_fetcher | [WDC.ETORO] Historische Tiefe für OneHour erreicht.
2026-10-04 18:33:05,856 | DEBUG    | historical_fetcher | [WDC.ETORO] OneDay: 1000 Candles, älteste: 2022-09-02T00:00:00+00:00
2026-10-04 18:33:06,958 | INFO     | historical_fetcher | [WDC.ETORO] Ziel-Startdatum mit OneDay erreicht.
2026-10-04 18:33:06,967 | INFO     | historical_fetcher | [WDC.ETORO] OneHour: 4000 Ticks → speichere (price_prec=2).
2026-10-04 18:33:06,972 | DEBUG    | historical_fetcher | [api_backfiller] WDC.ETORO: 9956→5956 Zeilen (-4000 Duplikate)
2026-10-04 18:33:06,975 | INFO     | historical_fetcher | [api_backfiller] WDC.ETORO: 5956 Zeilen gespeichert (price_prec=2, size_prec=2) → /home/minisforum/etoro_nautilus/data/nautilus/data/quote_tick/WDC.ETORO/OneHour/data.parquet
2026-10-04 18:33:06,979 | INFO     | historical_fetcher | [WDC.ETORO] OneDay: 1156 Ticks → speichere (price_prec=2).
2026-10-04 18:33:06,983 | DEBUG    | historical_fetcher | [api_backfiller] WDC.ETORO: 4120→2964 Zeilen (-1156 Duplikate)
2026-10-04 18:33:06,985 | INFO     | historical_fetcher | [api_backfiller] WDC.ETORO: 2964 Zeilen gespeichert (price_prec=2, size_prec=2) → /home/minisforum/etoro_nautilus/data/nautilus/data/quote_tick/WDC.ETORO/OneDay/data.parquet
2026-10-04 18:33:08,089 | INFO     | historical_fetcher | [WIX.ETORO] Delta-Update: Fetch ab 2026-02-26T17:59:59+00:00 rückwärts bis 2025-08-10T16:23:32.334626+00:00
2026-10-04 18:33:08,552 | DEBUG    | historical_fetcher | [WIX.ETORO] OneHour: 1000 Candles, älteste: 2026-04-17T14:00:00+00:00
2026-10-04 18:33:10,264 | DEBUG    | historical_fetcher | [WIX.ETORO] OneHour: 1000 Candles, älteste: 2026-04-17T15:00:00+00:00
2026-10-04 18:33:11,503 | INFO     | historical_fetcher | [WIX.ETORO] Historische Tiefe für OneHour erreicht.
2026-10-04 18:33:11,630 | DEBUG    | historical_fetcher | [WIX.ETORO] OneDay: 1000 Candles, älteste: 2022-08-22T00:00:00+00:00
2026-10-04 18:33:12,732 | INFO     | historical_fetcher | [WIX.ETORO] Ziel-Startdatum mit OneDay erreicht.
2026-10-04 18:33:12,747 | INFO     | historical_fetcher | [WIX.ETORO] OneHour: 8000 Ticks → speichere (price_prec=2).
2026-10-04 18:33:12,752 | DEBUG    | historical_fetcher | [api_backfiller] WIX.ETORO: 12968→4968 Zeilen (-8000 Duplikate)
2026-10-04 18:33:12,755 | INFO     | historical_fetcher | [api_backfiller] WIX.ETORO: 4968 Zeilen gespeichert (price_prec=2, size_prec=2) → /home/minisforum/etoro_nautilus/data/nautilus/data/quote_tick/WIX.ETORO/OneHour/data.parquet
2026-10-04 18:33:12,759 | INFO     | historical_fetcher | [WIX.ETORO] OneDay: 1120 Ticks → speichere (price_prec=2).
2026-10-04 18:33:12,762 | DEBUG    | historical_fetcher | [api_backfiller] WIX.ETORO: 4048→2928 Zeilen (-1120 Duplikate)
2026-10-04 18:33:12,763 | INFO     | historical_fetcher | [api_backfiller] WIX.ETORO: 2928 Zeilen gespeichert (price_prec=2, size_prec=2) → /home/minisforum/etoro_nautilus/data/nautilus/data/quote_tick/WIX.ETORO/OneDay/data.parquet
2026-10-04 18:33:13,867 | INFO     | historical_fetcher | [XOM.ETORO] Delta-Update: Fetch ab 2026-07-02T15:59:59+00:00 rückwärts bis 2025-08-10T16:23:32.334626+00:00
2026-10-04 18:33:14,008 | DEBUG    | historical_fetcher | [XOM.ETORO] OneHour: 1000 Candles, älteste: 2026-08-03T19:00:00+00:00
2026-10-04 18:33:15,340 | INFO     | historical_fetcher | [XOM.ETORO] Historische Tiefe für OneHour erreicht.
2026-10-04 18:33:15,503 | DEBUG    | historical_fetcher | [XOM.ETORO] OneDay: 1000 Candles, älteste: 2022-09-02T00:00:00+00:00
2026-10-04 18:33:16,604 | INFO     | historical_fetcher | [XOM.ETORO] Ziel-Startdatum mit OneDay erreicht.
2026-10-04 18:33:16,614 | INFO     | historical_fetcher | [XOM.ETORO] OneHour: 4000 Ticks → speichere (price_prec=2).
2026-10-04 18:33:16,619 | DEBUG    | historical_fetcher | [api_backfiller] XOM.ETORO: 9948→5948 Zeilen (-4000 Duplikate)
2026-10-04 18:33:16,622 | INFO     | historical_fetcher | [api_backfiller] XOM.ETORO: 5948 Zeilen gespeichert (price_prec=2, size_prec=2) → /home/minisforum/etoro_nautilus/data/nautilus/data/quote_tick/XOM.ETORO/OneHour/data.parquet
2026-10-04 18:33:16,627 | INFO     | historical_fetcher | [XOM.ETORO] OneDay: 1156 Ticks → speichere (price_prec=2).
2026-10-04 18:33:16,630 | DEBUG    | historical_fetcher | [api_backfiller] XOM.ETORO: 4120→2964 Zeilen (-1156 Duplikate)
2026-10-04 18:33:16,632 | INFO     | historical_fetcher | [api_backfiller] XOM.ETORO: 2964 Zeilen gespeichert (price_prec=2, size_prec=2) → /home/minisforum/etoro_nautilus/data/nautilus/data/quote_tick/XOM.ETORO/OneDay/data.parquet
2026-10-04 18:33:17,737 | INFO     | historical_fetcher | [XPEV.ETORO] Delta-Update: Fetch ab 2026-02-06T14:59:59+00:00 rückwärts bis 2025-08-10T16:23:32.334626+00:00
2026-10-04 18:33:18,208 | DEBUG    | historical_fetcher | [XPEV.ETORO] OneHour: 1000 Candles, älteste: 2026-03-10T16:00:00+00:00
2026-10-04 18:33:19,540 | INFO     | historical_fetcher | [XPEV.ETORO] Historische Tiefe für OneHour erreicht.
2026-10-04 18:33:19,674 | DEBUG    | historical_fetcher | [XPEV.ETORO] OneDay: 1000 Candles, älteste: 2022-08-22T00:00:00+00:00
2026-10-04 18:33:20,776 | INFO     | historical_fetcher | [XPEV.ETORO] Ziel-Startdatum mit OneDay erreicht.
2026-10-04 18:33:20,784 | INFO     | historical_fetcher | [XPEV.ETORO] OneHour: 4000 Ticks → speichere (price_prec=2).
2026-10-04 18:33:20,812 | DEBUG    | historical_fetcher | [api_backfiller] XPEV.ETORO: 8588→4588 Zeilen (-4000 Duplikate)
2026-10-04 18:33:20,815 | INFO     | historical_fetcher | [api_backfiller] XPEV.ETORO: 4588 Zeilen gespeichert (price_prec=2, size_prec=2) → /home/minisforum/etoro_nautilus/data/nautilus/data/quote_tick/XPEV.ETORO/OneHour/data.parquet
2026-10-04 18:33:20,819 | INFO     | historical_fetcher | [XPEV.ETORO] OneDay: 1120 Ticks → speichere (price_prec=2).
2026-10-04 18:33:20,822 | DEBUG    | historical_fetcher | [api_backfiller] XPEV.ETORO: 4048→2928 Zeilen (-1120 Duplikate)
2026-10-04 18:33:20,824 | INFO     | historical_fetcher | [api_backfiller] XPEV.ETORO: 2928 Zeilen gespeichert (price_prec=2, size_prec=2) → /home/minisforum/etoro_nautilus/data/nautilus/data/quote_tick/XPEV.ETORO/OneDay/data.parquet
2026-10-04 18:33:21,929 | INFO     | historical_fetcher | [XYL.ETORO] Delta-Update: Fetch ab 2026-07-02T14:59:59+00:00 rückwärts bis 2025-08-10T16:23:32.334626+00:00
2026-10-04 18:33:22,107 | DEBUG    | historical_fetcher | [XYL.ETORO] OneHour: 1000 Candles, älteste: 2026-07-02T15:00:00+00:00
2026-10-04 18:33:23,331 | INFO     | historical_fetcher | [XYL.ETORO] Historische Tiefe für OneHour erreicht.
2026-10-04 18:33:23,467 | DEBUG    | historical_fetcher | [XYL.ETORO] OneDay: 1000 Candles, älteste: 2022-09-02T00:00:00+00:00
2026-10-04 18:33:24,569 | INFO     | historical_fetcher | [XYL.ETORO] Ziel-Startdatum mit OneDay erreicht.
2026-10-04 18:33:24,578 | INFO     | historical_fetcher | [XYL.ETORO] OneHour: 4000 Ticks → speichere (price_prec=2).
2026-10-04 18:33:24,582 | DEBUG    | historical_fetcher | [api_backfiller] XYL.ETORO: 8000→4000 Zeilen (-4000 Duplikate)
2026-10-04 18:33:24,584 | INFO     | historical_fetcher | [api_backfiller] XYL.ETORO: 4000 Zeilen gespeichert (price_prec=2, size_prec=2) → /home/minisforum/etoro_nautilus/data/nautilus/data/quote_tick/XYL.ETORO/OneHour/data.parquet
2026-10-04 18:33:24,588 | INFO     | historical_fetcher | [XYL.ETORO] OneDay: 1156 Ticks → speichere (price_prec=2).
2026-10-04 18:33:24,592 | DEBUG    | historical_fetcher | [api_backfiller] XYL.ETORO: 4032→2876 Zeilen (-1156 Duplikate)
2026-10-04 18:33:24,593 | INFO     | historical_fetcher | [api_backfiller] XYL.ETORO: 2876 Zeilen gespeichert (price_prec=2, size_prec=2) → /home/minisforum/etoro_nautilus/data/nautilus/data/quote_tick/XYL.ETORO/OneDay/data.parquet
2026-10-04 18:33:25,698 | INFO     | historical_fetcher | [Z.ETORO] Delta-Update: Fetch ab 2026-02-06T14:59:59+00:00 rückwärts bis 2025-08-10T16:23:32.334626+00:00
2026-10-04 18:33:25,948 | DEBUG    | historical_fetcher | [Z.ETORO] OneHour: 1000 Candles, älteste: 2026-03-10T16:00:00+00:00
2026-10-04 18:33:27,263 | INFO     | historical_fetcher | [Z.ETORO] Historische Tiefe für OneHour erreicht.
2026-10-04 18:33:27,398 | DEBUG    | historical_fetcher | [Z.ETORO] OneDay: 1000 Candles, älteste: 2022-08-22T00:00:00+00:00
2026-10-04 18:33:28,499 | INFO     | historical_fetcher | [Z.ETORO] Ziel-Startdatum mit OneDay erreicht.
2026-10-04 18:33:28,508 | INFO     | historical_fetcher | [Z.ETORO] OneHour: 4000 Ticks → speichere (price_prec=2).
2026-10-04 18:33:28,513 | DEBUG    | historical_fetcher | [api_backfiller] Z.ETORO: 8588→4588 Zeilen (-4000 Duplikate)
2026-10-04 18:33:28,515 | INFO     | historical_fetcher | [api_backfiller] Z.ETORO: 4588 Zeilen gespeichert (price_prec=2, size_prec=2) → /home/minisforum/etoro_nautilus/data/nautilus/data/quote_tick/Z.ETORO/OneHour/data.parquet
2026-10-04 18:33:28,517 | INFO     | historical_fetcher | [Z.ETORO] OneDay: 1120 Ticks → speichere (price_prec=2).
2026-10-04 18:33:28,520 | DEBUG    | historical_fetcher | [api_backfiller] Z.ETORO: 4048→2928 Zeilen (-1120 Duplikate)
2026-10-04 18:33:28,521 | INFO     | historical_fetcher | [api_backfiller] Z.ETORO: 2928 Zeilen gespeichert (price_prec=2, size_prec=2) → /home/minisforum/etoro_nautilus/data/nautilus/data/quote_tick/Z.ETORO/OneDay/data.parquet
2026-10-04 18:33:29,625 | INFO     | historical_fetcher | [ZS.ETORO] Delta-Update: Fetch ab 2026-07-01T18:59:59+00:00 rückwärts bis 2025-08-10T16:23:32.334626+00:00
2026-10-04 18:33:29,831 | DEBUG    | historical_fetcher | [ZS.ETORO] OneHour: 1000 Candles, älteste: 2026-08-03T06:00:00+00:00
2026-10-04 18:33:31,068 | INFO     | historical_fetcher | [ZS.ETORO] Historische Tiefe für OneHour erreicht.
2026-10-04 18:33:31,200 | DEBUG    | historical_fetcher | [ZS.ETORO] OneDay: 1000 Candles, älteste: 2022-09-02T00:00:00+00:00
2026-10-04 18:33:32,302 | INFO     | historical_fetcher | [ZS.ETORO] Ziel-Startdatum mit OneDay erreicht.
2026-10-04 18:33:32,311 | INFO     | historical_fetcher | [ZS.ETORO] OneHour: 4000 Ticks → speichere (price_prec=2).
2026-10-04 18:33:32,317 | DEBUG    | historical_fetcher | [api_backfiller] ZS.ETORO: 9952→5952 Zeilen (-4000 Duplikate)
2026-10-04 18:33:32,320 | INFO     | historical_fetcher | [api_backfiller] ZS.ETORO: 5952 Zeilen gespeichert (price_prec=2, size_prec=2) → /home/minisforum/etoro_nautilus/data/nautilus/data/quote_tick/ZS.ETORO/OneHour/data.parquet
2026-10-04 18:33:32,324 | INFO     | historical_fetcher | [ZS.ETORO] OneDay: 1156 Ticks → speichere (price_prec=2).
2026-10-04 18:33:32,328 | DEBUG    | historical_fetcher | [api_backfiller] ZS.ETORO: 4120→2964 Zeilen (-1156 Duplikate)
2026-10-04 18:33:32,330 | INFO     | historical_fetcher | [api_backfiller] ZS.ETORO: 2964 Zeilen gespeichert (price_prec=2, size_prec=2) → /home/minisforum/etoro_nautilus/data/nautilus/data/quote_tick/ZS.ETORO/OneDay/data.parquet
2026-10-04 18:33:33,435 | INFO     | historical_fetcher | [ZTS.ETORO] Delta-Update: Fetch ab 2026-07-01T13:59:59+00:00 rückwärts bis 2025-08-10T16:23:32.334626+00:00
2026-10-04 18:33:37,608 | DEBUG    | historical_fetcher | [ZTS.ETORO] OneHour: 1000 Candles, älteste: 2026-07-31T19:00:00+00:00
2026-10-04 18:33:39,102 | INFO     | historical_fetcher | [ZTS.ETORO] Historische Tiefe für OneHour erreicht.
2026-10-04 18:33:39,338 | DEBUG    | historical_fetcher | [ZTS.ETORO] OneDay: 1000 Candles, älteste: 2022-09-01T00:00:00+00:00
2026-10-04 18:33:40,439 | INFO     | historical_fetcher | [ZTS.ETORO] Ziel-Startdatum mit OneDay erreicht.
2026-10-04 18:33:40,449 | INFO     | historical_fetcher | [ZTS.ETORO] OneHour: 4000 Ticks → speichere (price_prec=2).
2026-10-04 18:33:40,453 | DEBUG    | historical_fetcher | [api_backfiller] ZTS.ETORO: 9900→5900 Zeilen (-4000 Duplikate)
2026-10-04 18:33:40,454 | INFO     | historical_fetcher | [api_backfiller] ZTS.ETORO: 5900 Zeilen gespeichert (price_prec=2, size_prec=2) → /home/minisforum/etoro_nautilus/data/nautilus/data/quote_tick/ZTS.ETORO/OneHour/data.parquet
2026-10-04 18:33:40,457 | INFO     | historical_fetcher | [ZTS.ETORO] OneDay: 1152 Ticks → speichere (price_prec=2).
2026-10-04 18:33:40,459 | DEBUG    | historical_fetcher | [api_backfiller] ZTS.ETORO: 4112→2960 Zeilen (-1152 Duplikate)
2026-10-04 18:33:40,460 | INFO     | historical_fetcher | [api_backfiller] ZTS.ETORO: 2960 Zeilen gespeichert (price_prec=2, size_prec=2) → /home/minisforum/etoro_nautilus/data/nautilus/data/quote_tick/ZTS.ETORO/OneDay/data.parquet
2026-10-04 18:33:41,563 | INFO     | historical_fetcher | [historical_fetcher] Fertig: 140 Symbole befüllt.
2026-10-04 18:33:41,565 | INFO     | orchestrator | [Phase 2d] Historical Fetcher: 140 Symbole befüllt.
2026-10-04 18:33:41,565 | INFO     | orchestrator | [JSON_EVENT] {"event_type": "PHASE2D_COMPLETE", "timestamp_utc": "2026-10-04T16:33:41.565210+00:00", "insufficient_count": 140, "hist_filled_count": 140}
2026-10-04 18:33:41,565 | INFO     | orchestrator | [JSON_EVENT] {"event_type": "PHASE2_COMPLETE", "timestamp_utc": "2026-10-04T16:33:41.565303+00:00", "merged_instruments": 0, "zips_deleted": 0, "api_filled_count": 157, "hist_filled_count": 140}
2026-10-04 18:33:41,565 | INFO     | orchestrator | [Phase 3+4] --skip-backtest: Matrix-Backtesting übersprungen — lade bestehendes Tournament.
2026-10-04 18:33:41,565 | INFO     | orchestrator | ════════════════════════════════════════════════════════════
2026-10-04 18:33:41,565 | INFO     | orchestrator | PHASE 5: Live Deployment & Bot-Start
2026-10-04 18:33:41,565 | INFO     | orchestrator | ════════════════════════════════════════════════════════════
2026-10-04 18:33:41,565 | ERROR    | orchestrator | [Phase 5] Tournament-Datei nicht gefunden: /home/minisforum/etoro_nautilus/logs/tournament_2026-10-04.json
2026-10-04 18:33:41,565 | INFO     | orchestrator | [JSON_EVENT] {"event_type": "ORCHESTRATOR_EXIT", "timestamp_utc": "2026-10-04T16:33:41.565630+00:00", "exit_code": 1}
2026-10-04 18:33:41,565 | INFO     | orchestrator | Orchestrator beendet (Exit-Code: 1).
