2026-06-11 07:38:23,524 | INFO     | orchestrator | ╔════════════════════════════════════════════════════════════╗
2026-06-11 07:38:23,524 | INFO     | orchestrator | ║  eToro Nautilus — Daily Orchestrator v2.0                  ║
2026-06-11 07:38:23,524 | INFO     | orchestrator | ║  Start: 2026-06-11T05:38:23.524657+00:00                    ║
2026-06-11 07:38:23,524 | INFO     | orchestrator | ║  NO-DEPLOY: NEIN                                               ║
2026-06-11 07:38:23,524 | INFO     | orchestrator | ║  Standalone: Kein adapters/-Import                        ║
2026-06-11 07:38:23,524 | INFO     | orchestrator | ╚════════════════════════════════════════════════════════════╝
2026-06-11 07:38:23,525 | INFO     | orchestrator | [JSON_EVENT] {"event_type": "ORCHESTRATOR_START", "timestamp_utc": "2026-06-11T05:38:23.524974+00:00", "no_deploy": false, "skip_api_fetch": false, "version": "2.0", "python": "3.12.3 (main, Mar 23 2026, 19:04:32) [GCC 13.3.0]"}
2026-06-11 07:38:23,602 | INFO     | orchestrator | ════════════════════════════════════════════════════════════
2026-06-11 07:38:23,602 | INFO     | orchestrator | PHASE 1: Universe & Mapping
2026-06-11 07:38:23,602 | INFO     | orchestrator | ════════════════════════════════════════════════════════════
2026-06-11 07:38:23,603 | INFO     | orchestrator | [Phase 1] Universe-Alter: 0.0h — frisch genug.
2026-06-11 07:38:23,606 | INFO     | orchestrator | [Phase 1] 106 eindeutige Instrumente im Universum.
2026-06-11 07:38:23,607 | INFO     | orchestrator | [JSON_EVENT] {"event_type": "PHASE1_COMPLETE", "timestamp_utc": "2026-06-11T05:38:23.607101+00:00", "universe_size": 106, "unmapped_count": 0}
2026-06-11 07:38:23,607 | INFO     | orchestrator | ════════════════════════════════════════════════════════════
2026-06-11 07:38:23,607 | INFO     | orchestrator | PHASE 2: Datenbeschaffung (Multi-ZIP, Merge, API-Backfill)
2026-06-11 07:38:23,607 | INFO     | orchestrator | ════════════════════════════════════════════════════════════
2026-06-11 07:38:23,607 | INFO     | orchestrator | [Phase 2a] Keine ZIP-Dateien in data/import/ gefunden.
2026-06-11 07:38:23,608 | INFO     | api_backfiller | [api_backfiller] Universe geladen: 106 Instrumente.
2026-06-11 07:38:23,608 | INFO     | orchestrator | [Phase 2c] API-Backfill für 106 Symbole …
2026-06-11 07:38:23,608 | DEBUG    | asyncio | Using selector: EpollSelector
2026-06-11 07:38:23,609 | INFO     | api_backfiller | [api_backfiller] Starte Backfill: 2026-06-04 → 2026-06-11 | 106 Instrumente
2026-06-11 07:38:23,609 | INFO     | api_backfiller | [api_backfiller] Lade Instrument-Precisions via eToro API …
2026-06-11 07:38:23,755 | DEBUG    | api_backfiller | [api_backfiller] Raw API response (first 500 chars): {'instrumentDisplayDatas': [{'instrumentID': 1012, 'instrumentDisplayName': 'Caterpillar', 'instrumentTypeID': 5, 'exchangeID': 5, 'images': [{'instrumentID': 1012, 'width': 50.0, 'height': 50.0, 'uri': 'https://etoro-cdn.etorostatic.com/market-avatars/cat/50x50.png'}, {'instrumentID': 1012, 'width': 150.0, 'height': 150.0, 'uri': 'https://etoro-cdn.etorostatic.com/market-avatars/cat/150x150.png'}, {'instrumentID': 1012, 'width': 35.0, 'height': 35.0, 'uri': 'https://etoro-cdn.etorostatic.com/ma
2026-06-11 07:38:23,755 | DEBUG    | api_backfiller | [api_backfiller] Keine API-Precision für ID 1012 (CAT). Equity-Fallback (2,2) wird von run_backfill() angewendet.
2026-06-11 07:38:23,756 | DEBUG    | api_backfiller | Vollständiger Item-Dump: {
  "instrumentID": 1012,
  "instrumentDisplayName": "Caterpillar",
  "instrumentTypeID": 5,
  "exchangeID": 5,
  "images": [
    {
      "instrumentID": 1012,
      "width": 50.0,
      "height": 50.0,
      "uri": "https://etoro-cdn.etorostatic.com/market-avatars/cat/50x50.png"
    },
    {
      "instrumentID": 1012,
      "width": 150.0,
      "height": 150.0,
      "uri": "https://etoro-cdn.etorostatic.com/market-avatars/cat/150x150.png"
    },
    {
      "instrumentID": 1012,
      "width": 35.0,
      "height": 35.0,
      "uri": "https://etoro-cdn.etorostatic.com/market-avatars/cat/35x35.png"
    },
    {
      "instrumentID": 1012,
      "width": 90.0,
      "height": 90.0,
      "uri": "https://etoro-cdn.etorostatic.com/market-avatars/cat/90x90.png"
    },
    {
      "instrumentID": 1012,
      "uri": "https://etoro-cdn.etorostatic.com/market-avatars/1012/1012_2C2C2C_F7F7F7.svg",
      "backgroundColor": "#2C2C2C",
      "textColor": "#F7F7F7"
    }
  ],
  "symbolFull": "CAT",
  "stocksIndustryID": 6,
  "priceSource": "NASDAQ",
  "hasExpirationDate": false,
  "isInternalInstrument": false,
  "distributionType": 5
}
2026-06-11 07:38:23,756 | DEBUG    | api_backfiller | [api_backfiller] Keine API-Precision für ID 1102 (PBR). Equity-Fallback (2,2) wird von run_backfill() angewendet.
2026-06-11 07:38:23,756 | DEBUG    | api_backfiller | Vollständiger Item-Dump: {
  "instrumentID": 1102,
  "instrumentDisplayName": "Petroleo Brasileiro SA Petrobras-ADR",
  "instrumentTypeID": 5,
  "exchangeID": 5,
  "images": [
    {
      "instrumentID": 1102,
      "width": 35.0,
      "height": 35.0,
      "uri": "https://etoro-cdn.etorostatic.com/market-avatars/pbr/35x35.png"
    },
    {
      "instrumentID": 1102,
      "width": 50.0,
      "height": 50.0,
      "uri": "https://etoro-cdn.etorostatic.com/market-avatars/pbr/50x50.png"
    },
    {
      "instrumentID": 1102,
      "width": 80.0,
      "height": 80.0,
      "uri": "https://etoro-cdn.etorostatic.com/market-avatars/pbr/80x80.png"
    },
    {
      "instrumentID": 1102,
      "width": 90.0,
      "height": 90.0,
      "uri": "https://etoro-cdn.etorostatic.com/market-avatars/pbr/90x90.png"
    },
    {
      "instrumentID": 1102,
      "width": 150.0,
      "height": 150.0,
      "uri": "https://etoro-cdn.etorostatic.com/market-avatars/pbr/150x150.png"
    },
    {
      "instrumentID": 1102,
      "uri": "https://etoro-cdn.etorostatic.com/market-avatars/1102/1102_00853F_F7F7F7.svg",
      "backgroundColor": "#00853F",
      "textColor": "#F7F7F7"
    }
  ],
  "symbolFull": "PBR",
  "stocksIndustryID": 1,
  "priceSource": "NASDAQ",
  "hasExpirationDate": false,
  "isInternalInstrument": false,
  "distributionType": 5
}
2026-06-11 07:38:23,756 | DEBUG    | api_backfiller | [api_backfiller] Keine API-Precision für ID 1115 (NOK). Equity-Fallback (2,2) wird von run_backfill() angewendet.
2026-06-11 07:38:23,756 | DEBUG    | api_backfiller | Vollständiger Item-Dump: {
  "instrumentID": 1115,
  "instrumentDisplayName": "Nokia Oyj-ADR",
  "instrumentTypeID": 5,
  "exchangeID": 5,
  "images": [
    {
      "instrumentID": 1115,
      "width": 35.0,
      "height": 35.0,
      "uri": "https://etoro-cdn.etorostatic.com/market-avatars/nok/35x35.png"
    },
    {
      "instrumentID": 1115,
      "width": 50.0,
      "height": 50.0,
      "uri": "https://etoro-cdn.etorostatic.com/market-avatars/nok/50x50.png"
    },
    {
      "instrumentID": 1115,
      "width": 80.0,
      "height": 80.0,
      "uri": "https://etoro-cdn.etorostatic.com/market-avatars/nok/80x80.png"
    },
    {
      "instrumentID": 1115,
      "width": 90.0,
      "height": 90.0,
      "uri": "https://etoro-cdn.etorostatic.com/market-avatars/nok/90x90.png"
    },
    {
      "instrumentID": 1115,
      "width": 150.0,
      "height": 150.0,
      "uri": "https://etoro-cdn.etorostatic.com/market-avatars/nok/150x150.png"
    },
    {
      "instrumentID": 1115,
      "uri": "https://etoro-cdn.etorostatic.com/market-avatars/1115/1115_124191_F7F7F7.svg",
      "backgroundColor": "#124191",
      "textColor": "#F7F7F7"
    }
  ],
  "symbolFull": "NOK",
  "stocksIndustryID": 8,
  "priceSource": "NASDAQ",
  "hasExpirationDate": false,
  "isInternalInstrument": false,
  "distributionType": 5
}
2026-06-11 07:38:23,756 | DEBUG    | api_backfiller | [api_backfiller] Keine API-Precision für ID 1129 (WDC). Equity-Fallback (2,2) wird von run_backfill() angewendet.
2026-06-11 07:38:23,756 | DEBUG    | api_backfiller | [api_backfiller] Keine API-Precision für ID 1130 (MU). Equity-Fallback (2,2) wird von run_backfill() angewendet.
2026-06-11 07:38:23,757 | DEBUG    | api_backfiller | [api_backfiller] Keine API-Precision für ID 1138 (FDX). Equity-Fallback (2,2) wird von run_backfill() angewendet.
2026-06-11 07:38:23,757 | DEBUG    | api_backfiller | [api_backfiller] Keine API-Precision für ID 1184 (PINS). Equity-Fallback (2,2) wird von run_backfill() angewendet.
2026-06-11 07:38:23,757 | DEBUG    | api_backfiller | [api_backfiller] Keine API-Precision für ID 1341 (GEV). Equity-Fallback (2,2) wird von run_backfill() angewendet.
2026-06-11 07:38:23,757 | DEBUG    | api_backfiller | [api_backfiller] Keine API-Precision für ID 1484 (PYPL). Equity-Fallback (2,2) wird von run_backfill() angewendet.
2026-06-11 07:38:23,757 | DEBUG    | api_backfiller | [api_backfiller] Keine API-Precision für ID 1585 (GIS). Equity-Fallback (2,2) wird von run_backfill() angewendet.
2026-06-11 07:38:23,757 | DEBUG    | api_backfiller | [api_backfiller] Keine API-Precision für ID 1586 (CAG). Equity-Fallback (2,2) wird von run_backfill() angewendet.
2026-06-11 07:38:23,757 | DEBUG    | api_backfiller | [api_backfiller] Keine API-Precision für ID 1687 (GLW). Equity-Fallback (2,2) wird von run_backfill() angewendet.
2026-06-11 07:38:23,757 | DEBUG    | api_backfiller | [api_backfiller] Keine API-Precision für ID 1706 (AMAT). Equity-Fallback (2,2) wird von run_backfill() angewendet.
2026-06-11 07:38:23,757 | DEBUG    | api_backfiller | [api_backfiller] Keine API-Precision für ID 1832 (AMD). Equity-Fallback (2,2) wird von run_backfill() angewendet.
2026-06-11 07:38:23,757 | DEBUG    | api_backfiller | [api_backfiller] Keine API-Precision für ID 1865 (FISV). Equity-Fallback (2,2) wird von run_backfill() angewendet.
2026-06-11 07:38:23,757 | DEBUG    | api_backfiller | [api_backfiller] Keine API-Precision für ID 1905 (MTZ). Equity-Fallback (2,2) wird von run_backfill() angewendet.
2026-06-11 07:38:23,757 | DEBUG    | api_backfiller | [api_backfiller] Keine API-Precision für ID 1906 (LRCX). Equity-Fallback (2,2) wird von run_backfill() angewendet.
2026-06-11 07:38:23,758 | DEBUG    | api_backfiller | [api_backfiller] Keine API-Precision für ID 1914 (INTU). Equity-Fallback (2,2) wird von run_backfill() angewendet.
2026-06-11 07:38:23,758 | DEBUG    | api_backfiller | [api_backfiller] Keine API-Precision für ID 1945 (CMG). Equity-Fallback (2,2) wird von run_backfill() angewendet.
2026-06-11 07:38:23,758 | DEBUG    | api_backfiller | [api_backfiller] Keine API-Precision für ID 4067 (GSAT). Equity-Fallback (2,2) wird von run_backfill() angewendet.
2026-06-11 07:38:23,758 | DEBUG    | api_backfiller | [api_backfiller] Keine API-Precision für ID 4260 (NOW). Equity-Fallback (2,2) wird von run_backfill() angewendet.
2026-06-11 07:38:23,761 | DEBUG    | api_backfiller | [api_backfiller] Keine API-Precision für ID 4263 (WDAY). Equity-Fallback (2,2) wird von run_backfill() angewendet.
2026-06-11 07:38:23,761 | DEBUG    | api_backfiller | [api_backfiller] Keine API-Precision für ID 4309 (LULU). Equity-Fallback (2,2) wird von run_backfill() angewendet.
2026-06-11 07:38:23,761 | DEBUG    | api_backfiller | [api_backfiller] Keine API-Precision für ID 4356 (STX.US). Equity-Fallback (2,2) wird von run_backfill() angewendet.
2026-06-11 07:38:23,761 | DEBUG    | api_backfiller | [api_backfiller] Keine API-Precision für ID 4358 (MRVL). Equity-Fallback (2,2) wird von run_backfill() angewendet.
2026-06-11 07:38:23,761 | DEBUG    | api_backfiller | [api_backfiller] Keine API-Precision für ID 4399 (TTD). Equity-Fallback (2,2) wird von run_backfill() angewendet.
2026-06-11 07:38:23,762 | DEBUG    | api_backfiller | [api_backfiller] Keine API-Precision für ID 4421 (CIEN). Equity-Fallback (2,2) wird von run_backfill() angewendet.
2026-06-11 07:38:23,762 | DEBUG    | api_backfiller | [api_backfiller] Keine API-Precision für ID 4482 (TME). Equity-Fallback (2,2) wird von run_backfill() angewendet.
2026-06-11 07:38:23,762 | DEBUG    | api_backfiller | [api_backfiller] Keine API-Precision für ID 5491 (ASX). Equity-Fallback (2,2) wird von run_backfill() angewendet.
2026-06-11 07:38:23,762 | DEBUG    | api_backfiller | [api_backfiller] Keine API-Precision für ID 5657 (SMTC). Equity-Fallback (2,2) wird von run_backfill() angewendet.
2026-06-11 07:38:23,762 | DEBUG    | api_backfiller | [api_backfiller] Keine API-Precision für ID 5960 (SE). Equity-Fallback (2,2) wird von run_backfill() angewendet.
2026-06-11 07:38:23,762 | DEBUG    | api_backfiller | [api_backfiller] Keine API-Precision für ID 5967 (CPRT). Equity-Fallback (2,2) wird von run_backfill() angewendet.
2026-06-11 07:38:23,762 | DEBUG    | api_backfiller | [api_backfiller] Keine API-Precision für ID 6071 (AXON). Equity-Fallback (2,2) wird von run_backfill() angewendet.
2026-06-11 07:38:23,762 | DEBUG    | api_backfiller | [api_backfiller] Keine API-Precision für ID 6094 (COHR). Equity-Fallback (2,2) wird von run_backfill() angewendet.
2026-06-11 07:38:23,762 | DEBUG    | api_backfiller | [api_backfiller] Keine API-Precision für ID 6434 (GOOGL). Equity-Fallback (2,2) wird von run_backfill() angewendet.
2026-06-11 07:38:23,762 | DEBUG    | api_backfiller | [api_backfiller] Keine API-Precision für ID 6473 (MSTR). Equity-Fallback (2,2) wird von run_backfill() angewendet.
2026-06-11 07:38:23,762 | DEBUG    | api_backfiller | [api_backfiller] Keine API-Precision für ID 6549 (TER). Equity-Fallback (2,2) wird von run_backfill() angewendet.
2026-06-11 07:38:23,762 | DEBUG    | api_backfiller | [api_backfiller] Keine API-Precision für ID 6681 (ELF). Equity-Fallback (2,2) wird von run_backfill() angewendet.
2026-06-11 07:38:23,763 | DEBUG    | api_backfiller | [api_backfiller] Keine API-Precision für ID 6705 (FRO). Equity-Fallback (2,2) wird von run_backfill() angewendet.
2026-06-11 07:38:23,763 | DEBUG    | api_backfiller | [api_backfiller] Keine API-Precision für ID 6844 (NVO). Equity-Fallback (2,2) wird von run_backfill() angewendet.
2026-06-11 07:38:23,763 | DEBUG    | api_backfiller | [api_backfiller] Keine API-Precision für ID 6940 (SQM). Equity-Fallback (2,2) wird von run_backfill() angewendet.
2026-06-11 07:38:23,763 | DEBUG    | api_backfiller | [api_backfiller] Keine API-Precision für ID 7852 (AMKR). Equity-Fallback (2,2) wird von run_backfill() angewendet.
2026-06-11 07:38:23,763 | DEBUG    | api_backfiller | [api_backfiller] Keine API-Precision für ID 7930 (LQDA). Equity-Fallback (2,2) wird von run_backfill() angewendet.
2026-06-11 07:38:23,763 | DEBUG    | api_backfiller | [api_backfiller] Keine API-Precision für ID 8604 (KD). Equity-Fallback (2,2) wird von run_backfill() angewendet.
2026-06-11 07:38:23,763 | DEBUG    | api_backfiller | [api_backfiller] Keine API-Precision für ID 8637 (DUOL). Equity-Fallback (2,2) wird von run_backfill() angewendet.
2026-06-11 07:38:23,763 | DEBUG    | api_backfiller | [api_backfiller] Keine API-Precision für ID 8867 (VRT). Equity-Fallback (2,2) wird von run_backfill() angewendet.
2026-06-11 07:38:23,763 | DEBUG    | api_backfiller | [api_backfiller] Keine API-Precision für ID 9271 (MNDY). Equity-Fallback (2,2) wird von run_backfill() angewendet.
2026-06-11 07:38:23,763 | DEBUG    | api_backfiller | [api_backfiller] Keine API-Precision für ID 9814 (POWL). Equity-Fallback (2,2) wird von run_backfill() angewendet.
2026-06-11 07:38:23,763 | DEBUG    | api_backfiller | [api_backfiller] Keine API-Precision für ID 10476 (SEI.US). Equity-Fallback (2,2) wird von run_backfill() angewendet.
2026-06-11 07:38:23,763 | DEBUG    | api_backfiller | [api_backfiller] Keine API-Precision für ID 14310 (NTSK). Equity-Fallback (2,2) wird von run_backfill() angewendet.
2026-06-11 07:38:24,355 | DEBUG    | api_backfiller | [api_backfiller] Raw API response (first 500 chars): {'instrumentDisplayDatas': [{'instrumentID': 22, 'instrumentDisplayName': 'Natural Gas (Non Expiry)', 'instrumentTypeID': 2, 'exchangeID': 2, 'images': [{'instrumentID': 22, 'width': 35.0, 'height': 35.0, 'uri': 'https://etoro-cdn.etorostatic.com/market-avatars/natgas/35x35.png'}, {'instrumentID': 22, 'width': 80.0, 'height': 80.0}, {'instrumentID': 22, 'width': 50.0, 'height': 50.0, 'uri': 'https://etoro-cdn.etorostatic.com/market-avatars/natgas/50x50.png'}, {'instrumentID': 22, 'width': 150.0,
2026-06-11 07:38:24,355 | DEBUG    | api_backfiller | [api_backfiller] ID 22: price_precision via historischem Fallback=5
2026-06-11 07:38:24,356 | DEBUG    | api_backfiller | [api_backfiller] ID 22: size_precision via historischem Fallback=5
2026-06-11 07:38:24,356 | DEBUG    | api_backfiller | [api_backfiller] ID 22 (NATGAS): price_prec=5, size_prec=5
2026-06-11 07:38:24,356 | DEBUG    | api_backfiller | [api_backfiller] ID 42: price_precision via historischem Fallback=5
2026-06-11 07:38:24,356 | DEBUG    | api_backfiller | [api_backfiller] ID 42: size_precision via historischem Fallback=5
2026-06-11 07:38:24,356 | DEBUG    | api_backfiller | [api_backfiller] ID 42 (USDZAR): price_prec=5, size_prec=5
2026-06-11 07:38:24,356 | DEBUG    | api_backfiller | [api_backfiller] ID 62: price_precision via historischem Fallback=5
2026-06-11 07:38:24,356 | DEBUG    | api_backfiller | [api_backfiller] ID 62: size_precision via historischem Fallback=5
2026-06-11 07:38:24,356 | DEBUG    | api_backfiller | [api_backfiller] ID 62 (USDTRY): price_prec=5, size_prec=5
2026-06-11 07:38:24,356 | DEBUG    | api_backfiller | [api_backfiller] Keine API-Precision für ID 1002 (GOOG). Equity-Fallback (2,2) wird von run_backfill() angewendet.
2026-06-11 07:38:24,356 | DEBUG    | api_backfiller | [api_backfiller] Keine API-Precision für ID 1022 (JNJ). Equity-Fallback (2,2) wird von run_backfill() angewendet.
2026-06-11 07:38:24,356 | DEBUG    | api_backfiller | [api_backfiller] Keine API-Precision für ID 1111 (TSLA). Equity-Fallback (2,2) wird von run_backfill() angewendet.
2026-06-11 07:38:24,356 | DEBUG    | api_backfiller | [api_backfiller] Keine API-Precision für ID 1126 (ADBE). Equity-Fallback (2,2) wird von run_backfill() angewendet.
2026-06-11 07:38:24,356 | DEBUG    | api_backfiller | [api_backfiller] Keine API-Precision für ID 1137 (NVDA). Equity-Fallback (2,2) wird von run_backfill() angewendet.
2026-06-11 07:38:24,356 | DEBUG    | api_backfiller | [api_backfiller] Keine API-Precision für ID 1160 (WIX). Equity-Fallback (2,2) wird von run_backfill() angewendet.
2026-06-11 07:38:24,356 | DEBUG    | api_backfiller | [api_backfiller] Keine API-Precision für ID 1402 (ROP.ZU). Equity-Fallback (2,2) wird von run_backfill() angewendet.
2026-06-11 07:38:24,356 | DEBUG    | api_backfiller | [api_backfiller] Keine API-Precision für ID 1450 (ACN). Equity-Fallback (2,2) wird von run_backfill() angewendet.
2026-06-11 07:38:24,357 | DEBUG    | api_backfiller | [api_backfiller] Keine API-Precision für ID 1497 (VLO). Equity-Fallback (2,2) wird von run_backfill() angewendet.
2026-06-11 07:38:24,357 | DEBUG    | api_backfiller | [api_backfiller] Keine API-Precision für ID 1531 (HAL). Equity-Fallback (2,2) wird von run_backfill() angewendet.
2026-06-11 07:38:24,357 | DEBUG    | api_backfiller | [api_backfiller] Keine API-Precision für ID 1552 (ABT.US). Equity-Fallback (2,2) wird von run_backfill() angewendet.
2026-06-11 07:38:24,357 | DEBUG    | api_backfiller | [api_backfiller] Keine API-Precision für ID 1704 (CHTR). Equity-Fallback (2,2) wird von run_backfill() angewendet.
2026-06-11 07:38:24,357 | DEBUG    | api_backfiller | [api_backfiller] Keine API-Precision für ID 1839 (CRM). Equity-Fallback (2,2) wird von run_backfill() angewendet.
2026-06-11 07:38:24,357 | DEBUG    | api_backfiller | [api_backfiller] Keine API-Precision für ID 1979 (SNAP). Equity-Fallback (2,2) wird von run_backfill() angewendet.
2026-06-11 07:38:24,357 | DEBUG    | api_backfiller | [api_backfiller] Keine API-Precision für ID 2380 (01211.HK). Equity-Fallback (2,2) wird von run_backfill() angewendet.
2026-06-11 07:38:24,357 | DEBUG    | api_backfiller | [api_backfiller] Keine API-Precision für ID 2587 (RHM.DE). Equity-Fallback (2,2) wird von run_backfill() angewendet.
2026-06-11 07:38:24,357 | DEBUG    | api_backfiller | [api_backfiller] ID 3208: price_precision via historischem Fallback=5
2026-06-11 07:38:24,357 | DEBUG    | api_backfiller | [api_backfiller] ID 3208: size_precision via historischem Fallback=5
2026-06-11 07:38:24,357 | DEBUG    | api_backfiller | [api_backfiller] ID 3208 (PALL): price_prec=5, size_prec=5
2026-06-11 07:38:24,357 | DEBUG    | api_backfiller | [api_backfiller] Keine API-Precision für ID 4074 (HUBS). Equity-Fallback (2,2) wird von run_backfill() angewendet.
2026-06-11 07:38:24,357 | DEBUG    | api_backfiller | [api_backfiller] Keine API-Precision für ID 4087 (JAZZ). Equity-Fallback (2,2) wird von run_backfill() angewendet.
2026-06-11 07:38:24,357 | DEBUG    | api_backfiller | [api_backfiller] Keine API-Precision für ID 4194 (ZTS). Equity-Fallback (2,2) wird von run_backfill() angewendet.
2026-06-11 07:38:24,357 | DEBUG    | api_backfiller | [api_backfiller] Keine API-Precision für ID 4232 (NVS). Equity-Fallback (2,2) wird von run_backfill() angewendet.
2026-06-11 07:38:24,357 | DEBUG    | api_backfiller | [api_backfiller] Keine API-Precision für ID 4272 (CCL). Equity-Fallback (2,2) wird von run_backfill() angewendet.
2026-06-11 07:38:24,357 | DEBUG    | api_backfiller | [api_backfiller] Keine API-Precision für ID 4286 (TEAM). Equity-Fallback (2,2) wird von run_backfill() angewendet.
2026-06-11 07:38:24,357 | DEBUG    | api_backfiller | [api_backfiller] Keine API-Precision für ID 4398 (DOCU). Equity-Fallback (2,2) wird von run_backfill() angewendet.
2026-06-11 07:38:24,357 | DEBUG    | api_backfiller | [api_backfiller] Keine API-Precision für ID 4403 (ZS). Equity-Fallback (2,2) wird von run_backfill() angewendet.
2026-06-11 07:38:24,357 | DEBUG    | api_backfiller | [api_backfiller] Keine API-Precision für ID 5045 (FSLY). Equity-Fallback (2,2) wird von run_backfill() angewendet.
2026-06-11 07:38:24,357 | DEBUG    | api_backfiller | [api_backfiller] Keine API-Precision für ID 5635 (EEFT). Equity-Fallback (2,2) wird von run_backfill() angewendet.
2026-06-11 07:38:24,358 | DEBUG    | api_backfiller | [api_backfiller] Keine API-Precision für ID 6270 (RIOT). Equity-Fallback (2,2) wird von run_backfill() angewendet.
2026-06-11 07:38:24,358 | DEBUG    | api_backfiller | [api_backfiller] Keine API-Precision für ID 6552 (TSEM). Equity-Fallback (2,2) wird von run_backfill() angewendet.
2026-06-11 07:38:24,358 | DEBUG    | api_backfiller | [api_backfiller] Keine API-Precision für ID 6584 (AG). Equity-Fallback (2,2) wird von run_backfill() angewendet.
2026-06-11 07:38:24,358 | DEBUG    | api_backfiller | [api_backfiller] Keine API-Precision für ID 6700 (XPEV). Equity-Fallback (2,2) wird von run_backfill() angewendet.
2026-06-11 07:38:24,358 | DEBUG    | api_backfiller | [api_backfiller] Keine API-Precision für ID 7991 (PLTR). Equity-Fallback (2,2) wird von run_backfill() angewendet.
2026-06-11 07:38:24,358 | DEBUG    | api_backfiller | [api_backfiller] Keine API-Precision für ID 8585 (GTLB). Equity-Fallback (2,2) wird von run_backfill() angewendet.
2026-06-11 07:38:24,358 | DEBUG    | api_backfiller | [api_backfiller] Keine API-Precision für ID 8611 (WBD). Equity-Fallback (2,2) wird von run_backfill() angewendet.
2026-06-11 07:38:24,358 | DEBUG    | api_backfiller | [api_backfiller] Keine API-Precision für ID 8638 (E). Equity-Fallback (2,2) wird von run_backfill() angewendet.
2026-06-11 07:38:24,358 | DEBUG    | api_backfiller | [api_backfiller] Keine API-Precision für ID 8671 (HUT). Equity-Fallback (2,2) wird von run_backfill() angewendet.
2026-06-11 07:38:24,358 | DEBUG    | api_backfiller | [api_backfiller] Keine API-Precision für ID 9077 (FICO). Equity-Fallback (2,2) wird von run_backfill() angewendet.
2026-06-11 07:38:24,358 | DEBUG    | api_backfiller | [api_backfiller] Keine API-Precision für ID 9119 (INSM). Equity-Fallback (2,2) wird von run_backfill() angewendet.
2026-06-11 07:38:24,358 | DEBUG    | api_backfiller | [api_backfiller] Keine API-Precision für ID 9517 (INSW). Equity-Fallback (2,2) wird von run_backfill() angewendet.
2026-06-11 07:38:24,358 | DEBUG    | api_backfiller | [api_backfiller] Keine API-Precision für ID 9803 (TTMI). Equity-Fallback (2,2) wird von run_backfill() angewendet.
2026-06-11 07:38:24,358 | DEBUG    | api_backfiller | [api_backfiller] Keine API-Precision für ID 15233 (ESLT). Equity-Fallback (2,2) wird von run_backfill() angewendet.
2026-06-11 07:38:24,358 | DEBUG    | api_backfiller | [api_backfiller] ID 100000: price_precision via historischem Fallback=2
2026-06-11 07:38:24,358 | DEBUG    | api_backfiller | [api_backfiller] ID 100000: size_precision via historischem Fallback=8
2026-06-11 07:38:24,358 | DEBUG    | api_backfiller | [api_backfiller] ID 100000 (BTC): price_prec=2, size_prec=8
2026-06-11 07:38:24,358 | DEBUG    | api_backfiller | [api_backfiller] ID 100001: price_precision via historischem Fallback=2
2026-06-11 07:38:24,358 | DEBUG    | api_backfiller | [api_backfiller] ID 100001: size_precision via historischem Fallback=8
2026-06-11 07:38:24,358 | DEBUG    | api_backfiller | [api_backfiller] ID 100001 (ETH): price_prec=2, size_prec=8
2026-06-11 07:38:24,358 | DEBUG    | api_backfiller | [api_backfiller] ID 100003: price_precision via historischem Fallback=2
2026-06-11 07:38:24,358 | DEBUG    | api_backfiller | [api_backfiller] ID 100003: size_precision via historischem Fallback=8
2026-06-11 07:38:24,359 | DEBUG    | api_backfiller | [api_backfiller] ID 100003 (XRP): price_prec=2, size_prec=8
2026-06-11 07:38:24,359 | DEBUG    | api_backfiller | [api_backfiller] ID 100017: price_precision via historischem Fallback=2
2026-06-11 07:38:24,359 | DEBUG    | api_backfiller | [api_backfiller] ID 100017: size_precision via historischem Fallback=8
2026-06-11 07:38:24,359 | DEBUG    | api_backfiller | [api_backfiller] ID 100017 (ADA): price_prec=2, size_prec=8
2026-06-11 07:38:24,359 | DEBUG    | api_backfiller | [api_backfiller] ID 100043: price_precision via historischem Fallback=2
2026-06-11 07:38:24,359 | DEBUG    | api_backfiller | [api_backfiller] ID 100043: size_precision via historischem Fallback=8
2026-06-11 07:38:24,359 | DEBUG    | api_backfiller | [api_backfiller] ID 100043 (DOGE): price_prec=2, size_prec=8
2026-06-11 07:38:24,359 | DEBUG    | api_backfiller | [api_backfiller] ID 100063: price_precision via historischem Fallback=2
2026-06-11 07:38:24,359 | DEBUG    | api_backfiller | [api_backfiller] ID 100063: size_precision via historischem Fallback=8
2026-06-11 07:38:24,359 | DEBUG    | api_backfiller | [api_backfiller] ID 100063 (SOL): price_prec=2, size_prec=8
2026-06-11 07:38:24,931 | DEBUG    | api_backfiller | [api_backfiller] Raw API response (first 500 chars): {'instrumentDisplayDatas': [{'instrumentID': 100080, 'instrumentDisplayName': 'Shiba (in millions)', 'instrumentTypeID': 10, 'exchangeID': 8, 'images': [{'instrumentID': 100080, 'width': 35.0, 'height': 35.0, 'uri': 'https://etoro-cdn.etorostatic.com/market-avatars/100080/35x35.png'}, {'instrumentID': 100080, 'width': 50.0, 'height': 50.0, 'uri': 'https://etoro-cdn.etorostatic.com/market-avatars/100080/50x50.png'}, {'instrumentID': 100080, 'width': 150.0, 'height': 150.0, 'uri': 'https://etoro-c
2026-06-11 07:38:24,931 | DEBUG    | api_backfiller | [api_backfiller] ID 100080: price_precision via historischem Fallback=8
2026-06-11 07:38:24,931 | DEBUG    | api_backfiller | [api_backfiller] ID 100080: size_precision via historischem Fallback=8
2026-06-11 07:38:24,931 | DEBUG    | api_backfiller | [api_backfiller] ID 100080 (SHIBxM): price_prec=8, size_prec=8
2026-06-11 07:38:24,931 | DEBUG    | api_backfiller | [api_backfiller] ID 100085: price_precision via historischem Fallback=2
2026-06-11 07:38:24,931 | DEBUG    | api_backfiller | [api_backfiller] ID 100085: size_precision via historischem Fallback=8
2026-06-11 07:38:24,931 | DEBUG    | api_backfiller | [api_backfiller] ID 100085 (AVAX): price_prec=2, size_prec=8
2026-06-11 07:38:24,931 | DEBUG    | api_backfiller | [api_backfiller] ID 100303: price_precision via historischem Fallback=8
2026-06-11 07:38:24,931 | DEBUG    | api_backfiller | [api_backfiller] ID 100303: size_precision via historischem Fallback=8
2026-06-11 07:38:24,932 | DEBUG    | api_backfiller | [api_backfiller] ID 100303 (PEPExM): price_prec=8, size_prec=8
2026-06-11 07:38:24,932 | DEBUG    | api_backfiller | [api_backfiller] ID 100323: price_precision via historischem Fallback=2
2026-06-11 07:38:24,932 | DEBUG    | api_backfiller | [api_backfiller] ID 100323: size_precision via historischem Fallback=8
2026-06-11 07:38:24,932 | DEBUG    | api_backfiller | [api_backfiller] ID 100323 (ONDO): price_prec=2, size_prec=8
2026-06-11 07:38:24,932 | DEBUG    | api_backfiller | [api_backfiller] ID 100421: price_precision via historischem Fallback=2
2026-06-11 07:38:24,932 | DEBUG    | api_backfiller | [api_backfiller] ID 100421: size_precision via historischem Fallback=8
2026-06-11 07:38:24,932 | DEBUG    | api_backfiller | [api_backfiller] ID 100421 (AERO): price_prec=2, size_prec=8
2026-06-11 07:38:24,932 | DEBUG    | api_backfiller | [api_backfiller] ID 100446: price_precision via historischem Fallback=2
2026-06-11 07:38:24,932 | DEBUG    | api_backfiller | [api_backfiller] ID 100446: size_precision via historischem Fallback=8
2026-06-11 07:38:24,932 | DEBUG    | api_backfiller | [api_backfiller] ID 100446 (HYPE): price_prec=2, size_prec=8
2026-06-11 07:38:25,433 | INFO     | api_backfiller | [api_backfiller] Precision-Auflösung abgeschlossen: 16 direkt via API, 0 via Symbol-Fallback (_fallback_precisions), 90 Equities erhalten (2,2) in run_backfill().
2026-06-11 07:38:25,744 | DEBUG    | api_backfiller | [api_backfiller] 01211.HK.ETORO: Daten aktuell (Lücke 0.6h) — überspringe.
2026-06-11 07:38:25,746 | DEBUG    | api_backfiller | [api_backfiller] ABT.US.ETORO: Daten aktuell (Lücke 0.6h) — überspringe.
2026-06-11 07:38:25,747 | DEBUG    | api_backfiller | [api_backfiller] ACN.ETORO: Daten aktuell (Lücke 0.6h) — überspringe.
2026-06-11 07:38:25,748 | DEBUG    | api_backfiller | [api_backfiller] ADA.ETORO: Daten aktuell (Lücke 0.6h) — überspringe.
2026-06-11 07:38:25,749 | DEBUG    | api_backfiller | [api_backfiller] ADBE.ETORO: Daten aktuell (Lücke 0.6h) — überspringe.
2026-06-11 07:38:25,751 | DEBUG    | api_backfiller | [api_backfiller] AERO.ETORO: Daten aktuell (Lücke 0.6h) — überspringe.
2026-06-11 07:38:25,752 | DEBUG    | api_backfiller | [api_backfiller] AG.ETORO: Precision-Fallback price_prec=2, size_prec=2
2026-06-11 07:38:25,832 | INFO     | api_backfiller | [api_backfiller] AG.ETORO: 35 Candles konvertiert (price_prec=2, size_prec=2).
2026-06-11 07:38:25,834 | DEBUG    | api_backfiller | [api_backfiller] AG.ETORO: 70→35 Zeilen (-35 Duplikate)
2026-06-11 07:38:25,836 | INFO     | api_backfiller | [api_backfiller] AG.ETORO: 35 Zeilen gespeichert (price_prec=2, size_prec=2) → data.parquet
2026-06-11 07:38:26,939 | DEBUG    | api_backfiller | [api_backfiller] AMAT.ETORO: Daten aktuell (Lücke 0.6h) — überspringe.
2026-06-11 07:38:26,942 | DEBUG    | api_backfiller | [api_backfiller] AMD.ETORO: Daten aktuell (Lücke 0.6h) — überspringe.
2026-06-11 07:38:26,943 | DEBUG    | api_backfiller | [api_backfiller] AMKR.ETORO: Precision-Fallback price_prec=2, size_prec=2
2026-06-11 07:38:27,035 | INFO     | api_backfiller | [api_backfiller] AMKR.ETORO: 35 Candles konvertiert (price_prec=2, size_prec=2).
2026-06-11 07:38:27,037 | DEBUG    | api_backfiller | [api_backfiller] AMKR.ETORO: 70→35 Zeilen (-35 Duplikate)
2026-06-11 07:38:27,038 | INFO     | api_backfiller | [api_backfiller] AMKR.ETORO: 35 Zeilen gespeichert (price_prec=2, size_prec=2) → data.parquet
2026-06-11 07:38:28,141 | DEBUG    | api_backfiller | [api_backfiller] ASX.ETORO: Precision-Fallback price_prec=2, size_prec=2
2026-06-11 07:38:28,223 | INFO     | api_backfiller | [api_backfiller] ASX.ETORO: 35 Candles konvertiert (price_prec=2, size_prec=2).
2026-06-11 07:38:28,225 | DEBUG    | api_backfiller | [api_backfiller] ASX.ETORO: 70→35 Zeilen (-35 Duplikate)
2026-06-11 07:38:28,226 | INFO     | api_backfiller | [api_backfiller] ASX.ETORO: 35 Zeilen gespeichert (price_prec=2, size_prec=2) → data.parquet
2026-06-11 07:38:29,329 | DEBUG    | api_backfiller | [api_backfiller] AVAX.ETORO: Daten aktuell (Lücke 0.6h) — überspringe.
2026-06-11 07:38:29,330 | DEBUG    | api_backfiller | [api_backfiller] AXON.ETORO: Precision-Fallback price_prec=2, size_prec=2
2026-06-11 07:38:29,440 | INFO     | api_backfiller | [api_backfiller] AXON.ETORO: 107 Candles konvertiert (price_prec=2, size_prec=2).
2026-06-11 07:38:29,442 | DEBUG    | api_backfiller | [api_backfiller] AXON.ETORO: 214→107 Zeilen (-107 Duplikate)
2026-06-11 07:38:29,444 | INFO     | api_backfiller | [api_backfiller] AXON.ETORO: 107 Zeilen gespeichert (price_prec=2, size_prec=2) → data.parquet
2026-06-11 07:38:30,546 | DEBUG    | api_backfiller | [api_backfiller] BTC.ETORO: Daten aktuell (Lücke 0.6h) — überspringe.
2026-06-11 07:38:30,546 | DEBUG    | api_backfiller | [api_backfiller] CAG.ETORO: Precision-Fallback price_prec=2, size_prec=2
2026-06-11 07:38:30,762 | INFO     | api_backfiller | [api_backfiller] CAG.ETORO: 111 Candles konvertiert (price_prec=2, size_prec=2).
2026-06-11 07:38:30,762 | DEBUG    | api_backfiller | [api_backfiller] CAG.ETORO: 111→111 Zeilen (-0 Duplikate)
2026-06-11 07:38:30,763 | INFO     | api_backfiller | [api_backfiller] CAG.ETORO: 111 Zeilen gespeichert (price_prec=2, size_prec=2) → data.parquet
2026-06-11 07:38:31,864 | DEBUG    | api_backfiller | [api_backfiller] CAT.ETORO: Precision-Fallback price_prec=2, size_prec=2
2026-06-11 07:38:31,999 | INFO     | api_backfiller | [api_backfiller] CAT.ETORO: 116 Candles konvertiert (price_prec=2, size_prec=2).
2026-06-11 07:38:31,999 | DEBUG    | api_backfiller | [api_backfiller] CAT.ETORO: 116→116 Zeilen (-0 Duplikate)
2026-06-11 07:38:32,000 | INFO     | api_backfiller | [api_backfiller] CAT.ETORO: 116 Zeilen gespeichert (price_prec=2, size_prec=2) → data.parquet
2026-06-11 07:38:33,101 | DEBUG    | api_backfiller | [api_backfiller] CCL.ETORO: Precision-Fallback price_prec=2, size_prec=2
2026-06-11 07:38:33,180 | INFO     | api_backfiller | [api_backfiller] CCL.ETORO: 116 Candles konvertiert (price_prec=2, size_prec=2).
2026-06-11 07:38:33,181 | DEBUG    | api_backfiller | [api_backfiller] CCL.ETORO: 116→116 Zeilen (-0 Duplikate)
2026-06-11 07:38:33,181 | INFO     | api_backfiller | [api_backfiller] CCL.ETORO: 116 Zeilen gespeichert (price_prec=2, size_prec=2) → data.parquet
2026-06-11 07:38:34,283 | DEBUG    | api_backfiller | [api_backfiller] CHTR.ETORO: Precision-Fallback price_prec=2, size_prec=2
2026-06-11 07:38:34,371 | INFO     | api_backfiller | [api_backfiller] CHTR.ETORO: 111 Candles konvertiert (price_prec=2, size_prec=2).
2026-06-11 07:38:34,372 | DEBUG    | api_backfiller | [api_backfiller] CHTR.ETORO: 111→111 Zeilen (-0 Duplikate)
2026-06-11 07:38:34,373 | INFO     | api_backfiller | [api_backfiller] CHTR.ETORO: 111 Zeilen gespeichert (price_prec=2, size_prec=2) → data.parquet
2026-06-11 07:38:35,473 | DEBUG    | api_backfiller | [api_backfiller] CIEN.ETORO: Precision-Fallback price_prec=2, size_prec=2
2026-06-11 07:38:35,547 | INFO     | api_backfiller | [api_backfiller] CIEN.ETORO: 35 Candles konvertiert (price_prec=2, size_prec=2).
2026-06-11 07:38:35,548 | DEBUG    | api_backfiller | [api_backfiller] CIEN.ETORO: 35→35 Zeilen (-0 Duplikate)
2026-06-11 07:38:35,548 | INFO     | api_backfiller | [api_backfiller] CIEN.ETORO: 35 Zeilen gespeichert (price_prec=2, size_prec=2) → data.parquet
2026-06-11 07:38:36,649 | DEBUG    | api_backfiller | [api_backfiller] CMG.ETORO: Precision-Fallback price_prec=2, size_prec=2
2026-06-11 07:38:36,723 | INFO     | api_backfiller | [api_backfiller] CMG.ETORO: 116 Candles konvertiert (price_prec=2, size_prec=2).
2026-06-11 07:38:36,724 | DEBUG    | api_backfiller | [api_backfiller] CMG.ETORO: 116→116 Zeilen (-0 Duplikate)
2026-06-11 07:38:36,724 | INFO     | api_backfiller | [api_backfiller] CMG.ETORO: 116 Zeilen gespeichert (price_prec=2, size_prec=2) → data.parquet
2026-06-11 07:38:37,826 | DEBUG    | api_backfiller | [api_backfiller] COHR.ETORO: Precision-Fallback price_prec=2, size_prec=2
2026-06-11 07:38:37,908 | INFO     | api_backfiller | [api_backfiller] COHR.ETORO: 35 Candles konvertiert (price_prec=2, size_prec=2).
2026-06-11 07:38:37,908 | DEBUG    | api_backfiller | [api_backfiller] COHR.ETORO: 35→35 Zeilen (-0 Duplikate)
2026-06-11 07:38:37,909 | INFO     | api_backfiller | [api_backfiller] COHR.ETORO: 35 Zeilen gespeichert (price_prec=2, size_prec=2) → data.parquet
2026-06-11 07:38:39,010 | DEBUG    | api_backfiller | [api_backfiller] CPRT.ETORO: Precision-Fallback price_prec=2, size_prec=2
2026-06-11 07:38:39,086 | INFO     | api_backfiller | [api_backfiller] CPRT.ETORO: 114 Candles konvertiert (price_prec=2, size_prec=2).
2026-06-11 07:38:39,086 | DEBUG    | api_backfiller | [api_backfiller] CPRT.ETORO: 114→114 Zeilen (-0 Duplikate)
2026-06-11 07:38:39,087 | INFO     | api_backfiller | [api_backfiller] CPRT.ETORO: 114 Zeilen gespeichert (price_prec=2, size_prec=2) → data.parquet
2026-06-11 07:38:40,189 | DEBUG    | api_backfiller | [api_backfiller] CRM.ETORO: Precision-Fallback price_prec=2, size_prec=2
2026-06-11 07:38:40,276 | INFO     | api_backfiller | [api_backfiller] CRM.ETORO: 116 Candles konvertiert (price_prec=2, size_prec=2).
2026-06-11 07:38:40,277 | DEBUG    | api_backfiller | [api_backfiller] CRM.ETORO: 116→116 Zeilen (-0 Duplikate)
2026-06-11 07:38:40,278 | INFO     | api_backfiller | [api_backfiller] CRM.ETORO: 116 Zeilen gespeichert (price_prec=2, size_prec=2) → data.parquet
2026-06-11 07:38:41,379 | DEBUG    | api_backfiller | [api_backfiller] DOCU.ETORO: Precision-Fallback price_prec=2, size_prec=2
2026-06-11 07:38:41,462 | INFO     | api_backfiller | [api_backfiller] DOCU.ETORO: 35 Candles konvertiert (price_prec=2, size_prec=2).
2026-06-11 07:38:41,462 | DEBUG    | api_backfiller | [api_backfiller] DOCU.ETORO: 35→35 Zeilen (-0 Duplikate)
2026-06-11 07:38:41,463 | INFO     | api_backfiller | [api_backfiller] DOCU.ETORO: 35 Zeilen gespeichert (price_prec=2, size_prec=2) → data.parquet
2026-06-11 07:38:42,637 | INFO     | api_backfiller | [api_backfiller] DOGE.ETORO: 168 Candles konvertiert (price_prec=2, size_prec=8).
2026-06-11 07:38:42,637 | DEBUG    | api_backfiller | [api_backfiller] DOGE.ETORO: 168→168 Zeilen (-0 Duplikate)
2026-06-11 07:38:42,638 | INFO     | api_backfiller | [api_backfiller] DOGE.ETORO: 168 Zeilen gespeichert (price_prec=2, size_prec=8) → data.parquet
2026-06-11 07:38:43,740 | DEBUG    | api_backfiller | [api_backfiller] DUOL.ETORO: Precision-Fallback price_prec=2, size_prec=2
2026-06-11 07:38:43,971 | INFO     | api_backfiller | [api_backfiller] DUOL.ETORO: 116 Candles konvertiert (price_prec=2, size_prec=2).
2026-06-11 07:38:43,972 | DEBUG    | api_backfiller | [api_backfiller] DUOL.ETORO: 116→116 Zeilen (-0 Duplikate)
2026-06-11 07:38:43,972 | INFO     | api_backfiller | [api_backfiller] DUOL.ETORO: 116 Zeilen gespeichert (price_prec=2, size_prec=2) → data.parquet
2026-06-11 07:38:45,074 | DEBUG    | api_backfiller | [api_backfiller] E.ETORO: Precision-Fallback price_prec=2, size_prec=2
2026-06-11 07:38:45,166 | INFO     | api_backfiller | [api_backfiller] E.ETORO: 35 Candles konvertiert (price_prec=2, size_prec=2).
2026-06-11 07:38:45,167 | DEBUG    | api_backfiller | [api_backfiller] E.ETORO: 35→35 Zeilen (-0 Duplikate)
2026-06-11 07:38:45,168 | INFO     | api_backfiller | [api_backfiller] E.ETORO: 35 Zeilen gespeichert (price_prec=2, size_prec=2) → data.parquet
2026-06-11 07:38:46,269 | DEBUG    | api_backfiller | [api_backfiller] EEFT.ETORO: Precision-Fallback price_prec=2, size_prec=2
2026-06-11 07:38:46,349 | INFO     | api_backfiller | [api_backfiller] EEFT.ETORO: 35 Candles konvertiert (price_prec=2, size_prec=2).
2026-06-11 07:38:46,349 | DEBUG    | api_backfiller | [api_backfiller] EEFT.ETORO: 35→35 Zeilen (-0 Duplikate)
2026-06-11 07:38:46,350 | INFO     | api_backfiller | [api_backfiller] EEFT.ETORO: 35 Zeilen gespeichert (price_prec=2, size_prec=2) → data.parquet
2026-06-11 07:38:47,452 | DEBUG    | api_backfiller | [api_backfiller] ELF.ETORO: Precision-Fallback price_prec=2, size_prec=2
2026-06-11 07:38:47,524 | INFO     | api_backfiller | [api_backfiller] ELF.ETORO: 35 Candles konvertiert (price_prec=2, size_prec=2).
2026-06-11 07:38:47,525 | DEBUG    | api_backfiller | [api_backfiller] ELF.ETORO: 35→35 Zeilen (-0 Duplikate)
2026-06-11 07:38:47,526 | INFO     | api_backfiller | [api_backfiller] ELF.ETORO: 35 Zeilen gespeichert (price_prec=2, size_prec=2) → data.parquet
2026-06-11 07:38:48,627 | DEBUG    | api_backfiller | [api_backfiller] ESLT.ETORO: Precision-Fallback price_prec=2, size_prec=2
2026-06-11 07:38:48,701 | INFO     | api_backfiller | [api_backfiller] ESLT.ETORO: 35 Candles konvertiert (price_prec=2, size_prec=2).
2026-06-11 07:38:48,701 | DEBUG    | api_backfiller | [api_backfiller] ESLT.ETORO: 35→35 Zeilen (-0 Duplikate)
2026-06-11 07:38:48,702 | INFO     | api_backfiller | [api_backfiller] ESLT.ETORO: 35 Zeilen gespeichert (price_prec=2, size_prec=2) → data.parquet
2026-06-11 07:38:49,877 | INFO     | api_backfiller | [api_backfiller] ETH.ETORO: 168 Candles konvertiert (price_prec=2, size_prec=8).
2026-06-11 07:38:49,878 | DEBUG    | api_backfiller | [api_backfiller] ETH.ETORO: 168→168 Zeilen (-0 Duplikate)
2026-06-11 07:38:49,879 | INFO     | api_backfiller | [api_backfiller] ETH.ETORO: 168 Zeilen gespeichert (price_prec=2, size_prec=8) → data.parquet
2026-06-11 07:38:50,980 | DEBUG    | api_backfiller | [api_backfiller] FDX.ETORO: Precision-Fallback price_prec=2, size_prec=2
2026-06-11 07:38:51,052 | INFO     | api_backfiller | [api_backfiller] FDX.ETORO: 108 Candles konvertiert (price_prec=2, size_prec=2).
2026-06-11 07:38:51,053 | DEBUG    | api_backfiller | [api_backfiller] FDX.ETORO: 108→108 Zeilen (-0 Duplikate)
2026-06-11 07:38:51,053 | INFO     | api_backfiller | [api_backfiller] FDX.ETORO: 108 Zeilen gespeichert (price_prec=2, size_prec=2) → data.parquet
2026-06-11 07:38:52,154 | DEBUG    | api_backfiller | [api_backfiller] FICO.ETORO: Precision-Fallback price_prec=2, size_prec=2
2026-06-11 07:38:52,237 | INFO     | api_backfiller | [api_backfiller] FICO.ETORO: 92 Candles konvertiert (price_prec=2, size_prec=2).
2026-06-11 07:38:52,238 | DEBUG    | api_backfiller | [api_backfiller] FICO.ETORO: 92→92 Zeilen (-0 Duplikate)
2026-06-11 07:38:52,238 | INFO     | api_backfiller | [api_backfiller] FICO.ETORO: 92 Zeilen gespeichert (price_prec=2, size_prec=2) → data.parquet
2026-06-11 07:38:53,340 | DEBUG    | api_backfiller | [api_backfiller] FISV.ETORO: Precision-Fallback price_prec=2, size_prec=2
2026-06-11 07:38:53,416 | INFO     | api_backfiller | [api_backfiller] FISV.ETORO: 113 Candles konvertiert (price_prec=2, size_prec=2).
2026-06-11 07:38:53,417 | DEBUG    | api_backfiller | [api_backfiller] FISV.ETORO: 113→113 Zeilen (-0 Duplikate)
2026-06-11 07:38:53,417 | INFO     | api_backfiller | [api_backfiller] FISV.ETORO: 113 Zeilen gespeichert (price_prec=2, size_prec=2) → data.parquet
2026-06-11 07:38:54,518 | DEBUG    | api_backfiller | [api_backfiller] FRO.ETORO: Precision-Fallback price_prec=2, size_prec=2
2026-06-11 07:38:54,607 | INFO     | api_backfiller | [api_backfiller] FRO.ETORO: 35 Candles konvertiert (price_prec=2, size_prec=2).
2026-06-11 07:38:54,608 | DEBUG    | api_backfiller | [api_backfiller] FRO.ETORO: 35→35 Zeilen (-0 Duplikate)
2026-06-11 07:38:54,609 | INFO     | api_backfiller | [api_backfiller] FRO.ETORO: 35 Zeilen gespeichert (price_prec=2, size_prec=2) → data.parquet
2026-06-11 07:38:55,709 | DEBUG    | api_backfiller | [api_backfiller] FSLY.ETORO: Precision-Fallback price_prec=2, size_prec=2
2026-06-11 07:38:55,781 | INFO     | api_backfiller | [api_backfiller] FSLY.ETORO: 35 Candles konvertiert (price_prec=2, size_prec=2).
2026-06-11 07:38:55,781 | DEBUG    | api_backfiller | [api_backfiller] FSLY.ETORO: 35→35 Zeilen (-0 Duplikate)
2026-06-11 07:38:55,782 | INFO     | api_backfiller | [api_backfiller] FSLY.ETORO: 35 Zeilen gespeichert (price_prec=2, size_prec=2) → data.parquet
2026-06-11 07:38:56,884 | DEBUG    | api_backfiller | [api_backfiller] GEV.ETORO: Precision-Fallback price_prec=2, size_prec=2
2026-06-11 07:38:56,965 | INFO     | api_backfiller | [api_backfiller] GEV.ETORO: 116 Candles konvertiert (price_prec=2, size_prec=2).
2026-06-11 07:38:56,966 | DEBUG    | api_backfiller | [api_backfiller] GEV.ETORO: 116→116 Zeilen (-0 Duplikate)
2026-06-11 07:38:56,967 | INFO     | api_backfiller | [api_backfiller] GEV.ETORO: 116 Zeilen gespeichert (price_prec=2, size_prec=2) → data.parquet
2026-06-11 07:38:58,068 | DEBUG    | api_backfiller | [api_backfiller] GIS.ETORO: Precision-Fallback price_prec=2, size_prec=2
2026-06-11 07:38:58,150 | INFO     | api_backfiller | [api_backfiller] GIS.ETORO: 115 Candles konvertiert (price_prec=2, size_prec=2).
2026-06-11 07:38:58,151 | DEBUG    | api_backfiller | [api_backfiller] GIS.ETORO: 115→115 Zeilen (-0 Duplikate)
2026-06-11 07:38:58,151 | INFO     | api_backfiller | [api_backfiller] GIS.ETORO: 115 Zeilen gespeichert (price_prec=2, size_prec=2) → data.parquet
2026-06-11 07:38:59,253 | DEBUG    | api_backfiller | [api_backfiller] GLW.ETORO: Precision-Fallback price_prec=2, size_prec=2
2026-06-11 07:38:59,333 | INFO     | api_backfiller | [api_backfiller] GLW.ETORO: 116 Candles konvertiert (price_prec=2, size_prec=2).
2026-06-11 07:38:59,334 | DEBUG    | api_backfiller | [api_backfiller] GLW.ETORO: 116→116 Zeilen (-0 Duplikate)
2026-06-11 07:38:59,334 | INFO     | api_backfiller | [api_backfiller] GLW.ETORO: 116 Zeilen gespeichert (price_prec=2, size_prec=2) → data.parquet
2026-06-11 07:39:00,435 | DEBUG    | api_backfiller | [api_backfiller] GOOG.ETORO: Precision-Fallback price_prec=2, size_prec=2
2026-06-11 07:39:00,511 | INFO     | api_backfiller | [api_backfiller] GOOG.ETORO: 116 Candles konvertiert (price_prec=2, size_prec=2).
2026-06-11 07:39:00,511 | DEBUG    | api_backfiller | [api_backfiller] GOOG.ETORO: 116→116 Zeilen (-0 Duplikate)
2026-06-11 07:39:00,512 | INFO     | api_backfiller | [api_backfiller] GOOG.ETORO: 116 Zeilen gespeichert (price_prec=2, size_prec=2) → data.parquet
2026-06-11 07:39:01,614 | DEBUG    | api_backfiller | [api_backfiller] GOOGL.ETORO: Precision-Fallback price_prec=2, size_prec=2
2026-06-11 07:39:01,695 | INFO     | api_backfiller | [api_backfiller] GOOGL.ETORO: 116 Candles konvertiert (price_prec=2, size_prec=2).
2026-06-11 07:39:01,696 | DEBUG    | api_backfiller | [api_backfiller] GOOGL.ETORO: 116→116 Zeilen (-0 Duplikate)
2026-06-11 07:39:01,699 | INFO     | api_backfiller | [api_backfiller] GOOGL.ETORO: 116 Zeilen gespeichert (price_prec=2, size_prec=2) → data.parquet
2026-06-11 07:39:02,801 | DEBUG    | api_backfiller | [api_backfiller] GSAT.ETORO: Precision-Fallback price_prec=2, size_prec=2
2026-06-11 07:39:02,879 | INFO     | api_backfiller | [api_backfiller] GSAT.ETORO: 35 Candles konvertiert (price_prec=2, size_prec=2).
2026-06-11 07:39:02,881 | DEBUG    | api_backfiller | [api_backfiller] GSAT.ETORO: 35→35 Zeilen (-0 Duplikate)
2026-06-11 07:39:02,883 | INFO     | api_backfiller | [api_backfiller] GSAT.ETORO: 35 Zeilen gespeichert (price_prec=2, size_prec=2) → data.parquet
2026-06-11 07:39:03,985 | DEBUG    | api_backfiller | [api_backfiller] GTLB.ETORO: Precision-Fallback price_prec=2, size_prec=2
2026-06-11 07:39:04,057 | INFO     | api_backfiller | [api_backfiller] GTLB.ETORO: 35 Candles konvertiert (price_prec=2, size_prec=2).
2026-06-11 07:39:04,059 | DEBUG    | api_backfiller | [api_backfiller] GTLB.ETORO: 35→35 Zeilen (-0 Duplikate)
2026-06-11 07:39:04,061 | INFO     | api_backfiller | [api_backfiller] GTLB.ETORO: 35 Zeilen gespeichert (price_prec=2, size_prec=2) → data.parquet
2026-06-11 07:39:05,164 | DEBUG    | api_backfiller | [api_backfiller] HAL.ETORO: Precision-Fallback price_prec=2, size_prec=2
2026-06-11 07:39:05,247 | INFO     | api_backfiller | [api_backfiller] HAL.ETORO: 112 Candles konvertiert (price_prec=2, size_prec=2).
2026-06-11 07:39:05,250 | DEBUG    | api_backfiller | [api_backfiller] HAL.ETORO: 112→112 Zeilen (-0 Duplikate)
2026-06-11 07:39:05,251 | INFO     | api_backfiller | [api_backfiller] HAL.ETORO: 112 Zeilen gespeichert (price_prec=2, size_prec=2) → data.parquet
2026-06-11 07:39:06,353 | DEBUG    | api_backfiller | [api_backfiller] HUBS.ETORO: Precision-Fallback price_prec=2, size_prec=2
2026-06-11 07:39:06,428 | INFO     | api_backfiller | [api_backfiller] HUBS.ETORO: 35 Candles konvertiert (price_prec=2, size_prec=2).
2026-06-11 07:39:06,430 | DEBUG    | api_backfiller | [api_backfiller] HUBS.ETORO: 35→35 Zeilen (-0 Duplikate)
2026-06-11 07:39:06,433 | INFO     | api_backfiller | [api_backfiller] HUBS.ETORO: 35 Zeilen gespeichert (price_prec=2, size_prec=2) → data.parquet
2026-06-11 07:39:07,535 | DEBUG    | api_backfiller | [api_backfiller] HUT.ETORO: Precision-Fallback price_prec=2, size_prec=2
2026-06-11 07:39:07,611 | INFO     | api_backfiller | [api_backfiller] HUT.ETORO: 35 Candles konvertiert (price_prec=2, size_prec=2).
2026-06-11 07:39:07,612 | DEBUG    | api_backfiller | [api_backfiller] HUT.ETORO: 35→35 Zeilen (-0 Duplikate)
2026-06-11 07:39:07,614 | INFO     | api_backfiller | [api_backfiller] HUT.ETORO: 35 Zeilen gespeichert (price_prec=2, size_prec=2) → data.parquet
2026-06-11 07:39:08,816 | INFO     | api_backfiller | [api_backfiller] HYPE.ETORO: 168 Candles konvertiert (price_prec=2, size_prec=8).
2026-06-11 07:39:08,818 | DEBUG    | api_backfiller | [api_backfiller] HYPE.ETORO: 168→168 Zeilen (-0 Duplikate)
2026-06-11 07:39:08,821 | INFO     | api_backfiller | [api_backfiller] HYPE.ETORO: 168 Zeilen gespeichert (price_prec=2, size_prec=8) → data.parquet
2026-06-11 07:39:09,923 | DEBUG    | api_backfiller | [api_backfiller] INSM.ETORO: Precision-Fallback price_prec=2, size_prec=2
2026-06-11 07:39:10,005 | INFO     | api_backfiller | [api_backfiller] INSM.ETORO: 35 Candles konvertiert (price_prec=2, size_prec=2).
2026-06-11 07:39:10,007 | DEBUG    | api_backfiller | [api_backfiller] INSM.ETORO: 35→35 Zeilen (-0 Duplikate)
2026-06-11 07:39:10,008 | INFO     | api_backfiller | [api_backfiller] INSM.ETORO: 35 Zeilen gespeichert (price_prec=2, size_prec=2) → data.parquet
2026-06-11 07:39:11,110 | DEBUG    | api_backfiller | [api_backfiller] INSW.ETORO: Precision-Fallback price_prec=2, size_prec=2
2026-06-11 07:39:11,184 | INFO     | api_backfiller | [api_backfiller] INSW.ETORO: 35 Candles konvertiert (price_prec=2, size_prec=2).
2026-06-11 07:39:11,186 | DEBUG    | api_backfiller | [api_backfiller] INSW.ETORO: 35→35 Zeilen (-0 Duplikate)
2026-06-11 07:39:11,188 | INFO     | api_backfiller | [api_backfiller] INSW.ETORO: 35 Zeilen gespeichert (price_prec=2, size_prec=2) → data.parquet
2026-06-11 07:39:12,290 | DEBUG    | api_backfiller | [api_backfiller] INTU.ETORO: Precision-Fallback price_prec=2, size_prec=2
2026-06-11 07:39:12,370 | INFO     | api_backfiller | [api_backfiller] INTU.ETORO: 116 Candles konvertiert (price_prec=2, size_prec=2).
2026-06-11 07:39:12,371 | DEBUG    | api_backfiller | [api_backfiller] INTU.ETORO: 116→116 Zeilen (-0 Duplikate)
2026-06-11 07:39:12,372 | INFO     | api_backfiller | [api_backfiller] INTU.ETORO: 116 Zeilen gespeichert (price_prec=2, size_prec=2) → data.parquet
2026-06-11 07:39:13,473 | DEBUG    | api_backfiller | [api_backfiller] JAZZ.ETORO: Precision-Fallback price_prec=2, size_prec=2
2026-06-11 07:39:13,612 | INFO     | api_backfiller | [api_backfiller] JAZZ.ETORO: 35 Candles konvertiert (price_prec=2, size_prec=2).
2026-06-11 07:39:13,613 | DEBUG    | api_backfiller | [api_backfiller] JAZZ.ETORO: 35→35 Zeilen (-0 Duplikate)
2026-06-11 07:39:13,616 | INFO     | api_backfiller | [api_backfiller] JAZZ.ETORO: 35 Zeilen gespeichert (price_prec=2, size_prec=2) → data.parquet
2026-06-11 07:39:14,718 | DEBUG    | api_backfiller | [api_backfiller] JNJ.ETORO: Precision-Fallback price_prec=2, size_prec=2
2026-06-11 07:39:14,799 | INFO     | api_backfiller | [api_backfiller] JNJ.ETORO: 116 Candles konvertiert (price_prec=2, size_prec=2).
2026-06-11 07:39:14,801 | DEBUG    | api_backfiller | [api_backfiller] JNJ.ETORO: 116→116 Zeilen (-0 Duplikate)
2026-06-11 07:39:14,803 | INFO     | api_backfiller | [api_backfiller] JNJ.ETORO: 116 Zeilen gespeichert (price_prec=2, size_prec=2) → data.parquet
2026-06-11 07:39:15,904 | DEBUG    | api_backfiller | [api_backfiller] KD.ETORO: Precision-Fallback price_prec=2, size_prec=2
2026-06-11 07:39:15,978 | INFO     | api_backfiller | [api_backfiller] KD.ETORO: 35 Candles konvertiert (price_prec=2, size_prec=2).
2026-06-11 07:39:15,980 | DEBUG    | api_backfiller | [api_backfiller] KD.ETORO: 35→35 Zeilen (-0 Duplikate)
2026-06-11 07:39:15,982 | INFO     | api_backfiller | [api_backfiller] KD.ETORO: 35 Zeilen gespeichert (price_prec=2, size_prec=2) → data.parquet
2026-06-11 07:39:17,084 | DEBUG    | api_backfiller | [api_backfiller] LQDA.ETORO: Precision-Fallback price_prec=2, size_prec=2
2026-06-11 07:39:17,175 | INFO     | api_backfiller | [api_backfiller] LQDA.ETORO: 35 Candles konvertiert (price_prec=2, size_prec=2).
2026-06-11 07:39:17,176 | DEBUG    | api_backfiller | [api_backfiller] LQDA.ETORO: 35→35 Zeilen (-0 Duplikate)
2026-06-11 07:39:17,178 | INFO     | api_backfiller | [api_backfiller] LQDA.ETORO: 35 Zeilen gespeichert (price_prec=2, size_prec=2) → data.parquet
2026-06-11 07:39:18,280 | DEBUG    | api_backfiller | [api_backfiller] LRCX.ETORO: Precision-Fallback price_prec=2, size_prec=2
2026-06-11 07:39:18,363 | INFO     | api_backfiller | [api_backfiller] LRCX.ETORO: 116 Candles konvertiert (price_prec=2, size_prec=2).
2026-06-11 07:39:18,365 | DEBUG    | api_backfiller | [api_backfiller] LRCX.ETORO: 116→116 Zeilen (-0 Duplikate)
2026-06-11 07:39:18,367 | INFO     | api_backfiller | [api_backfiller] LRCX.ETORO: 116 Zeilen gespeichert (price_prec=2, size_prec=2) → data.parquet
2026-06-11 07:39:19,469 | DEBUG    | api_backfiller | [api_backfiller] LULU.ETORO: Precision-Fallback price_prec=2, size_prec=2
2026-06-11 07:39:19,543 | INFO     | api_backfiller | [api_backfiller] LULU.ETORO: 116 Candles konvertiert (price_prec=2, size_prec=2).
2026-06-11 07:39:19,545 | DEBUG    | api_backfiller | [api_backfiller] LULU.ETORO: 116→116 Zeilen (-0 Duplikate)
2026-06-11 07:39:19,548 | INFO     | api_backfiller | [api_backfiller] LULU.ETORO: 116 Zeilen gespeichert (price_prec=2, size_prec=2) → data.parquet
2026-06-11 07:39:20,650 | DEBUG    | api_backfiller | [api_backfiller] MNDY.ETORO: Precision-Fallback price_prec=2, size_prec=2
2026-06-11 07:39:20,739 | INFO     | api_backfiller | [api_backfiller] MNDY.ETORO: 35 Candles konvertiert (price_prec=2, size_prec=2).
2026-06-11 07:39:20,740 | DEBUG    | api_backfiller | [api_backfiller] MNDY.ETORO: 35→35 Zeilen (-0 Duplikate)
2026-06-11 07:39:20,741 | INFO     | api_backfiller | [api_backfiller] MNDY.ETORO: 35 Zeilen gespeichert (price_prec=2, size_prec=2) → data.parquet
2026-06-11 07:39:21,842 | DEBUG    | api_backfiller | [api_backfiller] MRVL.ETORO: Precision-Fallback price_prec=2, size_prec=2
2026-06-11 07:39:21,927 | INFO     | api_backfiller | [api_backfiller] MRVL.ETORO: 115 Candles konvertiert (price_prec=2, size_prec=2).
2026-06-11 07:39:21,928 | DEBUG    | api_backfiller | [api_backfiller] MRVL.ETORO: 115→115 Zeilen (-0 Duplikate)
2026-06-11 07:39:21,931 | INFO     | api_backfiller | [api_backfiller] MRVL.ETORO: 115 Zeilen gespeichert (price_prec=2, size_prec=2) → data.parquet
2026-06-11 07:39:23,033 | DEBUG    | api_backfiller | [api_backfiller] MSTR.ETORO: Precision-Fallback price_prec=2, size_prec=2
2026-06-11 07:39:23,124 | INFO     | api_backfiller | [api_backfiller] MSTR.ETORO: 116 Candles konvertiert (price_prec=2, size_prec=2).
2026-06-11 07:39:23,125 | DEBUG    | api_backfiller | [api_backfiller] MSTR.ETORO: 116→116 Zeilen (-0 Duplikate)
2026-06-11 07:39:23,127 | INFO     | api_backfiller | [api_backfiller] MSTR.ETORO: 116 Zeilen gespeichert (price_prec=2, size_prec=2) → data.parquet
2026-06-11 07:39:24,229 | DEBUG    | api_backfiller | [api_backfiller] MTZ.ETORO: Precision-Fallback price_prec=2, size_prec=2
2026-06-11 07:39:24,306 | INFO     | api_backfiller | [api_backfiller] MTZ.ETORO: 35 Candles konvertiert (price_prec=2, size_prec=2).
2026-06-11 07:39:24,308 | DEBUG    | api_backfiller | [api_backfiller] MTZ.ETORO: 35→35 Zeilen (-0 Duplikate)
2026-06-11 07:39:24,310 | INFO     | api_backfiller | [api_backfiller] MTZ.ETORO: 35 Zeilen gespeichert (price_prec=2, size_prec=2) → data.parquet
2026-06-11 07:39:25,413 | DEBUG    | api_backfiller | [api_backfiller] MU.ETORO: Precision-Fallback price_prec=2, size_prec=2
2026-06-11 07:39:25,498 | INFO     | api_backfiller | [api_backfiller] MU.ETORO: 116 Candles konvertiert (price_prec=2, size_prec=2).
2026-06-11 07:39:25,500 | DEBUG    | api_backfiller | [api_backfiller] MU.ETORO: 116→116 Zeilen (-0 Duplikate)
2026-06-11 07:39:25,502 | INFO     | api_backfiller | [api_backfiller] MU.ETORO: 116 Zeilen gespeichert (price_prec=2, size_prec=2) → data.parquet
2026-06-11 07:39:26,695 | INFO     | api_backfiller | [api_backfiller] NATGAS.ETORO: 115 Candles konvertiert (price_prec=5, size_prec=5).
2026-06-11 07:39:26,696 | DEBUG    | api_backfiller | [api_backfiller] NATGAS.ETORO: 115→115 Zeilen (-0 Duplikate)
2026-06-11 07:39:26,698 | INFO     | api_backfiller | [api_backfiller] NATGAS.ETORO: 115 Zeilen gespeichert (price_prec=5, size_prec=5) → data.parquet
2026-06-11 07:39:27,800 | DEBUG    | api_backfiller | [api_backfiller] NOK.ETORO: Precision-Fallback price_prec=2, size_prec=2
2026-06-11 07:39:27,877 | INFO     | api_backfiller | [api_backfiller] NOK.ETORO: 35 Candles konvertiert (price_prec=2, size_prec=2).
2026-06-11 07:39:27,879 | DEBUG    | api_backfiller | [api_backfiller] NOK.ETORO: 35→35 Zeilen (-0 Duplikate)
2026-06-11 07:39:27,880 | INFO     | api_backfiller | [api_backfiller] NOK.ETORO: 35 Zeilen gespeichert (price_prec=2, size_prec=2) → data.parquet
2026-06-11 07:39:28,982 | DEBUG    | api_backfiller | [api_backfiller] NOW.ETORO: Precision-Fallback price_prec=2, size_prec=2
2026-06-11 07:39:29,062 | INFO     | api_backfiller | [api_backfiller] NOW.ETORO: 116 Candles konvertiert (price_prec=2, size_prec=2).
2026-06-11 07:39:29,062 | DEBUG    | api_backfiller | [api_backfiller] NOW.ETORO: 116→116 Zeilen (-0 Duplikate)
2026-06-11 07:39:29,063 | INFO     | api_backfiller | [api_backfiller] NOW.ETORO: 116 Zeilen gespeichert (price_prec=2, size_prec=2) → data.parquet
2026-06-11 07:39:30,164 | DEBUG    | api_backfiller | [api_backfiller] NTSK.ETORO: Precision-Fallback price_prec=2, size_prec=2
2026-06-11 07:39:30,243 | INFO     | api_backfiller | [api_backfiller] NTSK.ETORO: 35 Candles konvertiert (price_prec=2, size_prec=2).
2026-06-11 07:39:30,245 | DEBUG    | api_backfiller | [api_backfiller] NTSK.ETORO: 35→35 Zeilen (-0 Duplikate)
2026-06-11 07:39:30,247 | INFO     | api_backfiller | [api_backfiller] NTSK.ETORO: 35 Zeilen gespeichert (price_prec=2, size_prec=2) → data.parquet
2026-06-11 07:39:31,350 | DEBUG    | api_backfiller | [api_backfiller] NVDA.ETORO: Precision-Fallback price_prec=2, size_prec=2
2026-06-11 07:39:31,425 | INFO     | api_backfiller | [api_backfiller] NVDA.ETORO: 116 Candles konvertiert (price_prec=2, size_prec=2).
2026-06-11 07:39:31,425 | DEBUG    | api_backfiller | [api_backfiller] NVDA.ETORO: 116→116 Zeilen (-0 Duplikate)
2026-06-11 07:39:31,427 | INFO     | api_backfiller | [api_backfiller] NVDA.ETORO: 116 Zeilen gespeichert (price_prec=2, size_prec=2) → data.parquet
2026-06-11 07:39:32,529 | DEBUG    | api_backfiller | [api_backfiller] NVO.ETORO: Precision-Fallback price_prec=2, size_prec=2
2026-06-11 07:39:32,608 | INFO     | api_backfiller | [api_backfiller] NVO.ETORO: 35 Candles konvertiert (price_prec=2, size_prec=2).
2026-06-11 07:39:32,609 | DEBUG    | api_backfiller | [api_backfiller] NVO.ETORO: 35→35 Zeilen (-0 Duplikate)
2026-06-11 07:39:32,610 | INFO     | api_backfiller | [api_backfiller] NVO.ETORO: 35 Zeilen gespeichert (price_prec=2, size_prec=2) → data.parquet
2026-06-11 07:39:33,712 | DEBUG    | api_backfiller | [api_backfiller] NVS.ETORO: Precision-Fallback price_prec=2, size_prec=2
2026-06-11 07:39:33,789 | INFO     | api_backfiller | [api_backfiller] NVS.ETORO: 35 Candles konvertiert (price_prec=2, size_prec=2).
2026-06-11 07:39:33,790 | DEBUG    | api_backfiller | [api_backfiller] NVS.ETORO: 35→35 Zeilen (-0 Duplikate)
2026-06-11 07:39:33,790 | INFO     | api_backfiller | [api_backfiller] NVS.ETORO: 35 Zeilen gespeichert (price_prec=2, size_prec=2) → data.parquet
2026-06-11 07:39:34,981 | INFO     | api_backfiller | [api_backfiller] ONDO.ETORO: 168 Candles konvertiert (price_prec=2, size_prec=8).
2026-06-11 07:39:34,983 | DEBUG    | api_backfiller | [api_backfiller] ONDO.ETORO: 168→168 Zeilen (-0 Duplikate)
2026-06-11 07:39:34,985 | INFO     | api_backfiller | [api_backfiller] ONDO.ETORO: 168 Zeilen gespeichert (price_prec=2, size_prec=8) → data.parquet
2026-06-11 07:39:36,179 | INFO     | api_backfiller | [api_backfiller] PALL.ETORO: 35 Candles konvertiert (price_prec=5, size_prec=5).
2026-06-11 07:39:36,181 | DEBUG    | api_backfiller | [api_backfiller] PALL.ETORO: 35→35 Zeilen (-0 Duplikate)
2026-06-11 07:39:36,183 | INFO     | api_backfiller | [api_backfiller] PALL.ETORO: 35 Zeilen gespeichert (price_prec=5, size_prec=5) → data.parquet
2026-06-11 07:39:37,285 | DEBUG    | api_backfiller | [api_backfiller] PBR.ETORO: Precision-Fallback price_prec=2, size_prec=2
2026-06-11 07:39:37,373 | INFO     | api_backfiller | [api_backfiller] PBR.ETORO: 35 Candles konvertiert (price_prec=2, size_prec=2).
2026-06-11 07:39:37,374 | DEBUG    | api_backfiller | [api_backfiller] PBR.ETORO: 35→35 Zeilen (-0 Duplikate)
2026-06-11 07:39:37,377 | INFO     | api_backfiller | [api_backfiller] PBR.ETORO: 35 Zeilen gespeichert (price_prec=2, size_prec=2) → data.parquet
2026-06-11 07:39:38,553 | INFO     | api_backfiller | [api_backfiller] PEPExM.ETORO: 168 Candles konvertiert (price_prec=8, size_prec=8).
2026-06-11 07:39:38,554 | DEBUG    | api_backfiller | [api_backfiller] PEPExM.ETORO: 168→168 Zeilen (-0 Duplikate)
2026-06-11 07:39:38,557 | INFO     | api_backfiller | [api_backfiller] PEPExM.ETORO: 168 Zeilen gespeichert (price_prec=8, size_prec=8) → data.parquet
2026-06-11 07:39:39,659 | DEBUG    | api_backfiller | [api_backfiller] PINS.ETORO: Precision-Fallback price_prec=2, size_prec=2
2026-06-11 07:39:39,739 | INFO     | api_backfiller | [api_backfiller] PINS.ETORO: 35 Candles konvertiert (price_prec=2, size_prec=2).
2026-06-11 07:39:39,740 | DEBUG    | api_backfiller | [api_backfiller] PINS.ETORO: 35→35 Zeilen (-0 Duplikate)
2026-06-11 07:39:39,742 | INFO     | api_backfiller | [api_backfiller] PINS.ETORO: 35 Zeilen gespeichert (price_prec=2, size_prec=2) → data.parquet
2026-06-11 07:39:40,844 | DEBUG    | api_backfiller | [api_backfiller] PLTR.ETORO: Precision-Fallback price_prec=2, size_prec=2
2026-06-11 07:39:40,921 | INFO     | api_backfiller | [api_backfiller] PLTR.ETORO: 116 Candles konvertiert (price_prec=2, size_prec=2).
2026-06-11 07:39:40,922 | DEBUG    | api_backfiller | [api_backfiller] PLTR.ETORO: 116→116 Zeilen (-0 Duplikate)
2026-06-11 07:39:40,924 | INFO     | api_backfiller | [api_backfiller] PLTR.ETORO: 116 Zeilen gespeichert (price_prec=2, size_prec=2) → data.parquet
2026-06-11 07:39:42,026 | DEBUG    | api_backfiller | [api_backfiller] POWL.ETORO: Precision-Fallback price_prec=2, size_prec=2
2026-06-11 07:39:42,108 | INFO     | api_backfiller | [api_backfiller] POWL.ETORO: 35 Candles konvertiert (price_prec=2, size_prec=2).
2026-06-11 07:39:42,109 | DEBUG    | api_backfiller | [api_backfiller] POWL.ETORO: 35→35 Zeilen (-0 Duplikate)
2026-06-11 07:39:42,112 | INFO     | api_backfiller | [api_backfiller] POWL.ETORO: 35 Zeilen gespeichert (price_prec=2, size_prec=2) → data.parquet
2026-06-11 07:39:43,214 | DEBUG    | api_backfiller | [api_backfiller] PYPL.ETORO: Precision-Fallback price_prec=2, size_prec=2
2026-06-11 07:39:43,320 | INFO     | api_backfiller | [api_backfiller] PYPL.ETORO: 116 Candles konvertiert (price_prec=2, size_prec=2).
2026-06-11 07:39:43,320 | DEBUG    | api_backfiller | [api_backfiller] PYPL.ETORO: 116→116 Zeilen (-0 Duplikate)
2026-06-11 07:39:43,321 | INFO     | api_backfiller | [api_backfiller] PYPL.ETORO: 116 Zeilen gespeichert (price_prec=2, size_prec=2) → data.parquet
2026-06-11 07:39:44,424 | DEBUG    | api_backfiller | [api_backfiller] RHM.DE.ETORO: Precision-Fallback price_prec=2, size_prec=2
2026-06-11 07:39:44,503 | INFO     | api_backfiller | [api_backfiller] RHM.DE.ETORO: 45 Candles konvertiert (price_prec=2, size_prec=2).
2026-06-11 07:39:44,503 | DEBUG    | api_backfiller | [api_backfiller] RHM.DE.ETORO: 45→45 Zeilen (-0 Duplikate)
2026-06-11 07:39:44,504 | INFO     | api_backfiller | [api_backfiller] RHM.DE.ETORO: 45 Zeilen gespeichert (price_prec=2, size_prec=2) → data.parquet
2026-06-11 07:39:45,606 | DEBUG    | api_backfiller | [api_backfiller] RIOT.ETORO: Precision-Fallback price_prec=2, size_prec=2
2026-06-11 07:39:45,686 | INFO     | api_backfiller | [api_backfiller] RIOT.ETORO: 116 Candles konvertiert (price_prec=2, size_prec=2).
2026-06-11 07:39:45,686 | DEBUG    | api_backfiller | [api_backfiller] RIOT.ETORO: 116→116 Zeilen (-0 Duplikate)
2026-06-11 07:39:45,687 | INFO     | api_backfiller | [api_backfiller] RIOT.ETORO: 116 Zeilen gespeichert (price_prec=2, size_prec=2) → data.parquet
2026-06-11 07:39:46,789 | DEBUG    | api_backfiller | [api_backfiller] ROP.ZU.ETORO: Precision-Fallback price_prec=2, size_prec=2
2026-06-11 07:39:46,864 | INFO     | api_backfiller | [api_backfiller] ROP.ZU.ETORO: 45 Candles konvertiert (price_prec=2, size_prec=2).
2026-06-11 07:39:46,866 | DEBUG    | api_backfiller | [api_backfiller] ROP.ZU.ETORO: 45→45 Zeilen (-0 Duplikate)
2026-06-11 07:39:46,869 | INFO     | api_backfiller | [api_backfiller] ROP.ZU.ETORO: 45 Zeilen gespeichert (price_prec=2, size_prec=2) → data.parquet
2026-06-11 07:39:47,971 | DEBUG    | api_backfiller | [api_backfiller] SE.ETORO: Precision-Fallback price_prec=2, size_prec=2
2026-06-11 07:39:48,048 | INFO     | api_backfiller | [api_backfiller] SE.ETORO: 35 Candles konvertiert (price_prec=2, size_prec=2).
2026-06-11 07:39:48,049 | DEBUG    | api_backfiller | [api_backfiller] SE.ETORO: 35→35 Zeilen (-0 Duplikate)
2026-06-11 07:39:48,051 | INFO     | api_backfiller | [api_backfiller] SE.ETORO: 35 Zeilen gespeichert (price_prec=2, size_prec=2) → data.parquet
2026-06-11 07:39:49,152 | DEBUG    | api_backfiller | [api_backfiller] SEI.US.ETORO: Precision-Fallback price_prec=2, size_prec=2
2026-06-11 07:39:49,234 | INFO     | api_backfiller | [api_backfiller] SEI.US.ETORO: 35 Candles konvertiert (price_prec=2, size_prec=2).
2026-06-11 07:39:49,235 | DEBUG    | api_backfiller | [api_backfiller] SEI.US.ETORO: 35→35 Zeilen (-0 Duplikate)
2026-06-11 07:39:49,237 | INFO     | api_backfiller | [api_backfiller] SEI.US.ETORO: 35 Zeilen gespeichert (price_prec=2, size_prec=2) → data.parquet
2026-06-11 07:39:50,436 | INFO     | api_backfiller | [api_backfiller] SHIBxM.ETORO: 168 Candles konvertiert (price_prec=8, size_prec=8).
2026-06-11 07:39:50,437 | DEBUG    | api_backfiller | [api_backfiller] SHIBxM.ETORO: 168→168 Zeilen (-0 Duplikate)
2026-06-11 07:39:50,438 | INFO     | api_backfiller | [api_backfiller] SHIBxM.ETORO: 168 Zeilen gespeichert (price_prec=8, size_prec=8) → data.parquet
2026-06-11 07:39:51,540 | DEBUG    | api_backfiller | [api_backfiller] SMTC.ETORO: Precision-Fallback price_prec=2, size_prec=2
2026-06-11 07:39:51,625 | INFO     | api_backfiller | [api_backfiller] SMTC.ETORO: 35 Candles konvertiert (price_prec=2, size_prec=2).
2026-06-11 07:39:51,626 | DEBUG    | api_backfiller | [api_backfiller] SMTC.ETORO: 35→35 Zeilen (-0 Duplikate)
2026-06-11 07:39:51,627 | INFO     | api_backfiller | [api_backfiller] SMTC.ETORO: 35 Zeilen gespeichert (price_prec=2, size_prec=2) → data.parquet
2026-06-11 07:39:52,728 | DEBUG    | api_backfiller | [api_backfiller] SNAP.ETORO: Precision-Fallback price_prec=2, size_prec=2
2026-06-11 07:39:52,802 | INFO     | api_backfiller | [api_backfiller] SNAP.ETORO: 116 Candles konvertiert (price_prec=2, size_prec=2).
2026-06-11 07:39:52,807 | DEBUG    | api_backfiller | [api_backfiller] SNAP.ETORO: 116→116 Zeilen (-0 Duplikate)
2026-06-11 07:39:52,809 | INFO     | api_backfiller | [api_backfiller] SNAP.ETORO: 116 Zeilen gespeichert (price_prec=2, size_prec=2) → data.parquet
2026-06-11 07:39:53,979 | INFO     | api_backfiller | [api_backfiller] SOL.ETORO: 168 Candles konvertiert (price_prec=2, size_prec=8).
2026-06-11 07:39:53,981 | DEBUG    | api_backfiller | [api_backfiller] SOL.ETORO: 168→168 Zeilen (-0 Duplikate)
2026-06-11 07:39:53,984 | INFO     | api_backfiller | [api_backfiller] SOL.ETORO: 168 Zeilen gespeichert (price_prec=2, size_prec=8) → data.parquet
2026-06-11 07:39:55,086 | DEBUG    | api_backfiller | [api_backfiller] SQM.ETORO: Precision-Fallback price_prec=2, size_prec=2
2026-06-11 07:39:55,177 | INFO     | api_backfiller | [api_backfiller] SQM.ETORO: 35 Candles konvertiert (price_prec=2, size_prec=2).
2026-06-11 07:39:55,178 | DEBUG    | api_backfiller | [api_backfiller] SQM.ETORO: 35→35 Zeilen (-0 Duplikate)
2026-06-11 07:39:55,181 | INFO     | api_backfiller | [api_backfiller] SQM.ETORO: 35 Zeilen gespeichert (price_prec=2, size_prec=2) → data.parquet
2026-06-11 07:39:56,283 | DEBUG    | api_backfiller | [api_backfiller] STX.US.ETORO: Precision-Fallback price_prec=2, size_prec=2
2026-06-11 07:39:56,370 | INFO     | api_backfiller | [api_backfiller] STX.US.ETORO: 116 Candles konvertiert (price_prec=2, size_prec=2).
2026-06-11 07:39:56,370 | DEBUG    | api_backfiller | [api_backfiller] STX.US.ETORO: 116→116 Zeilen (-0 Duplikate)
2026-06-11 07:39:56,372 | INFO     | api_backfiller | [api_backfiller] STX.US.ETORO: 116 Zeilen gespeichert (price_prec=2, size_prec=2) → data.parquet
2026-06-11 07:39:57,474 | DEBUG    | api_backfiller | [api_backfiller] TEAM.ETORO: Precision-Fallback price_prec=2, size_prec=2
2026-06-11 07:39:57,565 | INFO     | api_backfiller | [api_backfiller] TEAM.ETORO: 116 Candles konvertiert (price_prec=2, size_prec=2).
2026-06-11 07:39:57,567 | DEBUG    | api_backfiller | [api_backfiller] TEAM.ETORO: 116→116 Zeilen (-0 Duplikate)
2026-06-11 07:39:57,568 | INFO     | api_backfiller | [api_backfiller] TEAM.ETORO: 116 Zeilen gespeichert (price_prec=2, size_prec=2) → data.parquet
2026-06-11 07:39:58,670 | DEBUG    | api_backfiller | [api_backfiller] TER.ETORO: Precision-Fallback price_prec=2, size_prec=2
2026-06-11 07:39:58,750 | INFO     | api_backfiller | [api_backfiller] TER.ETORO: 111 Candles konvertiert (price_prec=2, size_prec=2).
2026-06-11 07:39:58,752 | DEBUG    | api_backfiller | [api_backfiller] TER.ETORO: 111→111 Zeilen (-0 Duplikate)
2026-06-11 07:39:58,755 | INFO     | api_backfiller | [api_backfiller] TER.ETORO: 111 Zeilen gespeichert (price_prec=2, size_prec=2) → data.parquet
2026-06-11 07:39:59,857 | DEBUG    | api_backfiller | [api_backfiller] TME.ETORO: Precision-Fallback price_prec=2, size_prec=2
2026-06-11 07:39:59,937 | INFO     | api_backfiller | [api_backfiller] TME.ETORO: 35 Candles konvertiert (price_prec=2, size_prec=2).
2026-06-11 07:39:59,939 | DEBUG    | api_backfiller | [api_backfiller] TME.ETORO: 35→35 Zeilen (-0 Duplikate)
2026-06-11 07:39:59,942 | INFO     | api_backfiller | [api_backfiller] TME.ETORO: 35 Zeilen gespeichert (price_prec=2, size_prec=2) → data.parquet
2026-06-11 07:40:01,044 | DEBUG    | api_backfiller | [api_backfiller] TSEM.ETORO: Precision-Fallback price_prec=2, size_prec=2
2026-06-11 07:40:01,119 | INFO     | api_backfiller | [api_backfiller] TSEM.ETORO: 35 Candles konvertiert (price_prec=2, size_prec=2).
2026-06-11 07:40:01,120 | DEBUG    | api_backfiller | [api_backfiller] TSEM.ETORO: 35→35 Zeilen (-0 Duplikate)
2026-06-11 07:40:01,120 | INFO     | api_backfiller | [api_backfiller] TSEM.ETORO: 35 Zeilen gespeichert (price_prec=2, size_prec=2) → data.parquet
2026-06-11 07:40:02,222 | DEBUG    | api_backfiller | [api_backfiller] TSLA.ETORO: Precision-Fallback price_prec=2, size_prec=2
2026-06-11 07:40:02,513 | INFO     | api_backfiller | [api_backfiller] TSLA.ETORO: 116 Candles konvertiert (price_prec=2, size_prec=2).
2026-06-11 07:40:02,514 | DEBUG    | api_backfiller | [api_backfiller] TSLA.ETORO: 116→116 Zeilen (-0 Duplikate)
2026-06-11 07:40:02,514 | INFO     | api_backfiller | [api_backfiller] TSLA.ETORO: 116 Zeilen gespeichert (price_prec=2, size_prec=2) → data.parquet
2026-06-11 07:40:03,616 | DEBUG    | api_backfiller | [api_backfiller] TTD.ETORO: Precision-Fallback price_prec=2, size_prec=2
2026-06-11 07:40:03,696 | INFO     | api_backfiller | [api_backfiller] TTD.ETORO: 116 Candles konvertiert (price_prec=2, size_prec=2).
2026-06-11 07:40:03,699 | DEBUG    | api_backfiller | [api_backfiller] TTD.ETORO: 116→116 Zeilen (-0 Duplikate)
2026-06-11 07:40:03,701 | INFO     | api_backfiller | [api_backfiller] TTD.ETORO: 116 Zeilen gespeichert (price_prec=2, size_prec=2) → data.parquet
2026-06-11 07:40:04,803 | DEBUG    | api_backfiller | [api_backfiller] TTMI.ETORO: Precision-Fallback price_prec=2, size_prec=2
2026-06-11 07:40:04,913 | INFO     | api_backfiller | [api_backfiller] TTMI.ETORO: 35 Candles konvertiert (price_prec=2, size_prec=2).
2026-06-11 07:40:04,914 | DEBUG    | api_backfiller | [api_backfiller] TTMI.ETORO: 35→35 Zeilen (-0 Duplikate)
2026-06-11 07:40:04,914 | INFO     | api_backfiller | [api_backfiller] TTMI.ETORO: 35 Zeilen gespeichert (price_prec=2, size_prec=2) → data.parquet
2026-06-11 07:40:06,094 | INFO     | api_backfiller | [api_backfiller] USDTRY.ETORO: 120 Candles konvertiert (price_prec=5, size_prec=5).
2026-06-11 07:40:06,094 | DEBUG    | api_backfiller | [api_backfiller] USDTRY.ETORO: 120→120 Zeilen (-0 Duplikate)
2026-06-11 07:40:06,095 | INFO     | api_backfiller | [api_backfiller] USDTRY.ETORO: 120 Zeilen gespeichert (price_prec=5, size_prec=5) → data.parquet
2026-06-11 07:40:07,281 | INFO     | api_backfiller | [api_backfiller] USDZAR.ETORO: 120 Candles konvertiert (price_prec=5, size_prec=5).
2026-06-11 07:40:07,281 | DEBUG    | api_backfiller | [api_backfiller] USDZAR.ETORO: 120→120 Zeilen (-0 Duplikate)
2026-06-11 07:40:07,282 | INFO     | api_backfiller | [api_backfiller] USDZAR.ETORO: 120 Zeilen gespeichert (price_prec=5, size_prec=5) → data.parquet
2026-06-11 07:40:08,384 | DEBUG    | api_backfiller | [api_backfiller] VLO.ETORO: Precision-Fallback price_prec=2, size_prec=2
2026-06-11 07:40:08,459 | INFO     | api_backfiller | [api_backfiller] VLO.ETORO: 103 Candles konvertiert (price_prec=2, size_prec=2).
2026-06-11 07:40:08,459 | DEBUG    | api_backfiller | [api_backfiller] VLO.ETORO: 103→103 Zeilen (-0 Duplikate)
2026-06-11 07:40:08,461 | INFO     | api_backfiller | [api_backfiller] VLO.ETORO: 103 Zeilen gespeichert (price_prec=2, size_prec=2) → data.parquet
2026-06-11 07:40:09,563 | DEBUG    | api_backfiller | [api_backfiller] VRT.ETORO: Precision-Fallback price_prec=2, size_prec=2
2026-06-11 07:40:09,721 | INFO     | api_backfiller | [api_backfiller] VRT.ETORO: 35 Candles konvertiert (price_prec=2, size_prec=2).
2026-06-11 07:40:09,723 | DEBUG    | api_backfiller | [api_backfiller] VRT.ETORO: 35→35 Zeilen (-0 Duplikate)
2026-06-11 07:40:09,725 | INFO     | api_backfiller | [api_backfiller] VRT.ETORO: 35 Zeilen gespeichert (price_prec=2, size_prec=2) → data.parquet
2026-06-11 07:40:10,828 | DEBUG    | api_backfiller | [api_backfiller] WBD.ETORO: Precision-Fallback price_prec=2, size_prec=2
2026-06-11 07:40:10,967 | INFO     | api_backfiller | [api_backfiller] WBD.ETORO: 115 Candles konvertiert (price_prec=2, size_prec=2).
2026-06-11 07:40:10,969 | DEBUG    | api_backfiller | [api_backfiller] WBD.ETORO: 115→115 Zeilen (-0 Duplikate)
2026-06-11 07:40:10,970 | INFO     | api_backfiller | [api_backfiller] WBD.ETORO: 115 Zeilen gespeichert (price_prec=2, size_prec=2) → data.parquet
2026-06-11 07:40:12,071 | DEBUG    | api_backfiller | [api_backfiller] WDAY.ETORO: Precision-Fallback price_prec=2, size_prec=2
2026-06-11 07:40:12,235 | INFO     | api_backfiller | [api_backfiller] WDAY.ETORO: 112 Candles konvertiert (price_prec=2, size_prec=2).
2026-06-11 07:40:12,236 | DEBUG    | api_backfiller | [api_backfiller] WDAY.ETORO: 112→112 Zeilen (-0 Duplikate)
2026-06-11 07:40:12,237 | INFO     | api_backfiller | [api_backfiller] WDAY.ETORO: 112 Zeilen gespeichert (price_prec=2, size_prec=2) → data.parquet
2026-06-11 07:40:13,338 | DEBUG    | api_backfiller | [api_backfiller] WDC.ETORO: Precision-Fallback price_prec=2, size_prec=2
2026-06-11 07:40:13,606 | INFO     | api_backfiller | [api_backfiller] WDC.ETORO: 116 Candles konvertiert (price_prec=2, size_prec=2).
2026-06-11 07:40:13,608 | DEBUG    | api_backfiller | [api_backfiller] WDC.ETORO: 116→116 Zeilen (-0 Duplikate)
2026-06-11 07:40:13,609 | INFO     | api_backfiller | [api_backfiller] WDC.ETORO: 116 Zeilen gespeichert (price_prec=2, size_prec=2) → data.parquet
2026-06-11 07:40:14,711 | DEBUG    | api_backfiller | [api_backfiller] WIX.ETORO: Precision-Fallback price_prec=2, size_prec=2
2026-06-11 07:40:14,789 | INFO     | api_backfiller | [api_backfiller] WIX.ETORO: 35 Candles konvertiert (price_prec=2, size_prec=2).
2026-06-11 07:40:14,790 | DEBUG    | api_backfiller | [api_backfiller] WIX.ETORO: 35→35 Zeilen (-0 Duplikate)
2026-06-11 07:40:14,793 | INFO     | api_backfiller | [api_backfiller] WIX.ETORO: 35 Zeilen gespeichert (price_prec=2, size_prec=2) → data.parquet
2026-06-11 07:40:15,896 | DEBUG    | api_backfiller | [api_backfiller] XPEV.ETORO: Precision-Fallback price_prec=2, size_prec=2
2026-06-11 07:40:15,984 | INFO     | api_backfiller | [api_backfiller] XPEV.ETORO: 35 Candles konvertiert (price_prec=2, size_prec=2).
2026-06-11 07:40:15,985 | DEBUG    | api_backfiller | [api_backfiller] XPEV.ETORO: 35→35 Zeilen (-0 Duplikate)
2026-06-11 07:40:15,988 | INFO     | api_backfiller | [api_backfiller] XPEV.ETORO: 35 Zeilen gespeichert (price_prec=2, size_prec=2) → data.parquet
2026-06-11 07:40:17,167 | INFO     | api_backfiller | [api_backfiller] XRP.ETORO: 168 Candles konvertiert (price_prec=2, size_prec=8).
2026-06-11 07:40:17,168 | DEBUG    | api_backfiller | [api_backfiller] XRP.ETORO: 168→168 Zeilen (-0 Duplikate)
2026-06-11 07:40:17,169 | INFO     | api_backfiller | [api_backfiller] XRP.ETORO: 168 Zeilen gespeichert (price_prec=2, size_prec=8) → data.parquet
2026-06-11 07:40:18,270 | DEBUG    | api_backfiller | [api_backfiller] ZS.ETORO: Precision-Fallback price_prec=2, size_prec=2
2026-06-11 07:40:18,345 | INFO     | api_backfiller | [api_backfiller] ZS.ETORO: 116 Candles konvertiert (price_prec=2, size_prec=2).
2026-06-11 07:40:18,346 | DEBUG    | api_backfiller | [api_backfiller] ZS.ETORO: 116→116 Zeilen (-0 Duplikate)
2026-06-11 07:40:18,349 | INFO     | api_backfiller | [api_backfiller] ZS.ETORO: 116 Zeilen gespeichert (price_prec=2, size_prec=2) → data.parquet
2026-06-11 07:40:19,451 | DEBUG    | api_backfiller | [api_backfiller] ZTS.ETORO: Precision-Fallback price_prec=2, size_prec=2
2026-06-11 07:40:19,528 | INFO     | api_backfiller | [api_backfiller] ZTS.ETORO: 109 Candles konvertiert (price_prec=2, size_prec=2).
2026-06-11 07:40:19,530 | DEBUG    | api_backfiller | [api_backfiller] ZTS.ETORO: 109→109 Zeilen (-0 Duplikate)
2026-06-11 07:40:19,532 | INFO     | api_backfiller | [api_backfiller] ZTS.ETORO: 109 Zeilen gespeichert (price_prec=2, size_prec=2) → data.parquet
2026-06-11 07:40:20,635 | INFO     | api_backfiller | [api_backfiller] Backfill abgeschlossen: 96 Symbole befüllt.
2026-06-11 07:40:20,637 | INFO     | orchestrator | [Phase 2c] API-Backfill: 96 Symbole befüllt.
2026-06-11 07:40:20,778 | INFO     | orchestrator | [Phase 2d] 106 Symbole unzureichend (benötigt Daten bis 1763012420642617088 ns) — starte Historical Fetcher ...
2026-06-11 07:40:20,779 | INFO     | api_backfiller | [api_backfiller] Universe geladen: 106 Instrumente.
2026-06-11 07:40:20,779 | DEBUG    | asyncio | Using selector: EpollSelector
2026-06-11 07:40:20,895 | INFO     | historical_fetcher | [historical_fetcher] 106/106 Symbole werden gefetcht (months=12, start_ns=1763012420642617088).
2026-06-11 07:40:20,895 | INFO     | historical_fetcher | [historical_fetcher] Lade Instrument-Precisions via eToro API …
2026-06-11 07:40:21,043 | DEBUG    | api_backfiller | [api_backfiller] Raw API response (first 500 chars): {'instrumentDisplayDatas': [{'instrumentID': 1012, 'instrumentDisplayName': 'Caterpillar', 'instrumentTypeID': 5, 'exchangeID': 5, 'images': [{'instrumentID': 1012, 'width': 50.0, 'height': 50.0, 'uri': 'https://etoro-cdn.etorostatic.com/market-avatars/cat/50x50.png'}, {'instrumentID': 1012, 'width': 150.0, 'height': 150.0, 'uri': 'https://etoro-cdn.etorostatic.com/market-avatars/cat/150x150.png'}, {'instrumentID': 1012, 'width': 35.0, 'height': 35.0, 'uri': 'https://etoro-cdn.etorostatic.com/ma
2026-06-11 07:40:21,044 | DEBUG    | api_backfiller | [api_backfiller] Keine API-Precision für ID 1012 (CAT). Equity-Fallback (2,2) wird von run_backfill() angewendet.
2026-06-11 07:40:21,044 | DEBUG    | api_backfiller | Vollständiger Item-Dump: {
  "instrumentID": 1012,
  "instrumentDisplayName": "Caterpillar",
  "instrumentTypeID": 5,
  "exchangeID": 5,
  "images": [
    {
      "instrumentID": 1012,
      "width": 50.0,
      "height": 50.0,
      "uri": "https://etoro-cdn.etorostatic.com/market-avatars/cat/50x50.png"
    },
    {
      "instrumentID": 1012,
      "width": 150.0,
      "height": 150.0,
      "uri": "https://etoro-cdn.etorostatic.com/market-avatars/cat/150x150.png"
    },
    {
      "instrumentID": 1012,
      "width": 35.0,
      "height": 35.0,
      "uri": "https://etoro-cdn.etorostatic.com/market-avatars/cat/35x35.png"
    },
    {
      "instrumentID": 1012,
      "width": 90.0,
      "height": 90.0,
      "uri": "https://etoro-cdn.etorostatic.com/market-avatars/cat/90x90.png"
    },
    {
      "instrumentID": 1012,
      "uri": "https://etoro-cdn.etorostatic.com/market-avatars/1012/1012_2C2C2C_F7F7F7.svg",
      "backgroundColor": "#2C2C2C",
      "textColor": "#F7F7F7"
    }
  ],
  "symbolFull": "CAT",
  "stocksIndustryID": 6,
  "priceSource": "NASDAQ",
  "hasExpirationDate": false,
  "isInternalInstrument": false,
  "distributionType": 5
}
2026-06-11 07:40:21,044 | DEBUG    | api_backfiller | [api_backfiller] Keine API-Precision für ID 1102 (PBR). Equity-Fallback (2,2) wird von run_backfill() angewendet.
2026-06-11 07:40:21,044 | DEBUG    | api_backfiller | Vollständiger Item-Dump: {
  "instrumentID": 1102,
  "instrumentDisplayName": "Petroleo Brasileiro SA Petrobras-ADR",
  "instrumentTypeID": 5,
  "exchangeID": 5,
  "images": [
    {
      "instrumentID": 1102,
      "width": 35.0,
      "height": 35.0,
      "uri": "https://etoro-cdn.etorostatic.com/market-avatars/pbr/35x35.png"
    },
    {
      "instrumentID": 1102,
      "width": 50.0,
      "height": 50.0,
      "uri": "https://etoro-cdn.etorostatic.com/market-avatars/pbr/50x50.png"
    },
    {
      "instrumentID": 1102,
      "width": 80.0,
      "height": 80.0,
      "uri": "https://etoro-cdn.etorostatic.com/market-avatars/pbr/80x80.png"
    },
    {
      "instrumentID": 1102,
      "width": 90.0,
      "height": 90.0,
      "uri": "https://etoro-cdn.etorostatic.com/market-avatars/pbr/90x90.png"
    },
    {
      "instrumentID": 1102,
      "width": 150.0,
      "height": 150.0,
      "uri": "https://etoro-cdn.etorostatic.com/market-avatars/pbr/150x150.png"
    },
    {
      "instrumentID": 1102,
      "uri": "https://etoro-cdn.etorostatic.com/market-avatars/1102/1102_00853F_F7F7F7.svg",
      "backgroundColor": "#00853F",
      "textColor": "#F7F7F7"
    }
  ],
  "symbolFull": "PBR",
  "stocksIndustryID": 1,
  "priceSource": "NASDAQ",
  "hasExpirationDate": false,
  "isInternalInstrument": false,
  "distributionType": 5
}
2026-06-11 07:40:21,044 | DEBUG    | api_backfiller | [api_backfiller] Keine API-Precision für ID 1115 (NOK). Equity-Fallback (2,2) wird von run_backfill() angewendet.
2026-06-11 07:40:21,044 | DEBUG    | api_backfiller | Vollständiger Item-Dump: {
  "instrumentID": 1115,
  "instrumentDisplayName": "Nokia Oyj-ADR",
  "instrumentTypeID": 5,
  "exchangeID": 5,
  "images": [
    {
      "instrumentID": 1115,
      "width": 35.0,
      "height": 35.0,
      "uri": "https://etoro-cdn.etorostatic.com/market-avatars/nok/35x35.png"
    },
    {
      "instrumentID": 1115,
      "width": 50.0,
      "height": 50.0,
      "uri": "https://etoro-cdn.etorostatic.com/market-avatars/nok/50x50.png"
    },
    {
      "instrumentID": 1115,
      "width": 80.0,
      "height": 80.0,
      "uri": "https://etoro-cdn.etorostatic.com/market-avatars/nok/80x80.png"
    },
    {
      "instrumentID": 1115,
      "width": 90.0,
      "height": 90.0,
      "uri": "https://etoro-cdn.etorostatic.com/market-avatars/nok/90x90.png"
    },
    {
      "instrumentID": 1115,
      "width": 150.0,
      "height": 150.0,
      "uri": "https://etoro-cdn.etorostatic.com/market-avatars/nok/150x150.png"
    },
    {
      "instrumentID": 1115,
      "uri": "https://etoro-cdn.etorostatic.com/market-avatars/1115/1115_124191_F7F7F7.svg",
      "backgroundColor": "#124191",
      "textColor": "#F7F7F7"
    }
  ],
  "symbolFull": "NOK",
  "stocksIndustryID": 8,
  "priceSource": "NASDAQ",
  "hasExpirationDate": false,
  "isInternalInstrument": false,
  "distributionType": 5
}
2026-06-11 07:40:21,044 | DEBUG    | api_backfiller | [api_backfiller] Keine API-Precision für ID 1129 (WDC). Equity-Fallback (2,2) wird von run_backfill() angewendet.
2026-06-11 07:40:21,045 | DEBUG    | api_backfiller | [api_backfiller] Keine API-Precision für ID 1130 (MU). Equity-Fallback (2,2) wird von run_backfill() angewendet.
2026-06-11 07:40:21,045 | DEBUG    | api_backfiller | [api_backfiller] Keine API-Precision für ID 1138 (FDX). Equity-Fallback (2,2) wird von run_backfill() angewendet.
2026-06-11 07:40:21,045 | DEBUG    | api_backfiller | [api_backfiller] Keine API-Precision für ID 1184 (PINS). Equity-Fallback (2,2) wird von run_backfill() angewendet.
2026-06-11 07:40:21,045 | DEBUG    | api_backfiller | [api_backfiller] Keine API-Precision für ID 1341 (GEV). Equity-Fallback (2,2) wird von run_backfill() angewendet.
2026-06-11 07:40:21,045 | DEBUG    | api_backfiller | [api_backfiller] Keine API-Precision für ID 1484 (PYPL). Equity-Fallback (2,2) wird von run_backfill() angewendet.
2026-06-11 07:40:21,045 | DEBUG    | api_backfiller | [api_backfiller] Keine API-Precision für ID 1585 (GIS). Equity-Fallback (2,2) wird von run_backfill() angewendet.
2026-06-11 07:40:21,045 | DEBUG    | api_backfiller | [api_backfiller] Keine API-Precision für ID 1586 (CAG). Equity-Fallback (2,2) wird von run_backfill() angewendet.
2026-06-11 07:40:21,045 | DEBUG    | api_backfiller | [api_backfiller] Keine API-Precision für ID 1687 (GLW). Equity-Fallback (2,2) wird von run_backfill() angewendet.
2026-06-11 07:40:21,045 | DEBUG    | api_backfiller | [api_backfiller] Keine API-Precision für ID 1706 (AMAT). Equity-Fallback (2,2) wird von run_backfill() angewendet.
2026-06-11 07:40:21,045 | DEBUG    | api_backfiller | [api_backfiller] Keine API-Precision für ID 1832 (AMD). Equity-Fallback (2,2) wird von run_backfill() angewendet.
2026-06-11 07:40:21,045 | DEBUG    | api_backfiller | [api_backfiller] Keine API-Precision für ID 1865 (FISV). Equity-Fallback (2,2) wird von run_backfill() angewendet.
2026-06-11 07:40:21,045 | DEBUG    | api_backfiller | [api_backfiller] Keine API-Precision für ID 1905 (MTZ). Equity-Fallback (2,2) wird von run_backfill() angewendet.
2026-06-11 07:40:21,045 | DEBUG    | api_backfiller | [api_backfiller] Keine API-Precision für ID 1906 (LRCX). Equity-Fallback (2,2) wird von run_backfill() angewendet.
2026-06-11 07:40:21,046 | DEBUG    | api_backfiller | [api_backfiller] Keine API-Precision für ID 1914 (INTU). Equity-Fallback (2,2) wird von run_backfill() angewendet.
2026-06-11 07:40:21,046 | DEBUG    | api_backfiller | [api_backfiller] Keine API-Precision für ID 1945 (CMG). Equity-Fallback (2,2) wird von run_backfill() angewendet.
2026-06-11 07:40:21,046 | DEBUG    | api_backfiller | [api_backfiller] Keine API-Precision für ID 4067 (GSAT). Equity-Fallback (2,2) wird von run_backfill() angewendet.
2026-06-11 07:40:21,046 | DEBUG    | api_backfiller | [api_backfiller] Keine API-Precision für ID 4260 (NOW). Equity-Fallback (2,2) wird von run_backfill() angewendet.
2026-06-11 07:40:21,046 | DEBUG    | api_backfiller | [api_backfiller] Keine API-Precision für ID 4263 (WDAY). Equity-Fallback (2,2) wird von run_backfill() angewendet.
2026-06-11 07:40:21,046 | DEBUG    | api_backfiller | [api_backfiller] Keine API-Precision für ID 4309 (LULU). Equity-Fallback (2,2) wird von run_backfill() angewendet.
2026-06-11 07:40:21,046 | DEBUG    | api_backfiller | [api_backfiller] Keine API-Precision für ID 4356 (STX.US). Equity-Fallback (2,2) wird von run_backfill() angewendet.
2026-06-11 07:40:21,046 | DEBUG    | api_backfiller | [api_backfiller] Keine API-Precision für ID 4358 (MRVL). Equity-Fallback (2,2) wird von run_backfill() angewendet.
2026-06-11 07:40:21,046 | DEBUG    | api_backfiller | [api_backfiller] Keine API-Precision für ID 4399 (TTD). Equity-Fallback (2,2) wird von run_backfill() angewendet.
2026-06-11 07:40:21,046 | DEBUG    | api_backfiller | [api_backfiller] Keine API-Precision für ID 4421 (CIEN). Equity-Fallback (2,2) wird von run_backfill() angewendet.
2026-06-11 07:40:21,046 | DEBUG    | api_backfiller | [api_backfiller] Keine API-Precision für ID 4482 (TME). Equity-Fallback (2,2) wird von run_backfill() angewendet.
2026-06-11 07:40:21,046 | DEBUG    | api_backfiller | [api_backfiller] Keine API-Precision für ID 5491 (ASX). Equity-Fallback (2,2) wird von run_backfill() angewendet.
2026-06-11 07:40:21,046 | DEBUG    | api_backfiller | [api_backfiller] Keine API-Precision für ID 5657 (SMTC). Equity-Fallback (2,2) wird von run_backfill() angewendet.
2026-06-11 07:40:21,046 | DEBUG    | api_backfiller | [api_backfiller] Keine API-Precision für ID 5960 (SE). Equity-Fallback (2,2) wird von run_backfill() angewendet.
2026-06-11 07:40:21,047 | DEBUG    | api_backfiller | [api_backfiller] Keine API-Precision für ID 5967 (CPRT). Equity-Fallback (2,2) wird von run_backfill() angewendet.
2026-06-11 07:40:21,047 | DEBUG    | api_backfiller | [api_backfiller] Keine API-Precision für ID 6071 (AXON). Equity-Fallback (2,2) wird von run_backfill() angewendet.
2026-06-11 07:40:21,047 | DEBUG    | api_backfiller | [api_backfiller] Keine API-Precision für ID 6094 (COHR). Equity-Fallback (2,2) wird von run_backfill() angewendet.
2026-06-11 07:40:21,047 | DEBUG    | api_backfiller | [api_backfiller] Keine API-Precision für ID 6434 (GOOGL). Equity-Fallback (2,2) wird von run_backfill() angewendet.
2026-06-11 07:40:21,047 | DEBUG    | api_backfiller | [api_backfiller] Keine API-Precision für ID 6473 (MSTR). Equity-Fallback (2,2) wird von run_backfill() angewendet.
2026-06-11 07:40:21,047 | DEBUG    | api_backfiller | [api_backfiller] Keine API-Precision für ID 6549 (TER). Equity-Fallback (2,2) wird von run_backfill() angewendet.
2026-06-11 07:40:21,047 | DEBUG    | api_backfiller | [api_backfiller] Keine API-Precision für ID 6681 (ELF). Equity-Fallback (2,2) wird von run_backfill() angewendet.
2026-06-11 07:40:21,047 | DEBUG    | api_backfiller | [api_backfiller] Keine API-Precision für ID 6705 (FRO). Equity-Fallback (2,2) wird von run_backfill() angewendet.
2026-06-11 07:40:21,047 | DEBUG    | api_backfiller | [api_backfiller] Keine API-Precision für ID 6844 (NVO). Equity-Fallback (2,2) wird von run_backfill() angewendet.
2026-06-11 07:40:21,047 | DEBUG    | api_backfiller | [api_backfiller] Keine API-Precision für ID 6940 (SQM). Equity-Fallback (2,2) wird von run_backfill() angewendet.
2026-06-11 07:40:21,047 | DEBUG    | api_backfiller | [api_backfiller] Keine API-Precision für ID 7852 (AMKR). Equity-Fallback (2,2) wird von run_backfill() angewendet.
2026-06-11 07:40:21,047 | DEBUG    | api_backfiller | [api_backfiller] Keine API-Precision für ID 7930 (LQDA). Equity-Fallback (2,2) wird von run_backfill() angewendet.
2026-06-11 07:40:21,047 | DEBUG    | api_backfiller | [api_backfiller] Keine API-Precision für ID 8604 (KD). Equity-Fallback (2,2) wird von run_backfill() angewendet.
2026-06-11 07:40:21,048 | DEBUG    | api_backfiller | [api_backfiller] Keine API-Precision für ID 8637 (DUOL). Equity-Fallback (2,2) wird von run_backfill() angewendet.
2026-06-11 07:40:21,048 | DEBUG    | api_backfiller | [api_backfiller] Keine API-Precision für ID 8867 (VRT). Equity-Fallback (2,2) wird von run_backfill() angewendet.
2026-06-11 07:40:21,048 | DEBUG    | api_backfiller | [api_backfiller] Keine API-Precision für ID 9271 (MNDY). Equity-Fallback (2,2) wird von run_backfill() angewendet.
2026-06-11 07:40:21,048 | DEBUG    | api_backfiller | [api_backfiller] Keine API-Precision für ID 9814 (POWL). Equity-Fallback (2,2) wird von run_backfill() angewendet.
2026-06-11 07:40:21,048 | DEBUG    | api_backfiller | [api_backfiller] Keine API-Precision für ID 10476 (SEI.US). Equity-Fallback (2,2) wird von run_backfill() angewendet.
2026-06-11 07:40:21,048 | DEBUG    | api_backfiller | [api_backfiller] Keine API-Precision für ID 14310 (NTSK). Equity-Fallback (2,2) wird von run_backfill() angewendet.
2026-06-11 07:40:21,632 | DEBUG    | api_backfiller | [api_backfiller] Raw API response (first 500 chars): {'instrumentDisplayDatas': [{'instrumentID': 22, 'instrumentDisplayName': 'Natural Gas (Non Expiry)', 'instrumentTypeID': 2, 'exchangeID': 2, 'images': [{'instrumentID': 22, 'width': 35.0, 'height': 35.0, 'uri': 'https://etoro-cdn.etorostatic.com/market-avatars/natgas/35x35.png'}, {'instrumentID': 22, 'width': 80.0, 'height': 80.0}, {'instrumentID': 22, 'width': 50.0, 'height': 50.0, 'uri': 'https://etoro-cdn.etorostatic.com/market-avatars/natgas/50x50.png'}, {'instrumentID': 22, 'width': 150.0,
2026-06-11 07:40:21,632 | DEBUG    | api_backfiller | [api_backfiller] ID 22: price_precision via historischem Fallback=5
2026-06-11 07:40:21,632 | DEBUG    | api_backfiller | [api_backfiller] ID 22: size_precision via historischem Fallback=5
2026-06-11 07:40:21,632 | DEBUG    | api_backfiller | [api_backfiller] ID 22 (NATGAS): price_prec=5, size_prec=5
2026-06-11 07:40:21,633 | DEBUG    | api_backfiller | [api_backfiller] ID 42: price_precision via historischem Fallback=5
2026-06-11 07:40:21,633 | DEBUG    | api_backfiller | [api_backfiller] ID 42: size_precision via historischem Fallback=5
2026-06-11 07:40:21,633 | DEBUG    | api_backfiller | [api_backfiller] ID 42 (USDZAR): price_prec=5, size_prec=5
2026-06-11 07:40:21,633 | DEBUG    | api_backfiller | [api_backfiller] ID 62: price_precision via historischem Fallback=5
2026-06-11 07:40:21,633 | DEBUG    | api_backfiller | [api_backfiller] ID 62: size_precision via historischem Fallback=5
2026-06-11 07:40:21,633 | DEBUG    | api_backfiller | [api_backfiller] ID 62 (USDTRY): price_prec=5, size_prec=5
2026-06-11 07:40:21,633 | DEBUG    | api_backfiller | [api_backfiller] Keine API-Precision für ID 1002 (GOOG). Equity-Fallback (2,2) wird von run_backfill() angewendet.
2026-06-11 07:40:21,633 | DEBUG    | api_backfiller | [api_backfiller] Keine API-Precision für ID 1022 (JNJ). Equity-Fallback (2,2) wird von run_backfill() angewendet.
2026-06-11 07:40:21,633 | DEBUG    | api_backfiller | [api_backfiller] Keine API-Precision für ID 1111 (TSLA). Equity-Fallback (2,2) wird von run_backfill() angewendet.
2026-06-11 07:40:21,633 | DEBUG    | api_backfiller | [api_backfiller] Keine API-Precision für ID 1126 (ADBE). Equity-Fallback (2,2) wird von run_backfill() angewendet.
2026-06-11 07:40:21,633 | DEBUG    | api_backfiller | [api_backfiller] Keine API-Precision für ID 1137 (NVDA). Equity-Fallback (2,2) wird von run_backfill() angewendet.
2026-06-11 07:40:21,633 | DEBUG    | api_backfiller | [api_backfiller] Keine API-Precision für ID 1160 (WIX). Equity-Fallback (2,2) wird von run_backfill() angewendet.
2026-06-11 07:40:21,633 | DEBUG    | api_backfiller | [api_backfiller] Keine API-Precision für ID 1402 (ROP.ZU). Equity-Fallback (2,2) wird von run_backfill() angewendet.
2026-06-11 07:40:21,633 | DEBUG    | api_backfiller | [api_backfiller] Keine API-Precision für ID 1450 (ACN). Equity-Fallback (2,2) wird von run_backfill() angewendet.
2026-06-11 07:40:21,633 | DEBUG    | api_backfiller | [api_backfiller] Keine API-Precision für ID 1497 (VLO). Equity-Fallback (2,2) wird von run_backfill() angewendet.
2026-06-11 07:40:21,633 | DEBUG    | api_backfiller | [api_backfiller] Keine API-Precision für ID 1531 (HAL). Equity-Fallback (2,2) wird von run_backfill() angewendet.
2026-06-11 07:40:21,633 | DEBUG    | api_backfiller | [api_backfiller] Keine API-Precision für ID 1552 (ABT.US). Equity-Fallback (2,2) wird von run_backfill() angewendet.
2026-06-11 07:40:21,633 | DEBUG    | api_backfiller | [api_backfiller] Keine API-Precision für ID 1704 (CHTR). Equity-Fallback (2,2) wird von run_backfill() angewendet.
2026-06-11 07:40:21,634 | DEBUG    | api_backfiller | [api_backfiller] Keine API-Precision für ID 1839 (CRM). Equity-Fallback (2,2) wird von run_backfill() angewendet.
2026-06-11 07:40:21,634 | DEBUG    | api_backfiller | [api_backfiller] Keine API-Precision für ID 1979 (SNAP). Equity-Fallback (2,2) wird von run_backfill() angewendet.
2026-06-11 07:40:21,634 | DEBUG    | api_backfiller | [api_backfiller] Keine API-Precision für ID 2380 (01211.HK). Equity-Fallback (2,2) wird von run_backfill() angewendet.
2026-06-11 07:40:21,634 | DEBUG    | api_backfiller | [api_backfiller] Keine API-Precision für ID 2587 (RHM.DE). Equity-Fallback (2,2) wird von run_backfill() angewendet.
2026-06-11 07:40:21,634 | DEBUG    | api_backfiller | [api_backfiller] ID 3208: price_precision via historischem Fallback=5
2026-06-11 07:40:21,634 | DEBUG    | api_backfiller | [api_backfiller] ID 3208: size_precision via historischem Fallback=5
2026-06-11 07:40:21,634 | DEBUG    | api_backfiller | [api_backfiller] ID 3208 (PALL): price_prec=5, size_prec=5
2026-06-11 07:40:21,634 | DEBUG    | api_backfiller | [api_backfiller] Keine API-Precision für ID 4074 (HUBS). Equity-Fallback (2,2) wird von run_backfill() angewendet.
2026-06-11 07:40:21,634 | DEBUG    | api_backfiller | [api_backfiller] Keine API-Precision für ID 4087 (JAZZ). Equity-Fallback (2,2) wird von run_backfill() angewendet.
2026-06-11 07:40:21,634 | DEBUG    | api_backfiller | [api_backfiller] Keine API-Precision für ID 4194 (ZTS). Equity-Fallback (2,2) wird von run_backfill() angewendet.
2026-06-11 07:40:21,634 | DEBUG    | api_backfiller | [api_backfiller] Keine API-Precision für ID 4232 (NVS). Equity-Fallback (2,2) wird von run_backfill() angewendet.
2026-06-11 07:40:21,634 | DEBUG    | api_backfiller | [api_backfiller] Keine API-Precision für ID 4272 (CCL). Equity-Fallback (2,2) wird von run_backfill() angewendet.
2026-06-11 07:40:21,634 | DEBUG    | api_backfiller | [api_backfiller] Keine API-Precision für ID 4286 (TEAM). Equity-Fallback (2,2) wird von run_backfill() angewendet.
2026-06-11 07:40:21,634 | DEBUG    | api_backfiller | [api_backfiller] Keine API-Precision für ID 4398 (DOCU). Equity-Fallback (2,2) wird von run_backfill() angewendet.
2026-06-11 07:40:21,634 | DEBUG    | api_backfiller | [api_backfiller] Keine API-Precision für ID 4403 (ZS). Equity-Fallback (2,2) wird von run_backfill() angewendet.
2026-06-11 07:40:21,634 | DEBUG    | api_backfiller | [api_backfiller] Keine API-Precision für ID 5045 (FSLY). Equity-Fallback (2,2) wird von run_backfill() angewendet.
2026-06-11 07:40:21,634 | DEBUG    | api_backfiller | [api_backfiller] Keine API-Precision für ID 5635 (EEFT). Equity-Fallback (2,2) wird von run_backfill() angewendet.
2026-06-11 07:40:21,634 | DEBUG    | api_backfiller | [api_backfiller] Keine API-Precision für ID 6270 (RIOT). Equity-Fallback (2,2) wird von run_backfill() angewendet.
2026-06-11 07:40:21,635 | DEBUG    | api_backfiller | [api_backfiller] Keine API-Precision für ID 6552 (TSEM). Equity-Fallback (2,2) wird von run_backfill() angewendet.
2026-06-11 07:40:21,635 | DEBUG    | api_backfiller | [api_backfiller] Keine API-Precision für ID 6584 (AG). Equity-Fallback (2,2) wird von run_backfill() angewendet.
2026-06-11 07:40:21,635 | DEBUG    | api_backfiller | [api_backfiller] Keine API-Precision für ID 6700 (XPEV). Equity-Fallback (2,2) wird von run_backfill() angewendet.
2026-06-11 07:40:21,635 | DEBUG    | api_backfiller | [api_backfiller] Keine API-Precision für ID 7991 (PLTR). Equity-Fallback (2,2) wird von run_backfill() angewendet.
2026-06-11 07:40:21,635 | DEBUG    | api_backfiller | [api_backfiller] Keine API-Precision für ID 8585 (GTLB). Equity-Fallback (2,2) wird von run_backfill() angewendet.
2026-06-11 07:40:21,635 | DEBUG    | api_backfiller | [api_backfiller] Keine API-Precision für ID 8611 (WBD). Equity-Fallback (2,2) wird von run_backfill() angewendet.
2026-06-11 07:40:21,635 | DEBUG    | api_backfiller | [api_backfiller] Keine API-Precision für ID 8638 (E). Equity-Fallback (2,2) wird von run_backfill() angewendet.
2026-06-11 07:40:21,635 | DEBUG    | api_backfiller | [api_backfiller] Keine API-Precision für ID 8671 (HUT). Equity-Fallback (2,2) wird von run_backfill() angewendet.
2026-06-11 07:40:21,635 | DEBUG    | api_backfiller | [api_backfiller] Keine API-Precision für ID 9077 (FICO). Equity-Fallback (2,2) wird von run_backfill() angewendet.
2026-06-11 07:40:21,635 | DEBUG    | api_backfiller | [api_backfiller] Keine API-Precision für ID 9119 (INSM). Equity-Fallback (2,2) wird von run_backfill() angewendet.
2026-06-11 07:40:21,635 | DEBUG    | api_backfiller | [api_backfiller] Keine API-Precision für ID 9517 (INSW). Equity-Fallback (2,2) wird von run_backfill() angewendet.
2026-06-11 07:40:21,635 | DEBUG    | api_backfiller | [api_backfiller] Keine API-Precision für ID 9803 (TTMI). Equity-Fallback (2,2) wird von run_backfill() angewendet.
2026-06-11 07:40:21,635 | DEBUG    | api_backfiller | [api_backfiller] Keine API-Precision für ID 15233 (ESLT). Equity-Fallback (2,2) wird von run_backfill() angewendet.
2026-06-11 07:40:21,635 | DEBUG    | api_backfiller | [api_backfiller] ID 100000: price_precision via historischem Fallback=2
2026-06-11 07:40:21,635 | DEBUG    | api_backfiller | [api_backfiller] ID 100000: size_precision via historischem Fallback=8
2026-06-11 07:40:21,635 | DEBUG    | api_backfiller | [api_backfiller] ID 100000 (BTC): price_prec=2, size_prec=8
2026-06-11 07:40:21,635 | DEBUG    | api_backfiller | [api_backfiller] ID 100001: price_precision via historischem Fallback=2
2026-06-11 07:40:21,635 | DEBUG    | api_backfiller | [api_backfiller] ID 100001: size_precision via historischem Fallback=8
2026-06-11 07:40:21,636 | DEBUG    | api_backfiller | [api_backfiller] ID 100001 (ETH): price_prec=2, size_prec=8
2026-06-11 07:40:21,636 | DEBUG    | api_backfiller | [api_backfiller] ID 100003: price_precision via historischem Fallback=2
2026-06-11 07:40:21,636 | DEBUG    | api_backfiller | [api_backfiller] ID 100003: size_precision via historischem Fallback=8
2026-06-11 07:40:21,636 | DEBUG    | api_backfiller | [api_backfiller] ID 100003 (XRP): price_prec=2, size_prec=8
2026-06-11 07:40:21,636 | DEBUG    | api_backfiller | [api_backfiller] ID 100017: price_precision via historischem Fallback=2
2026-06-11 07:40:21,636 | DEBUG    | api_backfiller | [api_backfiller] ID 100017: size_precision via historischem Fallback=8
2026-06-11 07:40:21,636 | DEBUG    | api_backfiller | [api_backfiller] ID 100017 (ADA): price_prec=2, size_prec=8
2026-06-11 07:40:21,636 | DEBUG    | api_backfiller | [api_backfiller] ID 100043: price_precision via historischem Fallback=2
2026-06-11 07:40:21,636 | DEBUG    | api_backfiller | [api_backfiller] ID 100043: size_precision via historischem Fallback=8
2026-06-11 07:40:21,636 | DEBUG    | api_backfiller | [api_backfiller] ID 100043 (DOGE): price_prec=2, size_prec=8
2026-06-11 07:40:21,636 | DEBUG    | api_backfiller | [api_backfiller] ID 100063: price_precision via historischem Fallback=2
2026-06-11 07:40:21,636 | DEBUG    | api_backfiller | [api_backfiller] ID 100063: size_precision via historischem Fallback=8
2026-06-11 07:40:21,636 | DEBUG    | api_backfiller | [api_backfiller] ID 100063 (SOL): price_prec=2, size_prec=8
2026-06-11 07:40:22,218 | DEBUG    | api_backfiller | [api_backfiller] Raw API response (first 500 chars): {'instrumentDisplayDatas': [{'instrumentID': 100080, 'instrumentDisplayName': 'Shiba (in millions)', 'instrumentTypeID': 10, 'exchangeID': 8, 'images': [{'instrumentID': 100080, 'width': 35.0, 'height': 35.0, 'uri': 'https://etoro-cdn.etorostatic.com/market-avatars/100080/35x35.png'}, {'instrumentID': 100080, 'width': 50.0, 'height': 50.0, 'uri': 'https://etoro-cdn.etorostatic.com/market-avatars/100080/50x50.png'}, {'instrumentID': 100080, 'width': 150.0, 'height': 150.0, 'uri': 'https://etoro-c
2026-06-11 07:40:22,219 | DEBUG    | api_backfiller | [api_backfiller] ID 100080: price_precision via historischem Fallback=8
2026-06-11 07:40:22,219 | DEBUG    | api_backfiller | [api_backfiller] ID 100080: size_precision via historischem Fallback=8
2026-06-11 07:40:22,219 | DEBUG    | api_backfiller | [api_backfiller] ID 100080 (SHIBxM): price_prec=8, size_prec=8
2026-06-11 07:40:22,219 | DEBUG    | api_backfiller | [api_backfiller] ID 100085: price_precision via historischem Fallback=2
2026-06-11 07:40:22,219 | DEBUG    | api_backfiller | [api_backfiller] ID 100085: size_precision via historischem Fallback=8
2026-06-11 07:40:22,220 | DEBUG    | api_backfiller | [api_backfiller] ID 100085 (AVAX): price_prec=2, size_prec=8
2026-06-11 07:40:22,220 | DEBUG    | api_backfiller | [api_backfiller] ID 100303: price_precision via historischem Fallback=8
2026-06-11 07:40:22,220 | DEBUG    | api_backfiller | [api_backfiller] ID 100303: size_precision via historischem Fallback=8
2026-06-11 07:40:22,220 | DEBUG    | api_backfiller | [api_backfiller] ID 100303 (PEPExM): price_prec=8, size_prec=8
2026-06-11 07:40:22,220 | DEBUG    | api_backfiller | [api_backfiller] ID 100323: price_precision via historischem Fallback=2
2026-06-11 07:40:22,220 | DEBUG    | api_backfiller | [api_backfiller] ID 100323: size_precision via historischem Fallback=8
2026-06-11 07:40:22,220 | DEBUG    | api_backfiller | [api_backfiller] ID 100323 (ONDO): price_prec=2, size_prec=8
2026-06-11 07:40:22,220 | DEBUG    | api_backfiller | [api_backfiller] ID 100421: price_precision via historischem Fallback=2
2026-06-11 07:40:22,221 | DEBUG    | api_backfiller | [api_backfiller] ID 100421: size_precision via historischem Fallback=8
2026-06-11 07:40:22,221 | DEBUG    | api_backfiller | [api_backfiller] ID 100421 (AERO): price_prec=2, size_prec=8
2026-06-11 07:40:22,221 | DEBUG    | api_backfiller | [api_backfiller] ID 100446: price_precision via historischem Fallback=2
2026-06-11 07:40:22,221 | DEBUG    | api_backfiller | [api_backfiller] ID 100446: size_precision via historischem Fallback=8
2026-06-11 07:40:22,221 | DEBUG    | api_backfiller | [api_backfiller] ID 100446 (HYPE): price_prec=2, size_prec=8
2026-06-11 07:40:22,722 | INFO     | api_backfiller | [api_backfiller] Precision-Auflösung abgeschlossen: 16 direkt via API, 0 via Symbol-Fallback (_fallback_precisions), 90 Equities erhalten (2,2) in run_backfill().
2026-06-11 07:40:22,723 | INFO     | historical_fetcher | [historical_fetcher] Precisions via API/Fallback: 16 geladen (restliche via Standard-Equity-Fallback).
2026-06-11 07:40:22,727 | INFO     | historical_fetcher | [01211.HK.ETORO] Delta-Update: Fetch ab 2026-06-04T05:59:59+00:00 rückwärts bis 2025-11-13T05:40:20.642617+00:00
2026-06-11 07:40:22,895 | DEBUG    | historical_fetcher | [01211.HK.ETORO] OneHour: 999 Candles, älteste: 2025-09-29T01:00:00+00:00
2026-06-11 07:40:23,996 | INFO     | historical_fetcher | [01211.HK.ETORO] Ziel-Startdatum mit OneHour erreicht.
2026-06-11 07:40:24,014 | INFO     | historical_fetcher | [01211.HK.ETORO] 816 Candles → speichere (price_prec=2).
2026-06-11 07:40:24,023 | DEBUG    | historical_fetcher | [api_backfiller] 01211.HK.ETORO: 846→816 Zeilen (-30 Duplikate)
2026-06-11 07:40:24,026 | INFO     | historical_fetcher | [api_backfiller] 01211.HK.ETORO: 816 Zeilen gespeichert (price_prec=2, size_prec=2) → data.parquet
2026-06-11 07:40:25,134 | INFO     | historical_fetcher | [ABT.US.ETORO] Delta-Update: Fetch ab 2026-06-04T05:59:59+00:00 rückwärts bis 2025-11-13T05:40:20.642617+00:00
2026-06-11 07:40:25,356 | DEBUG    | historical_fetcher | [ABT.US.ETORO] OneHour: 1000 Candles, älteste: 2026-04-10T00:00:00+00:00
2026-06-11 07:40:26,682 | INFO     | historical_fetcher | [ABT.US.ETORO] Historische Tiefe für OneHour erreicht.
2026-06-11 07:40:26,887 | DEBUG    | historical_fetcher | [ABT.US.ETORO] OneDay: 1000 Candles, älteste: 2022-05-09T00:00:00+00:00
2026-06-11 07:40:27,988 | INFO     | historical_fetcher | [ABT.US.ETORO] Ziel-Startdatum mit OneDay erreicht.
2026-06-11 07:40:28,015 | INFO     | historical_fetcher | [ABT.US.ETORO] 1142 Candles → speichere (price_prec=2).
2026-06-11 07:40:28,020 | DEBUG    | historical_fetcher | [api_backfiller] ABT.US.ETORO: 1257→1098 Zeilen (-159 Duplikate)
2026-06-11 07:40:28,022 | INFO     | historical_fetcher | [api_backfiller] ABT.US.ETORO: 1098 Zeilen gespeichert (price_prec=2, size_prec=2) → data.parquet
2026-06-11 07:40:29,128 | INFO     | historical_fetcher | [ACN.ETORO] Delta-Update: Fetch ab 2026-06-04T05:59:59+00:00 rückwärts bis 2025-11-13T05:40:20.642617+00:00
2026-06-11 07:40:29,350 | DEBUG    | historical_fetcher | [ACN.ETORO] OneHour: 1000 Candles, älteste: 2026-04-09T14:00:00+00:00
2026-06-11 07:40:30,784 | INFO     | historical_fetcher | [ACN.ETORO] Historische Tiefe für OneHour erreicht.
2026-06-11 07:40:30,916 | DEBUG    | historical_fetcher | [ACN.ETORO] OneDay: 1000 Candles, älteste: 2022-05-09T00:00:00+00:00
2026-06-11 07:40:32,017 | INFO     | historical_fetcher | [ACN.ETORO] Ziel-Startdatum mit OneDay erreicht.
2026-06-11 07:40:32,047 | INFO     | historical_fetcher | [ACN.ETORO] 1142 Candles → speichere (price_prec=2).
2026-06-11 07:40:32,055 | DEBUG    | historical_fetcher | [api_backfiller] ACN.ETORO: 1258→1098 Zeilen (-160 Duplikate)
2026-06-11 07:40:32,057 | INFO     | historical_fetcher | [api_backfiller] ACN.ETORO: 1098 Zeilen gespeichert (price_prec=2, size_prec=2) → data.parquet
2026-06-11 07:40:33,163 | INFO     | historical_fetcher | [ADA.ETORO] Delta-Update: Fetch ab 2026-06-04T05:59:59+00:00 rückwärts bis 2025-11-13T05:40:20.642617+00:00
2026-06-11 07:40:33,338 | DEBUG    | historical_fetcher | [ADA.ETORO] OneHour: 1000 Candles, älteste: 2026-04-30T13:00:00+00:00
2026-06-11 07:40:34,556 | INFO     | historical_fetcher | [ADA.ETORO] Historische Tiefe für OneHour erreicht.
2026-06-11 07:40:34,773 | DEBUG    | historical_fetcher | [ADA.ETORO] OneDay: 1000 Candles, älteste: 2023-09-19T00:00:00+00:00
2026-06-11 07:40:35,874 | INFO     | historical_fetcher | [ADA.ETORO] Ziel-Startdatum mit OneDay erreicht.
2026-06-11 07:40:35,903 | INFO     | historical_fetcher | [ADA.ETORO] 1210 Candles → speichere (price_prec=2).
2026-06-11 07:40:35,906 | DEBUG    | historical_fetcher | [api_backfiller] ADA.ETORO: 1378→1168 Zeilen (-210 Duplikate)
2026-06-11 07:40:35,908 | INFO     | historical_fetcher | [api_backfiller] ADA.ETORO: 1168 Zeilen gespeichert (price_prec=2, size_prec=8) → data.parquet
2026-06-11 07:40:37,014 | INFO     | historical_fetcher | [ADBE.ETORO] Delta-Update: Fetch ab 2026-06-04T05:59:59+00:00 rückwärts bis 2025-11-13T05:40:20.642617+00:00
2026-06-11 07:40:37,133 | DEBUG    | historical_fetcher | [ADBE.ETORO] OneHour: 1000 Candles, älteste: 2026-04-09T22:00:00+00:00
2026-06-11 07:40:38,407 | INFO     | historical_fetcher | [ADBE.ETORO] Historische Tiefe für OneHour erreicht.
2026-06-11 07:40:38,664 | DEBUG    | historical_fetcher | [ADBE.ETORO] OneDay: 1000 Candles, älteste: 2022-05-10T00:00:00+00:00
2026-06-11 07:40:39,765 | INFO     | historical_fetcher | [ADBE.ETORO] Ziel-Startdatum mit OneDay erreicht.
2026-06-11 07:40:39,796 | INFO     | historical_fetcher | [ADBE.ETORO] 1142 Candles → speichere (price_prec=2).
2026-06-11 07:40:39,800 | DEBUG    | historical_fetcher | [api_backfiller] ADBE.ETORO: 1258→1098 Zeilen (-160 Duplikate)
2026-06-11 07:40:39,802 | INFO     | historical_fetcher | [api_backfiller] ADBE.ETORO: 1098 Zeilen gespeichert (price_prec=2, size_prec=2) → data.parquet
2026-06-11 07:40:40,907 | INFO     | historical_fetcher | [AERO.ETORO] Delta-Update: Fetch ab 2026-06-04T05:59:59+00:00 rückwärts bis 2025-11-13T05:40:20.642617+00:00
2026-06-11 07:40:41,126 | DEBUG    | historical_fetcher | [AERO.ETORO] OneHour: 1000 Candles, älteste: 2026-04-30T14:00:00+00:00
2026-06-11 07:40:42,554 | INFO     | historical_fetcher | [AERO.ETORO] Historische Tiefe für OneHour erreicht.
2026-06-11 07:40:42,859 | DEBUG    | historical_fetcher | [AERO.ETORO] OneDay: 422 Candles, älteste: 2025-04-17T00:00:00+00:00
2026-06-11 07:40:43,960 | INFO     | historical_fetcher | [AERO.ETORO] Ziel-Startdatum mit OneDay erreicht.
2026-06-11 07:40:43,982 | INFO     | historical_fetcher | [AERO.ETORO] 1210 Candles → speichere (price_prec=2).
2026-06-11 07:40:43,990 | DEBUG    | historical_fetcher | [api_backfiller] AERO.ETORO: 1378→1168 Zeilen (-210 Duplikate)
2026-06-11 07:40:43,992 | INFO     | historical_fetcher | [api_backfiller] AERO.ETORO: 1168 Zeilen gespeichert (price_prec=2, size_prec=8) → data.parquet
2026-06-11 07:40:45,098 | INFO     | historical_fetcher | [AG.ETORO] Delta-Update: Fetch ab 2026-06-04T12:59:59+00:00 rückwärts bis 2025-11-13T05:40:20.642617+00:00
2026-06-11 07:40:45,225 | DEBUG    | historical_fetcher | [AG.ETORO] OneHour: 1000 Candles, älteste: 2025-11-11T14:00:00+00:00
2026-06-11 07:40:46,327 | INFO     | historical_fetcher | [AG.ETORO] Ziel-Startdatum mit OneHour erreicht.
2026-06-11 07:40:46,343 | INFO     | historical_fetcher | [AG.ETORO] 986 Candles → speichere (price_prec=2).
2026-06-11 07:40:46,352 | DEBUG    | historical_fetcher | [api_backfiller] AG.ETORO: 1021→986 Zeilen (-35 Duplikate)
2026-06-11 07:40:46,356 | INFO     | historical_fetcher | [api_backfiller] AG.ETORO: 986 Zeilen gespeichert (price_prec=2, size_prec=2) → data.parquet
2026-06-11 07:40:47,463 | INFO     | historical_fetcher | [AMAT.ETORO] Delta-Update: Fetch ab 2026-06-04T05:59:59+00:00 rückwärts bis 2025-11-13T05:40:20.642617+00:00
2026-06-11 07:40:47,674 | DEBUG    | historical_fetcher | [AMAT.ETORO] OneHour: 1000 Candles, älteste: 2026-04-10T01:00:00+00:00
2026-06-11 07:40:48,890 | INFO     | historical_fetcher | [AMAT.ETORO] Historische Tiefe für OneHour erreicht.
2026-06-11 07:40:49,006 | DEBUG    | historical_fetcher | [AMAT.ETORO] OneDay: 1000 Candles, älteste: 2022-05-09T00:00:00+00:00
2026-06-11 07:40:50,108 | INFO     | historical_fetcher | [AMAT.ETORO] Ziel-Startdatum mit OneDay erreicht.
2026-06-11 07:40:50,132 | INFO     | historical_fetcher | [AMAT.ETORO] 1142 Candles → speichere (price_prec=2).
2026-06-11 07:40:50,136 | DEBUG    | historical_fetcher | [api_backfiller] AMAT.ETORO: 1258→1099 Zeilen (-159 Duplikate)
2026-06-11 07:40:50,137 | INFO     | historical_fetcher | [api_backfiller] AMAT.ETORO: 1099 Zeilen gespeichert (price_prec=2, size_prec=2) → data.parquet
2026-06-11 07:40:51,243 | INFO     | historical_fetcher | [AMD.ETORO] Delta-Update: Fetch ab 2026-06-04T05:59:59+00:00 rückwärts bis 2025-11-13T05:40:20.642617+00:00
2026-06-11 07:40:51,463 | DEBUG    | historical_fetcher | [AMD.ETORO] OneHour: 1000 Candles, älteste: 2026-04-10T01:00:00+00:00
2026-06-11 07:40:52,676 | INFO     | historical_fetcher | [AMD.ETORO] Historische Tiefe für OneHour erreicht.
2026-06-11 07:40:52,897 | DEBUG    | historical_fetcher | [AMD.ETORO] OneDay: 1000 Candles, älteste: 2022-05-09T00:00:00+00:00
2026-06-11 07:40:53,998 | INFO     | historical_fetcher | [AMD.ETORO] Ziel-Startdatum mit OneDay erreicht.
2026-06-11 07:40:54,033 | INFO     | historical_fetcher | [AMD.ETORO] 1142 Candles → speichere (price_prec=2).
2026-06-11 07:40:54,039 | DEBUG    | historical_fetcher | [api_backfiller] AMD.ETORO: 1258→1099 Zeilen (-159 Duplikate)
2026-06-11 07:40:54,041 | INFO     | historical_fetcher | [api_backfiller] AMD.ETORO: 1099 Zeilen gespeichert (price_prec=2, size_prec=2) → data.parquet
2026-06-11 07:40:55,147 | INFO     | historical_fetcher | [AMKR.ETORO] Delta-Update: Fetch ab 2026-06-04T12:59:59+00:00 rückwärts bis 2025-11-13T05:40:20.642617+00:00
2026-06-11 07:40:55,282 | DEBUG    | historical_fetcher | [AMKR.ETORO] OneHour: 1000 Candles, älteste: 2025-11-11T15:00:00+00:00
2026-06-11 07:40:56,384 | INFO     | historical_fetcher | [AMKR.ETORO] Ziel-Startdatum mit OneHour erreicht.
2026-06-11 07:40:56,402 | INFO     | historical_fetcher | [AMKR.ETORO] 987 Candles → speichere (price_prec=2).
2026-06-11 07:40:56,411 | DEBUG    | historical_fetcher | [api_backfiller] AMKR.ETORO: 1022→987 Zeilen (-35 Duplikate)
2026-06-11 07:40:56,415 | INFO     | historical_fetcher | [api_backfiller] AMKR.ETORO: 987 Zeilen gespeichert (price_prec=2, size_prec=2) → data.parquet
2026-06-11 07:40:57,521 | INFO     | historical_fetcher | [ASX.ETORO] Delta-Update: Fetch ab 2026-06-04T12:59:59+00:00 rückwärts bis 2025-11-13T05:40:20.642617+00:00
2026-06-11 07:40:57,710 | DEBUG    | historical_fetcher | [ASX.ETORO] OneHour: 1000 Candles, älteste: 2025-11-11T14:00:00+00:00
2026-06-11 07:40:58,811 | INFO     | historical_fetcher | [ASX.ETORO] Ziel-Startdatum mit OneHour erreicht.
2026-06-11 07:40:58,822 | INFO     | historical_fetcher | [ASX.ETORO] 986 Candles → speichere (price_prec=2).
2026-06-11 07:40:58,827 | DEBUG    | historical_fetcher | [api_backfiller] ASX.ETORO: 1021→986 Zeilen (-35 Duplikate)
2026-06-11 07:40:58,832 | INFO     | historical_fetcher | [api_backfiller] ASX.ETORO: 986 Zeilen gespeichert (price_prec=2, size_prec=2) → data.parquet
2026-06-11 07:40:59,938 | INFO     | historical_fetcher | [AVAX.ETORO] Delta-Update: Fetch ab 2026-06-04T05:59:59+00:00 rückwärts bis 2025-11-13T05:40:20.642617+00:00
2026-06-11 07:41:00,167 | DEBUG    | historical_fetcher | [AVAX.ETORO] OneHour: 1000 Candles, älteste: 2026-04-30T14:00:00+00:00
2026-06-11 07:41:01,497 | INFO     | historical_fetcher | [AVAX.ETORO] Historische Tiefe für OneHour erreicht.
2026-06-11 07:41:01,704 | DEBUG    | historical_fetcher | [AVAX.ETORO] OneDay: 1000 Candles, älteste: 2023-09-19T00:00:00+00:00
2026-06-11 07:41:02,806 | INFO     | historical_fetcher | [AVAX.ETORO] Ziel-Startdatum mit OneDay erreicht.
2026-06-11 07:41:02,836 | INFO     | historical_fetcher | [AVAX.ETORO] 1210 Candles → speichere (price_prec=2).
2026-06-11 07:41:02,840 | DEBUG    | historical_fetcher | [api_backfiller] AVAX.ETORO: 1378→1168 Zeilen (-210 Duplikate)
2026-06-11 07:41:02,841 | INFO     | historical_fetcher | [api_backfiller] AVAX.ETORO: 1168 Zeilen gespeichert (price_prec=2, size_prec=8) → data.parquet
2026-06-11 07:41:03,948 | INFO     | historical_fetcher | [AXON.ETORO] Delta-Update: Fetch ab 2026-06-04T05:59:59+00:00 rückwärts bis 2025-11-13T05:40:20.642617+00:00
2026-06-11 07:41:04,170 | DEBUG    | historical_fetcher | [AXON.ETORO] OneHour: 1000 Candles, älteste: 2026-04-09T12:00:00+00:00
2026-06-11 07:41:05,555 | INFO     | historical_fetcher | [AXON.ETORO] Historische Tiefe für OneHour erreicht.
2026-06-11 07:41:05,701 | DEBUG    | historical_fetcher | [AXON.ETORO] OneDay: 1000 Candles, älteste: 2022-05-09T00:00:00+00:00
2026-06-11 07:41:06,803 | INFO     | historical_fetcher | [AXON.ETORO] Ziel-Startdatum mit OneDay erreicht.
2026-06-11 07:41:06,832 | INFO     | historical_fetcher | [AXON.ETORO] 1142 Candles → speichere (price_prec=2).
2026-06-11 07:41:06,840 | DEBUG    | historical_fetcher | [api_backfiller] AXON.ETORO: 1249→1099 Zeilen (-150 Duplikate)
2026-06-11 07:41:06,842 | INFO     | historical_fetcher | [api_backfiller] AXON.ETORO: 1099 Zeilen gespeichert (price_prec=2, size_prec=2) → data.parquet
2026-06-11 07:41:07,948 | INFO     | historical_fetcher | [BTC.ETORO] Delta-Update: Fetch ab 2026-06-04T05:59:59+00:00 rückwärts bis 2025-11-13T05:40:20.642617+00:00
2026-06-11 07:41:08,155 | DEBUG    | historical_fetcher | [BTC.ETORO] OneHour: 1000 Candles, älteste: 2026-04-30T13:00:00+00:00
2026-06-11 07:41:09,492 | INFO     | historical_fetcher | [BTC.ETORO] Historische Tiefe für OneHour erreicht.
2026-06-11 07:41:09,691 | DEBUG    | historical_fetcher | [BTC.ETORO] OneDay: 1000 Candles, älteste: 2023-09-19T00:00:00+00:00
2026-06-11 07:41:10,792 | INFO     | historical_fetcher | [BTC.ETORO] Ziel-Startdatum mit OneDay erreicht.
2026-06-11 07:41:10,823 | INFO     | historical_fetcher | [BTC.ETORO] 1210 Candles → speichere (price_prec=2).
2026-06-11 07:41:10,829 | DEBUG    | historical_fetcher | [api_backfiller] BTC.ETORO: 1378→1168 Zeilen (-210 Duplikate)
2026-06-11 07:41:10,831 | INFO     | historical_fetcher | [api_backfiller] BTC.ETORO: 1168 Zeilen gespeichert (price_prec=2, size_prec=8) → data.parquet
2026-06-11 07:41:11,935 | INFO     | historical_fetcher | [CAG.ETORO] Delta-Update: Fetch ab 2026-06-04T05:59:59+00:00 rückwärts bis 2025-11-13T05:40:20.642617+00:00
2026-06-11 07:41:12,152 | DEBUG    | historical_fetcher | [CAG.ETORO] OneHour: 1000 Candles, älteste: 2026-04-09T08:00:00+00:00
2026-06-11 07:41:13,486 | INFO     | historical_fetcher | [CAG.ETORO] Historische Tiefe für OneHour erreicht.
2026-06-11 07:41:13,615 | DEBUG    | historical_fetcher | [CAG.ETORO] OneDay: 1000 Candles, älteste: 2022-05-09T00:00:00+00:00
2026-06-11 07:41:14,716 | INFO     | historical_fetcher | [CAG.ETORO] Ziel-Startdatum mit OneDay erreicht.
2026-06-11 07:41:14,742 | INFO     | historical_fetcher | [CAG.ETORO] 1142 Candles → speichere (price_prec=2).
2026-06-11 07:41:14,746 | DEBUG    | historical_fetcher | [api_backfiller] CAG.ETORO: 1253→1098 Zeilen (-155 Duplikate)
2026-06-11 07:41:14,748 | INFO     | historical_fetcher | [api_backfiller] CAG.ETORO: 1098 Zeilen gespeichert (price_prec=2, size_prec=2) → data.parquet
2026-06-11 07:41:15,854 | INFO     | historical_fetcher | [CAT.ETORO] Delta-Update: Fetch ab 2026-06-04T05:59:59+00:00 rückwärts bis 2025-11-13T05:40:20.642617+00:00
2026-06-11 07:41:16,039 | DEBUG    | historical_fetcher | [CAT.ETORO] OneHour: 1000 Candles, älteste: 2026-04-10T01:00:00+00:00
2026-06-11 07:41:17,371 | INFO     | historical_fetcher | [CAT.ETORO] Historische Tiefe für OneHour erreicht.
2026-06-11 07:41:17,507 | DEBUG    | historical_fetcher | [CAT.ETORO] OneDay: 1000 Candles, älteste: 2022-05-10T00:00:00+00:00
2026-06-11 07:41:18,608 | INFO     | historical_fetcher | [CAT.ETORO] Ziel-Startdatum mit OneDay erreicht.
2026-06-11 07:41:18,631 | INFO     | historical_fetcher | [CAT.ETORO] 1142 Candles → speichere (price_prec=2).
2026-06-11 07:41:18,634 | DEBUG    | historical_fetcher | [api_backfiller] CAT.ETORO: 1258→1099 Zeilen (-159 Duplikate)
2026-06-11 07:41:18,636 | INFO     | historical_fetcher | [api_backfiller] CAT.ETORO: 1099 Zeilen gespeichert (price_prec=2, size_prec=2) → data.parquet
2026-06-11 07:41:19,741 | INFO     | historical_fetcher | [CCL.ETORO] Delta-Update: Fetch ab 2026-06-04T05:59:59+00:00 rückwärts bis 2025-11-13T05:40:20.642617+00:00
2026-06-11 07:41:19,930 | DEBUG    | historical_fetcher | [CCL.ETORO] OneHour: 1000 Candles, älteste: 2026-04-09T01:00:00+00:00
2026-06-11 07:41:21,165 | INFO     | historical_fetcher | [CCL.ETORO] Historische Tiefe für OneHour erreicht.
2026-06-11 07:41:21,371 | DEBUG    | historical_fetcher | [CCL.ETORO] OneDay: 1000 Candles, älteste: 2022-05-06T00:00:00+00:00
2026-06-11 07:41:22,472 | INFO     | historical_fetcher | [CCL.ETORO] Ziel-Startdatum mit OneDay erreicht.
2026-06-11 07:41:22,497 | INFO     | historical_fetcher | [CCL.ETORO] 1141 Candles → speichere (price_prec=2).
2026-06-11 07:41:22,501 | DEBUG    | historical_fetcher | [api_backfiller] CCL.ETORO: 1257→1099 Zeilen (-158 Duplikate)
2026-06-11 07:41:22,503 | INFO     | historical_fetcher | [api_backfiller] CCL.ETORO: 1099 Zeilen gespeichert (price_prec=2, size_prec=2) → data.parquet
2026-06-11 07:41:23,609 | INFO     | historical_fetcher | [CHTR.ETORO] Delta-Update: Fetch ab 2026-06-04T05:59:59+00:00 rückwärts bis 2025-11-13T05:40:20.642617+00:00
2026-06-11 07:41:23,828 | DEBUG    | historical_fetcher | [CHTR.ETORO] OneHour: 1000 Candles, älteste: 2026-04-07T19:00:00+00:00
2026-06-11 07:41:25,154 | INFO     | historical_fetcher | [CHTR.ETORO] Historische Tiefe für OneHour erreicht.
2026-06-11 07:41:25,461 | DEBUG    | historical_fetcher | [CHTR.ETORO] OneDay: 1000 Candles, älteste: 2022-05-09T00:00:00+00:00
2026-06-11 07:41:26,562 | INFO     | historical_fetcher | [CHTR.ETORO] Ziel-Startdatum mit OneDay erreicht.
2026-06-11 07:41:26,580 | INFO     | historical_fetcher | [CHTR.ETORO] 1142 Candles → speichere (price_prec=2).
2026-06-11 07:41:26,584 | DEBUG    | historical_fetcher | [api_backfiller] CHTR.ETORO: 1253→1096 Zeilen (-157 Duplikate)
2026-06-11 07:41:26,586 | INFO     | historical_fetcher | [api_backfiller] CHTR.ETORO: 1096 Zeilen gespeichert (price_prec=2, size_prec=2) → data.parquet
2026-06-11 07:41:27,689 | INFO     | historical_fetcher | [CIEN.ETORO] Delta-Update: Fetch ab 2026-06-04T12:59:59+00:00 rückwärts bis 2025-11-13T05:40:20.642617+00:00
2026-06-11 07:41:27,925 | DEBUG    | historical_fetcher | [CIEN.ETORO] OneHour: 1000 Candles, älteste: 2025-11-11T14:00:00+00:00
2026-06-11 07:41:29,027 | INFO     | historical_fetcher | [CIEN.ETORO] Ziel-Startdatum mit OneHour erreicht.
2026-06-11 07:41:29,031 | INFO     | historical_fetcher | [CIEN.ETORO] 986 Candles → speichere (price_prec=2).
2026-06-11 07:41:29,035 | DEBUG    | historical_fetcher | [api_backfiller] CIEN.ETORO: 1021→986 Zeilen (-35 Duplikate)
2026-06-11 07:41:29,037 | INFO     | historical_fetcher | [api_backfiller] CIEN.ETORO: 986 Zeilen gespeichert (price_prec=2, size_prec=2) → data.parquet
2026-06-11 07:41:30,142 | INFO     | historical_fetcher | [CMG.ETORO] Delta-Update: Fetch ab 2026-06-04T05:59:59+00:00 rückwärts bis 2025-11-13T05:40:20.642617+00:00
2026-06-11 07:41:30,375 | DEBUG    | historical_fetcher | [CMG.ETORO] OneHour: 1000 Candles, älteste: 2026-04-09T08:00:00+00:00
2026-06-11 07:41:31,629 | INFO     | historical_fetcher | [CMG.ETORO] Historische Tiefe für OneHour erreicht.
2026-06-11 07:41:31,822 | DEBUG    | historical_fetcher | [CMG.ETORO] OneDay: 1000 Candles, älteste: 2022-05-09T00:00:00+00:00
2026-06-11 07:41:32,924 | INFO     | historical_fetcher | [CMG.ETORO] Ziel-Startdatum mit OneDay erreicht.
2026-06-11 07:41:32,952 | INFO     | historical_fetcher | [CMG.ETORO] 1142 Candles → speichere (price_prec=2).
2026-06-11 07:41:32,955 | DEBUG    | historical_fetcher | [api_backfiller] CMG.ETORO: 1258→1098 Zeilen (-160 Duplikate)
2026-06-11 07:41:32,957 | INFO     | historical_fetcher | [api_backfiller] CMG.ETORO: 1098 Zeilen gespeichert (price_prec=2, size_prec=2) → data.parquet
2026-06-11 07:41:34,063 | INFO     | historical_fetcher | [COHR.ETORO] Delta-Update: Fetch ab 2026-06-04T12:59:59+00:00 rückwärts bis 2025-11-13T05:40:20.642617+00:00
2026-06-11 07:41:34,214 | DEBUG    | historical_fetcher | [COHR.ETORO] OneHour: 1000 Candles, älteste: 2025-11-11T14:00:00+00:00
2026-06-11 07:41:35,315 | INFO     | historical_fetcher | [COHR.ETORO] Ziel-Startdatum mit OneHour erreicht.
2026-06-11 07:41:35,340 | INFO     | historical_fetcher | [COHR.ETORO] 986 Candles → speichere (price_prec=2).
2026-06-11 07:41:35,343 | DEBUG    | historical_fetcher | [api_backfiller] COHR.ETORO: 1021→986 Zeilen (-35 Duplikate)
2026-06-11 07:41:35,345 | INFO     | historical_fetcher | [api_backfiller] COHR.ETORO: 986 Zeilen gespeichert (price_prec=2, size_prec=2) → data.parquet
2026-06-11 07:41:36,450 | INFO     | historical_fetcher | [CPRT.ETORO] Delta-Update: Fetch ab 2026-06-04T05:59:59+00:00 rückwärts bis 2025-11-13T05:40:20.642617+00:00
2026-06-11 07:41:36,724 | DEBUG    | historical_fetcher | [CPRT.ETORO] OneHour: 1000 Candles, älteste: 2026-04-09T11:00:00+00:00
2026-06-11 07:41:38,055 | INFO     | historical_fetcher | [CPRT.ETORO] Historische Tiefe für OneHour erreicht.
2026-06-11 07:41:38,568 | DEBUG    | historical_fetcher | [CPRT.ETORO] OneDay: 1000 Candles, älteste: 2022-05-09T00:00:00+00:00
2026-06-11 07:41:39,669 | INFO     | historical_fetcher | [CPRT.ETORO] Ziel-Startdatum mit OneDay erreicht.
2026-06-11 07:41:39,683 | INFO     | historical_fetcher | [CPRT.ETORO] 1142 Candles → speichere (price_prec=2).
2026-06-11 07:41:39,689 | DEBUG    | historical_fetcher | [api_backfiller] CPRT.ETORO: 1256→1098 Zeilen (-158 Duplikate)
2026-06-11 07:41:39,691 | INFO     | historical_fetcher | [api_backfiller] CPRT.ETORO: 1098 Zeilen gespeichert (price_prec=2, size_prec=2) → data.parquet
2026-06-11 07:41:40,797 | INFO     | historical_fetcher | [CRM.ETORO] Delta-Update: Fetch ab 2026-06-04T05:59:59+00:00 rückwärts bis 2025-11-13T05:40:20.642617+00:00
2026-06-11 07:41:40,918 | DEBUG    | historical_fetcher | [CRM.ETORO] OneHour: 1000 Candles, älteste: 2026-04-10T01:00:00+00:00
2026-06-11 07:41:42,254 | INFO     | historical_fetcher | [CRM.ETORO] Historische Tiefe für OneHour erreicht.
2026-06-11 07:41:42,377 | DEBUG    | historical_fetcher | [CRM.ETORO] OneDay: 1000 Candles, älteste: 2022-05-09T00:00:00+00:00
2026-06-11 07:41:43,479 | INFO     | historical_fetcher | [CRM.ETORO] Ziel-Startdatum mit OneDay erreicht.
2026-06-11 07:41:43,506 | INFO     | historical_fetcher | [CRM.ETORO] 1142 Candles → speichere (price_prec=2).
2026-06-11 07:41:43,511 | DEBUG    | historical_fetcher | [api_backfiller] CRM.ETORO: 1258→1099 Zeilen (-159 Duplikate)
2026-06-11 07:41:43,512 | INFO     | historical_fetcher | [api_backfiller] CRM.ETORO: 1099 Zeilen gespeichert (price_prec=2, size_prec=2) → data.parquet
2026-06-11 07:41:44,618 | INFO     | historical_fetcher | [DOCU.ETORO] Delta-Update: Fetch ab 2026-06-04T12:59:59+00:00 rückwärts bis 2025-11-13T05:40:20.642617+00:00
2026-06-11 07:41:44,750 | DEBUG    | historical_fetcher | [DOCU.ETORO] OneHour: 1000 Candles, älteste: 2025-11-11T15:00:00+00:00
2026-06-11 07:41:45,851 | INFO     | historical_fetcher | [DOCU.ETORO] Ziel-Startdatum mit OneHour erreicht.
2026-06-11 07:41:45,869 | INFO     | historical_fetcher | [DOCU.ETORO] 987 Candles → speichere (price_prec=2).
2026-06-11 07:41:45,879 | DEBUG    | historical_fetcher | [api_backfiller] DOCU.ETORO: 1022→987 Zeilen (-35 Duplikate)
2026-06-11 07:41:45,880 | INFO     | historical_fetcher | [api_backfiller] DOCU.ETORO: 987 Zeilen gespeichert (price_prec=2, size_prec=2) → data.parquet
2026-06-11 07:41:46,987 | INFO     | historical_fetcher | [DOGE.ETORO] Delta-Update: Fetch ab 2026-06-04T05:59:59+00:00 rückwärts bis 2025-11-13T05:40:20.642617+00:00
2026-06-11 07:41:47,114 | DEBUG    | historical_fetcher | [DOGE.ETORO] OneHour: 1000 Candles, älteste: 2026-04-30T14:00:00+00:00
2026-06-11 07:41:48,331 | INFO     | historical_fetcher | [DOGE.ETORO] Historische Tiefe für OneHour erreicht.
2026-06-11 07:41:48,442 | DEBUG    | historical_fetcher | [DOGE.ETORO] OneDay: 1000 Candles, älteste: 2023-09-19T00:00:00+00:00
2026-06-11 07:41:49,543 | INFO     | historical_fetcher | [DOGE.ETORO] Ziel-Startdatum mit OneDay erreicht.
2026-06-11 07:41:49,572 | INFO     | historical_fetcher | [DOGE.ETORO] 1210 Candles → speichere (price_prec=2).
2026-06-11 07:41:49,579 | DEBUG    | historical_fetcher | [api_backfiller] DOGE.ETORO: 1378→1168 Zeilen (-210 Duplikate)
2026-06-11 07:41:49,581 | INFO     | historical_fetcher | [api_backfiller] DOGE.ETORO: 1168 Zeilen gespeichert (price_prec=2, size_prec=8) → data.parquet
2026-06-11 07:41:50,687 | INFO     | historical_fetcher | [DUOL.ETORO] Delta-Update: Fetch ab 2026-06-04T05:59:59+00:00 rückwärts bis 2025-11-13T05:40:20.642617+00:00
2026-06-11 07:41:50,857 | DEBUG    | historical_fetcher | [DUOL.ETORO] OneHour: 1000 Candles, älteste: 2026-04-09T22:00:00+00:00
2026-06-11 07:41:52,116 | INFO     | historical_fetcher | [DUOL.ETORO] Historische Tiefe für OneHour erreicht.
2026-06-11 07:41:52,236 | DEBUG    | historical_fetcher | [DUOL.ETORO] OneDay: 1000 Candles, älteste: 2022-05-09T00:00:00+00:00
2026-06-11 07:41:53,338 | INFO     | historical_fetcher | [DUOL.ETORO] Ziel-Startdatum mit OneDay erreicht.
2026-06-11 07:41:53,365 | INFO     | historical_fetcher | [DUOL.ETORO] 1142 Candles → speichere (price_prec=2).
2026-06-11 07:41:53,369 | DEBUG    | historical_fetcher | [api_backfiller] DUOL.ETORO: 1258→1099 Zeilen (-159 Duplikate)
2026-06-11 07:41:53,371 | INFO     | historical_fetcher | [api_backfiller] DUOL.ETORO: 1099 Zeilen gespeichert (price_prec=2, size_prec=2) → data.parquet
2026-06-11 07:41:54,477 | INFO     | historical_fetcher | [E.ETORO] Delta-Update: Fetch ab 2026-06-04T12:59:59+00:00 rückwärts bis 2025-11-13T05:40:20.642617+00:00
2026-06-11 07:41:54,626 | DEBUG    | historical_fetcher | [E.ETORO] OneHour: 1000 Candles, älteste: 2025-11-11T14:00:00+00:00
2026-06-11 07:41:55,728 | INFO     | historical_fetcher | [E.ETORO] Ziel-Startdatum mit OneHour erreicht.
2026-06-11 07:41:55,745 | INFO     | historical_fetcher | [E.ETORO] 986 Candles → speichere (price_prec=2).
2026-06-11 07:41:55,749 | DEBUG    | historical_fetcher | [api_backfiller] E.ETORO: 1021→986 Zeilen (-35 Duplikate)
2026-06-11 07:41:55,750 | INFO     | historical_fetcher | [api_backfiller] E.ETORO: 986 Zeilen gespeichert (price_prec=2, size_prec=2) → data.parquet
2026-06-11 07:41:56,856 | INFO     | historical_fetcher | [EEFT.ETORO] Delta-Update: Fetch ab 2026-06-04T12:59:59+00:00 rückwärts bis 2025-11-13T05:40:20.642617+00:00
2026-06-11 07:41:57,000 | DEBUG    | historical_fetcher | [EEFT.ETORO] OneHour: 1000 Candles, älteste: 2025-11-11T15:00:00+00:00
2026-06-11 07:41:58,101 | INFO     | historical_fetcher | [EEFT.ETORO] Ziel-Startdatum mit OneHour erreicht.
2026-06-11 07:41:58,121 | INFO     | historical_fetcher | [EEFT.ETORO] 987 Candles → speichere (price_prec=2).
2026-06-11 07:41:58,133 | DEBUG    | historical_fetcher | [api_backfiller] EEFT.ETORO: 1022→987 Zeilen (-35 Duplikate)
2026-06-11 07:41:58,136 | INFO     | historical_fetcher | [api_backfiller] EEFT.ETORO: 987 Zeilen gespeichert (price_prec=2, size_prec=2) → data.parquet
2026-06-11 07:41:59,242 | INFO     | historical_fetcher | [ELF.ETORO] Delta-Update: Fetch ab 2026-06-04T12:59:59+00:00 rückwärts bis 2025-11-13T05:40:20.642617+00:00
2026-06-11 07:41:59,462 | DEBUG    | historical_fetcher | [ELF.ETORO] OneHour: 1000 Candles, älteste: 2025-11-10T19:00:00+00:00
2026-06-11 07:42:00,564 | INFO     | historical_fetcher | [ELF.ETORO] Ziel-Startdatum mit OneHour erreicht.
2026-06-11 07:42:00,582 | INFO     | historical_fetcher | [ELF.ETORO] 984 Candles → speichere (price_prec=2).
2026-06-11 07:42:00,591 | DEBUG    | historical_fetcher | [api_backfiller] ELF.ETORO: 1019→984 Zeilen (-35 Duplikate)
2026-06-11 07:42:00,593 | INFO     | historical_fetcher | [api_backfiller] ELF.ETORO: 984 Zeilen gespeichert (price_prec=2, size_prec=2) → data.parquet
2026-06-11 07:42:01,698 | INFO     | historical_fetcher | [ESLT.ETORO] Delta-Update: Fetch ab 2026-06-04T12:59:59+00:00 rückwärts bis 2025-11-13T05:40:20.642617+00:00
2026-06-11 07:42:02,634 | DEBUG    | historical_fetcher | [ESLT.ETORO] OneHour: 953 Candles, älteste: 2025-11-20T14:00:00+00:00
2026-06-11 07:42:03,874 | INFO     | historical_fetcher | [ESLT.ETORO] Historische Tiefe für OneHour erreicht.
2026-06-11 07:42:03,975 | DEBUG    | historical_fetcher | [ESLT.ETORO] OneDay: 130 Candles, älteste: 2025-11-20T00:00:00+00:00
2026-06-11 07:42:05,161 | INFO     | historical_fetcher | [ESLT.ETORO] Historische Tiefe für OneDay erreicht.
2026-06-11 07:42:05,166 | INFO     | historical_fetcher | [ESLT.ETORO] Maximale historische Tiefe aufgezeichnet. Inception-Bound im Cache registriert: 2026-06-04T13:00:00+00:00
2026-06-11 07:42:05,178 | INFO     | historical_fetcher | [ESLT.ETORO] 1083 Candles → speichere (price_prec=2).
2026-06-11 07:42:05,186 | DEBUG    | historical_fetcher | [api_backfiller] ESLT.ETORO: 1118→1083 Zeilen (-35 Duplikate)
2026-06-11 07:42:05,188 | INFO     | historical_fetcher | [api_backfiller] ESLT.ETORO: 1083 Zeilen gespeichert (price_prec=2, size_prec=2) → data.parquet
2026-06-11 07:42:05,191 | INFO     | historical_fetcher | [ESLT.ETORO] Maximale historische Tiefe aufgezeichnet. Inception-Bound im Cache registriert: 2025-11-20T00:00:00+00:00
2026-06-11 07:42:06,296 | INFO     | historical_fetcher | [ETH.ETORO] Delta-Update: Fetch ab 2026-06-04T05:59:59+00:00 rückwärts bis 2025-11-13T05:40:20.642617+00:00
2026-06-11 07:42:06,524 | DEBUG    | historical_fetcher | [ETH.ETORO] OneHour: 1000 Candles, älteste: 2026-04-30T13:00:00+00:00
2026-06-11 07:42:07,748 | INFO     | historical_fetcher | [ETH.ETORO] Historische Tiefe für OneHour erreicht.
2026-06-11 07:42:07,961 | DEBUG    | historical_fetcher | [ETH.ETORO] OneDay: 1000 Candles, älteste: 2023-09-19T00:00:00+00:00
2026-06-11 07:42:09,062 | INFO     | historical_fetcher | [ETH.ETORO] Ziel-Startdatum mit OneDay erreicht.
2026-06-11 07:42:09,089 | INFO     | historical_fetcher | [ETH.ETORO] 1210 Candles → speichere (price_prec=2).
2026-06-11 07:42:09,093 | DEBUG    | historical_fetcher | [api_backfiller] ETH.ETORO: 1378→1168 Zeilen (-210 Duplikate)
2026-06-11 07:42:09,095 | INFO     | historical_fetcher | [api_backfiller] ETH.ETORO: 1168 Zeilen gespeichert (price_prec=2, size_prec=8) → data.parquet
2026-06-11 07:42:10,200 | INFO     | historical_fetcher | [FDX.ETORO] Delta-Update: Fetch ab 2026-06-04T05:59:59+00:00 rückwärts bis 2025-11-13T05:40:20.642617+00:00
2026-06-11 07:42:10,325 | DEBUG    | historical_fetcher | [FDX.ETORO] OneHour: 1000 Candles, älteste: 2026-04-08T05:00:00+00:00
2026-06-11 07:42:11,643 | INFO     | historical_fetcher | [FDX.ETORO] Historische Tiefe für OneHour erreicht.
2026-06-11 07:42:11,759 | DEBUG    | historical_fetcher | [FDX.ETORO] OneDay: 1000 Candles, älteste: 2022-05-10T00:00:00+00:00
2026-06-11 07:42:12,861 | INFO     | historical_fetcher | [FDX.ETORO] Ziel-Startdatum mit OneDay erreicht.
2026-06-11 07:42:12,890 | INFO     | historical_fetcher | [FDX.ETORO] 1142 Candles → speichere (price_prec=2).
2026-06-11 07:42:12,897 | DEBUG    | historical_fetcher | [api_backfiller] FDX.ETORO: 1250→1098 Zeilen (-152 Duplikate)
2026-06-11 07:42:12,899 | INFO     | historical_fetcher | [api_backfiller] FDX.ETORO: 1098 Zeilen gespeichert (price_prec=2, size_prec=2) → data.parquet
2026-06-11 07:42:14,005 | INFO     | historical_fetcher | [FICO.ETORO] Delta-Update: Fetch ab 2026-06-04T05:59:59+00:00 rückwärts bis 2025-11-13T05:40:20.642617+00:00
2026-06-11 07:42:14,140 | DEBUG    | historical_fetcher | [FICO.ETORO] OneHour: 1000 Candles, älteste: 2026-04-06T17:00:00+00:00
2026-06-11 07:42:15,534 | INFO     | historical_fetcher | [FICO.ETORO] Historische Tiefe für OneHour erreicht.
2026-06-11 07:42:15,668 | DEBUG    | historical_fetcher | [FICO.ETORO] OneDay: 1000 Candles, älteste: 2022-05-09T00:00:00+00:00
2026-06-11 07:42:16,769 | INFO     | historical_fetcher | [FICO.ETORO] Ziel-Startdatum mit OneDay erreicht.
2026-06-11 07:42:16,795 | INFO     | historical_fetcher | [FICO.ETORO] 1142 Candles → speichere (price_prec=2).
2026-06-11 07:42:16,800 | DEBUG    | historical_fetcher | [api_backfiller] FICO.ETORO: 1234→1096 Zeilen (-138 Duplikate)
2026-06-11 07:42:16,801 | INFO     | historical_fetcher | [api_backfiller] FICO.ETORO: 1096 Zeilen gespeichert (price_prec=2, size_prec=2) → data.parquet
2026-06-11 07:42:17,905 | INFO     | historical_fetcher | [FISV.ETORO] Delta-Update: Fetch ab 2026-06-04T05:59:59+00:00 rückwärts bis 2025-11-13T05:40:20.642617+00:00
2026-06-11 07:42:18,095 | DEBUG    | historical_fetcher | [FISV.ETORO] OneHour: 1000 Candles, älteste: 2026-04-09T04:00:00+00:00
2026-06-11 07:42:19,314 | INFO     | historical_fetcher | [FISV.ETORO] Historische Tiefe für OneHour erreicht.
2026-06-11 07:42:19,447 | DEBUG    | historical_fetcher | [FISV.ETORO] OneDay: 1000 Candles, älteste: 2022-05-09T00:00:00+00:00
2026-06-11 07:42:20,549 | INFO     | historical_fetcher | [FISV.ETORO] Ziel-Startdatum mit OneDay erreicht.
2026-06-11 07:42:20,573 | INFO     | historical_fetcher | [FISV.ETORO] 1142 Candles → speichere (price_prec=2).
2026-06-11 07:42:20,584 | DEBUG    | historical_fetcher | [api_backfiller] FISV.ETORO: 1255→1098 Zeilen (-157 Duplikate)
2026-06-11 07:42:20,586 | INFO     | historical_fetcher | [api_backfiller] FISV.ETORO: 1098 Zeilen gespeichert (price_prec=2, size_prec=2) → data.parquet
2026-06-11 07:42:21,689 | INFO     | historical_fetcher | [FRO.ETORO] Delta-Update: Fetch ab 2026-06-04T12:59:59+00:00 rückwärts bis 2025-11-13T05:40:20.642617+00:00
2026-06-11 07:42:21,889 | DEBUG    | historical_fetcher | [FRO.ETORO] OneHour: 1000 Candles, älteste: 2025-11-10T19:00:00+00:00
2026-06-11 07:42:22,991 | INFO     | historical_fetcher | [FRO.ETORO] Ziel-Startdatum mit OneHour erreicht.
2026-06-11 07:42:23,010 | INFO     | historical_fetcher | [FRO.ETORO] 984 Candles → speichere (price_prec=2).
2026-06-11 07:42:23,016 | DEBUG    | historical_fetcher | [api_backfiller] FRO.ETORO: 1019→984 Zeilen (-35 Duplikate)
2026-06-11 07:42:23,017 | INFO     | historical_fetcher | [api_backfiller] FRO.ETORO: 984 Zeilen gespeichert (price_prec=2, size_prec=2) → data.parquet
2026-06-11 07:42:24,123 | INFO     | historical_fetcher | [FSLY.ETORO] Delta-Update: Fetch ab 2026-06-04T12:59:59+00:00 rückwärts bis 2025-11-13T05:40:20.642617+00:00
2026-06-11 07:42:24,341 | DEBUG    | historical_fetcher | [FSLY.ETORO] OneHour: 1000 Candles, älteste: 2025-11-11T14:00:00+00:00
2026-06-11 07:42:25,443 | INFO     | historical_fetcher | [FSLY.ETORO] Ziel-Startdatum mit OneHour erreicht.
2026-06-11 07:42:25,467 | INFO     | historical_fetcher | [FSLY.ETORO] 986 Candles → speichere (price_prec=2).
2026-06-11 07:42:25,473 | DEBUG    | historical_fetcher | [api_backfiller] FSLY.ETORO: 1021→986 Zeilen (-35 Duplikate)
2026-06-11 07:42:25,475 | INFO     | historical_fetcher | [api_backfiller] FSLY.ETORO: 986 Zeilen gespeichert (price_prec=2, size_prec=2) → data.parquet
2026-06-11 07:42:26,581 | INFO     | historical_fetcher | [GEV.ETORO] Delta-Update: Fetch ab 2026-06-04T05:59:59+00:00 rückwärts bis 2025-11-13T05:40:20.642617+00:00
2026-06-11 07:42:26,803 | DEBUG    | historical_fetcher | [GEV.ETORO] OneHour: 1000 Candles, älteste: 2026-04-10T01:00:00+00:00
2026-06-11 07:42:28,134 | INFO     | historical_fetcher | [GEV.ETORO] Historische Tiefe für OneHour erreicht.
2026-06-11 07:42:28,231 | DEBUG    | historical_fetcher | [GEV.ETORO] OneDay: 538 Candles, älteste: 2023-03-25T00:00:00+00:00
2026-06-11 07:42:29,333 | INFO     | historical_fetcher | [GEV.ETORO] Ziel-Startdatum mit OneDay erreicht.
2026-06-11 07:42:29,357 | INFO     | historical_fetcher | [GEV.ETORO] 1142 Candles → speichere (price_prec=2).
2026-06-11 07:42:29,366 | DEBUG    | historical_fetcher | [api_backfiller] GEV.ETORO: 1258→1099 Zeilen (-159 Duplikate)
2026-06-11 07:42:29,368 | INFO     | historical_fetcher | [api_backfiller] GEV.ETORO: 1099 Zeilen gespeichert (price_prec=2, size_prec=2) → data.parquet
2026-06-11 07:42:30,474 | INFO     | historical_fetcher | [GIS.ETORO] Delta-Update: Fetch ab 2026-06-04T05:59:59+00:00 rückwärts bis 2025-11-13T05:40:20.642617+00:00
2026-06-11 07:42:30,595 | DEBUG    | historical_fetcher | [GIS.ETORO] OneHour: 1000 Candles, älteste: 2026-04-09T18:00:00+00:00
2026-06-11 07:42:31,923 | INFO     | historical_fetcher | [GIS.ETORO] Historische Tiefe für OneHour erreicht.
2026-06-11 07:42:32,124 | DEBUG    | historical_fetcher | [GIS.ETORO] OneDay: 1000 Candles, älteste: 2022-05-09T00:00:00+00:00
2026-06-11 07:42:33,225 | INFO     | historical_fetcher | [GIS.ETORO] Ziel-Startdatum mit OneDay erreicht.
2026-06-11 07:42:33,253 | INFO     | historical_fetcher | [GIS.ETORO] 1142 Candles → speichere (price_prec=2).
2026-06-11 07:42:33,258 | DEBUG    | historical_fetcher | [api_backfiller] GIS.ETORO: 1257→1098 Zeilen (-159 Duplikate)
2026-06-11 07:42:33,260 | INFO     | historical_fetcher | [api_backfiller] GIS.ETORO: 1098 Zeilen gespeichert (price_prec=2, size_prec=2) → data.parquet
2026-06-11 07:42:34,366 | INFO     | historical_fetcher | [GLW.ETORO] Delta-Update: Fetch ab 2026-06-04T05:59:59+00:00 rückwärts bis 2025-11-13T05:40:20.642617+00:00
2026-06-11 07:42:34,490 | DEBUG    | historical_fetcher | [GLW.ETORO] OneHour: 1000 Candles, älteste: 2026-04-10T01:00:00+00:00
2026-06-11 07:42:35,809 | INFO     | historical_fetcher | [GLW.ETORO] Historische Tiefe für OneHour erreicht.
2026-06-11 07:42:36,219 | DEBUG    | historical_fetcher | [GLW.ETORO] OneDay: 1000 Candles, älteste: 2022-05-09T00:00:00+00:00
2026-06-11 07:42:37,321 | INFO     | historical_fetcher | [GLW.ETORO] Ziel-Startdatum mit OneDay erreicht.
2026-06-11 07:42:37,351 | INFO     | historical_fetcher | [GLW.ETORO] 1142 Candles → speichere (price_prec=2).
2026-06-11 07:42:37,356 | DEBUG    | historical_fetcher | [api_backfiller] GLW.ETORO: 1258→1099 Zeilen (-159 Duplikate)
2026-06-11 07:42:37,358 | INFO     | historical_fetcher | [api_backfiller] GLW.ETORO: 1099 Zeilen gespeichert (price_prec=2, size_prec=2) → data.parquet
2026-06-11 07:42:38,464 | INFO     | historical_fetcher | [GOOG.ETORO] Delta-Update: Fetch ab 2026-06-04T05:59:59+00:00 rückwärts bis 2025-11-13T05:40:20.642617+00:00
2026-06-11 07:42:38,677 | DEBUG    | historical_fetcher | [GOOG.ETORO] OneHour: 1000 Candles, älteste: 2026-04-10T01:00:00+00:00
2026-06-11 07:42:40,008 | INFO     | historical_fetcher | [GOOG.ETORO] Historische Tiefe für OneHour erreicht.
2026-06-11 07:42:40,153 | DEBUG    | historical_fetcher | [GOOG.ETORO] OneDay: 1000 Candles, älteste: 2022-05-10T00:00:00+00:00
2026-06-11 07:42:41,254 | INFO     | historical_fetcher | [GOOG.ETORO] Ziel-Startdatum mit OneDay erreicht.
2026-06-11 07:42:41,277 | INFO     | historical_fetcher | [GOOG.ETORO] 1142 Candles → speichere (price_prec=2).
2026-06-11 07:42:41,284 | DEBUG    | historical_fetcher | [api_backfiller] GOOG.ETORO: 1258→1099 Zeilen (-159 Duplikate)
2026-06-11 07:42:41,286 | INFO     | historical_fetcher | [api_backfiller] GOOG.ETORO: 1099 Zeilen gespeichert (price_prec=2, size_prec=2) → data.parquet
2026-06-11 07:42:42,390 | INFO     | historical_fetcher | [GOOGL.ETORO] Delta-Update: Fetch ab 2026-06-04T05:59:59+00:00 rückwärts bis 2025-11-13T05:40:20.642617+00:00
2026-06-11 07:42:42,573 | DEBUG    | historical_fetcher | [GOOGL.ETORO] OneHour: 1000 Candles, älteste: 2026-04-10T01:00:00+00:00
2026-06-11 07:42:43,803 | INFO     | historical_fetcher | [GOOGL.ETORO] Historische Tiefe für OneHour erreicht.
2026-06-11 07:42:43,917 | DEBUG    | historical_fetcher | [GOOGL.ETORO] OneDay: 1000 Candles, älteste: 2022-05-09T00:00:00+00:00
2026-06-11 07:42:45,020 | INFO     | historical_fetcher | [GOOGL.ETORO] Ziel-Startdatum mit OneDay erreicht.
2026-06-11 07:42:45,042 | INFO     | historical_fetcher | [GOOGL.ETORO] 1142 Candles → speichere (price_prec=2).
2026-06-11 07:42:45,045 | DEBUG    | historical_fetcher | [api_backfiller] GOOGL.ETORO: 1258→1099 Zeilen (-159 Duplikate)
2026-06-11 07:42:45,046 | INFO     | historical_fetcher | [api_backfiller] GOOGL.ETORO: 1099 Zeilen gespeichert (price_prec=2, size_prec=2) → data.parquet
2026-06-11 07:42:46,153 | INFO     | historical_fetcher | [GSAT.ETORO] Delta-Update: Fetch ab 2026-06-04T12:59:59+00:00 rückwärts bis 2025-11-13T05:40:20.642617+00:00
2026-06-11 07:42:46,364 | DEBUG    | historical_fetcher | [GSAT.ETORO] OneHour: 1000 Candles, älteste: 2025-11-11T14:00:00+00:00
2026-06-11 07:42:47,465 | INFO     | historical_fetcher | [GSAT.ETORO] Ziel-Startdatum mit OneHour erreicht.
2026-06-11 07:42:47,483 | INFO     | historical_fetcher | [GSAT.ETORO] 986 Candles → speichere (price_prec=2).
2026-06-11 07:42:47,493 | DEBUG    | historical_fetcher | [api_backfiller] GSAT.ETORO: 1021→986 Zeilen (-35 Duplikate)
2026-06-11 07:42:47,495 | INFO     | historical_fetcher | [api_backfiller] GSAT.ETORO: 986 Zeilen gespeichert (price_prec=2, size_prec=2) → data.parquet
2026-06-11 07:42:48,601 | INFO     | historical_fetcher | [GTLB.ETORO] Delta-Update: Fetch ab 2026-06-04T12:59:59+00:00 rückwärts bis 2025-11-13T05:40:20.642617+00:00
2026-06-11 07:42:48,821 | DEBUG    | historical_fetcher | [GTLB.ETORO] OneHour: 1000 Candles, älteste: 2025-11-11T15:00:00+00:00
2026-06-11 07:42:49,923 | INFO     | historical_fetcher | [GTLB.ETORO] Ziel-Startdatum mit OneHour erreicht.
2026-06-11 07:42:49,946 | INFO     | historical_fetcher | [GTLB.ETORO] 987 Candles → speichere (price_prec=2).
2026-06-11 07:42:49,952 | DEBUG    | historical_fetcher | [api_backfiller] GTLB.ETORO: 1022→987 Zeilen (-35 Duplikate)
2026-06-11 07:42:49,954 | INFO     | historical_fetcher | [api_backfiller] GTLB.ETORO: 987 Zeilen gespeichert (price_prec=2, size_prec=2) → data.parquet
2026-06-11 07:42:51,060 | INFO     | historical_fetcher | [HAL.ETORO] Delta-Update: Fetch ab 2026-06-04T05:59:59+00:00 rückwärts bis 2025-11-13T05:40:20.642617+00:00
2026-06-11 07:42:51,272 | DEBUG    | historical_fetcher | [HAL.ETORO] OneHour: 1000 Candles, älteste: 2026-04-08T20:00:00+00:00
2026-06-11 07:42:52,609 | INFO     | historical_fetcher | [HAL.ETORO] Historische Tiefe für OneHour erreicht.
2026-06-11 07:42:52,729 | DEBUG    | historical_fetcher | [HAL.ETORO] OneDay: 1000 Candles, älteste: 2022-05-09T00:00:00+00:00
2026-06-11 07:42:53,831 | INFO     | historical_fetcher | [HAL.ETORO] Ziel-Startdatum mit OneDay erreicht.
2026-06-11 07:42:53,863 | INFO     | historical_fetcher | [HAL.ETORO] 1142 Candles → speichere (price_prec=2).
2026-06-11 07:42:53,868 | DEBUG    | historical_fetcher | [api_backfiller] HAL.ETORO: 1254→1097 Zeilen (-157 Duplikate)
2026-06-11 07:42:53,870 | INFO     | historical_fetcher | [api_backfiller] HAL.ETORO: 1097 Zeilen gespeichert (price_prec=2, size_prec=2) → data.parquet
2026-06-11 07:42:54,975 | INFO     | historical_fetcher | [HUBS.ETORO] Delta-Update: Fetch ab 2026-06-04T12:59:59+00:00 rückwärts bis 2025-11-13T05:40:20.642617+00:00
2026-06-11 07:42:55,169 | DEBUG    | historical_fetcher | [HUBS.ETORO] OneHour: 1000 Candles, älteste: 2025-11-11T14:00:00+00:00
2026-06-11 07:42:56,270 | INFO     | historical_fetcher | [HUBS.ETORO] Ziel-Startdatum mit OneHour erreicht.
2026-06-11 07:42:56,287 | INFO     | historical_fetcher | [HUBS.ETORO] 986 Candles → speichere (price_prec=2).
2026-06-11 07:42:56,296 | DEBUG    | historical_fetcher | [api_backfiller] HUBS.ETORO: 1021→986 Zeilen (-35 Duplikate)
2026-06-11 07:42:56,299 | INFO     | historical_fetcher | [api_backfiller] HUBS.ETORO: 986 Zeilen gespeichert (price_prec=2, size_prec=2) → data.parquet
2026-06-11 07:42:57,405 | INFO     | historical_fetcher | [HUT.ETORO] Delta-Update: Fetch ab 2026-06-04T12:59:59+00:00 rückwärts bis 2025-11-13T05:40:20.642617+00:00
2026-06-11 07:42:57,622 | DEBUG    | historical_fetcher | [HUT.ETORO] OneHour: 1000 Candles, älteste: 2025-11-11T15:00:00+00:00
2026-06-11 07:42:58,723 | INFO     | historical_fetcher | [HUT.ETORO] Ziel-Startdatum mit OneHour erreicht.
2026-06-11 07:42:58,740 | INFO     | historical_fetcher | [HUT.ETORO] 987 Candles → speichere (price_prec=2).
2026-06-11 07:42:58,749 | DEBUG    | historical_fetcher | [api_backfiller] HUT.ETORO: 1022→987 Zeilen (-35 Duplikate)
2026-06-11 07:42:58,751 | INFO     | historical_fetcher | [api_backfiller] HUT.ETORO: 987 Zeilen gespeichert (price_prec=2, size_prec=2) → data.parquet
2026-06-11 07:42:59,857 | INFO     | historical_fetcher | [HYPE.ETORO] Delta-Update: Fetch ab 2026-06-04T05:59:59+00:00 rückwärts bis 2025-11-13T05:40:20.642617+00:00
2026-06-11 07:42:59,981 | DEBUG    | historical_fetcher | [HYPE.ETORO] OneHour: 1000 Candles, älteste: 2026-04-30T14:00:00+00:00
2026-06-11 07:43:01,410 | INFO     | historical_fetcher | [HYPE.ETORO] Historische Tiefe für OneHour erreicht.
2026-06-11 07:43:01,612 | DEBUG    | historical_fetcher | [HYPE.ETORO] OneDay: 273 Candles, älteste: 2025-04-09T00:00:00+00:00
2026-06-11 07:43:02,713 | INFO     | historical_fetcher | [HYPE.ETORO] Ziel-Startdatum mit OneDay erreicht.
2026-06-11 07:43:02,720 | INFO     | historical_fetcher | [HYPE.ETORO] 1210 Candles → speichere (price_prec=2).
2026-06-11 07:43:02,727 | DEBUG    | historical_fetcher | [api_backfiller] HYPE.ETORO: 1378→1168 Zeilen (-210 Duplikate)
2026-06-11 07:43:02,732 | INFO     | historical_fetcher | [api_backfiller] HYPE.ETORO: 1168 Zeilen gespeichert (price_prec=2, size_prec=8) → data.parquet
2026-06-11 07:43:03,839 | INFO     | historical_fetcher | [INSM.ETORO] Delta-Update: Fetch ab 2026-06-04T12:59:59+00:00 rückwärts bis 2025-11-13T05:40:20.642617+00:00
2026-06-11 07:43:04,178 | DEBUG    | historical_fetcher | [INSM.ETORO] OneHour: 1000 Candles, älteste: 2025-11-11T15:00:00+00:00
2026-06-11 07:43:05,279 | INFO     | historical_fetcher | [INSM.ETORO] Ziel-Startdatum mit OneHour erreicht.
2026-06-11 07:43:05,284 | INFO     | historical_fetcher | [INSM.ETORO] 987 Candles → speichere (price_prec=2).
2026-06-11 07:43:05,288 | DEBUG    | historical_fetcher | [api_backfiller] INSM.ETORO: 1022→987 Zeilen (-35 Duplikate)
2026-06-11 07:43:05,289 | INFO     | historical_fetcher | [api_backfiller] INSM.ETORO: 987 Zeilen gespeichert (price_prec=2, size_prec=2) → data.parquet
2026-06-11 07:43:06,395 | INFO     | historical_fetcher | [INSW.ETORO] Delta-Update: Fetch ab 2026-06-04T12:59:59+00:00 rückwärts bis 2025-11-13T05:40:20.642617+00:00
2026-06-11 07:43:06,633 | DEBUG    | historical_fetcher | [INSW.ETORO] OneHour: 1000 Candles, älteste: 2025-11-10T20:00:00+00:00
2026-06-11 07:43:07,734 | INFO     | historical_fetcher | [INSW.ETORO] Ziel-Startdatum mit OneHour erreicht.
2026-06-11 07:43:07,752 | INFO     | historical_fetcher | [INSW.ETORO] 985 Candles → speichere (price_prec=2).
2026-06-11 07:43:07,761 | DEBUG    | historical_fetcher | [api_backfiller] INSW.ETORO: 1020→985 Zeilen (-35 Duplikate)
2026-06-11 07:43:07,763 | INFO     | historical_fetcher | [api_backfiller] INSW.ETORO: 985 Zeilen gespeichert (price_prec=2, size_prec=2) → data.parquet
2026-06-11 07:43:08,869 | INFO     | historical_fetcher | [INTU.ETORO] Delta-Update: Fetch ab 2026-06-04T05:59:59+00:00 rückwärts bis 2025-11-13T05:40:20.642617+00:00
2026-06-11 07:43:09,090 | DEBUG    | historical_fetcher | [INTU.ETORO] OneHour: 1000 Candles, älteste: 2026-04-09T20:00:00+00:00
2026-06-11 07:43:10,426 | INFO     | historical_fetcher | [INTU.ETORO] Historische Tiefe für OneHour erreicht.
2026-06-11 07:43:10,626 | DEBUG    | historical_fetcher | [INTU.ETORO] OneDay: 1000 Candles, älteste: 2022-05-09T00:00:00+00:00
2026-06-11 07:43:11,728 | INFO     | historical_fetcher | [INTU.ETORO] Ziel-Startdatum mit OneDay erreicht.
2026-06-11 07:43:11,763 | INFO     | historical_fetcher | [INTU.ETORO] 1142 Candles → speichere (price_prec=2).
2026-06-11 07:43:11,767 | DEBUG    | historical_fetcher | [api_backfiller] INTU.ETORO: 1258→1098 Zeilen (-160 Duplikate)
2026-06-11 07:43:11,768 | INFO     | historical_fetcher | [api_backfiller] INTU.ETORO: 1098 Zeilen gespeichert (price_prec=2, size_prec=2) → data.parquet
2026-06-11 07:43:12,874 | INFO     | historical_fetcher | [JAZZ.ETORO] Delta-Update: Fetch ab 2026-06-04T12:59:59+00:00 rückwärts bis 2025-11-13T05:40:20.642617+00:00
2026-06-11 07:43:13,036 | DEBUG    | historical_fetcher | [JAZZ.ETORO] OneHour: 1000 Candles, älteste: 2025-11-10T20:00:00+00:00
2026-06-11 07:43:14,138 | INFO     | historical_fetcher | [JAZZ.ETORO] Ziel-Startdatum mit OneHour erreicht.
2026-06-11 07:43:14,155 | INFO     | historical_fetcher | [JAZZ.ETORO] 985 Candles → speichere (price_prec=2).
2026-06-11 07:43:14,164 | DEBUG    | historical_fetcher | [api_backfiller] JAZZ.ETORO: 1020→985 Zeilen (-35 Duplikate)
2026-06-11 07:43:14,166 | INFO     | historical_fetcher | [api_backfiller] JAZZ.ETORO: 985 Zeilen gespeichert (price_prec=2, size_prec=2) → data.parquet
2026-06-11 07:43:15,272 | INFO     | historical_fetcher | [JNJ.ETORO] Delta-Update: Fetch ab 2026-06-04T05:59:59+00:00 rückwärts bis 2025-11-13T05:40:20.642617+00:00
2026-06-11 07:43:15,407 | DEBUG    | historical_fetcher | [JNJ.ETORO] OneHour: 1000 Candles, älteste: 2026-04-09T23:00:00+00:00
2026-06-11 07:43:16,633 | INFO     | historical_fetcher | [JNJ.ETORO] Historische Tiefe für OneHour erreicht.
2026-06-11 07:43:16,980 | DEBUG    | historical_fetcher | [JNJ.ETORO] OneDay: 1000 Candles, älteste: 2022-05-10T00:00:00+00:00
2026-06-11 07:43:18,081 | INFO     | historical_fetcher | [JNJ.ETORO] Ziel-Startdatum mit OneDay erreicht.
2026-06-11 07:43:18,111 | INFO     | historical_fetcher | [JNJ.ETORO] 1142 Candles → speichere (price_prec=2).
2026-06-11 07:43:18,116 | DEBUG    | historical_fetcher | [api_backfiller] JNJ.ETORO: 1258→1098 Zeilen (-160 Duplikate)
2026-06-11 07:43:18,118 | INFO     | historical_fetcher | [api_backfiller] JNJ.ETORO: 1098 Zeilen gespeichert (price_prec=2, size_prec=2) → data.parquet
2026-06-11 07:43:19,223 | INFO     | historical_fetcher | [KD.ETORO] Delta-Update: Fetch ab 2026-06-04T12:59:59+00:00 rückwärts bis 2025-11-13T05:40:20.642617+00:00
2026-06-11 07:43:19,432 | DEBUG    | historical_fetcher | [KD.ETORO] OneHour: 1000 Candles, älteste: 2025-11-11T14:00:00+00:00
2026-06-11 07:43:20,534 | INFO     | historical_fetcher | [KD.ETORO] Ziel-Startdatum mit OneHour erreicht.
2026-06-11 07:43:20,554 | INFO     | historical_fetcher | [KD.ETORO] 986 Candles → speichere (price_prec=2).
2026-06-11 07:43:20,558 | DEBUG    | historical_fetcher | [api_backfiller] KD.ETORO: 1021→986 Zeilen (-35 Duplikate)
2026-06-11 07:43:20,560 | INFO     | historical_fetcher | [api_backfiller] KD.ETORO: 986 Zeilen gespeichert (price_prec=2, size_prec=2) → data.parquet
2026-06-11 07:43:21,662 | INFO     | historical_fetcher | [LQDA.ETORO] Delta-Update: Fetch ab 2026-06-04T12:59:59+00:00 rückwärts bis 2025-11-13T05:40:20.642617+00:00
2026-06-11 07:43:21,794 | DEBUG    | historical_fetcher | [LQDA.ETORO] OneHour: 1000 Candles, älteste: 2025-11-11T15:00:00+00:00
2026-06-11 07:43:22,895 | INFO     | historical_fetcher | [LQDA.ETORO] Ziel-Startdatum mit OneHour erreicht.
2026-06-11 07:43:22,910 | INFO     | historical_fetcher | [LQDA.ETORO] 987 Candles → speichere (price_prec=2).
2026-06-11 07:43:22,916 | DEBUG    | historical_fetcher | [api_backfiller] LQDA.ETORO: 1022→987 Zeilen (-35 Duplikate)
2026-06-11 07:43:22,921 | INFO     | historical_fetcher | [api_backfiller] LQDA.ETORO: 987 Zeilen gespeichert (price_prec=2, size_prec=2) → data.parquet
2026-06-11 07:43:24,027 | INFO     | historical_fetcher | [LRCX.ETORO] Delta-Update: Fetch ab 2026-06-04T05:59:59+00:00 rückwärts bis 2025-11-13T05:40:20.642617+00:00
2026-06-11 07:43:24,249 | DEBUG    | historical_fetcher | [LRCX.ETORO] OneHour: 1000 Candles, älteste: 2026-04-10T00:00:00+00:00
2026-06-11 07:43:25,583 | INFO     | historical_fetcher | [LRCX.ETORO] Historische Tiefe für OneHour erreicht.
2026-06-11 07:43:25,783 | DEBUG    | historical_fetcher | [LRCX.ETORO] OneDay: 1000 Candles, älteste: 2022-05-09T00:00:00+00:00
2026-06-11 07:43:26,884 | INFO     | historical_fetcher | [LRCX.ETORO] Ziel-Startdatum mit OneDay erreicht.
2026-06-11 07:43:26,908 | INFO     | historical_fetcher | [LRCX.ETORO] 1142 Candles → speichere (price_prec=2).
2026-06-11 07:43:26,918 | DEBUG    | historical_fetcher | [api_backfiller] LRCX.ETORO: 1258→1098 Zeilen (-160 Duplikate)
2026-06-11 07:43:26,923 | INFO     | historical_fetcher | [api_backfiller] LRCX.ETORO: 1098 Zeilen gespeichert (price_prec=2, size_prec=2) → data.parquet
2026-06-11 07:43:28,030 | INFO     | historical_fetcher | [LULU.ETORO] Delta-Update: Fetch ab 2026-06-04T05:59:59+00:00 rückwärts bis 2025-11-13T05:40:20.642617+00:00
2026-06-11 07:43:28,179 | DEBUG    | historical_fetcher | [LULU.ETORO] OneHour: 1000 Candles, älteste: 2026-04-09T23:00:00+00:00
2026-06-11 07:43:29,468 | INFO     | historical_fetcher | [LULU.ETORO] Historische Tiefe für OneHour erreicht.
2026-06-11 07:43:29,597 | DEBUG    | historical_fetcher | [LULU.ETORO] OneDay: 1000 Candles, älteste: 2022-05-09T00:00:00+00:00
2026-06-11 07:43:30,698 | INFO     | historical_fetcher | [LULU.ETORO] Ziel-Startdatum mit OneDay erreicht.
2026-06-11 07:43:30,708 | INFO     | historical_fetcher | [LULU.ETORO] 1142 Candles → speichere (price_prec=2).
2026-06-11 07:43:30,711 | DEBUG    | historical_fetcher | [api_backfiller] LULU.ETORO: 1258→1098 Zeilen (-160 Duplikate)
2026-06-11 07:43:30,713 | INFO     | historical_fetcher | [api_backfiller] LULU.ETORO: 1098 Zeilen gespeichert (price_prec=2, size_prec=2) → data.parquet
2026-06-11 07:43:31,819 | INFO     | historical_fetcher | [MNDY.ETORO] Delta-Update: Fetch ab 2026-06-04T12:59:59+00:00 rückwärts bis 2025-11-13T05:40:20.642617+00:00
2026-06-11 07:43:32,033 | DEBUG    | historical_fetcher | [MNDY.ETORO] OneHour: 1000 Candles, älteste: 2025-11-11T15:00:00+00:00
2026-06-11 07:43:33,134 | INFO     | historical_fetcher | [MNDY.ETORO] Ziel-Startdatum mit OneHour erreicht.
2026-06-11 07:43:33,152 | INFO     | historical_fetcher | [MNDY.ETORO] 987 Candles → speichere (price_prec=2).
2026-06-11 07:43:33,158 | DEBUG    | historical_fetcher | [api_backfiller] MNDY.ETORO: 1022→987 Zeilen (-35 Duplikate)
2026-06-11 07:43:33,161 | INFO     | historical_fetcher | [api_backfiller] MNDY.ETORO: 987 Zeilen gespeichert (price_prec=2, size_prec=2) → data.parquet
2026-06-11 07:43:34,266 | INFO     | historical_fetcher | [MRVL.ETORO] Delta-Update: Fetch ab 2026-06-04T05:59:59+00:00 rückwärts bis 2025-11-13T05:40:20.642617+00:00
2026-06-11 07:43:34,485 | DEBUG    | historical_fetcher | [MRVL.ETORO] OneHour: 1000 Candles, älteste: 2026-04-10T00:00:00+00:00
2026-06-11 07:43:35,734 | INFO     | historical_fetcher | [MRVL.ETORO] Historische Tiefe für OneHour erreicht.
2026-06-11 07:43:35,853 | DEBUG    | historical_fetcher | [MRVL.ETORO] OneDay: 1000 Candles, älteste: 2022-05-09T00:00:00+00:00
2026-06-11 07:43:36,954 | INFO     | historical_fetcher | [MRVL.ETORO] Ziel-Startdatum mit OneDay erreicht.
2026-06-11 07:43:36,985 | INFO     | historical_fetcher | [MRVL.ETORO] 1142 Candles → speichere (price_prec=2).
2026-06-11 07:43:36,995 | DEBUG    | historical_fetcher | [api_backfiller] MRVL.ETORO: 1257→1098 Zeilen (-159 Duplikate)
2026-06-11 07:43:36,998 | INFO     | historical_fetcher | [api_backfiller] MRVL.ETORO: 1098 Zeilen gespeichert (price_prec=2, size_prec=2) → data.parquet
2026-06-11 07:43:38,104 | INFO     | historical_fetcher | [MSTR.ETORO] Delta-Update: Fetch ab 2026-06-04T05:59:59+00:00 rückwärts bis 2025-11-13T05:40:20.642617+00:00
2026-06-11 07:43:38,275 | DEBUG    | historical_fetcher | [MSTR.ETORO] OneHour: 1000 Candles, älteste: 2026-04-10T01:00:00+00:00
2026-06-11 07:43:39,611 | INFO     | historical_fetcher | [MSTR.ETORO] Historische Tiefe für OneHour erreicht.
2026-06-11 07:43:39,743 | DEBUG    | historical_fetcher | [MSTR.ETORO] OneDay: 1000 Candles, älteste: 2022-05-09T00:00:00+00:00
2026-06-11 07:43:40,844 | INFO     | historical_fetcher | [MSTR.ETORO] Ziel-Startdatum mit OneDay erreicht.
2026-06-11 07:43:40,857 | INFO     | historical_fetcher | [MSTR.ETORO] 1142 Candles → speichere (price_prec=2).
2026-06-11 07:43:40,861 | DEBUG    | historical_fetcher | [api_backfiller] MSTR.ETORO: 1258→1099 Zeilen (-159 Duplikate)
2026-06-11 07:43:40,862 | INFO     | historical_fetcher | [api_backfiller] MSTR.ETORO: 1099 Zeilen gespeichert (price_prec=2, size_prec=2) → data.parquet
2026-06-11 07:43:41,966 | INFO     | historical_fetcher | [MTZ.ETORO] Delta-Update: Fetch ab 2026-06-04T12:59:59+00:00 rückwärts bis 2025-11-13T05:40:20.642617+00:00
2026-06-11 07:43:42,166 | DEBUG    | historical_fetcher | [MTZ.ETORO] OneHour: 1000 Candles, älteste: 2025-11-11T14:00:00+00:00
2026-06-11 07:43:43,267 | INFO     | historical_fetcher | [MTZ.ETORO] Ziel-Startdatum mit OneHour erreicht.
2026-06-11 07:43:43,286 | INFO     | historical_fetcher | [MTZ.ETORO] 986 Candles → speichere (price_prec=2).
2026-06-11 07:43:43,295 | DEBUG    | historical_fetcher | [api_backfiller] MTZ.ETORO: 1021→986 Zeilen (-35 Duplikate)
2026-06-11 07:43:43,299 | INFO     | historical_fetcher | [api_backfiller] MTZ.ETORO: 986 Zeilen gespeichert (price_prec=2, size_prec=2) → data.parquet
2026-06-11 07:43:44,406 | INFO     | historical_fetcher | [MU.ETORO] Delta-Update: Fetch ab 2026-06-04T05:59:59+00:00 rückwärts bis 2025-11-13T05:40:20.642617+00:00
2026-06-11 07:43:44,528 | DEBUG    | historical_fetcher | [MU.ETORO] OneHour: 1000 Candles, älteste: 2026-04-10T01:00:00+00:00
2026-06-11 07:43:45,749 | INFO     | historical_fetcher | [MU.ETORO] Historische Tiefe für OneHour erreicht.
2026-06-11 07:43:45,955 | DEBUG    | historical_fetcher | [MU.ETORO] OneDay: 1000 Candles, älteste: 2022-05-10T00:00:00+00:00
2026-06-11 07:43:47,057 | INFO     | historical_fetcher | [MU.ETORO] Ziel-Startdatum mit OneDay erreicht.
2026-06-11 07:43:47,086 | INFO     | historical_fetcher | [MU.ETORO] 1142 Candles → speichere (price_prec=2).
2026-06-11 07:43:47,090 | DEBUG    | historical_fetcher | [api_backfiller] MU.ETORO: 1258→1099 Zeilen (-159 Duplikate)
2026-06-11 07:43:47,091 | INFO     | historical_fetcher | [api_backfiller] MU.ETORO: 1099 Zeilen gespeichert (price_prec=2, size_prec=2) → data.parquet
2026-06-11 07:43:48,197 | INFO     | historical_fetcher | [NATGAS.ETORO] Delta-Update: Fetch ab 2026-06-04T05:59:59+00:00 rückwärts bis 2025-11-13T05:40:20.642617+00:00
2026-06-11 07:43:48,411 | DEBUG    | historical_fetcher | [NATGAS.ETORO] OneHour: 1000 Candles, älteste: 2026-04-10T16:00:00+00:00
2026-06-11 07:43:49,845 | INFO     | historical_fetcher | [NATGAS.ETORO] Historische Tiefe für OneHour erreicht.
2026-06-11 07:43:50,050 | DEBUG    | historical_fetcher | [NATGAS.ETORO] OneDay: 1000 Candles, älteste: 2022-07-27T00:00:00+00:00
2026-06-11 07:43:51,152 | INFO     | historical_fetcher | [NATGAS.ETORO] Ziel-Startdatum mit OneDay erreicht.
2026-06-11 07:43:51,183 | INFO     | historical_fetcher | [NATGAS.ETORO] 1147 Candles → speichere (price_prec=5).
2026-06-11 07:43:51,193 | DEBUG    | historical_fetcher | [api_backfiller] NATGAS.ETORO: 1262→1103 Zeilen (-159 Duplikate)
2026-06-11 07:43:51,194 | INFO     | historical_fetcher | [api_backfiller] NATGAS.ETORO: 1103 Zeilen gespeichert (price_prec=5, size_prec=5) → data.parquet
2026-06-11 07:43:52,300 | INFO     | historical_fetcher | [NOK.ETORO] Delta-Update: Fetch ab 2026-06-04T12:59:59+00:00 rückwärts bis 2025-11-13T05:40:20.642617+00:00
2026-06-11 07:43:52,513 | DEBUG    | historical_fetcher | [NOK.ETORO] OneHour: 1000 Candles, älteste: 2025-11-11T14:00:00+00:00
2026-06-11 07:43:53,614 | INFO     | historical_fetcher | [NOK.ETORO] Ziel-Startdatum mit OneHour erreicht.
2026-06-11 07:43:53,632 | INFO     | historical_fetcher | [NOK.ETORO] 986 Candles → speichere (price_prec=2).
2026-06-11 07:43:53,640 | DEBUG    | historical_fetcher | [api_backfiller] NOK.ETORO: 1021→986 Zeilen (-35 Duplikate)
2026-06-11 07:43:53,644 | INFO     | historical_fetcher | [api_backfiller] NOK.ETORO: 986 Zeilen gespeichert (price_prec=2, size_prec=2) → data.parquet
2026-06-11 07:43:54,751 | INFO     | historical_fetcher | [NOW.ETORO] Delta-Update: Fetch ab 2026-06-04T05:59:59+00:00 rückwärts bis 2025-11-13T05:40:20.642617+00:00
2026-06-11 07:43:55,068 | DEBUG    | historical_fetcher | [NOW.ETORO] OneHour: 1000 Candles, älteste: 2026-04-09T15:00:00+00:00
2026-06-11 07:43:56,399 | INFO     | historical_fetcher | [NOW.ETORO] Historische Tiefe für OneHour erreicht.
2026-06-11 07:43:56,604 | DEBUG    | historical_fetcher | [NOW.ETORO] OneDay: 1000 Candles, älteste: 2022-05-09T00:00:00+00:00
2026-06-11 07:43:57,706 | INFO     | historical_fetcher | [NOW.ETORO] Ziel-Startdatum mit OneDay erreicht.
2026-06-11 07:43:57,726 | INFO     | historical_fetcher | [NOW.ETORO] 1142 Candles → speichere (price_prec=2).
2026-06-11 07:43:57,735 | DEBUG    | historical_fetcher | [api_backfiller] NOW.ETORO: 1258→1099 Zeilen (-159 Duplikate)
2026-06-11 07:43:57,740 | INFO     | historical_fetcher | [api_backfiller] NOW.ETORO: 1099 Zeilen gespeichert (price_prec=2, size_prec=2) → data.parquet
2026-06-11 07:43:58,846 | INFO     | historical_fetcher | [NTSK.ETORO] Delta-Update: Fetch ab 2026-06-04T12:59:59+00:00 rückwärts bis 2025-11-13T05:40:20.642617+00:00
2026-06-11 07:43:59,067 | DEBUG    | historical_fetcher | [NTSK.ETORO] OneHour: 1000 Candles, älteste: 2025-11-11T16:00:00+00:00
2026-06-11 07:44:00,169 | INFO     | historical_fetcher | [NTSK.ETORO] Ziel-Startdatum mit OneHour erreicht.
2026-06-11 07:44:00,186 | INFO     | historical_fetcher | [NTSK.ETORO] 988 Candles → speichere (price_prec=2).
2026-06-11 07:44:00,195 | DEBUG    | historical_fetcher | [api_backfiller] NTSK.ETORO: 1023→988 Zeilen (-35 Duplikate)
2026-06-11 07:44:00,199 | INFO     | historical_fetcher | [api_backfiller] NTSK.ETORO: 988 Zeilen gespeichert (price_prec=2, size_prec=2) → data.parquet
2026-06-11 07:44:01,306 | INFO     | historical_fetcher | [NVDA.ETORO] Delta-Update: Fetch ab 2026-06-04T05:59:59+00:00 rückwärts bis 2025-11-13T05:40:20.642617+00:00
2026-06-11 07:44:01,626 | DEBUG    | historical_fetcher | [NVDA.ETORO] OneHour: 1000 Candles, älteste: 2026-04-10T01:00:00+00:00
2026-06-11 07:44:02,853 | INFO     | historical_fetcher | [NVDA.ETORO] Historische Tiefe für OneHour erreicht.
2026-06-11 07:44:02,985 | DEBUG    | historical_fetcher | [NVDA.ETORO] OneDay: 1000 Candles, älteste: 2022-05-10T00:00:00+00:00
2026-06-11 07:44:04,087 | INFO     | historical_fetcher | [NVDA.ETORO] Ziel-Startdatum mit OneDay erreicht.
2026-06-11 07:44:04,116 | INFO     | historical_fetcher | [NVDA.ETORO] 1142 Candles → speichere (price_prec=2).
2026-06-11 07:44:04,125 | DEBUG    | historical_fetcher | [api_backfiller] NVDA.ETORO: 1258→1099 Zeilen (-159 Duplikate)
2026-06-11 07:44:04,133 | INFO     | historical_fetcher | [api_backfiller] NVDA.ETORO: 1099 Zeilen gespeichert (price_prec=2, size_prec=2) → data.parquet
2026-06-11 07:44:05,239 | INFO     | historical_fetcher | [NVO.ETORO] Delta-Update: Fetch ab 2026-06-04T12:59:59+00:00 rückwärts bis 2025-11-13T05:40:20.642617+00:00
2026-06-11 07:44:05,414 | DEBUG    | historical_fetcher | [NVO.ETORO] OneHour: 1000 Candles, älteste: 2025-11-11T14:00:00+00:00
2026-06-11 07:44:06,516 | INFO     | historical_fetcher | [NVO.ETORO] Ziel-Startdatum mit OneHour erreicht.
2026-06-11 07:44:06,523 | INFO     | historical_fetcher | [NVO.ETORO] 986 Candles → speichere (price_prec=2).
2026-06-11 07:44:06,534 | DEBUG    | historical_fetcher | [api_backfiller] NVO.ETORO: 1021→986 Zeilen (-35 Duplikate)
2026-06-11 07:44:06,541 | INFO     | historical_fetcher | [api_backfiller] NVO.ETORO: 986 Zeilen gespeichert (price_prec=2, size_prec=2) → data.parquet
2026-06-11 07:44:07,648 | INFO     | historical_fetcher | [NVS.ETORO] Delta-Update: Fetch ab 2026-06-04T12:59:59+00:00 rückwärts bis 2025-11-13T05:40:20.642617+00:00
2026-06-11 07:44:08,078 | DEBUG    | historical_fetcher | [NVS.ETORO] OneHour: 1000 Candles, älteste: 2025-11-11T14:00:00+00:00
2026-06-11 07:44:09,179 | INFO     | historical_fetcher | [NVS.ETORO] Ziel-Startdatum mit OneHour erreicht.
2026-06-11 07:44:09,202 | INFO     | historical_fetcher | [NVS.ETORO] 986 Candles → speichere (price_prec=2).
2026-06-11 07:44:09,212 | DEBUG    | historical_fetcher | [api_backfiller] NVS.ETORO: 1021→986 Zeilen (-35 Duplikate)
2026-06-11 07:44:09,216 | INFO     | historical_fetcher | [api_backfiller] NVS.ETORO: 986 Zeilen gespeichert (price_prec=2, size_prec=2) → data.parquet
2026-06-11 07:44:10,323 | INFO     | historical_fetcher | [ONDO.ETORO] Delta-Update: Fetch ab 2026-06-04T05:59:59+00:00 rückwärts bis 2025-11-13T05:40:20.642617+00:00
2026-06-11 07:44:10,535 | DEBUG    | historical_fetcher | [ONDO.ETORO] OneHour: 1000 Candles, älteste: 2026-04-30T14:00:00+00:00
2026-06-11 07:44:11,861 | INFO     | historical_fetcher | [ONDO.ETORO] Historische Tiefe für OneHour erreicht.
2026-06-11 07:44:12,070 | DEBUG    | historical_fetcher | [ONDO.ETORO] OneDay: 810 Candles, älteste: 2024-03-26T00:00:00+00:00
2026-06-11 07:44:13,172 | INFO     | historical_fetcher | [ONDO.ETORO] Ziel-Startdatum mit OneDay erreicht.
2026-06-11 07:44:13,202 | INFO     | historical_fetcher | [ONDO.ETORO] 1210 Candles → speichere (price_prec=2).
2026-06-11 07:44:13,208 | DEBUG    | historical_fetcher | [api_backfiller] ONDO.ETORO: 1378→1168 Zeilen (-210 Duplikate)
2026-06-11 07:44:13,210 | INFO     | historical_fetcher | [api_backfiller] ONDO.ETORO: 1168 Zeilen gespeichert (price_prec=2, size_prec=8) → data.parquet
2026-06-11 07:44:14,315 | INFO     | historical_fetcher | [PALL.ETORO] Delta-Update: Fetch ab 2026-06-04T12:59:59+00:00 rückwärts bis 2025-11-13T05:40:20.642617+00:00
2026-06-11 07:44:14,626 | DEBUG    | historical_fetcher | [PALL.ETORO] OneHour: 1000 Candles, älteste: 2025-11-11T14:00:00+00:00
2026-06-11 07:44:15,728 | INFO     | historical_fetcher | [PALL.ETORO] Ziel-Startdatum mit OneHour erreicht.
2026-06-11 07:44:15,746 | INFO     | historical_fetcher | [PALL.ETORO] 986 Candles → speichere (price_prec=5).
2026-06-11 07:44:15,757 | DEBUG    | historical_fetcher | [api_backfiller] PALL.ETORO: 1021→986 Zeilen (-35 Duplikate)
2026-06-11 07:44:15,764 | INFO     | historical_fetcher | [api_backfiller] PALL.ETORO: 986 Zeilen gespeichert (price_prec=5, size_prec=5) → data.parquet
2026-06-11 07:44:16,871 | INFO     | historical_fetcher | [PBR.ETORO] Delta-Update: Fetch ab 2026-06-04T12:59:59+00:00 rückwärts bis 2025-11-13T05:40:20.642617+00:00
2026-06-11 07:44:17,087 | DEBUG    | historical_fetcher | [PBR.ETORO] OneHour: 1000 Candles, älteste: 2025-11-11T14:00:00+00:00
2026-06-11 07:44:18,189 | INFO     | historical_fetcher | [PBR.ETORO] Ziel-Startdatum mit OneHour erreicht.
2026-06-11 07:44:18,208 | INFO     | historical_fetcher | [PBR.ETORO] 986 Candles → speichere (price_prec=2).
2026-06-11 07:44:18,216 | DEBUG    | historical_fetcher | [api_backfiller] PBR.ETORO: 1021→986 Zeilen (-35 Duplikate)
2026-06-11 07:44:18,220 | INFO     | historical_fetcher | [api_backfiller] PBR.ETORO: 986 Zeilen gespeichert (price_prec=2, size_prec=2) → data.parquet
2026-06-11 07:44:19,325 | INFO     | historical_fetcher | [PEPExM.ETORO] Delta-Update: Fetch ab 2026-06-04T05:59:59+00:00 rückwärts bis 2025-11-13T05:40:20.642617+00:00
2026-06-11 07:44:19,541 | DEBUG    | historical_fetcher | [PEPExM.ETORO] OneHour: 1000 Candles, älteste: 2026-04-30T14:00:00+00:00
2026-06-11 07:44:20,749 | INFO     | historical_fetcher | [PEPExM.ETORO] Historische Tiefe für OneHour erreicht.
2026-06-11 07:44:20,974 | DEBUG    | historical_fetcher | [PEPExM.ETORO] OneDay: 622 Candles, älteste: 2022-07-03T00:00:00+00:00
2026-06-11 07:44:22,075 | INFO     | historical_fetcher | [PEPExM.ETORO] Ziel-Startdatum mit OneDay erreicht.
2026-06-11 07:44:22,105 | INFO     | historical_fetcher | [PEPExM.ETORO] 1210 Candles → speichere (price_prec=8).
2026-06-11 07:44:22,112 | DEBUG    | historical_fetcher | [api_backfiller] PEPExM.ETORO: 1378→1168 Zeilen (-210 Duplikate)
2026-06-11 07:44:22,114 | INFO     | historical_fetcher | [api_backfiller] PEPExM.ETORO: 1168 Zeilen gespeichert (price_prec=8, size_prec=8) → data.parquet
2026-06-11 07:44:23,219 | INFO     | historical_fetcher | [PINS.ETORO] Delta-Update: Fetch ab 2026-06-04T12:59:59+00:00 rückwärts bis 2025-11-13T05:40:20.642617+00:00
2026-06-11 07:44:23,433 | DEBUG    | historical_fetcher | [PINS.ETORO] OneHour: 1000 Candles, älteste: 2025-11-11T14:00:00+00:00
2026-06-11 07:44:24,534 | INFO     | historical_fetcher | [PINS.ETORO] Ziel-Startdatum mit OneHour erreicht.
2026-06-11 07:44:24,553 | INFO     | historical_fetcher | [PINS.ETORO] 986 Candles → speichere (price_prec=2).
2026-06-11 07:44:24,562 | DEBUG    | historical_fetcher | [api_backfiller] PINS.ETORO: 1021→986 Zeilen (-35 Duplikate)
2026-06-11 07:44:24,567 | INFO     | historical_fetcher | [api_backfiller] PINS.ETORO: 986 Zeilen gespeichert (price_prec=2, size_prec=2) → data.parquet
2026-06-11 07:44:25,671 | INFO     | historical_fetcher | [PLTR.ETORO] Delta-Update: Fetch ab 2026-06-04T05:59:59+00:00 rückwärts bis 2025-11-13T05:40:20.642617+00:00
2026-06-11 07:44:25,897 | DEBUG    | historical_fetcher | [PLTR.ETORO] OneHour: 1000 Candles, älteste: 2026-04-10T01:00:00+00:00
2026-06-11 07:44:27,222 | INFO     | historical_fetcher | [PLTR.ETORO] Historische Tiefe für OneHour erreicht.
2026-06-11 07:44:27,429 | DEBUG    | historical_fetcher | [PLTR.ETORO] OneDay: 1000 Candles, älteste: 2022-05-09T00:00:00+00:00
2026-06-11 07:44:28,530 | INFO     | historical_fetcher | [PLTR.ETORO] Ziel-Startdatum mit OneDay erreicht.
2026-06-11 07:44:28,572 | INFO     | historical_fetcher | [PLTR.ETORO] 1142 Candles → speichere (price_prec=2).
2026-06-11 07:44:28,575 | DEBUG    | historical_fetcher | [api_backfiller] PLTR.ETORO: 1258→1099 Zeilen (-159 Duplikate)
2026-06-11 07:44:28,577 | INFO     | historical_fetcher | [api_backfiller] PLTR.ETORO: 1099 Zeilen gespeichert (price_prec=2, size_prec=2) → data.parquet
2026-06-11 07:44:29,679 | INFO     | historical_fetcher | [POWL.ETORO] Delta-Update: Fetch ab 2026-06-04T12:59:59+00:00 rückwärts bis 2025-11-13T05:40:20.642617+00:00
2026-06-11 07:44:29,884 | DEBUG    | historical_fetcher | [POWL.ETORO] OneHour: 1000 Candles, älteste: 2025-11-11T15:00:00+00:00
2026-06-11 07:44:30,986 | INFO     | historical_fetcher | [POWL.ETORO] Ziel-Startdatum mit OneHour erreicht.
2026-06-11 07:44:31,003 | INFO     | historical_fetcher | [POWL.ETORO] 987 Candles → speichere (price_prec=2).
2026-06-11 07:44:31,013 | DEBUG    | historical_fetcher | [api_backfiller] POWL.ETORO: 1022→987 Zeilen (-35 Duplikate)
2026-06-11 07:44:31,017 | INFO     | historical_fetcher | [api_backfiller] POWL.ETORO: 987 Zeilen gespeichert (price_prec=2, size_prec=2) → data.parquet
2026-06-11 07:44:32,124 | INFO     | historical_fetcher | [PYPL.ETORO] Delta-Update: Fetch ab 2026-06-04T05:59:59+00:00 rückwärts bis 2025-11-13T05:40:20.642617+00:00
2026-06-11 07:44:32,346 | DEBUG    | historical_fetcher | [PYPL.ETORO] OneHour: 1000 Candles, älteste: 2026-04-10T01:00:00+00:00
2026-06-11 07:44:33,673 | INFO     | historical_fetcher | [PYPL.ETORO] Historische Tiefe für OneHour erreicht.
2026-06-11 07:44:33,804 | DEBUG    | historical_fetcher | [PYPL.ETORO] OneDay: 1000 Candles, älteste: 2022-05-09T00:00:00+00:00
2026-06-11 07:44:34,905 | INFO     | historical_fetcher | [PYPL.ETORO] Ziel-Startdatum mit OneDay erreicht.
2026-06-11 07:44:34,933 | INFO     | historical_fetcher | [PYPL.ETORO] 1142 Candles → speichere (price_prec=2).
2026-06-11 07:44:34,942 | DEBUG    | historical_fetcher | [api_backfiller] PYPL.ETORO: 1258→1099 Zeilen (-159 Duplikate)
2026-06-11 07:44:34,946 | INFO     | historical_fetcher | [api_backfiller] PYPL.ETORO: 1099 Zeilen gespeichert (price_prec=2, size_prec=2) → data.parquet
2026-06-11 07:44:36,053 | INFO     | historical_fetcher | [RHM.DE.ETORO] Delta-Update: Fetch ab 2026-06-04T06:59:59+00:00 rückwärts bis 2025-11-13T05:40:20.642617+00:00
2026-06-11 07:44:36,335 | DEBUG    | historical_fetcher | [RHM.DE.ETORO] OneHour: 1000 Candles, älteste: 2025-12-30T10:00:00+00:00
2026-06-11 07:44:37,667 | INFO     | historical_fetcher | [RHM.DE.ETORO] Historische Tiefe für OneHour erreicht.
2026-06-11 07:44:37,783 | DEBUG    | historical_fetcher | [RHM.DE.ETORO] OneDay: 1000 Candles, älteste: 2022-06-01T00:00:00+00:00
2026-06-11 07:44:38,884 | INFO     | historical_fetcher | [RHM.DE.ETORO] Ziel-Startdatum mit OneDay erreicht.
2026-06-11 07:44:38,911 | INFO     | historical_fetcher | [RHM.DE.ETORO] 1137 Candles → speichere (price_prec=2).
2026-06-11 07:44:38,919 | DEBUG    | historical_fetcher | [api_backfiller] RHM.DE.ETORO: 1182→1137 Zeilen (-45 Duplikate)
2026-06-11 07:44:38,921 | INFO     | historical_fetcher | [api_backfiller] RHM.DE.ETORO: 1137 Zeilen gespeichert (price_prec=2, size_prec=2) → data.parquet
2026-06-11 07:44:40,027 | INFO     | historical_fetcher | [RIOT.ETORO] Delta-Update: Fetch ab 2026-06-04T05:59:59+00:00 rückwärts bis 2025-11-13T05:40:20.642617+00:00
2026-06-11 07:44:40,142 | DEBUG    | historical_fetcher | [RIOT.ETORO] OneHour: 1000 Candles, älteste: 2026-04-09T21:00:00+00:00
2026-06-11 07:44:41,559 | INFO     | historical_fetcher | [RIOT.ETORO] Historische Tiefe für OneHour erreicht.
2026-06-11 07:44:41,762 | DEBUG    | historical_fetcher | [RIOT.ETORO] OneDay: 1000 Candles, älteste: 2022-05-09T00:00:00+00:00
2026-06-11 07:44:42,864 | INFO     | historical_fetcher | [RIOT.ETORO] Ziel-Startdatum mit OneDay erreicht.
2026-06-11 07:44:42,893 | INFO     | historical_fetcher | [RIOT.ETORO] 1142 Candles → speichere (price_prec=2).
2026-06-11 07:44:42,904 | DEBUG    | historical_fetcher | [api_backfiller] RIOT.ETORO: 1258→1098 Zeilen (-160 Duplikate)
2026-06-11 07:44:42,907 | INFO     | historical_fetcher | [api_backfiller] RIOT.ETORO: 1098 Zeilen gespeichert (price_prec=2, size_prec=2) → data.parquet
2026-06-11 07:44:44,013 | INFO     | historical_fetcher | [ROP.ZU.ETORO] Delta-Update: Fetch ab 2026-06-04T06:59:59+00:00 rückwärts bis 2025-11-13T05:40:20.642617+00:00
2026-06-11 07:44:44,140 | DEBUG    | historical_fetcher | [ROP.ZU.ETORO] OneHour: 1000 Candles, älteste: 2025-12-19T08:00:00+00:00
2026-06-11 07:44:45,452 | INFO     | historical_fetcher | [ROP.ZU.ETORO] Historische Tiefe für OneHour erreicht.
2026-06-11 07:44:45,578 | DEBUG    | historical_fetcher | [ROP.ZU.ETORO] OneDay: 1000 Candles, älteste: 2022-05-03T00:00:00+00:00
2026-06-11 07:44:46,679 | INFO     | historical_fetcher | [ROP.ZU.ETORO] Ziel-Startdatum mit OneDay erreicht.
2026-06-11 07:44:46,686 | INFO     | historical_fetcher | [ROP.ZU.ETORO] 1133 Candles → speichere (price_prec=2).
2026-06-11 07:44:46,689 | DEBUG    | historical_fetcher | [api_backfiller] ROP.ZU.ETORO: 1178→1133 Zeilen (-45 Duplikate)
2026-06-11 07:44:46,690 | INFO     | historical_fetcher | [api_backfiller] ROP.ZU.ETORO: 1133 Zeilen gespeichert (price_prec=2, size_prec=2) → data.parquet
2026-06-11 07:44:47,796 | INFO     | historical_fetcher | [SE.ETORO] Delta-Update: Fetch ab 2026-06-04T12:59:59+00:00 rückwärts bis 2025-11-13T05:40:20.642617+00:00
2026-06-11 07:44:48,010 | DEBUG    | historical_fetcher | [SE.ETORO] OneHour: 1000 Candles, älteste: 2025-11-11T14:00:00+00:00
2026-06-11 07:44:49,112 | INFO     | historical_fetcher | [SE.ETORO] Ziel-Startdatum mit OneHour erreicht.
2026-06-11 07:44:49,129 | INFO     | historical_fetcher | [SE.ETORO] 986 Candles → speichere (price_prec=2).
2026-06-11 07:44:49,138 | DEBUG    | historical_fetcher | [api_backfiller] SE.ETORO: 1021→986 Zeilen (-35 Duplikate)
2026-06-11 07:44:49,143 | INFO     | historical_fetcher | [api_backfiller] SE.ETORO: 986 Zeilen gespeichert (price_prec=2, size_prec=2) → data.parquet
2026-06-11 07:44:50,249 | INFO     | historical_fetcher | [SEI.US.ETORO] Delta-Update: Fetch ab 2026-06-04T12:59:59+00:00 rückwärts bis 2025-11-13T05:40:20.642617+00:00
2026-06-11 07:44:50,472 | DEBUG    | historical_fetcher | [SEI.US.ETORO] OneHour: 1000 Candles, älteste: 2025-11-11T14:00:00+00:00
2026-06-11 07:44:51,573 | INFO     | historical_fetcher | [SEI.US.ETORO] Ziel-Startdatum mit OneHour erreicht.
2026-06-11 07:44:51,592 | INFO     | historical_fetcher | [SEI.US.ETORO] 986 Candles → speichere (price_prec=2).
2026-06-11 07:44:51,601 | DEBUG    | historical_fetcher | [api_backfiller] SEI.US.ETORO: 1021→986 Zeilen (-35 Duplikate)
2026-06-11 07:44:51,605 | INFO     | historical_fetcher | [api_backfiller] SEI.US.ETORO: 986 Zeilen gespeichert (price_prec=2, size_prec=2) → data.parquet
2026-06-11 07:44:52,711 | INFO     | historical_fetcher | [SHIBxM.ETORO] Delta-Update: Fetch ab 2026-06-04T05:59:59+00:00 rückwärts bis 2025-11-13T05:40:20.642617+00:00
2026-06-11 07:44:52,924 | DEBUG    | historical_fetcher | [SHIBxM.ETORO] OneHour: 1000 Candles, älteste: 2026-04-30T14:00:00+00:00
2026-06-11 07:44:54,139 | INFO     | historical_fetcher | [SHIBxM.ETORO] Historische Tiefe für OneHour erreicht.
2026-06-11 07:44:54,266 | DEBUG    | historical_fetcher | [SHIBxM.ETORO] OneDay: 1000 Candles, älteste: 2023-09-19T00:00:00+00:00
2026-06-11 07:44:55,368 | INFO     | historical_fetcher | [SHIBxM.ETORO] Ziel-Startdatum mit OneDay erreicht.
2026-06-11 07:44:55,403 | INFO     | historical_fetcher | [SHIBxM.ETORO] 1210 Candles → speichere (price_prec=8).
2026-06-11 07:44:55,413 | DEBUG    | historical_fetcher | [api_backfiller] SHIBxM.ETORO: 1378→1168 Zeilen (-210 Duplikate)
2026-06-11 07:44:55,415 | INFO     | historical_fetcher | [api_backfiller] SHIBxM.ETORO: 1168 Zeilen gespeichert (price_prec=8, size_prec=8) → data.parquet
2026-06-11 07:44:56,521 | INFO     | historical_fetcher | [SMTC.ETORO] Delta-Update: Fetch ab 2026-06-04T12:59:59+00:00 rückwärts bis 2025-11-13T05:40:20.642617+00:00
2026-06-11 07:44:56,666 | DEBUG    | historical_fetcher | [SMTC.ETORO] OneHour: 1000 Candles, älteste: 2025-11-11T15:00:00+00:00
2026-06-11 07:44:57,767 | INFO     | historical_fetcher | [SMTC.ETORO] Ziel-Startdatum mit OneHour erreicht.
2026-06-11 07:44:57,785 | INFO     | historical_fetcher | [SMTC.ETORO] 987 Candles → speichere (price_prec=2).
2026-06-11 07:44:57,793 | DEBUG    | historical_fetcher | [api_backfiller] SMTC.ETORO: 1022→987 Zeilen (-35 Duplikate)
2026-06-11 07:44:57,797 | INFO     | historical_fetcher | [api_backfiller] SMTC.ETORO: 987 Zeilen gespeichert (price_prec=2, size_prec=2) → data.parquet
2026-06-11 07:44:58,904 | INFO     | historical_fetcher | [SNAP.ETORO] Delta-Update: Fetch ab 2026-06-04T05:59:59+00:00 rückwärts bis 2025-11-13T05:40:20.642617+00:00
2026-06-11 07:44:59,070 | DEBUG    | historical_fetcher | [SNAP.ETORO] OneHour: 1000 Candles, älteste: 2026-04-09T21:00:00+00:00
2026-06-11 07:45:00,302 | INFO     | historical_fetcher | [SNAP.ETORO] Historische Tiefe für OneHour erreicht.
2026-06-11 07:45:00,502 | DEBUG    | historical_fetcher | [SNAP.ETORO] OneDay: 1000 Candles, älteste: 2022-05-09T00:00:00+00:00
2026-06-11 07:45:01,603 | INFO     | historical_fetcher | [SNAP.ETORO] Ziel-Startdatum mit OneDay erreicht.
2026-06-11 07:45:01,629 | INFO     | historical_fetcher | [SNAP.ETORO] 1142 Candles → speichere (price_prec=2).
2026-06-11 07:45:01,633 | DEBUG    | historical_fetcher | [api_backfiller] SNAP.ETORO: 1258→1098 Zeilen (-160 Duplikate)
2026-06-11 07:45:01,635 | INFO     | historical_fetcher | [api_backfiller] SNAP.ETORO: 1098 Zeilen gespeichert (price_prec=2, size_prec=2) → data.parquet
2026-06-11 07:45:02,740 | INFO     | historical_fetcher | [SOL.ETORO] Delta-Update: Fetch ab 2026-06-04T05:59:59+00:00 rückwärts bis 2025-11-13T05:40:20.642617+00:00
2026-06-11 07:45:02,960 | DEBUG    | historical_fetcher | [SOL.ETORO] OneHour: 1000 Candles, älteste: 2026-04-30T13:00:00+00:00
2026-06-11 07:45:04,290 | INFO     | historical_fetcher | [SOL.ETORO] Historische Tiefe für OneHour erreicht.
2026-06-11 07:45:04,502 | DEBUG    | historical_fetcher | [SOL.ETORO] OneDay: 1000 Candles, älteste: 2023-09-19T00:00:00+00:00
2026-06-11 07:45:05,605 | INFO     | historical_fetcher | [SOL.ETORO] Ziel-Startdatum mit OneDay erreicht.
2026-06-11 07:45:05,637 | INFO     | historical_fetcher | [SOL.ETORO] 1210 Candles → speichere (price_prec=2).
2026-06-11 07:45:05,647 | DEBUG    | historical_fetcher | [api_backfiller] SOL.ETORO: 1378→1168 Zeilen (-210 Duplikate)
2026-06-11 07:45:05,649 | INFO     | historical_fetcher | [api_backfiller] SOL.ETORO: 1168 Zeilen gespeichert (price_prec=2, size_prec=8) → data.parquet
2026-06-11 07:45:06,755 | INFO     | historical_fetcher | [SQM.ETORO] Delta-Update: Fetch ab 2026-06-04T12:59:59+00:00 rückwärts bis 2025-11-13T05:40:20.642617+00:00
2026-06-11 07:45:06,884 | DEBUG    | historical_fetcher | [SQM.ETORO] OneHour: 1000 Candles, älteste: 2025-11-11T14:00:00+00:00
2026-06-11 07:45:07,985 | INFO     | historical_fetcher | [SQM.ETORO] Ziel-Startdatum mit OneHour erreicht.
2026-06-11 07:45:08,004 | INFO     | historical_fetcher | [SQM.ETORO] 986 Candles → speichere (price_prec=2).
2026-06-11 07:45:08,014 | DEBUG    | historical_fetcher | [api_backfiller] SQM.ETORO: 1021→986 Zeilen (-35 Duplikate)
2026-06-11 07:45:08,017 | INFO     | historical_fetcher | [api_backfiller] SQM.ETORO: 986 Zeilen gespeichert (price_prec=2, size_prec=2) → data.parquet
2026-06-11 07:45:09,123 | INFO     | historical_fetcher | [STX.US.ETORO] Delta-Update: Fetch ab 2026-06-04T05:59:59+00:00 rückwärts bis 2025-11-13T05:40:20.642617+00:00
2026-06-11 07:45:09,411 | DEBUG    | historical_fetcher | [STX.US.ETORO] OneHour: 1000 Candles, älteste: 2026-04-09T22:00:00+00:00
2026-06-11 07:45:10,654 | INFO     | historical_fetcher | [STX.US.ETORO] Historische Tiefe für OneHour erreicht.
2026-06-11 07:45:10,844 | DEBUG    | historical_fetcher | [STX.US.ETORO] OneDay: 1000 Candles, älteste: 2022-05-09T00:00:00+00:00
2026-06-11 07:45:11,945 | INFO     | historical_fetcher | [STX.US.ETORO] Ziel-Startdatum mit OneDay erreicht.
2026-06-11 07:45:11,956 | INFO     | historical_fetcher | [STX.US.ETORO] 1142 Candles → speichere (price_prec=2).
2026-06-11 07:45:11,961 | DEBUG    | historical_fetcher | [api_backfiller] STX.US.ETORO: 1258→1098 Zeilen (-160 Duplikate)
2026-06-11 07:45:11,963 | INFO     | historical_fetcher | [api_backfiller] STX.US.ETORO: 1098 Zeilen gespeichert (price_prec=2, size_prec=2) → data.parquet
2026-06-11 07:45:13,069 | INFO     | historical_fetcher | [TEAM.ETORO] Delta-Update: Fetch ab 2026-06-04T05:59:59+00:00 rückwärts bis 2025-11-13T05:40:20.642617+00:00
2026-06-11 07:45:13,306 | DEBUG    | historical_fetcher | [TEAM.ETORO] OneHour: 1000 Candles, älteste: 2026-04-09T19:00:00+00:00
2026-06-11 07:45:14,952 | INFO     | historical_fetcher | [TEAM.ETORO] Historische Tiefe für OneHour erreicht.
2026-06-11 07:45:15,095 | DEBUG    | historical_fetcher | [TEAM.ETORO] OneDay: 1000 Candles, älteste: 2022-05-09T00:00:00+00:00
2026-06-11 07:45:16,196 | INFO     | historical_fetcher | [TEAM.ETORO] Ziel-Startdatum mit OneDay erreicht.
2026-06-11 07:45:16,227 | INFO     | historical_fetcher | [TEAM.ETORO] 1142 Candles → speichere (price_prec=2).
2026-06-11 07:45:16,236 | DEBUG    | historical_fetcher | [api_backfiller] TEAM.ETORO: 1258→1098 Zeilen (-160 Duplikate)
2026-06-11 07:45:16,238 | INFO     | historical_fetcher | [api_backfiller] TEAM.ETORO: 1098 Zeilen gespeichert (price_prec=2, size_prec=2) → data.parquet
2026-06-11 07:45:17,341 | INFO     | historical_fetcher | [TER.ETORO] Delta-Update: Fetch ab 2026-06-04T05:59:59+00:00 rückwärts bis 2025-11-13T05:40:20.642617+00:00
2026-06-11 07:45:17,552 | DEBUG    | historical_fetcher | [TER.ETORO] OneHour: 1000 Candles, älteste: 2026-04-09T15:00:00+00:00
2026-06-11 07:45:18,855 | INFO     | historical_fetcher | [TER.ETORO] Historische Tiefe für OneHour erreicht.
2026-06-11 07:45:19,041 | DEBUG    | historical_fetcher | [TER.ETORO] OneDay: 1000 Candles, älteste: 2022-05-09T00:00:00+00:00
2026-06-11 07:45:20,143 | INFO     | historical_fetcher | [TER.ETORO] Ziel-Startdatum mit OneDay erreicht.
2026-06-11 07:45:20,171 | INFO     | historical_fetcher | [TER.ETORO] 1142 Candles → speichere (price_prec=2).
2026-06-11 07:45:20,176 | DEBUG    | historical_fetcher | [api_backfiller] TER.ETORO: 1253→1098 Zeilen (-155 Duplikate)
2026-06-11 07:45:20,178 | INFO     | historical_fetcher | [api_backfiller] TER.ETORO: 1098 Zeilen gespeichert (price_prec=2, size_prec=2) → data.parquet
2026-06-11 07:45:21,284 | INFO     | historical_fetcher | [TME.ETORO] Delta-Update: Fetch ab 2026-06-04T12:59:59+00:00 rückwärts bis 2025-11-13T05:40:20.642617+00:00
2026-06-11 07:45:21,400 | DEBUG    | historical_fetcher | [TME.ETORO] OneHour: 1000 Candles, älteste: 2025-11-11T14:00:00+00:00
2026-06-11 07:45:22,502 | INFO     | historical_fetcher | [TME.ETORO] Ziel-Startdatum mit OneHour erreicht.
2026-06-11 07:45:22,521 | INFO     | historical_fetcher | [TME.ETORO] 986 Candles → speichere (price_prec=2).
2026-06-11 07:45:22,531 | DEBUG    | historical_fetcher | [api_backfiller] TME.ETORO: 1021→986 Zeilen (-35 Duplikate)
2026-06-11 07:45:22,535 | INFO     | historical_fetcher | [api_backfiller] TME.ETORO: 986 Zeilen gespeichert (price_prec=2, size_prec=2) → data.parquet
2026-06-11 07:45:23,642 | INFO     | historical_fetcher | [TSEM.ETORO] Delta-Update: Fetch ab 2026-06-04T12:59:59+00:00 rückwärts bis 2025-11-13T05:40:20.642617+00:00
2026-06-11 07:45:23,850 | DEBUG    | historical_fetcher | [TSEM.ETORO] OneHour: 1000 Candles, älteste: 2025-11-11T15:00:00+00:00
2026-06-11 07:45:24,953 | INFO     | historical_fetcher | [TSEM.ETORO] Ziel-Startdatum mit OneHour erreicht.
2026-06-11 07:45:24,970 | INFO     | historical_fetcher | [TSEM.ETORO] 987 Candles → speichere (price_prec=2).
2026-06-11 07:45:24,980 | DEBUG    | historical_fetcher | [api_backfiller] TSEM.ETORO: 1022→987 Zeilen (-35 Duplikate)
2026-06-11 07:45:24,984 | INFO     | historical_fetcher | [api_backfiller] TSEM.ETORO: 987 Zeilen gespeichert (price_prec=2, size_prec=2) → data.parquet
2026-06-11 07:45:26,091 | INFO     | historical_fetcher | [TSLA.ETORO] Delta-Update: Fetch ab 2026-06-04T05:59:59+00:00 rückwärts bis 2025-11-13T05:40:20.642617+00:00
2026-06-11 07:45:26,312 | DEBUG    | historical_fetcher | [TSLA.ETORO] OneHour: 1000 Candles, älteste: 2026-04-10T01:00:00+00:00
2026-06-11 07:45:27,638 | INFO     | historical_fetcher | [TSLA.ETORO] Historische Tiefe für OneHour erreicht.
2026-06-11 07:45:27,776 | DEBUG    | historical_fetcher | [TSLA.ETORO] OneDay: 1000 Candles, älteste: 2022-05-10T00:00:00+00:00
2026-06-11 07:45:28,878 | INFO     | historical_fetcher | [TSLA.ETORO] Ziel-Startdatum mit OneDay erreicht.
2026-06-11 07:45:28,907 | INFO     | historical_fetcher | [TSLA.ETORO] 1142 Candles → speichere (price_prec=2).
2026-06-11 07:45:28,917 | DEBUG    | historical_fetcher | [api_backfiller] TSLA.ETORO: 1258→1099 Zeilen (-159 Duplikate)
2026-06-11 07:45:28,918 | INFO     | historical_fetcher | [api_backfiller] TSLA.ETORO: 1099 Zeilen gespeichert (price_prec=2, size_prec=2) → data.parquet
2026-06-11 07:45:30,025 | INFO     | historical_fetcher | [TTD.ETORO] Delta-Update: Fetch ab 2026-06-04T05:59:59+00:00 rückwärts bis 2025-11-13T05:40:20.642617+00:00
2026-06-11 07:45:30,227 | DEBUG    | historical_fetcher | [TTD.ETORO] OneHour: 1000 Candles, älteste: 2026-04-10T00:00:00+00:00
2026-06-11 07:45:31,535 | INFO     | historical_fetcher | [TTD.ETORO] Historische Tiefe für OneHour erreicht.
2026-06-11 07:45:31,687 | DEBUG    | historical_fetcher | [TTD.ETORO] OneDay: 1000 Candles, älteste: 2022-05-09T00:00:00+00:00
2026-06-11 07:45:32,789 | INFO     | historical_fetcher | [TTD.ETORO] Ziel-Startdatum mit OneDay erreicht.
2026-06-11 07:45:32,818 | INFO     | historical_fetcher | [TTD.ETORO] 1142 Candles → speichere (price_prec=2).
2026-06-11 07:45:32,827 | DEBUG    | historical_fetcher | [api_backfiller] TTD.ETORO: 1258→1098 Zeilen (-160 Duplikate)
2026-06-11 07:45:32,830 | INFO     | historical_fetcher | [api_backfiller] TTD.ETORO: 1098 Zeilen gespeichert (price_prec=2, size_prec=2) → data.parquet
2026-06-11 07:45:33,936 | INFO     | historical_fetcher | [TTMI.ETORO] Delta-Update: Fetch ab 2026-06-04T12:59:59+00:00 rückwärts bis 2025-11-13T05:40:20.642617+00:00
2026-06-11 07:45:34,054 | DEBUG    | historical_fetcher | [TTMI.ETORO] OneHour: 1000 Candles, älteste: 2025-11-11T14:00:00+00:00
2026-06-11 07:45:35,155 | INFO     | historical_fetcher | [TTMI.ETORO] Ziel-Startdatum mit OneHour erreicht.
2026-06-11 07:45:35,173 | INFO     | historical_fetcher | [TTMI.ETORO] 986 Candles → speichere (price_prec=2).
2026-06-11 07:45:35,182 | DEBUG    | historical_fetcher | [api_backfiller] TTMI.ETORO: 1021→986 Zeilen (-35 Duplikate)
2026-06-11 07:45:35,186 | INFO     | historical_fetcher | [api_backfiller] TTMI.ETORO: 986 Zeilen gespeichert (price_prec=2, size_prec=2) → data.parquet
2026-06-11 07:45:36,293 | INFO     | historical_fetcher | [USDTRY.ETORO] Delta-Update: Fetch ab 2026-06-04T05:59:59+00:00 rückwärts bis 2025-11-13T05:40:20.642617+00:00
2026-06-11 07:45:36,444 | DEBUG    | historical_fetcher | [USDTRY.ETORO] OneHour: 1000 Candles, älteste: 2026-04-14T14:00:00+00:00
2026-06-11 07:45:37,878 | INFO     | historical_fetcher | [USDTRY.ETORO] Historische Tiefe für OneHour erreicht.
2026-06-11 07:45:38,083 | DEBUG    | historical_fetcher | [USDTRY.ETORO] OneDay: 1000 Candles, älteste: 2022-08-04T00:00:00+00:00
2026-06-11 07:45:39,184 | INFO     | historical_fetcher | [USDTRY.ETORO] Ziel-Startdatum mit OneDay erreicht.
2026-06-11 07:45:39,227 | INFO     | historical_fetcher | [USDTRY.ETORO] 1148 Candles → speichere (price_prec=5).
2026-06-11 07:45:39,235 | DEBUG    | historical_fetcher | [api_backfiller] USDTRY.ETORO: 1268→1106 Zeilen (-162 Duplikate)
2026-06-11 07:45:39,237 | INFO     | historical_fetcher | [api_backfiller] USDTRY.ETORO: 1106 Zeilen gespeichert (price_prec=5, size_prec=5) → data.parquet
2026-06-11 07:45:40,343 | INFO     | historical_fetcher | [USDZAR.ETORO] Delta-Update: Fetch ab 2026-06-04T05:59:59+00:00 rückwärts bis 2025-11-13T05:40:20.642617+00:00
2026-06-11 07:45:40,722 | DEBUG    | historical_fetcher | [USDZAR.ETORO] OneHour: 1000 Candles, älteste: 2026-04-14T14:00:00+00:00
2026-06-11 07:45:42,082 | INFO     | historical_fetcher | [USDZAR.ETORO] Historische Tiefe für OneHour erreicht.
2026-06-11 07:45:42,200 | DEBUG    | historical_fetcher | [USDZAR.ETORO] OneDay: 1000 Candles, älteste: 2022-08-04T00:00:00+00:00
2026-06-11 07:45:43,302 | INFO     | historical_fetcher | [USDZAR.ETORO] Ziel-Startdatum mit OneDay erreicht.
2026-06-11 07:45:43,330 | INFO     | historical_fetcher | [USDZAR.ETORO] 1148 Candles → speichere (price_prec=5).
2026-06-11 07:45:43,337 | DEBUG    | historical_fetcher | [api_backfiller] USDZAR.ETORO: 1268→1106 Zeilen (-162 Duplikate)
2026-06-11 07:45:43,339 | INFO     | historical_fetcher | [api_backfiller] USDZAR.ETORO: 1106 Zeilen gespeichert (price_prec=5, size_prec=5) → data.parquet
2026-06-11 07:45:44,445 | INFO     | historical_fetcher | [VLO.ETORO] Delta-Update: Fetch ab 2026-06-04T05:59:59+00:00 rückwärts bis 2025-11-13T05:40:20.642617+00:00
2026-06-11 07:45:44,637 | DEBUG    | historical_fetcher | [VLO.ETORO] OneHour: 1000 Candles, älteste: 2026-04-07T08:00:00+00:00
2026-06-11 07:45:45,871 | INFO     | historical_fetcher | [VLO.ETORO] Historische Tiefe für OneHour erreicht.
2026-06-11 07:45:45,995 | DEBUG    | historical_fetcher | [VLO.ETORO] OneDay: 1000 Candles, älteste: 2022-05-06T00:00:00+00:00
2026-06-11 07:45:47,096 | INFO     | historical_fetcher | [VLO.ETORO] Ziel-Startdatum mit OneDay erreicht.
2026-06-11 07:45:47,126 | INFO     | historical_fetcher | [VLO.ETORO] 1141 Candles → speichere (price_prec=2).
2026-06-11 07:45:47,136 | DEBUG    | historical_fetcher | [api_backfiller] VLO.ETORO: 1244→1095 Zeilen (-149 Duplikate)
2026-06-11 07:45:47,139 | INFO     | historical_fetcher | [api_backfiller] VLO.ETORO: 1095 Zeilen gespeichert (price_prec=2, size_prec=2) → data.parquet
2026-06-11 07:45:48,245 | INFO     | historical_fetcher | [VRT.ETORO] Delta-Update: Fetch ab 2026-06-04T12:59:59+00:00 rückwärts bis 2025-11-13T05:40:20.642617+00:00
2026-06-11 07:45:48,429 | DEBUG    | historical_fetcher | [VRT.ETORO] OneHour: 1000 Candles, älteste: 2025-11-11T14:00:00+00:00
2026-06-11 07:45:49,531 | INFO     | historical_fetcher | [VRT.ETORO] Ziel-Startdatum mit OneHour erreicht.
2026-06-11 07:45:49,549 | INFO     | historical_fetcher | [VRT.ETORO] 986 Candles → speichere (price_prec=2).
2026-06-11 07:45:49,558 | DEBUG    | historical_fetcher | [api_backfiller] VRT.ETORO: 1021→986 Zeilen (-35 Duplikate)
2026-06-11 07:45:49,560 | INFO     | historical_fetcher | [api_backfiller] VRT.ETORO: 986 Zeilen gespeichert (price_prec=2, size_prec=2) → data.parquet
2026-06-11 07:45:50,665 | INFO     | historical_fetcher | [WBD.ETORO] Delta-Update: Fetch ab 2026-06-04T05:59:59+00:00 rückwärts bis 2025-11-13T05:40:20.642617+00:00
2026-06-11 07:45:50,984 | DEBUG    | historical_fetcher | [WBD.ETORO] OneHour: 1000 Candles, älteste: 2026-04-08T21:00:00+00:00
2026-06-11 07:45:52,322 | INFO     | historical_fetcher | [WBD.ETORO] Historische Tiefe für OneHour erreicht.
2026-06-11 07:45:52,629 | DEBUG    | historical_fetcher | [WBD.ETORO] OneDay: 1000 Candles, älteste: 2022-05-09T00:00:00+00:00
2026-06-11 07:45:53,730 | INFO     | historical_fetcher | [WBD.ETORO] Ziel-Startdatum mit OneDay erreicht.
2026-06-11 07:45:53,759 | INFO     | historical_fetcher | [WBD.ETORO] 1142 Candles → speichere (price_prec=2).
2026-06-11 07:45:53,768 | DEBUG    | historical_fetcher | [api_backfiller] WBD.ETORO: 1257→1097 Zeilen (-160 Duplikate)
2026-06-11 07:45:53,773 | INFO     | historical_fetcher | [api_backfiller] WBD.ETORO: 1097 Zeilen gespeichert (price_prec=2, size_prec=2) → data.parquet
2026-06-11 07:45:54,879 | INFO     | historical_fetcher | [WDAY.ETORO] Delta-Update: Fetch ab 2026-06-04T05:59:59+00:00 rückwärts bis 2025-11-13T05:40:20.642617+00:00
2026-06-11 07:45:55,203 | DEBUG    | historical_fetcher | [WDAY.ETORO] OneHour: 1000 Candles, älteste: 2026-04-09T08:00:00+00:00
2026-06-11 07:45:56,428 | INFO     | historical_fetcher | [WDAY.ETORO] Historische Tiefe für OneHour erreicht.
2026-06-11 07:45:56,540 | DEBUG    | historical_fetcher | [WDAY.ETORO] OneDay: 1000 Candles, älteste: 2022-05-09T00:00:00+00:00
2026-06-11 07:45:57,641 | INFO     | historical_fetcher | [WDAY.ETORO] Ziel-Startdatum mit OneDay erreicht.
2026-06-11 07:45:57,667 | INFO     | historical_fetcher | [WDAY.ETORO] 1142 Candles → speichere (price_prec=2).
2026-06-11 07:45:57,671 | DEBUG    | historical_fetcher | [api_backfiller] WDAY.ETORO: 1254→1098 Zeilen (-156 Duplikate)
2026-06-11 07:45:57,672 | INFO     | historical_fetcher | [api_backfiller] WDAY.ETORO: 1098 Zeilen gespeichert (price_prec=2, size_prec=2) → data.parquet
2026-06-11 07:45:58,777 | INFO     | historical_fetcher | [WDC.ETORO] Delta-Update: Fetch ab 2026-06-04T05:59:59+00:00 rückwärts bis 2025-11-13T05:40:20.642617+00:00
2026-06-11 07:45:59,177 | DEBUG    | historical_fetcher | [WDC.ETORO] OneHour: 1000 Candles, älteste: 2026-04-10T01:00:00+00:00
2026-06-11 07:46:00,417 | INFO     | historical_fetcher | [WDC.ETORO] Historische Tiefe für OneHour erreicht.
2026-06-11 07:46:00,546 | DEBUG    | historical_fetcher | [WDC.ETORO] OneDay: 1000 Candles, älteste: 2022-05-10T00:00:00+00:00
2026-06-11 07:46:01,647 | INFO     | historical_fetcher | [WDC.ETORO] Ziel-Startdatum mit OneDay erreicht.
2026-06-11 07:46:01,663 | INFO     | historical_fetcher | [WDC.ETORO] 1142 Candles → speichere (price_prec=2).
2026-06-11 07:46:01,670 | DEBUG    | historical_fetcher | [api_backfiller] WDC.ETORO: 1258→1099 Zeilen (-159 Duplikate)
2026-06-11 07:46:01,672 | INFO     | historical_fetcher | [api_backfiller] WDC.ETORO: 1099 Zeilen gespeichert (price_prec=2, size_prec=2) → data.parquet
2026-06-11 07:46:02,777 | INFO     | historical_fetcher | [WIX.ETORO] Delta-Update: Fetch ab 2026-06-04T12:59:59+00:00 rückwärts bis 2025-11-13T05:40:20.642617+00:00
2026-06-11 07:46:03,069 | DEBUG    | historical_fetcher | [WIX.ETORO] OneHour: 1000 Candles, älteste: 2025-11-11T15:00:00+00:00
2026-06-11 07:46:04,171 | INFO     | historical_fetcher | [WIX.ETORO] Ziel-Startdatum mit OneHour erreicht.
2026-06-11 07:46:04,188 | INFO     | historical_fetcher | [WIX.ETORO] 987 Candles → speichere (price_prec=2).
2026-06-11 07:46:04,199 | DEBUG    | historical_fetcher | [api_backfiller] WIX.ETORO: 1022→987 Zeilen (-35 Duplikate)
2026-06-11 07:46:04,206 | INFO     | historical_fetcher | [api_backfiller] WIX.ETORO: 987 Zeilen gespeichert (price_prec=2, size_prec=2) → data.parquet
2026-06-11 07:46:05,313 | INFO     | historical_fetcher | [XPEV.ETORO] Delta-Update: Fetch ab 2026-06-04T12:59:59+00:00 rückwärts bis 2025-11-13T05:40:20.642617+00:00
2026-06-11 07:46:05,500 | DEBUG    | historical_fetcher | [XPEV.ETORO] OneHour: 1000 Candles, älteste: 2025-11-11T14:00:00+00:00
2026-06-11 07:46:06,602 | INFO     | historical_fetcher | [XPEV.ETORO] Ziel-Startdatum mit OneHour erreicht.
2026-06-11 07:46:06,619 | INFO     | historical_fetcher | [XPEV.ETORO] 986 Candles → speichere (price_prec=2).
2026-06-11 07:46:06,628 | DEBUG    | historical_fetcher | [api_backfiller] XPEV.ETORO: 1021→986 Zeilen (-35 Duplikate)
2026-06-11 07:46:06,634 | INFO     | historical_fetcher | [api_backfiller] XPEV.ETORO: 986 Zeilen gespeichert (price_prec=2, size_prec=2) → data.parquet
2026-06-11 07:46:07,739 | INFO     | historical_fetcher | [XRP.ETORO] Delta-Update: Fetch ab 2026-06-04T05:59:59+00:00 rückwärts bis 2025-11-13T05:40:20.642617+00:00
2026-06-11 07:46:07,865 | DEBUG    | historical_fetcher | [XRP.ETORO] OneHour: 1000 Candles, älteste: 2026-04-30T13:00:00+00:00
2026-06-11 07:46:09,319 | DEBUG    | historical_fetcher | [XRP.ETORO] OneHour: 1000 Candles, älteste: 2026-04-30T12:00:00+00:00
2026-06-11 07:46:10,556 | DEBUG    | historical_fetcher | [XRP.ETORO] OneHour: 1000 Candles, älteste: 2026-04-30T13:00:00+00:00
2026-06-11 07:46:11,874 | INFO     | historical_fetcher | [XRP.ETORO] Historische Tiefe für OneHour erreicht.
2026-06-11 07:46:12,079 | DEBUG    | historical_fetcher | [XRP.ETORO] OneDay: 1000 Candles, älteste: 2023-09-19T00:00:00+00:00
2026-06-11 07:46:13,182 | INFO     | historical_fetcher | [XRP.ETORO] Ziel-Startdatum mit OneDay erreicht.
2026-06-11 07:46:13,226 | INFO     | historical_fetcher | [XRP.ETORO] 3210 Candles → speichere (price_prec=2).
2026-06-11 07:46:13,233 | DEBUG    | historical_fetcher | [api_backfiller] XRP.ETORO: 3378→1169 Zeilen (-2209 Duplikate)
2026-06-11 07:46:13,235 | INFO     | historical_fetcher | [api_backfiller] XRP.ETORO: 1169 Zeilen gespeichert (price_prec=2, size_prec=8) → data.parquet
2026-06-11 07:46:14,340 | INFO     | historical_fetcher | [ZS.ETORO] Delta-Update: Fetch ab 2026-06-04T05:59:59+00:00 rückwärts bis 2025-11-13T05:40:20.642617+00:00
2026-06-11 07:46:14,537 | DEBUG    | historical_fetcher | [ZS.ETORO] OneHour: 1000 Candles, älteste: 2026-04-09T22:00:00+00:00
2026-06-11 07:46:15,796 | INFO     | historical_fetcher | [ZS.ETORO] Historische Tiefe für OneHour erreicht.
2026-06-11 07:46:15,971 | DEBUG    | historical_fetcher | [ZS.ETORO] OneDay: 1000 Candles, älteste: 2022-05-09T00:00:00+00:00
2026-06-11 07:46:17,073 | INFO     | historical_fetcher | [ZS.ETORO] Ziel-Startdatum mit OneDay erreicht.
2026-06-11 07:46:17,094 | INFO     | historical_fetcher | [ZS.ETORO] 1142 Candles → speichere (price_prec=2).
2026-06-11 07:46:17,099 | DEBUG    | historical_fetcher | [api_backfiller] ZS.ETORO: 1258→1098 Zeilen (-160 Duplikate)
2026-06-11 07:46:17,101 | INFO     | historical_fetcher | [api_backfiller] ZS.ETORO: 1098 Zeilen gespeichert (price_prec=2, size_prec=2) → data.parquet
2026-06-11 07:46:18,206 | INFO     | historical_fetcher | [ZTS.ETORO] Delta-Update: Fetch ab 2026-06-04T05:59:59+00:00 rückwärts bis 2025-11-13T05:40:20.642617+00:00
2026-06-11 07:46:19,560 | DEBUG    | historical_fetcher | [ZTS.ETORO] OneHour: 1000 Candles, älteste: 2026-04-08T05:00:00+00:00
2026-06-11 07:46:20,885 | INFO     | historical_fetcher | [ZTS.ETORO] Historische Tiefe für OneHour erreicht.
2026-06-11 07:46:21,013 | DEBUG    | historical_fetcher | [ZTS.ETORO] OneDay: 1000 Candles, älteste: 2022-05-06T00:00:00+00:00
2026-06-11 07:46:22,114 | INFO     | historical_fetcher | [ZTS.ETORO] Ziel-Startdatum mit OneDay erreicht.
2026-06-11 07:46:22,143 | INFO     | historical_fetcher | [ZTS.ETORO] 1141 Candles → speichere (price_prec=2).
2026-06-11 07:46:22,147 | DEBUG    | historical_fetcher | [api_backfiller] ZTS.ETORO: 1250→1096 Zeilen (-154 Duplikate)
2026-06-11 07:46:22,149 | INFO     | historical_fetcher | [api_backfiller] ZTS.ETORO: 1096 Zeilen gespeichert (price_prec=2, size_prec=2) → data.parquet
2026-06-11 07:46:23,253 | INFO     | historical_fetcher | [historical_fetcher] Fertig: 106 Symbole befüllt.
2026-06-11 07:46:23,254 | INFO     | orchestrator | [Phase 2d] Historical Fetcher: 106 Symbole befüllt.
2026-06-11 07:46:23,254 | INFO     | orchestrator | [JSON_EVENT] {"event_type": "PHASE2D_COMPLETE", "timestamp_utc": "2026-06-11T05:46:23.254862+00:00", "insufficient_count": 106, "hist_filled_count": 106}
2026-06-11 07:46:23,255 | INFO     | orchestrator | [JSON_EVENT] {"event_type": "PHASE2_COMPLETE", "timestamp_utc": "2026-06-11T05:46:23.255034+00:00", "merged_instruments": 0, "zips_deleted": 0, "api_filled_count": 96, "hist_filled_count": 106}
2026-06-11 07:46:23,255 | INFO     | orchestrator | ════════════════════════════════════════════════════════════
2026-06-11 07:46:23,255 | INFO     | orchestrator | PHASE 3+4: Matrix-Backtesting & Tournament
2026-06-11 07:46:23,255 | INFO     | orchestrator | ════════════════════════════════════════════════════════════
2026-06-11 07:46:23,261 | INFO     | orchestrator | [Phase 3] Dynamische Config: /home/user/etoro_nautilus/logs/backtest_dynamic_config.json
2026-06-11 07:46:23,262 | INFO     | orchestrator | [Phase 3] Backtest-Kommando: /home/user/etoro_nautilus/venv/bin/python3 /home/user/etoro_nautilus/automation/backtest_runner.py --momentum --catalog-path /home/user/etoro_nautilus/data/nautilus --config /home/user/etoro_nautilus/logs/backtest_dynamic_config.json --output /home/user/etoro_nautilus/logs/tournament_2026-06-11.json
2026-06-11 07:46:23,262 | INFO     | orchestrator | [JSON_EVENT] {"event_type": "BACKTEST_START", "timestamp_utc": "2026-06-11T05:46:23.262125+00:00", "start": "2026-01-12T00:00:00Z", "end": "2026-06-11T00:00:00Z", "walk_forward_active": true}
2026-06-11 07:46:25,886 | INFO     | orchestrator | [Phase 3] Backtest beendet (Exit-Code: 1).
2026-06-11 07:46:25,886 | DEBUG    | orchestrator |   [BT-LOG] 📝 Log-Datei: /home/user/etoro_nautilus/logs/backtest_2026-06-11_07-46-25.log
2026-06-11 07:46:25,886 | DEBUG    | orchestrator |   [BT-LOG] 🚨 Fehler-Log: /home/user/etoro_nautilus/logs/errors_2026-06-11_07-46-25.log
2026-06-11 07:46:25,887 | DEBUG    | orchestrator |   [BT-LOG] ======================================================================
2026-06-11 07:46:25,887 | DEBUG    | orchestrator |   [BT-LOG] 📊 Spread-Modeling: True (fill_model=bid_ask), Span-Tolerance: 3.0d
2026-06-11 07:46:25,887 | DEBUG    | orchestrator |   [BT-LOG]    ℹ️  Buy-Orders → Ask-Preis | Sell-Orders → Bid-Preis (NautilusTrader Default)
2026-06-11 07:46:25,887 | DEBUG    | orchestrator |   [BT-LOG]   ⚠️  Tournament-Kriterium 'k_shrinkage' ist definiert, aber nicht in eligible_requires_all/any referenziert!
2026-06-11 07:46:25,887 | DEBUG    | orchestrator |   [BT-LOG] 🏆 Tournament Configuration:
2026-06-11 07:46:25,887 | DEBUG    | orchestrator |   [BT-LOG]    [ALL REQUIRED] ['min_trades', 'min_total_return', 'min_win_rate', 'max_drawdown', 'min_expectancy']
2026-06-11 07:46:25,887 | DEBUG    | orchestrator |   [BT-LOG]       • min_trades: 20
2026-06-11 07:46:25,887 | DEBUG    | orchestrator |   [BT-LOG]       • min_total_return: 0.005
2026-06-11 07:46:25,887 | DEBUG    | orchestrator |   [BT-LOG]       • min_win_rate: 0.35
2026-06-11 07:46:25,887 | DEBUG    | orchestrator |   [BT-LOG]       • max_drawdown: 0.3
2026-06-11 07:46:25,887 | DEBUG    | orchestrator |   [BT-LOG]       • min_expectancy: 5e-05
2026-06-11 07:46:25,887 | DEBUG    | orchestrator |   [BT-LOG]    [ANY REQUIRED] ['min_sortino', 'min_profit_factor']
2026-06-11 07:46:25,887 | DEBUG    | orchestrator |   [BT-LOG]       • min_sortino: 0.3
2026-06-11 07:46:25,887 | DEBUG    | orchestrator |   [BT-LOG]       • min_profit_factor: 1.1
2026-06-11 07:46:25,887 | DEBUG    | orchestrator |   [BT-LOG]    [SHRINKAGE FACTOR] 20.0
2026-06-11 07:46:25,887 | DEBUG    | orchestrator |   [BT-LOG]    [OOS DEFAULTS] min_trades: 3, min_return: 0.005, min_expectancy: 5e-05
2026-06-11 07:46:25,887 | DEBUG    | orchestrator |   [BT-LOG] ⚙️  Strategy-Defaults geladen für: SmaCrossoverStrategy, MeanReversionStrategy, DynamicBreakoutStrategy, FlashCrashReversalStrategy, VolatilityBreakoutPumpStrategy, ComboTrendVwapStrategy, VwapExhaustionStrategy, HourlyMeanReversionStrategy
2026-06-11 07:46:25,887 | DEBUG    | orchestrator |   [BT-LOG] ℹ️ 2 Defaults ignoriert (Strategien inaktiv): ['DynamicBreakoutStrategy', 'MeanReversionStrategy']
2026-06-11 07:46:25,887 | DEBUG    | orchestrator |   [BT-LOG] ✅ Defaults angewandt — SmaCrossoverStrategy: sma_period=5, trade_amount_pct=15.0
2026-06-11 07:46:25,888 | DEBUG    | orchestrator |   [BT-LOG] ✅ Defaults angewandt — FlashCrashReversalStrategy: bb_period=10, bb_std_dev=2.0, rsi_period=7, rsi_oversold=30.0, rsi_overbought=70.0, atr_trailing_multiplier=0.75, max_bars_in_trade=16, trade_amount_pct=15.0
2026-06-11 07:46:25,888 | DEBUG    | orchestrator |   [BT-LOG] ✅ Defaults angewandt — VolatilityBreakoutPumpStrategy: bb_period=10, bb_std_dev=2.0, trade_amount_pct=15.0
2026-06-11 07:46:25,888 | DEBUG    | orchestrator |   [BT-LOG] ✅ Defaults angewandt — ComboTrendVwapStrategy: sma_period=20, macd_fast=5, macd_slow=13, macd_signal_period=9, bb_period=10, bb_std_dev=2.0, bb_entry_tolerance=1.0, cooldown_bars=12, trade_amount_pct=15.0
2026-06-11 07:46:25,888 | DEBUG    | orchestrator |   [BT-LOG] ✅ Defaults angewandt — VwapExhaustionStrategy: deviation_threshold=0.008, vwap_period=24, cooldown_bars=3, trade_amount_pct=15.0
2026-06-11 07:46:25,888 | DEBUG    | orchestrator |   [BT-LOG] ✅ Defaults angewandt — HourlyMeanReversionStrategy: keltner_period=10, keltner_atr_period=10, keltner_multiplier=1.5, trade_amount_pct=15.0
2026-06-11 07:46:25,888 | DEBUG    | orchestrator |   [BT-LOG]    • Effective Data Span Required: 147.0 days (Required: 150, Max Allowed Deficit: 3.0)
2026-06-11 07:46:25,888 | DEBUG    | orchestrator |   [BT-LOG] 📅 Zeitraum: 2026-01-12 → 2026-06-11
2026-06-11 07:46:25,888 | DEBUG    | orchestrator |   [BT-LOG] 📋 106 Instrumente gefunden.
2026-06-11 07:46:25,888 | DEBUG    | orchestrator |   [BT-LOG] 
2026-06-11 07:46:25,888 | DEBUG    | orchestrator |   [BT-LOG] 🔍 Analysiere Startdaten der Instrumente (Kohorten-Analyse)...
2026-06-11 07:46:25,888 | DEBUG    | orchestrator |   [BT-LOG]    📊 Identifizierte Startdatum-Kohorten:
2026-06-11 07:46:25,888 | DEBUG    | orchestrator |   [BT-LOG]       • 2025-11-13: 41 Symbole
2026-06-11 07:46:25,888 | DEBUG    | orchestrator |   [BT-LOG]       • 2025-11-14: 64 Symbole
2026-06-11 07:46:25,888 | DEBUG    | orchestrator |   [BT-LOG]       • 2025-11-20: 1 Symbole
2026-06-11 07:46:25,888 | DEBUG    | orchestrator |   [BT-LOG]    ✅ Konfiguriertes Startdatum 2026-01-12 00:00:00 deckt alle Instrumente ab.
2026-06-11 07:46:25,888 | DEBUG    | orchestrator |   [BT-LOG] 
2026-06-11 07:46:25,888 | DEBUG    | orchestrator |   [BT-LOG] 🔍 Prüfe Parquet-Schema-Konsistenz...
2026-06-11 07:46:25,888 | DEBUG    | orchestrator |   [BT-LOG]   ✅ Alle Schemas konsistent.
2026-06-11 07:46:25,888 | DEBUG    | orchestrator |   [BT-LOG] 
2026-06-11 07:46:25,888 | DEBUG    | orchestrator |   [BT-LOG] ⏳ Starte 636 Backtest-Jobs (106 × 6 Strategien)...
2026-06-11 07:46:25,888 | DEBUG    | orchestrator |   [BT-LOG] Traceback (most recent call last):
2026-06-11 07:46:25,888 | DEBUG    | orchestrator |   [BT-LOG]   File "/home/user/etoro_nautilus/automation/backtest_runner.py", line 2427, in <module>
2026-06-11 07:46:25,888 | DEBUG    | orchestrator |   [BT-LOG]     run_backtest()
2026-06-11 07:46:25,889 | DEBUG    | orchestrator |   [BT-LOG]   File "/home/user/etoro_nautilus/automation/backtest_runner.py", line 2270, in run_backtest
2026-06-11 07:46:25,889 | DEBUG    | orchestrator |   [BT-LOG]     wlf = os.path.join(
2026-06-11 07:46:25,889 | DEBUG    | orchestrator |   [BT-LOG]           ^^^^^^^^^^^^^
2026-06-11 07:46:25,889 | DEBUG    | orchestrator |   [BT-LOG]   File "<frozen posixpath>", line 76, in join
2026-06-11 07:46:25,889 | DEBUG    | orchestrator |   [BT-LOG] TypeError: expected str, bytes or os.PathLike object, not function
2026-06-11 07:46:25,889 | WARNING  | orchestrator | [Phase 4] Tournament-Datei nicht gefunden — erstelle Dummy.
2026-06-11 07:46:25,889 | INFO     | orchestrator | [Phase 4] Dummy-Tournament gespeichert: /home/user/etoro_nautilus/logs/tournament_2026-06-11.json
2026-06-11 07:46:25,889 | INFO     | orchestrator | ════════════════════════════════════════════════════════════
2026-06-11 07:46:25,889 | INFO     | orchestrator | PHASE 5: Live Deployment & Bot-Start
2026-06-11 07:46:25,889 | INFO     | orchestrator | ════════════════════════════════════════════════════════════
2026-06-11 07:46:25,889 | INFO     | orchestrator | [Phase 5] Per-Pair-Eligible Check: 0 fully eligible pairs found (Winners: 0).
2026-06-11 07:46:25,890 | INFO     | orchestrator | [Phase 5] OOS-GATE Statistics: 0 Pairs rejected due to trade shortage, 0 Pairs failed performance.
2026-06-11 07:46:25,890 | ERROR    | orchestrator | [Phase 5] 0 fully eligible per-pair assets gefunden. Live-Deploy strikt verboten (Per-Pair Fail-Closed).
2026-06-11 07:46:25,890 | INFO     | orchestrator | [JSON_EVENT] {"event_type": "LIVE_DEPLOY_ABORTED", "timestamp_utc": "2026-06-11T05:46:25.890215+00:00", "reason": "zero_fully_eligible_pairs", "fully_eligible_pairs": 0, "winner_count": 0, "oos_not_evaluable_pairs": 0, "oos_failed_pairs": 0}
2026-06-11 07:46:25,890 | INFO     | orchestrator | [JSON_EVENT] {"event_type": "ORCHESTRATOR_EXIT", "timestamp_utc": "2026-06-11T05:46:25.890337+00:00", "exit_code": 1}
2026-06-11 07:46:25,890 | INFO     | orchestrator | Orchestrator beendet (Exit-Code: 1).
