2026-07-13 13:43:15,659 | INFO     | orchestrator | ╔════════════════════════════════════════════════════════════╗
2026-07-13 13:43:15,660 | INFO     | orchestrator | ║  eToro Nautilus — Daily Orchestrator v2.0                  ║
2026-07-13 13:43:15,660 | INFO     | orchestrator | ║  Start: 2026-07-13T11:43:15.660176+00:00                    ║
2026-07-13 13:43:15,660 | INFO     | orchestrator | ║  NO-DEPLOY: JA                                                 ║
2026-07-13 13:43:15,660 | INFO     | orchestrator | ║  Standalone: Kein adapters/-Import                        ║
2026-07-13 13:43:15,660 | INFO     | orchestrator | ╚════════════════════════════════════════════════════════════╝
2026-07-13 13:43:15,660 | INFO     | orchestrator | [JSON_EVENT] {"event_type": "ORCHESTRATOR_START", "timestamp_utc": "2026-07-13T11:43:15.660556+00:00", "no_deploy": true, "skip_api_fetch": false, "version": "2.0", "python": "3.12.3 (main, Jun 19 2026, 12:46:00) [GCC 13.3.0]"}
2026-07-13 13:43:15,780 | INFO     | orchestrator | ════════════════════════════════════════════════════════════
2026-07-13 13:43:15,780 | INFO     | orchestrator | PHASE 1: Universe & Mapping
2026-07-13 13:43:15,780 | INFO     | orchestrator | ════════════════════════════════════════════════════════════
2026-07-13 13:43:15,781 | WARNING  | orchestrator | [Phase 1] Universe-Daten sind 266.6h alt (> 24h). Erfordert auto-fetch.
2026-07-13 13:43:15,782 | INFO     | orchestrator | [Phase 1] Starte automatischen Universe-Fetch...
2026-07-13 13:43:15,782 | DEBUG    | asyncio | Using selector: EpollSelector
2026-07-13 13:43:17,658 | INFO     | automation.universe_fetcher | Total positions: 557
2026-07-13 13:43:17,658 | INFO     | automation.universe_fetcher | Known symbols: 492
2026-07-13 13:43:17,658 | INFO     | automation.universe_fetcher | Unknown symbols: 0 unique, 0 total
2026-07-13 13:43:17,658 | INFO     | automation.universe_fetcher | Saved to /home/user/etoro_nautilus/data/universe/momentum_ls.json
2026-07-13 13:43:17,659 | INFO     | orchestrator | [Phase 1] Auto-Fetch erfolgreich abgeschlossen.
2026-07-13 13:43:17,663 | INFO     | orchestrator | [Phase 1] 126 eindeutige Instrumente im Universum.
2026-07-13 13:43:17,664 | INFO     | orchestrator | [JSON_EVENT] {"event_type": "PHASE1_COMPLETE", "timestamp_utc": "2026-07-13T11:43:17.664184+00:00", "universe_size": 126, "unmapped_count": 0}
2026-07-13 13:43:17,664 | INFO     | orchestrator | ════════════════════════════════════════════════════════════
2026-07-13 13:43:17,664 | INFO     | orchestrator | PHASE 2: Datenbeschaffung (Multi-ZIP, Merge, API-Backfill)
2026-07-13 13:43:17,664 | INFO     | orchestrator | ════════════════════════════════════════════════════════════
2026-07-13 13:43:17,664 | INFO     | orchestrator | [Phase 2a] Keine ZIP-Dateien in data/import/ gefunden.
2026-07-13 13:43:17,665 | INFO     | api_backfiller | [api_backfiller] Universe geladen: 126 Instrumente.
2026-07-13 13:43:17,665 | INFO     | orchestrator | [Phase 2c] API-Backfill für 126 Symbole …
2026-07-13 13:43:17,665 | DEBUG    | asyncio | Using selector: EpollSelector
2026-07-13 13:43:17,665 | INFO     | api_backfiller | [api_backfiller] Starte Backfill: 2026-07-06 → 2026-07-13 | 126 Instrumente
2026-07-13 13:43:17,666 | INFO     | api_backfiller | [api_backfiller] Lade Instrument-Precisions via eToro API …
2026-07-13 13:43:18,662 | DEBUG    | api_backfiller | [api_backfiller] Raw API response (first 500 chars): {'instrumentDisplayDatas': [{'instrumentID': 1012, 'instrumentDisplayName': 'Caterpillar', 'instrumentTypeID': 5, 'exchangeID': 5, 'images': [{'instrumentID': 1012, 'width': 50.0, 'height': 50.0, 'uri': 'https://etoro-cdn.etorostatic.com/market-avatars/cat/50x50.png'}, {'instrumentID': 1012, 'width': 150.0, 'height': 150.0, 'uri': 'https://etoro-cdn.etorostatic.com/market-avatars/cat/150x150.png'}, {'instrumentID': 1012, 'width': 35.0, 'height': 35.0, 'uri': 'https://etoro-cdn.etorostatic.com/ma
2026-07-13 13:43:18,662 | DEBUG    | api_backfiller | [api_backfiller] Keine API-Precision für ID 1012 (CAT). Equity-Fallback (2,2) wird von run_backfill() angewendet.
2026-07-13 13:43:18,662 | DEBUG    | api_backfiller | Vollständiger Item-Dump: {
  "instrumentID": 1012,
  "instrumentDisplayName": "Caterpillar",
  "instrumentTypeID": 5,
  "exchangeID": 5,
  "images": [
    {
      "instrumentID": 1012,
      "width": 50.0,
      "height": 50.0,
      "uri": "https://etoro-cdn.etorostatic.com/market-avatars/cat/50x50.png"
    },
    {
      "instrumentID": 1012,
      "width": 150.0,
      "height": 150.0,
      "uri": "https://etoro-cdn.etorostatic.com/market-avatars/cat/150x150.png"
    },
    {
      "instrumentID": 1012,
      "width": 35.0,
      "height": 35.0,
      "uri": "https://etoro-cdn.etorostatic.com/market-avatars/cat/35x35.png"
    },
    {
      "instrumentID": 1012,
      "width": 90.0,
      "height": 90.0,
      "uri": "https://etoro-cdn.etorostatic.com/market-avatars/cat/90x90.png"
    },
    {
      "instrumentID": 1012,
      "uri": "https://etoro-cdn.etorostatic.com/market-avatars/1012/1012_2C2C2C_F7F7F7.svg",
      "backgroundColor": "#2C2C2C",
      "textColor": "#F7F7F7"
    }
  ],
  "symbolFull": "CAT",
  "stocksIndustryID": 6,
  "priceSource": "NASDAQ",
  "hasExpirationDate": false,
  "isInternalInstrument": false,
  "distributionType": 5
}
2026-07-13 13:43:18,663 | DEBUG    | api_backfiller | [api_backfiller] Keine API-Precision für ID 1042 (NKE). Equity-Fallback (2,2) wird von run_backfill() angewendet.
2026-07-13 13:43:18,663 | DEBUG    | api_backfiller | Vollständiger Item-Dump: {
  "instrumentID": 1042,
  "instrumentDisplayName": "NIKE",
  "instrumentTypeID": 5,
  "exchangeID": 5,
  "images": [
    {
      "instrumentID": 1042,
      "width": 50.0,
      "height": 50.0,
      "uri": "https://etoro-cdn.etorostatic.com/market-avatars/nke/50x50.png"
    },
    {
      "instrumentID": 1042,
      "width": 150.0,
      "height": 150.0,
      "uri": "https://etoro-cdn.etorostatic.com/market-avatars/nke/150x150.png"
    },
    {
      "instrumentID": 1042,
      "width": 35.0,
      "height": 35.0,
      "uri": "https://etoro-cdn.etorostatic.com/market-avatars/nke/35x35.png"
    },
    {
      "instrumentID": 1042,
      "width": 90.0,
      "height": 90.0,
      "uri": "https://etoro-cdn.etorostatic.com/market-avatars/nke/90x90.png"
    },
    {
      "instrumentID": 1042,
      "uri": "https://etoro-cdn.etorostatic.com/market-avatars/1042/1042_2C2C2C_F7F7F7.svg",
      "backgroundColor": "#2C2C2C",
      "textColor": "#F7F7F7"
    }
  ],
  "symbolFull": "NKE",
  "stocksIndustryID": 3,
  "priceSource": "NASDAQ",
  "hasExpirationDate": false,
  "isInternalInstrument": false,
  "distributionType": 5
}
2026-07-13 13:43:18,663 | DEBUG    | api_backfiller | [api_backfiller] Keine API-Precision für ID 1115 (NOK). Equity-Fallback (2,2) wird von run_backfill() angewendet.
2026-07-13 13:43:18,663 | DEBUG    | api_backfiller | Vollständiger Item-Dump: {
  "instrumentID": 1115,
  "instrumentDisplayName": "Nokia Oyj-ADR",
  "instrumentTypeID": 5,
  "exchangeID": 5,
  "images": [
    {
      "instrumentID": 1115,
      "width": 35.0,
      "height": 35.0,
      "uri": "https://etoro-cdn.etorostatic.com/market-avatars/nok/35x35.png"
    },
    {
      "instrumentID": 1115,
      "width": 50.0,
      "height": 50.0,
      "uri": "https://etoro-cdn.etorostatic.com/market-avatars/nok/50x50.png"
    },
    {
      "instrumentID": 1115,
      "width": 80.0,
      "height": 80.0,
      "uri": "https://etoro-cdn.etorostatic.com/market-avatars/nok/80x80.png"
    },
    {
      "instrumentID": 1115,
      "width": 90.0,
      "height": 90.0,
      "uri": "https://etoro-cdn.etorostatic.com/market-avatars/nok/90x90.png"
    },
    {
      "instrumentID": 1115,
      "width": 150.0,
      "height": 150.0,
      "uri": "https://etoro-cdn.etorostatic.com/market-avatars/nok/150x150.png"
    },
    {
      "instrumentID": 1115,
      "uri": "https://etoro-cdn.etorostatic.com/market-avatars/1115/1115_124191_F7F7F7.svg",
      "backgroundColor": "#124191",
      "textColor": "#F7F7F7"
    }
  ],
  "symbolFull": "NOK",
  "stocksIndustryID": 8,
  "priceSource": "NASDAQ",
  "hasExpirationDate": false,
  "isInternalInstrument": false,
  "distributionType": 5
}
2026-07-13 13:43:18,663 | DEBUG    | api_backfiller | [api_backfiller] Keine API-Precision für ID 1129 (WDC). Equity-Fallback (2,2) wird von run_backfill() angewendet.
2026-07-13 13:43:18,663 | DEBUG    | api_backfiller | [api_backfiller] Keine API-Precision für ID 1184 (PINS). Equity-Fallback (2,2) wird von run_backfill() angewendet.
2026-07-13 13:43:18,663 | DEBUG    | api_backfiller | [api_backfiller] Keine API-Precision für ID 1450 (ACN). Equity-Fallback (2,2) wird von run_backfill() angewendet.
2026-07-13 13:43:18,663 | DEBUG    | api_backfiller | [api_backfiller] Keine API-Precision für ID 1687 (GLW). Equity-Fallback (2,2) wird von run_backfill() angewendet.
2026-07-13 13:43:18,663 | DEBUG    | api_backfiller | [api_backfiller] Keine API-Precision für ID 1704 (CHTR). Equity-Fallback (2,2) wird von run_backfill() angewendet.
2026-07-13 13:43:18,664 | DEBUG    | api_backfiller | [api_backfiller] Keine API-Precision für ID 1706 (AMAT). Equity-Fallback (2,2) wird von run_backfill() angewendet.
2026-07-13 13:43:18,664 | DEBUG    | api_backfiller | [api_backfiller] Keine API-Precision für ID 1865 (FISV). Equity-Fallback (2,2) wird von run_backfill() angewendet.
2026-07-13 13:43:18,664 | DEBUG    | api_backfiller | [api_backfiller] Keine API-Precision für ID 1886 (Z). Equity-Fallback (2,2) wird von run_backfill() angewendet.
2026-07-13 13:43:18,664 | DEBUG    | api_backfiller | [api_backfiller] Keine API-Precision für ID 1905 (MTZ). Equity-Fallback (2,2) wird von run_backfill() angewendet.
2026-07-13 13:43:18,664 | DEBUG    | api_backfiller | [api_backfiller] Keine API-Precision für ID 1914 (INTU). Equity-Fallback (2,2) wird von run_backfill() angewendet.
2026-07-13 13:43:18,664 | DEBUG    | api_backfiller | [api_backfiller] Keine API-Precision für ID 1945 (CMG). Equity-Fallback (2,2) wird von run_backfill() angewendet.
2026-07-13 13:43:18,664 | DEBUG    | api_backfiller | [api_backfiller] Keine API-Precision für ID 2483 (MBLY). Equity-Fallback (2,2) wird von run_backfill() angewendet.
2026-07-13 13:43:18,664 | DEBUG    | api_backfiller | [api_backfiller] Keine API-Precision für ID 2485 (ENLT). Equity-Fallback (2,2) wird von run_backfill() angewendet.
2026-07-13 13:43:18,664 | DEBUG    | api_backfiller | [api_backfiller] Keine API-Precision für ID 4046 (DPZ). Equity-Fallback (2,2) wird von run_backfill() angewendet.
2026-07-13 13:43:18,664 | DEBUG    | api_backfiller | [api_backfiller] Keine API-Precision für ID 4067 (GSAT). Equity-Fallback (2,2) wird von run_backfill() angewendet.
2026-07-13 13:43:18,664 | DEBUG    | api_backfiller | [api_backfiller] Keine API-Precision für ID 4074 (HUBS). Equity-Fallback (2,2) wird von run_backfill() angewendet.
2026-07-13 13:43:18,664 | DEBUG    | api_backfiller | [api_backfiller] Keine API-Precision für ID 4194 (ZTS). Equity-Fallback (2,2) wird von run_backfill() angewendet.
2026-07-13 13:43:18,664 | DEBUG    | api_backfiller | [api_backfiller] Keine API-Precision für ID 4309 (LULU). Equity-Fallback (2,2) wird von run_backfill() angewendet.
2026-07-13 13:43:18,664 | DEBUG    | api_backfiller | [api_backfiller] Keine API-Precision für ID 4336 (TEVA). Equity-Fallback (2,2) wird von run_backfill() angewendet.
2026-07-13 13:43:18,665 | DEBUG    | api_backfiller | [api_backfiller] Keine API-Precision für ID 4399 (TTD). Equity-Fallback (2,2) wird von run_backfill() angewendet.
2026-07-13 13:43:18,665 | DEBUG    | api_backfiller | [api_backfiller] Keine API-Precision für ID 5491 (ASX). Equity-Fallback (2,2) wird von run_backfill() angewendet.
2026-07-13 13:43:18,665 | DEBUG    | api_backfiller | [api_backfiller] Keine API-Precision für ID 5505 (CHWY). Equity-Fallback (2,2) wird von run_backfill() angewendet.
2026-07-13 13:43:18,665 | DEBUG    | api_backfiller | [api_backfiller] Keine API-Precision für ID 5657 (SMTC). Equity-Fallback (2,2) wird von run_backfill() angewendet.
2026-07-13 13:43:18,665 | DEBUG    | api_backfiller | [api_backfiller] Keine API-Precision für ID 5960 (SE). Equity-Fallback (2,2) wird von run_backfill() angewendet.
2026-07-13 13:43:18,665 | DEBUG    | api_backfiller | [api_backfiller] Keine API-Precision für ID 5967 (CPRT). Equity-Fallback (2,2) wird von run_backfill() angewendet.
2026-07-13 13:43:18,665 | DEBUG    | api_backfiller | [api_backfiller] Keine API-Precision für ID 5997 (ARWR). Equity-Fallback (2,2) wird von run_backfill() angewendet.
2026-07-13 13:43:18,665 | DEBUG    | api_backfiller | [api_backfiller] Keine API-Precision für ID 6168 (COIN). Equity-Fallback (2,2) wird von run_backfill() angewendet.
2026-07-13 13:43:18,665 | DEBUG    | api_backfiller | [api_backfiller] Keine API-Precision für ID 6314 (AXSM). Equity-Fallback (2,2) wird von run_backfill() angewendet.
2026-07-13 13:43:18,665 | DEBUG    | api_backfiller | [api_backfiller] Keine API-Precision für ID 6434 (GOOGL). Equity-Fallback (2,2) wird von run_backfill() angewendet.
2026-07-13 13:43:18,665 | DEBUG    | api_backfiller | [api_backfiller] Keine API-Precision für ID 6459 (LSCC). Equity-Fallback (2,2) wird von run_backfill() angewendet.
2026-07-13 13:43:18,665 | DEBUG    | api_backfiller | [api_backfiller] Keine API-Precision für ID 6473 (MSTR). Equity-Fallback (2,2) wird von run_backfill() angewendet.
2026-07-13 13:43:18,665 | DEBUG    | api_backfiller | [api_backfiller] Keine API-Precision für ID 6681 (ELF). Equity-Fallback (2,2) wird von run_backfill() angewendet.
2026-07-13 13:43:18,665 | DEBUG    | api_backfiller | [api_backfiller] Keine API-Precision für ID 6705 (FRO). Equity-Fallback (2,2) wird von run_backfill() angewendet.
2026-07-13 13:43:18,666 | DEBUG    | api_backfiller | [api_backfiller] Keine API-Precision für ID 6804 (ONTO). Equity-Fallback (2,2) wird von run_backfill() angewendet.
2026-07-13 13:43:18,666 | DEBUG    | api_backfiller | [api_backfiller] Keine API-Precision für ID 6870 (TD). Equity-Fallback (2,2) wird von run_backfill() angewendet.
2026-07-13 13:43:18,666 | DEBUG    | api_backfiller | [api_backfiller] Keine API-Precision für ID 6916 (RBLX). Equity-Fallback (2,2) wird von run_backfill() angewendet.
2026-07-13 13:43:18,666 | DEBUG    | api_backfiller | [api_backfiller] Keine API-Precision für ID 7852 (AMKR). Equity-Fallback (2,2) wird von run_backfill() angewendet.
2026-07-13 13:43:18,666 | DEBUG    | api_backfiller | [api_backfiller] Keine API-Precision für ID 7930 (LQDA). Equity-Fallback (2,2) wird von run_backfill() angewendet.
2026-07-13 13:43:18,666 | DEBUG    | api_backfiller | [api_backfiller] Keine API-Precision für ID 8632 (UPST). Equity-Fallback (2,2) wird von run_backfill() angewendet.
2026-07-13 13:43:18,666 | DEBUG    | api_backfiller | [api_backfiller] Keine API-Precision für ID 8637 (DUOL). Equity-Fallback (2,2) wird von run_backfill() angewendet.
2026-07-13 13:43:18,666 | DEBUG    | api_backfiller | [api_backfiller] Keine API-Precision für ID 9271 (MNDY). Equity-Fallback (2,2) wird von run_backfill() angewendet.
2026-07-13 13:43:18,666 | DEBUG    | api_backfiller | [api_backfiller] Keine API-Precision für ID 9484 (VSH). Equity-Fallback (2,2) wird von run_backfill() angewendet.
2026-07-13 13:43:18,666 | DEBUG    | api_backfiller | [api_backfiller] Keine API-Precision für ID 9506 (MOD). Equity-Fallback (2,2) wird von run_backfill() angewendet.
2026-07-13 13:43:18,666 | DEBUG    | api_backfiller | [api_backfiller] Keine API-Precision für ID 9646 (FORM). Equity-Fallback (2,2) wird von run_backfill() angewendet.
2026-07-13 13:43:18,666 | DEBUG    | api_backfiller | [api_backfiller] Keine API-Precision für ID 9803 (TTMI). Equity-Fallback (2,2) wird von run_backfill() angewendet.
2026-07-13 13:43:18,666 | DEBUG    | api_backfiller | [api_backfiller] Keine API-Precision für ID 9814 (POWL). Equity-Fallback (2,2) wird von run_backfill() angewendet.
2026-07-13 13:43:18,667 | DEBUG    | api_backfiller | [api_backfiller] Keine API-Precision für ID 10151 (ATRO). Equity-Fallback (2,2) wird von run_backfill() angewendet.
2026-07-13 13:43:19,297 | DEBUG    | api_backfiller | [api_backfiller] Raw API response (first 500 chars): {'instrumentDisplayDatas': [{'instrumentID': 22, 'instrumentDisplayName': 'Natural Gas (Non Expiry)', 'instrumentTypeID': 2, 'exchangeID': 2, 'images': [{'instrumentID': 22, 'width': 35.0, 'height': 35.0, 'uri': 'https://etoro-cdn.etorostatic.com/market-avatars/natgas/35x35.png'}, {'instrumentID': 22, 'width': 80.0, 'height': 80.0}, {'instrumentID': 22, 'width': 50.0, 'height': 50.0, 'uri': 'https://etoro-cdn.etorostatic.com/market-avatars/natgas/50x50.png'}, {'instrumentID': 22, 'width': 150.0,
2026-07-13 13:43:19,298 | DEBUG    | api_backfiller | [api_backfiller] ID 22: price_precision via historischem Fallback=5
2026-07-13 13:43:19,298 | DEBUG    | api_backfiller | [api_backfiller] ID 22: size_precision via historischem Fallback=5
2026-07-13 13:43:19,298 | DEBUG    | api_backfiller | [api_backfiller] ID 22 (NATGAS): price_prec=5, size_prec=5
2026-07-13 13:43:19,298 | DEBUG    | api_backfiller | [api_backfiller] ID 42: price_precision via historischem Fallback=5
2026-07-13 13:43:19,298 | DEBUG    | api_backfiller | [api_backfiller] ID 42: size_precision via historischem Fallback=5
2026-07-13 13:43:19,298 | DEBUG    | api_backfiller | [api_backfiller] ID 42 (USDZAR): price_prec=5, size_prec=5
2026-07-13 13:43:19,298 | DEBUG    | api_backfiller | [api_backfiller] ID 62: price_precision via historischem Fallback=5
2026-07-13 13:43:19,298 | DEBUG    | api_backfiller | [api_backfiller] ID 62: size_precision via historischem Fallback=5
2026-07-13 13:43:19,298 | DEBUG    | api_backfiller | [api_backfiller] ID 62 (USDTRY): price_prec=5, size_prec=5
2026-07-13 13:43:19,298 | DEBUG    | api_backfiller | [api_backfiller] Keine API-Precision für ID 1002 (GOOG). Equity-Fallback (2,2) wird von run_backfill() angewendet.
2026-07-13 13:43:19,298 | DEBUG    | api_backfiller | [api_backfiller] Keine API-Precision für ID 1022 (JNJ). Equity-Fallback (2,2) wird von run_backfill() angewendet.
2026-07-13 13:43:19,298 | DEBUG    | api_backfiller | [api_backfiller] Keine API-Precision für ID 1102 (PBR). Equity-Fallback (2,2) wird von run_backfill() angewendet.
2026-07-13 13:43:19,298 | DEBUG    | api_backfiller | [api_backfiller] Keine API-Precision für ID 1111 (TSLA). Equity-Fallback (2,2) wird von run_backfill() angewendet.
2026-07-13 13:43:19,298 | DEBUG    | api_backfiller | [api_backfiller] Keine API-Precision für ID 1126 (ADBE). Equity-Fallback (2,2) wird von run_backfill() angewendet.
2026-07-13 13:43:19,299 | DEBUG    | api_backfiller | [api_backfiller] Keine API-Precision für ID 1130 (MU). Equity-Fallback (2,2) wird von run_backfill() angewendet.
2026-07-13 13:43:19,299 | DEBUG    | api_backfiller | [api_backfiller] Keine API-Precision für ID 1137 (NVDA). Equity-Fallback (2,2) wird von run_backfill() angewendet.
2026-07-13 13:43:19,299 | DEBUG    | api_backfiller | [api_backfiller] Keine API-Precision für ID 1160 (WIX). Equity-Fallback (2,2) wird von run_backfill() angewendet.
2026-07-13 13:43:19,299 | DEBUG    | api_backfiller | [api_backfiller] Keine API-Precision für ID 1402 (ROP.ZU). Equity-Fallback (2,2) wird von run_backfill() angewendet.
2026-07-13 13:43:19,299 | DEBUG    | api_backfiller | [api_backfiller] Keine API-Precision für ID 1484 (PYPL). Equity-Fallback (2,2) wird von run_backfill() angewendet.
2026-07-13 13:43:19,299 | DEBUG    | api_backfiller | [api_backfiller] Keine API-Precision für ID 1497 (VLO). Equity-Fallback (2,2) wird von run_backfill() angewendet.
2026-07-13 13:43:19,299 | DEBUG    | api_backfiller | [api_backfiller] Keine API-Precision für ID 1531 (HAL). Equity-Fallback (2,2) wird von run_backfill() angewendet.
2026-07-13 13:43:19,299 | DEBUG    | api_backfiller | [api_backfiller] Keine API-Precision für ID 1832 (AMD). Equity-Fallback (2,2) wird von run_backfill() angewendet.
2026-07-13 13:43:19,299 | DEBUG    | api_backfiller | [api_backfiller] Keine API-Precision für ID 1839 (CRM). Equity-Fallback (2,2) wird von run_backfill() angewendet.
2026-07-13 13:43:19,299 | DEBUG    | api_backfiller | [api_backfiller] Keine API-Precision für ID 1906 (LRCX). Equity-Fallback (2,2) wird von run_backfill() angewendet.
2026-07-13 13:43:19,299 | DEBUG    | api_backfiller | [api_backfiller] Keine API-Precision für ID 1979 (SNAP). Equity-Fallback (2,2) wird von run_backfill() angewendet.
2026-07-13 13:43:19,299 | DEBUG    | api_backfiller | [api_backfiller] Keine API-Precision für ID 2380 (01211.HK). Equity-Fallback (2,2) wird von run_backfill() angewendet.
2026-07-13 13:43:19,299 | DEBUG    | api_backfiller | [api_backfiller] Keine API-Precision für ID 2587 (RHM.DE). Equity-Fallback (2,2) wird von run_backfill() angewendet.
2026-07-13 13:43:19,299 | DEBUG    | api_backfiller | [api_backfiller] ID 3208: price_precision via historischem Fallback=5
2026-07-13 13:43:19,299 | DEBUG    | api_backfiller | [api_backfiller] ID 3208: size_precision via historischem Fallback=5
2026-07-13 13:43:19,300 | DEBUG    | api_backfiller | [api_backfiller] ID 3208 (PALL): price_prec=5, size_prec=5
2026-07-13 13:43:19,300 | DEBUG    | api_backfiller | [api_backfiller] Keine API-Precision für ID 4232 (NVS). Equity-Fallback (2,2) wird von run_backfill() angewendet.
2026-07-13 13:43:19,300 | DEBUG    | api_backfiller | [api_backfiller] Keine API-Precision für ID 4260 (NOW). Equity-Fallback (2,2) wird von run_backfill() angewendet.
2026-07-13 13:43:19,300 | DEBUG    | api_backfiller | [api_backfiller] Keine API-Precision für ID 4263 (WDAY). Equity-Fallback (2,2) wird von run_backfill() angewendet.
2026-07-13 13:43:19,300 | DEBUG    | api_backfiller | [api_backfiller] Keine API-Precision für ID 4286 (TEAM). Equity-Fallback (2,2) wird von run_backfill() angewendet.
2026-07-13 13:43:19,300 | DEBUG    | api_backfiller | [api_backfiller] Keine API-Precision für ID 4356 (STX.US). Equity-Fallback (2,2) wird von run_backfill() angewendet.
2026-07-13 13:43:19,300 | DEBUG    | api_backfiller | [api_backfiller] Keine API-Precision für ID 4398 (DOCU). Equity-Fallback (2,2) wird von run_backfill() angewendet.
2026-07-13 13:43:19,300 | DEBUG    | api_backfiller | [api_backfiller] Keine API-Precision für ID 4403 (ZS). Equity-Fallback (2,2) wird von run_backfill() angewendet.
2026-07-13 13:43:19,300 | DEBUG    | api_backfiller | [api_backfiller] Keine API-Precision für ID 4421 (CIEN). Equity-Fallback (2,2) wird von run_backfill() angewendet.
2026-07-13 13:43:19,300 | DEBUG    | api_backfiller | [api_backfiller] Keine API-Precision für ID 4482 (TME). Equity-Fallback (2,2) wird von run_backfill() angewendet.
2026-07-13 13:43:19,300 | DEBUG    | api_backfiller | [api_backfiller] Keine API-Precision für ID 5045 (FSLY). Equity-Fallback (2,2) wird von run_backfill() angewendet.
2026-07-13 13:43:19,300 | DEBUG    | api_backfiller | [api_backfiller] Keine API-Precision für ID 5635 (EEFT). Equity-Fallback (2,2) wird von run_backfill() angewendet.
2026-07-13 13:43:19,300 | DEBUG    | api_backfiller | [api_backfiller] Keine API-Precision für ID 6094 (COHR). Equity-Fallback (2,2) wird von run_backfill() angewendet.
2026-07-13 13:43:19,300 | DEBUG    | api_backfiller | [api_backfiller] Keine API-Precision für ID 6270 (RIOT). Equity-Fallback (2,2) wird von run_backfill() angewendet.
2026-07-13 13:43:19,301 | DEBUG    | api_backfiller | [api_backfiller] Keine API-Precision für ID 6552 (TSEM). Equity-Fallback (2,2) wird von run_backfill() angewendet.
2026-07-13 13:43:19,301 | DEBUG    | api_backfiller | [api_backfiller] Keine API-Precision für ID 6584 (AG). Equity-Fallback (2,2) wird von run_backfill() angewendet.
2026-07-13 13:43:19,301 | DEBUG    | api_backfiller | [api_backfiller] Keine API-Precision für ID 6662 (CVE). Equity-Fallback (2,2) wird von run_backfill() angewendet.
2026-07-13 13:43:19,301 | DEBUG    | api_backfiller | [api_backfiller] Keine API-Precision für ID 6700 (XPEV). Equity-Fallback (2,2) wird von run_backfill() angewendet.
2026-07-13 13:43:19,301 | DEBUG    | api_backfiller | [api_backfiller] Keine API-Precision für ID 6940 (SQM). Equity-Fallback (2,2) wird von run_backfill() angewendet.
2026-07-13 13:43:19,301 | DEBUG    | api_backfiller | [api_backfiller] Keine API-Precision für ID 7991 (PLTR). Equity-Fallback (2,2) wird von run_backfill() angewendet.
2026-07-13 13:43:19,301 | DEBUG    | api_backfiller | [api_backfiller] Keine API-Precision für ID 8585 (GTLB). Equity-Fallback (2,2) wird von run_backfill() angewendet.
2026-07-13 13:43:19,301 | DEBUG    | api_backfiller | [api_backfiller] Keine API-Precision für ID 8611 (WBD). Equity-Fallback (2,2) wird von run_backfill() angewendet.
2026-07-13 13:43:19,301 | DEBUG    | api_backfiller | [api_backfiller] Keine API-Precision für ID 8638 (E). Equity-Fallback (2,2) wird von run_backfill() angewendet.
2026-07-13 13:43:19,301 | DEBUG    | api_backfiller | [api_backfiller] Keine API-Precision für ID 8671 (HUT). Equity-Fallback (2,2) wird von run_backfill() angewendet.
2026-07-13 13:43:19,301 | DEBUG    | api_backfiller | [api_backfiller] Keine API-Precision für ID 8867 (VRT). Equity-Fallback (2,2) wird von run_backfill() angewendet.
2026-07-13 13:43:19,301 | DEBUG    | api_backfiller | [api_backfiller] Keine API-Precision für ID 9077 (FICO). Equity-Fallback (2,2) wird von run_backfill() angewendet.
2026-07-13 13:43:19,301 | DEBUG    | api_backfiller | [api_backfiller] Keine API-Precision für ID 9119 (INSM). Equity-Fallback (2,2) wird von run_backfill() angewendet.
2026-07-13 13:43:19,301 | DEBUG    | api_backfiller | [api_backfiller] Keine API-Precision für ID 9517 (INSW). Equity-Fallback (2,2) wird von run_backfill() angewendet.
2026-07-13 13:43:19,302 | DEBUG    | api_backfiller | [api_backfiller] Keine API-Precision für ID 14310 (NTSK). Equity-Fallback (2,2) wird von run_backfill() angewendet.
2026-07-13 13:43:19,947 | DEBUG    | api_backfiller | [api_backfiller] Raw API response (first 500 chars): {'instrumentDisplayDatas': [{'instrumentID': 1138, 'instrumentDisplayName': 'FedEx Corporation', 'instrumentTypeID': 5, 'exchangeID': 5, 'images': [{'instrumentID': 1138, 'width': 35.0, 'height': 35.0, 'uri': 'https://etoro-cdn.etorostatic.com/market-avatars/fdx/35x35.png'}, {'instrumentID': 1138, 'width': 50.0, 'height': 50.0, 'uri': 'https://etoro-cdn.etorostatic.com/market-avatars/fdx/50x50.png'}, {'instrumentID': 1138, 'width': 80.0, 'height': 80.0, 'uri': 'https://etoro-cdn.etorostatic.com/
2026-07-13 13:43:19,947 | DEBUG    | api_backfiller | [api_backfiller] Keine API-Precision für ID 1138 (FDX). Equity-Fallback (2,2) wird von run_backfill() angewendet.
2026-07-13 13:43:19,947 | DEBUG    | api_backfiller | [api_backfiller] Keine API-Precision für ID 1341 (GEV). Equity-Fallback (2,2) wird von run_backfill() angewendet.
2026-07-13 13:43:19,947 | DEBUG    | api_backfiller | [api_backfiller] Keine API-Precision für ID 1552 (ABT.US). Equity-Fallback (2,2) wird von run_backfill() angewendet.
2026-07-13 13:43:19,948 | DEBUG    | api_backfiller | [api_backfiller] Keine API-Precision für ID 1585 (GIS). Equity-Fallback (2,2) wird von run_backfill() angewendet.
2026-07-13 13:43:19,948 | DEBUG    | api_backfiller | [api_backfiller] Keine API-Precision für ID 1586 (CAG). Equity-Fallback (2,2) wird von run_backfill() angewendet.
2026-07-13 13:43:19,948 | DEBUG    | api_backfiller | [api_backfiller] Keine API-Precision für ID 4087 (JAZZ). Equity-Fallback (2,2) wird von run_backfill() angewendet.
2026-07-13 13:43:19,948 | DEBUG    | api_backfiller | [api_backfiller] Keine API-Precision für ID 4272 (CCL). Equity-Fallback (2,2) wird von run_backfill() angewendet.
2026-07-13 13:43:19,948 | DEBUG    | api_backfiller | [api_backfiller] Keine API-Precision für ID 4358 (MRVL). Equity-Fallback (2,2) wird von run_backfill() angewendet.
2026-07-13 13:43:19,948 | DEBUG    | api_backfiller | [api_backfiller] Keine API-Precision für ID 6071 (AXON). Equity-Fallback (2,2) wird von run_backfill() angewendet.
2026-07-13 13:43:19,948 | DEBUG    | api_backfiller | [api_backfiller] Keine API-Precision für ID 6549 (TER). Equity-Fallback (2,2) wird von run_backfill() angewendet.
2026-07-13 13:43:19,948 | DEBUG    | api_backfiller | [api_backfiller] Keine API-Precision für ID 6844 (NVO). Equity-Fallback (2,2) wird von run_backfill() angewendet.
2026-07-13 13:43:19,949 | DEBUG    | api_backfiller | [api_backfiller] Keine API-Precision für ID 8604 (KD). Equity-Fallback (2,2) wird von run_backfill() angewendet.
2026-07-13 13:43:19,949 | DEBUG    | api_backfiller | [api_backfiller] Keine API-Precision für ID 10476 (SEI.US). Equity-Fallback (2,2) wird von run_backfill() angewendet.
2026-07-13 13:43:19,949 | DEBUG    | api_backfiller | [api_backfiller] Keine API-Precision für ID 15233 (ESLT). Equity-Fallback (2,2) wird von run_backfill() angewendet.
2026-07-13 13:43:19,949 | DEBUG    | api_backfiller | [api_backfiller] ID 100000: price_precision via historischem Fallback=2
2026-07-13 13:43:19,949 | DEBUG    | api_backfiller | [api_backfiller] ID 100000: size_precision via historischem Fallback=8
2026-07-13 13:43:19,949 | DEBUG    | api_backfiller | [api_backfiller] ID 100000 (BTC): price_prec=2, size_prec=8
2026-07-13 13:43:19,949 | DEBUG    | api_backfiller | [api_backfiller] ID 100001: price_precision via historischem Fallback=2
2026-07-13 13:43:19,949 | DEBUG    | api_backfiller | [api_backfiller] ID 100001: size_precision via historischem Fallback=8
2026-07-13 13:43:19,949 | DEBUG    | api_backfiller | [api_backfiller] ID 100001 (ETH): price_prec=2, size_prec=8
2026-07-13 13:43:19,950 | DEBUG    | api_backfiller | [api_backfiller] ID 100003: price_precision via historischem Fallback=2
2026-07-13 13:43:19,950 | DEBUG    | api_backfiller | [api_backfiller] ID 100003: size_precision via historischem Fallback=8
2026-07-13 13:43:19,950 | DEBUG    | api_backfiller | [api_backfiller] ID 100003 (XRP): price_prec=2, size_prec=8
2026-07-13 13:43:19,950 | DEBUG    | api_backfiller | [api_backfiller] ID 100017: price_precision via historischem Fallback=2
2026-07-13 13:43:19,950 | DEBUG    | api_backfiller | [api_backfiller] ID 100017: size_precision via historischem Fallback=8
2026-07-13 13:43:19,950 | DEBUG    | api_backfiller | [api_backfiller] ID 100017 (ADA): price_prec=2, size_prec=8
2026-07-13 13:43:19,950 | DEBUG    | api_backfiller | [api_backfiller] ID 100043: price_precision via historischem Fallback=2
2026-07-13 13:43:19,950 | DEBUG    | api_backfiller | [api_backfiller] ID 100043: size_precision via historischem Fallback=8
2026-07-13 13:43:19,950 | DEBUG    | api_backfiller | [api_backfiller] ID 100043 (DOGE): price_prec=2, size_prec=8
2026-07-13 13:43:19,950 | DEBUG    | api_backfiller | [api_backfiller] ID 100063: price_precision via historischem Fallback=2
2026-07-13 13:43:19,950 | DEBUG    | api_backfiller | [api_backfiller] ID 100063: size_precision via historischem Fallback=8
2026-07-13 13:43:19,950 | DEBUG    | api_backfiller | [api_backfiller] ID 100063 (SOL): price_prec=2, size_prec=8
2026-07-13 13:43:19,950 | DEBUG    | api_backfiller | [api_backfiller] ID 100080: price_precision via historischem Fallback=8
2026-07-13 13:43:19,951 | DEBUG    | api_backfiller | [api_backfiller] ID 100080: size_precision via historischem Fallback=8
2026-07-13 13:43:19,951 | DEBUG    | api_backfiller | [api_backfiller] ID 100080 (SHIBxM): price_prec=8, size_prec=8
2026-07-13 13:43:19,951 | DEBUG    | api_backfiller | [api_backfiller] ID 100085: price_precision via historischem Fallback=2
2026-07-13 13:43:19,951 | DEBUG    | api_backfiller | [api_backfiller] ID 100085: size_precision via historischem Fallback=8
2026-07-13 13:43:19,951 | DEBUG    | api_backfiller | [api_backfiller] ID 100085 (AVAX): price_prec=2, size_prec=8
2026-07-13 13:43:19,951 | DEBUG    | api_backfiller | [api_backfiller] ID 100303: price_precision via historischem Fallback=8
2026-07-13 13:43:19,951 | DEBUG    | api_backfiller | [api_backfiller] ID 100303: size_precision via historischem Fallback=8
2026-07-13 13:43:19,951 | DEBUG    | api_backfiller | [api_backfiller] ID 100303 (PEPExM): price_prec=8, size_prec=8
2026-07-13 13:43:19,951 | DEBUG    | api_backfiller | [api_backfiller] ID 100323: price_precision via historischem Fallback=2
2026-07-13 13:43:19,951 | DEBUG    | api_backfiller | [api_backfiller] ID 100323: size_precision via historischem Fallback=8
2026-07-13 13:43:19,951 | DEBUG    | api_backfiller | [api_backfiller] ID 100323 (ONDO): price_prec=2, size_prec=8
2026-07-13 13:43:19,951 | DEBUG    | api_backfiller | [api_backfiller] ID 100421: price_precision via historischem Fallback=2
2026-07-13 13:43:19,951 | DEBUG    | api_backfiller | [api_backfiller] ID 100421: size_precision via historischem Fallback=8
2026-07-13 13:43:19,951 | DEBUG    | api_backfiller | [api_backfiller] ID 100421 (AERO): price_prec=2, size_prec=8
2026-07-13 13:43:19,951 | DEBUG    | api_backfiller | [api_backfiller] ID 100446: price_precision via historischem Fallback=2
2026-07-13 13:43:19,952 | DEBUG    | api_backfiller | [api_backfiller] ID 100446: size_precision via historischem Fallback=8
2026-07-13 13:43:19,952 | DEBUG    | api_backfiller | [api_backfiller] ID 100446 (HYPE): price_prec=2, size_prec=8
2026-07-13 13:43:20,452 | INFO     | api_backfiller | [api_backfiller] Precision-Auflösung abgeschlossen: 16 direkt via API, 0 via Symbol-Fallback (_fallback_precisions), 110 Equities erhalten (2,2) in run_backfill().
2026-07-13 13:43:21,079 | DEBUG    | api_backfiller | [api_backfiller] 01211.HK.ETORO: Precision-Fallback price_prec=2, size_prec=2
2026-07-13 13:43:21,215 | INFO     | api_backfiller | [api_backfiller] 01211.HK.ETORO: 30 Candles konvertiert (price_prec=2, size_prec=2).
2026-07-13 13:43:21,221 | DEBUG    | api_backfiller | [api_backfiller] 01211.HK.ETORO: 1555→1555 Zeilen (-0 Duplikate)
2026-07-13 13:43:21,228 | INFO     | api_backfiller | [api_backfiller] 01211.HK.ETORO: 1555 Zeilen gespeichert (price_prec=2, size_prec=2) → data.parquet
2026-07-13 13:43:22,334 | DEBUG    | api_backfiller | [api_backfiller] ABT.US.ETORO: Precision-Fallback price_prec=2, size_prec=2
2026-07-13 13:43:22,472 | INFO     | api_backfiller | [api_backfiller] ABT.US.ETORO: 115 Candles konvertiert (price_prec=2, size_prec=2).
2026-07-13 13:43:22,478 | DEBUG    | api_backfiller | [api_backfiller] ABT.US.ETORO: 1866→1866 Zeilen (-0 Duplikate)
2026-07-13 13:43:22,481 | INFO     | api_backfiller | [api_backfiller] ABT.US.ETORO: 1866 Zeilen gespeichert (price_prec=2, size_prec=2) → data.parquet
2026-07-13 13:43:23,586 | DEBUG    | api_backfiller | [api_backfiller] ACN.ETORO: Precision-Fallback price_prec=2, size_prec=2
2026-07-13 13:43:23,782 | INFO     | api_backfiller | [api_backfiller] ACN.ETORO: 116 Candles konvertiert (price_prec=2, size_prec=2).
2026-07-13 13:43:23,786 | DEBUG    | api_backfiller | [api_backfiller] ACN.ETORO: 1872→1872 Zeilen (-0 Duplikate)
2026-07-13 13:43:23,788 | INFO     | api_backfiller | [api_backfiller] ACN.ETORO: 1872 Zeilen gespeichert (price_prec=2, size_prec=2) → data.parquet
2026-07-13 13:43:25,116 | INFO     | api_backfiller | [api_backfiller] ADA.ETORO: 168 Candles konvertiert (price_prec=2, size_prec=8).
2026-07-13 13:43:25,120 | DEBUG    | api_backfiller | [api_backfiller] ADA.ETORO: 2339→2339 Zeilen (-0 Duplikate)
2026-07-13 13:43:25,122 | INFO     | api_backfiller | [api_backfiller] ADA.ETORO: 2339 Zeilen gespeichert (price_prec=2, size_prec=8) → data.parquet
2026-07-13 13:43:26,231 | DEBUG    | api_backfiller | [api_backfiller] ADBE.ETORO: Precision-Fallback price_prec=2, size_prec=2
2026-07-13 13:43:26,447 | INFO     | api_backfiller | [api_backfiller] ADBE.ETORO: 116 Candles konvertiert (price_prec=2, size_prec=2).
2026-07-13 13:43:26,454 | DEBUG    | api_backfiller | [api_backfiller] ADBE.ETORO: 1877→1877 Zeilen (-0 Duplikate)
2026-07-13 13:43:26,456 | INFO     | api_backfiller | [api_backfiller] ADBE.ETORO: 1877 Zeilen gespeichert (price_prec=2, size_prec=2) → data.parquet
2026-07-13 13:43:27,776 | INFO     | api_backfiller | [api_backfiller] AERO.ETORO: 168 Candles konvertiert (price_prec=2, size_prec=8).
2026-07-13 13:43:27,781 | DEBUG    | api_backfiller | [api_backfiller] AERO.ETORO: 2053→2053 Zeilen (-0 Duplikate)
2026-07-13 13:43:27,783 | INFO     | api_backfiller | [api_backfiller] AERO.ETORO: 2053 Zeilen gespeichert (price_prec=2, size_prec=8) → data.parquet
2026-07-13 13:43:28,891 | DEBUG    | api_backfiller | [api_backfiller] AG.ETORO: Precision-Fallback price_prec=2, size_prec=2
2026-07-13 13:43:29,107 | INFO     | api_backfiller | [api_backfiller] AG.ETORO: 35 Candles konvertiert (price_prec=2, size_prec=2).
2026-07-13 13:43:29,114 | DEBUG    | api_backfiller | [api_backfiller] AG.ETORO: 1594→1594 Zeilen (-0 Duplikate)
2026-07-13 13:43:29,117 | INFO     | api_backfiller | [api_backfiller] AG.ETORO: 1594 Zeilen gespeichert (price_prec=2, size_prec=2) → data.parquet
2026-07-13 13:43:30,227 | DEBUG    | api_backfiller | [api_backfiller] AMAT.ETORO: Precision-Fallback price_prec=2, size_prec=2
2026-07-13 13:43:30,440 | INFO     | api_backfiller | [api_backfiller] AMAT.ETORO: 116 Candles konvertiert (price_prec=2, size_prec=2).
2026-07-13 13:43:30,448 | DEBUG    | api_backfiller | [api_backfiller] AMAT.ETORO: 1878→1878 Zeilen (-0 Duplikate)
2026-07-13 13:43:30,450 | INFO     | api_backfiller | [api_backfiller] AMAT.ETORO: 1878 Zeilen gespeichert (price_prec=2, size_prec=2) → data.parquet
2026-07-13 13:43:31,558 | DEBUG    | api_backfiller | [api_backfiller] AMD.ETORO: Precision-Fallback price_prec=2, size_prec=2
2026-07-13 13:43:31,772 | INFO     | api_backfiller | [api_backfiller] AMD.ETORO: 116 Candles konvertiert (price_prec=2, size_prec=2).
2026-07-13 13:43:31,781 | DEBUG    | api_backfiller | [api_backfiller] AMD.ETORO: 1878→1878 Zeilen (-0 Duplikate)
2026-07-13 13:43:31,788 | INFO     | api_backfiller | [api_backfiller] AMD.ETORO: 1878 Zeilen gespeichert (price_prec=2, size_prec=2) → data.parquet
2026-07-13 13:43:32,901 | DEBUG    | api_backfiller | [api_backfiller] AMKR.ETORO: Precision-Fallback price_prec=2, size_prec=2
2026-07-13 13:43:33,074 | INFO     | api_backfiller | [api_backfiller] AMKR.ETORO: 35 Candles konvertiert (price_prec=2, size_prec=2).
2026-07-13 13:43:33,077 | DEBUG    | api_backfiller | [api_backfiller] AMKR.ETORO: 1595→1595 Zeilen (-0 Duplikate)
2026-07-13 13:43:33,079 | INFO     | api_backfiller | [api_backfiller] AMKR.ETORO: 1595 Zeilen gespeichert (price_prec=2, size_prec=2) → data.parquet
2026-07-13 13:43:34,193 | DEBUG    | api_backfiller | [api_backfiller] ARWR.ETORO: Precision-Fallback price_prec=2, size_prec=2
2026-07-13 13:43:34,330 | INFO     | api_backfiller | [api_backfiller] ARWR.ETORO: 35 Candles konvertiert (price_prec=2, size_prec=2).
2026-07-13 13:43:34,338 | DEBUG    | api_backfiller | [api_backfiller] ARWR.ETORO: 1531→1531 Zeilen (-0 Duplikate)
2026-07-13 13:43:34,339 | INFO     | api_backfiller | [api_backfiller] ARWR.ETORO: 1531 Zeilen gespeichert (price_prec=2, size_prec=2) → data.parquet
2026-07-13 13:43:35,447 | DEBUG    | api_backfiller | [api_backfiller] ASX.ETORO: Precision-Fallback price_prec=2, size_prec=2
2026-07-13 13:43:35,660 | INFO     | api_backfiller | [api_backfiller] ASX.ETORO: 34 Candles konvertiert (price_prec=2, size_prec=2).
2026-07-13 13:43:35,668 | DEBUG    | api_backfiller | [api_backfiller] ASX.ETORO: 1593→1593 Zeilen (-0 Duplikate)
2026-07-13 13:43:35,670 | INFO     | api_backfiller | [api_backfiller] ASX.ETORO: 1593 Zeilen gespeichert (price_prec=2, size_prec=2) → data.parquet
2026-07-13 13:43:36,781 | DEBUG    | api_backfiller | [api_backfiller] ATRO.ETORO: Precision-Fallback price_prec=2, size_prec=2
2026-07-13 13:43:36,992 | INFO     | api_backfiller | [api_backfiller] ATRO.ETORO: 35 Candles konvertiert (price_prec=2, size_prec=2).
2026-07-13 13:43:36,995 | DEBUG    | api_backfiller | [api_backfiller] ATRO.ETORO: 1530→1530 Zeilen (-0 Duplikate)
2026-07-13 13:43:36,996 | INFO     | api_backfiller | [api_backfiller] ATRO.ETORO: 1530 Zeilen gespeichert (price_prec=2, size_prec=2) → data.parquet
2026-07-13 13:43:38,324 | INFO     | api_backfiller | [api_backfiller] AVAX.ETORO: 168 Candles konvertiert (price_prec=2, size_prec=8).
2026-07-13 13:43:38,327 | DEBUG    | api_backfiller | [api_backfiller] AVAX.ETORO: 2338→2338 Zeilen (-0 Duplikate)
2026-07-13 13:43:38,329 | INFO     | api_backfiller | [api_backfiller] AVAX.ETORO: 2338 Zeilen gespeichert (price_prec=2, size_prec=8) → data.parquet
2026-07-13 13:43:39,438 | DEBUG    | api_backfiller | [api_backfiller] AXON.ETORO: Precision-Fallback price_prec=2, size_prec=2
2026-07-13 13:43:39,602 | INFO     | api_backfiller | [api_backfiller] AXON.ETORO: 105 Candles konvertiert (price_prec=2, size_prec=2).
2026-07-13 13:43:39,607 | DEBUG    | api_backfiller | [api_backfiller] AXON.ETORO: 1821→1821 Zeilen (-0 Duplikate)
2026-07-13 13:43:39,609 | INFO     | api_backfiller | [api_backfiller] AXON.ETORO: 1821 Zeilen gespeichert (price_prec=2, size_prec=2) → data.parquet
2026-07-13 13:43:40,721 | DEBUG    | api_backfiller | [api_backfiller] AXSM.ETORO: Precision-Fallback price_prec=2, size_prec=2
2026-07-13 13:43:40,884 | INFO     | api_backfiller | [api_backfiller] AXSM.ETORO: 35 Candles konvertiert (price_prec=2, size_prec=2).
2026-07-13 13:43:40,886 | DEBUG    | api_backfiller | [api_backfiller] AXSM.ETORO: 1530→1530 Zeilen (-0 Duplikate)
2026-07-13 13:43:40,888 | INFO     | api_backfiller | [api_backfiller] AXSM.ETORO: 1530 Zeilen gespeichert (price_prec=2, size_prec=2) → data.parquet
2026-07-13 13:43:42,215 | INFO     | api_backfiller | [api_backfiller] BTC.ETORO: 168 Candles konvertiert (price_prec=2, size_prec=8).
2026-07-13 13:43:42,224 | DEBUG    | api_backfiller | [api_backfiller] BTC.ETORO: 2338→2338 Zeilen (-0 Duplikate)
2026-07-13 13:43:42,232 | INFO     | api_backfiller | [api_backfiller] BTC.ETORO: 2338 Zeilen gespeichert (price_prec=2, size_prec=8) → data.parquet
2026-07-13 13:43:43,340 | DEBUG    | api_backfiller | [api_backfiller] CAG.ETORO: Precision-Fallback price_prec=2, size_prec=2
2026-07-13 13:43:43,545 | INFO     | api_backfiller | [api_backfiller] CAG.ETORO: 109 Candles konvertiert (price_prec=2, size_prec=2).
2026-07-13 13:43:43,548 | DEBUG    | api_backfiller | [api_backfiller] CAG.ETORO: 1857→1857 Zeilen (-0 Duplikate)
2026-07-13 13:43:43,550 | INFO     | api_backfiller | [api_backfiller] CAG.ETORO: 1857 Zeilen gespeichert (price_prec=2, size_prec=2) → data.parquet
2026-07-13 13:43:44,660 | DEBUG    | api_backfiller | [api_backfiller] CAT.ETORO: Precision-Fallback price_prec=2, size_prec=2
2026-07-13 13:43:44,879 | INFO     | api_backfiller | [api_backfiller] CAT.ETORO: 116 Candles konvertiert (price_prec=2, size_prec=2).
2026-07-13 13:43:44,890 | DEBUG    | api_backfiller | [api_backfiller] CAT.ETORO: 1878→1878 Zeilen (-0 Duplikate)
2026-07-13 13:43:44,896 | INFO     | api_backfiller | [api_backfiller] CAT.ETORO: 1878 Zeilen gespeichert (price_prec=2, size_prec=2) → data.parquet
2026-07-13 13:43:46,010 | DEBUG    | api_backfiller | [api_backfiller] CCL.ETORO: Precision-Fallback price_prec=2, size_prec=2
2026-07-13 13:43:46,209 | INFO     | api_backfiller | [api_backfiller] CCL.ETORO: 115 Candles konvertiert (price_prec=2, size_prec=2).
2026-07-13 13:43:46,218 | DEBUG    | api_backfiller | [api_backfiller] CCL.ETORO: 1874→1874 Zeilen (-0 Duplikate)
2026-07-13 13:43:46,225 | INFO     | api_backfiller | [api_backfiller] CCL.ETORO: 1874 Zeilen gespeichert (price_prec=2, size_prec=2) → data.parquet
2026-07-13 13:43:47,336 | DEBUG    | api_backfiller | [api_backfiller] CHTR.ETORO: Precision-Fallback price_prec=2, size_prec=2
2026-07-13 13:43:47,539 | INFO     | api_backfiller | [api_backfiller] CHTR.ETORO: 100 Candles konvertiert (price_prec=2, size_prec=2).
2026-07-13 13:43:47,547 | DEBUG    | api_backfiller | [api_backfiller] CHTR.ETORO: 1802→1802 Zeilen (-0 Duplikate)
2026-07-13 13:43:47,554 | INFO     | api_backfiller | [api_backfiller] CHTR.ETORO: 1802 Zeilen gespeichert (price_prec=2, size_prec=2) → data.parquet
2026-07-13 13:43:48,667 | DEBUG    | api_backfiller | [api_backfiller] CHWY.ETORO: Precision-Fallback price_prec=2, size_prec=2
2026-07-13 13:43:48,871 | INFO     | api_backfiller | [api_backfiller] CHWY.ETORO: 35 Candles konvertiert (price_prec=2, size_prec=2).
2026-07-13 13:43:48,874 | DEBUG    | api_backfiller | [api_backfiller] CHWY.ETORO: 1531→1531 Zeilen (-0 Duplikate)
2026-07-13 13:43:48,875 | INFO     | api_backfiller | [api_backfiller] CHWY.ETORO: 1531 Zeilen gespeichert (price_prec=2, size_prec=2) → data.parquet
2026-07-13 13:43:49,987 | DEBUG    | api_backfiller | [api_backfiller] CIEN.ETORO: Precision-Fallback price_prec=2, size_prec=2
2026-07-13 13:43:50,201 | INFO     | api_backfiller | [api_backfiller] CIEN.ETORO: 35 Candles konvertiert (price_prec=2, size_prec=2).
2026-07-13 13:43:50,210 | DEBUG    | api_backfiller | [api_backfiller] CIEN.ETORO: 1594→1594 Zeilen (-0 Duplikate)
2026-07-13 13:43:50,218 | INFO     | api_backfiller | [api_backfiller] CIEN.ETORO: 1594 Zeilen gespeichert (price_prec=2, size_prec=2) → data.parquet
2026-07-13 13:43:51,326 | DEBUG    | api_backfiller | [api_backfiller] CMG.ETORO: Precision-Fallback price_prec=2, size_prec=2
2026-07-13 13:43:51,534 | INFO     | api_backfiller | [api_backfiller] CMG.ETORO: 114 Candles konvertiert (price_prec=2, size_prec=2).
2026-07-13 13:43:51,542 | DEBUG    | api_backfiller | [api_backfiller] CMG.ETORO: 1864→1864 Zeilen (-0 Duplikate)
2026-07-13 13:43:51,544 | INFO     | api_backfiller | [api_backfiller] CMG.ETORO: 1864 Zeilen gespeichert (price_prec=2, size_prec=2) → data.parquet
2026-07-13 13:43:52,657 | DEBUG    | api_backfiller | [api_backfiller] COHR.ETORO: Precision-Fallback price_prec=2, size_prec=2
2026-07-13 13:43:52,865 | INFO     | api_backfiller | [api_backfiller] COHR.ETORO: 35 Candles konvertiert (price_prec=2, size_prec=2).
2026-07-13 13:43:52,873 | DEBUG    | api_backfiller | [api_backfiller] COHR.ETORO: 1594→1594 Zeilen (-0 Duplikate)
2026-07-13 13:43:52,875 | INFO     | api_backfiller | [api_backfiller] COHR.ETORO: 1594 Zeilen gespeichert (price_prec=2, size_prec=2) → data.parquet
2026-07-13 13:43:53,982 | DEBUG    | api_backfiller | [api_backfiller] COIN.ETORO: Precision-Fallback price_prec=2, size_prec=2
2026-07-13 13:43:54,195 | INFO     | api_backfiller | [api_backfiller] COIN.ETORO: 116 Candles konvertiert (price_prec=2, size_prec=2).
2026-07-13 13:43:54,203 | DEBUG    | api_backfiller | [api_backfiller] COIN.ETORO: 1632→1632 Zeilen (-0 Duplikate)
2026-07-13 13:43:54,207 | INFO     | api_backfiller | [api_backfiller] COIN.ETORO: 1632 Zeilen gespeichert (price_prec=2, size_prec=2) → data.parquet
2026-07-13 13:43:55,315 | DEBUG    | api_backfiller | [api_backfiller] CPRT.ETORO: Precision-Fallback price_prec=2, size_prec=2
2026-07-13 13:43:55,529 | INFO     | api_backfiller | [api_backfiller] CPRT.ETORO: 112 Candles konvertiert (price_prec=2, size_prec=2).
2026-07-13 13:43:55,537 | DEBUG    | api_backfiller | [api_backfiller] CPRT.ETORO: 1850→1850 Zeilen (-0 Duplikate)
2026-07-13 13:43:55,542 | INFO     | api_backfiller | [api_backfiller] CPRT.ETORO: 1850 Zeilen gespeichert (price_prec=2, size_prec=2) → data.parquet
2026-07-13 13:43:56,650 | DEBUG    | api_backfiller | [api_backfiller] CRM.ETORO: Precision-Fallback price_prec=2, size_prec=2
2026-07-13 13:43:57,267 | INFO     | api_backfiller | [api_backfiller] CRM.ETORO: 116 Candles konvertiert (price_prec=2, size_prec=2).
2026-07-13 13:43:57,279 | DEBUG    | api_backfiller | [api_backfiller] CRM.ETORO: 1877→1877 Zeilen (-0 Duplikate)
2026-07-13 13:43:57,286 | INFO     | api_backfiller | [api_backfiller] CRM.ETORO: 1877 Zeilen gespeichert (price_prec=2, size_prec=2) → data.parquet
2026-07-13 13:43:58,399 | DEBUG    | api_backfiller | [api_backfiller] CVE.ETORO: Precision-Fallback price_prec=2, size_prec=2
2026-07-13 13:43:58,599 | INFO     | api_backfiller | [api_backfiller] CVE.ETORO: 35 Candles konvertiert (price_prec=2, size_prec=2).
2026-07-13 13:43:58,608 | DEBUG    | api_backfiller | [api_backfiller] CVE.ETORO: 1530→1530 Zeilen (-0 Duplikate)
2026-07-13 13:43:58,614 | INFO     | api_backfiller | [api_backfiller] CVE.ETORO: 1530 Zeilen gespeichert (price_prec=2, size_prec=2) → data.parquet
2026-07-13 13:43:59,723 | DEBUG    | api_backfiller | [api_backfiller] DOCU.ETORO: Precision-Fallback price_prec=2, size_prec=2
2026-07-13 13:43:59,930 | INFO     | api_backfiller | [api_backfiller] DOCU.ETORO: 35 Candles konvertiert (price_prec=2, size_prec=2).
2026-07-13 13:43:59,934 | DEBUG    | api_backfiller | [api_backfiller] DOCU.ETORO: 1595→1595 Zeilen (-0 Duplikate)
2026-07-13 13:43:59,939 | INFO     | api_backfiller | [api_backfiller] DOCU.ETORO: 1595 Zeilen gespeichert (price_prec=2, size_prec=2) → data.parquet
2026-07-13 13:44:01,412 | INFO     | api_backfiller | [api_backfiller] DOGE.ETORO: 168 Candles konvertiert (price_prec=2, size_prec=8).
2026-07-13 13:44:01,421 | DEBUG    | api_backfiller | [api_backfiller] DOGE.ETORO: 2339→2339 Zeilen (-0 Duplikate)
2026-07-13 13:44:01,424 | INFO     | api_backfiller | [api_backfiller] DOGE.ETORO: 2339 Zeilen gespeichert (price_prec=2, size_prec=8) → data.parquet
2026-07-13 13:44:02,533 | DEBUG    | api_backfiller | [api_backfiller] DPZ.ETORO: Precision-Fallback price_prec=2, size_prec=2
2026-07-13 13:44:02,699 | INFO     | api_backfiller | [api_backfiller] DPZ.ETORO: 93 Candles konvertiert (price_prec=2, size_prec=2).
2026-07-13 13:44:02,706 | DEBUG    | api_backfiller | [api_backfiller] DPZ.ETORO: 1597→1597 Zeilen (-0 Duplikate)
2026-07-13 13:44:02,710 | INFO     | api_backfiller | [api_backfiller] DPZ.ETORO: 1597 Zeilen gespeichert (price_prec=2, size_prec=2) → data.parquet
2026-07-13 13:44:03,820 | DEBUG    | api_backfiller | [api_backfiller] DUOL.ETORO: Precision-Fallback price_prec=2, size_prec=2
2026-07-13 13:44:04,031 | INFO     | api_backfiller | [api_backfiller] DUOL.ETORO: 115 Candles konvertiert (price_prec=2, size_prec=2).
2026-07-13 13:44:04,035 | DEBUG    | api_backfiller | [api_backfiller] DUOL.ETORO: 1876→1876 Zeilen (-0 Duplikate)
2026-07-13 13:44:04,038 | INFO     | api_backfiller | [api_backfiller] DUOL.ETORO: 1876 Zeilen gespeichert (price_prec=2, size_prec=2) → data.parquet
2026-07-13 13:44:05,148 | DEBUG    | api_backfiller | [api_backfiller] E.ETORO: Precision-Fallback price_prec=2, size_prec=2
2026-07-13 13:44:05,281 | INFO     | api_backfiller | [api_backfiller] E.ETORO: 35 Candles konvertiert (price_prec=2, size_prec=2).
2026-07-13 13:44:05,286 | DEBUG    | api_backfiller | [api_backfiller] E.ETORO: 1594→1594 Zeilen (-0 Duplikate)
2026-07-13 13:44:05,288 | INFO     | api_backfiller | [api_backfiller] E.ETORO: 1594 Zeilen gespeichert (price_prec=2, size_prec=2) → data.parquet
2026-07-13 13:44:06,398 | DEBUG    | api_backfiller | [api_backfiller] EEFT.ETORO: Precision-Fallback price_prec=2, size_prec=2
2026-07-13 13:44:06,589 | INFO     | api_backfiller | [api_backfiller] EEFT.ETORO: 35 Candles konvertiert (price_prec=2, size_prec=2).
2026-07-13 13:44:06,595 | DEBUG    | api_backfiller | [api_backfiller] EEFT.ETORO: 1595→1595 Zeilen (-0 Duplikate)
2026-07-13 13:44:06,598 | INFO     | api_backfiller | [api_backfiller] EEFT.ETORO: 1595 Zeilen gespeichert (price_prec=2, size_prec=2) → data.parquet
2026-07-13 13:44:07,711 | DEBUG    | api_backfiller | [api_backfiller] ELF.ETORO: Precision-Fallback price_prec=2, size_prec=2
2026-07-13 13:44:07,920 | INFO     | api_backfiller | [api_backfiller] ELF.ETORO: 35 Candles konvertiert (price_prec=2, size_prec=2).
2026-07-13 13:44:07,927 | DEBUG    | api_backfiller | [api_backfiller] ELF.ETORO: 1592→1592 Zeilen (-0 Duplikate)
2026-07-13 13:44:07,929 | INFO     | api_backfiller | [api_backfiller] ELF.ETORO: 1592 Zeilen gespeichert (price_prec=2, size_prec=2) → data.parquet
2026-07-13 13:44:09,038 | DEBUG    | api_backfiller | [api_backfiller] ENLT.ETORO: Precision-Fallback price_prec=2, size_prec=2
2026-07-13 13:44:09,250 | INFO     | api_backfiller | [api_backfiller] ENLT.ETORO: 35 Candles konvertiert (price_prec=2, size_prec=2).
2026-07-13 13:44:09,258 | DEBUG    | api_backfiller | [api_backfiller] ENLT.ETORO: 1530→1530 Zeilen (-0 Duplikate)
2026-07-13 13:44:09,260 | INFO     | api_backfiller | [api_backfiller] ENLT.ETORO: 1530 Zeilen gespeichert (price_prec=2, size_prec=2) → data.parquet
2026-07-13 13:44:10,372 | DEBUG    | api_backfiller | [api_backfiller] ESLT.ETORO: Precision-Fallback price_prec=2, size_prec=2
2026-07-13 13:44:10,582 | INFO     | api_backfiller | [api_backfiller] ESLT.ETORO: 35 Candles konvertiert (price_prec=2, size_prec=2).
2026-07-13 13:44:10,588 | DEBUG    | api_backfiller | [api_backfiller] ESLT.ETORO: 1209→1209 Zeilen (-0 Duplikate)
2026-07-13 13:44:10,593 | INFO     | api_backfiller | [api_backfiller] ESLT.ETORO: 1209 Zeilen gespeichert (price_prec=2, size_prec=2) → data.parquet
2026-07-13 13:44:11,824 | INFO     | api_backfiller | [api_backfiller] ETH.ETORO: 168 Candles konvertiert (price_prec=2, size_prec=8).
2026-07-13 13:44:11,836 | DEBUG    | api_backfiller | [api_backfiller] ETH.ETORO: 2338→2338 Zeilen (-0 Duplikate)
2026-07-13 13:44:11,838 | INFO     | api_backfiller | [api_backfiller] ETH.ETORO: 2338 Zeilen gespeichert (price_prec=2, size_prec=8) → data.parquet
2026-07-13 13:44:12,943 | DEBUG    | api_backfiller | [api_backfiller] FDX.ETORO: Precision-Fallback price_prec=2, size_prec=2
2026-07-13 13:44:13,080 | INFO     | api_backfiller | [api_backfiller] FDX.ETORO: 95 Candles konvertiert (price_prec=2, size_prec=2).
2026-07-13 13:44:13,084 | DEBUG    | api_backfiller | [api_backfiller] FDX.ETORO: 1814→1814 Zeilen (-0 Duplikate)
2026-07-13 13:44:13,086 | INFO     | api_backfiller | [api_backfiller] FDX.ETORO: 1814 Zeilen gespeichert (price_prec=2, size_prec=2) → data.parquet
2026-07-13 13:44:14,193 | DEBUG    | api_backfiller | [api_backfiller] FICO.ETORO: Precision-Fallback price_prec=2, size_prec=2
2026-07-13 13:44:14,328 | INFO     | api_backfiller | [api_backfiller] FICO.ETORO: 64 Candles konvertiert (price_prec=2, size_prec=2).
2026-07-13 13:44:14,332 | DEBUG    | api_backfiller | [api_backfiller] FICO.ETORO: 1706→1706 Zeilen (-0 Duplikate)
2026-07-13 13:44:14,335 | INFO     | api_backfiller | [api_backfiller] FICO.ETORO: 1706 Zeilen gespeichert (price_prec=2, size_prec=2) → data.parquet
2026-07-13 13:44:15,440 | DEBUG    | api_backfiller | [api_backfiller] FISV.ETORO: Precision-Fallback price_prec=2, size_prec=2
2026-07-13 13:44:15,592 | INFO     | api_backfiller | [api_backfiller] FISV.ETORO: 105 Candles konvertiert (price_prec=2, size_prec=2).
2026-07-13 13:44:15,597 | DEBUG    | api_backfiller | [api_backfiller] FISV.ETORO: 1861→1861 Zeilen (-0 Duplikate)
2026-07-13 13:44:15,600 | INFO     | api_backfiller | [api_backfiller] FISV.ETORO: 1861 Zeilen gespeichert (price_prec=2, size_prec=2) → data.parquet
2026-07-13 13:44:16,710 | DEBUG    | api_backfiller | [api_backfiller] FORM.ETORO: Precision-Fallback price_prec=2, size_prec=2
2026-07-13 13:44:16,861 | INFO     | api_backfiller | [api_backfiller] FORM.ETORO: 34 Candles konvertiert (price_prec=2, size_prec=2).
2026-07-13 13:44:16,865 | DEBUG    | api_backfiller | [api_backfiller] FORM.ETORO: 1529→1529 Zeilen (-0 Duplikate)
2026-07-13 13:44:16,870 | INFO     | api_backfiller | [api_backfiller] FORM.ETORO: 1529 Zeilen gespeichert (price_prec=2, size_prec=2) → data.parquet
2026-07-13 13:44:17,974 | DEBUG    | api_backfiller | [api_backfiller] FRO.ETORO: Precision-Fallback price_prec=2, size_prec=2
2026-07-13 13:44:18,104 | INFO     | api_backfiller | [api_backfiller] FRO.ETORO: 35 Candles konvertiert (price_prec=2, size_prec=2).
2026-07-13 13:44:18,111 | DEBUG    | api_backfiller | [api_backfiller] FRO.ETORO: 1592→1592 Zeilen (-0 Duplikate)
2026-07-13 13:44:18,114 | INFO     | api_backfiller | [api_backfiller] FRO.ETORO: 1592 Zeilen gespeichert (price_prec=2, size_prec=2) → data.parquet
2026-07-13 13:44:19,217 | DEBUG    | api_backfiller | [api_backfiller] FSLY.ETORO: Precision-Fallback price_prec=2, size_prec=2
2026-07-13 13:44:19,380 | INFO     | api_backfiller | [api_backfiller] FSLY.ETORO: 34 Candles konvertiert (price_prec=2, size_prec=2).
2026-07-13 13:44:19,385 | DEBUG    | api_backfiller | [api_backfiller] FSLY.ETORO: 1593→1593 Zeilen (-0 Duplikate)
2026-07-13 13:44:19,388 | INFO     | api_backfiller | [api_backfiller] FSLY.ETORO: 1593 Zeilen gespeichert (price_prec=2, size_prec=2) → data.parquet
2026-07-13 13:44:20,493 | DEBUG    | api_backfiller | [api_backfiller] GEV.ETORO: Precision-Fallback price_prec=2, size_prec=2
2026-07-13 13:44:20,667 | INFO     | api_backfiller | [api_backfiller] GEV.ETORO: 116 Candles konvertiert (price_prec=2, size_prec=2).
2026-07-13 13:44:20,673 | DEBUG    | api_backfiller | [api_backfiller] GEV.ETORO: 1878→1878 Zeilen (-0 Duplikate)
2026-07-13 13:44:20,676 | INFO     | api_backfiller | [api_backfiller] GEV.ETORO: 1878 Zeilen gespeichert (price_prec=2, size_prec=2) → data.parquet
2026-07-13 13:44:21,786 | DEBUG    | api_backfiller | [api_backfiller] GIS.ETORO: Precision-Fallback price_prec=2, size_prec=2
2026-07-13 13:44:21,934 | INFO     | api_backfiller | [api_backfiller] GIS.ETORO: 114 Candles konvertiert (price_prec=2, size_prec=2).
2026-07-13 13:44:21,943 | DEBUG    | api_backfiller | [api_backfiller] GIS.ETORO: 1871→1871 Zeilen (-0 Duplikate)
2026-07-13 13:44:21,946 | INFO     | api_backfiller | [api_backfiller] GIS.ETORO: 1871 Zeilen gespeichert (price_prec=2, size_prec=2) → data.parquet
2026-07-13 13:44:23,058 | DEBUG    | api_backfiller | [api_backfiller] GLW.ETORO: Precision-Fallback price_prec=2, size_prec=2
2026-07-13 13:44:23,635 | INFO     | api_backfiller | [api_backfiller] GLW.ETORO: 116 Candles konvertiert (price_prec=2, size_prec=2).
2026-07-13 13:44:23,640 | DEBUG    | api_backfiller | [api_backfiller] GLW.ETORO: 1878→1878 Zeilen (-0 Duplikate)
2026-07-13 13:44:23,643 | INFO     | api_backfiller | [api_backfiller] GLW.ETORO: 1878 Zeilen gespeichert (price_prec=2, size_prec=2) → data.parquet
2026-07-13 13:44:24,751 | DEBUG    | api_backfiller | [api_backfiller] GOOG.ETORO: Precision-Fallback price_prec=2, size_prec=2
2026-07-13 13:44:24,898 | INFO     | api_backfiller | [api_backfiller] GOOG.ETORO: 116 Candles konvertiert (price_prec=2, size_prec=2).
2026-07-13 13:44:24,903 | DEBUG    | api_backfiller | [api_backfiller] GOOG.ETORO: 1878→1878 Zeilen (-0 Duplikate)
2026-07-13 13:44:24,909 | INFO     | api_backfiller | [api_backfiller] GOOG.ETORO: 1878 Zeilen gespeichert (price_prec=2, size_prec=2) → data.parquet
2026-07-13 13:44:26,024 | DEBUG    | api_backfiller | [api_backfiller] GOOGL.ETORO: Precision-Fallback price_prec=2, size_prec=2
2026-07-13 13:44:26,155 | INFO     | api_backfiller | [api_backfiller] GOOGL.ETORO: 116 Candles konvertiert (price_prec=2, size_prec=2).
2026-07-13 13:44:26,159 | DEBUG    | api_backfiller | [api_backfiller] GOOGL.ETORO: 1877→1877 Zeilen (-0 Duplikate)
2026-07-13 13:44:26,160 | INFO     | api_backfiller | [api_backfiller] GOOGL.ETORO: 1877 Zeilen gespeichert (price_prec=2, size_prec=2) → data.parquet
2026-07-13 13:44:27,269 | DEBUG    | api_backfiller | [api_backfiller] GSAT.ETORO: Precision-Fallback price_prec=2, size_prec=2
2026-07-13 13:44:27,413 | INFO     | api_backfiller | [api_backfiller] GSAT.ETORO: 35 Candles konvertiert (price_prec=2, size_prec=2).
2026-07-13 13:44:27,419 | DEBUG    | api_backfiller | [api_backfiller] GSAT.ETORO: 1594→1594 Zeilen (-0 Duplikate)
2026-07-13 13:44:27,421 | INFO     | api_backfiller | [api_backfiller] GSAT.ETORO: 1594 Zeilen gespeichert (price_prec=2, size_prec=2) → data.parquet
2026-07-13 13:44:28,534 | DEBUG    | api_backfiller | [api_backfiller] GTLB.ETORO: Precision-Fallback price_prec=2, size_prec=2
2026-07-13 13:44:28,666 | INFO     | api_backfiller | [api_backfiller] GTLB.ETORO: 35 Candles konvertiert (price_prec=2, size_prec=2).
2026-07-13 13:44:28,669 | DEBUG    | api_backfiller | [api_backfiller] GTLB.ETORO: 1595→1595 Zeilen (-0 Duplikate)
2026-07-13 13:44:28,671 | INFO     | api_backfiller | [api_backfiller] GTLB.ETORO: 1595 Zeilen gespeichert (price_prec=2, size_prec=2) → data.parquet
2026-07-13 13:44:29,784 | DEBUG    | api_backfiller | [api_backfiller] HAL.ETORO: Precision-Fallback price_prec=2, size_prec=2
2026-07-13 13:44:30,027 | INFO     | api_backfiller | [api_backfiller] HAL.ETORO: 108 Candles konvertiert (price_prec=2, size_prec=2).
2026-07-13 13:44:30,031 | DEBUG    | api_backfiller | [api_backfiller] HAL.ETORO: 1842→1842 Zeilen (-0 Duplikate)
2026-07-13 13:44:30,032 | INFO     | api_backfiller | [api_backfiller] HAL.ETORO: 1842 Zeilen gespeichert (price_prec=2, size_prec=2) → data.parquet
2026-07-13 13:44:31,146 | DEBUG    | api_backfiller | [api_backfiller] HUBS.ETORO: Precision-Fallback price_prec=2, size_prec=2
2026-07-13 13:44:31,277 | INFO     | api_backfiller | [api_backfiller] HUBS.ETORO: 35 Candles konvertiert (price_prec=2, size_prec=2).
2026-07-13 13:44:31,286 | DEBUG    | api_backfiller | [api_backfiller] HUBS.ETORO: 1594→1594 Zeilen (-0 Duplikate)
2026-07-13 13:44:31,294 | INFO     | api_backfiller | [api_backfiller] HUBS.ETORO: 1594 Zeilen gespeichert (price_prec=2, size_prec=2) → data.parquet
2026-07-13 13:44:32,399 | DEBUG    | api_backfiller | [api_backfiller] HUT.ETORO: Precision-Fallback price_prec=2, size_prec=2
2026-07-13 13:44:32,515 | INFO     | api_backfiller | [api_backfiller] HUT.ETORO: 35 Candles konvertiert (price_prec=2, size_prec=2).
2026-07-13 13:44:32,526 | DEBUG    | api_backfiller | [api_backfiller] HUT.ETORO: 1595→1595 Zeilen (-0 Duplikate)
2026-07-13 13:44:32,533 | INFO     | api_backfiller | [api_backfiller] HUT.ETORO: 1595 Zeilen gespeichert (price_prec=2, size_prec=2) → data.parquet
2026-07-13 13:44:34,158 | INFO     | api_backfiller | [api_backfiller] HYPE.ETORO: 168 Candles konvertiert (price_prec=2, size_prec=8).
2026-07-13 13:44:34,166 | DEBUG    | api_backfiller | [api_backfiller] HYPE.ETORO: 1905→1905 Zeilen (-0 Duplikate)
2026-07-13 13:44:34,172 | INFO     | api_backfiller | [api_backfiller] HYPE.ETORO: 1905 Zeilen gespeichert (price_prec=2, size_prec=8) → data.parquet
2026-07-13 13:44:35,285 | DEBUG    | api_backfiller | [api_backfiller] INSM.ETORO: Precision-Fallback price_prec=2, size_prec=2
2026-07-13 13:44:35,451 | INFO     | api_backfiller | [api_backfiller] INSM.ETORO: 35 Candles konvertiert (price_prec=2, size_prec=2).
2026-07-13 13:44:35,455 | DEBUG    | api_backfiller | [api_backfiller] INSM.ETORO: 1595→1595 Zeilen (-0 Duplikate)
2026-07-13 13:44:35,457 | INFO     | api_backfiller | [api_backfiller] INSM.ETORO: 1595 Zeilen gespeichert (price_prec=2, size_prec=2) → data.parquet
2026-07-13 13:44:36,568 | DEBUG    | api_backfiller | [api_backfiller] INSW.ETORO: Precision-Fallback price_prec=2, size_prec=2
2026-07-13 13:44:36,714 | INFO     | api_backfiller | [api_backfiller] INSW.ETORO: 35 Candles konvertiert (price_prec=2, size_prec=2).
2026-07-13 13:44:36,723 | DEBUG    | api_backfiller | [api_backfiller] INSW.ETORO: 1590→1590 Zeilen (-0 Duplikate)
2026-07-13 13:44:36,730 | INFO     | api_backfiller | [api_backfiller] INSW.ETORO: 1590 Zeilen gespeichert (price_prec=2, size_prec=2) → data.parquet
2026-07-13 13:44:37,844 | DEBUG    | api_backfiller | [api_backfiller] INTU.ETORO: Precision-Fallback price_prec=2, size_prec=2
2026-07-13 13:44:38,025 | INFO     | api_backfiller | [api_backfiller] INTU.ETORO: 116 Candles konvertiert (price_prec=2, size_prec=2).
2026-07-13 13:44:38,032 | DEBUG    | api_backfiller | [api_backfiller] INTU.ETORO: 1877→1877 Zeilen (-0 Duplikate)
2026-07-13 13:44:38,034 | INFO     | api_backfiller | [api_backfiller] INTU.ETORO: 1877 Zeilen gespeichert (price_prec=2, size_prec=2) → data.parquet
2026-07-13 13:44:39,148 | DEBUG    | api_backfiller | [api_backfiller] JAZZ.ETORO: Precision-Fallback price_prec=2, size_prec=2
2026-07-13 13:44:39,272 | INFO     | api_backfiller | [api_backfiller] JAZZ.ETORO: 35 Candles konvertiert (price_prec=2, size_prec=2).
2026-07-13 13:44:39,281 | DEBUG    | api_backfiller | [api_backfiller] JAZZ.ETORO: 1593→1593 Zeilen (-0 Duplikate)
2026-07-13 13:44:39,282 | INFO     | api_backfiller | [api_backfiller] JAZZ.ETORO: 1593 Zeilen gespeichert (price_prec=2, size_prec=2) → data.parquet
2026-07-13 13:44:40,390 | DEBUG    | api_backfiller | [api_backfiller] JNJ.ETORO: Precision-Fallback price_prec=2, size_prec=2
2026-07-13 13:44:40,562 | INFO     | api_backfiller | [api_backfiller] JNJ.ETORO: 116 Candles konvertiert (price_prec=2, size_prec=2).
2026-07-13 13:44:40,568 | DEBUG    | api_backfiller | [api_backfiller] JNJ.ETORO: 1875→1875 Zeilen (-0 Duplikate)
2026-07-13 13:44:40,571 | INFO     | api_backfiller | [api_backfiller] JNJ.ETORO: 1875 Zeilen gespeichert (price_prec=2, size_prec=2) → data.parquet
2026-07-13 13:44:41,679 | DEBUG    | api_backfiller | [api_backfiller] KD.ETORO: Precision-Fallback price_prec=2, size_prec=2
2026-07-13 13:44:41,800 | INFO     | api_backfiller | [api_backfiller] KD.ETORO: 34 Candles konvertiert (price_prec=2, size_prec=2).
2026-07-13 13:44:41,803 | DEBUG    | api_backfiller | [api_backfiller] KD.ETORO: 1593→1593 Zeilen (-0 Duplikate)
2026-07-13 13:44:41,805 | INFO     | api_backfiller | [api_backfiller] KD.ETORO: 1593 Zeilen gespeichert (price_prec=2, size_prec=2) → data.parquet
2026-07-13 13:44:42,914 | DEBUG    | api_backfiller | [api_backfiller] LQDA.ETORO: Precision-Fallback price_prec=2, size_prec=2
2026-07-13 13:44:43,046 | INFO     | api_backfiller | [api_backfiller] LQDA.ETORO: 35 Candles konvertiert (price_prec=2, size_prec=2).
2026-07-13 13:44:43,049 | DEBUG    | api_backfiller | [api_backfiller] LQDA.ETORO: 1595→1595 Zeilen (-0 Duplikate)
2026-07-13 13:44:43,050 | INFO     | api_backfiller | [api_backfiller] LQDA.ETORO: 1595 Zeilen gespeichert (price_prec=2, size_prec=2) → data.parquet
2026-07-13 13:44:44,157 | DEBUG    | api_backfiller | [api_backfiller] LRCX.ETORO: Precision-Fallback price_prec=2, size_prec=2
2026-07-13 13:44:44,296 | INFO     | api_backfiller | [api_backfiller] LRCX.ETORO: 116 Candles konvertiert (price_prec=2, size_prec=2).
2026-07-13 13:44:44,299 | DEBUG    | api_backfiller | [api_backfiller] LRCX.ETORO: 1876→1876 Zeilen (-0 Duplikate)
2026-07-13 13:44:44,301 | INFO     | api_backfiller | [api_backfiller] LRCX.ETORO: 1876 Zeilen gespeichert (price_prec=2, size_prec=2) → data.parquet
2026-07-13 13:44:45,405 | DEBUG    | api_backfiller | [api_backfiller] LSCC.ETORO: Precision-Fallback price_prec=2, size_prec=2
2026-07-13 13:44:45,540 | INFO     | api_backfiller | [api_backfiller] LSCC.ETORO: 35 Candles konvertiert (price_prec=2, size_prec=2).
2026-07-13 13:44:45,545 | DEBUG    | api_backfiller | [api_backfiller] LSCC.ETORO: 1530→1530 Zeilen (-0 Duplikate)
2026-07-13 13:44:45,548 | INFO     | api_backfiller | [api_backfiller] LSCC.ETORO: 1530 Zeilen gespeichert (price_prec=2, size_prec=2) → data.parquet
2026-07-13 13:44:46,655 | DEBUG    | api_backfiller | [api_backfiller] LULU.ETORO: Precision-Fallback price_prec=2, size_prec=2
2026-07-13 13:44:46,780 | INFO     | api_backfiller | [api_backfiller] LULU.ETORO: 116 Candles konvertiert (price_prec=2, size_prec=2).
2026-07-13 13:44:46,786 | DEBUG    | api_backfiller | [api_backfiller] LULU.ETORO: 1876→1876 Zeilen (-0 Duplikate)
2026-07-13 13:44:46,788 | INFO     | api_backfiller | [api_backfiller] LULU.ETORO: 1876 Zeilen gespeichert (price_prec=2, size_prec=2) → data.parquet
2026-07-13 13:44:47,894 | DEBUG    | api_backfiller | [api_backfiller] MBLY.ETORO: Precision-Fallback price_prec=2, size_prec=2
2026-07-13 13:44:48,030 | INFO     | api_backfiller | [api_backfiller] MBLY.ETORO: 35 Candles konvertiert (price_prec=2, size_prec=2).
2026-07-13 13:44:48,034 | DEBUG    | api_backfiller | [api_backfiller] MBLY.ETORO: 1531→1531 Zeilen (-0 Duplikate)
2026-07-13 13:44:48,035 | INFO     | api_backfiller | [api_backfiller] MBLY.ETORO: 1531 Zeilen gespeichert (price_prec=2, size_prec=2) → data.parquet
2026-07-13 13:44:49,146 | DEBUG    | api_backfiller | [api_backfiller] MNDY.ETORO: Precision-Fallback price_prec=2, size_prec=2
2026-07-13 13:44:49,272 | INFO     | api_backfiller | [api_backfiller] MNDY.ETORO: 35 Candles konvertiert (price_prec=2, size_prec=2).
2026-07-13 13:44:49,277 | DEBUG    | api_backfiller | [api_backfiller] MNDY.ETORO: 1595→1595 Zeilen (-0 Duplikate)
2026-07-13 13:44:49,279 | INFO     | api_backfiller | [api_backfiller] MNDY.ETORO: 1595 Zeilen gespeichert (price_prec=2, size_prec=2) → data.parquet
2026-07-13 13:44:50,387 | DEBUG    | api_backfiller | [api_backfiller] MOD.ETORO: Precision-Fallback price_prec=2, size_prec=2
2026-07-13 13:44:50,521 | INFO     | api_backfiller | [api_backfiller] MOD.ETORO: 35 Candles konvertiert (price_prec=2, size_prec=2).
2026-07-13 13:44:50,525 | DEBUG    | api_backfiller | [api_backfiller] MOD.ETORO: 1530→1530 Zeilen (-0 Duplikate)
2026-07-13 13:44:50,528 | INFO     | api_backfiller | [api_backfiller] MOD.ETORO: 1530 Zeilen gespeichert (price_prec=2, size_prec=2) → data.parquet
2026-07-13 13:44:51,636 | DEBUG    | api_backfiller | [api_backfiller] MRVL.ETORO: Precision-Fallback price_prec=2, size_prec=2
2026-07-13 13:44:51,774 | INFO     | api_backfiller | [api_backfiller] MRVL.ETORO: 116 Candles konvertiert (price_prec=2, size_prec=2).
2026-07-13 13:44:51,778 | DEBUG    | api_backfiller | [api_backfiller] MRVL.ETORO: 1878→1878 Zeilen (-0 Duplikate)
2026-07-13 13:44:51,780 | INFO     | api_backfiller | [api_backfiller] MRVL.ETORO: 1878 Zeilen gespeichert (price_prec=2, size_prec=2) → data.parquet
2026-07-13 13:44:52,887 | DEBUG    | api_backfiller | [api_backfiller] MSTR.ETORO: Precision-Fallback price_prec=2, size_prec=2
2026-07-13 13:44:53,026 | INFO     | api_backfiller | [api_backfiller] MSTR.ETORO: 116 Candles konvertiert (price_prec=2, size_prec=2).
2026-07-13 13:44:53,035 | DEBUG    | api_backfiller | [api_backfiller] MSTR.ETORO: 1878→1878 Zeilen (-0 Duplikate)
2026-07-13 13:44:53,039 | INFO     | api_backfiller | [api_backfiller] MSTR.ETORO: 1878 Zeilen gespeichert (price_prec=2, size_prec=2) → data.parquet
2026-07-13 13:44:54,147 | DEBUG    | api_backfiller | [api_backfiller] MTZ.ETORO: Precision-Fallback price_prec=2, size_prec=2
2026-07-13 13:44:54,273 | INFO     | api_backfiller | [api_backfiller] MTZ.ETORO: 35 Candles konvertiert (price_prec=2, size_prec=2).
2026-07-13 13:44:54,277 | DEBUG    | api_backfiller | [api_backfiller] MTZ.ETORO: 1594→1594 Zeilen (-0 Duplikate)
2026-07-13 13:44:54,279 | INFO     | api_backfiller | [api_backfiller] MTZ.ETORO: 1594 Zeilen gespeichert (price_prec=2, size_prec=2) → data.parquet
2026-07-13 13:44:55,393 | DEBUG    | api_backfiller | [api_backfiller] MU.ETORO: Precision-Fallback price_prec=2, size_prec=2
2026-07-13 13:44:56,457 | INFO     | api_backfiller | [api_backfiller] MU.ETORO: 116 Candles konvertiert (price_prec=2, size_prec=2).
2026-07-13 13:44:56,466 | DEBUG    | api_backfiller | [api_backfiller] MU.ETORO: 1877→1877 Zeilen (-0 Duplikate)
2026-07-13 13:44:56,468 | INFO     | api_backfiller | [api_backfiller] MU.ETORO: 1877 Zeilen gespeichert (price_prec=2, size_prec=2) → data.parquet
2026-07-13 13:44:57,728 | INFO     | api_backfiller | [api_backfiller] NATGAS.ETORO: 115 Candles konvertiert (price_prec=5, size_prec=5).
2026-07-13 13:44:57,736 | DEBUG    | api_backfiller | [api_backfiller] NATGAS.ETORO: 1914→1914 Zeilen (-0 Duplikate)
2026-07-13 13:44:57,738 | INFO     | api_backfiller | [api_backfiller] NATGAS.ETORO: 1914 Zeilen gespeichert (price_prec=5, size_prec=5) → data.parquet
2026-07-13 13:44:58,850 | DEBUG    | api_backfiller | [api_backfiller] NKE.ETORO: Precision-Fallback price_prec=2, size_prec=2
2026-07-13 13:44:58,982 | INFO     | api_backfiller | [api_backfiller] NKE.ETORO: 116 Candles konvertiert (price_prec=2, size_prec=2).
2026-07-13 13:44:58,989 | DEBUG    | api_backfiller | [api_backfiller] NKE.ETORO: 1632→1632 Zeilen (-0 Duplikate)
2026-07-13 13:44:58,994 | INFO     | api_backfiller | [api_backfiller] NKE.ETORO: 1632 Zeilen gespeichert (price_prec=2, size_prec=2) → data.parquet
2026-07-13 13:45:00,102 | DEBUG    | api_backfiller | [api_backfiller] NOK.ETORO: Precision-Fallback price_prec=2, size_prec=2
2026-07-13 13:45:00,245 | INFO     | api_backfiller | [api_backfiller] NOK.ETORO: 35 Candles konvertiert (price_prec=2, size_prec=2).
2026-07-13 13:45:00,251 | DEBUG    | api_backfiller | [api_backfiller] NOK.ETORO: 1594→1594 Zeilen (-0 Duplikate)
2026-07-13 13:45:00,257 | INFO     | api_backfiller | [api_backfiller] NOK.ETORO: 1594 Zeilen gespeichert (price_prec=2, size_prec=2) → data.parquet
2026-07-13 13:45:01,370 | DEBUG    | api_backfiller | [api_backfiller] NOW.ETORO: Precision-Fallback price_prec=2, size_prec=2
2026-07-13 13:45:01,685 | INFO     | api_backfiller | [api_backfiller] NOW.ETORO: 116 Candles konvertiert (price_prec=2, size_prec=2).
2026-07-13 13:45:01,688 | DEBUG    | api_backfiller | [api_backfiller] NOW.ETORO: 1878→1878 Zeilen (-0 Duplikate)
2026-07-13 13:45:01,690 | INFO     | api_backfiller | [api_backfiller] NOW.ETORO: 1878 Zeilen gespeichert (price_prec=2, size_prec=2) → data.parquet
2026-07-13 13:45:02,801 | DEBUG    | api_backfiller | [api_backfiller] NTSK.ETORO: Precision-Fallback price_prec=2, size_prec=2
2026-07-13 13:45:03,012 | INFO     | api_backfiller | [api_backfiller] NTSK.ETORO: 34 Candles konvertiert (price_prec=2, size_prec=2).
2026-07-13 13:45:03,021 | DEBUG    | api_backfiller | [api_backfiller] NTSK.ETORO: 1290→1290 Zeilen (-0 Duplikate)
2026-07-13 13:45:03,026 | INFO     | api_backfiller | [api_backfiller] NTSK.ETORO: 1290 Zeilen gespeichert (price_prec=2, size_prec=2) → data.parquet
2026-07-13 13:45:04,139 | DEBUG    | api_backfiller | [api_backfiller] NVDA.ETORO: Precision-Fallback price_prec=2, size_prec=2
2026-07-13 13:45:04,343 | INFO     | api_backfiller | [api_backfiller] NVDA.ETORO: 116 Candles konvertiert (price_prec=2, size_prec=2).
2026-07-13 13:45:04,351 | DEBUG    | api_backfiller | [api_backfiller] NVDA.ETORO: 1878→1878 Zeilen (-0 Duplikate)
2026-07-13 13:45:04,353 | INFO     | api_backfiller | [api_backfiller] NVDA.ETORO: 1878 Zeilen gespeichert (price_prec=2, size_prec=2) → data.parquet
2026-07-13 13:45:05,464 | DEBUG    | api_backfiller | [api_backfiller] NVO.ETORO: Precision-Fallback price_prec=2, size_prec=2
2026-07-13 13:45:05,989 | INFO     | api_backfiller | [api_backfiller] NVO.ETORO: 35 Candles konvertiert (price_prec=2, size_prec=2).
2026-07-13 13:45:05,992 | DEBUG    | api_backfiller | [api_backfiller] NVO.ETORO: 1594→1594 Zeilen (-0 Duplikate)
2026-07-13 13:45:05,994 | INFO     | api_backfiller | [api_backfiller] NVO.ETORO: 1594 Zeilen gespeichert (price_prec=2, size_prec=2) → data.parquet
2026-07-13 13:45:07,104 | DEBUG    | api_backfiller | [api_backfiller] NVS.ETORO: Precision-Fallback price_prec=2, size_prec=2
2026-07-13 13:45:07,247 | INFO     | api_backfiller | [api_backfiller] NVS.ETORO: 35 Candles konvertiert (price_prec=2, size_prec=2).
2026-07-13 13:45:07,254 | DEBUG    | api_backfiller | [api_backfiller] NVS.ETORO: 1594→1594 Zeilen (-0 Duplikate)
2026-07-13 13:45:07,256 | INFO     | api_backfiller | [api_backfiller] NVS.ETORO: 1594 Zeilen gespeichert (price_prec=2, size_prec=2) → data.parquet
2026-07-13 13:45:08,539 | INFO     | api_backfiller | [api_backfiller] ONDO.ETORO: 168 Candles konvertiert (price_prec=2, size_prec=8).
2026-07-13 13:45:08,543 | DEBUG    | api_backfiller | [api_backfiller] ONDO.ETORO: 2338→2338 Zeilen (-0 Duplikate)
2026-07-13 13:45:08,545 | INFO     | api_backfiller | [api_backfiller] ONDO.ETORO: 2338 Zeilen gespeichert (price_prec=2, size_prec=8) → data.parquet
2026-07-13 13:45:09,653 | DEBUG    | api_backfiller | [api_backfiller] ONTO.ETORO: Precision-Fallback price_prec=2, size_prec=2
2026-07-13 13:45:09,789 | INFO     | api_backfiller | [api_backfiller] ONTO.ETORO: 35 Candles konvertiert (price_prec=2, size_prec=2).
2026-07-13 13:45:09,794 | DEBUG    | api_backfiller | [api_backfiller] ONTO.ETORO: 1530→1530 Zeilen (-0 Duplikate)
2026-07-13 13:45:09,797 | INFO     | api_backfiller | [api_backfiller] ONTO.ETORO: 1530 Zeilen gespeichert (price_prec=2, size_prec=2) → data.parquet
2026-07-13 13:45:11,069 | INFO     | api_backfiller | [api_backfiller] PALL.ETORO: 35 Candles konvertiert (price_prec=5, size_prec=5).
2026-07-13 13:45:11,077 | DEBUG    | api_backfiller | [api_backfiller] PALL.ETORO: 1594→1594 Zeilen (-0 Duplikate)
2026-07-13 13:45:11,079 | INFO     | api_backfiller | [api_backfiller] PALL.ETORO: 1594 Zeilen gespeichert (price_prec=5, size_prec=5) → data.parquet
2026-07-13 13:45:12,190 | DEBUG    | api_backfiller | [api_backfiller] PBR.ETORO: Precision-Fallback price_prec=2, size_prec=2
2026-07-13 13:45:12,317 | INFO     | api_backfiller | [api_backfiller] PBR.ETORO: 35 Candles konvertiert (price_prec=2, size_prec=2).
2026-07-13 13:45:12,320 | DEBUG    | api_backfiller | [api_backfiller] PBR.ETORO: 1594→1594 Zeilen (-0 Duplikate)
2026-07-13 13:45:12,321 | INFO     | api_backfiller | [api_backfiller] PBR.ETORO: 1594 Zeilen gespeichert (price_prec=2, size_prec=2) → data.parquet
2026-07-13 13:45:13,606 | INFO     | api_backfiller | [api_backfiller] PEPExM.ETORO: 168 Candles konvertiert (price_prec=8, size_prec=8).
2026-07-13 13:45:13,615 | DEBUG    | api_backfiller | [api_backfiller] PEPExM.ETORO: 2252→2252 Zeilen (-0 Duplikate)
2026-07-13 13:45:13,617 | INFO     | api_backfiller | [api_backfiller] PEPExM.ETORO: 2252 Zeilen gespeichert (price_prec=8, size_prec=8) → data.parquet
2026-07-13 13:45:14,720 | DEBUG    | api_backfiller | [api_backfiller] PINS.ETORO: Precision-Fallback price_prec=2, size_prec=2
2026-07-13 13:45:14,851 | INFO     | api_backfiller | [api_backfiller] PINS.ETORO: 35 Candles konvertiert (price_prec=2, size_prec=2).
2026-07-13 13:45:14,859 | DEBUG    | api_backfiller | [api_backfiller] PINS.ETORO: 1594→1594 Zeilen (-0 Duplikate)
2026-07-13 13:45:14,862 | INFO     | api_backfiller | [api_backfiller] PINS.ETORO: 1594 Zeilen gespeichert (price_prec=2, size_prec=2) → data.parquet
2026-07-13 13:45:15,971 | DEBUG    | api_backfiller | [api_backfiller] PLTR.ETORO: Precision-Fallback price_prec=2, size_prec=2
2026-07-13 13:45:16,100 | INFO     | api_backfiller | [api_backfiller] PLTR.ETORO: 116 Candles konvertiert (price_prec=2, size_prec=2).
2026-07-13 13:45:16,105 | DEBUG    | api_backfiller | [api_backfiller] PLTR.ETORO: 1878→1878 Zeilen (-0 Duplikate)
2026-07-13 13:45:16,108 | INFO     | api_backfiller | [api_backfiller] PLTR.ETORO: 1878 Zeilen gespeichert (price_prec=2, size_prec=2) → data.parquet
2026-07-13 13:45:17,219 | DEBUG    | api_backfiller | [api_backfiller] POWL.ETORO: Precision-Fallback price_prec=2, size_prec=2
2026-07-13 13:45:17,367 | INFO     | api_backfiller | [api_backfiller] POWL.ETORO: 35 Candles konvertiert (price_prec=2, size_prec=2).
2026-07-13 13:45:17,372 | DEBUG    | api_backfiller | [api_backfiller] POWL.ETORO: 1595→1595 Zeilen (-0 Duplikate)
2026-07-13 13:45:17,374 | INFO     | api_backfiller | [api_backfiller] POWL.ETORO: 1595 Zeilen gespeichert (price_prec=2, size_prec=2) → data.parquet
2026-07-13 13:45:18,483 | DEBUG    | api_backfiller | [api_backfiller] PYPL.ETORO: Precision-Fallback price_prec=2, size_prec=2
2026-07-13 13:45:18,676 | INFO     | api_backfiller | [api_backfiller] PYPL.ETORO: 116 Candles konvertiert (price_prec=2, size_prec=2).
2026-07-13 13:45:18,681 | DEBUG    | api_backfiller | [api_backfiller] PYPL.ETORO: 1878→1878 Zeilen (-0 Duplikate)
2026-07-13 13:45:18,683 | INFO     | api_backfiller | [api_backfiller] PYPL.ETORO: 1878 Zeilen gespeichert (price_prec=2, size_prec=2) → data.parquet
2026-07-13 13:45:19,794 | DEBUG    | api_backfiller | [api_backfiller] RBLX.ETORO: Precision-Fallback price_prec=2, size_prec=2
2026-07-13 13:45:19,947 | INFO     | api_backfiller | [api_backfiller] RBLX.ETORO: 35 Candles konvertiert (price_prec=2, size_prec=2).
2026-07-13 13:45:19,950 | DEBUG    | api_backfiller | [api_backfiller] RBLX.ETORO: 1530→1530 Zeilen (-0 Duplikate)
2026-07-13 13:45:19,951 | INFO     | api_backfiller | [api_backfiller] RBLX.ETORO: 1530 Zeilen gespeichert (price_prec=2, size_prec=2) → data.parquet
2026-07-13 13:45:21,064 | DEBUG    | api_backfiller | [api_backfiller] RHM.DE.ETORO: Precision-Fallback price_prec=2, size_prec=2
2026-07-13 13:45:21,240 | INFO     | api_backfiller | [api_backfiller] RHM.DE.ETORO: 45 Candles konvertiert (price_prec=2, size_prec=2).
2026-07-13 13:45:21,246 | DEBUG    | api_backfiller | [api_backfiller] RHM.DE.ETORO: 1668→1668 Zeilen (-0 Duplikate)
2026-07-13 13:45:21,249 | INFO     | api_backfiller | [api_backfiller] RHM.DE.ETORO: 1668 Zeilen gespeichert (price_prec=2, size_prec=2) → data.parquet
2026-07-13 13:45:22,361 | DEBUG    | api_backfiller | [api_backfiller] RIOT.ETORO: Precision-Fallback price_prec=2, size_prec=2
2026-07-13 13:45:22,503 | INFO     | api_backfiller | [api_backfiller] RIOT.ETORO: 115 Candles konvertiert (price_prec=2, size_prec=2).
2026-07-13 13:45:22,507 | DEBUG    | api_backfiller | [api_backfiller] RIOT.ETORO: 1870→1870 Zeilen (-0 Duplikate)
2026-07-13 13:45:22,510 | INFO     | api_backfiller | [api_backfiller] RIOT.ETORO: 1870 Zeilen gespeichert (price_prec=2, size_prec=2) → data.parquet
2026-07-13 13:45:23,617 | DEBUG    | api_backfiller | [api_backfiller] ROP.ZU.ETORO: Precision-Fallback price_prec=2, size_prec=2
2026-07-13 13:45:23,760 | INFO     | api_backfiller | [api_backfiller] ROP.ZU.ETORO: 45 Candles konvertiert (price_prec=2, size_prec=2).
2026-07-13 13:45:23,766 | DEBUG    | api_backfiller | [api_backfiller] ROP.ZU.ETORO: 1659→1659 Zeilen (-0 Duplikate)
2026-07-13 13:45:23,770 | INFO     | api_backfiller | [api_backfiller] ROP.ZU.ETORO: 1659 Zeilen gespeichert (price_prec=2, size_prec=2) → data.parquet
2026-07-13 13:45:24,882 | DEBUG    | api_backfiller | [api_backfiller] SE.ETORO: Precision-Fallback price_prec=2, size_prec=2
2026-07-13 13:45:25,029 | INFO     | api_backfiller | [api_backfiller] SE.ETORO: 35 Candles konvertiert (price_prec=2, size_prec=2).
2026-07-13 13:45:25,032 | DEBUG    | api_backfiller | [api_backfiller] SE.ETORO: 1594→1594 Zeilen (-0 Duplikate)
2026-07-13 13:45:25,034 | INFO     | api_backfiller | [api_backfiller] SE.ETORO: 1594 Zeilen gespeichert (price_prec=2, size_prec=2) → data.parquet
2026-07-13 13:45:26,142 | DEBUG    | api_backfiller | [api_backfiller] SEI.US.ETORO: Precision-Fallback price_prec=2, size_prec=2
2026-07-13 13:45:26,300 | INFO     | api_backfiller | [api_backfiller] SEI.US.ETORO: 35 Candles konvertiert (price_prec=2, size_prec=2).
2026-07-13 13:45:26,308 | DEBUG    | api_backfiller | [api_backfiller] SEI.US.ETORO: 1593→1593 Zeilen (-0 Duplikate)
2026-07-13 13:45:26,309 | INFO     | api_backfiller | [api_backfiller] SEI.US.ETORO: 1593 Zeilen gespeichert (price_prec=2, size_prec=2) → data.parquet
2026-07-13 13:45:27,553 | INFO     | api_backfiller | [api_backfiller] SHIBxM.ETORO: 168 Candles konvertiert (price_prec=8, size_prec=8).
2026-07-13 13:45:27,558 | DEBUG    | api_backfiller | [api_backfiller] SHIBxM.ETORO: 2339→2339 Zeilen (-0 Duplikate)
2026-07-13 13:45:27,560 | INFO     | api_backfiller | [api_backfiller] SHIBxM.ETORO: 2339 Zeilen gespeichert (price_prec=8, size_prec=8) → data.parquet
2026-07-13 13:45:28,668 | DEBUG    | api_backfiller | [api_backfiller] SMTC.ETORO: Precision-Fallback price_prec=2, size_prec=2
2026-07-13 13:45:28,916 | INFO     | api_backfiller | [api_backfiller] SMTC.ETORO: 35 Candles konvertiert (price_prec=2, size_prec=2).
2026-07-13 13:45:28,925 | DEBUG    | api_backfiller | [api_backfiller] SMTC.ETORO: 1595→1595 Zeilen (-0 Duplikate)
2026-07-13 13:45:28,926 | INFO     | api_backfiller | [api_backfiller] SMTC.ETORO: 1595 Zeilen gespeichert (price_prec=2, size_prec=2) → data.parquet
2026-07-13 13:45:30,038 | DEBUG    | api_backfiller | [api_backfiller] SNAP.ETORO: Precision-Fallback price_prec=2, size_prec=2
2026-07-13 13:45:30,247 | INFO     | api_backfiller | [api_backfiller] SNAP.ETORO: 116 Candles konvertiert (price_prec=2, size_prec=2).
2026-07-13 13:45:30,250 | DEBUG    | api_backfiller | [api_backfiller] SNAP.ETORO: 1875→1875 Zeilen (-0 Duplikate)
2026-07-13 13:45:30,255 | INFO     | api_backfiller | [api_backfiller] SNAP.ETORO: 1875 Zeilen gespeichert (price_prec=2, size_prec=2) → data.parquet
2026-07-13 13:45:31,579 | INFO     | api_backfiller | [api_backfiller] SOL.ETORO: 168 Candles konvertiert (price_prec=2, size_prec=8).
2026-07-13 13:45:31,588 | DEBUG    | api_backfiller | [api_backfiller] SOL.ETORO: 2339→2339 Zeilen (-0 Duplikate)
2026-07-13 13:45:31,590 | INFO     | api_backfiller | [api_backfiller] SOL.ETORO: 2339 Zeilen gespeichert (price_prec=2, size_prec=8) → data.parquet
2026-07-13 13:45:32,698 | DEBUG    | api_backfiller | [api_backfiller] SQM.ETORO: Precision-Fallback price_prec=2, size_prec=2
2026-07-13 13:45:32,826 | INFO     | api_backfiller | [api_backfiller] SQM.ETORO: 35 Candles konvertiert (price_prec=2, size_prec=2).
2026-07-13 13:45:32,833 | DEBUG    | api_backfiller | [api_backfiller] SQM.ETORO: 1594→1594 Zeilen (-0 Duplikate)
2026-07-13 13:45:32,835 | INFO     | api_backfiller | [api_backfiller] SQM.ETORO: 1594 Zeilen gespeichert (price_prec=2, size_prec=2) → data.parquet
2026-07-13 13:45:33,948 | DEBUG    | api_backfiller | [api_backfiller] STX.US.ETORO: Precision-Fallback price_prec=2, size_prec=2
2026-07-13 13:45:34,066 | INFO     | api_backfiller | [api_backfiller] STX.US.ETORO: 116 Candles konvertiert (price_prec=2, size_prec=2).
2026-07-13 13:45:34,070 | DEBUG    | api_backfiller | [api_backfiller] STX.US.ETORO: 1877→1877 Zeilen (-0 Duplikate)
2026-07-13 13:45:34,072 | INFO     | api_backfiller | [api_backfiller] STX.US.ETORO: 1877 Zeilen gespeichert (price_prec=2, size_prec=2) → data.parquet
2026-07-13 13:45:35,180 | DEBUG    | api_backfiller | [api_backfiller] TD.ETORO: Precision-Fallback price_prec=2, size_prec=2
2026-07-13 13:45:35,306 | INFO     | api_backfiller | [api_backfiller] TD.ETORO: 35 Candles konvertiert (price_prec=2, size_prec=2).
2026-07-13 13:45:35,310 | DEBUG    | api_backfiller | [api_backfiller] TD.ETORO: 1531→1531 Zeilen (-0 Duplikate)
2026-07-13 13:45:35,311 | INFO     | api_backfiller | [api_backfiller] TD.ETORO: 1531 Zeilen gespeichert (price_prec=2, size_prec=2) → data.parquet
2026-07-13 13:45:36,420 | DEBUG    | api_backfiller | [api_backfiller] TEAM.ETORO: Precision-Fallback price_prec=2, size_prec=2
2026-07-13 13:45:36,556 | INFO     | api_backfiller | [api_backfiller] TEAM.ETORO: 104 Candles konvertiert (price_prec=2, size_prec=2).
2026-07-13 13:45:36,573 | DEBUG    | api_backfiller | [api_backfiller] TEAM.ETORO: 1861→1861 Zeilen (-0 Duplikate)
2026-07-13 13:45:36,577 | INFO     | api_backfiller | [api_backfiller] TEAM.ETORO: 1861 Zeilen gespeichert (price_prec=2, size_prec=2) → data.parquet
2026-07-13 13:45:37,685 | DEBUG    | api_backfiller | [api_backfiller] TER.ETORO: Precision-Fallback price_prec=2, size_prec=2
2026-07-13 13:45:37,831 | INFO     | api_backfiller | [api_backfiller] TER.ETORO: 116 Candles konvertiert (price_prec=2, size_prec=2).
2026-07-13 13:45:37,836 | DEBUG    | api_backfiller | [api_backfiller] TER.ETORO: 1877→1877 Zeilen (-0 Duplikate)
2026-07-13 13:45:37,839 | INFO     | api_backfiller | [api_backfiller] TER.ETORO: 1877 Zeilen gespeichert (price_prec=2, size_prec=2) → data.parquet
2026-07-13 13:45:38,945 | DEBUG    | api_backfiller | [api_backfiller] TEVA.ETORO: Precision-Fallback price_prec=2, size_prec=2
2026-07-13 13:45:39,088 | INFO     | api_backfiller | [api_backfiller] TEVA.ETORO: 35 Candles konvertiert (price_prec=2, size_prec=2).
2026-07-13 13:45:39,098 | DEBUG    | api_backfiller | [api_backfiller] TEVA.ETORO: 1530→1530 Zeilen (-0 Duplikate)
2026-07-13 13:45:39,103 | INFO     | api_backfiller | [api_backfiller] TEVA.ETORO: 1530 Zeilen gespeichert (price_prec=2, size_prec=2) → data.parquet
2026-07-13 13:45:40,213 | DEBUG    | api_backfiller | [api_backfiller] TME.ETORO: Precision-Fallback price_prec=2, size_prec=2
2026-07-13 13:45:40,368 | INFO     | api_backfiller | [api_backfiller] TME.ETORO: 35 Candles konvertiert (price_prec=2, size_prec=2).
2026-07-13 13:45:40,371 | DEBUG    | api_backfiller | [api_backfiller] TME.ETORO: 1594→1594 Zeilen (-0 Duplikate)
2026-07-13 13:45:40,374 | INFO     | api_backfiller | [api_backfiller] TME.ETORO: 1594 Zeilen gespeichert (price_prec=2, size_prec=2) → data.parquet
2026-07-13 13:45:41,482 | DEBUG    | api_backfiller | [api_backfiller] TSEM.ETORO: Precision-Fallback price_prec=2, size_prec=2
2026-07-13 13:45:41,656 | INFO     | api_backfiller | [api_backfiller] TSEM.ETORO: 35 Candles konvertiert (price_prec=2, size_prec=2).
2026-07-13 13:45:41,664 | DEBUG    | api_backfiller | [api_backfiller] TSEM.ETORO: 1595→1595 Zeilen (-0 Duplikate)
2026-07-13 13:45:41,667 | INFO     | api_backfiller | [api_backfiller] TSEM.ETORO: 1595 Zeilen gespeichert (price_prec=2, size_prec=2) → data.parquet
2026-07-13 13:45:42,787 | DEBUG    | api_backfiller | [api_backfiller] TSLA.ETORO: Precision-Fallback price_prec=2, size_prec=2
2026-07-13 13:45:42,922 | INFO     | api_backfiller | [api_backfiller] TSLA.ETORO: 116 Candles konvertiert (price_prec=2, size_prec=2).
2026-07-13 13:45:42,931 | DEBUG    | api_backfiller | [api_backfiller] TSLA.ETORO: 1876→1876 Zeilen (-0 Duplikate)
2026-07-13 13:45:42,934 | INFO     | api_backfiller | [api_backfiller] TSLA.ETORO: 1876 Zeilen gespeichert (price_prec=2, size_prec=2) → data.parquet
2026-07-13 13:45:44,044 | DEBUG    | api_backfiller | [api_backfiller] TTD.ETORO: Precision-Fallback price_prec=2, size_prec=2
2026-07-13 13:45:44,178 | INFO     | api_backfiller | [api_backfiller] TTD.ETORO: 116 Candles konvertiert (price_prec=2, size_prec=2).
2026-07-13 13:45:44,183 | DEBUG    | api_backfiller | [api_backfiller] TTD.ETORO: 1878→1878 Zeilen (-0 Duplikate)
2026-07-13 13:45:44,185 | INFO     | api_backfiller | [api_backfiller] TTD.ETORO: 1878 Zeilen gespeichert (price_prec=2, size_prec=2) → data.parquet
2026-07-13 13:45:45,294 | DEBUG    | api_backfiller | [api_backfiller] TTMI.ETORO: Precision-Fallback price_prec=2, size_prec=2
2026-07-13 13:45:45,506 | INFO     | api_backfiller | [api_backfiller] TTMI.ETORO: 35 Candles konvertiert (price_prec=2, size_prec=2).
2026-07-13 13:45:45,509 | DEBUG    | api_backfiller | [api_backfiller] TTMI.ETORO: 1594→1594 Zeilen (-0 Duplikate)
2026-07-13 13:45:45,512 | INFO     | api_backfiller | [api_backfiller] TTMI.ETORO: 1594 Zeilen gespeichert (price_prec=2, size_prec=2) → data.parquet
2026-07-13 13:45:46,624 | DEBUG    | api_backfiller | [api_backfiller] UPST.ETORO: Precision-Fallback price_prec=2, size_prec=2
2026-07-13 13:45:46,837 | INFO     | api_backfiller | [api_backfiller] UPST.ETORO: 34 Candles konvertiert (price_prec=2, size_prec=2).
2026-07-13 13:45:46,840 | DEBUG    | api_backfiller | [api_backfiller] UPST.ETORO: 1530→1530 Zeilen (-0 Duplikate)
2026-07-13 13:45:46,841 | INFO     | api_backfiller | [api_backfiller] UPST.ETORO: 1530 Zeilen gespeichert (price_prec=2, size_prec=2) → data.parquet
2026-07-13 13:45:48,153 | INFO     | api_backfiller | [api_backfiller] USDTRY.ETORO: 120 Candles konvertiert (price_prec=5, size_prec=5).
2026-07-13 13:45:48,161 | DEBUG    | api_backfiller | [api_backfiller] USDTRY.ETORO: 1941→1941 Zeilen (-0 Duplikate)
2026-07-13 13:45:48,162 | INFO     | api_backfiller | [api_backfiller] USDTRY.ETORO: 1941 Zeilen gespeichert (price_prec=5, size_prec=5) → data.parquet
2026-07-13 13:45:49,502 | INFO     | api_backfiller | [api_backfiller] USDZAR.ETORO: 120 Candles konvertiert (price_prec=5, size_prec=5).
2026-07-13 13:45:49,505 | DEBUG    | api_backfiller | [api_backfiller] USDZAR.ETORO: 1941→1941 Zeilen (-0 Duplikate)
2026-07-13 13:45:49,507 | INFO     | api_backfiller | [api_backfiller] USDZAR.ETORO: 1941 Zeilen gespeichert (price_prec=5, size_prec=5) → data.parquet
2026-07-13 13:45:50,620 | DEBUG    | api_backfiller | [api_backfiller] VLO.ETORO: Precision-Fallback price_prec=2, size_prec=2
2026-07-13 13:45:50,831 | INFO     | api_backfiller | [api_backfiller] VLO.ETORO: 84 Candles konvertiert (price_prec=2, size_prec=2).
2026-07-13 13:45:50,834 | DEBUG    | api_backfiller | [api_backfiller] VLO.ETORO: 1710→1710 Zeilen (-0 Duplikate)
2026-07-13 13:45:50,838 | INFO     | api_backfiller | [api_backfiller] VLO.ETORO: 1710 Zeilen gespeichert (price_prec=2, size_prec=2) → data.parquet
2026-07-13 13:45:51,947 | DEBUG    | api_backfiller | [api_backfiller] VRT.ETORO: Precision-Fallback price_prec=2, size_prec=2
2026-07-13 13:45:52,223 | INFO     | api_backfiller | [api_backfiller] VRT.ETORO: 35 Candles konvertiert (price_prec=2, size_prec=2).
2026-07-13 13:45:52,226 | DEBUG    | api_backfiller | [api_backfiller] VRT.ETORO: 1594→1594 Zeilen (-0 Duplikate)
2026-07-13 13:45:52,228 | INFO     | api_backfiller | [api_backfiller] VRT.ETORO: 1594 Zeilen gespeichert (price_prec=2, size_prec=2) → data.parquet
2026-07-13 13:45:53,340 | DEBUG    | api_backfiller | [api_backfiller] VSH.ETORO: Precision-Fallback price_prec=2, size_prec=2
2026-07-13 13:45:53,473 | INFO     | api_backfiller | [api_backfiller] VSH.ETORO: 35 Candles konvertiert (price_prec=2, size_prec=2).
2026-07-13 13:45:53,480 | DEBUG    | api_backfiller | [api_backfiller] VSH.ETORO: 1531→1531 Zeilen (-0 Duplikate)
2026-07-13 13:45:53,482 | INFO     | api_backfiller | [api_backfiller] VSH.ETORO: 1531 Zeilen gespeichert (price_prec=2, size_prec=2) → data.parquet
2026-07-13 13:45:54,592 | DEBUG    | api_backfiller | [api_backfiller] WBD.ETORO: Precision-Fallback price_prec=2, size_prec=2
2026-07-13 13:45:54,825 | INFO     | api_backfiller | [api_backfiller] WBD.ETORO: 106 Candles konvertiert (price_prec=2, size_prec=2).
2026-07-13 13:45:54,833 | DEBUG    | api_backfiller | [api_backfiller] WBD.ETORO: 1849→1849 Zeilen (-0 Duplikate)
2026-07-13 13:45:54,834 | INFO     | api_backfiller | [api_backfiller] WBD.ETORO: 1849 Zeilen gespeichert (price_prec=2, size_prec=2) → data.parquet
2026-07-13 13:45:55,946 | DEBUG    | api_backfiller | [api_backfiller] WDAY.ETORO: Precision-Fallback price_prec=2, size_prec=2
2026-07-13 13:45:56,156 | INFO     | api_backfiller | [api_backfiller] WDAY.ETORO: 101 Candles konvertiert (price_prec=2, size_prec=2).
2026-07-13 13:45:56,168 | DEBUG    | api_backfiller | [api_backfiller] WDAY.ETORO: 1843→1843 Zeilen (-0 Duplikate)
2026-07-13 13:45:56,173 | INFO     | api_backfiller | [api_backfiller] WDAY.ETORO: 1843 Zeilen gespeichert (price_prec=2, size_prec=2) → data.parquet
2026-07-13 13:45:57,285 | DEBUG    | api_backfiller | [api_backfiller] WDC.ETORO: Precision-Fallback price_prec=2, size_prec=2
2026-07-13 13:45:57,491 | INFO     | api_backfiller | [api_backfiller] WDC.ETORO: 116 Candles konvertiert (price_prec=2, size_prec=2).
2026-07-13 13:45:57,496 | DEBUG    | api_backfiller | [api_backfiller] WDC.ETORO: 1878→1878 Zeilen (-0 Duplikate)
2026-07-13 13:45:57,501 | INFO     | api_backfiller | [api_backfiller] WDC.ETORO: 1878 Zeilen gespeichert (price_prec=2, size_prec=2) → data.parquet
2026-07-13 13:45:58,610 | DEBUG    | api_backfiller | [api_backfiller] WIX.ETORO: Precision-Fallback price_prec=2, size_prec=2
2026-07-13 13:45:59,035 | INFO     | api_backfiller | [api_backfiller] WIX.ETORO: 35 Candles konvertiert (price_prec=2, size_prec=2).
2026-07-13 13:45:59,038 | DEBUG    | api_backfiller | [api_backfiller] WIX.ETORO: 1595→1595 Zeilen (-0 Duplikate)
2026-07-13 13:45:59,040 | INFO     | api_backfiller | [api_backfiller] WIX.ETORO: 1595 Zeilen gespeichert (price_prec=2, size_prec=2) → data.parquet
2026-07-13 13:46:00,151 | DEBUG    | api_backfiller | [api_backfiller] XPEV.ETORO: Precision-Fallback price_prec=2, size_prec=2
2026-07-13 13:46:00,315 | INFO     | api_backfiller | [api_backfiller] XPEV.ETORO: 35 Candles konvertiert (price_prec=2, size_prec=2).
2026-07-13 13:46:00,320 | DEBUG    | api_backfiller | [api_backfiller] XPEV.ETORO: 1594→1594 Zeilen (-0 Duplikate)
2026-07-13 13:46:00,322 | INFO     | api_backfiller | [api_backfiller] XPEV.ETORO: 1594 Zeilen gespeichert (price_prec=2, size_prec=2) → data.parquet
2026-07-13 13:46:01,573 | INFO     | api_backfiller | [api_backfiller] XRP.ETORO: 168 Candles konvertiert (price_prec=2, size_prec=8).
2026-07-13 13:46:01,581 | DEBUG    | api_backfiller | [api_backfiller] XRP.ETORO: 2339→2339 Zeilen (-0 Duplikate)
2026-07-13 13:46:01,586 | INFO     | api_backfiller | [api_backfiller] XRP.ETORO: 2339 Zeilen gespeichert (price_prec=2, size_prec=8) → data.parquet
2026-07-13 13:46:02,699 | DEBUG    | api_backfiller | [api_backfiller] Z.ETORO: Precision-Fallback price_prec=2, size_prec=2
2026-07-13 13:46:02,843 | INFO     | api_backfiller | [api_backfiller] Z.ETORO: 35 Candles konvertiert (price_prec=2, size_prec=2).
2026-07-13 13:46:02,847 | DEBUG    | api_backfiller | [api_backfiller] Z.ETORO: 1530→1530 Zeilen (-0 Duplikate)
2026-07-13 13:46:02,851 | INFO     | api_backfiller | [api_backfiller] Z.ETORO: 1530 Zeilen gespeichert (price_prec=2, size_prec=2) → data.parquet
2026-07-13 13:46:03,959 | DEBUG    | api_backfiller | [api_backfiller] ZS.ETORO: Precision-Fallback price_prec=2, size_prec=2
2026-07-13 13:46:04,120 | INFO     | api_backfiller | [api_backfiller] ZS.ETORO: 114 Candles konvertiert (price_prec=2, size_prec=2).
2026-07-13 13:46:04,124 | DEBUG    | api_backfiller | [api_backfiller] ZS.ETORO: 1875→1875 Zeilen (-0 Duplikate)
2026-07-13 13:46:04,126 | INFO     | api_backfiller | [api_backfiller] ZS.ETORO: 1875 Zeilen gespeichert (price_prec=2, size_prec=2) → data.parquet
2026-07-13 13:46:05,237 | DEBUG    | api_backfiller | [api_backfiller] ZTS.ETORO: Precision-Fallback price_prec=2, size_prec=2
2026-07-13 13:46:05,907 | INFO     | api_backfiller | [api_backfiller] ZTS.ETORO: 114 Candles konvertiert (price_prec=2, size_prec=2).
2026-07-13 13:46:05,911 | DEBUG    | api_backfiller | [api_backfiller] ZTS.ETORO: 1856→1856 Zeilen (-0 Duplikate)
2026-07-13 13:46:05,912 | INFO     | api_backfiller | [api_backfiller] ZTS.ETORO: 1856 Zeilen gespeichert (price_prec=2, size_prec=2) → data.parquet
2026-07-13 13:46:07,014 | INFO     | api_backfiller | [api_backfiller] Backfill abgeschlossen: 126 Symbole befüllt.
2026-07-13 13:46:07,015 | INFO     | orchestrator | [Phase 2c] API-Backfill: 126 Symbole befüllt.
2026-07-13 13:46:07,120 | INFO     | historical_fetcher | [NTSK.ETORO] Inception-Bound-Check erfolgreich: Volle historische Tiefe (2025-09-18) liegt vor.
2026-07-13 13:46:07,181 | INFO     | historical_fetcher | [ESLT.ETORO] Inception-Bound-Check erfolgreich: Volle historische Tiefe (2025-11-20) liegt vor.
2026-07-13 13:46:07,197 | INFO     | historical_fetcher | [AERO.ETORO] Inception-Bound-Check erfolgreich: Volle historische Tiefe (2025-04-17) liegt vor.
2026-07-13 13:46:07,200 | INFO     | historical_fetcher | [HYPE.ETORO] Inception-Bound-Check erfolgreich: Volle historische Tiefe (2025-04-09) liegt vor.
2026-07-13 13:46:07,223 | INFO     | orchestrator | [Phase 2d] Alle Symbole haben ausreichend Daten — Historical Fetcher übersprungen.
2026-07-13 13:46:07,223 | INFO     | orchestrator | [JSON_EVENT] {"event_type": "PHASE2D_COMPLETE", "timestamp_utc": "2026-07-13T11:46:07.223585+00:00", "insufficient_count": 0, "hist_filled_count": 0}
2026-07-13 13:46:07,223 | INFO     | orchestrator | [JSON_EVENT] {"event_type": "PHASE2_COMPLETE", "timestamp_utc": "2026-07-13T11:46:07.223795+00:00", "merged_instruments": 0, "zips_deleted": 0, "api_filled_count": 126, "hist_filled_count": 0}
2026-07-13 13:46:07,223 | INFO     | orchestrator | ════════════════════════════════════════════════════════════
2026-07-13 13:46:07,224 | INFO     | orchestrator | PHASE 3+4: Matrix-Backtesting & Tournament
2026-07-13 13:46:07,224 | INFO     | orchestrator | ════════════════════════════════════════════════════════════
2026-07-13 13:46:07,228 | INFO     | orchestrator | [Phase 3] Dynamische Config: /home/user/etoro_nautilus/logs/backtest_dynamic_config.json
2026-07-13 13:46:07,229 | INFO     | orchestrator | [Phase 3] Backtest-Kommando: /home/user/etoro_nautilus/venv/bin/python3 /home/user/etoro_nautilus/automation/backtest_runner.py --momentum --catalog-path /home/user/etoro_nautilus/data/nautilus --config /home/user/etoro_nautilus/logs/backtest_dynamic_config.json --output /home/user/etoro_nautilus/logs/tournament_2026-07-13.json
2026-07-13 13:46:07,229 | INFO     | orchestrator | [JSON_EVENT] {"event_type": "BACKTEST_START", "timestamp_utc": "2026-07-13T11:46:07.229269+00:00", "start": "2025-07-18T00:00:00Z", "end": "2026-07-13T00:00:00Z", "walk_forward_active": true}
2026-07-13 13:59:56,973 | INFO     | orchestrator | [Phase 3] Backtest beendet (Exit-Code: 0).
